android	Set up job	﻿2026-10-05T10:55:31.9484306Z Current runner version: '2.337.0'
android	Set up job	2026-10-05T10:55:31.9509525Z ##[group]Runner Image Provisioner
android	Set up job	2026-10-05T10:55:31.9510466Z Hosted Compute Agent
android	Set up job	2026-10-05T10:55:31.9511057Z Version: 20260901.588
android	Set up job	2026-10-05T10:55:31.9511884Z Commit: f88ec8081b781fac6c440065ac7ff9e710ce3d0b
android	Set up job	2026-10-05T10:55:31.9512618Z Build Date: 2026-09-01T19:56:44Z
android	Set up job	2026-10-05T10:55:31.9513352Z Worker ID: {52756a53-9a83-44aa-8bdf-e2adb7bbc8ac}
android	Set up job	2026-10-05T10:55:31.9514090Z Azure Region: westus
android	Set up job	2026-10-05T10:55:31.9514642Z ##[endgroup]
android	Set up job	2026-10-05T10:55:31.9516293Z ##[group]Operating System
android	Set up job	2026-10-05T10:55:31.9516957Z Ubuntu
android	Set up job	2026-10-05T10:55:31.9517541Z 24.04.5
android	Set up job	2026-10-05T10:55:31.9518073Z LTS
android	Set up job	2026-10-05T10:55:31.9518581Z ##[endgroup]
android	Set up job	2026-10-05T10:55:31.9519586Z ##[group]Runner Image
android	Set up job	2026-10-05T10:55:31.9520229Z Image: ubuntu-24.04
android	Set up job	2026-10-05T10:55:31.9520881Z Version: 20260927.320.1
android	Set up job	2026-10-05T10:55:31.9522019Z Included Software: https://github.com/actions/runner-images/blob/ubuntu24/20260927.320/images/ubuntu/Ubuntu2404-Readme.md
android	Set up job	2026-10-05T10:55:31.9523903Z Image Release: https://github.com/actions/runner-images/releases/tag/ubuntu24%2F20260927.320
android	Set up job	2026-10-05T10:55:31.9524928Z ##[endgroup]
android	Set up job	2026-10-05T10:55:31.9526142Z ##[group]GITHUB_TOKEN Permissions
android	Set up job	2026-10-05T10:55:31.9528066Z Contents: read
android	Set up job	2026-10-05T10:55:31.9529080Z Metadata: read
android	Set up job	2026-10-05T10:55:31.9529771Z Packages: read
android	Set up job	2026-10-05T10:55:31.9530327Z ##[endgroup]
android	Set up job	2026-10-05T10:55:31.9532509Z Secret source: Actions
android	Set up job	2026-10-05T10:55:31.9533551Z Cache mode: write
android	Set up job	2026-10-05T10:55:31.9534327Z Prepare workflow directory
android	Set up job	2026-10-05T10:55:31.9886685Z Prepare all required actions
android	Set up job	2026-10-05T10:55:31.9955532Z Getting action download info
android	Set up job	2026-10-05T10:55:32.4195502Z Download action repository 'actions/checkout@v4' (SHA:11d5960a326750d5838078e36cf38b85af677262)
android	Set up job	2026-10-05T10:55:32.5135103Z Download action repository 'actions/setup-java@v4' (SHA:cf277c60eb25467037889841efdb72551f06f6c3)
android	Set up job	2026-10-05T10:55:33.0816219Z Download action repository 'android-actions/setup-android@v3' (SHA:9fc6c4e9069bf8d3d10b2204b1fb8f6ef7065407)
android	Set up job	2026-10-05T10:55:33.4402531Z Download action repository 'gradle/actions@v4' (SHA:ed408507eac070d1f99cc633dbcf757c94c7933a)
android	Set up job	2026-10-05T10:55:34.3888215Z Download action repository 'actions/upload-artifact@v4' (SHA:ea165f8d65b6e75b540449e92b4886f43607fa02)
android	Set up job	2026-10-05T10:55:34.6598820Z Complete job name: android
android	Run actions/checkout@v4	﻿2026-10-05T10:55:34.7649185Z ##[group]Run actions/checkout@v4
android	Run actions/checkout@v4	2026-10-05T10:55:34.7650687Z with:
android	Run actions/checkout@v4	2026-10-05T10:55:34.7651576Z   repository: zhiheng-zhang-Mera/utopia
android	Run actions/checkout@v4	2026-10-05T10:55:34.7661212Z   token: [REDACTED]
android	Run actions/checkout@v4	2026-10-05T10:55:34.7662074Z   ssh-strict: true
android	Run actions/checkout@v4	2026-10-05T10:55:34.7662935Z   ssh-user: git
android	Run actions/checkout@v4	2026-10-05T10:55:34.7663801Z   persist-credentials: true
android	Run actions/checkout@v4	2026-10-05T10:55:34.7664767Z   clean: true
android	Run actions/checkout@v4	2026-10-05T10:55:34.7665646Z   sparse-checkout-cone-mode: true
android	Run actions/checkout@v4	2026-10-05T10:55:34.7666700Z   fetch-depth: 1
android	Run actions/checkout@v4	2026-10-05T10:55:34.7667548Z   fetch-tags: false
android	Run actions/checkout@v4	2026-10-05T10:55:34.7668414Z   show-progress: true
android	Run actions/checkout@v4	2026-10-05T10:55:34.7669635Z   lfs: false
android	Run actions/checkout@v4	2026-10-05T10:55:34.7670447Z   submodules: false
android	Run actions/checkout@v4	2026-10-05T10:55:34.7671347Z   set-safe-directory: true
android	Run actions/checkout@v4	2026-10-05T10:55:34.7672350Z   allow-unsafe-pr-checkout: false
android	Run actions/checkout@v4	2026-10-05T10:55:34.7673691Z ##[endgroup]
android	Run actions/checkout@v4	2026-10-05T10:55:34.8720921Z Syncing repository: zhiheng-zhang-Mera/utopia
android	Run actions/checkout@v4	2026-10-05T10:55:34.8724120Z ##[group]Getting Git version info
android	Run actions/checkout@v4	2026-10-05T10:55:34.8725715Z Working directory is '/home/runner/work/utopia/utopia'
android	Run actions/checkout@v4	2026-10-05T10:55:34.8727931Z [command]/usr/bin/git version
android	Run actions/checkout@v4	2026-10-05T10:55:34.8830361Z git version 2.55.0
android	Run actions/checkout@v4	2026-10-05T10:55:34.8864725Z ##[endgroup]
android	Run actions/checkout@v4	2026-10-05T10:55:34.8886102Z Temporarily overriding HOME='/home/runner/work/_temp/3faa6d51-adb6-4d0e-80ba-118c93b67f50' before making global git config changes
android	Run actions/checkout@v4	2026-10-05T10:55:34.8891212Z Adding repository directory to the temporary git global config as a safe directory
android	Run actions/checkout@v4	2026-10-05T10:55:34.8895483Z [command]/usr/bin/git config --global --add safe.directory /home/runner/work/utopia/utopia
android	Run actions/checkout@v4	2026-10-05T10:55:34.8943622Z Deleting the contents of '/home/runner/work/utopia/utopia'
android	Run actions/checkout@v4	2026-10-05T10:55:34.8953515Z ##[group]Initializing the repository
android	Run actions/checkout@v4	2026-10-05T10:55:34.8956383Z [command]/usr/bin/git init /home/runner/work/utopia/utopia
android	Run actions/checkout@v4	2026-10-05T10:55:34.9067239Z hint: Using 'master' as the name for the initial branch. This default branch name
android	Run actions/checkout@v4	2026-10-05T10:55:34.9070390Z hint: will change to "main" in Git 3.0. To configure the initial branch name
android	Run actions/checkout@v4	2026-10-05T10:55:34.9073631Z hint: to use in all of your new repositories, which will suppress this warning,
android	Run actions/checkout@v4	2026-10-05T10:55:34.9075825Z hint: call:
android	Run actions/checkout@v4	2026-10-05T10:55:34.9077353Z hint:
android	Run actions/checkout@v4	2026-10-05T10:55:34.9090455Z hint: 	git config --global init.defaultBranch <name>
android	Run actions/checkout@v4	2026-10-05T10:55:34.9092867Z hint:
android	Run actions/checkout@v4	2026-10-05T10:55:34.9095344Z hint: Names commonly chosen instead of 'master' are 'main', 'trunk' and
android	Run actions/checkout@v4	2026-10-05T10:55:34.9098354Z hint: 'development'. The just-created branch can be renamed via this command:
android	Run actions/checkout@v4	2026-10-05T10:55:34.9101339Z hint:
android	Run actions/checkout@v4	2026-10-05T10:55:34.9103004Z hint: 	git branch -m <name>
android	Run actions/checkout@v4	2026-10-05T10:55:34.9104918Z hint:
android	Run actions/checkout@v4	2026-10-05T10:55:34.9107595Z hint: Disable this message with "git config set advice.defaultBranchName false"
android	Run actions/checkout@v4	2026-10-05T10:55:34.9111605Z Initialized empty Git repository in /home/runner/work/utopia/utopia/.git/
android	Run actions/checkout@v4	2026-10-05T10:55:34.9117361Z [command]/usr/bin/git remote add origin https://github.com/zhiheng-zhang-Mera/utopia
android	Run actions/checkout@v4	2026-10-05T10:55:34.9145871Z ##[endgroup]
android	Run actions/checkout@v4	2026-10-05T10:55:34.9148213Z ##[group]Disabling automatic garbage collection
android	Run actions/checkout@v4	2026-10-05T10:55:34.9150648Z [command]/usr/bin/git config --local gc.auto 0
android	Run actions/checkout@v4	2026-10-05T10:55:34.9191182Z ##[endgroup]
android	Run actions/checkout@v4	2026-10-05T10:55:34.9194182Z ##[group]Setting up auth
android	Run actions/checkout@v4	2026-10-05T10:55:34.9197660Z [command]/usr/bin/git config --local --name-only --get-regexp core\.sshCommand
android	Run actions/checkout@v4	2026-10-05T10:55:34.9246443Z [command]/usr/bin/git submodule foreach --recursive sh -c "git config --local --name-only --get-regexp 'core\.sshCommand' && git config --local --unset-all 'core.sshCommand' || :"
android	Run actions/checkout@v4	2026-10-05T10:55:34.9670023Z [command]/usr/bin/git config --local --name-only --get-regexp http\.https\:\/\/github\.com\/\.extraheader
android	Run actions/checkout@v4	2026-10-05T10:55:34.9709792Z [command]/usr/bin/git submodule foreach --recursive sh -c "git config --local --name-only --get-regexp 'http\.https\:\/\/github\.com\/\.extraheader' && git config --local --unset-all 'http.https://github.com/.extraheader' || :"
android	Run actions/checkout@v4	2026-10-05T10:55:34.9932614Z [command]/usr/bin/git config --local --name-only --get-regexp ^includeIf\.gitdir:
android	Run actions/checkout@v4	2026-10-05T10:55:34.9968166Z [command]/usr/bin/git submodule foreach --recursive git config --local --show-origin --name-only --get-regexp remote.origin.url
android	Run actions/checkout@v4	2026-10-05T10:55:35.0192415Z [command]/usr/bin/git config --local http.https://github.com/.extraheader AUTHORIZATION: basic ***
android	Run actions/checkout@v4	2026-10-05T10:55:35.0234131Z ##[endgroup]
android	Run actions/checkout@v4	2026-10-05T10:55:35.0236466Z ##[group]Fetching the repository
android	Run actions/checkout@v4	2026-10-05T10:55:35.0244449Z [command]/usr/bin/git -c protocol.version=2 fetch --no-tags --prune --no-recurse-submodules --depth=1 origin +acf9d65e40c0bbd8061db21a9c6c57b90bed3da0:refs/remotes/pull/28/merge
android	Run actions/checkout@v4	2026-10-05T10:55:36.1982629Z From https://github.com/zhiheng-zhang-Mera/utopia
android	Run actions/checkout@v4	2026-10-05T10:55:36.1983494Z  * [new ref]         acf9d65e40c0bbd8061db21a9c6c57b90bed3da0 -> pull/28/merge
android	Run actions/checkout@v4	2026-10-05T10:55:36.1985943Z ##[endgroup]
android	Run actions/checkout@v4	2026-10-05T10:55:36.1986489Z ##[group]Determining the checkout info
android	Run actions/checkout@v4	2026-10-05T10:55:36.1989201Z ##[endgroup]
android	Run actions/checkout@v4	2026-10-05T10:55:36.1995454Z [command]/usr/bin/git sparse-checkout disable
android	Run actions/checkout@v4	2026-10-05T10:55:36.2051804Z [command]/usr/bin/git config --local --unset-all extensions.worktreeConfig
android	Run actions/checkout@v4	2026-10-05T10:55:36.2118305Z ##[group]Checking out the ref
android	Run actions/checkout@v4	2026-10-05T10:55:36.2122190Z [command]/usr/bin/git checkout --progress --force refs/remotes/pull/28/merge
android	Run actions/checkout@v4	2026-10-05T10:55:36.3639501Z Note: switching to 'refs/remotes/pull/28/merge'.
android	Run actions/checkout@v4	2026-10-05T10:55:36.3640078Z 
android	Run actions/checkout@v4	2026-10-05T10:55:36.3640478Z You are in 'detached HEAD' state. You can look around, make experimental
android	Run actions/checkout@v4	2026-10-05T10:55:36.3641372Z changes and commit them, and you can discard any commits you make in this
android	Run actions/checkout@v4	2026-10-05T10:55:36.3642251Z state without impacting any branches by switching back to a branch.
android	Run actions/checkout@v4	2026-10-05T10:55:36.3643056Z 
android	Run actions/checkout@v4	2026-10-05T10:55:36.3643419Z If you want to create a new branch to retain commits you create, you may
android	Run actions/checkout@v4	2026-10-05T10:55:36.3644206Z do so (now or later) by using -c with the switch command. Example:
android	Run actions/checkout@v4	2026-10-05T10:55:36.3644666Z 
android	Run actions/checkout@v4	2026-10-05T10:55:36.3644856Z   git switch -c <new-branch-name>
android	Run actions/checkout@v4	2026-10-05T10:55:36.3645167Z 
android	Run actions/checkout@v4	2026-10-05T10:55:36.3645346Z Or undo this operation with:
android	Run actions/checkout@v4	2026-10-05T10:55:36.3645681Z 
android	Run actions/checkout@v4	2026-10-05T10:55:36.3645840Z   git switch -
android	Run actions/checkout@v4	2026-10-05T10:55:36.3646063Z 
android	Run actions/checkout@v4	2026-10-05T10:55:36.3646446Z Turn off this advice by setting config variable advice.detachedHead to false
android	Run actions/checkout@v4	2026-10-05T10:55:36.3646981Z 
android	Run actions/checkout@v4	2026-10-05T10:55:36.3647591Z HEAD is now at acf9d65 Merge 0ea9203d3409a59194675d48d93950c7af9fb92f into d3262ce2dd81e51a53e39e6f9add8dee650a7682
android	Run actions/checkout@v4	2026-10-05T10:55:36.3655757Z ##[endgroup]
android	Run actions/checkout@v4	2026-10-05T10:55:36.3704264Z [command]/usr/bin/git log -1 --format=%H
android	Run actions/checkout@v4	2026-10-05T10:55:36.3731959Z acf9d65e40c0bbd8061db21a9c6c57b90bed3da0
android	Run actions/setup-java@v4	﻿2026-10-05T10:55:36.4057931Z ##[group]Run actions/setup-java@v4
android	Run actions/setup-java@v4	2026-10-05T10:55:36.4058290Z with:
android	Run actions/setup-java@v4	2026-10-05T10:55:36.4058528Z   distribution: temurin
android	Run actions/setup-java@v4	2026-10-05T10:55:36.4058963Z   java-version: 21
android	Run actions/setup-java@v4	2026-10-05T10:55:36.4059191Z   java-package: jdk
android	Run actions/setup-java@v4	2026-10-05T10:55:36.4059419Z   check-latest: false
android	Run actions/setup-java@v4	2026-10-05T10:55:36.4059639Z   server-id: github
android	Run actions/setup-java@v4	2026-10-05T10:55:36.4059863Z   server-username: GITHUB_ACTOR
android	Run actions/setup-java@v4	2026-10-05T10:55:36.4060133Z   server-password: [REDACTED]
android	Run actions/setup-java@v4	2026-10-05T10:55:36.4060387Z   overwrite-settings: true
android	Run actions/setup-java@v4	2026-10-05T10:55:36.4060627Z   job-status: success
android	Run actions/setup-java@v4	2026-10-05T10:55:36.4063289Z   token: [REDACTED]
android	Run actions/setup-java@v4	2026-10-05T10:55:36.4063505Z ##[endgroup]
android	Run actions/setup-java@v4	2026-10-05T10:55:36.5743084Z ##[warning]setup-java v4 is deprecated and will no longer receive updates. Please migrate to actions/setup-java@v5.
android	Run actions/setup-java@v4	2026-10-05T10:55:36.5750089Z ##[group]Installed distributions
android	Run actions/setup-java@v4	2026-10-05T10:55:36.5789352Z Resolved Java 21.0.12+1 from tool-cache
android	Run actions/setup-java@v4	2026-10-05T10:55:36.5789940Z Setting Java 21.0.12+1 as the default
android	Run actions/setup-java@v4	2026-10-05T10:55:36.5800933Z (node:2349) [DEP0040] DeprecationWarning: The `punycode` module is deprecated. Please use a userland alternative instead.
android	Run actions/setup-java@v4	2026-10-05T10:55:36.5801766Z (Use `node --trace-deprecation ...` to show where the warning was created)
android	Run actions/setup-java@v4	2026-10-05T10:55:36.5804838Z Creating toolchains.xml for JDK version 21 from temurin
android	Run actions/setup-java@v4	2026-10-05T10:55:36.5883038Z Writing to /home/runner/.m2/toolchains.xml
android	Run actions/setup-java@v4	2026-10-05T10:55:36.5883696Z 
android	Run actions/setup-java@v4	2026-10-05T10:55:36.5883969Z Java configuration:
android	Run actions/setup-java@v4	2026-10-05T10:55:36.5884465Z   Distribution: temurin
android	Run actions/setup-java@v4	2026-10-05T10:55:36.5884932Z   Version: 21.0.12+1
android	Run actions/setup-java@v4	2026-10-05T10:55:36.5885575Z   Path: /opt/hostedtoolcache/Java_Temurin-Hotspot_jdk/21.0.12-1/x64
android	Run actions/setup-java@v4	2026-10-05T10:55:36.5886139Z 
android	Run actions/setup-java@v4	2026-10-05T10:55:36.5886667Z ##[endgroup]
android	Run actions/setup-java@v4	2026-10-05T10:55:36.5903368Z Creating settings.xml with server-id: github
android	Run actions/setup-java@v4	2026-10-05T10:55:36.5940267Z Writing to /home/runner/.m2/settings.xml
android	Run android-actions/setup-android@v3	﻿2026-10-05T10:55:36.6109264Z ##[group]Run android-actions/setup-android@v3
android	Run android-actions/setup-android@v3	2026-10-05T10:55:36.6109665Z with:
android	Run android-actions/setup-android@v3	2026-10-05T10:55:36.6109893Z   packages: platform-tools
android	Run android-actions/setup-android@v3	2026-10-05T10:55:36.6110203Z   log-accepted-android-sdk-licenses: false
android	Run android-actions/setup-android@v3	2026-10-05T10:55:36.6110521Z   cmdline-tools-version: 12266719
android	Run android-actions/setup-android@v3	2026-10-05T10:55:36.6110813Z   accept-android-sdk-licenses: true
android	Run android-actions/setup-android@v3	2026-10-05T10:55:36.6111095Z env:
android	Run android-actions/setup-android@v3	2026-10-05T10:55:36.6111414Z   JAVA_HOME: /opt/hostedtoolcache/Java_Temurin-Hotspot_jdk/21.0.12-1/x64
android	Run android-actions/setup-android@v3	2026-10-05T10:55:36.6111935Z   JAVA_HOME_21_X64: /opt/hostedtoolcache/Java_Temurin-Hotspot_jdk/21.0.12-1/x64
android	Run android-actions/setup-android@v3	2026-10-05T10:55:36.6112332Z ##[endgroup]
android	Run android-actions/setup-android@v3	2026-10-05T10:55:36.6978987Z Found preinstalled sdkmanager in /usr/local/lib/android/sdk/cmdline-tools/latest with following source.properties:
android	Run android-actions/setup-android@v3	2026-10-05T10:55:36.6980642Z Pkg.Revision=12.0
android	Run android-actions/setup-android@v3	2026-10-05T10:55:36.6981310Z Pkg.Path=cmdline-tools;12.0
android	Run android-actions/setup-android@v3	2026-10-05T10:55:36.6982042Z Pkg.Desc=Android SDK Command-line Tools
android	Run android-actions/setup-android@v3	2026-10-05T10:55:36.6982565Z 
android	Run android-actions/setup-android@v3	2026-10-05T10:55:36.6982928Z Wrong version in preinstalled sdkmanager
android	Run android-actions/setup-android@v3	2026-10-05T10:55:36.6984445Z Downloading commandline tools from https://dl.google.com/android/repository/commandlinetools-linux-12266719_latest.zip
android	Run android-actions/setup-android@v3	2026-10-05T10:55:37.7268604Z [command]/usr/bin/unzip -o -q /home/runner/work/_temp/13994a6e-28d5-4860-86f2-515d3ef40beb
android	Run android-actions/setup-android@v3	2026-10-05T10:55:38.4954373Z Accepting Android SDK licenses
android	Run android-actions/setup-android@v3	2026-10-05T10:55:41.4987617Z [command]/usr/local/lib/android/sdk/cmdline-tools/16.0/bin/sdkmanager platform-tools
android	Run android-actions/setup-android@v3	2026-10-05T10:55:42.2849572Z Loading package information...                                                  
android	Run android-actions/setup-android@v3	2026-10-05T10:55:42.3680163Z Loading local repository...                                                     
android	Run android-actions/setup-android@v3	2026-10-05T10:55:42.3681480Z [                                       ] 3% Loading local repository...        
android	Run android-actions/setup-android@v3	2026-10-05T10:55:42.3717495Z [                                       ] 3% Fetch remote repository...         
android	Run android-actions/setup-android@v3	2026-10-05T10:55:42.7853748Z [=                                      ] 3% Fetch remote repository...         
android	Run android-actions/setup-android@v3	2026-10-05T10:55:42.8617636Z [=                                      ] 4% Fetch remote repository...         
android	Run android-actions/setup-android@v3	2026-10-05T10:55:42.9003046Z [=                                      ] 5% Fetch remote repository...         
android	Run android-actions/setup-android@v3	2026-10-05T10:55:42.9710523Z [==                                     ] 5% Fetch remote repository...         
android	Run android-actions/setup-android@v3	2026-10-05T10:55:43.0742979Z [==                                     ] 6% Fetch remote repository...         
android	Run android-actions/setup-android@v3	2026-10-05T10:55:43.1415850Z [==                                     ] 7% Fetch remote repository...         
android	Run android-actions/setup-android@v3	2026-10-05T10:55:43.1425460Z [==                                     ] 7% Computing updates...               
android	Run android-actions/setup-android@v3	2026-10-05T10:55:43.1589870Z [===                                    ] 8% Computing updates...               
android	Run android-actions/setup-android@v3	2026-10-05T10:55:43.1627654Z [===                                    ] 10% Computing updates...              
android	Run android-actions/setup-android@v3	2026-10-05T10:55:43.1631444Z [=======================================] 100% Computing updates...             
android	Run android-actions/setup-android@v3	2026-10-05T10:55:43.1632648Z 
android	Run sdkmanager 'platforms;android-36' 'build-tools;36.0.0'	﻿2026-10-05T10:55:43.2010876Z ##[group]Run sdkmanager 'platforms;android-36' 'build-tools;36.0.0'
android	Run sdkmanager 'platforms;android-36' 'build-tools;36.0.0'	2026-10-05T10:55:43.2011484Z ^[[36;1msdkmanager 'platforms;android-36' 'build-tools;36.0.0'^[[0m
android	Run sdkmanager 'platforms;android-36' 'build-tools;36.0.0'	2026-10-05T10:55:43.2268817Z shell: /usr/bin/bash -e {0}
android	Run sdkmanager 'platforms;android-36' 'build-tools;36.0.0'	2026-10-05T10:55:43.2269189Z env:
android	Run sdkmanager 'platforms;android-36' 'build-tools;36.0.0'	2026-10-05T10:55:43.2269601Z   JAVA_HOME: /opt/hostedtoolcache/Java_Temurin-Hotspot_jdk/21.0.12-1/x64
android	Run sdkmanager 'platforms;android-36' 'build-tools;36.0.0'	2026-10-05T10:55:43.2270313Z   JAVA_HOME_21_X64: /opt/hostedtoolcache/Java_Temurin-Hotspot_jdk/21.0.12-1/x64
android	Run sdkmanager 'platforms;android-36' 'build-tools;36.0.0'	2026-10-05T10:55:43.2270849Z   ANDROID_HOME: /usr/local/lib/android/sdk
android	Run sdkmanager 'platforms;android-36' 'build-tools;36.0.0'	2026-10-05T10:55:43.2271242Z   ANDROID_SDK_ROOT: /usr/local/lib/android/sdk
android	Run sdkmanager 'platforms;android-36' 'build-tools;36.0.0'	2026-10-05T10:55:43.2271610Z ##[endgroup]
android	Run sdkmanager 'platforms;android-36' 'build-tools;36.0.0'	2026-10-05T10:55:44.0340698Z Loading package information...                                                  
android	Run sdkmanager 'platforms;android-36' 'build-tools;36.0.0'	2026-10-05T10:55:44.1360184Z Loading local repository...                                                     
android	Run sdkmanager 'platforms;android-36' 'build-tools;36.0.0'	2026-10-05T10:55:44.1361416Z [                                       ] 3% Loading local repository...        
android	Run sdkmanager 'platforms;android-36' 'build-tools;36.0.0'	2026-10-05T10:55:44.1391857Z [                                       ] 3% Fetch remote repository...         
android	Run sdkmanager 'platforms;android-36' 'build-tools;36.0.0'	2026-10-05T10:55:44.5451828Z [=                                      ] 3% Fetch remote repository...         
android	Run sdkmanager 'platforms;android-36' 'build-tools;36.0.0'	2026-10-05T10:55:44.6271196Z [=                                      ] 4% Fetch remote repository...         
android	Run sdkmanager 'platforms;android-36' 'build-tools;36.0.0'	2026-10-05T10:55:44.6641888Z [=                                      ] 5% Fetch remote repository...         
android	Run sdkmanager 'platforms;android-36' 'build-tools;36.0.0'	2026-10-05T10:55:44.7523294Z [==                                     ] 5% Fetch remote repository...         
android	Run sdkmanager 'platforms;android-36' 'build-tools;36.0.0'	2026-10-05T10:55:44.8129913Z [==                                     ] 6% Fetch remote repository...         
android	Run sdkmanager 'platforms;android-36' 'build-tools;36.0.0'	2026-10-05T10:55:44.9040143Z [==                                     ] 7% Fetch remote repository...         
android	Run sdkmanager 'platforms;android-36' 'build-tools;36.0.0'	2026-10-05T10:55:44.9087242Z [==                                     ] 7% Computing updates...               
android	Run sdkmanager 'platforms;android-36' 'build-tools;36.0.0'	2026-10-05T10:55:44.9214665Z [===                                    ] 8% Computing updates...               
android	Run sdkmanager 'platforms;android-36' 'build-tools;36.0.0'	2026-10-05T10:55:44.9271488Z [===                                    ] 10% Computing updates...              
android	Run sdkmanager 'platforms;android-36' 'build-tools;36.0.0'	2026-10-05T10:55:44.9272488Z [=======================================] 100% Computing updates...             
android	Run sdkmanager 'platforms;android-36' 'build-tools;36.0.0'	2026-10-05T10:55:44.9273369Z 
android	Run gradle/actions/setup-gradle@v4	﻿2026-10-05T10:55:44.9653775Z ##[group]Run gradle/actions/setup-gradle@v4
android	Run gradle/actions/setup-gradle@v4	2026-10-05T10:55:44.9654110Z with:
android	Run gradle/actions/setup-gradle@v4	2026-10-05T10:55:44.9654320Z   cache-disabled: false
android	Run gradle/actions/setup-gradle@v4	2026-10-05T10:55:44.9654550Z   cache-read-only: true
android	Run gradle/actions/setup-gradle@v4	2026-10-05T10:55:44.9654772Z   cache-write-only: false
android	Run gradle/actions/setup-gradle@v4	2026-10-05T10:55:44.9655015Z   cache-overwrite-existing: false
android	Run gradle/actions/setup-gradle@v4	2026-10-05T10:55:44.9655281Z   cache-cleanup: on-success
android	Run gradle/actions/setup-gradle@v4	2026-10-05T10:55:44.9655559Z   gradle-home-cache-includes: caches
android	Run gradle/actions/setup-gradle@v4	notifications
android	Run gradle/actions/setup-gradle@v4	
android	Run gradle/actions/setup-gradle@v4	2026-10-05T10:55:44.9655872Z   add-job-summary: always
android	Run gradle/actions/setup-gradle@v4	2026-10-05T10:55:44.9656119Z   add-job-summary-as-pr-comment: never
android	Run gradle/actions/setup-gradle@v4	2026-10-05T10:55:44.9656407Z   dependency-graph: disabled
android	Run gradle/actions/setup-gradle@v4	2026-10-05T10:55:44.9656710Z   dependency-graph-report-dir: dependency-graph-reports
android	Run gradle/actions/setup-gradle@v4	2026-10-05T10:55:44.9657070Z   dependency-graph-continue-on-failure: true
android	Run gradle/actions/setup-gradle@v4	2026-10-05T10:55:44.9657365Z   build-scan-publish: false
android	Run gradle/actions/setup-gradle@v4	2026-10-05T10:55:44.9657603Z   validate-wrappers: true
android	Run gradle/actions/setup-gradle@v4	2026-10-05T10:55:44.9657858Z   allow-snapshot-wrappers: false
android	Run gradle/actions/setup-gradle@v4	2026-10-05T10:55:44.9658187Z   gradle-home-cache-strict-match: false
android	Run gradle/actions/setup-gradle@v4	2026-10-05T10:55:44.9658499Z   workflow-job-context: null
android	Run gradle/actions/setup-gradle@v4	2026-10-05T10:55:44.9661387Z   github-token: [REDACTED]
android	Run gradle/actions/setup-gradle@v4	2026-10-05T10:55:44.9661607Z env:
android	Run gradle/actions/setup-gradle@v4	2026-10-05T10:55:44.9661922Z   JAVA_HOME: /opt/hostedtoolcache/Java_Temurin-Hotspot_jdk/21.0.12-1/x64
android	Run gradle/actions/setup-gradle@v4	2026-10-05T10:55:44.9662411Z   JAVA_HOME_21_X64: /opt/hostedtoolcache/Java_Temurin-Hotspot_jdk/21.0.12-1/x64
android	Run gradle/actions/setup-gradle@v4	2026-10-05T10:55:44.9662808Z   ANDROID_HOME: /usr/local/lib/android/sdk
android	Run gradle/actions/setup-gradle@v4	2026-10-05T10:55:44.9663099Z   ANDROID_SDK_ROOT: /usr/local/lib/android/sdk
android	Run gradle/actions/setup-gradle@v4	2026-10-05T10:55:44.9663373Z ##[endgroup]
android	Run gradle/actions/setup-gradle@v4	2026-10-05T10:55:45.3289440Z Merged default JDK locations into /home/runner/.m2/toolchains.xml
android	Run gradle/actions/setup-gradle@v4	2026-10-05T10:55:45.3292754Z ##[group]Restore Gradle state from cache
android	Run gradle/actions/setup-gradle@v4	2026-10-05T10:55:45.5848362Z Cache hit for restore-key: gradle-home-v1|Linux-X64|android[1b8766f93310b93e84da98e473f7fc1d]-d3262ce2dd81e51a53e39e6f9add8dee650a7682
android	Run gradle/actions/setup-gradle@v4	2026-10-05T10:55:46.5977356Z Received 711702 of 711702 (100.0%), 0.9 MBs/sec
android	Run gradle/actions/setup-gradle@v4	2026-10-05T10:55:46.5979205Z Cache Size: ~1 MB (711702 B)
android	Run gradle/actions/setup-gradle@v4	2026-10-05T10:55:46.6018100Z [command]/usr/bin/tar -xf /home/runner/work/_temp/4214b317-8089-4c75-b784-8a4e1d7049b0/cache.tzst -P -C /home/runner/work/utopia/utopia --use-compress-program unzstd
android	Run gradle/actions/setup-gradle@v4	2026-10-05T10:55:46.6856778Z Cache restored successfully
android	Run gradle/actions/setup-gradle@v4	2026-10-05T10:55:46.6862404Z Restored cache entry with key gradle-home-v1|Linux-X64|android[1b8766f93310b93e84da98e473f7fc1d]-acf9d65e40c0bbd8061db21a9c6c57b90bed3da0 to /home/runner/.gradle/caches,/home/runner/.gradle/notifications,/home/runner/.gradle/.setup-gradle in 1355ms
android	Run gradle/actions/setup-gradle@v4	2026-10-05T10:55:46.9550096Z Cache hit for: gradle-generated-gradle-jars-v1-4434c59050703a48bf14168622b59891
android	Run gradle/actions/setup-gradle@v4	2026-10-05T10:55:46.9579394Z Cache hit for: gradle-instrumented-jars-v1-7d12b1281bf6e4a42b61ae5437c5a82e
android	Run gradle/actions/setup-gradle@v4	2026-10-05T10:55:46.9591699Z Cache hit for: gradle-wrapper-zips-v1-5ae5d3da5e8e0c748d04bcdd9bc97bdb
android	Run gradle/actions/setup-gradle@v4	2026-10-05T10:55:46.9597455Z Cache hit for: gradle-kotlin-dsl-v1-3f2fefd0dfdb2b19412dca94a922274d
android	Run gradle/actions/setup-gradle@v4	2026-10-05T10:55:46.9658025Z Cache hit for: gradle-dependencies-v1-710a3b371db75b163f0594fc4e68cd08
android	Run gradle/actions/setup-gradle@v4	2026-10-05T10:55:46.9661341Z Cache hit for: gradle-groovy-dsl-v1-a874f45ff1f80b32e3e0d9fb98f35195
android	Run gradle/actions/setup-gradle@v4	2026-10-05T10:55:46.9815755Z Cache hit for: gradle-transforms-v1-de43bc87ee6d8e2edf03eed03aee40ea
android	Run gradle/actions/setup-gradle@v4	2026-10-05T10:55:47.4833278Z Received 114035 of 114035 (100.0%), 0.5 MBs/sec
android	Run gradle/actions/setup-gradle@v4	2026-10-05T10:55:47.4834306Z Cache Size: ~0 MB (114035 B)
android	Run gradle/actions/setup-gradle@v4	2026-10-05T10:55:47.4923521Z [command]/usr/bin/tar -xf /home/runner/work/_temp/9b2f9b39-b408-4d60-975d-532ae948a22a/cache.tzst -P -C /home/runner/work/utopia/utopia --use-compress-program unzstd
android	Run gradle/actions/setup-gradle@v4	2026-10-05T10:55:47.5470913Z Received 122229 of 122229 (100.0%), 0.4 MBs/sec
android	Run gradle/actions/setup-gradle@v4	2026-10-05T10:55:47.5471663Z Cache Size: ~0 MB (122229 B)
android	Run gradle/actions/setup-gradle@v4	2026-10-05T10:55:47.5476816Z Cache restored successfully
android	Run gradle/actions/setup-gradle@v4	2026-10-05T10:55:47.5481131Z Restored cache entry with key gradle-kotlin-dsl-v1-3f2fefd0dfdb2b19412dca94a922274d to /home/runner/.gradle/caches/*/kotlin-dsl/accessors/*/,/home/runner/.gradle/caches/*/kotlin-dsl/scripts/*/ in 859ms
android	Run gradle/actions/setup-gradle@v4	2026-10-05T10:55:47.5508224Z [command]/usr/bin/tar -xf /home/runner/work/_temp/3742252e-5ec4-4383-af9f-c1665104aefc/cache.tzst -P -C /home/runner/work/utopia/utopia --use-compress-program unzstd
android	Run gradle/actions/setup-gradle@v4	2026-10-05T10:55:47.5640009Z Cache restored successfully
android	Run gradle/actions/setup-gradle@v4	2026-10-05T10:55:47.5642009Z Restored cache entry with key gradle-instrumented-jars-v1-7d12b1281bf6e4a42b61ae5437c5a82e to /home/runner/.gradle/caches/jars-*/*/ in 877ms
android	Run gradle/actions/setup-gradle@v4	2026-10-05T10:55:47.8475284Z Received 200088 of 200088 (100.0%), 0.3 MBs/sec
android	Run gradle/actions/setup-gradle@v4	2026-10-05T10:55:47.8476155Z Cache Size: ~0 MB (200088 B)
android	Run gradle/actions/setup-gradle@v4	2026-10-05T10:55:47.8505640Z [command]/usr/bin/tar -xf /home/runner/work/_temp/88a2d79c-2797-4e30-b265-dd00377e11f5/cache.tzst -P -C /home/runner/work/utopia/utopia --use-compress-program unzstd
android	Run gradle/actions/setup-gradle@v4	2026-10-05T10:55:47.8821993Z Cache restored successfully
android	Run gradle/actions/setup-gradle@v4	2026-10-05T10:55:47.8824090Z Restored cache entry with key gradle-groovy-dsl-v1-a874f45ff1f80b32e3e0d9fb98f35195 to /home/runner/.gradle/caches/*/groovy-dsl/*/ in 1194ms
android	Run gradle/actions/setup-gradle@v4	2026-10-05T10:55:48.2262212Z Received 0 of 218837890 (0.0%), 0.0 MBs/sec
android	Run gradle/actions/setup-gradle@v4	2026-10-05T10:55:48.2343112Z Received 0 of 137977965 (0.0%), 0.0 MBs/sec
android	Run gradle/actions/setup-gradle@v4	2026-10-05T10:55:48.2483119Z Received 0 of 41093001 (0.0%), 0.0 MBs/sec
android	Run gradle/actions/setup-gradle@v4	2026-10-05T10:55:48.2689631Z Received 0 of 136713466 (0.0%), 0.0 MBs/sec
android	Run gradle/actions/setup-gradle@v4	2026-10-05T10:55:48.8141810Z Received 41093001 of 41093001 (100.0%), 25.0 MBs/sec
android	Run gradle/actions/setup-gradle@v4	2026-10-05T10:55:48.8144284Z Cache Size: ~39 MB (41093001 B)
android	Run gradle/actions/setup-gradle@v4	2026-10-05T10:55:48.8753360Z [command]/usr/bin/tar -xf /home/runner/work/_temp/d0719c63-f369-4d5e-9e52-eaaaa3b45864/cache.tzst -P -C /home/runner/work/utopia/utopia --use-compress-program unzstd
android	Run gradle/actions/setup-gradle@v4	2026-10-05T10:55:49.2336950Z Received 109051904 of 218837890 (49.8%), 51.7 MBs/sec
android	Run gradle/actions/setup-gradle@v4	2026-10-05T10:55:49.2522050Z Received 100663296 of 137977965 (73.0%), 47.6 MBs/sec
android	Run gradle/actions/setup-gradle@v4	2026-10-05T10:55:49.2689652Z Cache restored successfully
android	Run gradle/actions/setup-gradle@v4	2026-10-05T10:55:49.2806620Z Restored cache entry with key gradle-generated-gradle-jars-v1-4434c59050703a48bf14168622b59891 to /home/runner/.gradle/caches/8.14.3/generated-gradle-jars/gradle-api-8.14.3.jar in 2594ms
android	Run gradle/actions/setup-gradle@v4	2026-10-05T10:55:49.2829802Z Received 88080384 of 136713466 (64.4%), 41.6 MBs/sec
android	Run gradle/actions/setup-gradle@v4	2026-10-05T10:55:49.7626324Z Received 137977965 of 137977965 (100.0%), 52.1 MBs/sec
android	Run gradle/actions/setup-gradle@v4	2026-10-05T10:55:49.7629615Z Cache Size: ~132 MB (137977965 B)
android	Run gradle/actions/setup-gradle@v4	2026-10-05T10:55:49.7951176Z [command]/usr/bin/tar -xf /home/runner/work/_temp/3222dfe8-a9eb-4cae-8e7b-c435b267a641/cache.tzst -P -C /home/runner/work/utopia/utopia --use-compress-program unzstd
android	Run gradle/actions/setup-gradle@v4	2026-10-05T10:55:49.9522447Z Received 136713466 of 136713466 (100.0%), 48.5 MBs/sec
android	Run gradle/actions/setup-gradle@v4	2026-10-05T10:55:49.9523496Z Cache Size: ~130 MB (136713466 B)
android	Run gradle/actions/setup-gradle@v4	2026-10-05T10:55:50.0049470Z [command]/usr/bin/tar -xf /home/runner/work/_temp/578317ca-7e80-4ab5-8c40-cdd50a3acc81/cache.tzst -P -C /home/runner/work/utopia/utopia --use-compress-program unzstd
android	Run gradle/actions/setup-gradle@v4	2026-10-05T10:55:50.0773695Z Received 218837890 of 218837890 (100.0%), 73.1 MBs/sec
android	Run gradle/actions/setup-gradle@v4	2026-10-05T10:55:50.0774979Z Cache Size: ~209 MB (218837890 B)
android	Run gradle/actions/setup-gradle@v4	2026-10-05T10:55:50.0798574Z [command]/usr/bin/tar -xf /home/runner/work/_temp/4b3c3a4b-55cc-4da7-bb07-385dac563889/cache.tzst -P -C /home/runner/work/utopia/utopia --use-compress-program unzstd
android	Run gradle/actions/setup-gradle@v4	2026-10-05T10:55:50.3836866Z Cache restored successfully
android	Run gradle/actions/setup-gradle@v4	2026-10-05T10:55:50.3945173Z Restored cache entry with key gradle-wrapper-zips-v1-5ae5d3da5e8e0c748d04bcdd9bc97bdb to /home/runner/.gradle/wrapper/dists/gradle-8.14.3-bin/cv11ve7ro1n3o1j4so8xd9n66 in 3707ms
android	Run gradle/actions/setup-gradle@v4	2026-10-05T10:55:50.6984214Z Cache restored successfully
android	Run gradle/actions/setup-gradle@v4	2026-10-05T10:55:50.7093856Z Restored cache entry with key gradle-dependencies-v1-710a3b371db75b163f0594fc4e68cd08 to /home/runner/.gradle/caches/modules-*/files-*/*/*/*/* in 4022ms
android	Run gradle/actions/setup-gradle@v4	2026-10-05T10:55:51.2278925Z Cache restored successfully
android	Run gradle/actions/setup-gradle@v4	2026-10-05T10:55:51.2356312Z Restored cache entry with key gradle-transforms-v1-de43bc87ee6d8e2edf03eed03aee40ea to /home/runner/.gradle/caches/transforms-4/*/,/home/runner/.gradle/caches/*/transforms/*/ in 4546ms
android	Run gradle/actions/setup-gradle@v4	2026-10-05T10:55:51.2444682Z ##[endgroup]
android	Run gradle/actions/setup-gradle@v4	2026-10-05T10:55:51.2745155Z ##[group]All Gradle Wrapper jars are valid
android	Run gradle/actions/setup-gradle@v4	2026-10-05T10:55:51.2749505Z ✓ Found known Gradle Wrapper JAR files:
android	Run gradle/actions/setup-gradle@v4	2026-10-05T10:55:51.2751269Z   7d3a4ac4de1c32b59bc6a4eb8ecb8e612ccd0cf1ae1e99f66902da64df296172 apps/android/gradle/wrapper/gradle-wrapper.jar
android	Run gradle/actions/setup-gradle@v4	2026-10-05T10:55:51.2753428Z ##[endgroup]
android	Run bash gradlew :app:testDebugUnitTest :app:assembleDebug --console=plain	﻿2026-10-05T10:55:51.2942213Z ##[group]Run bash gradlew :app:testDebugUnitTest :app:assembleDebug --console=plain
android	Run bash gradlew :app:testDebugUnitTest :app:assembleDebug --console=plain	2026-10-05T10:55:51.2943000Z ^[[36;1mbash gradlew :app:testDebugUnitTest :app:assembleDebug --console=plain^[[0m
android	Run bash gradlew :app:testDebugUnitTest :app:assembleDebug --console=plain	2026-10-05T10:55:51.3006294Z shell: /usr/bin/bash -e {0}
android	Run bash gradlew :app:testDebugUnitTest :app:assembleDebug --console=plain	2026-10-05T10:55:51.3006634Z env:
android	Run bash gradlew :app:testDebugUnitTest :app:assembleDebug --console=plain	2026-10-05T10:55:51.3007032Z   JAVA_HOME: /opt/hostedtoolcache/Java_Temurin-Hotspot_jdk/21.0.12-1/x64
android	Run bash gradlew :app:testDebugUnitTest :app:assembleDebug --console=plain	2026-10-05T10:55:51.3007660Z   JAVA_HOME_21_X64: /opt/hostedtoolcache/Java_Temurin-Hotspot_jdk/21.0.12-1/x64
android	Run bash gradlew :app:testDebugUnitTest :app:assembleDebug --console=plain	2026-10-05T10:55:51.3008183Z   ANDROID_HOME: /usr/local/lib/android/sdk
android	Run bash gradlew :app:testDebugUnitTest :app:assembleDebug --console=plain	2026-10-05T10:55:51.3008762Z   ANDROID_SDK_ROOT: /usr/local/lib/android/sdk
android	Run bash gradlew :app:testDebugUnitTest :app:assembleDebug --console=plain	2026-10-05T10:55:51.3009199Z   GRADLE_ACTION_ID: gradle/actions/setup-gradle
android	Run bash gradlew :app:testDebugUnitTest :app:assembleDebug --console=plain	2026-10-05T10:55:51.3009604Z   GRADLE_USER_HOME: /home/runner/.gradle
android	Run bash gradlew :app:testDebugUnitTest :app:assembleDebug --console=plain	2026-10-05T10:55:51.3009997Z   GRADLE_BUILD_ACTION_SETUP_COMPLETED: true
android	Run bash gradlew :app:testDebugUnitTest :app:assembleDebug --console=plain	2026-10-05T10:55:51.3010394Z   GRADLE_BUILD_ACTION_CACHE_RESTORED: true
android	Run bash gradlew :app:testDebugUnitTest :app:assembleDebug --console=plain	2026-10-05T10:55:51.3010956Z   DEVELOCITY_INJECTION_INIT_SCRIPT_NAME: gradle-actions.inject-develocity.init.gradle
android	Run bash gradlew :app:testDebugUnitTest :app:assembleDebug --console=plain	2026-10-05T10:55:51.3011596Z   DEVELOCITY_INJECTION_CUSTOM_VALUE: gradle-actions
android	Run bash gradlew :app:testDebugUnitTest :app:assembleDebug --console=plain	2026-10-05T10:55:51.3012009Z   GITHUB_DEPENDENCY_GRAPH_ENABLED: false
android	Run bash gradlew :app:testDebugUnitTest :app:assembleDebug --console=plain	2026-10-05T10:55:51.3012363Z ##[endgroup]
android	Run bash gradlew :app:testDebugUnitTest :app:assembleDebug --console=plain	2026-10-05T10:55:52.0987430Z Starting a Gradle Daemon (subsequent builds will be faster)
android	Run bash gradlew :app:testDebugUnitTest :app:assembleDebug --console=plain	2026-10-05T10:56:02.8975146Z > Task :app:checkKotlinGradlePluginConfigurationErrors SKIPPED
android	Run bash gradlew :app:testDebugUnitTest :app:assembleDebug --console=plain	2026-10-05T10:56:02.8982570Z > Task :app:preBuild UP-TO-DATE
android	Run bash gradlew :app:testDebugUnitTest :app:assembleDebug --console=plain	2026-10-05T10:56:02.8983554Z > Task :app:preDebugBuild UP-TO-DATE
android	Run bash gradlew :app:testDebugUnitTest :app:assembleDebug --console=plain	2026-10-05T10:56:03.3981993Z > Task :app:generateDebugResValues
android	Run bash gradlew :app:testDebugUnitTest :app:assembleDebug --console=plain	2026-10-05T10:56:03.3991191Z > Task :app:checkDebugAarMetadata
android	Run bash gradlew :app:testDebugUnitTest :app:assembleDebug --console=plain	2026-10-05T10:56:03.3992200Z > Task :app:mapDebugSourceSetPaths
android	Run bash gradlew :app:testDebugUnitTest :app:assembleDebug --console=plain	2026-10-05T10:56:03.3993070Z > Task :app:generateDebugResources
android	Run bash gradlew :app:testDebugUnitTest :app:assembleDebug --console=plain	2026-10-05T10:56:04.4990114Z > Task :app:packageDebugResources
android	Run bash gradlew :app:testDebugUnitTest :app:assembleDebug --console=plain	2026-10-05T10:56:05.2984350Z > Task :app:createDebugCompatibleScreenManifests
android	Run bash gradlew :app:testDebugUnitTest :app:assembleDebug --console=plain	2026-10-05T10:56:05.3019451Z > Task :app:extractDeepLinksDebug
android	Run bash gradlew :app:testDebugUnitTest :app:assembleDebug --console=plain	2026-10-05T10:56:05.3050206Z > Task :app:mergeDebugResources
android	Run bash gradlew :app:testDebugUnitTest :app:assembleDebug --console=plain	2026-10-05T10:56:05.3990075Z > Task :app:parseDebugLocalResources
android	Run bash gradlew :app:testDebugUnitTest :app:assembleDebug --console=plain	2026-10-05T10:56:05.4970066Z > Task :app:processDebugMainManifest
android	Run bash gradlew :app:testDebugUnitTest :app:assembleDebug --console=plain	2026-10-05T10:56:05.5964135Z > Task :app:processDebugManifest
android	Run bash gradlew :app:testDebugUnitTest :app:assembleDebug --console=plain	2026-10-05T10:56:05.6969500Z > Task :app:preDebugUnitTestBuild UP-TO-DATE
android	Run bash gradlew :app:testDebugUnitTest :app:assembleDebug --console=plain	2026-10-05T10:56:05.6997690Z > Task :app:javaPreCompileDebug
android	Run bash gradlew :app:testDebugUnitTest :app:assembleDebug --console=plain	2026-10-05T10:56:05.6999080Z > Task :app:mergeDebugNativeDebugMetadata NO-SOURCE
android	Run bash gradlew :app:testDebugUnitTest :app:assembleDebug --console=plain	2026-10-05T10:56:05.7000366Z > Task :app:javaPreCompileDebugUnitTest
android	Run bash gradlew :app:testDebugUnitTest :app:assembleDebug --console=plain	2026-10-05T10:56:05.7002072Z > Task :app:mergeDebugShaders
android	Run bash gradlew :app:testDebugUnitTest :app:assembleDebug --console=plain	2026-10-05T10:56:05.7002942Z > Task :app:compileDebugShaders NO-SOURCE
android	Run bash gradlew :app:testDebugUnitTest :app:assembleDebug --console=plain	2026-10-05T10:56:05.7003887Z > Task :app:processDebugManifestForPackage
android	Run bash gradlew :app:testDebugUnitTest :app:assembleDebug --console=plain	2026-10-05T10:56:05.7975371Z > Task :app:generateDebugAssets UP-TO-DATE
android	Run bash gradlew :app:testDebugUnitTest :app:assembleDebug --console=plain	2026-10-05T10:56:05.8959539Z > Task :app:mergeDebugAssets
android	Run bash gradlew :app:testDebugUnitTest :app:assembleDebug --console=plain	2026-10-05T10:56:05.8989475Z > Task :app:compressDebugAssets
android	Run bash gradlew :app:testDebugUnitTest :app:assembleDebug --console=plain	2026-10-05T10:56:05.9026885Z > Task :app:desugarDebugFileDependencies
android	Run bash gradlew :app:testDebugUnitTest :app:assembleDebug --console=plain	2026-10-05T10:56:05.9979761Z > Task :app:mergeDebugJniLibFolders
android	Run bash gradlew :app:testDebugUnitTest :app:assembleDebug --console=plain	2026-10-05T10:56:06.0960072Z > Task :app:checkDebugDuplicateClasses
android	Run bash gradlew :app:testDebugUnitTest :app:assembleDebug --console=plain	2026-10-05T10:56:06.1002400Z > Task :app:mergeDebugNativeLibs
android	Run bash gradlew :app:testDebugUnitTest :app:assembleDebug --console=plain	2026-10-05T10:56:06.2970094Z > Task :app:processDebugResources
android	Run bash gradlew :app:testDebugUnitTest :app:assembleDebug --console=plain	2026-10-05T10:56:06.2999489Z > Task :app:mergeLibDexDebug
android	Run bash gradlew :app:testDebugUnitTest :app:assembleDebug --console=plain	2026-10-05T10:56:07.2009463Z 
android	Run bash gradlew :app:testDebugUnitTest :app:assembleDebug --console=plain	2026-10-05T10:56:07.2029991Z > Task :app:stripDebugDebugSymbols
android	Run bash gradlew :app:testDebugUnitTest :app:assembleDebug --console=plain	2026-10-05T10:56:07.2060033Z Unable to strip the following libraries, packaging them as they are: libandroidx.graphics.path.so. Run with --info option to learn more.
android	Run bash gradlew :app:testDebugUnitTest :app:assembleDebug --console=plain	2026-10-05T10:56:08.7979212Z 
android	Run bash gradlew :app:testDebugUnitTest :app:assembleDebug --console=plain	2026-10-05T10:56:08.8000202Z > Task :app:validateSigningDebug
android	Run bash gradlew :app:testDebugUnitTest :app:assembleDebug --console=plain	2026-10-05T10:56:08.8001168Z > Task :app:writeDebugAppMetadata
android	Run bash gradlew :app:testDebugUnitTest :app:assembleDebug --console=plain	2026-10-05T10:56:08.8981428Z > Task :app:writeDebugSigningConfigVersions
android	Run bash gradlew :app:testDebugUnitTest :app:assembleDebug --console=plain	2026-10-05T10:56:15.7979796Z > Task :app:mergeExtDexDebug
android	Run bash gradlew :app:testDebugUnitTest :app:assembleDebug --console=plain	2026-10-05T10:56:32.3956281Z 
android	Run bash gradlew :app:testDebugUnitTest :app:assembleDebug --console=plain	2026-10-05T10:56:32.3977270Z > Task :app:compileDebugKotlin
android	Run bash gradlew :app:testDebugUnitTest :app:assembleDebug --console=plain	2026-10-05T10:56:32.3989010Z w: file:///home/runner/work/utopia/utopia/apps/android/app/src/main/java/city/utopia/control/AutoZoomCaptureActivity.kt:24:31 'val isZoomSupported: Boolean' is deprecated. Deprecated in Java.
android	Run bash gradlew :app:testDebugUnitTest :app:assembleDebug --console=plain	2026-10-05T10:56:32.4001914Z w: file:///home/runner/work/utopia/utopia/apps/android/app/src/main/java/city/utopia/control/AutoZoomCaptureActivity.kt:24:59 'val zoomRatios: (Mutable)List<Int!>!' is deprecated. Deprecated in Java.
android	Run bash gradlew :app:testDebugUnitTest :app:assembleDebug --console=plain	2026-10-05T10:56:32.4005145Z w: file:///home/runner/work/utopia/utopia/apps/android/app/src/main/java/city/utopia/control/AutoZoomCaptureActivity.kt:25:51 'val maxZoom: Int' is deprecated. Deprecated in Java.
android	Run bash gradlew :app:testDebugUnitTest :app:assembleDebug --console=plain	2026-10-05T10:56:32.4008199Z w: file:///home/runner/work/utopia/utopia/apps/android/app/src/main/java/city/utopia/control/AutoZoomCaptureActivity.kt:27:48 'var zoom: Int' is deprecated. Deprecated in Java.
android	Run bash gradlew :app:testDebugUnitTest :app:assembleDebug --console=plain	2026-10-05T10:56:32.4011436Z w: file:///home/runner/work/utopia/utopia/apps/android/app/src/main/java/city/utopia/control/AutoZoomCaptureActivity.kt:28:36 'var zoom: Int' is deprecated. Deprecated in Java.
android	Run bash gradlew :app:testDebugUnitTest :app:assembleDebug --console=plain	2026-10-05T10:56:32.4014543Z w: file:///home/runner/work/utopia/utopia/apps/android/app/src/main/java/city/utopia/control/AutoZoomCaptureActivity.kt:31:62 'val isZoomSupported: Boolean' is deprecated. Deprecated in Java.
android	Run bash gradlew :app:testDebugUnitTest :app:assembleDebug --console=plain	2026-10-05T10:56:32.4017798Z w: file:///home/runner/work/utopia/utopia/apps/android/app/src/main/java/city/utopia/control/AutoZoomCaptureActivity.kt:34:36 'var focusMode: String!' is deprecated. Deprecated in Java.
android	Run bash gradlew :app:testDebugUnitTest :app:assembleDebug --console=plain	2026-10-05T10:56:32.4021441Z w: file:///home/runner/work/utopia/utopia/apps/android/app/src/main/java/city/utopia/control/CityDiscovery.kt:31:94 'fun resolveService(p0: NsdServiceInfo!, p1: NsdManager.ResolveListener!): Unit' is deprecated. Deprecated in Java.
android	Run bash gradlew :app:testDebugUnitTest :app:assembleDebug --console=plain	2026-10-05T10:56:32.4024728Z w: file:///home/runner/work/utopia/utopia/apps/android/app/src/main/java/city/utopia/control/CityDiscovery.kt:33:382 'var host: InetAddress!' is deprecated. Deprecated in Java.
android	Run bash gradlew :app:testDebugUnitTest :app:assembleDebug --console=plain	2026-10-05T10:56:32.4027703Z w: file:///home/runner/work/utopia/utopia/apps/android/app/src/main/java/city/utopia/control/Devices.kt:39:66 Java type mismatch: inferred type is 'Nothing?', but 'String' was expected.
android	Run bash gradlew :app:testDebugUnitTest :app:assembleDebug --console=plain	2026-10-05T10:56:32.4030867Z w: file:///home/runner/work/utopia/utopia/apps/android/app/src/main/java/city/utopia/control/Devices.kt:44:58 Java type mismatch: inferred type is 'Nothing?', but 'String' was expected.
android	Run bash gradlew :app:testDebugUnitTest :app:assembleDebug --console=plain	2026-10-05T10:56:32.4034039Z w: file:///home/runner/work/utopia/utopia/apps/android/app/src/main/java/city/utopia/control/MainActivity.kt:144:389 Only safe (?.) or non-null asserted (!!.) calls are allowed on a nullable receiver of type 'Any?'.
android	Run bash gradlew :app:testDebugUnitTest :app:assembleDebug --console=plain	2026-10-05T10:56:32.4037445Z w: file:///home/runner/work/utopia/utopia/apps/android/app/src/main/java/city/utopia/control/MainActivity.kt:144:495 Only safe (?.) or non-null asserted (!!.) calls are allowed on a nullable receiver of type 'Any?'.
android	Run bash gradlew :app:testDebugUnitTest :app:assembleDebug --console=plain	2026-10-05T10:56:32.5006212Z 
android	Run bash gradlew :app:testDebugUnitTest :app:assembleDebug --console=plain	2026-10-05T10:56:32.5007135Z > Task :app:compileDebugJavaWithJavac NO-SOURCE
android	Run bash gradlew :app:testDebugUnitTest :app:assembleDebug --console=plain	2026-10-05T10:56:32.5962472Z > Task :app:bundleDebugClassesToRuntimeJar
android	Run bash gradlew :app:testDebugUnitTest :app:assembleDebug --console=plain	2026-10-05T10:56:32.5989660Z > Task :app:processDebugJavaRes
android	Run bash gradlew :app:testDebugUnitTest :app:assembleDebug --console=plain	2026-10-05T10:56:32.6003694Z > Task :app:bundleDebugClassesToCompileJar
android	Run bash gradlew :app:testDebugUnitTest :app:assembleDebug --console=plain	2026-10-05T10:56:37.6954530Z > Task :app:dexBuilderDebug
android	Run bash gradlew :app:testDebugUnitTest :app:assembleDebug --console=plain	2026-10-05T10:56:38.3010275Z > Task :app:mergeDebugGlobalSynthetics
android	Run bash gradlew :app:testDebugUnitTest :app:assembleDebug --console=plain	2026-10-05T10:56:39.0009980Z > Task :app:mergeProjectDexDebug
android	Run bash gradlew :app:testDebugUnitTest :app:assembleDebug --console=plain	2026-10-05T10:56:39.8959923Z > Task :app:mergeDebugJavaResource
android	Run bash gradlew :app:testDebugUnitTest :app:assembleDebug --console=plain	2026-10-05T10:56:40.6955034Z > Task :app:packageDebug
android	Run bash gradlew :app:testDebugUnitTest :app:assembleDebug --console=plain	2026-10-05T10:56:40.6979690Z > Task :app:createDebugApkListingFileRedirect
android	Run bash gradlew :app:testDebugUnitTest :app:assembleDebug --console=plain	2026-10-05T10:56:40.6999463Z > Task :app:assembleDebug
android	Run bash gradlew :app:testDebugUnitTest :app:assembleDebug --console=plain	2026-10-05T10:56:41.5970049Z > Task :app:compileDebugUnitTestKotlin
android	Run bash gradlew :app:testDebugUnitTest :app:assembleDebug --console=plain	2026-10-05T10:56:41.6016527Z > Task :app:compileDebugUnitTestJavaWithJavac NO-SOURCE
android	Run bash gradlew :app:testDebugUnitTest :app:assembleDebug --console=plain	2026-10-05T10:56:41.6050802Z > Task :app:processDebugUnitTestJavaRes
android	Run bash gradlew :app:testDebugUnitTest :app:assembleDebug --console=plain	2026-10-05T10:56:42.7980002Z > Task :app:testDebugUnitTest
android	Run bash gradlew :app:testDebugUnitTest :app:assembleDebug --console=plain	2026-10-05T10:56:42.7995148Z gradle/actions: Writing build results to /home/runner/work/_temp/.gradle-actions/build-results/__run_2-1791197755154.json
android	Run bash gradlew :app:testDebugUnitTest :app:assembleDebug --console=plain	2026-10-05T10:56:42.8730737Z 
android	Run bash gradlew :app:testDebugUnitTest :app:assembleDebug --console=plain	2026-10-05T10:56:42.8750055Z BUILD SUCCESSFUL in 51s
android	Run bash gradlew :app:testDebugUnitTest :app:assembleDebug --console=plain	2026-10-05T10:56:42.8751018Z 41 actionable tasks: 41 executed
android	Run actions/upload-artifact@v4	﻿2026-10-05T10:56:43.2034633Z ##[group]Run actions/upload-artifact@v4
android	Run actions/upload-artifact@v4	2026-10-05T10:56:43.2035008Z with:
android	Run actions/upload-artifact@v4	2026-10-05T10:56:43.2035257Z   name: utopia-debug-apk
android	Run actions/upload-artifact@v4	2026-10-05T10:56:43.2035645Z   path: apps/android/app/build/outputs/apk/debug/app-debug.apk
android	Run actions/upload-artifact@v4	2026-10-05T10:56:43.2036056Z   if-no-files-found: warn
android	Run actions/upload-artifact@v4	2026-10-05T10:56:43.2036335Z   compression-level: 6
android	Run actions/upload-artifact@v4	2026-10-05T10:56:43.2036593Z   overwrite: false
android	Run actions/upload-artifact@v4	2026-10-05T10:56:43.2036860Z   include-hidden-files: false
android	Run actions/upload-artifact@v4	2026-10-05T10:56:43.2037137Z env:
android	Run actions/upload-artifact@v4	2026-10-05T10:56:43.2037480Z   JAVA_HOME: /opt/hostedtoolcache/Java_Temurin-Hotspot_jdk/21.0.12-1/x64
android	Run actions/upload-artifact@v4	2026-10-05T10:56:43.2038025Z   JAVA_HOME_21_X64: /opt/hostedtoolcache/Java_Temurin-Hotspot_jdk/21.0.12-1/x64
android	Run actions/upload-artifact@v4	2026-10-05T10:56:43.2038480Z   ANDROID_HOME: /usr/local/lib/android/sdk
android	Run actions/upload-artifact@v4	2026-10-05T10:56:43.2039192Z   ANDROID_SDK_ROOT: /usr/local/lib/android/sdk
android	Run actions/upload-artifact@v4	2026-10-05T10:56:43.2039563Z   GRADLE_ACTION_ID: gradle/actions/setup-gradle
android	Run actions/upload-artifact@v4	2026-10-05T10:56:43.2039911Z   GRADLE_USER_HOME: /home/runner/.gradle
android	Run actions/upload-artifact@v4	2026-10-05T10:56:43.2040239Z   GRADLE_BUILD_ACTION_SETUP_COMPLETED: true
android	Run actions/upload-artifact@v4	2026-10-05T10:56:43.2040609Z   GRADLE_BUILD_ACTION_CACHE_RESTORED: true
android	Run actions/upload-artifact@v4	2026-10-05T10:56:43.2041093Z   DEVELOCITY_INJECTION_INIT_SCRIPT_NAME: gradle-actions.inject-develocity.init.gradle
android	Run actions/upload-artifact@v4	2026-10-05T10:56:43.2041614Z   DEVELOCITY_INJECTION_CUSTOM_VALUE: gradle-actions
android	Run actions/upload-artifact@v4	2026-10-05T10:56:43.2041983Z   GITHUB_DEPENDENCY_GRAPH_ENABLED: false
android	Run actions/upload-artifact@v4	2026-10-05T10:56:43.2042288Z ##[endgroup]
android	Run actions/upload-artifact@v4	2026-10-05T10:56:43.3713577Z (node:2966) [DEP0040] DeprecationWarning: The `punycode` module is deprecated. Please use a userland alternative instead.
android	Run actions/upload-artifact@v4	2026-10-05T10:56:43.3714569Z (Use `node --trace-deprecation ...` to show where the warning was created)
android	Run actions/upload-artifact@v4	2026-10-05T10:56:43.3761898Z With the provided path, there will be 1 file uploaded
android	Run actions/upload-artifact@v4	2026-10-05T10:56:43.3768582Z Artifact name is valid!
android	Run actions/upload-artifact@v4	2026-10-05T10:56:43.3769619Z Root directory input is valid!
android	Run actions/upload-artifact@v4	2026-10-05T10:56:43.7575969Z Beginning upload of artifact content to blob storage
android	Run actions/upload-artifact@v4	2026-10-05T10:56:44.0345639Z (node:2966) [DEP0169] DeprecationWarning: `url.parse()` behavior is not standardized and prone to errors that have security implications. Use the WHATWG URL API instead. CVEs are not issued for `url.parse()` vulnerabilities.
android	Run actions/upload-artifact@v4	2026-10-05T10:56:44.8630523Z Uploaded bytes 8388608
android	Run actions/upload-artifact@v4	2026-10-05T10:56:44.9582433Z Uploaded bytes 10091532
android	Run actions/upload-artifact@v4	2026-10-05T10:56:45.0288186Z Finished uploading artifact content to blob storage!
android	Run actions/upload-artifact@v4	2026-10-05T10:56:45.0290043Z SHA256 digest of uploaded artifact zip is 164dd84fcb0c04e43839befd30d380c6c02d5e53d29a274c985fdd2a645ed050
android	Run actions/upload-artifact@v4	2026-10-05T10:56:45.0292098Z Finalizing artifact upload
android	Run actions/upload-artifact@v4	2026-10-05T10:56:45.3046637Z Artifact utopia-debug-apk.zip successfully finalized. Artifact ID 11341730489
android	Run actions/upload-artifact@v4	2026-10-05T10:56:45.3048326Z Artifact utopia-debug-apk has been successfully uploaded! Final size is 10091532 bytes. Artifact ID is 11341730489
android	Run actions/upload-artifact@v4	2026-10-05T10:56:45.3053743Z Artifact download URL: https://github.com/zhiheng-zhang-Mera/utopia/actions/runs/37299640073/artifacts/11341730489
android	Post Run gradle/actions/setup-gradle@v4	﻿2026-10-05T10:56:45.3288392Z Post job cleanup.
android	Post Run gradle/actions/setup-gradle@v4	2026-10-05T10:56:45.5671572Z In post-action step
android	Post Run gradle/actions/setup-gradle@v4	2026-10-05T10:56:45.5683414Z Cache is read-only: will not save state for use in subsequent builds.
android	Post Run gradle/actions/setup-gradle@v4	2026-10-05T10:56:45.5690521Z Generating Job Summary
android	Post Run gradle/actions/setup-gradle@v4	2026-10-05T10:56:45.5709351Z Completed post-action step
android	Post Run actions/setup-java@v4	﻿2026-10-05T10:56:45.5937483Z Post job cleanup.
android	Post Run actions/setup-java@v4	2026-10-05T10:56:45.7312956Z (node:2992) [DEP0040] DeprecationWarning: The `punycode` module is deprecated. Please use a userland alternative instead.
android	Post Run actions/setup-java@v4	2026-10-05T10:56:45.7314545Z (Use `node --trace-deprecation ...` to show where the warning was created)
android	Post Run actions/checkout@v4	﻿2026-10-05T10:56:45.7496351Z Post job cleanup.
android	Post Run actions/checkout@v4	2026-10-05T10:56:45.8436900Z [command]/usr/bin/git version
android	Post Run actions/checkout@v4	2026-10-05T10:56:45.8481112Z git version 2.55.0
android	Post Run actions/checkout@v4	2026-10-05T10:56:45.8525387Z Temporarily overriding HOME='/home/runner/work/_temp/2e2a94bc-7bec-4c9d-897e-4540437bfa38' before making global git config changes
android	Post Run actions/checkout@v4	2026-10-05T10:56:45.8527288Z Adding repository directory to the temporary git global config as a safe directory
android	Post Run actions/checkout@v4	2026-10-05T10:56:45.8531778Z [command]/usr/bin/git config --global --add safe.directory /home/runner/work/utopia/utopia
android	Post Run actions/checkout@v4	2026-10-05T10:56:45.8571450Z [command]/usr/bin/git config --local --name-only --get-regexp core\.sshCommand
android	Post Run actions/checkout@v4	2026-10-05T10:56:45.8607330Z [command]/usr/bin/git submodule foreach --recursive sh -c "git config --local --name-only --get-regexp 'core\.sshCommand' && git config --local --unset-all 'core.sshCommand' || :"
android	Post Run actions/checkout@v4	2026-10-05T10:56:45.8865359Z [command]/usr/bin/git config --local --name-only --get-regexp http\.https\:\/\/github\.com\/\.extraheader
android	Post Run actions/checkout@v4	2026-10-05T10:56:45.8895655Z http.https://github.com/.extraheader
android	Post Run actions/checkout@v4	2026-10-05T10:56:45.8907586Z [command]/usr/bin/git config --local --unset-all http.https://github.com/.extraheader
android	Post Run actions/checkout@v4	2026-10-05T10:56:45.8944802Z [command]/usr/bin/git submodule foreach --recursive sh -c "git config --local --name-only --get-regexp 'http\.https\:\/\/github\.com\/\.extraheader' && git config --local --unset-all 'http.https://github.com/.extraheader' || :"
android	Post Run actions/checkout@v4	2026-10-05T10:56:45.9209715Z [command]/usr/bin/git config --local --name-only --get-regexp ^includeIf\.gitdir:
android	Post Run actions/checkout@v4	2026-10-05T10:56:45.9251629Z [command]/usr/bin/git submodule foreach --recursive git config --local --show-origin --name-only --get-regexp remote.origin.url
android	Complete job	﻿2026-10-05T10:56:45.9647569Z Cleaning up orphan processes
android	Complete job	2026-10-05T10:56:45.9967957Z Terminate orphan process: pid (2719) (java)
android	Complete job	2026-10-05T10:56:46.0011690Z Terminate orphan process: pid (2834) (java)
android	Complete job	2026-10-05T10:56:46.0023592Z ##[warning]Node.js 20 is deprecated. The following actions target Node.js 20 but are being forced to run on Node.js 24: actions/checkout@v4, actions/setup-java@v4, actions/upload-artifact@v4, android-actions/setup-android@v3, gradle/actions/setup-gradle@v4. For more information see: https://github.blog/changelog/2025-09-19-deprecation-of-node-20-on-github-actions-runners/
gateway-web	Set up job	﻿2026-10-05T10:55:31.1345855Z Current runner version: '2.337.0'
gateway-web	Set up job	2026-10-05T10:55:31.1397740Z ##[group]Runner Image Provisioner
gateway-web	Set up job	2026-10-05T10:55:31.1399067Z Hosted Compute Agent
gateway-web	Set up job	2026-10-05T10:55:31.1400400Z Version: 20260901.588
gateway-web	Set up job	2026-10-05T10:55:31.1401521Z Commit: f88ec8081b781fac6c440065ac7ff9e710ce3d0b
gateway-web	Set up job	2026-10-05T10:55:31.1402902Z Build Date: 2026-09-01T19:56:44Z
gateway-web	Set up job	2026-10-05T10:55:31.1404190Z Worker ID: {53815066-c99b-4310-b5ce-3827042f2f05}
gateway-web	Set up job	2026-10-05T10:55:31.1405505Z Azure Region: eastus
gateway-web	Set up job	2026-10-05T10:55:31.1406471Z ##[endgroup]
gateway-web	Set up job	2026-10-05T10:55:31.1408853Z ##[group]Operating System
gateway-web	Set up job	2026-10-05T10:55:31.1409980Z Microsoft Windows Server 2025
gateway-web	Set up job	2026-10-05T10:55:31.1411088Z 10.0.26100
gateway-web	Set up job	2026-10-05T10:55:31.1411953Z Datacenter
gateway-web	Set up job	2026-10-05T10:55:31.1412891Z ##[endgroup]
gateway-web	Set up job	2026-10-05T10:55:31.1413937Z ##[group]Runner Image
gateway-web	Set up job	2026-10-05T10:55:31.1415012Z Image: windows-2025-vs2026
gateway-web	Set up job	2026-10-05T10:55:31.1416032Z Version: 20260925.250.1
gateway-web	Set up job	2026-10-05T10:55:31.1417997Z Included Software: https://github.com/actions/runner-images/blob/win25-vs2026/20260925.250/images/windows/Windows2025-VS2026-Readme.md
gateway-web	Set up job	2026-10-05T10:55:31.1422011Z Image Release: https://github.com/actions/runner-images/releases/tag/win25-vs2026%2F20260925.250
gateway-web	Set up job	2026-10-05T10:55:31.1423722Z ##[endgroup]
gateway-web	Set up job	2026-10-05T10:55:31.1425763Z ##[group]GITHUB_TOKEN Permissions
gateway-web	Set up job	2026-10-05T10:55:31.1428876Z Contents: read
gateway-web	Set up job	2026-10-05T10:55:31.1429844Z Metadata: read
gateway-web	Set up job	2026-10-05T10:55:31.1430856Z Packages: read
gateway-web	Set up job	2026-10-05T10:55:31.1431735Z ##[endgroup]
gateway-web	Set up job	2026-10-05T10:55:31.1434654Z Secret source: Actions
gateway-web	Set up job	2026-10-05T10:55:31.1436110Z Cache mode: write
gateway-web	Set up job	2026-10-05T10:55:31.1437211Z Prepare workflow directory
gateway-web	Set up job	2026-10-05T10:55:31.1792614Z Prepare all required actions
gateway-web	Set up job	2026-10-05T10:55:31.1840835Z Getting action download info
gateway-web	Set up job	2026-10-05T10:55:31.3704072Z Download action repository 'actions/checkout@v4' (SHA:11d5960a326750d5838078e36cf38b85af677262)
gateway-web	Set up job	2026-10-05T10:55:31.5112208Z Download action repository 'actions/setup-node@v4' (SHA:49933ea5288caeca8642d1e84afbd3f7d6820020)
gateway-web	Set up job	2026-10-05T10:55:31.6758883Z Download action repository 'pnpm/action-setup@v4' (SHA:b906affcce14559ad1aafd4ab0e942779e9f58b1)
gateway-web	Set up job	2026-10-05T10:55:32.0153924Z Complete job name: gateway-web
gateway-web	Run actions/checkout@v4	﻿2026-10-05T10:55:32.1678990Z ##[group]Run actions/checkout@v4
gateway-web	Run actions/checkout@v4	2026-10-05T10:55:32.1680021Z with:
gateway-web	Run actions/checkout@v4	2026-10-05T10:55:32.1680412Z   fetch-depth: 0
gateway-web	Run actions/checkout@v4	2026-10-05T10:55:32.1680870Z   repository: zhiheng-zhang-Mera/utopia
gateway-web	Run actions/checkout@v4	2026-10-05T10:55:32.1685004Z   token: [REDACTED]
gateway-web	Run actions/checkout@v4	2026-10-05T10:55:32.1685401Z   ssh-strict: true
gateway-web	Run actions/checkout@v4	2026-10-05T10:55:32.1685803Z   ssh-user: git
gateway-web	Run actions/checkout@v4	2026-10-05T10:55:32.1686215Z   persist-credentials: true
gateway-web	Run actions/checkout@v4	2026-10-05T10:55:32.1686670Z   clean: true
gateway-web	Run actions/checkout@v4	2026-10-05T10:55:32.1687084Z   sparse-checkout-cone-mode: true
gateway-web	Run actions/checkout@v4	2026-10-05T10:55:32.1687574Z   fetch-tags: false
gateway-web	Run actions/checkout@v4	2026-10-05T10:55:32.1687986Z   show-progress: true
gateway-web	Run actions/checkout@v4	2026-10-05T10:55:32.1688398Z   lfs: false
gateway-web	Run actions/checkout@v4	2026-10-05T10:55:32.1688776Z   submodules: false
gateway-web	Run actions/checkout@v4	2026-10-05T10:55:32.1689200Z   set-safe-directory: true
gateway-web	Run actions/checkout@v4	2026-10-05T10:55:32.1689679Z   allow-unsafe-pr-checkout: false
gateway-web	Run actions/checkout@v4	2026-10-05T10:55:32.1690411Z ##[endgroup]
gateway-web	Run actions/checkout@v4	2026-10-05T10:55:32.3193837Z Syncing repository: zhiheng-zhang-Mera/utopia
gateway-web	Run actions/checkout@v4	2026-10-05T10:55:32.3196234Z ##[group]Getting Git version info
gateway-web	Run actions/checkout@v4	2026-10-05T10:55:32.3197173Z Working directory is 'D:\a\utopia\utopia'
gateway-web	Run actions/checkout@v4	2026-10-05T10:55:32.4165141Z [command]"C:\Program Files\Git\bin\git.exe" version
gateway-web	Run actions/checkout@v4	2026-10-05T10:55:32.7430368Z git version 2.55.0.windows.5
gateway-web	Run actions/checkout@v4	2026-10-05T10:55:32.7480823Z ##[endgroup]
gateway-web	Run actions/checkout@v4	2026-10-05T10:55:32.7499304Z Temporarily overriding HOME='D:\a\_temp\f3d7d82a-6ffa-4274-bd19-542c292a0a3f' before making global git config changes
gateway-web	Run actions/checkout@v4	2026-10-05T10:55:32.7501153Z Adding repository directory to the temporary git global config as a safe directory
gateway-web	Run actions/checkout@v4	2026-10-05T10:55:32.7509987Z [command]"C:\Program Files\Git\bin\git.exe" config --global --add safe.directory D:\a\utopia\utopia
gateway-web	Run actions/checkout@v4	2026-10-05T10:55:32.8111458Z Deleting the contents of 'D:\a\utopia\utopia'
gateway-web	Run actions/checkout@v4	2026-10-05T10:55:32.8117546Z ##[group]Initializing the repository
gateway-web	Run actions/checkout@v4	2026-10-05T10:55:32.8126228Z [command]"C:\Program Files\Git\bin\git.exe" init D:\a\utopia\utopia
gateway-web	Run actions/checkout@v4	2026-10-05T10:55:32.8918574Z Initialized empty Git repository in D:/a/utopia/utopia/.git/
gateway-web	Run actions/checkout@v4	2026-10-05T10:55:32.8963700Z [command]"C:\Program Files\Git\bin\git.exe" remote add origin https://github.com/zhiheng-zhang-Mera/utopia
gateway-web	Run actions/checkout@v4	2026-10-05T10:55:32.9583448Z ##[endgroup]
gateway-web	Run actions/checkout@v4	2026-10-05T10:55:32.9584937Z ##[group]Disabling automatic garbage collection
gateway-web	Run actions/checkout@v4	2026-10-05T10:55:32.9591320Z [command]"C:\Program Files\Git\bin\git.exe" config --local gc.auto 0
gateway-web	Run actions/checkout@v4	2026-10-05T10:55:32.9870695Z ##[endgroup]
gateway-web	Run actions/checkout@v4	2026-10-05T10:55:32.9872267Z ##[group]Setting up auth
gateway-web	Run actions/checkout@v4	2026-10-05T10:55:32.9882665Z [command]"C:\Program Files\Git\bin\git.exe" config --local --name-only --get-regexp core\.sshCommand
gateway-web	Run actions/checkout@v4	2026-10-05T10:55:33.0170882Z [command]"C:\Program Files\Git\bin\git.exe" submodule foreach --recursive "sh -c \"git config --local --name-only --get-regexp 'core\.sshCommand' && git config --local --unset-all 'core.sshCommand' || :\""
gateway-web	Run actions/checkout@v4	2026-10-05T10:55:34.3839842Z [command]"C:\Program Files\Git\bin\git.exe" config --local --name-only --get-regexp http\.https\:\/\/github\.com\/\.extraheader
gateway-web	Run actions/checkout@v4	2026-10-05T10:55:34.4147789Z [command]"C:\Program Files\Git\bin\git.exe" submodule foreach --recursive "sh -c \"git config --local --name-only --get-regexp 'http\.https\:\/\/github\.com\/\.extraheader' && git config --local --unset-all 'http.https://github.com/.extraheader' || :\""
gateway-web	Run actions/checkout@v4	2026-10-05T10:55:34.9384753Z [command]"C:\Program Files\Git\bin\git.exe" config --local --name-only --get-regexp ^includeIf\.gitdir:
gateway-web	Run actions/checkout@v4	2026-10-05T10:55:34.9677506Z [command]"C:\Program Files\Git\bin\git.exe" submodule foreach --recursive "git config --local --show-origin --name-only --get-regexp remote.origin.url"
gateway-web	Run actions/checkout@v4	2026-10-05T10:55:35.5045232Z [command]"C:\Program Files\Git\bin\git.exe" config --local http.https://github.com/.extraheader "AUTHORIZATION: basic ***"
gateway-web	Run actions/checkout@v4	2026-10-05T10:55:35.5375287Z ##[endgroup]
gateway-web	Run actions/checkout@v4	2026-10-05T10:55:35.5376976Z ##[group]Fetching the repository
gateway-web	Run actions/checkout@v4	2026-10-05T10:55:35.5389625Z [command]"C:\Program Files\Git\bin\git.exe" -c protocol.version=2 fetch --prune --no-recurse-submodules origin +refs/heads/*:refs/remotes/origin/* +refs/tags/*:refs/tags/* +acf9d65e40c0bbd8061db21a9c6c57b90bed3da0:refs/remotes/pull/28/merge
gateway-web	Run actions/checkout@v4	2026-10-05T10:55:37.3733674Z From https://github.com/zhiheng-zhang-Mera/utopia
gateway-web	Run actions/checkout@v4	2026-10-05T10:55:37.3735558Z  * [new branch]      cex/CEX-701-Alien-codex-device-recovery  -> origin/cex/CEX-701-Alien-codex-device-recovery
gateway-web	Run actions/checkout@v4	2026-10-05T10:55:37.3737427Z  * [new branch]      cex/CEX-702-Alien-codex-alternate-device -> origin/cex/CEX-702-Alien-codex-alternate-device
gateway-web	Run actions/checkout@v4	2026-10-05T10:55:37.3738750Z  * [new branch]      cex/CEX-703-Alien-codex-capability-catalog -> origin/cex/CEX-703-Alien-codex-capability-catalog
gateway-web	Run actions/checkout@v4	2026-10-05T10:55:37.3739672Z  * [new branch]      cex/CEX-704-Alien-codex-native-owner-onboarding -> origin/cex/CEX-704-Alien-codex-native-owner-onboarding
gateway-web	Run actions/checkout@v4	2026-10-05T10:55:37.3740543Z  * [new branch]      cex/CEX-705-Alien-codex-native-members   -> origin/cex/CEX-705-Alien-codex-native-members
gateway-web	Run actions/checkout@v4	2026-10-05T10:55:37.3742154Z  * [new branch]      cex/CEX-790-mech-final-audit             -> origin/cex/CEX-790-mech-final-audit
gateway-web	Run actions/checkout@v4	2026-10-05T10:55:37.3743090Z  * [new branch]      join/JOIN-590-merged-main-physical-acceptance -> origin/join/JOIN-590-merged-main-physical-acceptance
gateway-web	Run actions/checkout@v4	2026-10-05T10:55:37.3743733Z  * [new branch]      main                                     -> origin/main
gateway-web	Run actions/checkout@v4	2026-10-05T10:55:37.3744296Z  * [new branch]      mech/standalone-city-lifecycle           -> origin/mech/standalone-city-lifecycle
gateway-web	Run actions/checkout@v4	2026-10-05T10:55:37.3744969Z  * [new branch]      mon/MON-901-Alien-codex-observation      -> origin/mon/MON-901-Alien-codex-observation
gateway-web	Run actions/checkout@v4	2026-10-05T10:55:37.3745635Z  * [new branch]      mon/MON-902-mech-overview-graph          -> origin/mon/MON-902-mech-overview-graph
gateway-web	Run actions/checkout@v4	2026-10-05T10:55:37.3746303Z  * [new branch]      review/CEX-701-mech-review               -> origin/review/CEX-701-mech-review
gateway-web	Run actions/checkout@v4	2026-10-05T10:55:37.3746886Z  * [new branch]      review/CEX-702-mech-review               -> origin/review/CEX-702-mech-review
gateway-web	Run actions/checkout@v4	2026-10-05T10:55:37.3748393Z  * [new branch]      review/CEX-703-mech-review               -> origin/review/CEX-703-mech-review
gateway-web	Run actions/checkout@v4	2026-10-05T10:55:37.3748989Z  * [new branch]      review/CEX-704-mech-review               -> origin/review/CEX-704-mech-review
gateway-web	Run actions/checkout@v4	2026-10-05T10:55:37.3749678Z  * [new branch]      review/CEX-705-mech-review               -> origin/review/CEX-705-mech-review
gateway-web	Run actions/checkout@v4	2026-10-05T10:55:37.3750247Z  * [new branch]      review/JOIN-590-Alien-codex              -> origin/review/JOIN-590-Alien-codex
gateway-web	Run actions/checkout@v4	2026-10-05T10:55:37.3751190Z  * [new branch]      review/MON-901-mech-review               -> origin/review/MON-901-mech-review
gateway-web	Run actions/checkout@v4	2026-10-05T10:55:37.3752362Z  * [new branch]      review/REX-801-Alien-codex               -> origin/review/REX-801-Alien-codex
gateway-web	Run actions/checkout@v4	2026-10-05T10:55:37.3753012Z  * [new branch]      review/REX-802-mech-review               -> origin/review/REX-802-mech-review
gateway-web	Run actions/checkout@v4	2026-10-05T10:55:37.3753612Z  * [new branch]      review/WBC-601-Alien-codex               -> origin/review/WBC-601-Alien-codex
gateway-web	Run actions/checkout@v4	2026-10-05T10:55:37.3754201Z  * [new branch]      review/WBC-602-Alien-codex               -> origin/review/WBC-602-Alien-codex
gateway-web	Run actions/checkout@v4	2026-10-05T10:55:37.3754884Z  * [new branch]      rex/REX-801-experiment-manifest-registry -> origin/rex/REX-801-experiment-manifest-registry
gateway-web	Run actions/checkout@v4	2026-10-05T10:55:37.3755636Z  * [new branch]      rex/REX-802-Alien-codex-trace-foundation -> origin/rex/REX-802-Alien-codex-trace-foundation
gateway-web	Run actions/checkout@v4	2026-10-05T10:55:37.3756358Z  * [new branch]      wbc/WBC-601-execution-backend-contract   -> origin/wbc/WBC-601-execution-backend-contract
gateway-web	Run actions/checkout@v4	2026-10-05T10:55:37.3757009Z  * [new branch]      wbc/WBC-602-node-descriptor              -> origin/wbc/WBC-602-node-descriptor
gateway-web	Run actions/checkout@v4	2026-10-05T10:55:37.3757663Z  * [new branch]      wbc/WBC-603-Alien-codex-worker-pool      -> origin/wbc/WBC-603-Alien-codex-worker-pool
gateway-web	Run actions/checkout@v4	2026-10-05T10:55:37.3758437Z  * [new tag]         archive/2026-10-04/codex/city-members-host-roles -> archive/2026-10-04/codex/city-members-host-roles
gateway-web	Run actions/checkout@v4	2026-10-05T10:55:37.3759235Z  * [new tag]         archive/2026-10-04/codex/city-names-host-preflight -> archive/2026-10-04/codex/city-names-host-preflight
gateway-web	Run actions/checkout@v4	2026-10-05T10:55:37.3760005Z  * [new tag]         archive/2026-10-04/codex/pairing-discovery-ux -> archive/2026-10-04/codex/pairing-discovery-ux
gateway-web	Run actions/checkout@v4	2026-10-05T10:55:37.3761853Z  * [new tag]         archive/2026-10-04/codex/single-host-city-remote-login -> archive/2026-10-04/codex/single-host-city-remote-login
gateway-web	Run actions/checkout@v4	2026-10-05T10:55:37.3762700Z  * [new tag]         archive/2026-10-04/evidence/MESH-301-mech-receipts -> archive/2026-10-04/evidence/MESH-301-mech-receipts
gateway-web	Run actions/checkout@v4	2026-10-05T10:55:37.3763520Z  * [new tag]         archive/2026-10-04/feat/launcher-and-shareable-invite -> archive/2026-10-04/feat/launcher-and-shareable-invite
gateway-web	Run actions/checkout@v4	2026-10-05T10:55:37.3765002Z  * [new tag]         archive/2026-10-04/feat/primary-city-and-connect-entry -> archive/2026-10-04/feat/primary-city-and-connect-entry
gateway-web	Run actions/checkout@v4	2026-10-05T10:55:37.3766460Z  * [new tag]         archive/2026-10-04/fix/device-pilot-harness-integration -> archive/2026-10-04/fix/device-pilot-harness-integration
gateway-web	Run actions/checkout@v4	2026-10-05T10:55:37.3767917Z  * [new tag]         archive/2026-10-04/fix/device-pilot-process-identity -> archive/2026-10-04/fix/device-pilot-process-identity
gateway-web	Run actions/checkout@v4	2026-10-05T10:55:37.3769319Z  * [new tag]         archive/2026-10-04/fix/device-pilot-route-from-source -> archive/2026-10-04/fix/device-pilot-route-from-source
gateway-web	Run actions/checkout@v4	2026-10-05T10:55:37.3770899Z  * [new tag]         archive/2026-10-04/integration/alien-codex-history-20261004 -> archive/2026-10-04/integration/alien-codex-history-20261004
gateway-web	Run actions/checkout@v4	2026-10-05T10:55:37.3772380Z  * [new tag]         archive/2026-10-04/integration/join-502-nearby -> archive/2026-10-04/integration/join-502-nearby
gateway-web	Run actions/checkout@v4	2026-10-05T10:55:37.3773871Z  * [new tag]         archive/2026-10-04/join/JOIN-501-pairing-session-lifecycle -> archive/2026-10-04/join/JOIN-501-pairing-session-lifecycle
gateway-web	Run actions/checkout@v4	2026-10-05T10:55:37.3775609Z  * [new tag]         archive/2026-10-04/join/JOIN-502-nearby-discovery-approval -> archive/2026-10-04/join/JOIN-502-nearby-discovery-approval
gateway-web	Run actions/checkout@v4	2026-10-05T10:55:37.3777901Z  * [new tag]         archive/2026-10-04/join/JOIN-503-device-enrollment-and-tokenless-reconnect -> archive/2026-10-04/join/JOIN-503-device-enrollment-and-tokenless-reconnect
gateway-web	Run actions/checkout@v4	2026-10-05T10:55:37.3779720Z  * [new tag]         archive/2026-10-04/join/JOIN-503-edenrollment-repair -> archive/2026-10-04/join/JOIN-503-edenrollment-repair
gateway-web	Run actions/checkout@v4	2026-10-05T10:55:37.3780997Z  * [new tag]         archive/2026-10-04/mesh/MESH-301-three-end -> archive/2026-10-04/mesh/MESH-301-three-end
gateway-web	Run actions/checkout@v4	2026-10-05T10:55:37.3782600Z  * [new tag]         archive/2026-10-04/review/JOIN-501-mech-formal-review -> archive/2026-10-04/review/JOIN-501-mech-formal-review
gateway-web	Run actions/checkout@v4	2026-10-05T10:55:37.3784029Z  * [new tag]         archive/2026-10-04/review/JOIN-502-alien-formal-review -> archive/2026-10-04/review/JOIN-502-alien-formal-review
gateway-web	Run actions/checkout@v4	2026-10-05T10:55:37.3785444Z  * [new tag]         archive/2026-10-04/review/JOIN-503-mech-formal-review -> archive/2026-10-04/review/JOIN-503-mech-formal-review
gateway-web	Run actions/checkout@v4	2026-10-05T10:55:37.3786899Z  * [new tag]         archive/2026-10-04/review/MESH-301-mech-formal-review -> archive/2026-10-04/review/MESH-301-mech-formal-review
gateway-web	Run actions/checkout@v4	2026-10-05T10:55:37.3787902Z  * [new tag]         archive/2026-10-04/rs/RS-201-dynamic-ai-pool -> archive/2026-10-04/rs/RS-201-dynamic-ai-pool
gateway-web	Run actions/checkout@v4	2026-10-05T10:55:37.3788708Z  * [new tag]         archive/2026-10-04/rs/RS-202-multi-device-concurrency -> archive/2026-10-04/rs/RS-202-multi-device-concurrency
gateway-web	Run actions/checkout@v4	2026-10-05T10:55:37.3789927Z  * [new tag]         archive/2026-10-04/rs/RS-203-cross-device-return-recovery -> archive/2026-10-04/rs/RS-203-cross-device-return-recovery
gateway-web	Run actions/checkout@v4	2026-10-05T10:55:37.3791028Z  * [new tag]         archive/2026-10-04/rs/RS-290-scheduling-baseline-freeze -> archive/2026-10-04/rs/RS-290-scheduling-baseline-freeze
gateway-web	Run actions/checkout@v4	2026-10-05T10:55:37.3791898Z  * [new tag]         archive/2026-10-04/ui/UI-000-visual-direction-candidates -> archive/2026-10-04/ui/UI-000-visual-direction-candidates
gateway-web	Run actions/checkout@v4	2026-10-05T10:55:37.3792681Z  * [new tag]         archive/2026-10-04/ui/UI-101-web-product-shell -> archive/2026-10-04/ui/UI-101-web-product-shell
gateway-web	Run actions/checkout@v4	2026-10-05T10:55:37.3793424Z  * [new tag]         archive/2026-10-04/ui/UI-102-android-product-shell -> archive/2026-10-04/ui/UI-102-android-product-shell
gateway-web	Run actions/checkout@v4	2026-10-05T10:55:37.3794453Z  * [new tag]         archive/2026-10-04/ui/UI-103-rooms-visual-unification -> archive/2026-10-04/ui/UI-103-rooms-visual-unification
gateway-web	Run actions/checkout@v4	2026-10-05T10:55:37.3795213Z  * [new tag]         archive/2026-10-04/ui/UI-190-ui-baseline-freeze -> archive/2026-10-04/ui/UI-190-ui-baseline-freeze
gateway-web	Run actions/checkout@v4	2026-10-05T10:55:37.3796057Z  * [new tag]         archive/2026-10-04/uxi/UXI-301-scheduler-status-into-product-ui -> archive/2026-10-04/uxi/UXI-301-scheduler-status-into-product-ui
gateway-web	Run actions/checkout@v4	2026-10-05T10:55:37.3796974Z  * [new tag]         archive/2026-10-04/uxi/UXI-390-final-product-acceptance -> archive/2026-10-04/uxi/UXI-390-final-product-acceptance
gateway-web	Run actions/checkout@v4	2026-10-05T10:55:37.3797862Z  * [new tag]         archive/2026-10-04/uxi/UXI-391-remote-handoff-closeout -> archive/2026-10-04/uxi/UXI-391-remote-handoff-closeout
gateway-web	Run actions/checkout@v4	2026-10-05T10:55:37.3798698Z  * [new tag]         archive/2026-10-05/fix/Alien-codex-host-inventory-retry -> archive/2026-10-05/fix/Alien-codex-host-inventory-retry
gateway-web	Run actions/checkout@v4	2026-10-05T10:55:37.3883883Z  * [new tag]         archive/2026-10-05/fix/Alien-codex-pairing-city-neutral-lockout -> archive/2026-10-05/fix/Alien-codex-pairing-city-neutral-lockout
gateway-web	Run actions/checkout@v4	2026-10-05T10:55:37.3885222Z  * [new tag]         archive/BA-001                           -> archive/BA-001
gateway-web	Run actions/checkout@v4	2026-10-05T10:55:37.3885918Z  * [new tag]         archive/BA-002                           -> archive/BA-002
gateway-web	Run actions/checkout@v4	2026-10-05T10:55:37.3886618Z  * [new tag]         archive/BA-003                           -> archive/BA-003
gateway-web	Run actions/checkout@v4	2026-10-05T10:55:37.3887290Z  * [new tag]         archive/BA-004                           -> archive/BA-004
gateway-web	Run actions/checkout@v4	2026-10-05T10:55:37.3887989Z  * [new tag]         archive/BA-005                           -> archive/BA-005
gateway-web	Run actions/checkout@v4	2026-10-05T10:55:37.3888686Z  * [new tag]         archive/BA-006                           -> archive/BA-006
gateway-web	Run actions/checkout@v4	2026-10-05T10:55:37.3889886Z  * [new tag]         archive/BA-007                           -> archive/BA-007
gateway-web	Run actions/checkout@v4	2026-10-05T10:55:37.3890627Z  * [new tag]         archive/BA-008                           -> archive/BA-008
gateway-web	Run actions/checkout@v4	2026-10-05T10:55:37.3891395Z  * [new tag]         archive/BA-009                           -> archive/BA-009
gateway-web	Run actions/checkout@v4	2026-10-05T10:55:37.3892147Z  * [new tag]         archive/EM-001                           -> archive/EM-001
gateway-web	Run actions/checkout@v4	2026-10-05T10:55:37.3892879Z  * [new tag]         archive/EM-002                           -> archive/EM-002
gateway-web	Run actions/checkout@v4	2026-10-05T10:55:37.3893623Z  * [new tag]         archive/EM-003                           -> archive/EM-003
gateway-web	Run actions/checkout@v4	2026-10-05T10:55:37.3894342Z  * [new tag]         archive/EM-004                           -> archive/EM-004
gateway-web	Run actions/checkout@v4	2026-10-05T10:55:37.3895054Z  * [new tag]         archive/EM-005                           -> archive/EM-005
gateway-web	Run actions/checkout@v4	2026-10-05T10:55:37.3895792Z  * [new tag]         archive/EM-006                           -> archive/EM-006
gateway-web	Run actions/checkout@v4	2026-10-05T10:55:37.3896543Z  * [new tag]         archive/EM-007                           -> archive/EM-007
gateway-web	Run actions/checkout@v4	2026-10-05T10:55:37.3897258Z  * [new tag]         archive/EM-008                           -> archive/EM-008
gateway-web	Run actions/checkout@v4	2026-10-05T10:55:37.3898054Z  * [new tag]         archive/EM-009                           -> archive/EM-009
gateway-web	Run actions/checkout@v4	2026-10-05T10:55:37.3898740Z  * [new tag]         archive/EM-010                           -> archive/EM-010
gateway-web	Run actions/checkout@v4	2026-10-05T10:55:37.3899451Z  * [new tag]         archive/EM-011                           -> archive/EM-011
gateway-web	Run actions/checkout@v4	2026-10-05T10:55:37.3899971Z  * [new tag]         archive/EM-012                           -> archive/EM-012
gateway-web	Run actions/checkout@v4	2026-10-05T10:55:37.3900810Z  * [new tag]         archive/EM-013                           -> archive/EM-013
gateway-web	Run actions/checkout@v4	2026-10-05T10:55:37.3901258Z  * [new tag]         archive/GAI-001                          -> archive/GAI-001
gateway-web	Run actions/checkout@v4	2026-10-05T10:55:37.3901672Z  * [new tag]         archive/GAI-002                          -> archive/GAI-002
gateway-web	Run actions/checkout@v4	2026-10-05T10:55:37.3902091Z  * [new tag]         archive/GAI-003                          -> archive/GAI-003
gateway-web	Run actions/checkout@v4	2026-10-05T10:55:37.3902522Z  * [new tag]         archive/GAI-004                          -> archive/GAI-004
gateway-web	Run actions/checkout@v4	2026-10-05T10:55:37.3903164Z  * [new tag]         archive/GAI-005                          -> archive/GAI-005
gateway-web	Run actions/checkout@v4	2026-10-05T10:55:37.3903569Z  * [new tag]         archive/GAI-006                          -> archive/GAI-006
gateway-web	Run actions/checkout@v4	2026-10-05T10:55:37.3903968Z  * [new tag]         archive/GAI-007                          -> archive/GAI-007
gateway-web	Run actions/checkout@v4	2026-10-05T10:55:37.3904374Z  * [new tag]         archive/GAI-008                          -> archive/GAI-008
gateway-web	Run actions/checkout@v4	2026-10-05T10:55:37.3904789Z  * [new tag]         archive/GAI-009                          -> archive/GAI-009
gateway-web	Run actions/checkout@v4	2026-10-05T10:55:37.3905238Z  * [new tag]         archive/RF-001                           -> archive/RF-001
gateway-web	Run actions/checkout@v4	2026-10-05T10:55:37.3905641Z  * [new tag]         archive/RF-002                           -> archive/RF-002
gateway-web	Run actions/checkout@v4	2026-10-05T10:55:37.3906036Z  * [new tag]         archive/RF-003                           -> archive/RF-003
gateway-web	Run actions/checkout@v4	2026-10-05T10:55:37.3906458Z  * [new tag]         archive/RF-004                           -> archive/RF-004
gateway-web	Run actions/checkout@v4	2026-10-05T10:55:37.3906848Z  * [new tag]         archive/RF-005                           -> archive/RF-005
gateway-web	Run actions/checkout@v4	2026-10-05T10:55:37.3907245Z  * [new tag]         archive/RF-006                           -> archive/RF-006
gateway-web	Run actions/checkout@v4	2026-10-05T10:55:37.3907637Z  * [new tag]         archive/RF-007                           -> archive/RF-007
gateway-web	Run actions/checkout@v4	2026-10-05T10:55:37.3908028Z  * [new tag]         archive/RF-008                           -> archive/RF-008
gateway-web	Run actions/checkout@v4	2026-10-05T10:55:37.3908413Z  * [new tag]         archive/RF-009                           -> archive/RF-009
gateway-web	Run actions/checkout@v4	2026-10-05T10:55:37.3908800Z  * [new tag]         archive/RF-010                           -> archive/RF-010
gateway-web	Run actions/checkout@v4	2026-10-05T10:55:37.3909323Z  * [new tag]         archive/alien/capability-bridge-v0.3     -> archive/alien/capability-bridge-v0.3
gateway-web	Run actions/checkout@v4	2026-10-05T10:55:37.3909975Z  * [new tag]         archive/alien/v0.3-hardening-repair      -> archive/alien/v0.3-hardening-repair
gateway-web	Run actions/checkout@v4	2026-10-05T10:55:37.3911311Z  * [new tag]         archive/alien/wave2-repair-v1            -> archive/alien/wave2-repair-v1
gateway-web	Run actions/checkout@v4	2026-10-05T10:55:37.3911885Z  * [new tag]         archive/alien/wave3-theme-build          -> archive/alien/wave3-theme-build
gateway-web	Run actions/checkout@v4	2026-10-05T10:55:37.3912631Z  * [new tag]         archive/codex/alien-device-center-connectivity-v0.2 -> archive/codex/alien-device-center-connectivity-v0.2
gateway-web	Run actions/checkout@v4	2026-10-05T10:55:37.3913343Z  * [new tag]         archive/codex/product-v0                 -> archive/codex/product-v0
gateway-web	Run actions/checkout@v4	2026-10-05T10:55:37.3913967Z  * [new tag]         archive/docs/v02-acceptance-links        -> archive/docs/v02-acceptance-links
gateway-web	Run actions/checkout@v4	2026-10-05T10:55:37.3914797Z  * [new tag]         archive/infra/mission-evolution-bootstrap -> archive/infra/mission-evolution-bootstrap
gateway-web	Run actions/checkout@v4	2026-10-05T10:55:37.3915449Z  * [new tag]         archive/mech/city-implementation-v1      -> archive/mech/city-implementation-v1
gateway-web	Run actions/checkout@v4	2026-10-05T10:55:37.3916027Z  * [new tag]         archive/mech/d9-theme-builder            -> archive/mech/d9-theme-builder
gateway-web	Run actions/checkout@v4	2026-10-05T10:55:37.3916620Z  * [new tag]         archive/mech/donor-document-intake-v1    -> archive/mech/donor-document-intake-v1
gateway-web	Run actions/checkout@v4	2026-10-05T10:55:37.3917240Z  * [new tag]         archive/mech/donor-knowledge-core-v1     -> archive/mech/donor-knowledge-core-v1
gateway-web	Run actions/checkout@v4	2026-10-05T10:55:37.3917837Z  * [new tag]         archive/mech/donor-skill-intake-v1       -> archive/mech/donor-skill-intake-v1
gateway-web	Run actions/checkout@v4	2026-10-05T10:55:37.3918422Z  * [new tag]         archive/mech/donor-theme-engine-v1       -> archive/mech/donor-theme-engine-v1
gateway-web	Run actions/checkout@v4	2026-10-05T10:55:37.3918981Z  * [new tag]         archive/mech/knowledge-room-k0           -> archive/mech/knowledge-room-k0
gateway-web	Run actions/checkout@v4	2026-10-05T10:55:37.3919539Z  * [new tag]         archive/mech/room-incubation-v1          -> archive/mech/room-incubation-v1
gateway-web	Run actions/checkout@v4	2026-10-05T10:55:37.3920075Z  * [new tag]         archive/mech/room-pack-v1                -> archive/mech/room-pack-v1
gateway-web	Run actions/checkout@v4	2026-10-05T10:55:37.3921114Z  * [new tag]         archive/mech/wave1-closeout-repair       -> archive/mech/wave1-closeout-repair
gateway-web	Run actions/checkout@v4	2026-10-05T10:55:37.3921731Z  * [new tag]         archive/mech/wave3-road-activation       -> archive/mech/wave3-road-activation
gateway-web	Run actions/checkout@v4	2026-10-05T10:55:37.3922883Z  * [new tag]         archive/mech/web-i18n-v1                 -> archive/mech/web-i18n-v1
gateway-web	Run actions/checkout@v4	2026-10-05T10:55:37.3923926Z  * [new tag]         archive/merge/butler-assistant-integration -> archive/merge/butler-assistant-integration
gateway-web	Run actions/checkout@v4	2026-10-05T10:55:37.3925296Z  * [new tag]         archive/merge/engineering-manager-integration -> archive/merge/engineering-manager-integration
gateway-web	Run actions/checkout@v4	2026-10-05T10:55:37.3926667Z  * [new tag]         archive/merge/general-ai-gateway-integration -> archive/merge/general-ai-gateway-integration
gateway-web	Run actions/checkout@v4	2026-10-05T10:55:37.3927889Z  * [new tag]         archive/merge/remote-fabric-integration  -> archive/merge/remote-fabric-integration
gateway-web	Run actions/checkout@v4	2026-10-05T10:55:37.3928957Z  * [new tag]         archive/mission/MB-001-core-os           -> archive/mission/MB-001-core-os
gateway-web	Run actions/checkout@v4	2026-10-05T10:55:37.3930041Z  * [new tag]         archive/mission/MB-002-capability-fabric -> archive/mission/MB-002-capability-fabric
gateway-web	Run actions/checkout@v4	2026-10-05T10:55:37.3931235Z  * [new tag]         archive/mission/MB-003-worker-gateway    -> archive/mission/MB-003-worker-gateway
gateway-web	Run actions/checkout@v4	2026-10-05T10:55:37.3932423Z  * [new tag]         archive/mission/MB-004-project-foreman   -> archive/mission/MB-004-project-foreman
gateway-web	Run actions/checkout@v4	2026-10-05T10:55:37.3933529Z  * [new tag]         archive/mission/MB-005-host-health       -> archive/mission/MB-005-host-health
gateway-web	Run actions/checkout@v4	2026-10-05T10:55:37.3934585Z  * [new tag]         archive/mission/MB-006-restart-recovery  -> archive/mission/MB-006-restart-recovery
gateway-web	Run actions/checkout@v4	2026-10-05T10:55:37.3935707Z  * [new tag]         archive/mission/MB-007-research-institute -> archive/mission/MB-007-research-institute
gateway-web	Run actions/checkout@v4	2026-10-05T10:55:37.3936800Z  * [new tag]         archive/mission/MB-008-computer-use      -> archive/mission/MB-008-computer-use
gateway-web	Run actions/checkout@v4	2026-10-05T10:55:37.3937949Z  * [new tag]         archive/mission/MB-009-theme-relocation  -> archive/mission/MB-009-theme-relocation
gateway-web	Run actions/checkout@v4	2026-10-05T10:55:37.3938841Z  * [new tag]         archive/mission/MB-010-node-fabric       -> archive/mission/MB-010-node-fabric
gateway-web	Run actions/checkout@v4	2026-10-05T10:55:37.3939417Z  * [new tag]         archive/mission/MB-011-customs           -> archive/mission/MB-011-customs
gateway-web	Run actions/checkout@v4	2026-10-05T10:55:37.3940033Z  * [new tag]         archive/mission/MB-012-runtime-compliance -> archive/mission/MB-012-runtime-compliance
gateway-web	Run actions/checkout@v4	2026-10-05T10:55:37.3941118Z  * [new tag]         archive/product/upt-pre-assistant-closeout -> archive/product/upt-pre-assistant-closeout
gateway-web	Run actions/checkout@v4	2026-10-05T10:55:37.3942423Z  * [new tag]         archive/repair/MB-007-owner-override-finalize -> archive/repair/MB-007-owner-override-finalize
gateway-web	Run actions/checkout@v4	2026-10-05T10:55:37.3943620Z  * [new tag]         utopia-donor-wave1-closed-v1             -> utopia-donor-wave1-closed-v1
gateway-web	Run actions/checkout@v4	2026-10-05T10:55:37.3944568Z  * [new tag]         utopia-v0.3-hardening                    -> utopia-v0.3-hardening
gateway-web	Run actions/checkout@v4	2026-10-05T10:55:37.3945380Z  * [new tag]         utopia-wave3                             -> utopia-wave3
gateway-web	Run actions/checkout@v4	2026-10-05T10:55:37.3946144Z  * [new tag]         v0.1.0-product                           -> v0.1.0-product
gateway-web	Run actions/checkout@v4	2026-10-05T10:55:37.3947034Z  * [new tag]         v0.2.0-device-center-connectivity        -> v0.2.0-device-center-connectivity
gateway-web	Run actions/checkout@v4	2026-10-05T10:55:37.3948012Z  * [new ref]         acf9d65e40c0bbd8061db21a9c6c57b90bed3da0 -> pull/28/merge
gateway-web	Run actions/checkout@v4	2026-10-05T10:55:37.3949627Z ##[endgroup]
gateway-web	Run actions/checkout@v4	2026-10-05T10:55:37.3950227Z ##[group]Determining the checkout info
gateway-web	Run actions/checkout@v4	2026-10-05T10:55:37.3950923Z ##[endgroup]
gateway-web	Run actions/checkout@v4	2026-10-05T10:55:37.3951430Z [command]"C:\Program Files\Git\bin\git.exe" sparse-checkout disable
gateway-web	Run actions/checkout@v4	2026-10-05T10:55:37.4250524Z [command]"C:\Program Files\Git\bin\git.exe" config --local --unset-all extensions.worktreeConfig
gateway-web	Run actions/checkout@v4	2026-10-05T10:55:37.4554014Z ##[group]Checking out the ref
gateway-web	Run actions/checkout@v4	2026-10-05T10:55:37.4563088Z [command]"C:\Program Files\Git\bin\git.exe" checkout --progress --force refs/remotes/pull/28/merge
gateway-web	Run actions/checkout@v4	2026-10-05T10:55:37.9699977Z Note: switching to 'refs/remotes/pull/28/merge'.
gateway-web	Run actions/checkout@v4	2026-10-05T10:55:37.9700353Z 
gateway-web	Run actions/checkout@v4	2026-10-05T10:55:37.9700595Z You are in 'detached HEAD' state. You can look around, make experimental
gateway-web	Run actions/checkout@v4	2026-10-05T10:55:37.9701262Z changes and commit them, and you can discard any commits you make in this
gateway-web	Run actions/checkout@v4	2026-10-05T10:55:37.9702734Z state without impacting any branches by switching back to a branch.
gateway-web	Run actions/checkout@v4	2026-10-05T10:55:37.9703206Z 
gateway-web	Run actions/checkout@v4	2026-10-05T10:55:37.9703414Z If you want to create a new branch to retain commits you create, you may
gateway-web	Run actions/checkout@v4	2026-10-05T10:55:37.9703854Z do so (now or later) by using -c with the switch command. Example:
gateway-web	Run actions/checkout@v4	2026-10-05T10:55:37.9704113Z 
gateway-web	Run actions/checkout@v4	2026-10-05T10:55:37.9704250Z   git switch -c <new-branch-name>
gateway-web	Run actions/checkout@v4	2026-10-05T10:55:37.9704419Z 
gateway-web	Run actions/checkout@v4	2026-10-05T10:55:37.9704519Z Or undo this operation with:
gateway-web	Run actions/checkout@v4	2026-10-05T10:55:37.9704671Z 
gateway-web	Run actions/checkout@v4	2026-10-05T10:55:37.9704754Z   git switch -
gateway-web	Run actions/checkout@v4	2026-10-05T10:55:37.9704889Z 
gateway-web	Run actions/checkout@v4	2026-10-05T10:55:37.9705100Z Turn off this advice by setting config variable advice.detachedHead to false
gateway-web	Run actions/checkout@v4	2026-10-05T10:55:37.9705408Z 
gateway-web	Run actions/checkout@v4	2026-10-05T10:55:37.9705806Z HEAD is now at acf9d65 Merge 0ea9203d3409a59194675d48d93950c7af9fb92f into d3262ce2dd81e51a53e39e6f9add8dee650a7682
gateway-web	Run actions/checkout@v4	2026-10-05T10:55:37.9833343Z ##[endgroup]
gateway-web	Run actions/checkout@v4	2026-10-05T10:55:38.0287098Z [command]"C:\Program Files\Git\bin\git.exe" log -1 --format=%H
gateway-web	Run actions/checkout@v4	2026-10-05T10:55:38.0548691Z acf9d65e40c0bbd8061db21a9c6c57b90bed3da0
gateway-web	Run actions/setup-node@v4	﻿2026-10-05T10:55:38.1003798Z ##[group]Run actions/setup-node@v4
gateway-web	Run actions/setup-node@v4	2026-10-05T10:55:38.1004164Z with:
gateway-web	Run actions/setup-node@v4	2026-10-05T10:55:38.1004364Z   node-version: 24
gateway-web	Run actions/setup-node@v4	2026-10-05T10:55:38.1004579Z   always-auth: false
gateway-web	Run actions/setup-node@v4	2026-10-05T10:55:38.1004792Z   check-latest: false
gateway-web	Run actions/setup-node@v4	2026-10-05T10:55:38.1007400Z   token: [REDACTED]
gateway-web	Run actions/setup-node@v4	2026-10-05T10:55:38.1007603Z ##[endgroup]
gateway-web	Run actions/setup-node@v4	2026-10-05T10:55:38.3065011Z Found in cache @ C:\hostedtoolcache\windows\node\24.21.0\x64
gateway-web	Run actions/setup-node@v4	2026-10-05T10:55:38.3071884Z (node:3364) [DEP0040] DeprecationWarning: The `punycode` module is deprecated. Please use a userland alternative instead.
gateway-web	Run actions/setup-node@v4	2026-10-05T10:55:38.3072623Z (Use `node --trace-deprecation ...` to show where the warning was created)
gateway-web	Run actions/setup-node@v4	2026-10-05T10:55:38.3075402Z ##[group]Environment details
gateway-web	Run actions/setup-node@v4	2026-10-05T10:55:42.8642386Z node: v24.21.0
gateway-web	Run actions/setup-node@v4	2026-10-05T10:55:42.8642720Z npm: 11.19.0
gateway-web	Run actions/setup-node@v4	2026-10-05T10:55:42.8642902Z yarn: 1.22.22
gateway-web	Run actions/setup-node@v4	2026-10-05T10:55:42.8643932Z ##[endgroup]
gateway-web	Run pnpm/action-setup@v4	﻿2026-10-05T10:55:42.8966488Z ##[group]Run pnpm/action-setup@v4
gateway-web	Run pnpm/action-setup@v4	2026-10-05T10:55:42.8966845Z with:
gateway-web	Run pnpm/action-setup@v4	2026-10-05T10:55:42.8967042Z   version: 11.19.0
gateway-web	Run pnpm/action-setup@v4	2026-10-05T10:55:42.8967246Z   dest: ~/setup-pnpm
gateway-web	Run pnpm/action-setup@v4	2026-10-05T10:55:42.8967447Z   run_install: null
gateway-web	Run pnpm/action-setup@v4	2026-10-05T10:55:42.8967634Z   cache: false
gateway-web	Run pnpm/action-setup@v4	2026-10-05T10:55:42.8967841Z   cache_dependency_path: pnpm-lock.yaml
gateway-web	Run pnpm/action-setup@v4	2026-10-05T10:55:42.8968118Z   package_json_file: package.json
gateway-web	Run pnpm/action-setup@v4	2026-10-05T10:55:42.8968363Z   standalone: false
gateway-web	Run pnpm/action-setup@v4	2026-10-05T10:55:42.8968560Z ##[endgroup]
gateway-web	Run pnpm/action-setup@v4	2026-10-05T10:55:43.0944236Z ##[group]Running self-installer...
gateway-web	Run pnpm/action-setup@v4	2026-10-05T10:55:43.5633747Z (node:2724) [DEP0169] DeprecationWarning: `url.parse()` behavior is not standardized and prone to errors that have security implications. Use the WHATWG URL API instead. CVEs are not issued for `url.parse()` vulnerabilities.
gateway-web	Run pnpm/action-setup@v4	2026-10-05T10:55:43.5635347Z (Use `node --trace-deprecation ...` to show where the warning was created)
gateway-web	Run pnpm/action-setup@v4	2026-10-05T10:55:43.7073068Z Progress: resolved 1, reused 0, downloaded 0, added 0
gateway-web	Run pnpm/action-setup@v4	2026-10-05T10:55:43.7176333Z Packages: +1
gateway-web	Run pnpm/action-setup@v4	2026-10-05T10:55:43.7176780Z +
gateway-web	Run pnpm/action-setup@v4	2026-10-05T10:55:44.8698937Z Progress: resolved 1, reused 0, downloaded 1, added 0
gateway-web	Run pnpm/action-setup@v4	2026-10-05T10:55:45.6446986Z Progress: resolved 1, reused 0, downloaded 1, added 1, done
gateway-web	Run pnpm/action-setup@v4	2026-10-05T10:55:45.7273686Z 
gateway-web	Run pnpm/action-setup@v4	2026-10-05T10:55:45.7274630Z dependencies:
gateway-web	Run pnpm/action-setup@v4	2026-10-05T10:55:45.7275349Z + pnpm 11.19.0 (12.9.1 is available)
gateway-web	Run pnpm/action-setup@v4	2026-10-05T10:55:45.7275689Z 
gateway-web	Run pnpm/action-setup@v4	2026-10-05T10:55:45.7378367Z Done in 2.4s
gateway-web	Run pnpm/action-setup@v4	2026-10-05T10:55:45.7614974Z ##[endgroup]
gateway-web	Run pnpm/action-setup@v4	2026-10-05T10:55:45.7615732Z Installation Completed!
gateway-web	Run pnpm install --frozen-lockfile	﻿2026-10-05T10:55:45.7939248Z ##[group]Run pnpm install --frozen-lockfile
gateway-web	Run pnpm install --frozen-lockfile	2026-10-05T10:55:45.7939707Z ^[[36;1mpnpm install --frozen-lockfile^[[0m
gateway-web	Run pnpm install --frozen-lockfile	2026-10-05T10:55:45.8471085Z shell: C:\Program Files\PowerShell\7\pwsh.EXE -command ". '{0}'"
gateway-web	Run pnpm install --frozen-lockfile	2026-10-05T10:55:45.8471504Z env:
gateway-web	Run pnpm install --frozen-lockfile	2026-10-05T10:55:45.8471789Z   PNPM_HOME: C:\Users\runneradmin\setup-pnpm\node_modules\.bin
gateway-web	Run pnpm install --frozen-lockfile	2026-10-05T10:55:45.8472150Z ##[endgroup]
gateway-web	Run pnpm install --frozen-lockfile	2026-10-05T10:55:47.6221774Z ? Verifying lockfile against supply-chain policies (39 entries)...
gateway-web	Run pnpm install --frozen-lockfile	2026-10-05T10:55:47.6303367Z Lockfile is up to date, resolution step is skipped
gateway-web	Run pnpm install --frozen-lockfile	2026-10-05T10:55:47.8131476Z Progress: resolved 1, reused 0, downloaded 0, added 0
gateway-web	Run pnpm install --frozen-lockfile	2026-10-05T10:55:47.8322197Z Packages: +38
gateway-web	Run pnpm install --frozen-lockfile	2026-10-05T10:55:47.8330420Z ++++++++++++++++++++++++++++++++++++++
gateway-web	Run pnpm install --frozen-lockfile	2026-10-05T10:55:48.5142474Z Packages are hard linked from the content-addressable store to the virtual store.
gateway-web	Run pnpm install --frozen-lockfile	2026-10-05T10:55:48.5148741Z   Content-addressable store is at: D:\.pnpm-store\v11
gateway-web	Run pnpm install --frozen-lockfile	2026-10-05T10:55:48.5157241Z   Virtual store is at:             node_modules/.pnpm
gateway-web	Run pnpm install --frozen-lockfile	2026-10-05T10:55:48.7883740Z Progress: resolved 38, reused 0, downloaded 38, added 38, done
gateway-web	Run pnpm install --frozen-lockfile	2026-10-05T10:55:48.8157080Z ✓ Lockfile passes supply-chain policies (39 entries in 1.1s)
gateway-web	Run pnpm install --frozen-lockfile	2026-10-05T10:55:48.8571334Z 
gateway-web	Run pnpm install --frozen-lockfile	2026-10-05T10:55:48.8571855Z dependencies:
gateway-web	Run pnpm install --frozen-lockfile	2026-10-05T10:55:48.8572154Z + bonjour-service 1.4.4
gateway-web	Run pnpm install --frozen-lockfile	2026-10-05T10:55:48.8572400Z + qrcode 1.5.4
gateway-web	Run pnpm install --frozen-lockfile	2026-10-05T10:55:48.8572595Z + ws 8.18.3
gateway-web	Run pnpm install --frozen-lockfile	2026-10-05T10:55:48.8572705Z 
gateway-web	Run pnpm install --frozen-lockfile	2026-10-05T10:55:48.8572800Z devDependencies:
gateway-web	Run pnpm install --frozen-lockfile	2026-10-05T10:55:48.8573291Z + playwright 1.55.1
gateway-web	Run pnpm install --frozen-lockfile	2026-10-05T10:55:48.8573485Z 
gateway-web	Run pnpm install --frozen-lockfile	2026-10-05T10:55:48.8714803Z Done in 2.5s using pnpm v11.19.0
gateway-web	Run pnpm --dir city install --frozen-lockfile	﻿2026-10-05T10:55:49.1601984Z ##[group]Run pnpm --dir city install --frozen-lockfile
gateway-web	Run pnpm --dir city install --frozen-lockfile	2026-10-05T10:55:49.1602569Z ^[[36;1mpnpm --dir city install --frozen-lockfile^[[0m
gateway-web	Run pnpm --dir city install --frozen-lockfile	2026-10-05T10:55:49.1673456Z shell: C:\Program Files\PowerShell\7\pwsh.EXE -command ". '{0}'"
gateway-web	Run pnpm --dir city install --frozen-lockfile	2026-10-05T10:55:49.1673822Z env:
gateway-web	Run pnpm --dir city install --frozen-lockfile	2026-10-05T10:55:49.1674096Z   PNPM_HOME: C:\Users\runneradmin\setup-pnpm\node_modules\.bin
gateway-web	Run pnpm --dir city install --frozen-lockfile	2026-10-05T10:55:49.1674419Z ##[endgroup]
gateway-web	Run pnpm --dir city install --frozen-lockfile	2026-10-05T10:55:49.9618368Z ? Verifying lockfile against supply-chain policies (41 entries)...
gateway-web	Run pnpm --dir city install --frozen-lockfile	2026-10-05T10:55:49.9692529Z Lockfile is up to date, resolution step is skipped
gateway-web	Run pnpm --dir city install --frozen-lockfile	2026-10-05T10:55:50.0477310Z Progress: resolved 1, reused 0, downloaded 0, added 0
gateway-web	Run pnpm --dir city install --frozen-lockfile	2026-10-05T10:55:50.0686374Z Packages: +31
gateway-web	Run pnpm --dir city install --frozen-lockfile	2026-10-05T10:55:50.0783551Z +++++++++++++++++++++++++++++++
gateway-web	Run pnpm --dir city install --frozen-lockfile	2026-10-05T10:55:50.7082170Z ✓ Lockfile passes supply-chain policies (41 entries in 744ms)
gateway-web	Run pnpm --dir city install --frozen-lockfile	2026-10-05T10:55:50.7841055Z Packages are hard linked from the content-addressable store to the virtual store.
gateway-web	Run pnpm --dir city install --frozen-lockfile	2026-10-05T10:55:50.7842138Z   Content-addressable store is at: D:\.pnpm-store\v11
gateway-web	Run pnpm --dir city install --frozen-lockfile	2026-10-05T10:55:50.7853247Z   Virtual store is at:             node_modules/.pnpm
gateway-web	Run pnpm --dir city install --frozen-lockfile	2026-10-05T10:55:51.0507702Z Progress: resolved 31, reused 0, downloaded 31, added 30
gateway-web	Run pnpm --dir city install --frozen-lockfile	2026-10-05T10:55:51.0993030Z Progress: resolved 31, reused 0, downloaded 31, added 31, done
gateway-web	Run pnpm --dir city install --frozen-lockfile	2026-10-05T10:55:51.1457472Z 
gateway-web	Run pnpm --dir city install --frozen-lockfile	2026-10-05T10:55:51.1458171Z dependencies:
gateway-web	Run pnpm --dir city install --frozen-lockfile	2026-10-05T10:55:51.1458855Z + fflate 0.8.3
gateway-web	Run pnpm --dir city install --frozen-lockfile	2026-10-05T10:55:51.1459180Z + mammoth 1.12.2
gateway-web	Run pnpm --dir city install --frozen-lockfile	2026-10-05T10:55:51.1459827Z + pdfjs-dist 6.3.289
gateway-web	Run pnpm --dir city install --frozen-lockfile	2026-10-05T10:55:51.1460469Z + yaml 2.9.0
gateway-web	Run pnpm --dir city install --frozen-lockfile	2026-10-05T10:55:51.1460848Z 
gateway-web	Run pnpm --dir city install --frozen-lockfile	2026-10-05T10:55:51.1634757Z Done in 1.6s using pnpm v11.19.0
gateway-web	Run pnpm test	﻿2026-10-05T10:55:51.3105440Z ##[group]Run pnpm test
gateway-web	Run pnpm test	2026-10-05T10:55:51.3105779Z ^[[36;1mpnpm test^[[0m
gateway-web	Run pnpm test	2026-10-05T10:55:51.3176029Z shell: C:\Program Files\PowerShell\7\pwsh.EXE -command ". '{0}'"
gateway-web	Run pnpm test	2026-10-05T10:55:51.3176382Z env:
gateway-web	Run pnpm test	2026-10-05T10:55:51.3176652Z   PNPM_HOME: C:\Users\runneradmin\setup-pnpm\node_modules\.bin
gateway-web	Run pnpm test	2026-10-05T10:55:51.3176983Z ##[endgroup]
gateway-web	Run pnpm test	2026-10-05T10:55:52.1135824Z $ node --test tests/*.test.mjs
gateway-web	Run pnpm test	2026-10-05T10:55:52.3353867Z ✔ UXI-301 android: the Kotlin term table equals the contract EXACTLY, in both directions (8.2513ms)
gateway-web	Run pnpm test	2026-10-05T10:55:52.3385364Z ✔ UXI-301 android: the Kotlin state and action tables equal the contract (0.4296ms)
gateway-web	Run pnpm test	2026-10-05T10:55:52.3387292Z ✔ UXI-301 android: Kotlin severity agrees with the contract class wherever the class carries meaning (0.4413ms)
gateway-web	Run pnpm test	2026-10-05T10:55:52.3388999Z ✔ UXI-301 android: the parity guard would actually fail on drift (0.5493ms)
gateway-web	Run pnpm test	2026-10-05T10:55:52.3397325Z ✔ UXI-390: Android action wiring equals the web surface wiring map (0.9626ms)
gateway-web	Run pnpm test	2026-10-05T10:55:52.3531115Z ✔ Android UI evidence parser preserves single-quoted JSON and double-quoted attributes (4.7191ms)
gateway-web	Run pnpm test	2026-10-05T10:55:52.3849389Z ✔ a committed record from one embodiment is visible to another embodiment of the same assistant (4.1769ms)
gateway-web	Run pnpm test	2026-10-05T10:55:52.3855769Z ✔ two embodiments keep different local context while sharing one authoritative identity (3.0302ms)
gateway-web	Run pnpm test	2026-10-05T10:55:52.3894217Z ✔ disconnecting one embodiment does not terminate the assistant while another remains (1.0087ms)
gateway-web	Run pnpm test	2026-10-05T10:55:52.3896541Z ✔ embodiment-local transient state never leaks into shared state unless promoted (1.9814ms)
gateway-web	Run pnpm test	2026-10-05T10:55:52.3901471Z ✔ concurrent promotion attempts are settled by revision checks, not last-writer-wins (1.1793ms)
gateway-web	Run pnpm test	2026-10-05T10:55:52.3924875Z ✔ promotion is idempotent and rejects key reuse with a different payload (0.8837ms)
gateway-web	Run pnpm test	2026-10-05T10:55:52.3931073Z ✔ authoritative state never holds user identity, authority or raw secrets (1.1881ms)
gateway-web	Run pnpm test	2026-10-05T10:55:52.3932562Z ✔ disclosure is limited by audience and requested scopes (1.3624ms)
gateway-web	Run pnpm test	2026-10-05T10:55:52.3938295Z ✔ recovery keeps the logical assistant and its durable records across a restart (1.5076ms)
gateway-web	Run pnpm test	2026-10-05T10:55:52.3941516Z ✔ a process restart refuses old sessions and stale local scratch as authority (1.5807ms)
gateway-web	Run pnpm test	2026-10-05T10:55:52.3943374Z ✔ in-process recovery expires live sessions until the device re-fetches authority (1.2728ms)
gateway-web	Run pnpm test	2026-10-05T10:55:52.3945497Z ✔ one expired embodiment does not disturb the other embodiments of the same assistant (0.5936ms)
gateway-web	Run pnpm test	2026-10-05T10:55:52.3947366Z ✔ the assistant profile port is a versioned seam with a deterministic double (0.8657ms)
gateway-web	Run pnpm test	2026-10-05T10:55:52.3951815Z ✔ core contract flags state the one-identity-many-projections invariant (0.3973ms)
gateway-web	Run pnpm test	2026-10-05T10:55:52.3957328Z ✔ authority and user-identity state cannot be promoted under a different spelling (0.6704ms)
gateway-web	Run pnpm test	2026-10-05T10:55:52.3969008Z ✔ a raw secret cannot be promoted under a plural or camelCase spelling (0.4334ms)
gateway-web	Run pnpm test	2026-10-05T10:55:52.3992953Z ✔ an embodiment reference from a previous epoch never names a live embodiment (0.7796ms)
gateway-web	Run pnpm test	2026-10-05T10:55:52.4006053Z ✔ a tampered snapshot cannot install authority, a secret, an unpromotable scope or an unknown audience as truth (1.7328ms)
gateway-web	Run pnpm test	2026-10-05T10:55:52.4014734Z ✔ a retry carrying a different payload is refused, not silently replayed (0.3879ms)
gateway-web	Run pnpm test	2026-10-05T10:55:52.4618517Z ✔ two assistants hold different duties and proactivity over one authorized user context (6.4527ms)
gateway-web	Run pnpm test	2026-10-05T10:55:52.4622109Z ✔ out-of-duty requests are refused or delegated without changing permissions (0.8317ms)
gateway-web	Run pnpm test	2026-10-05T10:55:52.4630181Z ✔ effective permission is the four-axis intersection and a lease never substitutes for it (2.7035ms)
gateway-web	Run pnpm test	2026-10-05T10:55:52.4634225Z ✔ a handoff to a less-privileged assistant stays less privileged (1.125ms)
gateway-web	Run pnpm test	2026-10-05T10:55:52.4636117Z ✔ permission is recomputed after handoff, device change, reconnect and capability change (1.8566ms)
gateway-web	Run pnpm test	2026-10-05T10:55:52.4646884Z ✔ proactivity levels bound initiative and notification audiences (1.1666ms)
gateway-web	Run pnpm test	2026-10-05T10:55:52.4652891Z ✔ the policy engine is strict, frozen, observable and independent (2.003ms)
gateway-web	Run pnpm test	2026-10-05T10:55:52.4656237Z ✔ the deployment policy is validated and its ceiling cannot be removed (0.6068ms)
gateway-web	Run pnpm test	2026-10-05T10:55:52.4660132Z ✔ the confirmation floor comes from the deployment policy, not from the assistant (0.6811ms)
gateway-web	Run pnpm test	2026-10-05T10:55:52.4664444Z ✔ notification audiences are a list of references, not a substring match (0.6093ms)
gateway-web	Run pnpm test	2026-10-05T10:55:52.4666310Z ✔ a handoff payload cannot carry authority whatever its shape (1.1694ms)
gateway-web	Run pnpm test	2026-10-05T10:55:52.4667833Z ✔ the assistant axis is the registry own duty policy and the Core axes say so (0.65ms)
gateway-web	Run pnpm test	2026-10-05T10:55:52.4678727Z ✔ an uninterpretable instant is refused rather than recorded (0.5829ms)
gateway-web	Run pnpm test	2026-10-05T10:55:52.4680042Z ✔ the duty gate is about the action, and a named duty only narrows it (0.6303ms)
gateway-web	Run pnpm test	2026-10-05T10:55:52.4681517Z ✔ a handoff carries the capability factor and reports relative privilege honestly (0.4707ms)
gateway-web	Run pnpm test	2026-10-05T10:55:52.4682941Z ✔ a lease must be unexpired and held here to count as execution safety (0.6476ms)
gateway-web	Run pnpm test	2026-10-05T10:55:52.4687033Z ✔ a recomputation supersedes the decisions it replaces, and ids are registry scoped (0.7807ms)
gateway-web	Run pnpm test	2026-10-05T10:55:52.4870693Z ✔ embodiment events are the canonical Assistant model and transport stays non-canonical (5.4781ms)
gateway-web	Run pnpm test	2026-10-05T10:55:52.4883848Z ✔ contradictory commands from two devices cannot produce two exclusive side effects (3.2592ms)
gateway-web	Run pnpm test	2026-10-05T10:55:52.4893662Z ✔ retries and replays with the same action key never duplicate the external side effect (1.7676ms)
gateway-web	Run pnpm test	2026-10-05T10:55:52.4907463Z ✔ lease expiry, revocation and reassignment are authoritative and observable (2.6432ms)
gateway-web	Run pnpm test	2026-10-05T10:55:52.4915906Z ✔ after a disconnect nothing resumes on a stale local lease (7.5647ms)
gateway-web	Run pnpm test	2026-10-05T10:55:52.4966166Z ✔ output routing respects availability, foreground and privacy without broadcasting (2.1906ms)
gateway-web	Run pnpm test	2026-10-05T10:55:52.4976400Z ✔ the bus is strict, frozen and free of ambient state (1.3154ms)
gateway-web	Run pnpm test	2026-10-05T10:55:52.4977677Z ✔ the canonical contract allow-list is decided by own keys (0.7616ms)
gateway-web	Run pnpm test	2026-10-05T10:55:52.4983923Z ✔ a caller instant must be real, not merely well shaped (0.7876ms)
gateway-web	Run pnpm test	2026-10-05T10:55:52.4985290Z ✔ the bus policy bounds are validated rather than trusted (1.2064ms)
gateway-web	Run pnpm test	2026-10-05T10:55:52.4986771Z ✔ a reconnecting device never revives a lease another holder has taken over (0.6487ms)
gateway-web	Run pnpm test	2026-10-05T10:55:52.4989501Z ✔ an action key stays the same action across renewal and reassignment (0.5215ms)
gateway-web	Run pnpm test	2026-10-05T10:55:52.4991118Z ✔ renewal retires the previous lease reference instead of aliasing it (0.6499ms)
gateway-web	Run pnpm test	2026-10-05T10:55:52.4992693Z ✔ authority is never anonymous: acting on a lease needs the holder it names (1.1103ms)
gateway-web	Run pnpm test	2026-10-05T10:55:52.4994167Z ✔ an expired lease cannot be revived with a backdated instant (0.6668ms)
gateway-web	Run pnpm test	2026-10-05T10:55:52.4998698Z ✔ reconciliation requires an authoritative lease inventory (0.7547ms)
gateway-web	Run pnpm test	2026-10-05T10:55:52.5006077Z ✔ routing never delivers to a device the bus knows is disconnected (0.3596ms)
gateway-web	Run pnpm test	2026-10-05T10:55:52.5007747Z ✔ staleness and replay absorption do not depend on an optional command reference (0.5783ms)
gateway-web	Run pnpm test	2026-10-05T10:55:52.5009179Z ✔ a refused reconciliation grants no authority (0.6365ms)
gateway-web	Run pnpm test	2026-10-05T10:55:52.5011833Z ✔ the canonical event carries the declared identity and transport correlation (0.4896ms)
gateway-web	Run pnpm test	2026-10-05T10:55:52.5013270Z ✔ an envelope field is validated and used exactly once (0.4075ms)
gateway-web	Run pnpm test	2026-10-05T10:55:52.5014555Z ✔ exclusivity is a boolean grant, not a truthy flag (0.5907ms)
gateway-web	Run pnpm test	2026-10-05T10:55:52.5015839Z ✔ an instant helper that guards decisions is not shape-only (0.1668ms)
gateway-web	Run pnpm test	2026-10-05T10:55:52.5767040Z ✔ an embodiment descriptor references Remote Fabric identity and never mints its own (7.1892ms)
gateway-web	Run pnpm test	2026-10-05T10:55:52.5777959Z ✔ a device without cross-device identity is representable, and says so (0.686ms)
gateway-web	Run pnpm test	2026-10-05T10:55:52.5781444Z ✔ descriptor vocabularies are closed and unknown values are refused (1.7597ms)
gateway-web	Run pnpm test	2026-10-05T10:55:52.5785442Z ✔ one logical assistant inhabits PC and Android at the same time (1.8837ms)
gateway-web	Run pnpm test	2026-10-05T10:55:52.5786976Z ✔ a device refuses a second simultaneous foreground assistant (1.1751ms)
gateway-web	Run pnpm test	2026-10-05T10:55:52.5790468Z ✔ detaching the foreground assistant releases the binding (0.5237ms)
gateway-web	Run pnpm test	2026-10-05T10:55:52.5792006Z ✔ foreground A->B switches cleanly and releases the outgoing local context (1.3585ms)
gateway-web	Run pnpm test	2026-10-05T10:55:52.5793329Z ✔ a stale foreground view cannot take the device over (1.0373ms)
gateway-web	Run pnpm test	2026-10-05T10:55:52.5794921Z ✔ a foreground switch leaves an unrelated background task owned, executing and uncancelled (19.3478ms)
gateway-web	Run pnpm test	2026-10-05T10:55:52.5796610Z ✔ device-local context stays per-device and never becomes authoritative (1.4189ms)
gateway-web	Run pnpm test	2026-10-05T10:55:52.5798134Z ✔ binding reconstructs from authoritative state after a restart (1.9604ms)
gateway-web	Run pnpm test	2026-10-05T10:55:52.5806225Z ✔ a reconnecting device is refused when its local belief disagrees with authority (1.0685ms)
gateway-web	Run pnpm test	2026-10-05T10:55:52.5811716Z ✔ one assistant on many devices keeps each device independent (0.6492ms)
gateway-web	Run pnpm test	2026-10-05T10:55:52.5813041Z ✔ duplicate device identity and unknown embodiments are refused (1.713ms)
gateway-web	Run pnpm test	2026-10-05T10:55:52.5814686Z ✔ undeclared keys inherited from Object.prototype are refused, and a prototype key never is a descriptor field (1.2755ms)
gateway-web	Run pnpm test	2026-10-05T10:55:52.5816252Z ✔ a competing physical-device identity is refused in every spelling (3.2958ms)
gateway-web	Run pnpm test	2026-10-05T10:55:52.5817556Z ✔ a foreground binding reference is never re-issued across a restart (2.7623ms)
gateway-web	Run pnpm test	2026-10-05T10:55:52.5835019Z ✔ a physical device cannot be claimed twice, including by refreshing an unidentified embodiment (0.7599ms)
gateway-web	Run pnpm test	2026-10-05T10:55:52.5837033Z ✔ the single-foreground invariant is derived from physical device identity (0.8789ms)
gateway-web	Run pnpm test	2026-10-05T10:55:52.5840387Z ✔ a restored binding keeps its recovery provenance on every later read (0.5233ms)
gateway-web	Run pnpm test	2026-10-05T10:55:52.5842468Z ✔ the foreground compare-and-set token is the binding reference, not the assistant (0.3484ms)
gateway-web	Run pnpm test	2026-10-05T10:55:52.5848381Z ✔ re-attaching with a different session is a session change, not an idempotent repeat (0.4724ms)
gateway-web	Run pnpm test	2026-10-05T10:55:52.6012129Z ✔ switching the foreground assistant touches no task (3.7527ms)
gateway-web	Run pnpm test	2026-10-05T10:55:52.6029775Z ✔ a handoff carries responsibility and never authority (3.2718ms)
gateway-web	Run pnpm test	2026-10-05T10:55:52.6071998Z ✔ a true transfer needs acceptance and leaves exactly one authoritative owner (3.4696ms)
gateway-web	Run pnpm test	2026-10-05T10:55:52.6082225Z ✔ an explicit executor move is carried by the handoff and recorded separately (0.6368ms)
gateway-web	Run pnpm test	2026-10-05T10:55:52.6091772Z ✔ a rejected or expired handoff leaves the authoritative owner unchanged (1.0369ms)
gateway-web	Run pnpm test	2026-10-05T10:55:52.6095633Z ✔ a consultation transfers nothing even when accepted (0.5623ms)
gateway-web	Run pnpm test	2026-10-05T10:55:52.6097142Z ✔ the handoff package is strict, idempotent and refuses terminal or foreign tasks (2.5662ms)
gateway-web	Run pnpm test	2026-10-05T10:55:52.6099179Z ✔ unknown fields are refused even when named after Object.prototype members (1.6342ms)
gateway-web	Run pnpm test	2026-10-05T10:55:52.6104426Z ✔ a non-enumerable own authority field cannot evade the authority scan (3.8118ms)
gateway-web	Run pnpm test	2026-10-05T10:55:52.6106143Z ✔ a stale concurrent handoff cannot take ownership from a new owner (1.4785ms)
gateway-web	Run pnpm test	2026-10-05T10:55:52.6107620Z ✔ recipient authority is recomputed at takeover, not reused from proposal time (1.2318ms)
gateway-web	Run pnpm test	2026-10-05T10:55:52.6109077Z ✔ a policy lookup is own-key only, never through the prototype chain (0.4073ms)
gateway-web	Run pnpm test	2026-10-05T10:55:52.6110598Z ✔ a re-proposal under a live id is only a duplicate when it says the same thing (1.0404ms)
gateway-web	Run pnpm test	2026-10-05T10:55:52.6112153Z ✔ transition timestamps must be real instants at or after the proposal (0.6492ms)
gateway-web	Run pnpm test	2026-10-05T10:55:52.6113674Z ✔ a cyclic or over-deep handoff is refused, never a stack overflow (0.8821ms)
gateway-web	Run pnpm test	2026-10-05T10:55:52.6115168Z ✔ a calendar-impossible instant is refused, not merely shape-checked (0.3138ms)
gateway-web	Run pnpm test	2026-10-05T10:55:52.6117083Z ✔ the switch report does not invent the outgoing assistant's presence (0.2103ms)
gateway-web	Run pnpm test	2026-10-05T10:55:52.6121048Z ✔ a refusal that cannot be explained is not half-applied (0.7954ms)
gateway-web	Run pnpm test	2026-10-05T10:55:52.6125046Z ✔ a transfer must declare the capabilities the recipient is judged against (0.6977ms)
gateway-web	Run pnpm test	2026-10-05T10:55:52.6142664Z ✔ the task store double does not leak or alias canonical state (0.3343ms)
gateway-web	Run pnpm test	2026-10-05T10:55:52.6144260Z ✔ a versioned task refuses a handoff built against another version (1.3247ms)
gateway-web	Run pnpm test	2026-10-05T10:55:52.6430826Z ✔ assistants are listed and selected, with the five identity roles kept distinct (13.4905ms)
gateway-web	Run pnpm test	2026-10-05T10:55:52.6440624Z ✔ profile changes propagate as committed shared state and never touch Digital-Me or tasks (2.3566ms)
gateway-web	Run pnpm test	2026-10-05T10:55:52.6449976Z ✔ foreground switching is a UI operation that transfers nothing (3.0005ms)
gateway-web	Run pnpm test	2026-10-05T10:55:52.6458047Z ✔ stale, offline and reconnecting embodiments are surfaced and never shown as authority (1.5145ms)
gateway-web	Run pnpm test	2026-10-05T10:55:52.6485419Z ✔ reserved voice/avatar adapters exist as adapters without being required now (1.3132ms)
gateway-web	Run pnpm test	2026-10-05T10:55:52.6490129Z ✔ the surface is strict, frozen and independent of ambient state (2.0948ms)
gateway-web	Run pnpm test	2026-10-05T10:55:52.6497711Z ✔ an editable field carries the kind of value its name promises (1.1575ms)
gateway-web	Run pnpm test	2026-10-05T10:55:52.6499260Z ✔ a change the surface cannot read is refused rather than dropped (0.6543ms)
gateway-web	Run pnpm test	2026-10-05T10:55:52.6500680Z ✔ the version guard is not switchable off by policy (0.7372ms)
gateway-web	Run pnpm test	2026-10-05T10:55:52.6503860Z ✔ re-registering a device never discards the binding the user chose (1.134ms)
gateway-web	Run pnpm test	2026-10-05T10:55:52.6508882Z ✔ a task the surface cannot read is reported, not hidden (0.7835ms)
gateway-web	Run pnpm test	2026-10-05T10:55:52.6528037Z ✔ the committed-update cursor must be a version and the instants must be real (1.0218ms)
gateway-web	Run pnpm test	2026-10-05T10:55:52.6530551Z ✔ freshness needs a recent observation, not only a declared state (1.3626ms)
gateway-web	Run pnpm test	2026-10-05T10:55:52.6542002Z ✔ every projection of a device gives the same freshness answer (0.4305ms)
gateway-web	Run pnpm test	2026-10-05T10:55:52.6549736Z ✔ a committed update carries the change, the previous values and the actor (0.7702ms)
gateway-web	Run pnpm test	2026-10-05T10:55:52.6551410Z ✔ a handoff or a provisional switch is never taken from a cached view (0.6854ms)
gateway-web	Run pnpm test	2026-10-05T10:55:52.6555913Z ✔ a task foreground flag is a boolean and its role reflects the data (0.4827ms)
gateway-web	Run pnpm test	2026-10-05T10:55:52.6558071Z ✔ an untypeable value is refused before anything is recorded (0.7972ms)
gateway-web	Run pnpm test	2026-10-05T10:55:52.7039020Z ✔ one authoritative task is shared by every embodiment — never duplicated per device (4.5035ms)
gateway-web	Run pnpm test	2026-10-05T10:55:52.7087357Z ✔ ownership is logical, execution is physical — sessions and devices are never the owner (4.0991ms)
gateway-web	Run pnpm test	2026-10-05T10:55:52.7093437Z ✔ mutations are versioned and typed, and conflicting updates keep a causal audit trail (2.3917ms)
gateway-web	Run pnpm test	2026-10-05T10:55:52.7106061Z ✔ foreground switching never changes owner, coordinator or executor (0.7248ms)
gateway-web	Run pnpm test	2026-10-05T10:55:52.7111128Z ✔ ownership moves only through an explicit accepted handoff, and never restarts the executor (2.3615ms)
gateway-web	Run pnpm test	2026-10-05T10:55:52.7124923Z ✔ an exclusive side effect can never have two simultaneous valid executors (1.5173ms)
gateway-web	Run pnpm test	2026-10-05T10:55:52.7136237Z ✔ device release suspends the lease, never orphans a task and never moves ownership (1.5572ms)
gateway-web	Run pnpm test	2026-10-05T10:55:52.7143538Z ✔ every contract surface is closed, frozen and free of ambient state (0.6766ms)
gateway-web	Run pnpm test	2026-10-05T10:55:52.7144767Z ✔ the canonical contract allow-list is decided by own keys (0.4851ms)
gateway-web	Run pnpm test	2026-10-05T10:55:52.7146114Z ✔ a hidden authority field in a handoff is found, and a cycle does not crash the scan (0.6468ms)
gateway-web	Run pnpm test	2026-10-05T10:55:52.7148809Z ✔ a caller instant must be real, not merely well shaped (0.6608ms)
gateway-web	Run pnpm test	2026-10-05T10:55:52.7149781Z ✔ a refused patch changes nothing (0.4743ms)
gateway-web	Run pnpm test	2026-10-05T10:55:52.7150974Z ✔ a released executor must revalidate its lease instead of re-issuing it (0.9953ms)
gateway-web	Run pnpm test	2026-10-05T10:55:52.7152290Z ✔ an exclusive side effect cannot complete without a lease (0.4299ms)
gateway-web	Run pnpm test	2026-10-05T10:55:52.7154686Z ✔ a refused foreground change leaves the binding untouched (0.3652ms)
gateway-web	Run pnpm test	2026-10-05T10:55:52.7161300Z ✔ a device release never rewrites a settled task, and a handoff checkpoint is text (0.5773ms)
gateway-web	Run pnpm test	2026-10-05T10:55:52.7343346Z ✔ Windows manufacturer payload prefixes locator with canonical UUID bytes (1.8972ms)
gateway-web	Run pnpm test	2026-10-05T10:55:52.7345058Z ✔ BLE locator contains exactly version IPv4 and big-endian port (1.6991ms)
gateway-web	Run pnpm test	2026-10-05T10:55:52.7346383Z ✔ non-Windows adapter reports software platform error rather than hardware evidence (1.521ms)
gateway-web	Run pnpm test	2026-10-05T10:55:52.8186929Z ✔ a fresh profile is fully normalized, descriptive and authority-free (6.8387ms)
gateway-web	Run pnpm test	2026-10-05T10:55:52.8189569Z ✔ partially specified ports receive safe defaults (1.1718ms)
gateway-web	Run pnpm test	2026-10-05T10:55:52.8193243Z ✔ two assistant identities hold independent profiles and relationship modes at the same time (11.4725ms)
gateway-web	Run pnpm test	2026-10-05T10:55:52.8195117Z ✔ a relationship change on one assistant never leaks into another assistant or its bundle (0.7374ms)
gateway-web	Run pnpm test	2026-10-05T10:55:52.8225786Z ✔ several assistant identities can be online at once and presence is idempotent (0.6303ms)
gateway-web	Run pnpm test	2026-10-05T10:55:52.8233875Z ✔ a duplicate assistant id is refused and leaves state untouched (0.5214ms)
gateway-web	Run pnpm test	2026-10-05T10:55:52.8235078Z ✔ minted assistant ids are stable, unique and honestly labelled (0.4462ms)
gateway-web	Run pnpm test	2026-10-05T10:55:52.8261925Z ✔ profiles reject embedded permission grants, execution leases and authority fields (0.6862ms)
gateway-web	Run pnpm test	2026-10-05T10:55:52.8264982Z ✔ extension namespaces cannot smuggle Digital-Me or authority namespaces (1.6376ms)
gateway-web	Run pnpm test	2026-10-05T10:55:52.8305981Z ✔ schema version and port shape are validated instead of silently accepted (0.8566ms)
gateway-web	Run pnpm test	2026-10-05T10:55:52.8340226Z ✔ unknown future attributes migrate forward without losing data (1.9382ms)
gateway-web	Run pnpm test	2026-10-05T10:55:52.8361905Z ✔ a rejected write is a no-op and schema_version cannot be patched (1.7851ms)
gateway-web	Run pnpm test	2026-10-05T10:55:52.8377430Z ✔ a stale profile write is refused instead of silently overwriting (1.6424ms)
gateway-web	Run pnpm test	2026-10-05T10:55:52.8443619Z ✔ export and import restore durable assistant state after a simulated restart (1.696ms)
gateway-web	Run pnpm test	2026-10-05T10:55:52.8445297Z ✔ replace import touches only the target assistant and bumps its revision (0.6863ms)
gateway-web	Run pnpm test	2026-10-05T10:55:52.8447926Z ✔ import rejects Digital-Me data, authority fields and malformed bundles atomically (2.4757ms)
gateway-web	Run pnpm test	2026-10-05T10:55:52.8450202Z ✔ reset restores safe defaults for one assistant without touching the others (1.9505ms)
gateway-web	Run pnpm test	2026-10-05T10:55:52.8451656Z ✔ duty labels describe a role and never grant the corresponding action (1.2964ms)
gateway-web	Run pnpm test	2026-10-05T10:55:52.8453362Z ✔ the personalization surface never writes Digital-Me state (0.7519ms)
gateway-web	Run pnpm test	2026-10-05T10:55:52.8454736Z ✔ identity lifecycle errors are typed and presence is cleaned up (1.804ms)
gateway-web	Run pnpm test	2026-10-05T10:55:52.8461814Z ✔ applyProfilePatch merges one port level and replaces arrays (0.9046ms)
gateway-web	Run pnpm test	2026-10-05T10:55:52.8463466Z ✔ the published schema matches the runtime contract (0.7597ms)
gateway-web	Run pnpm test	2026-10-05T10:55:52.8465212Z ✔ a profile patch cannot rewrite a prototype or inject a hidden property (0.7778ms)
gateway-web	Run pnpm test	2026-10-05T10:55:52.8466836Z ✔ the Zone patch path is closed to prototype injection and leaves state untouched (0.466ms)
gateway-web	Run pnpm test	2026-10-05T10:55:52.8468276Z ✔ a rejected patch leaves the stored profile byte-identical (0.9201ms)
gateway-web	Run pnpm test	2026-10-05T10:55:52.8469563Z ✔ inherited property names are not declared port fields (2.2732ms)
gateway-web	Run pnpm test	2026-10-05T10:55:52.8470985Z ✔ reserved keys are refused at every depth of a stored profile document (0.4385ms)
gateway-web	Run pnpm test	2026-10-05T10:55:52.8492294Z ✔ a bundle refuses a reserved key anywhere, including inside an extension value (0.687ms)
gateway-web	Run pnpm test	2026-10-05T10:55:52.8493839Z ✔ a reserved key cannot be registered as a personalization port (0.3869ms)
gateway-web	Run pnpm test	2026-10-05T10:55:52.8495406Z ✔ the published schema states the reserved-prototype-key rule the runtime enforces (0.5279ms)
gateway-web	Run pnpm test	2026-10-05T10:56:04.3255643Z ✔ document bytes flow through real readers and into temporary knowledge (11329.6815ms)
gateway-web	Run pnpm test	2026-10-05T10:56:04.3259273Z ✔ evidence review is deterministic and tampering never gets rehashed (9.1395ms)
gateway-web	Run pnpm test	2026-10-05T10:56:04.3263448Z ✔ theme generation returns a reproducible PNG and validation (85.4338ms)
gateway-web	Run pnpm test	2026-10-05T10:56:04.3265528Z ✔ future promoted module stays pending and all five existing adapters still execute (28.8827ms)
gateway-web	Run pnpm test	2026-10-05T10:56:04.3266640Z ✔ malformed and oversized inputs have explicit refusals (24.451ms)
gateway-web	Run pnpm test	2026-10-05T10:56:04.3482423Z ✔ dependency failure degrades the same descriptor used to gate invocations (206.6359ms)
gateway-web	Run pnpm test	2026-10-05T10:56:04.3484144Z ✔ capabilities use control auth, canonical results, typed refusal and durable history (1291.9228ms)
gateway-web	Run pnpm test	2026-10-05T10:56:04.3485710Z ✔ the per-capability degradation latch is owned by the migrated provider-resilience breaker (333.3495ms)
gateway-web	Run pnpm test	2026-10-05T10:56:09.0031057Z ✔ old SQLite results migrate without changing identity, digest or metadata, including restart (429.6209ms)
gateway-web	Run pnpm test	2026-10-05T10:56:09.0032113Z ✔ migration fails closed and rolls back earlier rows when legacy history is corrupt (327.362ms)
gateway-web	Run pnpm test	2026-10-05T10:56:09.0032942Z ✔ 560 large legacy results keep 500 summaries and 50 details; new saves remain bounded (15165.9155ms)
gateway-web	Run pnpm test	2026-10-05T10:56:09.9583451Z ✔ city and list APIs send summaries only, enforce limits and retrieve individual details (955.5431ms)
gateway-web	Run pnpm test	2026-10-05T10:56:24.5283452Z ✔ a long running invocation survives pruning and its completion remains readable (14570.2323ms)
gateway-web	Run pnpm test	2026-10-05T10:56:24.5417823Z ✔ qualified identities keep duplicate names independent and cannot replace missing dependencies (5.3381ms)
gateway-web	Run pnpm test	2026-10-05T10:56:24.5419825Z ✔ registry restricts mixed module lifecycle and exposes every dependency lifecycle (2.9183ms)
gateway-web	Run pnpm test	2026-10-05T10:56:24.5421311Z ✔ unbridged duplicate module names receive different qualified capability IDs (1.0942ms)
gateway-web	Run pnpm test	2026-10-05T10:56:24.5422752Z ✔ Theme advertises implemented generate and build operations and refuses validate (1.1674ms)
gateway-web	Run pnpm test	2026-10-05T10:56:24.5424093Z ✔ infrastructure modules are never advertised as capabilities (0.8911ms)
gateway-web	Run pnpm test	2026-10-05T10:56:24.5426300Z ✔ each member sees itself first and all City devices by admission name, with real message receipt (8448.2511ms)
gateway-web	Run pnpm test	2026-10-05T10:56:24.5428036Z ✔ real joined devices retain names, appear beside the host and may register only their own worker (169.7707ms)
gateway-web	Run pnpm test	2026-10-05T10:56:24.5430324Z ✔ two members exchange messages with explicit receipt and sender identity cannot be forged (77.38ms)
gateway-web	Run pnpm test	2026-10-05T10:56:24.5433778Z ✔ member B actually computes a task from A; disabling sharing and revoke prevents further claims (265.2249ms)
gateway-web	Run pnpm test	2026-10-05T10:56:24.5435525Z ✔ new admission cannot take the host or an existing member identity, even with a valid short code (57.8444ms)
gateway-web	Run pnpm test	2026-10-05T10:56:24.5439655Z ✔ an active browser session refresh actually extends expiry while preserving its installation scope (32.3846ms)
gateway-web	Run pnpm test	2026-10-05T10:56:24.5443215Z ✔ local primary control surface can switch only its own computing resources (46.8788ms)
gateway-web	Run pnpm test	2026-10-05T10:56:24.5447668Z ✔ custom City name is canonical across snapshot, pairing, discovery descriptor and restart (116.5461ms)
gateway-web	Run pnpm test	2026-10-05T10:56:24.5450633Z ✔ Settings changes the visible City name and keeps editing stable across snapshots (6465.0963ms)
gateway-web	Run pnpm test	2026-10-05T10:56:24.5452011Z ✔ Road rejects missing array elements instead of producing null serialized entries (2.9091ms)
gateway-web	Run pnpm test	2026-10-05T10:56:24.5453376Z ✔ Road preserves section order, deterministic IDs and explicit temporary unverified ownership (0.9937ms)
gateway-web	Run pnpm test	2026-10-05T10:56:24.5454705Z ✔ Road accepts empty documents and preserves empty heading and text without coercion (0.1818ms)
gateway-web	Run pnpm test	2026-10-05T10:56:24.5455998Z ✔ Road refuses malformed document boundaries and never accepts caller trust injection (0.3592ms)
gateway-web	Run pnpm test	2026-10-05T10:56:24.5457244Z ✔ Road output validation rejects permanence, trust escalation and reordered IDs (0.2146ms)
gateway-web	Run pnpm test	2026-10-05T10:56:24.5458457Z ✔ Bridge Road extraction preserves all six published document retrieval digests (749.997ms)
gateway-web	Run pnpm test	2026-10-05T10:56:24.5459895Z ✔ scope: local, lan, remote and unknown are distinguished, and an address we hold is never called "nearby" (15.8545ms)
gateway-web	Run pnpm test	2026-10-05T10:56:24.5461389Z ✔ the list always contains this machine, and offers to use it (2.4502ms)
gateway-web	Run pnpm test	2026-10-05T10:56:24.5462380Z ✔ the list is NOT fixed at two: any number of PCs is listed, in one list (68.9679ms)
gateway-web	Run pnpm test	2026-10-05T10:56:24.5463437Z ✔ each PC offers the actions that make sense for it, and none that do not (7.8725ms)
gateway-web	Run pnpm test	2026-10-05T10:56:24.5465077Z ✔ a remembered PC that discovery did NOT find is still listed, because that is when the address matters (8.253ms)
gateway-web	Run pnpm test	2026-10-05T10:56:24.5466467Z ✔ discovery and memory overlap constantly, and a PC is never listed twice (0.587ms)
gateway-web	Run pnpm test	2026-10-05T10:56:24.5467735Z ✔ the recommendation is attached to a row, so the list and the recommendation cannot disagree (0.534ms)
gateway-web	Run pnpm test	2026-10-05T10:56:24.5469210Z ✔ a machine with no telemetry is marked as thin evidence rather than being scored as if it were measured (0.5653ms)
gateway-web	Run pnpm test	2026-10-05T10:56:24.5470581Z ✔ row count is bounded and the discarded overlap is stated rather than silently dropped (2.0197ms)
gateway-web	Run pnpm test	2026-10-05T10:56:24.5472079Z ✔ the fallback channels are DESCRIBED, not moved: the entry controls stay where the app renders them (2.197ms)
gateway-web	Run pnpm test	2026-10-05T10:56:24.5473286Z ✔ rendering is escaped and carries its action as data (0.4176ms)
gateway-web	Run pnpm test	2026-10-05T10:56:24.5474749Z ✔ an empty world renders an honest sentence, not an empty list (0.2288ms)
gateway-web	Run pnpm test	2026-10-05T10:56:24.5476729Z ✔ capability summaries report only what was measured, and say unknown when nothing was (0.2558ms)
gateway-web	Run pnpm test	2026-10-05T10:56:24.5478195Z ✔ different assistants receive different authorized scopes from the same Digital-Me (4.3692ms)
gateway-web	Run pnpm test	2026-10-05T10:56:24.5480798Z ✔ a denied scope is a typed refusal with no partial leakage (0.4665ms)
gateway-web	Run pnpm test	2026-10-05T10:56:24.5482020Z ✔ assistant profile and relationship changes never change canonical records (0.6885ms)
gateway-web	Run pnpm test	2026-10-05T10:56:24.5483371Z ✔ a private fact is not surfaced through another audience without disclosure authorization (1.5799ms)
gateway-web	Run pnpm test	2026-10-05T10:56:24.5486397Z ✔ cross-assistant private memory is never visible to another assistant (0.3827ms)
gateway-web	Run pnpm test	2026-10-05T10:56:24.5488997Z ✔ least data by default, with values only when the purpose needs them (0.7531ms)
gateway-web	Run pnpm test	2026-10-05T10:56:24.5491161Z ✔ stale context is reported rather than served, and device-ephemeral context is never durable (0.8328ms)
gateway-web	Run pnpm test	2026-10-05T10:56:24.5493773Z ✔ every projection carries provenance, and the surface is strict (0.6131ms)
gateway-web	Run pnpm test	2026-10-05T10:56:24.5496118Z ✔ record fields named after Object.prototype members are refused (0.7598ms)
gateway-web	Run pnpm test	2026-10-05T10:56:24.5497626Z ✔ a replayed or future-dated record is never served as current (0.9181ms)
gateway-web	Run pnpm test	2026-10-05T10:56:24.5498715Z ✔ a policy grant is read from the policy itself, never from the prototype chain (0.8336ms)
gateway-web	Run pnpm test	2026-10-05T10:56:24.5499745Z ✔ a SENSITIVE record is not released like an ordinary one (0.5885ms)
gateway-web	Run pnpm test	2026-10-05T10:56:24.5500733Z ✔ a cyclic or over-deep record is a typed refusal, not a stack overflow (1.2516ms)
gateway-web	Run pnpm test	2026-10-05T10:56:24.5502184Z ✔ a calendar-impossible instant is refused, not merely shape-checked (0.4388ms)
gateway-web	Run pnpm test	2026-10-05T10:56:24.5503074Z ✔ a record must be a bare own-property object (0.414ms)
gateway-web	Run pnpm test	2026-10-05T10:56:24.5503951Z ✔ assistant-private memory belongs to the assistant that owns it (0.7611ms)
gateway-web	Run pnpm test	2026-10-05T10:56:24.5505255Z ✔ the port hands out copies, and refuses two records under one id (3.7848ms)
gateway-web	Run pnpm test	2026-10-05T10:56:24.5506355Z ✔ a malformed record refuses the whole query before anything is assembled (0.8676ms)
gateway-web	Run pnpm test	2026-10-05T10:56:24.5507394Z ✔ the gateway does not read authority from a live policy object (0.4015ms)
gateway-web	Run pnpm test	2026-10-05T10:56:24.5508359Z ✔ values are released only for an explicit includeValues boolean (0.7872ms)
gateway-web	Run pnpm test	2026-10-05T10:56:24.5509381Z ✔ device-ephemeral context cannot smuggle durable or sensitive facts (0.6301ms)
gateway-web	Run pnpm test	2026-10-05T10:56:24.5510485Z ✔ one attention_id is one logical question however many projections it carries (2.809ms)
gateway-web	Run pnpm test	2026-10-05T10:56:24.5511586Z ✔ the current interaction device always carries the actionable projection (1.1778ms)
gateway-web	Run pnpm test	2026-10-05T10:56:24.5512745Z ✔ only the configured 2-3 recent eligible devices receive auxiliary projections (0.6327ms)
gateway-web	Run pnpm test	2026-10-05T10:56:24.5514876Z ✔ recent devices are ranked by user interaction, never by uptime or heartbeat (10.1361ms)
gateway-web	Run pnpm test	2026-10-05T10:56:24.5516137Z ✔ the first valid acknowledgement closes the question globally and withdraws the rest (0.7376ms)
gateway-web	Run pnpm test	2026-10-05T10:56:24.5517511Z ✔ a response routes back to the originating connector whichever device answered (2.1877ms)
gateway-web	Run pnpm test	2026-10-05T10:56:24.5518826Z ✔ reconnect, refresh and repeated delivery never ring the same epoch twice (0.6896ms)
gateway-web	Run pnpm test	2026-10-05T10:56:24.5520471Z ✔ quiet, full-screen and protected use suppress sound but keep the notification (0.4422ms)
gateway-web	Run pnpm test	2026-10-05T10:56:24.5523024Z ✔ a non-blocking informational event is delivered visibly without ringing (0.6509ms)
gateway-web	Run pnpm test	2026-10-05T10:56:24.5526221Z ✔ withdrawal closes a question, and the envelope is strict (1.0179ms)
gateway-web	Run pnpm test	2026-10-05T10:56:24.5528634Z ✔ attention fields named after Object.prototype members are refused (0.3954ms)
gateway-web	Run pnpm test	2026-10-05T10:56:24.5531213Z ✔ a "recent" device is bounded on both sides, and never duplicated (0.3612ms)
gateway-web	Run pnpm test	2026-10-05T10:56:24.5533443Z ✔ a different question under a live attention id is refused (0.7391ms)
gateway-web	Run pnpm test	2026-10-05T10:56:24.5534480Z ✔ a malformed instant cannot half-apply a transition (0.848ms)
gateway-web	Run pnpm test	2026-10-05T10:56:24.5536117Z ✔ a response routes exactly once (0.597ms)
gateway-web	Run pnpm test	2026-10-05T10:56:24.5549500Z ✔ a response that cannot be stored is refused before the routing is committed (0.5419ms)
gateway-web	Run pnpm test	2026-10-05T10:56:24.5552563Z ✔ canonical state holds handle references, never plaintext secrets (9.3301ms)
gateway-web	Run pnpm test	2026-10-05T10:56:24.5554128Z ✔ each auth mode maps to exactly one reference kind, and NONE needs no handle (1.587ms)
gateway-web	Run pnpm test	2026-10-05T10:56:24.5555638Z ✔ secret values are absent from logs and errors even when the secure store fails (0.8099ms)
gateway-web	Run pnpm test	2026-10-05T10:56:24.5557060Z ✔ an expired session becomes EXPIRED/NEEDS_USER with a job-scoped AttentionEnvelope (1.0362ms)
gateway-web	Run pnpm test	2026-10-05T10:56:24.5563198Z ✔ restart restores permitted persistent session references, and only those (1.7974ms)
gateway-web	Run pnpm test	2026-10-05T10:56:24.5565156Z ✔ missing secure-store support degrades honestly with no plaintext fallback (0.9331ms)
gateway-web	Run pnpm test	2026-10-05T10:56:24.5573957Z ✔ legacy DeepSeek env discovery is consumable through the abstraction without becoming the schema (0.972ms)
gateway-web	Run pnpm test	2026-10-05T10:56:24.5579096Z ✔ the profile contract is declarative, versioned and lifecycle-honest (1.692ms)
gateway-web	Run pnpm test	2026-10-05T10:56:24.5580614Z ✔ a handle reference that is secret material never reaches canonical state (1.2824ms)
gateway-web	Run pnpm test	2026-10-05T10:56:24.5582308Z ✔ binding refuses an ambiguous secret-or-handle request (1.02ms)
gateway-web	Run pnpm test	2026-10-05T10:56:24.5583468Z ✔ an uninterpretable instant is never fresh, READY or recorded (1.1272ms)
gateway-web	Run pnpm test	2026-10-05T10:56:24.5585576Z ✔ a user-action requirement is a boolean, not a truthy flag (0.8109ms)
gateway-web	Run pnpm test	2026-10-05T10:56:24.5587218Z ✔ canonical records are plain own-key objects (0.7952ms)
gateway-web	Run pnpm test	2026-10-05T10:56:24.5589022Z ✔ a cyclic caller value is refused instead of crashing the scan (1.0143ms)
gateway-web	Run pnpm test	2026-10-05T10:56:24.5590222Z ✔ restore validates a snapshot entry as strictly as a registration (0.9667ms)
gateway-web	Run pnpm test	2026-10-05T10:56:24.5591385Z ✔ revocation stays observable after the handle is cleared (0.4335ms)
gateway-web	Run pnpm test	2026-10-05T10:56:24.5593304Z ✔ a rotation revokes the handle it replaces instead of abandoning it (0.4407ms)
gateway-web	Run pnpm test	2026-10-05T10:56:24.5595052Z ✔ a well-shaped record may not carry a secret in a legitimate field (0.5478ms)
gateway-web	Run pnpm test	2026-10-05T10:56:24.5596045Z ✔ everything the scan calls a secret is redacted (0.4493ms)
gateway-web	Run pnpm test	2026-10-05T10:56:24.5597081Z ✔ a hidden own field on a snapshot entry is not copied into canonical state (0.3905ms)
gateway-web	Run pnpm test	2026-10-05T10:56:24.5598245Z ✔ legacy discovery never binds the key into a foreign default profile (0.4949ms)
gateway-web	Run pnpm test	2026-10-05T10:56:24.5599293Z ✔ a caller field is validated and stored as the same value (0.2714ms)
gateway-web	Run pnpm test	2026-10-05T10:56:24.5600389Z ✔ a refused restore installs nothing and never replaces a live profile (0.3525ms)
gateway-web	Run pnpm test	2026-10-05T10:56:24.5601447Z ✔ revoke reports whether the store released the secret (0.4921ms)
gateway-web	Run pnpm test	2026-10-05T10:56:24.5602650Z ✔ freshness cannot be rewound behind the layer clock (0.4456ms)
gateway-web	Run pnpm test	2026-10-05T10:56:24.5603662Z ✔ carrying a stale expiry over a new credential is observable (0.523ms)
gateway-web	Run pnpm test	2026-10-05T10:56:24.5605046Z ✔ the SDK validates a definition and documents what an author must supply (4.1274ms)
gateway-web	Run pnpm test	2026-10-05T10:56:24.5606278Z ✔ a synthetic third connector passes the conformance harness without core edits (2.82ms)
gateway-web	Run pnpm test	2026-10-05T10:56:24.5607669Z ✔ adapter exceptions, timeouts and malformed results are isolated to the faulting adapter (2.5377ms)
gateway-web	Run pnpm test	2026-10-05T10:56:24.5609228Z ✔ optional provider absence is a typed state that blocks nothing and fabricates nothing (1.3106ms)
gateway-web	Run pnpm test	2026-10-05T10:56:24.5610653Z ✔ Claude Code and WorkBuddy adapters use the SDK path, and acceptance needs real host evidence (1.0077ms)
gateway-web	Run pnpm test	2026-10-05T10:56:24.5612096Z ✔ adding an adapter alters neither the EngineeringManagerPort nor the scheduling core (0.4664ms)
gateway-web	Run pnpm test	2026-10-05T10:56:24.5613334Z ✔ the SDK surface is strict, frozen and free of ambient state (0.9752ms)
gateway-web	Run pnpm test	2026-10-05T10:56:24.5614572Z ✔ a definition cannot be declared with mistyped policy fields or an impossible instant (0.452ms)
gateway-web	Run pnpm test	2026-10-05T10:56:24.5615996Z ✔ a cyclic port result crosses the boundary as a frozen cycle, not as the adapter own object (0.3959ms)
gateway-web	Run pnpm test	2026-10-05T10:56:24.5617354Z ✔ a non-cloneable port result is a typed refusal instead of a live object (0.7204ms)
gateway-web	Run pnpm test	2026-10-05T10:56:24.5618598Z ✔ the harness does not certify a connector that silently accepts an unsupported capability (0.5449ms)
gateway-web	Run pnpm test	2026-10-05T10:56:24.5619902Z ✔ the harness does not certify a connector that silently accepts an unsupported control (0.3976ms)
gateway-web	Run pnpm test	2026-10-05T10:56:24.5621220Z ✔ an enabled adapter whose product is not installed is not usable, not selected and not accepted (0.4637ms)
gateway-web	Run pnpm test	2026-10-05T10:56:24.5622490Z ✔ only a faulted adapter can be cleared, and the fault record survives the clearing (0.6346ms)
gateway-web	Run pnpm test	2026-10-05T10:56:24.5623614Z ✔ re-declaring availability cannot revive a faulted adapter (0.4949ms)
gateway-web	Run pnpm test	2026-10-05T10:56:24.5624977Z ✔ the registry refuses an adapter the SDK did not wrap, so isolation cannot be bypassed (0.3317ms)
gateway-web	Run pnpm test	2026-10-05T10:56:24.5626238Z ✔ a caller-declared acceptance says so instead of implying the SDK verified a host (0.4571ms)
gateway-web	Run pnpm test	2026-10-05T10:56:24.5627336Z ✔ an error whose code getter throws is still an isolated, typed fault (0.3377ms)
gateway-web	Run pnpm test	2026-10-05T10:56:24.5628474Z ✔ the harness refuses a connector that reports a state outside the vocabulary (0.4838ms)
gateway-web	Run pnpm test	2026-10-05T10:56:24.5629583Z ✔ the harness refuses a declared capability the connector does not report (0.9091ms)
gateway-web	Run pnpm test	2026-10-05T10:56:24.5630720Z ✔ the harness proves the unsupported-control expectation instead of skipping it (0.5319ms)
gateway-web	Run pnpm test	2026-10-05T10:56:24.5632018Z ✔ a definition whose handlers are only inherited is refused, not claimed as satisfied (0.213ms)
gateway-web	Run pnpm test	2026-10-05T10:56:24.5634607Z ✔ a definition stores the methods it validated, including non-enumerable ones (0.24ms)
gateway-web	Run pnpm test	2026-10-05T10:56:24.5635787Z ✔ a non-conformant connector is given no core-edit certificate (0.3457ms)
gateway-web	Run pnpm test	2026-10-05T10:56:24.5637044Z ✔ a runtime that throws is not evidence and does not break the acceptance summary (0.3102ms)
gateway-web	Run pnpm test	2026-10-05T10:56:24.5638370Z ✔ fault identities are unique across adapters of the same kind in one process (0.3724ms)
gateway-web	Run pnpm test	2026-10-05T10:56:24.5639699Z ✔ a connector manifest declares runtime, capabilities, needs and budgets (5.2345ms)
gateway-web	Run pnpm test	2026-10-05T10:56:24.5640945Z ✔ a connector manifest has no credential slot, and raw secrets are refused (0.5548ms)
gateway-web	Run pnpm test	2026-10-05T10:56:24.5642126Z ✔ policy decides permissions and an adapter can never grant itself one (1.0032ms)
gateway-web	Run pnpm test	2026-10-05T10:56:24.5643280Z ✔ undeclared capability or method calls are refused (0.9474ms)
gateway-web	Run pnpm test	2026-10-05T10:56:24.5644756Z ✔ the pipeline runs detect, select, adapt, validate, standardize and unify (1.0164ms)
gateway-web	Run pnpm test	2026-10-05T10:56:24.5646106Z ✔ one malformed connector cannot prevent another connector from loading (1.3118ms)
gateway-web	Run pnpm test	2026-10-05T10:56:24.5647590Z ✔ loading two synthetic connectors with different capabilities needs no core change (1.6102ms)
gateway-web	Run pnpm test	2026-10-05T10:56:24.5650043Z ✔ the runtime hosts two synthetic connectors with different capabilities (1.9662ms)
gateway-web	Run pnpm test	2026-10-05T10:56:24.5651406Z ✔ startup is bounded and a process that never becomes ready is stopped, not awaited (1.0854ms)
gateway-web	Run pnpm test	2026-10-05T10:56:24.5654304Z ✔ a failing spawn is data, and a failing invocation does not crash the runtime (1.0919ms)
gateway-web	Run pnpm test	2026-10-05T10:56:24.5655437Z ✔ heartbeat freshness is bounded by the manifest interval (0.7374ms)
gateway-web	Run pnpm test	2026-10-05T10:56:24.5656447Z ✔ restarts are bounded and exhaustion is a terminal safe mode (1.3736ms)
gateway-web	Run pnpm test	2026-10-05T10:56:24.5657494Z ✔ logs are bounded by the manifest and redactable by caller policy (1.0577ms)
gateway-web	Run pnpm test	2026-10-05T10:56:24.5658585Z ✔ runtime lifecycle is honest about state and unknown instances (0.7016ms)
gateway-web	Run pnpm test	2026-10-05T10:56:24.5659811Z ✔ undeclared keys inherited from Object.prototype are refused at every level (1.9668ms)
gateway-web	Run pnpm test	2026-10-05T10:56:24.5661116Z ✔ a secret-shaped name is refused in its plural and compound spellings (0.5563ms)
gateway-web	Run pnpm test	2026-10-05T10:56:24.5662357Z ✔ raw credential bytes are refused in any field, not only a secret-shaped one (1.072ms)
gateway-web	Run pnpm test	2026-10-05T10:56:24.5663274Z ✔ a connector cannot forge the runtime kind it won (0.6544ms)
gateway-web	Run pnpm test	2026-10-05T10:56:24.5664229Z ✔ a nullish adapter cannot stop the other connectors from loading (1.4568ms)
gateway-web	Run pnpm test	2026-10-05T10:56:24.5665508Z ✔ a manifest carrying a reserved prototype key is refused at unify (0.3678ms)
gateway-web	Run pnpm test	2026-10-05T10:56:24.5666602Z ✔ heartbeat freshness is measured in one unit, whatever the clock returns (0.6679ms)
gateway-web	Run pnpm test	2026-10-05T10:56:24.5668266Z ✔ a heartbeat cannot resurrect a process that was killed (0.5826ms)
gateway-web	Run pnpm test	2026-10-05T10:56:24.5669768Z ✔ start persists the mediated intersection and bounds the spawn request (0.7403ms)
gateway-web	Run pnpm test	2026-10-05T10:56:24.5670520Z ✔ one adapter producing un-copyable output cannot stop the others loading (0.5307ms)
gateway-web	Run pnpm test	2026-10-05T10:56:24.5671359Z ✔ a connector entry reference is confined to its own root (0.6127ms)
gateway-web	Run pnpm test	2026-10-05T10:56:24.5672539Z ✔ one canonical job is observed by Web and Android without duplicate execution (14.7197ms)
gateway-web	Run pnpm test	2026-10-05T10:56:24.5673467Z ✔ the interaction device may differ from the execution device (1.5205ms)
gateway-web	Run pnpm test	2026-10-05T10:56:24.5674151Z ✔ remote fallback requires explicit approval and local allowed work stays local (12.0292ms)
gateway-web	Run pnpm test	2026-10-05T10:56:24.5675183Z ✔ attention comes from shared state and one acknowledgement reconciles every projection (25.8246ms)
gateway-web	Run pnpm test	2026-10-05T10:56:24.5676496Z ✔ user-visible success comes only from a terminal accepted result (16.8773ms)
gateway-web	Run pnpm test	2026-10-05T10:56:24.5677588Z ✔ advanced provenance exposes identifiers without leaking secrets, and the surface is strict (7.6108ms)
gateway-web	Run pnpm test	2026-10-05T10:56:24.5678447Z ✔ the surface policy cannot be used to switch the canonical binding or the attention source off (5.9339ms)
gateway-web	Run pnpm test	2026-10-05T10:56:24.5679584Z ✔ an impossible instant is refused everywhere it could become evidence (1.4394ms)
gateway-web	Run pnpm test	2026-10-05T10:56:24.5680914Z ✔ a hidden, symbol-keyed or header-shaped secret is still secret material (54.7606ms)
gateway-web	Run pnpm test	2026-10-05T10:56:24.5681584Z ✔ a cancelled job is finished even though it carries no result (1.3195ms)
gateway-web	Run pnpm test	2026-10-05T10:56:24.5682169Z ✔ control authority is bound to the job, not to whoever calls (1.3172ms)
gateway-web	Run pnpm test	2026-10-05T10:56:24.5683208Z ✔ a retry re-queues failed work only and never revives or duplicates execution (0.956ms)
gateway-web	Run pnpm test	2026-10-05T10:56:24.5685018Z ✔ the first terminal result is the job truth and malformed artifacts are refused, not dropped (0.9917ms)
gateway-web	Run pnpm test	2026-10-05T10:56:24.5686303Z ✔ an attention-required backend is not rendered as success (0.734ms)
gateway-web	Run pnpm test	2026-10-05T10:56:24.5687467Z ✔ the surface reports the execution device it was given and never invents one (0.3844ms)
gateway-web	Run pnpm test	2026-10-05T10:56:24.5688715Z ✔ owner and executor separation is about the owner and the executor connector (0.2874ms)
gateway-web	Run pnpm test	2026-10-05T10:56:24.5689806Z ✔ canonical refs are unique across surfaces in one process (0.5427ms)
gateway-web	Run pnpm test	2026-10-05T10:56:24.5691084Z ✔ an attention acknowledgement records the subject it answers and the read views are frozen (0.8844ms)
gateway-web	Run pnpm test	2026-10-05T10:56:24.5692738Z ✔ a finished job is not re-opened for attention and an answered question is not reset (1.3946ms)
gateway-web	Run pnpm test	2026-10-05T10:56:24.5693937Z ✔ a blocking canonical question gates progress and resume (0.4594ms)
gateway-web	Run pnpm test	2026-10-05T10:56:24.5695057Z ✔ attention and approvals answer only to devices connected to the job (0.6092ms)
gateway-web	Run pnpm test	2026-10-05T10:56:24.5696216Z ✔ an object is not a provenance reference, and a nested payload is refused (0.4969ms)
gateway-web	Run pnpm test	2026-10-05T10:56:24.5697297Z ✔ the secret scan reads maps, sets and records it cannot read (0.2595ms)
gateway-web	Run pnpm test	2026-10-05T10:56:24.5698523Z ✔ a lease belongs to one job and a shared task core confirms the binding when one is wired in (0.8175ms)
gateway-web	Run pnpm test	2026-10-05T10:56:24.5700007Z ✔ a result that is not a success is not accepted as one, and an uncloneable artifact is a typed refusal (0.6024ms)
gateway-web	Run pnpm test	2026-10-05T10:56:24.5701755Z ✔ the surface names where control came from and scopes its structural claims (0.2477ms)
gateway-web	Run pnpm test	2026-10-05T10:56:24.5703025Z ✔ a DAG is validated and only dependency-satisfied work is runnable (8.0135ms)
gateway-web	Run pnpm test	2026-10-05T10:56:24.5704385Z ✔ two writers cannot hold the same protected scope at once, and conflicts are reported not merged (1.2808ms)
gateway-web	Run pnpm test	2026-10-05T10:56:24.5705871Z ✔ resource pressure scales workers down and pauses new work without failing completed work (1.1826ms)
gateway-web	Run pnpm test	2026-10-05T10:56:24.5707132Z ✔ one-worker serial mode uses the same lifecycle and acceptance path (0.7983ms)
gateway-web	Run pnpm test	2026-10-05T10:56:24.5708406Z ✔ bounded retry and reassignment never duplicate a terminal result or an external effect (1.7635ms)
gateway-web	Run pnpm test	2026-10-05T10:56:24.5709781Z ✔ worker selection is capability and placement based with no provider-name branching (0.8379ms)
gateway-web	Run pnpm test	2026-10-05T10:56:24.5711127Z ✔ a controlled restart keeps completed work and never resumes stale state as success (2.8443ms)
gateway-web	Run pnpm test	2026-10-05T10:56:24.5712355Z ✔ a terminal result is immutable against late and out-of-order reports (0.9258ms)
gateway-web	Run pnpm test	2026-10-05T10:56:24.5713384Z ✔ a stall or crash report cannot re-open completed work (0.4602ms)
gateway-web	Run pnpm test	2026-10-05T10:56:24.5714422Z ✔ the attempt budget is a bound at dispatch, not only in the stall path (0.651ms)
gateway-web	Run pnpm test	2026-10-05T10:56:24.5715702Z ✔ a running node cannot be dispatched twice into two concurrent attempts (0.5428ms)
gateway-web	Run pnpm test	2026-10-05T10:56:24.5716891Z ✔ a named worker is a choice, not a bypass of capability, readiness or capacity (0.8779ms)
gateway-web	Run pnpm test	2026-10-05T10:56:24.5717958Z ✔ every foreman bound is validated rather than trusted (0.7579ms)
gateway-web	Run pnpm test	2026-10-05T10:56:24.5718889Z ✔ a worker with running attempts cannot be re-registered (0.4672ms)
gateway-web	Run pnpm test	2026-10-05T10:56:24.5719776Z ✔ a node declaration is validated where it is used (0.7066ms)
gateway-web	Run pnpm test	2026-10-05T10:56:24.5720871Z ✔ a refused resume leaves the live queue intact, and a cyclic entry cannot overflow (0.619ms)
gateway-web	Run pnpm test	2026-10-05T10:56:24.5722011Z ✔ an uninterpretable instant is refused rather than recorded (0.5265ms)
gateway-web	Run pnpm test	2026-10-05T10:56:24.5723273Z ✔ a handover or a cancel releases the worker slot it abandons (0.8815ms)
gateway-web	Run pnpm test	2026-10-05T10:56:24.5724502Z ✔ a restart keeps the completed-effect memory and a dependency list must be readable (1.0097ms)
gateway-web	Run pnpm test	2026-10-05T10:56:24.5725645Z ✔ a node no worker can staff is reported instead of vanishing (0.4076ms)
gateway-web	Run pnpm test	2026-10-05T10:56:24.5727061Z ✔ a declaration the module cannot clone is a typed refusal, not a crash (1.0845ms)
gateway-web	Run pnpm test	2026-10-05T10:56:24.5728355Z ✔ an autonomous job needs an objective and bounded constraints, not an operation list (4.971ms)
gateway-web	Run pnpm test	2026-10-05T10:56:24.5729806Z ✔ a scripted job without an executable specification is refused honestly, not admitted (0.5323ms)
gateway-web	Run pnpm test	2026-10-05T10:56:24.5731013Z ✔ the job envelope is strict about route, vocabulary and secrets (1.0057ms)
gateway-web	Run pnpm test	2026-10-05T10:56:24.5732019Z ✔ a partial or progress event can never mark a job terminal (1.2355ms)
gateway-web	Run pnpm test	2026-10-05T10:56:24.5733135Z ✔ late, duplicate and out-of-order events are deterministic and idempotent (2.4406ms)
gateway-web	Run pnpm test	2026-10-05T10:56:24.5734350Z ✔ a terminal result is final and cannot be resurrected by replay (1.9482ms)
gateway-web	Run pnpm test	2026-10-05T10:56:24.5735444Z ✔ a result must be honest: success needs acceptance, and versions must line up (1.1663ms)
gateway-web	Run pnpm test	2026-10-05T10:56:24.5736705Z ✔ artifact references preserve job, device and connector provenance (1.377ms)
gateway-web	Run pnpm test	2026-10-05T10:56:24.5737968Z ✔ the protocol publishes its guarantees and stays transport neutral (0.6193ms)
gateway-web	Run pnpm test	2026-10-05T10:56:24.5739284Z ✔ unknown fields are refused even when named after Object.prototype members (3.6253ms)
gateway-web	Run pnpm test	2026-10-05T10:56:24.5740746Z ✔ a job record cannot be born terminal, and success is only reached through a result (1.2339ms)
gateway-web	Run pnpm test	2026-10-05T10:56:24.5742149Z ✔ an event from a superseded job version never acts on the current job (0.6201ms)
gateway-web	Run pnpm test	2026-10-05T10:56:24.5743441Z ✔ a replayed result is recognised by its content, not by its ref (0.7943ms)
gateway-web	Run pnpm test	2026-10-05T10:56:24.5745199Z ✔ a replayed artifact is recognised by its content and digest (0.6352ms)
gateway-web	Run pnpm test	2026-10-05T10:56:24.5746567Z ✔ a malformed batch is refused with a typed contract error (0.6223ms)
gateway-web	Run pnpm test	2026-10-05T10:56:24.5747842Z ✔ an ignored duplicate is recorded on the record, once, and stays idempotent (0.8736ms)
gateway-web	Run pnpm test	2026-10-05T10:56:24.5764751Z ✔ a calendar-impossible instant is refused, not merely shape-checked (0.8229ms)
gateway-web	Run pnpm test	2026-10-05T10:56:24.5767196Z ✔ a terminal announcement without a result is completed by the honest result (0.9948ms)
gateway-web	Run pnpm test	2026-10-05T10:56:24.5768432Z ✔ the job record is immutable at every level, not only at the top (0.9775ms)
gateway-web	Run pnpm test	2026-10-05T10:56:24.5769559Z ✔ a non-enumerable own out-of-contract field is refused too (0.3949ms)
gateway-web	Run pnpm test	2026-10-05T10:56:24.5770665Z ✔ the structured result arrays are bounded like their siblings (28.7165ms)
gateway-web	Run pnpm test	2026-10-05T10:56:24.5771764Z ✔ a cyclic or over-deep envelope is refused, never a stack overflow (0.9391ms)
gateway-web	Run pnpm test	2026-10-05T10:56:24.5773029Z ✔ a provider-neutral autonomous job validates and keeps owner and executor distinct (4.6614ms)
gateway-web	Run pnpm test	2026-10-05T10:56:24.5774426Z ✔ scripted executors need explicit operations while agent modes must not carry them (1.1641ms)
gateway-web	Run pnpm test	2026-10-05T10:56:24.5775817Z ✔ unknown version, state, mode, event type or port is rejected rather than guessed (1.7909ms)
gateway-web	Run pnpm test	2026-10-05T10:56:24.5776979Z ✔ foreign routes cannot be redefined as Engineering routes (3.994ms)
gateway-web	Run pnpm test	2026-10-05T10:56:24.5778207Z ✔ provider product names are never a route and are never required by the core contract (1.483ms)
gateway-web	Run pnpm test	2026-10-05T10:56:24.5779362Z ✔ Codex-Boss is rejected everywhere it could be referenced (0.8093ms)
gateway-web	Run pnpm test	2026-10-05T10:56:24.5780437Z ✔ raw secrets are rejected while handle references are allowed (1.7957ms)
gateway-web	Run pnpm test	2026-10-05T10:56:24.5781546Z ✔ Engineering Manager stores only Engineering execution state (1.7166ms)
gateway-web	Run pnpm test	2026-10-05T10:56:24.5782497Z ✔ canonical events are typed and validated (1.1457ms)
gateway-web	Run pnpm test	2026-10-05T10:56:24.5783548Z ✔ one attention event projects to the current plus recent devices and rings once (1.9109ms)
gateway-web	Run pnpm test	2026-10-05T10:56:24.5784844Z ✔ first attention acknowledgement closes the epoch globally and never rings again (1.2473ms)
gateway-web	Run pnpm test	2026-10-05T10:56:24.5786502Z ✔ reconnect and duplicate delivery do not re-ring an attention epoch (0.9268ms)
gateway-web	Run pnpm test	2026-10-05T10:56:24.5788476Z ✔ a result cannot report success on a typed blocker, without acceptance or with failing tests (0.8911ms)
gateway-web	Run pnpm test	2026-10-05T10:56:24.5789913Z ✔ ports are versioned, replacement-safe and refuse non-conforming subjects (0.92ms)
gateway-web	Run pnpm test	2026-10-05T10:56:24.5791194Z ✔ a deterministic connector double runs a scripted job without a real provider (0.9031ms)
gateway-web	Run pnpm test	2026-10-05T10:56:24.5792385Z ✔ duplicate submit replays instead of creating a second job (2.2602ms)
gateway-web	Run pnpm test	2026-10-05T10:56:24.5793477Z ✔ control commands check version, transition and terminal state (9.1642ms)
gateway-web	Run pnpm test	2026-10-05T10:56:24.5794537Z ✔ results are idempotent and cannot overwrite or resurrect a terminal job (5.0322ms)
gateway-web	Run pnpm test	2026-10-05T10:56:24.5795793Z ✔ canonical job identity survives restart/reconnect and rejects incompatible replay (1.2802ms)
gateway-web	Run pnpm test	2026-10-05T10:56:24.5797065Z ✔ remote fallback is measured, user-approved and preserves the logical owner (3.8176ms)
gateway-web	Run pnpm test	2026-10-05T10:56:24.5798458Z ✔ canonical serialization is order-independent and the schema matches the runtime contract (1.2864ms)
gateway-web	Run pnpm test	2026-10-05T10:56:24.5799875Z ✔ contract error type carries a stable code and status (0.1305ms)
gateway-web	Run pnpm test	2026-10-05T10:56:24.5801070Z ✔ a secret-shaped field is refused in its plural and camelCase spellings too (0.3277ms)
gateway-web	Run pnpm test	2026-10-05T10:56:24.5802356Z ✔ foreign canonical state is refused in camelCase and separator variants (0.2232ms)
gateway-web	Run pnpm test	2026-10-05T10:56:24.5803648Z ✔ reserved prototype keys are refused at every depth of an owned state (0.4326ms)
gateway-web	Run pnpm test	2026-10-05T10:56:24.5805061Z ✔ an envelope refuses a reserved prototype key, so a wire payload cannot smuggle one (0.3134ms)
gateway-web	Run pnpm test	2026-10-05T10:56:24.5806510Z ✔ a codex-boss reference is caught however its separators are spelled (0.1354ms)
gateway-web	Run pnpm test	2026-10-05T10:56:24.5808163Z ✔ provider product names are caught however their separators are spelled (0.1176ms)
gateway-web	Run pnpm test	2026-10-05T10:56:24.5809420Z ✔ an absent field and an explicitly null field have different digests (0.1692ms)
gateway-web	Run pnpm test	2026-10-05T10:56:24.5810799Z ✔ the published schema states the normalisation and reserved-key rules the runtime enforces (0.5005ms)
gateway-web	Run pnpm test	2026-10-05T10:56:24.5812240Z ✔ a healthy local host is used, with local concurrency as the answer (2.3527ms)
gateway-web	Run pnpm test	2026-10-05T10:56:24.5813449Z ✔ resource pressure reduces local concurrency before any remote fallback (0.8477ms)
gateway-web	Run pnpm test	2026-10-05T10:56:24.5814876Z ✔ a protected foreground workload blocks the local host rather than displacing the user (0.3299ms)
gateway-web	Run pnpm test	2026-10-05T10:56:24.5816129Z ✔ an unmeasurable local host is unavailable, never assumed free (0.5539ms)
gateway-web	Run pnpm test	2026-10-05T10:56:24.5816932Z ✔ a faster or less loaded remote host alone never triggers fallback (1.2059ms)
gateway-web	Run pnpm test	2026-10-05T10:56:24.5817601Z ✔ remote fallback needs a measured reason and explicit user approval (0.6765ms)
gateway-web	Run pnpm test	2026-10-05T10:56:24.5818311Z ✔ candidates are ranked by capability fit, only after fallback is justified (14.5706ms)
gateway-web	Run pnpm test	2026-10-05T10:56:24.5818969Z ✔ a remote dispatch requires a recorded local attempt first (0.5535ms)
gateway-web	Run pnpm test	2026-10-05T10:56:24.5819503Z ✔ a measurement is a strict own-property record (1.2551ms)
gateway-web	Run pnpm test	2026-10-05T10:56:24.5820130Z ✔ a measured GPU load is used, and a contradictory worker count is unavailable (0.5555ms)
gateway-web	Run pnpm test	2026-10-05T10:56:24.5820740Z ✔ only a justified fallback proposal can be approved (0.8452ms)
gateway-web	Run pnpm test	2026-10-05T10:56:24.5821478Z ✔ both reference connectors register and resolve generically, with no provider branches in the core (5.0799ms)
gateway-web	Run pnpm test	2026-10-05T10:56:24.5822241Z ✔ installed, uninstalled and auth-required states are probed honestly (2.8493ms)
gateway-web	Run pnpm test	2026-10-05T10:56:24.5823395Z ✔ one canonical job id is preserved while backend ids stay provenance (1.501ms)
gateway-web	Run pnpm test	2026-10-05T10:56:24.5824596Z ✔ unsupported operations become typed states instead of silence or success (0.9363ms)
gateway-web	Run pnpm test	2026-10-05T10:56:24.5825642Z ✔ an unknown outcome is never reported as success, and retries do not duplicate (1.1248ms)
gateway-web	Run pnpm test	2026-10-05T10:56:24.5826947Z ✔ component-stage acceptance is only claimed with genuine real-host evidence (0.7084ms)
gateway-web	Run pnpm test	2026-10-05T10:56:24.5828410Z ✔ the connector contract is strict, frozen and independent of ambient state (0.9461ms)
gateway-web	Run pnpm test	2026-10-05T10:56:24.5829115Z ✔ component acceptance needs a real terminal state, not an assumed one (0.5583ms)
gateway-web	Run pnpm test	2026-10-05T10:56:24.5829729Z ✔ a submit the backend refused is never reported as submitted (0.6814ms)
gateway-web	Run pnpm test	2026-10-05T10:56:24.5830688Z ✔ a control the backend refused does not close the session (0.6369ms)
gateway-web	Run pnpm test	2026-10-05T10:56:24.5831557Z ✔ an unreadable event stream is not an empty one (0.5748ms)
gateway-web	Run pnpm test	2026-10-05T10:56:24.5832466Z ✔ a result about another backend run is not this job outcome (0.5399ms)
gateway-web	Run pnpm test	2026-10-05T10:56:24.5833375Z ✔ a session the backend refused is not created (0.6308ms)
gateway-web	Run pnpm test	2026-10-05T10:56:24.5834356Z ✔ an uninterpretable instant is refused rather than recorded (0.4139ms)
gateway-web	Run pnpm test	2026-10-05T10:56:24.5835444Z ✔ acceptance is not claimed for a product this host did not install (0.3893ms)
gateway-web	Run pnpm test	2026-10-05T10:56:24.5836446Z ✔ a closed session is not reported as live work (0.3008ms)
gateway-web	Run pnpm test	2026-10-05T10:56:24.5837606Z ✔ the canonical job id addresses control, events and result, and backend refs come back (0.5719ms)
gateway-web	Run pnpm test	2026-10-05T10:56:24.5838941Z ✔ one logical action key executes the backend once, even after a cancel and re-attach (0.3012ms)
gateway-web	Run pnpm test	2026-10-05T10:56:24.5839666Z ✔ a connector kind is an own key, and a crashing probe degrades honestly (0.5751ms)
gateway-web	Run pnpm test	2026-10-05T10:56:24.5840377Z ✔ the registry refuses an under-specified connector and derives its emulated count (0.3541ms)
gateway-web	Run pnpm test	2026-10-05T10:56:24.5841543Z ✔ one connector kind may have two distinct instances (15.7038ms)
gateway-web	Run pnpm test	2026-10-05T10:56:24.5842522Z ✔ stale probe data is visible as stale and never silently healthy (1.0231ms)
gateway-web	Run pnpm test	2026-10-05T10:56:24.5843502Z ✔ auth READY is never inferred from a live process (0.8802ms)
gateway-web	Run pnpm test	2026-10-05T10:56:24.5844502Z ✔ a capability mismatch is a typed refusal before execution (0.9276ms)
gateway-web	Run pnpm test	2026-10-05T10:56:24.5845392Z ✔ the registry survives a probe that throws or times out (2.655ms)
gateway-web	Run pnpm test	2026-10-05T10:56:24.5846053Z ✔ registry records refuse raw credential material and keep handles only (1.0618ms)
gateway-web	Run pnpm test	2026-10-05T10:56:24.5846736Z ✔ records are strict, and eligibility reports fit without choosing a host (1.5846ms)
gateway-web	Run pnpm test	2026-10-05T10:56:24.5848041Z ✔ unknown fields are refused even when named after Object.prototype members (2.1981ms)
gateway-web	Run pnpm test	2026-10-05T10:56:24.5849204Z ✔ a future-dated probe is never fresh, and never silently usable (1.0144ms)
gateway-web	Run pnpm test	2026-10-05T10:56:24.5850388Z ✔ the typed refusal names the blocker that actually applies (0.5675ms)
gateway-web	Run pnpm test	2026-10-05T10:56:24.5851523Z ✔ the auditable snapshot cannot be rewritten by its reader (1.5717ms)
gateway-web	Run pnpm test	2026-10-05T10:56:24.5852687Z ✔ a partial probe update leaves the fields it does not mention alone (0.8371ms)
gateway-web	Run pnpm test	2026-10-05T10:56:24.5853851Z ✔ a raw credential is refused by value as well as by key name (0.9417ms)
gateway-web	Run pnpm test	2026-10-05T10:56:24.5854861Z ✔ a cyclic or over-deep record is refused, never a stack overflow (0.834ms)
gateway-web	Run pnpm test	2026-10-05T10:56:24.5855974Z ✔ a calendar-impossible instant is refused, not merely shape-checked (0.4308ms)
gateway-web	Run pnpm test	2026-10-05T10:56:24.5856925Z ✔ a probe cannot claim to stay current indefinitely (0.4385ms)
gateway-web	Run pnpm test	2026-10-05T10:56:24.5857518Z ✔ a failed probe is visible on the instance and blocks dispatch (1.4995ms)
gateway-web	Run pnpm test	2026-10-05T10:56:24.5858380Z ✔ a probe that reports not-installed cannot be a running, usable worker (0.1955ms)
gateway-web	Run pnpm test	2026-10-05T10:56:24.5859513Z ✔ an exempted reference field must still look like a reference (0.8606ms)
gateway-web	Run pnpm test	2026-10-05T10:56:24.5860407Z ✔ the evidence source travels with the answer (0.1816ms)
gateway-web	Run pnpm test	2026-10-05T10:56:24.5861371Z ✔ a remote dispatch needs an approved proposal and an eligible host (2.66ms)
gateway-web	Run pnpm test	2026-10-05T10:56:24.5862422Z ✔ every channel returns to the current interaction surface, not to the execution device (1.5875ms)
gateway-web	Run pnpm test	2026-10-05T10:56:24.5863321Z ✔ the control plane follows the user when they move to another surface (0.6342ms)
gateway-web	Run pnpm test	2026-10-05T10:56:24.5864126Z ✔ stale and duplicate remote events are reconciled instead of re-applied (0.45ms)
gateway-web	Run pnpm test	2026-10-05T10:56:24.5865542Z ✔ control is forwarded from any authorised device and applied once (0.7296ms)
gateway-web	Run pnpm test	2026-10-05T10:56:24.5866474Z ✔ a hardware-bound action is a typed blocker, never a fabricated success (0.4105ms)
gateway-web	Run pnpm test	2026-10-05T10:56:24.5867898Z ✔ context is staged semantically, and the port contract owns trust and transport elsewhere (0.5891ms)
gateway-web	Run pnpm test	2026-10-05T10:56:24.5869385Z ✔ the return path can only move onto a surface this module resolved for the same owner (0.5338ms)
gateway-web	Run pnpm test	2026-10-05T10:56:24.5870692Z ✔ a dispatch validates the executor reference and the capability list (0.5014ms)
gateway-web	Run pnpm test	2026-10-05T10:56:24.5871955Z ✔ the bridge itself refuses a second dispatch and keeps the run ledger (0.6635ms)
gateway-web	Run pnpm test	2026-10-05T10:56:24.5873098Z ✔ an execution port that refuses is never reported as success (0.8263ms)
gateway-web	Run pnpm test	2026-10-05T10:56:24.5874095Z ✔ an attention reply reaches the originating worker through the respond path (0.5453ms)
gateway-web	Run pnpm test	2026-10-05T10:56:24.5874824Z ✔ a control command without an idempotency key is refused rather than swallowed (0.2882ms)
gateway-web	Run pnpm test	2026-10-05T10:56:24.5875557Z ✔ an untransferable remote payload is refused without consuming its sequence (0.3302ms)
gateway-web	Run pnpm test	2026-10-05T10:56:24.5876456Z ✔ a physical-action block is observable and blocks a fabricated success (0.3271ms)
gateway-web	Run pnpm test	2026-10-05T10:56:24.5877091Z ✔ recording instants are validated rather than stored as given (0.3813ms)
gateway-web	Run pnpm test	2026-10-05T10:56:24.5877703Z ✔ the approval gate reads the proposal itself, not its prototype (0.3674ms)
gateway-web	Run pnpm test	2026-10-05T10:56:24.5878313Z ✔ a refused replay does not move where the run returns are delivered (0.2118ms)
gateway-web	Run pnpm test	2026-10-05T10:56:24.5878880Z ✔ an envelope field is validated and used exactly once (0.376ms)
gateway-web	Run pnpm test	2026-10-05T10:56:24.5879405Z ✔ a device field is validated and projected exactly once (0.1901ms)
gateway-web	Run pnpm test	2026-10-05T10:56:24.5880018Z ✔ context staging enforces the bound and the cleanup policy it advertises (0.3885ms)
gateway-web	Run pnpm test	2026-10-05T10:56:24.5880660Z ✔ a return that reaches nobody is not normal remote-free operation (0.3269ms)
gateway-web	Run pnpm test	2026-10-05T10:56:24.5881287Z ✔ a surface is resolved only from devices belonging to that owner (0.2149ms)
gateway-web	Run pnpm test	2026-10-05T10:56:24.5882287Z ✔ authority is split: the monitor senses, the supervisor restarts, and neither can do the other (4.6483ms)
gateway-web	Run pnpm test	2026-10-05T10:56:24.5883539Z ✔ a stale or reused pid is never signalled (1.6694ms)
gateway-web	Run pnpm test	2026-10-05T10:56:24.5884511Z ✔ the restart budget ends in safe mode instead of an infinite loop (2.0664ms)
gateway-web	Run pnpm test	2026-10-05T10:56:24.5885829Z ✔ resume happens only after a checkpoint and a readiness confirmation (1.4899ms)
gateway-web	Run pnpm test	2026-10-05T10:56:24.5886917Z ✔ a terminal job does not resurrect after recovery (0.6781ms)
gateway-web	Run pnpm test	2026-10-05T10:56:24.5887903Z ✔ one crashed connector never terminates unrelated connectors (0.9774ms)
gateway-web	Run pnpm test	2026-10-05T10:56:24.5889016Z ✔ the contract is strict, frozen, and honest about stale observations (1.2512ms)
gateway-web	Run pnpm test	2026-10-05T10:56:24.5890282Z ✔ pressure is the evidence the monitor recorded, not a copy the caller supplies (0.3698ms)
gateway-web	Run pnpm test	2026-10-05T10:56:24.5891422Z ✔ a policy bound that can be switched off is refused (0.985ms)
gateway-web	Run pnpm test	2026-10-05T10:56:24.5893244Z ✔ an uninterpretable instant cannot make stale evidence fresh or release the cooldown (0.9807ms)
gateway-web	Run pnpm test	2026-10-05T10:56:24.5894625Z ✔ a throwing readiness or process hook is a typed outcome, not a half-applied restart (0.74ms)
gateway-web	Run pnpm test	2026-10-05T10:56:24.5895684Z ✔ an absent confidence is no confidence (0.2956ms)
gateway-web	Run pnpm test	2026-10-05T10:56:24.5896238Z ✔ a caller structure that points at itself is refused, not fatal (0.6415ms)
gateway-web	Run pnpm test	2026-10-05T10:56:24.5896831Z ✔ a malformed active entry is reported rather than dropped (0.3002ms)
gateway-web	Run pnpm test	2026-10-05T10:56:24.5897416Z ✔ a minted decision is authority for one instance and one restart (0.5958ms)
gateway-web	Run pnpm test	2026-10-05T10:56:24.5898068Z ✔ an unrecordable port answer is not an untyped failure after a real restart (0.5952ms)
gateway-web	Run pnpm test	2026-10-05T10:56:24.5898749Z ✔ a readiness answer about another instance or checkpoint is not this resume (0.8803ms)
gateway-web	Run pnpm test	2026-10-05T10:56:24.5899380Z ✔ supervise refuses a malformed set instead of failing part-way (0.4923ms)
gateway-web	Run pnpm test	2026-10-05T10:56:24.5900389Z ✔ host-pass: the original contract still works and is labelled HOST_PASS (96.8682ms)
gateway-web	Run pnpm test	2026-10-05T10:56:24.5902030Z ✔ owner-override: an Owner ruling over a real blocker produces a VERIFIED episode (73.1313ms)
gateway-web	Run pnpm test	2026-10-05T10:56:24.5903547Z ✔ owner-override without a migration blocker fails (66.6175ms)
gateway-web	Run pnpm test	2026-10-05T10:56:24.5904475Z ✔ owner-override without an owner ruling argument fails (70.304ms)
gateway-web	Run pnpm test	2026-10-05T10:56:24.5905547Z ✔ owner-override whose intervention does not cite the ruling fails (67.3846ms)
gateway-web	Run pnpm test	2026-10-05T10:56:24.5906617Z ✔ owner-override without a verifier finding fails (72.0483ms)
gateway-web	Run pnpm test	2026-10-05T10:56:24.5907710Z ✔ owner-override whose verifier finding precedes the blocker fails (71.4455ms)
gateway-web	Run pnpm test	2026-10-05T10:56:24.5908763Z ✔ a final CI that is not PASS fails in owner-override too (82.9419ms)
gateway-web	Run pnpm test	2026-10-05T10:56:24.5909594Z ✔ the same host for both roles fails (137.4951ms)
gateway-web	Run pnpm test	2026-10-05T10:56:24.5910503Z ✔ an inbox that already has a host PASS cannot use owner-override (82.6293ms)
gateway-web	Run pnpm test	2026-10-05T10:56:24.5912038Z ✔ --owner-ruling is rejected in host-pass mode (67.7156ms)
gateway-web	Run pnpm test	2026-10-05T10:56:24.5913272Z ✔ owner-waived host separation: an Owner ruling lets the migration host finish verification (76.1272ms)
gateway-web	Run pnpm test	2026-10-05T10:56:24.5914488Z ✔ a strict episode records hostSeparation STRICT (75.5036ms)
gateway-web	Run pnpm test	2026-10-05T10:56:24.5915338Z ✔ owner-waived without --completing-host fails (64.184ms)
gateway-web	Run pnpm test	2026-10-05T10:56:24.5916142Z ✔ owner-waived without --owner-ruling fails (76.007ms)
gateway-web	Run pnpm test	2026-10-05T10:56:24.5917147Z ✔ owner-waived whose completing host produced no verification events fails (79.2914ms)
gateway-web	Run pnpm test	2026-10-05T10:56:24.5918145Z ✔ owner-waived whose record cites no ruling fails (68.262ms)
gateway-web	Run pnpm test	2026-10-05T10:56:24.5919252Z ✔ owner-waived is refused when the completing host is already the verification host (66.0006ms)
gateway-web	Run pnpm test	2026-10-05T10:56:24.5920593Z ✔ owner-waived still refuses a verification event from a host that does not participate (65.782ms)
gateway-web	Run pnpm test	2026-10-05T10:56:24.5921759Z ✔ --completing-host is rejected in strict host separation (73.2678ms)
gateway-web	Run pnpm test	2026-10-05T10:56:24.5922903Z ✔ strict host separation still refuses the same host for both roles (67.4511ms)
gateway-web	Run pnpm test	2026-10-05T10:56:24.5924301Z ✔ a finished Action is never re-opened by a later observation (1.7009ms)
gateway-web	Run pnpm test	2026-10-05T10:56:24.5925376Z ✔ an in-flight Action still follows the City task it is reporting on (0.257ms)
gateway-web	Run pnpm test	2026-10-05T10:56:24.5926634Z ✔ the reserved GENERAL_AI route answers a typed UNAVAILABLE and never becomes a City task (2.2097ms)
gateway-web	Run pnpm test	2026-10-05T10:56:24.5927953Z ✔ a reordered idempotency key is the same request, and a different one is refused (6.7503ms)
gateway-web	Run pnpm test	2026-10-05T10:56:24.5929315Z ✔ UXI-301 feed: real telemetry becomes a load vector, and unmeasured dimensions stay missing (1.9214ms)
gateway-web	Run pnpm test	2026-10-05T10:56:24.5930446Z ✔ UXI-301 feed: disk CAPACITY is not reported as io LOAD (0.2195ms)
gateway-web	Run pnpm test	2026-10-05T10:56:24.5931450Z ✔ UXI-301 feed: the node mapping mirrors the gateway liveness truth (0.3859ms)
gateway-web	Run pnpm test	2026-10-05T10:56:24.5932720Z ✔ UXI-391: the candidate carries an EXPLICIT enablement, and an explicit disable is honoured (1.3361ms)
gateway-web	Run pnpm test	2026-10-05T10:56:24.5934335Z ✔ UXI-301 feed: eligibility terms come from RS-202 and are all declared in the contract (0.9696ms)
gateway-web	Run pnpm test	2026-10-05T10:56:24.5935522Z ✔ UXI-301 feed: an ONLINE, healthy node must NOT present as unusable (0.8115ms)
gateway-web	Run pnpm test	2026-10-05T10:56:24.5936594Z ✔ UXI-301 feed: COMPLETED is reachable ONLY from a terminal City state (1.1195ms)
gateway-web	Run pnpm test	2026-10-05T10:56:24.5937791Z ✔ UXI-301 feed: a healthy node plus a cold one offers waiting, never a forced choice (0.2183ms)
gateway-web	Run pnpm test	2026-10-05T10:56:24.5939106Z ✔ UXI-301 feed: a structurally refused fleet DOES demand a choice and withholds waiting (0.6083ms)
gateway-web	Run pnpm test	2026-10-05T10:56:24.5940334Z ✔ UXI-301 feed: the producer rejects malformed input rather than guessing (0.6751ms)
gateway-web	Run pnpm test	2026-10-05T10:56:24.5941653Z ✔ UXI-301 feed: the feed is versioned, lists its candidates, and hides finished work by default (0.6737ms)
gateway-web	Run pnpm test	2026-10-05T10:56:24.5943011Z ✔ UXI-301 feed: termsInUse reports only declared terms, so a UI can preload copy (0.3779ms)
gateway-web	Run pnpm test	2026-10-05T10:56:24.5944517Z ✔ UXI-301 feed: an empty City produces an empty feed rather than a fabricated status (0.1421ms)
gateway-web	Run pnpm test	2026-10-05T10:56:24.5945894Z ✔ UXI-301 feed: a node already running OTHER work reports real capacity pressure (0.42ms)
gateway-web	Run pnpm test	2026-10-05T10:56:24.5947028Z ✔ UXI-301 feed: capacity pressure clears once the other work finishes (0.2964ms)
gateway-web	Run pnpm test	2026-10-05T10:56:24.5948174Z ✔ UXI-301 feed: two busy nodes and one free node is reported truthfully per node (0.3646ms)
gateway-web	Run pnpm test	2026-10-05T10:56:24.5949424Z ✔ versioned authenticated gateway rejects unsafe commands and persists history (122.8993ms)
gateway-web	Run pnpm test	2026-10-05T10:56:24.5950671Z ✔ the post-restart resume decision is owned by the migrated checkpoint gate (39.6212ms)
gateway-web	Run pnpm test	2026-10-05T10:56:24.5951962Z ✔ the gateway places work on exactly the nodes its own policy and the Core both accept (1252.3486ms)
gateway-web	Run pnpm test	2026-10-05T10:56:24.5953222Z ✔ an interrupted task is never falsified as success across a gateway restart (44.7846ms)
gateway-web	Run pnpm test	2026-10-05T10:56:24.5954336Z ✔ no API network call happens before consent and budget admission (4.7808ms)
gateway-web	Run pnpm test	2026-10-05T10:56:24.5955631Z ✔ a Web failure proposes API but never grants it, and budget does not stand in for consent (1.3936ms)
gateway-web	Run pnpm test	2026-10-05T10:56:24.5956921Z ✔ rate limit, auth and provider faults stay typed and never look like success (1.9339ms)
gateway-web	Run pnpm test	2026-10-05T10:56:24.5958025Z ✔ usage the provider did not report stays unknown, never zero (0.8445ms)
gateway-web	Run pnpm test	2026-10-05T10:56:24.5959329Z ✔ streaming is supported only where the adapter says so, and secrets never reach provenance (0.9038ms)
gateway-web	Run pnpm test	2026-10-05T10:56:24.5960593Z ✔ channel state stays isolated, frozen and free of ambient behaviour (0.553ms)
gateway-web	Run pnpm test	2026-10-05T10:56:24.5961762Z ✔ budget policy limits must be real numbers, so the second gate cannot vanish (0.6498ms)
gateway-web	Run pnpm test	2026-10-05T10:56:24.5962802Z ✔ provider usage that is negative is not usage (0.1871ms)
gateway-web	Run pnpm test	2026-10-05T10:56:24.5963923Z ✔ secrets are found and redacted however they are hidden (0.5417ms)
gateway-web	Run pnpm test	2026-10-05T10:56:24.5965015Z ✔ an admitted call with no usable adapter is a typed refusal, not a crash (0.5894ms)
gateway-web	Run pnpm test	2026-10-05T10:56:24.5966097Z ✔ the budget result does not claim knowledge it does not have (0.666ms)
gateway-web	Run pnpm test	2026-10-05T10:56:24.5967322Z ✔ one conversation continues while backend thread, provider and device metadata change (6.2417ms)
gateway-web	Run pnpm test	2026-10-05T10:56:24.5968654Z ✔ backend thread loss is reported and never becomes a silent false continuation (1.8424ms)
gateway-web	Run pnpm test	2026-10-05T10:56:24.5969794Z ✔ InputBundle enforces bounds, media type, digest and provenance (2.3614ms)
gateway-web	Run pnpm test	2026-10-05T10:56:24.5970929Z ✔ temporary staging metadata always carries an explicit cleanup policy (1.9727ms)
gateway-web	Run pnpm test	2026-10-05T10:56:24.5972244Z ✔ partial events are ordered, versioned and never terminal, and RF envelopes stay non-canonical (1.1976ms)
gateway-web	Run pnpm test	2026-10-05T10:56:24.5973588Z ✔ cancellation is idempotent, works across channel changes, and reconciles late results (1.0384ms)
gateway-web	Run pnpm test	2026-10-05T10:56:24.5974777Z ✔ the conversation contract is closed, frozen and identity-independent (1.0178ms)
gateway-web	Run pnpm test	2026-10-05T10:56:24.5975992Z ✔ the canonical contract allow-list is decided by own keys (0.5284ms)
gateway-web	Run pnpm test	2026-10-05T10:56:24.5977110Z ✔ the conversation policy is a bound, and a non-boolean cannot disable verification (0.5099ms)
gateway-web	Run pnpm test	2026-10-05T10:56:24.5978437Z ✔ a cyclic caller value cannot crash the freezer, and attachments are canonical records (0.767ms)
gateway-web	Run pnpm test	2026-10-05T10:56:24.5979554Z ✔ a malformed caller instant is refused as a typed error (0.8214ms)
gateway-web	Run pnpm test	2026-10-05T10:56:24.5980491Z ✔ a settled turn cannot accept further transport data (0.7181ms)
gateway-web	Run pnpm test	2026-10-05T10:56:24.5981519Z ✔ a refused call leaves no partial write and no poisoned projection (0.4501ms)
gateway-web	Run pnpm test	2026-10-05T10:56:24.5982554Z ✔ each late result is reconciled under its own reference (0.453ms)
gateway-web	Run pnpm test	2026-10-05T10:56:24.5983695Z ✔ the published stream carries cancellation and a conversation-level order (0.4828ms)
gateway-web	Run pnpm test	2026-10-05T10:56:24.5984888Z ✔ every free-text field is bounded (0.6587ms)
gateway-web	Run pnpm test	2026-10-05T10:56:24.5985829Z ✔ the staging cleanup deadline is a decision, not decoration (0.5642ms)
gateway-web	Run pnpm test	2026-10-05T10:56:24.5987033Z ✔ GENERAL_AI is reserved as a user-level route and the legacy routes are untouched (2.7637ms)
gateway-web	Run pnpm test	2026-10-05T10:56:24.5989403Z ✔ a historical product name is not a route, and an unknown route is refused not guessed (0.3725ms)
gateway-web	Run pnpm test	2026-10-05T10:56:24.5990641Z ✔ the gateway route vocabulary is exactly the contract vocabulary (0.3577ms)
gateway-web	Run pnpm test	2026-10-05T10:56:24.5991850Z ✔ a canonical general-AI request validates and keeps typed backend references (2.6964ms)
gateway-web	Run pnpm test	2026-10-05T10:56:24.5993027Z ✔ unknown version, channel, state and malformed input are refused (1.3333ms)
gateway-web	Run pnpm test	2026-10-05T10:56:24.5994180Z ✔ no canonical envelope may carry raw credential, cookie or token bytes (1.1923ms)
gateway-web	Run pnpm test	2026-10-05T10:56:24.5995386Z ✔ provider, model, attention, usage and proposal envelopes validate strictly (1.2205ms)
gateway-web	Run pnpm test	2026-10-05T10:56:24.5996643Z ✔ partial output cannot mark an Action terminal and terminal status is final (0.6422ms)
gateway-web	Run pnpm test	2026-10-05T10:56:24.5997986Z ✔ a partial result carries in-flight status and a result envelope carries a terminal one (0.9688ms)
gateway-web	Run pnpm test	2026-10-05T10:56:24.5999319Z ✔ an idempotency key replayed for the same request returns the first result (0.7771ms)
gateway-web	Run pnpm test	2026-10-05T10:56:24.6000495Z ✔ the same idempotency key bound to a different request is refused (0.3709ms)
gateway-web	Run pnpm test	2026-10-05T10:56:24.6001594Z ✔ a deterministic local answer never reaches a general-AI channel (0.3684ms)
gateway-web	Run pnpm test	2026-10-05T10:56:24.6002752Z ✔ Web is the default channel and JEV failure degrades instead of blocking (0.1575ms)
gateway-web	Run pnpm test	2026-10-05T10:56:24.6004245Z ✔ Web failure does not silently trigger API, and API needs explicit user consent (0.1574ms)
gateway-web	Run pnpm test	2026-10-05T10:56:24.6005444Z ✔ budget policy runs after consent and can never substitute for it (0.2039ms)
gateway-web	Run pnpm test	2026-10-05T10:56:24.6006756Z ✔ another device is proposed, never chosen, and the interaction device does not move (0.424ms)
gateway-web	Run pnpm test	2026-10-05T10:56:24.6008038Z ✔ API escalation requires a user confirmation reference, not a budget decision (0.4276ms)
gateway-web	Run pnpm test	2026-10-05T10:56:24.6009186Z ✔ a decision that needs the user becomes an attention request (0.529ms)
gateway-web	Run pnpm test	2026-10-05T10:56:24.6010298Z ✔ JEV output is advisory and a JEV failure degrades instead of blocking (0.5131ms)
gateway-web	Run pnpm test	2026-10-05T10:56:24.6011481Z ✔ programme ports are versioned, and non-conforming subjects are refused (0.4346ms)
gateway-web	Run pnpm test	2026-10-05T10:56:24.6012588Z ✔ the deterministic remote double never fakes a completed run (0.7776ms)
gateway-web	Run pnpm test	2026-10-05T10:56:24.6013729Z ✔ the repository carries no runtime dependency on the historical product (188.6285ms)
gateway-web	Run pnpm test	2026-10-05T10:56:24.6014907Z ✔ the contract publishes its routing guarantees and error vocabulary (0.73ms)
gateway-web	Run pnpm test	2026-10-05T10:56:24.6016337Z ✔ undeclared keys inherited from Object.prototype are refused, and a prototype key never is canonical (1.4547ms)
gateway-web	Run pnpm test	2026-10-05T10:56:24.6017975Z ✔ a secret-shaped name is refused in its plural and compound spellings, and a quantity is not a secret (0.5502ms)
gateway-web	Run pnpm test	2026-10-05T10:56:24.6019656Z ✔ raw credential bytes are refused in any field, not only in a secret-shaped one (0.5316ms)
gateway-web	Run pnpm test	2026-10-05T10:56:24.6021281Z ✔ a partial result cannot claim a terminal status by relabelling or omitting its source (3.1423ms)
gateway-web	Run pnpm test	2026-10-05T10:56:24.6022577Z ✔ UNAVAILABLE is final for this action, and entering it is still allowed (0.3693ms)
gateway-web	Run pnpm test	2026-10-05T10:56:24.6023695Z ✔ an advisory assessment carries advisory fields and nothing else (0.781ms)
gateway-web	Run pnpm test	2026-10-05T10:56:24.6025075Z ✔ the linkage scanner catches real dependency shapes it used to miss, and still ignores provenance prose (1.062ms)
gateway-web	Run pnpm test	2026-10-05T10:56:24.6026443Z ✔ availability, health, auth, rate limit and budget stay separate signals (5.1737ms)
gateway-web	Run pnpm test	2026-10-05T10:56:24.6027659Z ✔ stale health is distinguishable from healthy and never reported as healthy (0.8045ms)
gateway-web	Run pnpm test	2026-10-05T10:56:24.6028878Z ✔ a transient technical failure follows a bounded retry and backoff policy (0.7971ms)
gateway-web	Run pnpm test	2026-10-05T10:56:24.6030067Z ✔ human-blocked and ambiguous failures never auto-resume as a technical retry (1.723ms)
gateway-web	Run pnpm test	2026-10-05T10:56:24.6031251Z ✔ circuits are scoped so one failure cannot trip all AI or the local surfaces (1.2364ms)
gateway-web	Run pnpm test	2026-10-05T10:56:24.6032411Z ✔ a Web failure degrades honestly and never silently escalates to the API (0.6526ms)
gateway-web	Run pnpm test	2026-10-05T10:56:24.6033629Z ✔ the governor is strict, frozen, and free of ambient state (0.8838ms)
gateway-web	Run pnpm test	2026-10-05T10:56:24.6034496Z ✔ the resilience policy bounds are real bounds (0.5534ms)
gateway-web	Run pnpm test	2026-10-05T10:56:24.6035342Z ✔ a malformed caller instant is refused as a typed error (1.0249ms)
gateway-web	Run pnpm test	2026-10-05T10:56:24.6036330Z ✔ a side-effecting failure is not retried without an idempotency key (0.5083ms)
gateway-web	Run pnpm test	2026-10-05T10:56:24.6037486Z ✔ a cyclic value cannot crash the freezer, and a degraded availability is named (0.3452ms)
gateway-web	Run pnpm test	2026-10-05T10:56:24.6038434Z ✔ the governor policy is a plain record (0.2352ms)
gateway-web	Run pnpm test	2026-10-05T10:56:24.6039600Z ✔ a caller instant cannot extend or shorten a circuit cooldown (0.4373ms)
gateway-web	Run pnpm test	2026-10-05T10:56:24.6040515Z ✔ an acknowledgment survives a replayed failure (0.275ms)
gateway-web	Run pnpm test	2026-10-05T10:56:24.6041592Z ✔ a non-boolean flag cannot silently drop a proposal or an idempotency requirement (0.3917ms)
gateway-web	Run pnpm test	2026-10-05T10:56:24.6042918Z ✔ a degraded or unknown availability is never ready, and the report agrees with the query (0.9027ms)
gateway-web	Run pnpm test	2026-10-05T10:56:24.6044209Z ✔ provider, model and account identities stay distinct across multiple accounts (20.2802ms)
gateway-web	Run pnpm test	2026-10-05T10:56:24.6045393Z ✔ stale capability metadata is visible as stale and reads as unknown (1.0137ms)
gateway-web	Run pnpm test	2026-10-05T10:56:24.6046469Z ✔ WEB and API readiness are answered independently and may differ (1.1102ms)
gateway-web	Run pnpm test	2026-10-05T10:56:24.6047571Z ✔ a missing provider, model or account produces typed absence, not a throw (1.678ms)
gateway-web	Run pnpm test	2026-10-05T10:56:24.6048700Z ✔ canonical records refuse raw secret material and keep handles only (1.3648ms)
gateway-web	Run pnpm test	2026-10-05T10:56:24.6049891Z ✔ the registry starts empty and works entirely with synthetic providers (0.9151ms)
gateway-web	Run pnpm test	2026-10-05T10:56:24.6050843Z ✔ registry records are strict about their shape (2.281ms)
gateway-web	Run pnpm test	2026-10-05T10:56:24.6051771Z ✔ undeclared keys inherited from Object.prototype are refused (1.065ms)
gateway-web	Run pnpm test	2026-10-05T10:56:24.6052890Z ✔ a secret-shaped name is refused in its plural and compound spellings (0.5026ms)
gateway-web	Run pnpm test	2026-10-05T10:56:24.6054287Z ✔ raw credential bytes are refused in a declared text field, not only under a secret-shaped name (0.8403ms)
gateway-web	Run pnpm test	2026-10-05T10:56:24.6055719Z ✔ one reference cannot name two records, and a parent binding cannot be re-pointed (2.0461ms)
gateway-web	Run pnpm test	2026-10-05T10:56:24.6056875Z ✔ a handle reference is content-addressed and epoch-scoped (0.4087ms)
gateway-web	Run pnpm test	2026-10-05T10:56:24.6057925Z ✔ a stale or unavailable channel is not advertised as supported (0.9288ms)
gateway-web	Run pnpm test	2026-10-05T10:56:24.6059171Z ✔ a missing subject reports its own absence code, and a future observation is not fresh (0.3083ms)
gateway-web	Run pnpm test	2026-10-05T10:56:24.6060893Z ✔ RS-201: enablement is REQUIRED, so an omitted field can never read as enabled (3.6067ms)
gateway-web	Run pnpm test	2026-10-05T10:56:24.6062377Z ✔ RS-201: enablement accepts exactly the two declared states and nothing that merely looks like one (2.1016ms)
gateway-web	Run pnpm test	2026-10-05T10:56:24.6063913Z ✔ RS-201: DISABLED is a user choice, not a capability fact, and does not contaminate freshness (0.4477ms)
gateway-web	Run pnpm test	2026-10-05T10:56:24.6065525Z ✔ RS-201: region is required but explicitly nullable, and is never inferred (1.071ms)
gateway-web	Run pnpm test	2026-10-05T10:56:24.6066831Z ✔ RS-201: the availability reason vocabulary carries all seven required categories (0.2107ms)
gateway-web	Run pnpm test	2026-10-05T10:56:24.6068031Z ✔ RS-201: disable and re-enable are reversible and destroy nothing (0.5538ms)
gateway-web	Run pnpm test	2026-10-05T10:56:24.6069326Z ✔ RS-201: setEnablement refuses a bad state and answers a bad reference with a typed absence (0.8792ms)
gateway-web	Run pnpm test	2026-10-05T10:56:24.6070711Z ✔ RS-201: a provider with dependents is REFUSED removal, and the dependents are named (0.725ms)
gateway-web	Run pnpm test	2026-10-05T10:56:24.6072041Z ✔ RS-201: removal tombstones the reference, so RETIRED is distinguishable from UNKNOWN (0.4913ms)
gateway-web	Run pnpm test	2026-10-05T10:56:24.6073410Z ✔ RS-201: restore is the explicit act that makes a removed reference registerable again (0.5167ms)
gateway-web	Run pnpm test	2026-10-05T10:56:24.6074820Z ✔ RS-201: unavailability never removes anything - only an explicit user remove() does (0.2903ms)
gateway-web	Run pnpm test	2026-10-05T10:56:24.6076208Z ✔ RS-201: models and accounts are removable once they have no dependents of their own (0.3685ms)
gateway-web	Run pnpm test	2026-10-05T10:56:24.6077718Z ✔ RS-201: a fresh, enabled, unimpeded record is the ONLY thing that reads AVAILABLE (0.4436ms)
gateway-web	Run pnpm test	2026-10-05T10:56:24.6079075Z ✔ RS-201: staleness is NOT live truth - a stale observation is UNKNOWN, never AVAILABLE (0.2163ms)
gateway-web	Run pnpm test	2026-10-05T10:56:24.6080851Z ✔ RS-201: region is checked only against a DECLARED region, so a neutral provider never mismatches (0.226ms)
gateway-web	Run pnpm test	2026-10-05T10:56:24.6082312Z ✔ RS-201: session and credential reasons come from the account status, and stay apart (0.3835ms)
gateway-web	Run pnpm test	2026-10-05T10:56:24.6083654Z ✔ RS-201: a channel that is UNAVAILABLE is a service fault, and neither is selectable (0.1481ms)
gateway-web	Run pnpm test	2026-10-05T10:56:24.6084965Z ✔ RS-201: precedence is ordered and the user instruction outranks every observation (0.3167ms)
gateway-web	Run pnpm test	2026-10-05T10:56:24.6086486Z ✔ RS-201: the candidate list keeps refused entries WITH their reasons rather than hiding them (0.8119ms)
gateway-web	Run pnpm test	2026-10-05T10:56:24.6087854Z ✔ RS-201: an all-refused pool and an empty pool are distinct, named conditions (0.4722ms)
gateway-web	Run pnpm test	2026-10-05T10:56:24.6089053Z ✔ RS-201: a suggestion is structurally incapable of being an execution (0.645ms)
gateway-web	Run pnpm test	2026-10-05T10:56:24.6090348Z ✔ RS-201: when nothing is selectable the suggestion says so instead of inventing a fallback (0.5089ms)
gateway-web	Run pnpm test	2026-10-05T10:56:24.6091730Z ✔ RS-201: a probe that answers inside the bound is FRESH, and is then served from cache (0.706ms)
gateway-web	Run pnpm test	2026-10-05T10:56:24.6092978Z ✔ RS-201: the bound HOLDS - a probe that never answers cannot block the caller (40.4599ms)
gateway-web	Run pnpm test	2026-10-05T10:56:24.6094277Z ✔ RS-201: a missed bound degrades to the last known answer, marked as degraded and aged (52.6323ms)
gateway-web	Run pnpm test	2026-10-05T10:56:24.6095718Z ✔ RS-201: when nothing was ever known, the bound yields NO_DATA and never invents availability (31.8662ms)
gateway-web	Run pnpm test	2026-10-05T10:56:24.6097107Z ✔ RS-201: a probe that throws degrades instead of propagating into the calling path (0.9328ms)
gateway-web	Run pnpm test	2026-10-05T10:56:24.6098377Z ✔ RS-201: the probe reports its own bounds and refuses an unusable configuration (0.365ms)
gateway-web	Run pnpm test	2026-10-05T10:56:24.6099738Z ✔ RS-201: the outcome vocabulary keeps a degraded answer distinguishable from a fresh one (0.2032ms)
gateway-web	Run pnpm test	2026-10-05T10:56:24.6101403Z ✔ a healthy current device is preferred, so nothing moves and nothing is interrupted (3.8436ms)
gateway-web	Run pnpm test	2026-10-05T10:56:24.6102750Z ✔ endpoints are ranked from metadata only, and stale or offline ones are never healthy (2.8081ms)
gateway-web	Run pnpm test	2026-10-05T10:56:24.6103929Z ✔ no execution begins before the V1 device-switch confirmation (1.3997ms)
gateway-web	Run pnpm test	2026-10-05T10:56:24.6105213Z ✔ exactly one canonical Action exists on the execution host, and every event correlates to it (1.7919ms)
gateway-web	Run pnpm test	2026-10-05T10:56:24.6106539Z ✔ remote cancel works from any authorized device and reconciles late results (1.628ms)
gateway-web	Run pnpm test	2026-10-05T10:56:24.6107854Z ✔ hardware-bound authentication surfaces as ATTENTION_REQUIRED, never as false success (1.2946ms)
gateway-web	Run pnpm test	2026-10-05T10:56:24.6109440Z ✔ semantic input staging carries an explicit cleanup policy, and the router is strict (2.2868ms)
gateway-web	Run pnpm test	2026-10-05T10:56:24.6110623Z ✔ the policy cannot switch off confirmation or the health ceilings (0.9216ms)
gateway-web	Run pnpm test	2026-10-05T10:56:24.6111640Z ✔ the approved endpoint must still be healthy at dispatch time (0.7279ms)
gateway-web	Run pnpm test	2026-10-05T10:56:24.6112637Z ✔ a malformed caller instant is refused as a typed error (1.4603ms)
gateway-web	Run pnpm test	2026-10-05T10:56:24.6113622Z ✔ a settled action is not regressed by a late attention request (0.6627ms)
gateway-web	Run pnpm test	2026-10-05T10:56:24.6114656Z ✔ a cancellation event is terminal because the action is (0.683ms)
gateway-web	Run pnpm test	2026-10-05T10:56:24.6115844Z ✔ a cyclic caller value cannot crash the freezer, and stored text is typed (1.2878ms)
gateway-web	Run pnpm test	2026-10-05T10:56:24.6116871Z ✔ a non-boolean requirement cannot skip an exclusion (0.4724ms)
gateway-web	Run pnpm test	2026-10-05T10:56:24.6117778Z ✔ a live action id cannot bypass the confirmation gates (0.7702ms)
gateway-web	Run pnpm test	2026-10-05T10:56:24.6118680Z ✔ an executor refusal is not recorded as a dispatch (0.5939ms)
gateway-web	Run pnpm test	2026-10-05T10:56:24.6119718Z ✔ a hardware-bound action stays addressable while it awaits the user (0.5135ms)
gateway-web	Run pnpm test	2026-10-05T10:56:24.6121613Z ✔ a success carries its result, and an exact replay is not applied twice (0.4042ms)
gateway-web	Run pnpm test	2026-10-05T10:56:24.6122767Z ✔ a cancellation is only reported when the executor accepted it (0.5765ms)
gateway-web	Run pnpm test	2026-10-05T10:56:24.6123833Z ✔ a known deterministic command consults no JEV and no provider (4.7858ms)
gateway-web	Run pnpm test	2026-10-05T10:56:24.6125052Z ✔ JEV recommends, gateway policy decides, and both are independently auditable (0.779ms)
gateway-web	Run pnpm test	2026-10-05T10:56:24.6126322Z ✔ unavailable, timed-out, malformed and low-confidence JEV is non-blocking (1.5222ms)
gateway-web	Run pnpm test	2026-10-05T10:56:24.6127387Z ✔ JEV cannot execute an Action or grant permission (1.4654ms)
gateway-web	Run pnpm test	2026-10-05T10:56:24.6128557Z ✔ engineering intent routes to the Engineering programme, never to General AI (0.7173ms)
gateway-web	Run pnpm test	2026-10-05T10:56:24.6129692Z ✔ the router is strict, frozen and free of ambient state (1.5387ms)
gateway-web	Run pnpm test	2026-10-05T10:56:24.6130858Z ✔ a classification that carries an execution is refused however it is hidden (0.4996ms)
gateway-web	Run pnpm test	2026-10-05T10:56:24.6132118Z ✔ policy values are validated, so a route cannot be invented or a gate removed (0.6309ms)
gateway-web	Run pnpm test	2026-10-05T10:56:24.6133193Z ✔ command records are strict and instants are real (0.8275ms)
gateway-web	Run pnpm test	2026-10-05T10:56:24.6134164Z ✔ deterministic local commands route exactly as before (4.3041ms)
gateway-web	Run pnpm test	2026-10-05T10:56:24.6135446Z ✔ an ordinary AI request produces a GENERAL_AI Action with provenance as advanced state (1.7379ms)
gateway-web	Run pnpm test	2026-10-05T10:56:24.6137080Z ✔ device-switch and API proposals never navigate the user away, and remote results return to the action (1.8906ms)
gateway-web	Run pnpm test	2026-10-05T10:56:24.6138741Z ✔ an API proposal requires explicit confirmation and shows the budget outcome before execution (1.7836ms)
gateway-web	Run pnpm test	2026-10-05T10:56:24.6140159Z ✔ attention is projected into canonical shared state, never a GAI-only store (1.2161ms)
gateway-web	Run pnpm test	2026-10-05T10:56:24.6141920Z ✔ cancel and control work from Web and Android for the same Action, with one shared history (1.0898ms)
gateway-web	Run pnpm test	2026-10-05T10:56:24.6143409Z ✔ no path claims success while the backend is unavailable, and legacy routes are refused (3.1095ms)
gateway-web	Run pnpm test	2026-10-05T10:56:24.6144975Z ✔ nothing is reported as executed without a channel, and a confirmed device is not rewritten (0.6713ms)
gateway-web	Run pnpm test	2026-10-05T10:56:24.6146358Z ✔ the first terminal result is the action truth and cannot be rewritten (0.74ms)
gateway-web	Run pnpm test	2026-10-05T10:56:24.6147688Z ✔ the advanced view keeps real identifiers and refuses unreadable provenance (0.8409ms)
gateway-web	Run pnpm test	2026-10-05T10:56:24.6148857Z ✔ a crashing port is a typed refusal and instants are real (0.5923ms)
gateway-web	Run pnpm test	2026-10-05T10:56:24.6150051Z ✔ a cancelled action cannot be advanced, proposed to, projected, or executed (0.4981ms)
gateway-web	Run pnpm test	2026-10-05T10:56:24.6151230Z ✔ an approved API proposal is consumed by its one execution (0.4889ms)
gateway-web	Run pnpm test	2026-10-05T10:56:24.6152457Z ✔ a shared Attention port that refuses is refused, not claimed as canonical state (0.6508ms)
gateway-web	Run pnpm test	2026-10-05T10:56:24.6153914Z ✔ success is refused while canonical attention is outstanding, even after a resume (0.3794ms)
gateway-web	Run pnpm test	2026-10-05T10:56:24.6155558Z ✔ the routing policy decides whether the local matcher runs first (0.2934ms)
gateway-web	Run pnpm test	2026-10-05T10:56:24.6156696Z ✔ the canonical history names the device that acted (0.3556ms)
gateway-web	Run pnpm test	2026-10-05T10:56:24.6157808Z ✔ a device-switch confirmation cannot revive a cancelled action (0.5341ms)
gateway-web	Run pnpm test	2026-10-05T10:56:24.6159157Z ✔ Web is the default execution channel and execution is bound to a profile handle (3.6581ms)
gateway-web	Run pnpm test	2026-10-05T10:56:24.6160381Z ✔ a channel state that cannot execute is a typed refusal (2.3918ms)
gateway-web	Run pnpm test	2026-10-05T10:56:24.6161894Z ✔ partial output is never reported as the final result (0.7327ms)
gateway-web	Run pnpm test	2026-10-05T10:56:24.6162801Z ✔ cancel is typed and idempotent (0.7534ms)
gateway-web	Run pnpm test	2026-10-05T10:56:24.6163931Z ✔ a persistent login survives an allowed restart when the profile handle still resolves (1.282ms)
gateway-web	Run pnpm test	2026-10-05T10:56:24.6165429Z ✔ a profile that cannot be resolved reports AUTH_REQUIRED instead of a silent fresh login (0.3669ms)
gateway-web	Run pnpm test	2026-10-05T10:56:24.6166734Z ✔ raw cookies, storage and tokens never enter persisted City state (0.7458ms)
gateway-web	Run pnpm test	2026-10-05T10:56:24.6168062Z ✔ real-provider acceptance is recorded, never fabricated (0.3436ms)
gateway-web	Run pnpm test	2026-10-05T10:56:24.6168960Z ✔ a restore may not take over a live session (0.8096ms)
gateway-web	Run pnpm test	2026-10-05T10:56:24.6170044Z ✔ a persisted state must be this module version and cannot hide raw browser state (1.4714ms)
gateway-web	Run pnpm test	2026-10-05T10:56:24.6171085Z ✔ a persisted instant must be a real instant (0.4947ms)
gateway-web	Run pnpm test	2026-10-05T10:56:24.6172166Z ✔ a persisted state must be a bare own-property object, and accountRef a reference (0.4261ms)
gateway-web	Run pnpm test	2026-10-05T10:56:24.6173726Z ✔ a completion whose session is gone is refused, and case-variant raw state is still raw state (0.6754ms)
gateway-web	Run pnpm test	2026-10-05T10:58:03.6719976Z ✔ two installation launchers share one City across ports and recover the same identity after a crash (111452.2391ms)
gateway-web	Run pnpm test	2026-10-05T10:58:03.8439195Z ✔ forgetting migrated enrollment cannot import the legacy credential again (170.967ms)
gateway-web	Run pnpm test	2026-10-05T10:58:05.1477917Z ✔ remote short code enrolls with a local member agent and reconnects without launching a host City (1303.8001ms)
gateway-web	Run pnpm test	2026-10-05T10:58:07.9793681Z ✔ PRIMARY launcher reports successful MEMBER transition and normal main restart preserves it (2832.7475ms)
gateway-web	Run pnpm test	2026-10-05T10:58:07.9918351Z ✔ host reservation is atomic across requested ports and retains the canonical data directory (85.2251ms)
gateway-web	Run pnpm test	2026-10-05T10:58:07.9921657Z ✔ joining only demotes the local host, saves its admission name and leaves remote City intact (150.7563ms)
gateway-web	Run pnpm test	2026-10-05T10:58:07.9923828Z ✔ failed pairing and busy local work do not demote or write a new membership (43.0382ms)
gateway-web	Run pnpm test	2026-10-05T10:58:07.9925790Z ✔ native production transition retires only local Gateway and its worker, while remote host stays primary (260.8653ms)
gateway-web	Run pnpm test	2026-10-05T10:58:07.9928293Z ✔ selected MEMBER role survives coordinator crash without replacing the original City pointer (4.6647ms)
gateway-web	Run pnpm test	2026-10-05T10:58:07.9931518Z ✔ startup preflight recognizes old absolute Windows paths and refuses duplicate Cities (5.0984ms)
gateway-web	Run pnpm test	2026-10-05T10:58:07.9933339Z ✔ an interrupted Windows inventory is an explicit blocking error, never an empty host (0.8149ms)
gateway-web	Run pnpm test	2026-10-05T10:58:07.9934809Z ✔ a relative Gateway path with an inconclusive identity probe blocks startup (0.4027ms)
gateway-web	Run pnpm test	2026-10-05T10:58:07.9936320Z ✔ a cold Windows inventory timeout retries one complete scan before declaring the host empty (1.3412ms)
gateway-web	Run pnpm test	2026-10-05T10:58:07.9937711Z ✔ a persistent inventory timeout refuses after exactly two attempts (0.6385ms)
gateway-web	Run pnpm test	2026-10-05T10:58:07.9938845Z ✔ a non-timeout inventory error refuses without retrying (0.5359ms)
gateway-web	Run pnpm test	2026-10-05T10:58:07.9940058Z ✔ mixed timeout and non-timeout failures cannot hide a blocking inventory error (1.0378ms)
gateway-web	Run pnpm test	2026-10-05T10:58:07.9942096Z ✔ REVIEW JOIN-501 A1: when ANOTHER client replaces the canonical session, the first page stops showing a dead code (5529.8038ms)
gateway-web	Run pnpm test	2026-10-05T10:58:07.9944086Z ✔ REVIEW JOIN-501 A2: a real WebSocket drop and the product’s own reconnect neither create nor lose a session (5988.4952ms)
gateway-web	Run pnpm test	2026-10-05T10:58:07.9946236Z ✔ REVIEW JOIN-501 A3: a burst of same-task clicks can create at most one session (9910.9555ms)
gateway-web	Run pnpm test	2026-10-05T10:58:07.9947763Z ✔ REVIEW JOIN-501 A4: a code that expires while the tab is HIDDEN is not restored as ACTIVE (12688.0397ms)
gateway-web	Run pnpm test	2026-10-05T10:58:07.9949289Z ✔ JOIN-502: a join request grants nothing until an already trusted device approves it (109.0987ms)
gateway-web	Run pnpm test	2026-10-05T10:58:07.9950910Z ✔ JOIN-502: the browse is authenticated, and a nearby City never makes this City mint a pairing code (671.4323ms)
gateway-web	Run pnpm test	2026-10-05T10:58:07.9952526Z ✔ JOIN-502: a duplicate or replayed request is bounded, not a second approval card (27.681ms)
gateway-web	Run pnpm test	2026-10-05T10:58:07.9953995Z ✔ JOIN-502: a rejected request stays rejected, and re-asking after a rejection is refused (27.8551ms)
gateway-web	Run pnpm test	2026-10-05T10:58:07.9955618Z ✔ JOIN-502: an expired request cannot be approved back into life, and expiry does not need a request to happen (37.1206ms)
gateway-web	Run pnpm test	2026-10-05T10:58:07.9957049Z ✔ JOIN-502: the request list is BOUNDED, and a decision survives a City restart (53.7904ms)
gateway-web	Run pnpm test	2026-10-05T10:58:07.9958560Z ✔ JOIN-502: the state machine refuses what it cannot honour, instead of guessing (4.9928ms)
gateway-web	Run pnpm test	2026-10-05T10:58:07.9960387Z ✔ JOIN-502: an approval reaches OTHER surfaces as a canonical event, not only the owner that made it (309.2195ms)
gateway-web	Run pnpm test	2026-10-05T10:58:07.9962154Z ✔ JOIN-502: decisions are canonical events, and their payloads carry no secret (25.0616ms)
gateway-web	Run pnpm test	2026-10-05T10:58:07.9963588Z ✔ JOIN-502 discovery adapter: a discovered City is a candidate, never a credential (7.6401ms)
gateway-web	Run pnpm test	2026-10-05T10:58:07.9965197Z ✔ JOIN-502 discovery adapter: the same City advertised twice is ONE row, and the newest address wins (0.4382ms)
gateway-web	Run pnpm test	2026-10-05T10:58:07.9967037Z ✔ JOIN-502 discovery adapter: a stale or future-dated sighting is not offered, and an unidentified one is not merged (1.5954ms)
gateway-web	Run pnpm test	2026-10-05T10:58:07.9968779Z ✔ JOIN-502 discovery adapter: a row with no reachable endpoint is refused rather than offered (0.4301ms)
gateway-web	Run pnpm test	2026-10-05T10:58:07.9970465Z ✔ JOIN-502 discovery adapter: the probe fails SOFT - no probe, no fetch or a bad answer is an empty list (2.2369ms)
gateway-web	Run pnpm test	2026-10-05T10:58:07.9972331Z ✔ JOIN-502 gateway browse: mDNS records become RF-003 advertisements, and the contract still refuses to pair from them (2.9269ms)
gateway-web	Run pnpm test	2026-10-05T10:58:07.9974066Z ✔ JOIN-502 gateway browse: the view carries the ADVERTISED address and withholds it once stale (0.5235ms)
gateway-web	Run pnpm test	2026-10-05T10:58:07.9975645Z ✔ JOIN-502 capability statement: a City states what it accepts instead of a client guessing (0.7862ms)
gateway-web	Run pnpm test	2026-10-05T10:58:07.9977109Z ✔ P1-P5 discovery, request, approval and exchange hold the workbook boundaries (140.3005ms)
gateway-web	Run pnpm test	2026-10-05T10:58:07.9978932Z     OBSERVED: /pairing/info bad-version -> 200; /pairing/session bad-version -> 409
gateway-web	Run pnpm test	2026-10-05T10:58:07.9980586Z ✔ P6 REGRESSION PROBE the version check on the legacy public pairing routes (31.123ms)
gateway-web	Run pnpm test	2026-10-05T10:58:07.9981878Z ✔ the browse is reachable WITHOUT a credential, because a joining PC has none (2079.8374ms)
gateway-web	Run pnpm test	2026-10-05T10:58:07.9983842Z ✔ the DECISION routes stay authenticated: a public read must not widen into a public write (36.8689ms)
gateway-web	Run pnpm test	2026-10-05T10:58:07.9985183Z ✔ the version check still applies to the join routes that are public (27.805ms)
gateway-web	Run pnpm test	2026-10-05T10:58:07.9986596Z ✔ JOIN-502 surface: a nearby City is offered without being trusted, and joining waits for an approval (6853.8096ms)
gateway-web	Run pnpm test	2026-10-05T10:58:07.9988274Z ✔ JOIN-502 surface: a refused browse still offers the fallbacks, and a rejected ask leaves the device untrusted (6978.9843ms)
gateway-web	Run pnpm test	2026-10-05T10:58:07.9989912Z ✔ JOIN-503 (1)(2): one join enrolls an installation, and a RESTART reconnects with nothing typed (138.5115ms)
gateway-web	Run pnpm test	2026-10-05T10:58:07.9991466Z ✔ JOIN-503 (3): an EXPIRED session is replaced by an internal re-auth, with no user-visible token prompt (52.092ms)
gateway-web	Run pnpm test	2026-10-05T10:58:07.9993245Z ✔ JOIN-503 (4)(5): REVOKE denies reconnect, and a revoked installation cannot mint new membership (38.2302ms)
gateway-web	Run pnpm test	2026-10-05T10:58:07.9995181Z ✔ JOIN-503 (6): a REINSTALL mints new identities and is unbound until an explicit rebind (41.733ms)
gateway-web	Run pnpm test	2026-10-05T10:58:07.9996850Z ✔ JOIN-503 (7): the secret-exposure sweep - no durable secret in the snapshot, events, records or a URL (33.7464ms)
gateway-web	Run pnpm test	2026-10-05T10:58:07.9998622Z ✔ JOIN-503: a broken or foreign device file is refused rather than half-used (5.2775ms)
gateway-web	Run pnpm test	2026-10-05T10:58:08.0000067Z ✔ JOIN-503 (8): the engineering manual fallback still exists and is not the default path (29.3779ms)
gateway-web	Run pnpm test	2026-10-05T10:58:08.0001612Z ✔ JOIN-503: an invite of either shape is understood, and junk is refused instead of guessed at (0.6754ms)
gateway-web	Run pnpm test	2026-10-05T10:58:08.0003283Z ✔ JOIN-503: enrollment events are emitted on a CLONE, which is the population-level half of detection (25.1402ms)
gateway-web	Run pnpm test	2026-10-05T10:58:08.0004761Z ✔ REVIEW JOIN-503 D-1/D-2: a session may act on ITSELF and on nothing else (154.9189ms)
gateway-web	Run pnpm test	2026-10-05T10:58:08.0006246Z ✔ D-1: an enrolled session may NOT revoke another installation, and the refusal really refuses (138.1078ms)
gateway-web	Run pnpm test	2026-10-05T10:58:08.0007779Z ✔ D-2: a session sees ONLY itself - not the roster, and not the City-wide clone scan (42.8012ms)
gateway-web	Run pnpm test	2026-10-05T10:58:08.0009560Z ✔ D-1/D-2: the owner keeps FULL authority, so the repair did not break the surface it protects (45.3524ms)
gateway-web	Run pnpm test	2026-10-05T10:58:08.0011003Z ✔ D-1/D-2: the two sibling guards the review compared against are still in place (36.4637ms)
gateway-web	Run pnpm test	2026-10-05T10:58:08.0012597Z ✔ Android approval enrolls a named member; durable reconnect survives City restart and self-revoke (335.4894ms)
gateway-web	Run pnpm test	2026-10-05T10:58:08.0014362Z ✔ LINK: two independent Cities link over a pipe the main City dialled out, and a join completes across it (120.0355ms)
gateway-web	Run pnpm test	2026-10-05T10:58:08.0015915Z ✔ MESH-301 naming: a fresh machine joins as Alien-Win, and that name is persisted (1.0991ms)
gateway-web	Run pnpm test	2026-10-05T10:58:08.0017278Z ✔ MESH-301 naming: RENAMING changes the label and never the physical identity (0.1622ms)
gateway-web	Run pnpm test	2026-10-05T10:58:08.0018971Z ✔ MESH-301 naming: the persisted identity beats the default even with no arguments at all (0.1534ms)
gateway-web	Run pnpm test	2026-10-05T10:58:08.0020430Z ✔ MESH-301 naming: an explicit environment identity wins and is persisted (0.2016ms)
gateway-web	Run pnpm test	2026-10-05T10:58:08.0021732Z ✔ MESH-301 naming: --id wins, and the flag does NOT swallow the display name (0.2043ms)
gateway-web	Run pnpm test	2026-10-05T10:58:08.0023275Z ✔ MESH-301 naming: an unreadable identity store does not stop the node, and the default still applies (0.2039ms)
gateway-web	Run pnpm test	2026-10-05T10:58:08.0024710Z ✔ targeting: an absent or empty target means untargeted, never an error (1.1273ms)
gateway-web	Run pnpm test	2026-10-05T10:58:08.0026034Z ✔ targeting: a malformed target is a typed refusal, not a silently ignored field (0.2254ms)
gateway-web	Run pnpm test	2026-10-05T10:58:08.0027590Z ✔ targeting: the claim rule is total - untargeted always allowed, strict only for the named device (0.1858ms)
gateway-web	Run pnpm test	2026-10-05T10:58:08.0029240Z ✔ targeting: KNOWN, ONLINE and ELIGIBLE are three questions, and only the last one is claimable (0.3647ms)
gateway-web	Run pnpm test	2026-10-05T10:58:08.0030725Z ✔ targeting: a withheld task names the device it is held for and the device that asked (0.9459ms)
gateway-web	Run pnpm test	2026-10-05T10:58:08.0032000Z ✔ targeting: waiting means strict, unfinished and unclaimed (0.1618ms)
gateway-web	Run pnpm test	2026-10-05T10:58:08.0033520Z ✔ MESH-301 step 3: a strict target routes to one device, waits when that device is away, and never reroutes (1349.131ms)
gateway-web	Run pnpm test	2026-10-05T10:58:08.0035282Z ✔ D-R1: a surface with two sockets is ONE surface, and only the last socket closing announces its departure (1235.0829ms)
gateway-web	Run pnpm test	2026-10-05T10:58:08.0036948Z ✔ D-R1: an ANONYMOUS surface is still recorded, and anonymous sockets do not silence each other (776.0898ms)
gateway-web	Run pnpm test	2026-10-05T10:58:08.0038255Z ✔ records mission events and finalizes a verified episode (507.02ms)
gateway-web	Run pnpm test	2026-10-05T10:58:08.0039580Z ✔ refuses same host for migration and verification (301.2201ms)
gateway-web	Run pnpm test	2026-10-05T10:58:08.0040763Z ✔ same LAN is direct, and it is chosen FIRST so the common case pays for nothing (2.1271ms)
gateway-web	Run pnpm test	2026-10-05T10:58:08.0042291Z ✔ a peer that cannot be dialled uses the outbound relay when one exists - no account, no router change (0.1992ms)
gateway-web	Run pnpm test	2026-10-05T10:58:08.0043938Z ✔ an overlay the user ALREADY has beats asking them to create one (0.2101ms)
gateway-web	Run pnpm test	2026-10-05T10:58:08.0045338Z ✔ a forwarded port is offered WITH its cost, as an Owner decision rather than a silent choice (0.1831ms)
gateway-web	Run pnpm test	2026-10-05T10:58:08.0046958Z ✔ two PCs on different networks with no relay and no overlay get an HONEST none plus the Owner question (0.2449ms)
gateway-web	Run pnpm test	2026-10-05T10:58:08.0048503Z ✔ a /24 mismatch is only used to prefer a direct attempt, never to claim reachability (0.1609ms)
gateway-web	Run pnpm test	2026-10-05T10:58:08.0049754Z ✔ loopback and Bluetooth are direct, with their reasons stated (0.2015ms)
gateway-web	Run pnpm test	2026-10-05T10:58:08.0051063Z ✔ the group plan reports the HARDEST peer as what the group requires, not the easiest (1.0662ms)
gateway-web	Run pnpm test	2026-10-05T10:58:08.0052653Z ✔ when every peer needs the Owner, the plan says so and lists them rather than offering a spinner (0.3102ms)
gateway-web	Run pnpm test	2026-10-05T10:58:08.0053887Z ✔ an empty group and junk input are answered, not thrown at (0.3013ms)
gateway-web	Run pnpm test	2026-10-05T10:58:08.0055139Z ✔ the preference list is exported so the order is reviewable rather than buried (0.1799ms)
gateway-web	Run pnpm test	2026-10-05T10:58:08.0056686Z ✔ real node executes file checkpoint task; cancelled task stays cancelled (1135.1328ms)
gateway-web	Run pnpm test	2026-10-05T10:58:08.0058290Z ✔ custom City lockout never directs users to an unrelated Alien host; explicit renewal remains usable (145.1161ms)
gateway-web	Run pnpm test	2026-10-05T10:58:08.0060195Z ✔ mDNS tries reachable advertised addresses instead of trusting lexical order (25.4694ms)
gateway-web	Run pnpm test	2026-10-05T10:58:08.0061544Z ✔ a multicast browse error is unavailable, not a successful empty search (0.4901ms)
gateway-web	Run pnpm test	2026-10-05T10:58:08.0062965Z ✔ Bluetooth scanning decodes the existing Android locator and reports unsupported hosts (0.6623ms)
gateway-web	Run pnpm test	2026-10-05T10:58:08.0064352Z ✔ Bluetooth discovery retains the default HTTP port and verifies the endpoint identity (0.6604ms)
gateway-web	Run pnpm test	2026-10-05T10:58:08.0065233Z ✔ N3: a pairing session offers a WEB link a second PC can open, without replacing the QR payload (30.868ms)
gateway-web	Run pnpm test	2026-10-05T10:58:08.0066070Z ✔ N3: the session route hands the web link to the surface, so the page has something to show (102.3323ms)
gateway-web	Run pnpm test	2026-10-05T10:58:08.0066768Z ✔ N3: the pairing entry exists in BOTH states the page can be in (1.5803ms)
gateway-web	Run pnpm test	2026-10-05T10:58:08.0067442Z ✔ N3: the page can take a link from the address bar, and it asks before it connects (1.0411ms)
gateway-web	Run pnpm test	2026-10-05T10:58:08.0068163Z ✔ IDLE: no session exists until create() is called, and a read never changes that (1.8487ms)
gateway-web	Run pnpm test	2026-10-05T10:58:08.0068881Z ✔ generate once: exactly one ACTIVE session with the City payload kept verbatim (1.1522ms)
gateway-web	Run pnpm test	2026-10-05T10:58:08.0069620Z ✔ ACTIVE is FINAL against re-generation: a second create() cannot rotate the code (1.0951ms)
gateway-web	Run pnpm test	2026-10-05T10:58:08.0070258Z ✔ ordinary reads keep the SAME id, code and payload (0.3533ms)
gateway-web	Run pnpm test	2026-10-05T10:58:08.0070979Z ✔ CONSUMED: the City reporting a different canonical session ends ACTIVE as USED, not as a mystery (0.2999ms)
gateway-web	Run pnpm test	2026-10-05T10:58:08.0071781Z ✔ EXPIRED: the countdown tick ends the session, names it EXPIRED, and creates nothing (0.317ms)
gateway-web	Run pnpm test	2026-10-05T10:58:08.0072509Z ✔ a second EXPLICIT generate after expiry produces a new, different session (0.3755ms)
gateway-web	Run pnpm test	2026-10-05T10:58:08.0073213Z ✔ a malformed session response creates nothing (a half-session is not rendered) (0.4746ms)
gateway-web	Run pnpm test	2026-10-05T10:58:08.0073957Z ✔ reload persistence: the SAME valid session is restored, with its original expiry (0.5903ms)
gateway-web	Run pnpm test	2026-10-05T10:58:08.0074756Z ✔ a stored session that expired while the page was away comes back EXPIRED, never as a new code (0.3282ms)
gateway-web	Run pnpm test	2026-10-05T10:58:08.0075502Z ✔ a corrupt or foreign storage record is dropped rather than half-rendered (0.3554ms)
gateway-web	Run pnpm test	2026-10-05T10:58:08.0076151Z ✔ an explicit user clear names its reason and still creates nothing (0.2453ms)
gateway-web	Run pnpm test	2026-10-05T10:58:08.0076825Z ✔ clearOnSessionChanged is a no-op while the City still reports our own session (0.2701ms)
gateway-web	Run pnpm test	2026-10-05T10:58:08.0077572Z ✔ when the City session vanished AND ours is past expiry, the reason reported is EXPIRED (0.3232ms)
gateway-web	Run pnpm test	2026-10-05T10:58:08.0079827Z ✔ a new session after a terminal state is a full fresh display, and generate stays offered only when idle (1.241ms)
gateway-web	Run pnpm test	2026-10-05T10:58:08.0080694Z ✔ pairing input survives slow typing, refresh, navigation and a failed attempt (15139.1392ms)
gateway-web	Run pnpm test	2026-10-05T10:58:08.0081393Z ✔ a six digit code pairs to the City serving the disconnected page (2917.4123ms)
gateway-web	Run pnpm test	2026-10-05T10:58:08.0082125Z ✔ LAN search selects a peer and hands the code to its origin without a cross-origin POST (2594.5691ms)
gateway-web	Run pnpm test	2026-10-05T10:58:08.0082961Z ✔ BLE_BOOTSTRAP search selects a peer and hands the code to its origin without a cross-origin POST (2793.0285ms)
gateway-web	Run pnpm test	2026-10-05T10:58:08.0083692Z ✔ Bluetooth search is actionable and explains an unavailable radio (2909.1555ms)
gateway-web	Run pnpm test	2026-10-05T10:58:08.0084301Z ✔ a failed code handoff retains the target identity on retries (3623.0639ms)
gateway-web	Run pnpm test	2026-10-05T10:58:08.0085156Z ✔ JOIN-501 acceptance: no implicit generation, an ACTIVE code that cannot rotate, and both terminal states (16393.5984ms)
gateway-web	Run pnpm test	2026-10-05T10:58:08.0086121Z ✔ JOIN-501 real-endpoint receiver: a SECOND process (not the owner page) consumes the code the page shows (5687.0778ms)
gateway-web	Run pnpm test	2026-10-05T10:58:08.0087174Z ✔ JOIN-501 acceptance: expiry ends the display by itself, and the expiry path creates nothing (6092.7357ms)
gateway-web	Run pnpm test	2026-10-05T10:58:08.0088054Z ✔ JOIN-501: a fresh browser session starts with NO code, and a stored expired record is never exchanged (5123.4368ms)
gateway-web	Run pnpm test	2026-10-05T10:58:08.0088949Z ✔ short code preserves identity pinning, reports lockout, and never sends a code to the wrong City (121.1494ms)
gateway-web	Run pnpm test	2026-10-05T10:58:08.0089801Z ✔ code handoff carries only a selected City, six digits and the existing transport in a fragment (0.8163ms)
gateway-web	Run pnpm test	2026-10-05T10:58:08.0090665Z ✔ pairing sessions exchange once, expire and reject secret/code guesses without exposing credentials (172.1059ms)
gateway-web	Run pnpm test	2026-10-05T10:58:08.0091517Z ✔ descriptor validation rejects invalid input and conflicts, discovery TXT excludes secrets (0.8426ms)
gateway-web	Run pnpm test	2026-10-05T10:58:08.0092228Z ✔ T1: the Web shell is served from apps/web and cannot be escaped (88.936ms)
gateway-web	Run pnpm test	2026-10-05T10:58:08.0092789Z ✔ T1: rooms are reported truthfully when the hub is up (36.6529ms)
gateway-web	Run pnpm test	2026-10-05T10:58:08.0093312Z ✔ T1: an unreachable Room Hub is a state, not an error (20.9619ms)
gateway-web	Run pnpm test	2026-10-05T10:58:08.0093859Z ✔ T2: a Room Action keeps the Room own truth and is idempotent (63.6801ms)
gateway-web	Run pnpm test	2026-10-05T10:58:08.0094436Z ✔ T2: a Capability Action carries the real invocation identity (82.0026ms)
gateway-web	Run pnpm test	2026-10-05T10:58:08.0095119Z ✔ T2: a City task is UNAVAILABLE with no node, and follows the real task when there is one (39.8427ms)
gateway-web	Run pnpm test	2026-10-05T10:58:08.0095892Z ✔ T3: Ask / Do routes deterministically, refuses to guess, and confirms side effects (346.2027ms)
gateway-web	Run pnpm test	2026-10-05T10:58:08.0096543Z ✔ scope: no BOSS or HNS route can be created, by any path (25.5172ms)
gateway-web	Run pnpm test	2026-10-05T10:58:08.0097124Z ✔ T1.1: health reflects real readiness instead of being a constant (43.9397ms)
gateway-web	Run pnpm test	2026-10-05T10:58:08.0097667Z ✔ T2: an idempotency key is bound to one request (32.7328ms)
gateway-web	Run pnpm test	2026-10-05T10:58:08.0098173Z ✔ T2: City task provenance follows the real task state (31.6338ms)
gateway-web	Run pnpm test	2026-10-05T10:58:08.0098854Z ✔ network: local beats LAN beats remote beats unknown, and latency only ever removes score (2.1507ms)
gateway-web	Run pnpm test	2026-10-05T10:58:08.0099943Z ✔ capacity: missing telemetry is EXCLUDED, never defaulted to a middle value (0.3874ms)
gateway-web	Run pnpm test	2026-10-05T10:58:08.0100799Z ✔ role: a City already carrying devices outranks an identical empty one, and a known City outranks a stranger (0.2131ms)
gateway-web	Run pnpm test	2026-10-05T10:58:08.0101680Z ✔ recommendation: the best carrier wins on network + capacity together, not on either alone (0.6604ms)
gateway-web	Run pnpm test	2026-10-05T10:58:08.0102573Z ✔ recommendation: a candidate with NO telemetry falls back to network+role rather than scoring zero capacity (0.2934ms)
gateway-web	Run pnpm test	2026-10-05T10:58:08.0103422Z ✔ recommendation: an EMPTY list recommends nothing, and says why instead of throwing (0.7016ms)
gateway-web	Run pnpm test	2026-10-05T10:58:08.0104284Z ✔ recommendation: the order is DETERMINISTIC for equal scores, so the list cannot reshuffle between renders (9.9842ms)
gateway-web	Run pnpm test	2026-10-05T10:58:08.0105323Z ✔ recommendation: a single loopback City is recommended with the honest reason that it is the only one (0.2802ms)
gateway-web	Run pnpm test	2026-10-05T10:58:08.0106084Z ✔ weights are exported and the balance is visible rather than guessed (0.262ms)
gateway-web	Run pnpm test	2026-10-05T10:58:08.0106766Z ✔ attachment: wired beats wireless for a CARRIER, and a metered link is halved (0.2971ms)
gateway-web	Run pnpm test	2026-10-05T10:58:08.0107545Z ✔ group carrier: a City nobody else can reach is NOT the carrier, however powerful the machine (0.4928ms)
gateway-web	Run pnpm test	2026-10-05T10:58:08.0108418Z ✔ group carrier: when one City is reachable by every peer it wins, even against a higher-scoring partial one (0.2217ms)
gateway-web	Run pnpm test	2026-10-05T10:58:08.0109383Z ✔ group carrier: with no peer reachability reported, it says the ranking alone decided rather than implying a check (0.2728ms)
gateway-web	Run pnpm test	2026-10-05T10:58:08.0110178Z ✔ group carrier: an empty topology answers honestly instead of throwing (0.2511ms)
gateway-web	Run pnpm test	2026-10-05T10:58:08.0110880Z ✔ the old inline implementation throws on empty output, which is the regression (2.283ms)
gateway-web	Run pnpm test	2026-10-05T10:58:08.0111539Z ✔ empty output is read as "already gone", not as an unparseable error (0.4661ms)
gateway-web	Run pnpm test	2026-10-05T10:58:08.0112223Z ✔ "null" from ConvertTo-Json is also treated as already gone (0.1501ms)
gateway-web	Run pnpm test	2026-10-05T10:58:08.0112731Z ✔ a live, matching process verifies through CIM (0.2085ms)
gateway-web	Run pnpm test	2026-10-05T10:58:08.0113316Z ✔ a live process running something else is a FATAL mismatch, as it was before (0.1658ms)
gateway-web	Run pnpm test	2026-10-05T10:58:08.0113963Z ✔ a quoting-safe array result is handled as well as a single object (0.1736ms)
gateway-web	Run pnpm test	2026-10-05T10:58:08.0114545Z ✔ a missing CommandLine field is not mistaken for a match (0.2893ms)
gateway-web	Run pnpm test	2026-10-05T10:58:08.0115132Z ✔ when CIM is unusable, tasklist still catches a plainly wrong process (0.3039ms)
gateway-web	Run pnpm test	2026-10-05T10:58:08.0115763Z ✔ tasklist reporting no match is already-gone rather than unavailable (0.2902ms)
gateway-web	Run pnpm test	2026-10-05T10:58:08.0116416Z ✔ both probes failing is unavailable and aborts before stopping any process (0.3583ms)
gateway-web	Run pnpm test	2026-10-05T10:58:08.0117225Z ✔ unparseable-but-non-empty CIM output falls through to the weaker probe instead of claiming absence (0.2192ms)
gateway-web	Run pnpm test	2026-10-05T10:58:08.0117903Z ✔ a UTF-8 BOM on the output does not break parsing (0.1719ms)
gateway-web	Run pnpm test	2026-10-05T10:58:08.0118402Z ✔ every returned status is one of the declared statuses (0.3946ms)
gateway-web	Run pnpm test	2026-10-05T10:58:08.0118948Z ✔ a non-numeric PID is fatal and never reaches a command line (0.1432ms)
gateway-web	Run pnpm test	2026-10-05T10:58:08.0119896Z ✔ the CIM and tasklist filters refuse a non-numeric PID outright (0.2979ms)
gateway-web	Run pnpm test	2026-10-05T10:58:08.0120508Z ✔ only positively verified identity permits stopping a PID (0.1808ms)
gateway-web	Run pnpm test	2026-10-05T10:58:08.0121105Z ✔ runner stops file side effects when gateway has made task terminal (1.1009ms)
gateway-web	Run pnpm test	2026-10-05T10:58:08.0121735Z ✔ runner returns failed report for retry when transport is unavailable (0.3785ms)
gateway-web	Run pnpm test	2026-10-05T10:58:08.0122488Z ✔ S1: a peer that cannot be dialled registers over an OUTBOUND socket, and the City names its ref (81.5923ms)
gateway-web	Run pnpm test	2026-10-05T10:58:08.0123452Z ✔ S1: admission reuses the City’s OWN credentials - a session ref comes from the registry, and a bad one is refused (61.9742ms)
gateway-web	Run pnpm test	2026-10-05T10:58:08.0124615Z ✔ S3: a real join completes over the pipe - the CITY runs the payload, the owner approves, the claim is spent once (41.4477ms)
gateway-web	Run pnpm test	2026-10-05T10:58:08.0125519Z ✔ S3: without approval the pipe grants nothing - the City is not joined just because a path exists (23.8421ms)
gateway-web	Run pnpm test	2026-10-05T10:58:08.0126351Z ✔ S2/S3: the relay refuses to be an open proxy - no path outside the list, and no widening by method (59.9007ms)
gateway-web	Run pnpm test	2026-10-05T10:58:08.0127198Z ✔ S3: a City refusal travels back as its OWN status, so the surface can say why instead of "unreachable" (17.9786ms)
gateway-web	Run pnpm test	2026-10-05T10:58:08.0128081Z ✔ S2: the dialling peer also SERVES the City - a payload the City PUSHES runs on the City it was dialled to (23.0815ms)
gateway-web	Run pnpm test	2026-10-05T10:58:08.0128937Z ✔ N2: the whole cross-network join runs over the pipe - capability, ask, decision, credential (89.3383ms)
gateway-web	Run pnpm test	2026-10-05T10:58:08.0129899Z ✔ N2: a rejection is reported AS a rejection and never retried; the flow stops there (90.901ms)
gateway-web	Run pnpm test	2026-10-05T10:58:08.0130608Z ✔ N2: a pipe that answers for ANOTHER City is refused before an ask is created (19.6432ms)
gateway-web	Run pnpm test	2026-10-05T10:58:08.0131338Z ✔ N2: the reach decision sends the same link to navigation and the far network to the pipe (0.3458ms)
gateway-web	Run pnpm test	2026-10-05T10:58:08.0132157Z ✔ S1: a pipe that never stops is rate-limited, and the version check still applies to the handshake (955.0662ms)
gateway-web	Run pnpm test	2026-10-05T10:58:08.0132932Z ✔ an admitted peer registers and is listed; a refused one is refused WITH a reason (3.4968ms)
gateway-web	Run pnpm test	2026-10-05T10:58:08.0133629Z ✔ a forwarded request reaches the peer and its answer comes back to the caller (0.6115ms)
gateway-web	Run pnpm test	2026-10-05T10:58:08.0134283Z ✔ forwarding to a peer that is not connected is a typed 404, not a hang (0.2034ms)
gateway-web	Run pnpm test	2026-10-05T10:58:08.0134929Z ✔ a peer that never answers produces a TIMEOUT rather than an unbounded wait (54.3682ms)
gateway-web	Run pnpm test	2026-10-05T10:58:08.0135488Z ✔ the in-flight cap is a REFUSAL, not a queue (0.5901ms)
gateway-web	Run pnpm test	2026-10-05T10:58:08.0136134Z ✔ an answer nobody is waiting for is dropped, and an answer from the WRONG peer is not accepted (0.4646ms)
gateway-web	Run pnpm test	2026-10-05T10:58:08.0136949Z ✔ a peer answering with an error rejects the caller with that error, typed (0.3094ms)
gateway-web	Run pnpm test	2026-10-05T10:58:08.0138235Z ✔ a re-dial REPLACES the old connection for that peer rather than leaving two live pipes (0.2575ms)
gateway-web	Run pnpm test	2026-10-05T10:58:08.0138955Z ✔ the peer cap and close() are both refusals rather than silent behaviour (0.5666ms)
gateway-web	Run pnpm test	2026-10-05T10:58:08.0139598Z ✔ a write that throws fails THAT request instead of corrupting the hub (0.401ms)
gateway-web	Run pnpm test	2026-10-05T10:58:08.0140236Z ✔ a bootstrap payload is a pointer to the pairing path, never trust (3.4596ms)
gateway-web	Run pnpm test	2026-10-05T10:58:08.0140768Z ✔ a MAC address is never consulted for a decision (0.4967ms)
gateway-web	Run pnpm test	2026-10-05T10:58:08.0141321Z ✔ an expired or replayed bootstrap is refused without partial state (0.5038ms)
gateway-web	Run pnpm test	2026-10-05T10:58:08.0141989Z ✔ the IP handoff requires trust and re-verifies the fingerprint on the new path (0.8662ms)
gateway-web	Run pnpm test	2026-10-05T10:58:08.0142551Z ✔ scanning is bounded and payloads are strict (1.1254ms)
gateway-web	Run pnpm test	2026-10-05T10:58:08.0143076Z ✔ a bootstrap window is bounded and a junk clock is a refusal (0.6506ms)
gateway-web	Run pnpm test	2026-10-05T10:58:08.0143568Z ✔ an expired bootstrap cannot be handed off (0.4399ms)
gateway-web	Run pnpm test	2026-10-05T10:58:08.0144106Z ✔ a payload must carry a real nonce, real candidates and its own fields (1.1117ms)
gateway-web	Run pnpm test	2026-10-05T10:58:08.0144719Z ✔ a bootstrap payload is strict, and replay protection is auditable (0.6519ms)
gateway-web	Run pnpm test	2026-10-05T10:58:08.0145448Z ✔ two heterogeneous devices advertise different implementations of one logical capability (4.4844ms)
gateway-web	Run pnpm test	2026-10-05T10:58:08.0146168Z ✔ callers resolve a compatible version without knowing the device class (2.8265ms)
gateway-web	Run pnpm test	2026-10-05T10:58:08.0146796Z ✔ an unsupported version fails explicitly instead of being coerced (0.8672ms)
gateway-web	Run pnpm test	2026-10-05T10:58:08.0147435Z ✔ capability loss invalidates new invocations and stays visible in state (1.2898ms)
gateway-web	Run pnpm test	2026-10-05T10:58:08.0148199Z ✔ exclusive/shared/background and live/queue metadata survive serialization and versioning (1.9293ms)
gateway-web	Run pnpm test	2026-10-05T10:58:08.0148914Z ✔ an advertised capability is availability metadata, never permission (1.1ms)
gateway-web	Run pnpm test	2026-10-05T10:58:08.0149490Z ✔ the registry is strict, frozen and free of ambient state (0.8442ms)
gateway-web	Run pnpm test	2026-10-05T10:58:08.0150121Z ✔ canonical execution metadata is decided by own keys, not the prototype chain (0.4882ms)
gateway-web	Run pnpm test	2026-10-05T10:58:08.0150790Z ✔ a malformed or impossible caller instant is refused as a typed error (1.0144ms)
gateway-web	Run pnpm test	2026-10-05T10:58:08.0151444Z ✔ an expired advertisement cannot be invoked by naming an earlier instant (0.5239ms)
gateway-web	Run pnpm test	2026-10-05T10:58:08.0152085Z ✔ a refused wire payload leaves the registry untouched (0.381ms)
gateway-web	Run pnpm test	2026-10-05T10:58:08.0152708Z ✔ a wire snapshot may not replace newer state or silently clear a recorded loss (0.7275ms)
gateway-web	Run pnpm test	2026-10-05T10:58:08.0153372Z ✔ the wire path enforces the same validation as direct advertisement (0.7622ms)
gateway-web	Run pnpm test	2026-10-05T10:58:08.0154149Z ✔ a capability id whose major is not a safe integer is not addressable (0.2342ms)
gateway-web	Run pnpm test	2026-10-05T10:58:08.0154775Z ✔ a declared canonical execution field is never silently downgraded (0.4076ms)
gateway-web	Run pnpm test	2026-10-05T10:58:08.0155376Z ✔ the advertisement TTL ceiling cannot be lifted by the caller (0.5041ms)
gateway-web	Run pnpm test	2026-10-05T10:58:08.0156017Z ✔ the advertisements() surface is frozen like every other descriptor surface (0.3326ms)
gateway-web	Run pnpm test	2026-10-05T10:58:08.0156717Z ✔ the public surface is frozen and a mock or real adapter satisfies it unchanged (5.0643ms)
gateway-web	Run pnpm test	2026-10-05T10:58:08.0157730Z ✔ policy denial stays a denial even on a perfect authenticated session (1.7831ms)
gateway-web	Run pnpm test	2026-10-05T10:58:08.0158430Z ✔ an advertised capability without effective permission cannot execute (0.5751ms)
gateway-web	Run pnpm test	2026-10-05T10:58:08.0159177Z ✔ foreground-sensitive resources are enforced locally without Fabric deciding ownership (0.7641ms)
gateway-web	Run pnpm test	2026-10-05T10:58:08.0160019Z ✔ Fabric holds no task graph, no assistant state and no competing identity namespace (1.1389ms)
gateway-web	Run pnpm test	2026-10-05T10:58:08.0160843Z ✔ integration seams are recorded without importing a sibling branch (0.9371ms)
gateway-web	Run pnpm test	2026-10-05T10:58:08.0161821Z ✔ the resource class and the local confirmation requirement cannot be dodged by the request (0.9217ms)
gateway-web	Run pnpm test	2026-10-05T10:58:08.0162619Z ✔ a session authorizes only the device it was opened for (0.4783ms)
gateway-web	Run pnpm test	2026-10-05T10:58:08.0163292Z ✔ the adapter cannot hand back a colliding or unauthenticated session (0.4195ms)
gateway-web	Run pnpm test	2026-10-05T10:58:08.0164047Z ✔ a Fabric with no policy port refuses rather than granting every axis (0.4095ms)
gateway-web	Run pnpm test	2026-10-05T10:58:08.0164863Z ✔ revocation reports the presence it can actually observe and releases the foreground claim (0.3727ms)
gateway-web	Run pnpm test	2026-10-05T10:58:08.0165684Z ✔ a failed transport invoke leaves no foreground claim behind (0.4469ms)
gateway-web	Run pnpm test	2026-10-05T10:58:08.0166279Z ✔ subscription and stream inputs are bounded (0.447ms)
gateway-web	Run pnpm test	2026-10-05T10:58:08.0176886Z ✔ a malformed caller instant is refused as a typed error (0.5979ms)
gateway-web	Run pnpm test	2026-10-05T10:58:08.0178108Z ✔ the foreground policy config and the adapter port are validated rather than trusted (0.4904ms)
gateway-web	Run pnpm test	2026-10-05T10:58:08.0178787Z ✔ a stream runs the same gates as an invocation (0.6179ms)
gateway-web	Run pnpm test	2026-10-05T10:58:08.0179342Z ✔ an exclusive foreground resource needs the action that owns it (0.2784ms)
gateway-web	Run pnpm test	2026-10-05T10:58:08.0179892Z ✔ the adapter interface and its failures are typed (0.5274ms)
gateway-web	Run pnpm test	2026-10-05T10:58:08.0180398Z ✔ a cyclic policy config cannot crash the freezer (0.2259ms)
gateway-web	Run pnpm test	2026-10-05T10:58:08.0180982Z ✔ the advertised capability version is normalized before it is compared (0.2559ms)
gateway-web	Run pnpm test	2026-10-05T10:58:08.0181602Z ✔ the emitted denial reason is part of the exported vocabulary (0.123ms)
gateway-web	Run pnpm test	2026-10-05T10:58:08.0182116Z ✔ a calendar-impossible instant is refused (0.2072ms)
gateway-web	Run pnpm test	2026-10-05T10:58:08.0182768Z ✔ one invite renders as code, deep link, web link and QR payload without creating trust records (3.4553ms)
gateway-web	Run pnpm test	2026-10-05T10:58:08.0183588Z ✔ expired, cancelled and already-used invites fail with one indistinguishable generic error (2.0902ms)
gateway-web	Run pnpm test	2026-10-05T10:58:08.0184309Z ✔ guessing is rate-limited and never reveals whether a device exists (0.7787ms)
gateway-web	Run pnpm test	2026-10-05T10:58:08.0185064Z ✔ entering an invite reaches pairing preview but cannot invoke capabilities before confirmation (0.827ms)
gateway-web	Run pnpm test	2026-10-05T10:58:08.0185857Z ✔ an invite is a one-time rendezvous, and after trust it can no longer reconnect anything (1.508ms)
gateway-web	Run pnpm test	2026-10-05T10:58:08.0186546Z ✔ the rendezvous service stays independent of the eventual data path (1.3112ms)
gateway-web	Run pnpm test	2026-10-05T10:58:08.0187165Z ✔ invite policy values are bounded, so a locator cannot be eternal (0.6106ms)
gateway-web	Run pnpm test	2026-10-05T10:58:08.0187686Z ✔ a hostile link is a bad link, never a crash (0.2819ms)
gateway-web	Run pnpm test	2026-10-05T10:58:08.0188257Z ✔ a consumed invite keeps its outcome, and an impossible instant is typed (0.5133ms)
gateway-web	Run pnpm test	2026-10-05T10:58:08.0189030Z ✔ enumeration is throttled even without a client reference, and an unparseable instant is refused (0.9097ms)
gateway-web	Run pnpm test	2026-10-05T10:58:08.0189757Z ✔ an adapter discovers a peer on the LAN without manual address entry (4.0914ms)
gateway-web	Run pnpm test	2026-10-05T10:58:08.0190568Z ✔ wired and Wi-Fi sightings normalize to the same device abstraction (0.5493ms)
gateway-web	Run pnpm test	2026-10-05T10:58:08.0191237Z ✔ duplicate and stale advertisements never create duplicate logical devices (10.8288ms)
gateway-web	Run pnpm test	2026-10-05T10:58:08.0191812Z ✔ an untrusted candidate cannot invoke anything (0.3756ms)
gateway-web	Run pnpm test	2026-10-05T10:58:08.0192448Z ✔ only a trusted node with the right fingerprint upgrades to an encrypted direct path (0.5666ms)
gateway-web	Run pnpm test	2026-10-05T10:58:08.0193186Z ✔ a local network change re-resolves addresses without changing logical identity (1.5608ms)
gateway-web	Run pnpm test	2026-10-05T10:58:08.0193762Z ✔ discovery and fallback scanning stay bounded (3.0269ms)
gateway-web	Run pnpm test	2026-10-05T10:58:08.0194319Z ✔ advertisements are strict, and metadata is never a required identity (0.399ms)
gateway-web	Run pnpm test	2026-10-05T10:58:08.0194989Z ✔ freshness is a two-sided bound: a replayed future sighting is never current (0.5046ms)
gateway-web	Run pnpm test	2026-10-05T10:58:08.0195635Z ✔ an impossible calendar instant is refused, not read as "not stale" (0.3363ms)
gateway-web	Run pnpm test	2026-10-05T10:58:08.0196302Z ✔ an advertisement must carry its fields as own properties on a bare object (0.3878ms)
gateway-web	Run pnpm test	2026-10-05T10:58:08.0196982Z ✔ the per-round advertisement cap is two-sided (3.9161ms)
gateway-web	Run pnpm test	2026-10-05T10:58:08.0197540Z ✔ two different unidentified devices never collapse on a display name (0.8533ms)
gateway-web	Run pnpm test	2026-10-05T10:58:08.0198468Z ✔ one address has exactly one canonical spelling (0.3619ms)
gateway-web	Run pnpm test	2026-10-05T10:58:08.0199039Z ✔ a stale freshness snapshot is never re-emitted as a current verdict (0.4918ms)
gateway-web	Run pnpm test	2026-10-05T10:58:08.0199626Z ✔ logical identity preservation is computed, not asserted (0.4244ms)
gateway-web	Run pnpm test	2026-10-05T10:58:08.0200327Z ✔ native and browser invites retain the target address rather than falling back to this host (1.4035ms)
gateway-web	Run pnpm test	2026-10-05T10:58:08.0201103Z ✔ remote reconnect stays on the recorded origin and rejects a different City response (2.2546ms)
gateway-web	Run pnpm test	2026-10-05T10:58:08.0201882Z ✔ callers use one Fabric surface while the transport implementation is swapped underneath (4.7558ms)
gateway-web	Run pnpm test	2026-10-05T10:58:08.0202641Z ✔ path selection prefers a usable direct route and falls back to relay honestly (1.0168ms)
gateway-web	Run pnpm test	2026-10-05T10:58:08.0203362Z ✔ an unauthenticated or unencrypted path is never adopted, not even on the LAN (0.9332ms)
gateway-web	Run pnpm test	2026-10-05T10:58:08.0204010Z ✔ a relay forwards opaque payloads and can never authorize a peer (1.6173ms)
gateway-web	Run pnpm test	2026-10-05T10:58:08.0204640Z ✔ path loss migrates without a new logical device or a duplicated command (1.3436ms)
gateway-web	Run pnpm test	2026-10-05T10:58:08.0205296Z ✔ one exclusive action can never end up with two authoritative sessions (0.7042ms)
gateway-web	Run pnpm test	2026-10-05T10:58:08.0205850Z ✔ path metadata is bounded, secret-free and frozen (1.0327ms)
gateway-web	Run pnpm test	2026-10-05T10:58:08.0206355Z ✔ a caller-supplied instant is validated on every path (0.8805ms)
gateway-web	Run pnpm test	2026-10-05T10:58:08.0206965Z ✔ the preference list may narrow the canonical order but never promote relay (0.6379ms)
gateway-web	Run pnpm test	2026-10-05T10:58:08.0207545Z ✔ a path descriptor reports what the adapter measured (0.757ms)
gateway-web	Run pnpm test	2026-10-05T10:58:08.0208234Z ✔ a transport fault during send is typed and records no command (0.661ms)
gateway-web	Run pnpm test	2026-10-05T10:58:08.0208789Z ✔ the secret scan sees hidden own keys and survives a cycle (0.4231ms)
gateway-web	Run pnpm test	2026-10-05T10:58:08.0209398Z ✔ presence is honest, distinct and never collapses into ONLINE or FAILED (4.5017ms)
gateway-web	Run pnpm test	2026-10-05T10:58:08.0210011Z ✔ a silent node becomes UNREACHABLE rather than ONLINE or FAILED (1.4217ms)
gateway-web	Run pnpm test	2026-10-05T10:58:08.0210587Z ✔ queueable work expires and live-only actions never run late (1.593ms)
gateway-web	Run pnpm test	2026-10-05T10:58:08.0211178Z ✔ an unknown transport outcome stays UNKNOWN until it is reconciled (0.989ms)
gateway-web	Run pnpm test	2026-10-05T10:58:08.0211912Z ✔ reconnect revalidates identity, trust, capability, presence and authority before resuming (1.9426ms)
gateway-web	Run pnpm test	2026-10-05T10:58:08.0212666Z ✔ a stale replay after reconnect cannot duplicate a completed side effect (0.9168ms)
gateway-web	Run pnpm test	2026-10-05T10:58:08.0213367Z ✔ the audit log carries causal identifiers and no secrets, and state is isolated (1.6411ms)
gateway-web	Run pnpm test	2026-10-05T10:58:08.0214047Z ✔ the audit sequence stays monotonic and retention is reported honestly (0.4858ms)
gateway-web	Run pnpm test	2026-10-05T10:58:08.0214647Z ✔ the audit secret-freedom claim is checked, not asserted (0.6438ms)
gateway-web	Run pnpm test	2026-10-05T10:58:08.0215284Z ✔ a malformed caller instant is refused as a typed error (1.1493ms)
gateway-web	Run pnpm test	2026-10-05T10:58:08.0215811Z ✔ an observation instant may not lie in the future (0.3043ms)
gateway-web	Run pnpm test	2026-10-05T10:58:08.0216320Z ✔ a backdated instant cannot make a silent node reachable (0.498ms)
gateway-web	Run pnpm test	2026-10-05T10:58:08.0216859Z ✔ a backdated instant cannot revive an expired queued action (0.3813ms)
gateway-web	Run pnpm test	2026-10-05T10:58:08.0217383Z ✔ a replayed enqueue cannot clear an unknown outcome (1.0579ms)
gateway-web	Run pnpm test	2026-10-05T10:58:08.0218162Z ✔ a settled outcome is never regressed to UNKNOWN (0.4188ms)
gateway-web	Run pnpm test	2026-10-05T10:58:08.0218793Z ✔ identifiers are text, so a cyclic object cannot reach the freezer (0.4466ms)
gateway-web	Run pnpm test	2026-10-05T10:58:08.0219346Z ✔ the presence policy is a bound, so it is validated (0.4691ms)
gateway-web	Run pnpm test	2026-10-05T10:58:08.0219912Z ✔ an impossible queue deadline is refused rather than never expiring (0.3663ms)
gateway-web	Run pnpm test	2026-10-05T10:58:08.0220575Z ✔ a duplicate check needs a subject and does not match one it was not given (0.3412ms)
gateway-web	Run pnpm test	2026-10-05T10:58:08.0221135Z ✔ a refusal that protects new work is audited (0.2646ms)
gateway-web	Run pnpm test	2026-10-05T10:58:08.0221576Z ✔ refreshed reconnect state is a plain record (0.2279ms)
gateway-web	Run pnpm test	2026-10-05T10:58:08.0222159Z ✔ an effect confirmed without an in-flight command still suppresses its replay (0.4487ms)
gateway-web	Run pnpm test	2026-10-05T10:58:08.0222806Z ✔ a presence record may not be rebound to another logical identity (0.3942ms)
gateway-web	Run pnpm test	2026-10-05T10:58:08.0223369Z ✔ a live action cannot be downgraded by a non-boolean flag (0.413ms)
gateway-web	Run pnpm test	2026-10-05T10:58:08.0223894Z ✔ a measurement is validated before any state changes (0.3225ms)
gateway-web	Run pnpm test	2026-10-05T10:58:08.0224536Z ✔ RPC, EVENT and STREAM are separate versioned envelopes with opaque domain payloads (4.567ms)
gateway-web	Run pnpm test	2026-10-05T10:58:08.0225330Z ✔ a retried idempotent command does not repeat the effect, and a new command id is a new action (1.8197ms)
gateway-web	Run pnpm test	2026-10-05T10:58:08.0226180Z ✔ delivery, acceptance, running and completion are observably distinct, and ack is never success (0.7119ms)
gateway-web	Run pnpm test	2026-10-05T10:58:08.0226905Z ✔ a deadline stops a stale interactive command from executing later (0.7256ms)
gateway-web	Run pnpm test	2026-10-05T10:58:08.0227606Z ✔ event subscriptions reconnect and replay with ordering, causation and gap reporting (1.3301ms)
gateway-web	Run pnpm test	2026-10-05T10:58:08.0228320Z ✔ stream lifecycle, backpressure and cancellation are independent of RPC (1.2904ms)
gateway-web	Run pnpm test	2026-10-05T10:58:08.0229031Z ✔ the data plane is strict, frozen, and keeps task truth outside the transport session (0.8402ms)
gateway-web	Run pnpm test	2026-10-05T10:58:08.0229684Z ✔ canonical envelopes are decided by own keys on a plain record (0.4579ms)
gateway-web	Run pnpm test	2026-10-05T10:58:08.0230296Z ✔ reference fields are text, so a cyclic object cannot reach the freezer (0.5338ms)
gateway-web	Run pnpm test	2026-10-05T10:58:08.0230975Z ✔ an object-valued action reference cannot turn a retry into a different action (0.5083ms)
gateway-web	Run pnpm test	2026-10-05T10:58:08.0231582Z ✔ a malformed caller instant is refused as a typed error (1.0973ms)
gateway-web	Run pnpm test	2026-10-05T10:58:08.0232272Z ✔ a deadline is judged at the registry clock and bounded by policy (0.6867ms)
gateway-web	Run pnpm test	2026-10-05T10:58:08.0232921Z ✔ a sweep cannot expire a command before its deadline by naming a later instant (0.2662ms)
gateway-web	Run pnpm test	2026-10-05T10:58:08.0233644Z ✔ a contiguous replay never reports a phantom gap, and its resume point is validated (0.4687ms)
gateway-web	Run pnpm test	2026-10-05T10:58:08.0234349Z ✔ an execution result must be terminal and must carry a real result reference (0.4989ms)
gateway-web	Run pnpm test	2026-10-05T10:58:08.0234959Z ✔ a retry may only replay the result its own command produced (0.3829ms)
gateway-web	Run pnpm test	2026-10-05T10:58:08.0235547Z ✔ a reused command id may not silently change the subject it addresses (0.4122ms)
gateway-web	Run pnpm test	2026-10-05T10:58:08.0236177Z ✔ stream accounting cannot run backwards or exceed the configured window (0.461ms)
gateway-web	Run pnpm test	2026-10-05T10:58:08.0236745Z ✔ a replayed setup envelope cannot clobber live state (0.5812ms)
gateway-web	Run pnpm test	2026-10-05T10:58:08.0237383Z ✔ data and control paths declare their arguments instead of swallowing envelope tags (0.4015ms)
gateway-web	Run pnpm test	2026-10-05T10:58:08.0238458Z ✔ RS-203: the correlation carries BOTH devices and asserts that they may differ (1.8004ms)
gateway-web	Run pnpm test	2026-10-05T10:58:08.0239313Z ✔ RS-203: a handoff moves the execution device and never the interaction device (0.3387ms)
gateway-web	Run pnpm test	2026-10-05T10:58:08.0239961Z ✔ RS-203: DUPLICATE messages are ignored rather than applied twice (0.5224ms)
gateway-web	Run pnpm test	2026-10-05T10:58:08.0240608Z ✔ RS-203: OUT-OF-ORDER progress is refused and cannot move the state backwards (0.175ms)
gateway-web	Run pnpm test	2026-10-05T10:58:08.0241292Z ✔ RS-203: an event after a terminal state is LATE and does not resurrect the run (0.2188ms)
gateway-web	Run pnpm test	2026-10-05T10:58:08.0242036Z ✔ RS-203: every kind maps to a DECLARED canonical state and a DECLARED return channel (0.3037ms)
gateway-web	Run pnpm test	2026-10-05T10:58:08.0242748Z ✔ RS-203: canonical state advances for each terminal kind, and terminal is sticky (0.461ms)
gateway-web	Run pnpm test	2026-10-05T10:58:08.0243450Z ✔ RS-203: a result that CANNOT reach the user is never reported as truthful success (0.3073ms)
gateway-web	Run pnpm test	2026-10-05T10:58:08.0244161Z ✔ RS-203: a resolver that THROWS degrades rather than propagating into the caller (0.2981ms)
gateway-web	Run pnpm test	2026-10-05T10:58:08.0244763Z ✔ RS-203: a projected success reports where it landed (0.2883ms)
gateway-web	Run pnpm test	2026-10-05T10:58:08.0245444Z ✔ RS-203: unknown correlations, unknown kinds and bad sequences are refused with typed codes (0.6282ms)
gateway-web	Run pnpm test	2026-10-05T10:58:08.0246207Z ✔ RS-203: the bridge refuses to be constructed without an injected surface resolver (0.2051ms)
gateway-web	Run pnpm test	2026-10-05T10:58:08.0246814Z ✔ RS-203: a STATUS event reports without moving the state (0.1202ms)
gateway-web	Run pnpm test	2026-10-05T10:58:08.0247285Z ✔ RS-203: the contract version is declared (0.083ms)
gateway-web	Run pnpm test	2026-10-05T10:58:08.0247882Z ✔ RS-203 scenario 1: remote execution START is correlated before anything is returned (0.157ms)
gateway-web	Run pnpm test	2026-10-05T10:58:08.0248651Z ✔ RS-203 scenario 2: PROGRESS returns on the PROGRESS channel and moves the run to RUNNING (0.1302ms)
gateway-web	Run pnpm test	2026-10-05T10:58:08.0249420Z ✔ RS-203 scenario 3: WAITING FOR USER is reachable, and is cleared the same way it is set (0.1237ms)
gateway-web	Run pnpm test	2026-10-05T10:58:08.0250164Z ✔ RS-203 scenario 3b: attention on a non-STATUS kind is REFUSED rather than guessed (0.1531ms)
gateway-web	Run pnpm test	2026-10-05T10:58:08.0250896Z ✔ RS-203 scenario 4: SUCCESS lands truthfully only when it actually reached the user (0.0986ms)
gateway-web	Run pnpm test	2026-10-05T10:58:08.0251535Z ✔ RS-203 scenario 5: FAILURE is terminal and reports no success (0.0988ms)
gateway-web	Run pnpm test	2026-10-05T10:58:08.0252171Z ✔ RS-203 scenario 6: CANCEL is terminal and sticky against later events (0.1166ms)
gateway-web	Run pnpm test	2026-10-05T10:58:08.0252933Z ✔ RS-203 scenario 7: DEVICE DISCONNECT degrades knowledge without moving the run or claiming success (0.1787ms)
gateway-web	Run pnpm test	2026-10-05T10:58:08.0253729Z ✔ RS-203 scenario 8: RECOVERY clears the degraded state and the run can still finish (0.1652ms)
gateway-web	Run pnpm test	2026-10-05T10:58:08.0254440Z ✔ RS-203 scenario 8b: a disconnect AFTER a terminal result changes nothing about it (0.1256ms)
gateway-web	Run pnpm test	2026-10-05T10:58:08.0255108Z ✔ RS-203: the full eight-situation walk leaves the counters consistent (0.1777ms)
gateway-web	Run pnpm test	2026-10-05T10:58:08.0255735Z ✔ RS-203 step 3: a request is delivered to the CURRENT authorized surface (0.3028ms)
gateway-web	Run pnpm test	2026-10-05T10:58:08.0256478Z ✔ RS-203 step 3: an answer from the current authorized surface is accepted (0.239ms)
gateway-web	Run pnpm test	2026-10-05T10:58:08.0257193Z ✔ RS-203 step 3: an answer from ANY OTHER device is REFUSED, however well-informed it is (0.1705ms)
gateway-web	Run pnpm test	2026-10-05T10:58:08.0257937Z ✔ RS-203 step 3: when the surface MOVED, the answer must come from where the user now is (0.1657ms)
gateway-web	Run pnpm test	2026-10-05T10:58:08.0258975Z ✔ RS-203 step 3: an answer cannot arrive when NO surface is authorized (0.2414ms)
gateway-web	Run pnpm test	2026-10-05T10:58:08.0259708Z ✔ RS-203 step 3: OFFLINE asks are HELD with a reason and a recovery path, not dropped or failed (0.1531ms)
gateway-web	Run pnpm test	2026-10-05T10:58:08.0260439Z ✔ RS-203 step 3: TIMEOUT is explained and recoverable, and is NEVER a failure (0.2908ms)
gateway-web	Run pnpm test	2026-10-05T10:58:08.0261088Z ✔ RS-203 step 3: a timeout cannot retract an answer that already arrived (0.1736ms)
gateway-web	Run pnpm test	2026-10-05T10:58:08.0261774Z ✔ RS-203 step 3: a double answer is refused rather than silently overwriting the first (0.2199ms)
gateway-web	Run pnpm test	2026-10-05T10:58:08.0262466Z ✔ RS-203 step 3: only RESPOND is accepted, and only APPROVE or DENY decide (0.324ms)
gateway-web	Run pnpm test	2026-10-05T10:58:08.0263204Z ✔ RS-203 step 3: a HANDOFF does not move where the user is asked (0.1369ms)
gateway-web	Run pnpm test	2026-10-05T10:58:08.0263794Z ✔ RS-203 step 3: the codes are declared, not invented at the throw site (0.1049ms)
gateway-web	Run pnpm test	2026-10-05T10:58:08.0264519Z ✔ RS-203 step 4: the flat EXCLUSION_REASONS list is CLASSIFIED, and every reason has an axis (0.6812ms)
gateway-web	Run pnpm test	2026-10-05T10:58:08.0265214Z ✔ RS-203 step 4: a DEVICE outage is classified as DEVICE and nothing else (0.371ms)
gateway-web	Run pnpm test	2026-10-05T10:58:08.0265863Z ✔ RS-203 step 4: a PROVIDER outage is classified as PROVIDER and nothing else (0.1183ms)
gateway-web	Run pnpm test	2026-10-05T10:58:08.0266508Z ✔ RS-203 step 4: an INPUT problem is NEITHER a device nor a provider fault (0.1405ms)
gateway-web	Run pnpm test	2026-10-05T10:58:08.0267121Z ✔ RS-203 step 4: an UNKNOWN reason is reported, not silently dropped (0.1986ms)
gateway-web	Run pnpm test	2026-10-05T10:58:08.0267708Z ✔ RS-203 step 4: a DEVICE fallback does NOT implicate the provider (0.3247ms)
gateway-web	Run pnpm test	2026-10-05T10:58:08.0268296Z ✔ RS-203 step 4: a PROVIDER fallback does NOT implicate the device (0.1427ms)
gateway-web	Run pnpm test	2026-10-05T10:58:08.0269047Z ✔ RS-203 step 4: an eligible alternate is offered for a DEVICE outage, but the cause is still named (0.1774ms)
gateway-web	Run pnpm test	2026-10-05T10:58:08.0269849Z ✔ RS-203 step 4: MIXED causes are NOT collapsed to one, and no single cause is claimed (0.1646ms)
gateway-web	Run pnpm test	2026-10-05T10:58:08.0270624Z ✔ RS-203 step 4: the reason codes SURVIVE into the plan rather than being paraphrased away (0.1507ms)
gateway-web	Run pnpm test	2026-10-05T10:58:08.0271324Z ✔ RS-203 step 4: with nothing unavailable the plan claims no cause at all (0.1147ms)
gateway-web	Run pnpm test	2026-10-05T10:58:08.0271944Z ✔ RS-203 step 4: planning against an unknown correlation is refused (0.1316ms)
gateway-web	Run pnpm test	2026-10-05T10:58:08.0272664Z ✔ RS-203 step 5: a remote result is bound to its provenance, including WHICH device produced it (0.204ms)
gateway-web	Run pnpm test	2026-10-05T10:58:08.0273467Z ✔ RS-203 step 5: the provenance is IMMUTABLE once bound, so a result cannot be re-attributed (0.1546ms)
gateway-web	Run pnpm test	2026-10-05T10:58:08.0274261Z ✔ RS-203 step 5: the summary key set is EXACTLY the declared set - stability by construction (0.1496ms)
gateway-web	Run pnpm test	2026-10-05T10:58:08.0275065Z ✔ RS-203 step 5: the summary NEVER carries the evidence, the digests or the routing identifiers (0.1888ms)
gateway-web	Run pnpm test	2026-10-05T10:58:08.0275830Z ✔ RS-203 step 5: whether evidence EXISTS is presentable, without saying what it is (0.1106ms)
gateway-web	Run pnpm test	2026-10-05T10:58:08.0276541Z ✔ RS-203 step 5: the summary is STABLE across state changes - same shape, always (0.126ms)
gateway-web	Run pnpm test	2026-10-05T10:58:08.0277253Z ✔ RS-203 step 5: the summary still tells the truth about a degraded and a finished run (0.1072ms)
gateway-web	Run pnpm test	2026-10-05T10:58:08.0277902Z ✔ RS-203 step 5: binding against an unknown correlation is refused (0.218ms)
gateway-web	Run pnpm test	2026-10-05T10:58:08.0278944Z ✔ RS-203 step 5: the declared field list is frozen, so it cannot be widened at runtime (0.1066ms)
gateway-web	Run pnpm test	2026-10-05T10:58:08.0279733Z ✔ RS-290: the mapping COVERS every source vocabulary exactly - no gap and no stale extra (1.9572ms)
gateway-web	Run pnpm test	2026-10-05T10:58:08.0280683Z ✔ RS-290: the presentation vocabulary is CLOSED - every target is a declared term with a class (0.3401ms)
gateway-web	Run pnpm test	2026-10-05T10:58:08.0281429Z ✔ RS-290: the four UNKNOWN senses stay FOUR distinct terms - the polysemy fix (0.2637ms)
gateway-web	Run pnpm test	2026-10-05T10:58:08.0282127Z ✔ RS-290: the SAME meaning reached through different components MERGES to one term (0.2523ms)
gateway-web	Run pnpm test	2026-10-05T10:58:08.0282908Z ✔ RS-290: the STRUCTURAL and RESOURCE partition is PRESERVED, which a naive merge would destroy (0.3215ms)
gateway-web	Run pnpm test	2026-10-05T10:58:08.0283642Z ✔ RS-290: an unmapped or unknown source THROWS rather than yielding undefined (0.4708ms)
gateway-web	Run pnpm test	2026-10-05T10:58:08.0284284Z ✔ RS-290: presentState always yields a declared presentation state (0.3108ms)
gateway-web	Run pnpm test	2026-10-05T10:58:08.0284975Z ✔ RS-290: the action and state vocabularies are closed sets of the shapes step 3 names (0.1706ms)
gateway-web	Run pnpm test	2026-10-05T10:58:08.0285704Z ✔ RS-290: a selectable provider renders RUNNING with CANCEL and no choice demanded (0.6049ms)
gateway-web	Run pnpm test	2026-10-05T10:58:08.0286424Z ✔ RS-290: a pool that is only BUSY does NOT demand a choice, because waiting can help (0.4322ms)
gateway-web	Run pnpm test	2026-10-05T10:58:08.0287154Z ✔ RS-290: a structurally refused pool DOES demand a choice, and does not offer waiting (0.333ms)
gateway-web	Run pnpm test	2026-10-05T10:58:08.0288785Z ✔ RS-290 F1: a raw word that COLLIDES with a term name is still mapped by its VOCABULARY (0.3659ms)
gateway-web	Run pnpm test	2026-10-05T10:58:08.0289531Z ✔ RS-290 F1: the guard needs PROVENANCE - bare words and bare terms are both refused (0.634ms)
gateway-web	Run pnpm test	2026-10-05T10:58:08.0290266Z ✔ RS-290 F2: a terminal outcome OUTRANKS waitingUser, so a failure is never masked (0.3101ms)
gateway-web	Run pnpm test	2026-10-05T10:58:08.0290950Z ✔ RS-290 F3: FRESHNESS.STALE and FRESHNESS.UNKNOWN stay DISTINCT terms (0.1841ms)
gateway-web	Run pnpm test	2026-10-05T10:58:08.0291704Z ✔ RS-290 F3: NO collapse of two meanings onto one term goes UNDECLARED - quantified over the table (0.6307ms)
gateway-web	Run pnpm test	2026-10-05T10:58:08.0292470Z ✔ RS-290: no path FABRICATES success - COMPLETED needs an explicit terminal flag (0.2232ms)
gateway-web	Run pnpm test	2026-10-05T10:58:08.0293245Z ✔ RS-290: the route stage drives the state through its own vocabulary, and only where it should (0.1958ms)
gateway-web	Run pnpm test	2026-10-05T10:58:08.0293933Z ✔ RS-290: every DTO output is inside the declared vocabularies (0.3385ms)
gateway-web	Run pnpm test	2026-10-05T10:58:08.0294684Z ✔ RS-290 matrix: concurrent submissions cannot double-execute, and the pool still reports a reason (1.2659ms)
gateway-web	Run pnpm test	2026-10-05T10:58:08.0295531Z ✔ RS-290 matrix: a saturated device is routed around, and the projection says WAITING not CHOOSE (0.9017ms)
gateway-web	Run pnpm test	2026-10-05T10:58:08.0296819Z ✔ RS-290 matrix: lease transfer is holder-only and the old holder cannot resume reassigned work (0.2614ms)
gateway-web	Run pnpm test	2026-10-05T10:58:08.0297689Z ✔ RS-290 matrix: a disconnect degrades truthfully and recovery restores, through the projection (0.5161ms)
gateway-web	Run pnpm test	2026-10-05T10:58:08.0298489Z ✔ RS-290 matrix: a flapping pool does not move the work, and the rescan is event-driven (0.6634ms)
gateway-web	Run pnpm test	2026-10-05T10:58:08.0299299Z ✔ RS-290 matrix: availability, routing and return compose into ONE stable presentation contract (13.0325ms)
gateway-web	Run pnpm test	2026-10-05T10:58:08.0300057Z ✔ successful live transport cannot mask broken offline product behavior (0.8735ms)
gateway-web	Run pnpm test	2026-10-05T10:58:08.0300668Z ✔ CPU uses elapsed counters and unavailable disk remains null (3.4065ms)
gateway-web	Run pnpm test	2026-10-05T10:58:08.0301177Z ✔ disabled sampler never reads host counters (0.2321ms)
gateway-web	Run pnpm test	2026-10-05T10:58:08.0301782Z ✔ counter reset does not fabricate CPU load and cached sample keeps its timestamp (0.3464ms)
gateway-web	Run pnpm test	2026-10-05T10:58:08.0302482Z ✔ native filesystem volume measurement is finite and internally consistent (5.3393ms)
gateway-web	Run pnpm test	2026-10-05T10:58:08.0303235Z ✔ validator accepts unavailable sampler metrics but rejects invalid numeric measurements (1.2252ms)
gateway-web	Run pnpm test	2026-10-05T10:58:08.0303988Z ✔ theme artifact retention is bounded and restart removes abandoned sandbox work (35.2787ms)
gateway-web	Run pnpm test	2026-10-05T10:58:08.0304787Z ✔ D9 Bridge builds retained sandbox artifacts with canonical bounded results and typed refusal (12417.1955ms)
gateway-web	Run pnpm test	2026-10-05T10:58:08.0305621Z ✔ Windows Theme Build uses real prompt, observation, fallback controls and digest summary (7556.9032ms)
gateway-web	Run pnpm test	2026-10-05T10:58:08.0306598Z ✔ unavailable artifact storage yields a terminal typed failure, not orphaned RUNNING history (119.1641ms)
gateway-web	Run pnpm test	2026-10-05T10:58:08.0307338Z ✔ the redesigned-shell fixture really is the zero-sized-label shape (2.8918ms)
gateway-web	Run pnpm test	2026-10-05T10:58:08.0308068Z ✔ a bare first-match label lookup selects a zero-bounds node, which is the original defect (0.3433ms)
gateway-web	Run pnpm test	2026-10-05T10:58:08.0308888Z ✔ no sized nav label exists on the shipped shell, so a size filter ALONE would leave nothing to tap (0.9617ms)
gateway-web	Run pnpm test	2026-10-05T10:58:08.0309632Z ✔ the active tab has no clickable node, so clickable ordinal alone is unstable (0.5541ms)
gateway-web	Run pnpm test	2026-10-05T10:58:08.0310340Z ✔ targets are paired to labels in document order, giving a page-independent index (0.4655ms)
gateway-web	Run pnpm test	2026-10-05T10:58:08.0311027Z ✔ resolveRoute reaches Home from the Devices page via the paired target (0.2868ms)
gateway-web	Run pnpm test	2026-10-05T10:58:08.0311651Z ✔ the nav band excludes page content that happens to be clickable (0.3704ms)
gateway-web	Run pnpm test	2026-10-05T10:58:08.0312195Z ✔ a sized heading is not mistaken for a nav target (0.3896ms)
gateway-web	Run pnpm test	2026-10-05T10:58:08.0312815Z ✔ resolveRoute prefers a sized label inside the band, preserving the earlier shell (0.5754ms)
gateway-web	Run pnpm test	2026-10-05T10:58:08.0313581Z ✔ the two shells are distinguished rather than one being assumed (0.7146ms)
gateway-web	Run pnpm test	2026-10-05T10:58:08.0314186Z ✔ an unresolvable tree returns null rather than a zero-bounds node (0.2531ms)
gateway-web	Run pnpm test	2026-10-05T10:58:08.0314808Z ✔ the task pilot creates its evidence directory before writing into it (0.2823ms)
gateway-web	Run pnpm test	2026-10-05T10:58:08.0315385Z ✔ task pilot imports a usable sized nodeByLabel selector (0.4366ms)
gateway-web	Run pnpm test	2026-10-05T10:58:08.0316033Z ✔ UXI-390: every supported action is bound to a handler branch AND a client method (1.2996ms)
gateway-web	Run pnpm test	2026-10-05T10:58:08.0317105Z ✔ UXI-390: no handler branch is unreachable dead code that looks like a handler (0.883ms)
gateway-web	Run pnpm test	2026-10-05T10:58:08.0317879Z ✔ UXI-390: the per-provider Choose control sends THAT row ref, and cannot send a blank one (0.3207ms)
gateway-web	Run pnpm test	2026-10-05T10:58:08.0318656Z ✔ UXI-390: CHOOSE_PROVIDER is NOT an action-row action - that is the trap Mech named (0.2486ms)
gateway-web	Run pnpm test	2026-10-05T10:58:08.0319409Z ✔ UXI-390 C-1: the Advanced disclosure is named with the Web pack's own words on Android (1.1314ms)
gateway-web	Run pnpm test	2026-10-05T10:58:08.0320138Z ✔ UXI-390 C-2: a disabled control states its reason in the Web pack's own words (0.5816ms)
gateway-web	Run pnpm test	2026-10-05T10:58:08.0320910Z ✔ UXI-391: the City really has FIVE requestable task types - the premise the old record denied (2.3478ms)
gateway-web	Run pnpm test	2026-10-05T10:58:08.0321697Z ✔ UXI-391: a MISSING load dimension is not zero, and one observed dimension is enough (0.5794ms)
gateway-web	Run pnpm test	2026-10-05T10:58:08.0322446Z ✔ UXI-391: the BINDING dimension is the maximum OBSERVED one, not an average over five (0.2069ms)
gateway-web	Run pnpm test	2026-10-05T10:58:08.0323313Z ✔ UXI-391: telemetry produces the vector honestly - measured dimensions only, null when nothing is measured (0.3289ms)
gateway-web	Run pnpm test	2026-10-05T10:58:08.0324136Z ✔ UXI-391: the bridge transfers ONLY on ALTERNATE_DEVICE, and moves ownership once (0.7038ms)
gateway-web	Run pnpm test	2026-10-05T10:58:08.0324900Z ✔ UXI-391: a stale holder cannot hand on work it no longer owns, and a disabled path refuses (0.3055ms)
gateway-web	Run pnpm test	2026-10-05T10:58:08.0325685Z ✔ UXI-391: only the reserved device - and never a stale holder - may claim a moved task (1.0821ms)
gateway-web	Run pnpm test	2026-10-05T10:58:08.0326421Z ✔ UXI-391: a pending handoff is REMOTE_HANDOFF on the surface, from the task record (1.3804ms)
gateway-web	Run pnpm test	2026-10-05T10:58:08.0327234Z ✔ UXI-391: the planner decision is exposed WITH the chosen device, and routeStageFor stays a thin read (1.1541ms)
gateway-web	Run pnpm test	2026-10-05T10:58:08.0328073Z ✔ UXI-391: the term and the route agree about the SAME candidate - the defect this task is about (0.6793ms)
gateway-web	Run pnpm test	2026-10-05T10:58:08.0328800Z ✔ locale contract: supported tokens, fallback and first-run detection (1.9151ms)
gateway-web	Run pnpm test	2026-10-05T10:58:08.0329447Z ✔ both language packs cover every message key with matching placeholders (3.1075ms)
gateway-web	Run pnpm test	2026-10-05T10:58:08.0330050Z ✔ every fixed Web UI string is present in the language packs (0.8033ms)
gateway-web	Run pnpm test	2026-10-05T10:58:08.0330644Z ✔ protocol tokens and City Control state names are never translated (12.0315ms)
gateway-web	Run pnpm test	2026-10-05T10:58:08.0331353Z ✔ web assets only use message keys that exist in the packs (11.7021ms)
gateway-web	Run pnpm test	2026-10-05T10:58:08.0331914Z ✔ badge state and display label stay separate in every locale (2.2643ms)
gateway-web	Run pnpm test	2026-10-05T10:58:08.0332622Z ✔ applyTranslations and setLocale update the document without touching storage contracts (0.7118ms)
gateway-web	Run pnpm test	2026-10-05T10:58:08.0333353Z ✔ translation fills placeholders and time formatting follows the locale (23.0692ms)
gateway-web	Run pnpm test	2026-10-05T10:58:08.0334075Z ✔ Web Settings language switch, persistence and protocol stability (real browser) (4015.0142ms)
gateway-web	Run pnpm test	2026-10-05T10:58:08.0334789Z ✔ an invite names the City it belongs to, which is the whole point of the form (1.9036ms)
gateway-web	Run pnpm test	2026-10-05T10:58:08.0335466Z ✔ a bare credential is NOT an invite - it cannot say which City it belongs to (0.2155ms)
gateway-web	Run pnpm test	2026-10-05T10:58:08.0335995Z ✔ junk does not throw, it returns null (1.1302ms)
gateway-web	Run pnpm test	2026-10-05T10:58:08.0336941Z ✔ an invite without a host is refused rather than half-understood (0.2612ms)
gateway-web	Run pnpm test	2026-10-05T10:58:08.0337535Z ✔ trailing slashes and origins compare cleanly (0.4124ms)
gateway-web	Run pnpm test	2026-10-05T10:58:08.0338183Z ✔ the invite survives a round trip through a URL fragment (0.283ms)
gateway-web	Run pnpm test	2026-10-05T10:58:08.0338892Z ✔ REGRESSION: a PARSED invite handed back in must still resolve, not become "[object Object]" (0.1654ms)
gateway-web	Run pnpm test	2026-10-05T10:58:08.0339664Z ✔ UXI-301: the adapter table agrees with the contract EXACTLY, in both directions (1.8887ms)
gateway-web	Run pnpm test	2026-10-05T10:58:08.0340430Z ✔ UXI-301: severity cannot contradict the contract class where the class carries meaning (0.3731ms)
gateway-web	Run pnpm test	2026-10-05T10:58:08.0341102Z ✔ UXI-301: every referenced key exists in BOTH locale packs (1.0338ms)
gateway-web	Run pnpm test	2026-10-05T10:58:08.0341725Z ✔ UXI-301: every state and every action renders real copy, not a fallback key (0.8963ms)
gateway-web	Run pnpm test	2026-10-05T10:58:08.0342421Z ✔ UXI-301: zh-CN renders different copy from en, so the locale is really applied (0.2994ms)
gateway-web	Run pnpm test	2026-10-05T10:58:08.0343112Z ✔ UXI-301: a non-permitted provider is never selectable or interactive (0.2946ms)
gateway-web	Run pnpm test	2026-10-05T10:58:08.0343824Z ✔ UXI-301: the adapter forces unselectable even when the DTO LIES about selectable (0.1775ms)
gateway-web	Run pnpm test	2026-10-05T10:58:08.0344521Z ✔ UXI-301: NO raw scheduler vocabulary leaks into the default view model (0.8385ms)
gateway-web	Run pnpm test	2026-10-05T10:58:08.0345229Z ✔ UXI-301: the leak rule survives every provider term the contract can produce (0.5827ms)
gateway-web	Run pnpm test	2026-10-05T10:58:08.0345958Z ✔ UXI-301: raw vocabulary IS reachable, but only through the explicit advanced block (0.5656ms)
gateway-web	Run pnpm test	2026-10-05T10:58:08.0346687Z ✔ UXI-301: the adapter never fabricates success and never claims to have chosen (0.3111ms)
gateway-web	Run pnpm test	2026-10-05T10:58:08.0347358Z ✔ UXI-301: an unknown state or term THROWS rather than rendering blank (0.5852ms)
gateway-web	Run pnpm test	2026-10-05T10:58:08.0348116Z ✔ UXI-301: the adapter does not recompute selection - it reports the contract decision unchanged (0.2101ms)
gateway-web	Run pnpm test	2026-10-05T10:58:08.0348900Z ✔ UXI-301: the view model is frozen, so a renderer cannot mutate presentation truth (0.2867ms)
gateway-web	Run pnpm test	2026-10-05T10:58:08.0349596Z ✔ UXI-301: real registry vocabulary flows end to end into user language (0.2233ms)
gateway-web	Run pnpm test	2026-10-05T10:58:08.0350224Z ✔ UXI-301 panel: a state renders in user language, not as a token (3.1431ms)
gateway-web	Run pnpm test	2026-10-05T10:58:08.0350864Z ✔ UXI-301 panel: NO raw scheduler vocabulary appears in the default HTML (1.5755ms)
gateway-web	Run pnpm test	2026-10-05T10:58:08.0351594Z ✔ UXI-301 panel: an unavailable provider is visible with its reason and is NOT a control (0.5734ms)
gateway-web	Run pnpm test	2026-10-05T10:58:08.0352453Z ✔ UXI-301 panel: a submitting action carries its token for wiring and its LABEL in user language (0.7446ms)
gateway-web	Run pnpm test	2026-10-05T10:58:08.0353283Z ✔ UXI-301 panel: the provider choice lives on the ROW and names a candidate the feed offered (0.6903ms)
gateway-web	Run pnpm test	2026-10-05T10:58:08.0354020Z ✔ UXI-301 panel: with nothing available to switch to, the instruction says so (0.3528ms)
gateway-web	Run pnpm test	2026-10-05T10:58:08.0354680Z ✔ UXI-301 panel: a decision is asked for only when the feed requires one (0.4679ms)
gateway-web	Run pnpm test	2026-10-05T10:58:08.0355396Z ✔ UXI-301 panel: technical detail appears ONLY behind the explicit Advanced disclosure (0.4562ms)
gateway-web	Run pnpm test	2026-10-05T10:58:08.0356211Z ✔ UXI-301 panel: an unreported feed never looks like a healthy or idle one (0.5542ms)
gateway-web	Run pnpm test	2026-10-05T10:58:08.0357205Z ✔ UXI-301 panel: all text is escaped, including ids from the feed (0.511ms)
gateway-web	Run pnpm test	2026-10-05T10:58:08.0357788Z ✔ UXI-301 panel: the panel renders in zh-CN as well as en (0.4528ms)
gateway-web	Run pnpm test	2026-10-05T10:58:08.0358404Z ✔ UXI-301 panel: every copy key the panel uses exists in both locale packs (1.4321ms)
gateway-web	Run pnpm test	2026-10-05T10:58:08.0359201Z ✔ Windows history loads detail explicitly, retains it across snapshots and fences late selections (3419.7587ms)
gateway-web	Run pnpm test	2026-10-05T10:58:08.0360059Z ✔ Windows Services invokes real document, knowledge, skill, evidence and theme adapters (6364.9776ms)
gateway-web	Run pnpm test	2026-10-05T10:58:08.0360761Z ✔ renderTerminal returns the terminal controller, not a boolean (1.2814ms)
gateway-web	Run pnpm test	2026-10-05T10:58:08.0361389Z ✔ every terminal page renders, and the page actually follows the shell (1.0278ms)
gateway-web	Run pnpm test	2026-10-05T10:58:08.0361997Z ✔ the Ask / Do page does not duplicate any id owned by the shell (1.662ms)
gateway-web	Run pnpm test	2026-10-05T10:58:08.0362521Z ✔ no id is duplicated anywhere in the shell document (0.1903ms)
gateway-web	Run pnpm test	2026-10-05T10:58:08.0363242Z ✔ the terminal module never attaches a second submit path to the shell bar (0.4728ms)
gateway-web	Run pnpm test	2026-10-05T10:58:08.0363874Z ✔ the shell bar is a real form so Enter submits it once, natively (0.2265ms)
gateway-web	Run pnpm test	2026-10-05T10:59:00.8727704Z ✔ Web Devices and ephemeral pairing share the authoritative Gateway (77676.2049ms)
gateway-web	Run pnpm test	2026-10-05T10:59:12.4555930Z ✔ Web freshness, device detail, node offline and pairing expiry (11582.8711ms)
gateway-web	Run pnpm test	2026-10-05T10:59:39.7015305Z ✔ Web control creates a real task and shows durable result (112908.8771ms)
gateway-web	Run pnpm test	2026-10-05T10:59:39.7297240Z ℹ tests 1248
gateway-web	Run pnpm test	2026-10-05T10:59:39.7297752Z ℹ suites 0
gateway-web	Run pnpm test	2026-10-05T10:59:39.7298099Z ℹ pass 1248
gateway-web	Run pnpm test	2026-10-05T10:59:39.7298438Z ℹ fail 0
gateway-web	Run pnpm test	2026-10-05T10:59:39.7298745Z ℹ cancelled 0
gateway-web	Run pnpm test	2026-10-05T10:59:39.7299066Z ℹ skipped 0
gateway-web	Run pnpm test	2026-10-05T10:59:39.7299384Z ℹ todo 0
gateway-web	Run pnpm test	2026-10-05T10:59:39.7299775Z ℹ duration_ms 227523.8965
gateway-web	Run node scripts/verify-promotion-history.mjs	﻿2026-10-05T10:59:39.8846648Z ##[group]Run node scripts/verify-promotion-history.mjs
gateway-web	Run node scripts/verify-promotion-history.mjs	2026-10-05T10:59:39.8847212Z ^[[36;1mnode scripts/verify-promotion-history.mjs^[[0m
gateway-web	Run node scripts/verify-promotion-history.mjs	2026-10-05T10:59:39.8919912Z shell: C:\Program Files\PowerShell\7\pwsh.EXE -command ". '{0}'"
gateway-web	Run node scripts/verify-promotion-history.mjs	2026-10-05T10:59:39.8920273Z env:
gateway-web	Run node scripts/verify-promotion-history.mjs	2026-10-05T10:59:39.8920542Z   PNPM_HOME: C:\Users\runneradmin\setup-pnpm\node_modules\.bin
gateway-web	Run node scripts/verify-promotion-history.mjs	2026-10-05T10:59:39.8920884Z ##[endgroup]
gateway-web	Run node scripts/verify-promotion-history.mjs	2026-10-05T10:59:42.0572003Z promotion history:
gateway-web	Run node scripts/verify-promotion-history.mjs	2026-10-05T10:59:42.0574799Z   OK   document-intake-lab: 165e2664ad4e -> e3d6bbd9dd91 -> city/09-planning-knowledge/02-document-intake/ingestion-core
gateway-web	Run node scripts/verify-promotion-history.mjs	2026-10-05T10:59:42.0576668Z   OK   document-readers-lab: e9a4c2370544 -> 6a95bf4502f1 -> city/09-planning-knowledge/02-document-intake/document-readers
gateway-web	Run node scripts/verify-promotion-history.mjs	2026-10-05T10:59:42.0578187Z   OK   evidence-engine-lab: ec4202f774a9 -> e1dcfd73e9b3 -> city/06-research/01-research-institute/evidence-engine
gateway-web	Run node scripts/verify-promotion-history.mjs	2026-10-05T10:59:42.0579508Z   OK   knowledge-core-lab: 01f932bd2aad -> b82fcfd0f153 -> city/09-planning-knowledge/01-knowledge-service/knowledge-core
gateway-web	Run node scripts/verify-promotion-history.mjs	2026-10-05T10:59:42.0580761Z   OK   skill-discovery-lab: b4dff8150312 -> 48494263d755 -> city/02-engineering/02-worker-gateway/skill-intake
gateway-web	Run node scripts/verify-promotion-history.mjs	2026-10-05T10:59:42.0581552Z   OK   skill-intake-lab: 1ba5b4809f05 -> 140287250ef1 -> city/02-engineering/02-worker-gateway/skill-intake
gateway-web	Run node scripts/verify-promotion-history.mjs	2026-10-05T10:59:42.0582330Z   OK   theme-builder-lab: 3ff7d805f043 -> 74c277cbc2a4 -> city/11-entertainment/01-entertainment-centre/theme-engine
gateway-web	Run node scripts/verify-promotion-history.mjs	2026-10-05T10:59:42.0583136Z   OK   theme-engine-lab: 9819ed7a4a21 -> a18b1e80b740 -> city/11-entertainment/01-entertainment-centre/theme-engine
gateway-web	Run node scripts/verify-promotion-history.mjs	2026-10-05T10:59:42.0583939Z   OK   theme-package-lab: 95d958ddacc6 -> 5d1abecdc38a -> city/11-entertainment/01-entertainment-centre/theme-engine
gateway-web	Run node scripts/verify-promotion-history.mjs	2026-10-05T10:59:42.0584743Z   OK   yaml-intake-lab: b6d7733c9272 -> e068d58ee890 -> city/09-planning-knowledge/02-document-intake/ingestion-core
gateway-web	Run node scripts/verify-promotion-history.mjs	2026-10-05T10:59:42.0585473Z promotion-history: 10 record(s) verified against local Git history at acf9d65e40c0
gateway-web	Run node --test apps/rooms/tests/*.test.mjs	﻿2026-10-05T10:59:42.2041685Z ##[group]Run node --test apps/rooms/tests/*.test.mjs
gateway-web	Run node --test apps/rooms/tests/*.test.mjs	2026-10-05T10:59:42.2042186Z ^[[36;1mnode --test apps/rooms/tests/*.test.mjs^[[0m
gateway-web	Run node --test apps/rooms/tests/*.test.mjs	2026-10-05T10:59:42.2111688Z shell: C:\Program Files\PowerShell\7\pwsh.EXE -command ". '{0}'"
gateway-web	Run node --test apps/rooms/tests/*.test.mjs	2026-10-05T10:59:42.2112052Z env:
gateway-web	Run node --test apps/rooms/tests/*.test.mjs	2026-10-05T10:59:42.2112320Z   PNPM_HOME: C:\Users\runneradmin\setup-pnpm\node_modules\.bin
gateway-web	Run node --test apps/rooms/tests/*.test.mjs	2026-10-05T10:59:42.2112831Z ##[endgroup]
gateway-web	Run node --test apps/rooms/tests/*.test.mjs	2026-10-05T10:59:42.7788643Z ✔ bookmark room creates, edits and deletes bookmarks (123.0779ms)
gateway-web	Run node --test apps/rooms/tests/*.test.mjs	2026-10-05T10:59:42.8280721Z ✔ bookmark room accepts only absolute http(s) URLs (49.12ms)
gateway-web	Run node --test apps/rooms/tests/*.test.mjs	2026-10-05T10:59:42.8645932Z ✔ bookmark title falls back to the URL and search covers url and note (35.2806ms)
gateway-web	Run node --test apps/rooms/tests/*.test.mjs	2026-10-05T10:59:42.9102165Z ✔ bookmark export/import replaces the collection and rejects bad payloads (45.9471ms)
gateway-web	Run node --test apps/rooms/tests/*.test.mjs	2026-10-05T10:59:42.9321244Z ✔ bookmark data is durable across a hub restart (22.012ms)
gateway-web	Run node --test apps/rooms/tests/*.test.mjs	2026-10-05T10:59:45.9506192Z ✔ calendar room creates, edits and deletes a dated event (161.5902ms)
gateway-web	Run node --test apps/rooms/tests/*.test.mjs	2026-10-05T10:59:45.9510220Z ✔ calendar room validates dates and times (48.5178ms)
gateway-web	Run node --test apps/rooms/tests/*.test.mjs	2026-10-05T10:59:45.9511524Z ✔ calendar groups events into today, upcoming and past in order (1.85ms)
gateway-web	Run node --test apps/rooms/tests/*.test.mjs	2026-10-05T10:59:45.9514337Z ✔ calendar scope filters today and upcoming over HTTP (33.7349ms)
gateway-web	Run node --test apps/rooms/tests/*.test.mjs	2026-10-05T10:59:45.9515493Z ✔ calendar export/import replaces events and data survives a restart (31.135ms)
gateway-web	Run node --test apps/rooms/tests/*.test.mjs	2026-10-05T10:59:45.9771102Z ✔ checklist room creates lists and items with progress (187.8615ms)
gateway-web	Run node --test apps/rooms/tests/*.test.mjs	2026-10-05T10:59:45.9773237Z ✔ checklist items can be reordered and deleted (54.8721ms)
gateway-web	Run node --test apps/rooms/tests/*.test.mjs	2026-10-05T10:59:45.9774549Z ✔ checklist clear-completed removes only done items (28.095ms)
gateway-web	Run node --test apps/rooms/tests/*.test.mjs	2026-10-05T10:59:45.9775689Z ✔ checklist data is durable across a hub restart (17.1837ms)
gateway-web	Run node --test apps/rooms/tests/*.test.mjs	2026-10-05T10:59:45.9776762Z ✔ checklist room avoids City Control task vocabulary (1.9883ms)
gateway-web	Run node --test apps/rooms/tests/*.test.mjs	2026-10-05T10:59:46.0769855Z ✔ csv parser handles quotes, escaped quotes and embedded newlines (2.9374ms)
gateway-web	Run node --test apps/rooms/tests/*.test.mjs	2026-10-05T10:59:46.0791383Z ✔ csv summary reports columns, rows and truncation (0.5157ms)
gateway-web	Run node --test apps/rooms/tests/*.test.mjs	2026-10-05T10:59:46.0815763Z ✔ json parse reports a position for invalid input (0.7452ms)
gateway-web	Run node --test apps/rooms/tests/*.test.mjs	2026-10-05T10:59:46.1909322Z ✔ data lab pretty prints and minifies over HTTP (120.266ms)
gateway-web	Run node --test apps/rooms/tests/*.test.mjs	2026-10-05T10:59:46.2690781Z ✔ data lab returns a structured error for invalid json and parses valid json (76.7869ms)
gateway-web	Run node --test apps/rooms/tests/*.test.mjs	2026-10-05T10:59:46.2868628Z ✔ data lab csv preview endpoint works and rejects broken csv (19.1445ms)
gateway-web	Run node --test apps/rooms/tests/*.test.mjs	2026-10-05T10:59:46.3204657Z ✔ decision room records a question with options and opens as OPEN (172.0406ms)
gateway-web	Run node --test apps/rooms/tests/*.test.mjs	2026-10-05T10:59:46.3206161Z ✔ decision room appends options and keeps selected option ids stable (45.6778ms)
gateway-web	Run node --test apps/rooms/tests/*.test.mjs	2026-10-05T10:59:46.3514126Z ✔ decision room decide and revisit transitions (35.6595ms)
gateway-web	Run node --test apps/rooms/tests/*.test.mjs	2026-10-05T10:59:46.3775151Z ✔ decision room searches and filters by status (26.0323ms)
gateway-web	Run node --test apps/rooms/tests/*.test.mjs	2026-10-05T10:59:46.4054304Z ✔ decision export/import replaces data, validates payloads and survives a restart (27.7639ms)
gateway-web	Run node --test apps/rooms/tests/*.test.mjs	2026-10-05T10:59:49.4162159Z ✔ focus room exposes presets and completes a real short session (126.653ms)
gateway-web	Run node --test apps/rooms/tests/*.test.mjs	2026-10-05T10:59:49.4164546Z ✔ focus room records an interrupted session honestly after a reload (26.6874ms)
gateway-web	Run node --test apps/rooms/tests/*.test.mjs	2026-10-05T10:59:49.4168728Z ✔ focus room validates session input (30.0005ms)
gateway-web	Run node --test apps/rooms/tests/*.test.mjs	2026-10-05T10:59:49.4170297Z ✔ focus room deletes a session and keeps the rest (32.7443ms)
gateway-web	Run node --test apps/rooms/tests/*.test.mjs	2026-10-05T10:59:49.4171517Z ✔ focus summary counts today using local dates and sessions are durable (23.5608ms)
gateway-web	Run node --test apps/rooms/tests/*.test.mjs	2026-10-05T10:59:49.4173087Z ✔ hash room digest matches Node crypto for fixed inputs (73.2896ms)
gateway-web	Run node --test apps/rooms/tests/*.test.mjs	2026-10-05T10:59:49.4174301Z ✔ hash room compares an expected digest and reports match or mismatch (20.2628ms)
gateway-web	Run node --test apps/rooms/tests/*.test.mjs	2026-10-05T10:59:49.4175583Z ✔ hash room rejects unknown algorithms and writes nothing to runtime (11.6035ms)
gateway-web	Run node --test apps/rooms/tests/*.test.mjs	2026-10-05T10:59:49.4176873Z ✔ room store writes schemaVersion/updatedAt/data and survives a reload (13.1855ms)
gateway-web	Run node --test apps/rooms/tests/*.test.mjs	2026-10-05T10:59:49.4178118Z ✔ room store rejects a wrong schemaVersion and a non-object root (6.2915ms)
gateway-web	Run node --test apps/rooms/tests/*.test.mjs	2026-10-05T10:59:49.4179801Z ✔ store mutations are serialized so concurrent writes do not lose items (28.028ms)
gateway-web	Run node --test apps/rooms/tests/*.test.mjs	2026-10-05T10:59:49.4183962Z ✔ shared helpers normalize text, tags and collection CRUD (6.2284ms)
gateway-web	Run node --test apps/rooms/tests/*.test.mjs	2026-10-05T10:59:49.4185172Z ✔ hub serves health, the room catalog and the product shell on loopback (81.9958ms)
gateway-web	Run node --test apps/rooms/tests/*.test.mjs	2026-10-05T10:59:49.4186511Z ✔ hub rejects unknown rooms and unknown routes without touching other rooms (14.0465ms)
gateway-web	Run node --test apps/rooms/tests/*.test.mjs	2026-10-05T10:59:49.4188065Z ✔ static serving never escapes the configured root (3.528ms)
gateway-web	Run node --test apps/rooms/tests/*.test.mjs	2026-10-05T10:59:49.4189109Z ✔ room data files are isolated: clearing one room leaves the others intact (29.4479ms)
gateway-web	Run node --test apps/rooms/tests/*.test.mjs	2026-10-05T10:59:49.4190160Z ✔ hub configuration defaults to port 4320 and loopback only (0.56ms)
gateway-web	Run node --test apps/rooms/tests/*.test.mjs	2026-10-05T10:59:49.4191195Z ✔ all ten local rooms are LOCAL_PRODUCT and carry null donor metadata (1.6705ms)
gateway-web	Run node --test apps/rooms/tests/*.test.mjs	2026-10-05T10:59:49.4192257Z ✔ every incubating room declares a full donor and promotion contract (0.7633ms)
gateway-web	Run node --test apps/rooms/tests/*.test.mjs	2026-10-05T10:59:49.4193394Z ✔ lifecycle defaults and metadata projection follow the §5.2 contract (0.267ms)
gateway-web	Run node --test apps/rooms/tests/*.test.mjs	2026-10-05T10:59:49.4194847Z ✔ a promoted room leaves the active catalog but stays known to Git history (0.3941ms)
gateway-web	Run node --test apps/rooms/tests/*.test.mjs	2026-10-05T10:59:49.4196058Z ✔ promotion records are validated and rejected when malformed (13.0973ms)
gateway-web	Run node --test apps/rooms/tests/*.test.mjs	2026-10-05T10:59:49.4197295Z ✔ promotion cross-checks catch an unknown room, an active room and a path mismatch (0.5254ms)
gateway-web	Run node --test apps/rooms/tests/*.test.mjs	2026-10-05T10:59:49.4198509Z ✔ hub exposes lifecycle metadata and the promotion record set (63.5455ms)
gateway-web	Run node --test apps/rooms/tests/*.test.mjs	2026-10-05T10:59:50.2236746Z ✔ knowledge room creates, lists, edits and deletes entries over HTTP (91.7054ms)
gateway-web	Run node --test apps/rooms/tests/*.test.mjs	2026-10-05T10:59:50.2237938Z ✔ knowledge entries survive a hub restart (17.6131ms)
gateway-web	Run node --test apps/rooms/tests/*.test.mjs	2026-10-05T10:59:50.2239072Z ✔ knowledge search covers title, body and tags and is case-insensitive (19.638ms)
gateway-web	Run node --test apps/rooms/tests/*.test.mjs	2026-10-05T10:59:50.2240410Z ✔ knowledge export bundle carries format, schemaVersion and full entries (11.8823ms)
gateway-web	Run node --test apps/rooms/tests/*.test.mjs	2026-10-05T10:59:50.2241702Z ✔ knowledge import replaces data and rejects malformed bundles whole (25.0613ms)
gateway-web	Run node --test apps/rooms/tests/*.test.mjs	2026-10-05T10:59:50.2242878Z ✔ knowledge entries are ordered newest-updated first (33.7202ms)
gateway-web	Run node --test apps/rooms/tests/*.test.mjs	2026-10-05T10:59:50.2360715Z ✔ a relocated promotion keeps its historical target and names its authority (9.6414ms)
gateway-web	Run node --test apps/rooms/tests/*.test.mjs	2026-10-05T10:59:50.2361469Z ✔ every promotion record still names a landing point under city/ (4.6155ms)
gateway-web	Run node --test apps/rooms/tests/*.test.mjs	2026-10-05T10:59:52.6590298Z ✔ prompt library creates a prompt and derives its variables (91.0905ms)
gateway-web	Run node --test apps/rooms/tests/*.test.mjs	2026-10-05T10:59:52.6591736Z ✔ prompt rendering fills known variables and reports the missing ones (21.7158ms)
gateway-web	Run node --test apps/rooms/tests/*.test.mjs	2026-10-05T10:59:52.6593412Z ✔ prompt values persist with the prompt and are reused as defaults (17.9738ms)
gateway-web	Run node --test apps/rooms/tests/*.test.mjs	2026-10-05T10:59:52.6594554Z ✔ prompt search covers title, template and note (21.8254ms)
gateway-web	Run node --test apps/rooms/tests/*.test.mjs	2026-10-05T10:59:52.6595843Z ✔ prompt export/import replaces the library and the room never calls an AI provider (19.2227ms)
gateway-web	Run node --test apps/rooms/tests/*.test.mjs	2026-10-05T10:59:52.6724019Z ✔ text stats count characters, words and lines (1.7707ms)
gateway-web	Run node --test apps/rooms/tests/*.test.mjs	2026-10-05T10:59:52.6725430Z ✔ whitespace and blank-line operations are deterministic (0.3121ms)
gateway-web	Run node --test apps/rooms/tests/*.test.mjs	2026-10-05T10:59:52.6737680Z ✔ sort and dedupe behave predictably (0.4954ms)
gateway-web	Run node --test apps/rooms/tests/*.test.mjs	2026-10-05T10:59:52.6738509Z ✔ case operations cover upper, lower and title (0.3947ms)
gateway-web	Run node --test apps/rooms/tests/*.test.mjs	2026-10-05T10:59:52.6739382Z ✔ line diff reports added, removed and identical lines (0.5313ms)
gateway-web	Run node --test apps/rooms/tests/*.test.mjs	2026-10-05T10:59:52.6740455Z ✔ text workshop serves transforms over HTTP and persists nothing (84.3931ms)
gateway-web	Run node --test apps/rooms/tests/*.test.mjs	2026-10-05T10:59:52.6741242Z ℹ tests 69
gateway-web	Run node --test apps/rooms/tests/*.test.mjs	2026-10-05T10:59:52.6741612Z ℹ suites 0
gateway-web	Run node --test apps/rooms/tests/*.test.mjs	2026-10-05T10:59:52.6741949Z ℹ pass 69
gateway-web	Run node --test apps/rooms/tests/*.test.mjs	2026-10-05T10:59:52.6742293Z ℹ fail 0
gateway-web	Run node --test apps/rooms/tests/*.test.mjs	2026-10-05T10:59:52.6742632Z ℹ cancelled 0
gateway-web	Run node --test apps/rooms/tests/*.test.mjs	2026-10-05T10:59:52.6743369Z ℹ skipped 0
gateway-web	Run node --test apps/rooms/tests/*.test.mjs	2026-10-05T10:59:52.6743722Z ℹ todo 0
gateway-web	Run node --test apps/rooms/tests/*.test.mjs	2026-10-05T10:59:52.6744116Z ℹ duration_ms 10150.9389
gateway-web	Run node city/test-all.mjs	﻿2026-10-05T10:59:52.7969262Z ##[group]Run node city/test-all.mjs
gateway-web	Run node city/test-all.mjs	2026-10-05T10:59:52.7969650Z ^[[36;1mnode city/test-all.mjs^[[0m
gateway-web	Run node city/test-all.mjs	2026-10-05T10:59:52.8038435Z shell: C:\Program Files\PowerShell\7\pwsh.EXE -command ". '{0}'"
gateway-web	Run node city/test-all.mjs	2026-10-05T10:59:52.8038971Z env:
gateway-web	Run node city/test-all.mjs	2026-10-05T10:59:52.8039458Z   PNPM_HOME: C:\Users\runneradmin\setup-pnpm\node_modules\.bin
gateway-web	Run node city/test-all.mjs	2026-10-05T10:59:52.8039797Z ##[endgroup]
gateway-web	Run node city/test-all.mjs	2026-10-05T10:59:53.1602808Z city: running 121 test file(s)
gateway-web	Run node city/test-all.mjs	2026-10-05T10:59:53.1604866Z   00-foundation/01-city-core/audit-ledger/tests/decision-ledger.test.mjs
gateway-web	Run node city/test-all.mjs	2026-10-05T10:59:53.1606107Z   00-foundation/01-city-core/audit-ledger/tests/guardian-gate.test.mjs
gateway-web	Run node city/test-all.mjs	2026-10-05T10:59:53.1606986Z   00-foundation/01-city-core/audit-ledger/tests/recovery.test.mjs
gateway-web	Run node city/test-all.mjs	2026-10-05T10:59:53.1607928Z   00-foundation/01-city-core/fleet-routing/tests/adaptive-routing.test.mjs
gateway-web	Run node city/test-all.mjs	2026-10-05T10:59:53.1609146Z   00-foundation/01-city-core/fleet-routing/tests/capability-routing.test.mjs
gateway-web	Run node city/test-all.mjs	2026-10-05T10:59:53.1610270Z   00-foundation/01-city-core/fleet-routing/tests/coverage.test.mjs
gateway-web	Run node city/test-all.mjs	2026-10-05T10:59:53.1611208Z   00-foundation/01-city-core/fleet-routing/tests/fleet.test.mjs
gateway-web	Run node city/test-all.mjs	2026-10-05T10:59:53.1612024Z   00-foundation/01-city-core/fleet-routing/tests/hysteresis.test.mjs
gateway-web	Run node city/test-all.mjs	2026-10-05T10:59:53.1612873Z   00-foundation/01-city-core/fleet-routing/tests/pressure.test.mjs
gateway-web	Run node city/test-all.mjs	2026-10-05T10:59:53.1613677Z   00-foundation/01-city-core/fleet-routing/tests/rescan.test.mjs
gateway-web	Run node city/test-all.mjs	2026-10-05T10:59:53.1614555Z   00-foundation/01-city-core/fleet-routing/tests/routing-sequence.test.mjs
gateway-web	Run node city/test-all.mjs	2026-10-05T10:59:53.1615458Z   00-foundation/01-city-core/root-authority/tests/guard.test.mjs
gateway-web	Run node city/test-all.mjs	2026-10-05T10:59:53.1617357Z   00-foundation/01-city-core/root-authority/tests/protected-surface.test.mjs
gateway-web	Run node city/test-all.mjs	2026-10-05T10:59:53.1618365Z   00-foundation/01-city-core/task-lifecycle/tests/task-lifecycle.test.mjs
gateway-web	Run node city/test-all.mjs	2026-10-05T10:59:53.1619695Z   00-foundation/02-city-node-network/device-identity/tests/device-identity.test.mjs
gateway-web	Run node city/test-all.mjs	2026-10-05T10:59:53.1621304Z   00-foundation/02-city-node-network/pairing-trust/tests/pairing-trust.test.mjs
gateway-web	Run node city/test-all.mjs	2026-10-05T10:59:53.1622685Z   00-foundation/03-capability-fabric/capability-fabric/tests/capability-fabric.test.mjs
gateway-web	Run node city/test-all.mjs	2026-10-05T10:59:53.1623958Z   00-foundation/03-capability-fabric/capability-fabric/tests/v03-derivation-parity.test.mjs
gateway-web	Run node city/test-all.mjs	2026-10-05T10:59:53.1625073Z   00-foundation/05-control-centre/theme-engine/tests/d9-core.test.mjs
gateway-web	Run node city/test-all.mjs	2026-10-05T10:59:53.1625999Z   00-foundation/05-control-centre/theme-engine/tests/d9-parity.test.mjs
gateway-web	Run node city/test-all.mjs	2026-10-05T10:59:53.1626965Z   00-foundation/05-control-centre/theme-engine/tests/theme-engine.test.mjs
gateway-web	Run node city/test-all.mjs	2026-10-05T10:59:53.1628017Z   00-foundation/05-control-centre/theme-engine/tests/theme-package.test.mjs
gateway-web	Run node city/test-all.mjs	2026-10-05T10:59:53.1629101Z   02-engineering/01-project-foreman/project-foreman/tests/adapters-autonomy.test.mjs
gateway-web	Run node city/test-all.mjs	2026-10-05T10:59:53.1630369Z   02-engineering/01-project-foreman/project-foreman/tests/donor/engineering-checkpoint.test.mjs
gateway-web	Run node city/test-all.mjs	2026-10-05T10:59:53.1631695Z   02-engineering/01-project-foreman/project-foreman/tests/donor/engineering-context.test.mjs
gateway-web	Run node city/test-all.mjs	2026-10-05T10:59:53.1633120Z   02-engineering/01-project-foreman/project-foreman/tests/donor/engineering-cross-volume-cleanup.test.mjs
gateway-web	Run node city/test-all.mjs	2026-10-05T10:59:53.1634463Z   02-engineering/01-project-foreman/project-foreman/tests/donor/engineering-plan.test.mjs
gateway-web	Run node city/test-all.mjs	2026-10-05T10:59:53.1635817Z   02-engineering/01-project-foreman/project-foreman/tests/donor/engineering-process-identity.test.mjs
gateway-web	Run node city/test-all.mjs	2026-10-05T10:59:53.1638224Z   02-engineering/01-project-foreman/project-foreman/tests/donor/engineering-process-real.test.mjs
gateway-web	Run node city/test-all.mjs	2026-10-05T10:59:53.1639623Z   02-engineering/01-project-foreman/project-foreman/tests/donor/engineering-recovery-journal.test.mjs
gateway-web	Run node city/test-all.mjs	2026-10-05T10:59:53.1641008Z   02-engineering/01-project-foreman/project-foreman/tests/donor/engineering-recovery-schema.test.mjs
gateway-web	Run node city/test-all.mjs	2026-10-05T10:59:53.1642437Z   02-engineering/01-project-foreman/project-foreman/tests/donor/engineering-scenarios-autonomy.test.mjs
gateway-web	Run node city/test-all.mjs	2026-10-05T10:59:53.1643832Z   02-engineering/01-project-foreman/project-foreman/tests/donor/engineering-scenarios.test.mjs
gateway-web	Run node city/test-all.mjs	2026-10-05T10:59:53.1648901Z   02-engineering/01-project-foreman/project-foreman/tests/donor/engineering-verifier.test.mjs
gateway-web	Run node city/test-all.mjs	2026-10-05T10:59:53.1650274Z   02-engineering/01-project-foreman/project-foreman/tests/donor/engineering-wiring-lock.test.mjs
gateway-web	Run node city/test-all.mjs	2026-10-05T10:59:53.1651906Z   02-engineering/01-project-foreman/project-foreman/tests/donor-boss/recovery-model.test.mjs
gateway-web	Run node city/test-all.mjs	2026-10-05T10:59:53.1653108Z   02-engineering/01-project-foreman/project-foreman/tests/failure-recovery.test.mjs
gateway-web	Run node city/test-all.mjs	2026-10-05T10:59:53.1654232Z   02-engineering/01-project-foreman/project-foreman/tests/plan-parity.test.mjs
gateway-web	Run node city/test-all.mjs	2026-10-05T10:59:53.1655109Z   02-engineering/01-project-foreman/project-foreman/tests/recovery.test.mjs
gateway-web	Run node city/test-all.mjs	2026-10-05T10:59:53.1655702Z   02-engineering/01-project-foreman/project-foreman/tests/supervisor.test.mjs
gateway-web	Run node city/test-all.mjs	2026-10-05T10:59:53.1656319Z   02-engineering/01-project-foreman/project-foreman/tests/verification.test.mjs
gateway-web	Run node city/test-all.mjs	2026-10-05T10:59:53.1657255Z   02-engineering/02-worker-gateway/provider-adapter/tests/provider-state.test.mjs
gateway-web	Run node city/test-all.mjs	2026-10-05T10:59:53.1657915Z   02-engineering/02-worker-gateway/provider-adapter/tests/runtime.test.mjs
gateway-web	Run node city/test-all.mjs	2026-10-05T10:59:53.1658498Z   02-engineering/02-worker-gateway/provider-resilience/tests/circuit-breaker.test.mjs
gateway-web	Run node city/test-all.mjs	2026-10-05T10:59:53.1659148Z   02-engineering/02-worker-gateway/provider-resilience/tests/provider-outcome.test.mjs
gateway-web	Run node city/test-all.mjs	2026-10-05T10:59:53.1659755Z   02-engineering/02-worker-gateway/skill-intake/tests/catalog-semantics.test.mjs
gateway-web	Run node city/test-all.mjs	2026-10-05T10:59:53.1660350Z   02-engineering/02-worker-gateway/skill-intake/tests/skill-discovery.test.mjs
gateway-web	Run node city/test-all.mjs	2026-10-05T10:59:53.1660899Z   02-engineering/02-worker-gateway/skill-intake/tests/skill-intake.test.mjs
gateway-web	Run node city/test-all.mjs	2026-10-05T10:59:53.1661418Z   02-engineering/02-worker-gateway/worker-runner/tests/runner.test.mjs
gateway-web	Run node city/test-all.mjs	2026-10-05T10:59:53.1661973Z   02-engineering/02-worker-gateway/worker-task-contract/tests/lifecycle.test.mjs
gateway-web	Run node city/test-all.mjs	2026-10-05T10:59:53.1662605Z   02-engineering/03-host-health-station/host-health-station/tests/differential.test.mjs
gateway-web	Run node city/test-all.mjs	2026-10-05T10:59:53.1663310Z   02-engineering/03-host-health-station/host-health-station/tests/host-health-station.test.mjs
gateway-web	Run node city/test-all.mjs	2026-10-05T10:59:53.1664017Z   02-engineering/04-restart-recovery-station/checkpoint-gate/tests/checkpoint-gate.test.mjs
gateway-web	Run node city/test-all.mjs	2026-10-05T10:59:53.1664692Z   02-engineering/04-restart-recovery-station/restart-lock/tests/restart-lock.test.mjs
gateway-web	Run node city/test-all.mjs	2026-10-05T10:59:53.1665576Z   02-engineering/04-restart-recovery-station/restart-protocol/tests/canonical-json.test.mjs
gateway-web	Run node city/test-all.mjs	2026-10-05T10:59:53.1666889Z   02-engineering/04-restart-recovery-station/restart-protocol/tests/request-validator.test.mjs
gateway-web	Run node city/test-all.mjs	2026-10-05T10:59:53.1667582Z   02-engineering/04-restart-recovery-station/restart-ticket/tests/ticket.test.mjs
gateway-web	Run node city/test-all.mjs	2026-10-05T10:59:53.1668215Z   06-research/01-research-institute/evidence-engine/tests/evidence-engine.test.mjs
gateway-web	Run node city/test-all.mjs	2026-10-05T10:59:53.1668802Z   06-research/01-research-institute/research-manuscript/tests/figures.test.mjs
gateway-web	Run node city/test-all.mjs	2026-10-05T10:59:53.1669387Z   06-research/01-research-institute/research-manuscript/tests/manuscript.test.mjs
gateway-web	Run node city/test-all.mjs	2026-10-05T10:59:53.1669963Z   06-research/01-research-institute/research-protocol/tests/command.test.mjs
gateway-web	Run node city/test-all.mjs	2026-10-05T10:59:53.1670516Z   06-research/01-research-institute/research-protocol/tests/contract.test.mjs
gateway-web	Run node city/test-all.mjs	2026-10-05T10:59:53.1671087Z   06-research/01-research-institute/research-protocol/tests/contracts.test.mjs
gateway-web	Run node city/test-all.mjs	2026-10-05T10:59:53.1671618Z   06-research/01-research-institute/research-protocol/tests/ir.test.mjs
gateway-web	Run node city/test-all.mjs	2026-10-05T10:59:53.1672155Z   06-research/01-research-institute/research-protocol/tests/protocol.test.mjs
gateway-web	Run node city/test-all.mjs	2026-10-05T10:59:53.1672697Z   06-research/01-research-institute/research-protocol/tests/roles.test.mjs
gateway-web	Run node city/test-all.mjs	2026-10-05T10:59:53.1673291Z   06-research/01-research-institute/research-provenance/tests/bibliography.test.mjs
gateway-web	Run node city/test-all.mjs	2026-10-05T10:59:53.1673895Z   06-research/01-research-institute/research-provenance/tests/citation.test.mjs
gateway-web	Run node city/test-all.mjs	2026-10-05T10:59:53.1674475Z   06-research/01-research-institute/research-provenance/tests/contracts.test.mjs
gateway-web	Run node city/test-all.mjs	2026-10-05T10:59:53.1675837Z   06-research/01-research-institute/research-provenance/tests/input.test.mjs
gateway-web	Run node city/test-all.mjs	2026-10-05T10:59:53.1676479Z   06-research/01-research-institute/research-review/tests/adjudicate.test.mjs
gateway-web	Run node city/test-all.mjs	2026-10-05T10:59:53.1678093Z   06-research/01-research-institute/research-review/tests/capability-registry.test.mjs
gateway-web	Run node city/test-all.mjs	2026-10-05T10:59:53.1678708Z   06-research/01-research-institute/research-review/tests/contracts.test.mjs
gateway-web	Run node city/test-all.mjs	2026-10-05T10:59:53.1679255Z   06-research/01-research-institute/research-review/tests/index.test.mjs
gateway-web	Run node city/test-all.mjs	2026-10-05T10:59:53.1679774Z   06-research/01-research-institute/research-review/tests/levela.test.mjs
gateway-web	Run node city/test-all.mjs	2026-10-05T10:59:53.1680294Z   06-research/01-research-institute/research-review/tests/levelb.test.mjs
gateway-web	Run node city/test-all.mjs	2026-10-05T10:59:53.1680835Z   06-research/01-research-institute/research-review/tests/review.test.mjs
gateway-web	Run node city/test-all.mjs	2026-10-05T10:59:53.1681370Z   06-research/01-research-institute/research-statistics/tests/battery.test.mjs
gateway-web	Run node city/test-all.mjs	2026-10-05T10:59:53.1681941Z   06-research/01-research-institute/research-statistics/tests/statistics.test.mjs
gateway-web	Run node city/test-all.mjs	2026-10-05T10:59:53.1682575Z   09-planning-knowledge/01-knowledge-service/knowledge-core/tests/knowledge-core.test.mjs
gateway-web	Run node city/test-all.mjs	2026-10-05T10:59:53.1683256Z   09-planning-knowledge/02-document-intake/document-readers/tests/document-readers.test.mjs
gateway-web	Run node city/test-all.mjs	2026-10-05T10:59:53.1683894Z   09-planning-knowledge/02-document-intake/document-readers/tests/docx.test.mjs
gateway-web	Run node city/test-all.mjs	2026-10-05T10:59:53.1684480Z   09-planning-knowledge/02-document-intake/document-readers/tests/engines.test.mjs
gateway-web	Run node city/test-all.mjs	2026-10-05T10:59:53.1685060Z   09-planning-knowledge/02-document-intake/document-readers/tests/pdf.test.mjs
gateway-web	Run node city/test-all.mjs	2026-10-05T10:59:53.1685623Z   09-planning-knowledge/02-document-intake/document-readers/tests/xlsx.test.mjs
gateway-web	Run node city/test-all.mjs	2026-10-05T10:59:53.1686230Z   09-planning-knowledge/02-document-intake/ingestion-core/tests/ingestion-core.test.mjs
gateway-web	Run node city/test-all.mjs	2026-10-05T10:59:53.1686856Z   09-planning-knowledge/02-document-intake/ingestion-core/tests/yaml-intake.test.mjs
gateway-web	Run node city/test-all.mjs	2026-10-05T10:59:53.1687469Z   09-planning-knowledge/02-document-intake/ingestion-core/tests/yaml-parser.test.mjs
gateway-web	Run node city/test-all.mjs	2026-10-05T10:59:53.1688110Z   10-automation/01-computer-use-runtime/backend-surface/tests/action-readiness.test.mjs
gateway-web	Run node city/test-all.mjs	2026-10-05T10:59:53.1688788Z   10-automation/01-computer-use-runtime/backend-surface/tests/computer-recovery.test.mjs
gateway-web	Run node city/test-all.mjs	2026-10-05T10:59:53.1689612Z   10-automation/01-computer-use-runtime/backend-surface/tests/dom-page.test.mjs
gateway-web	Run node city/test-all.mjs	2026-10-05T10:59:53.1690207Z   10-automation/01-computer-use-runtime/backend-surface/tests/permission.test.mjs
gateway-web	Run node city/test-all.mjs	2026-10-05T10:59:53.1690848Z   10-automation/01-computer-use-runtime/backend-surface/tests/provider-dom-surface.test.mjs
gateway-web	Run node city/test-all.mjs	2026-10-05T10:59:53.1691472Z   10-automation/01-computer-use-runtime/backend-surface/tests/semantic.test.mjs
gateway-web	Run node city/test-all.mjs	2026-10-05T10:59:53.1692055Z   10-automation/01-computer-use-runtime/backend-surface/tests/ui-surface.test.mjs
gateway-web	Run node city/test-all.mjs	2026-10-05T10:59:53.1692606Z   10-automation/01-computer-use-runtime/bounded-run/tests/health.test.mjs
gateway-web	Run node city/test-all.mjs	2026-10-05T10:59:53.1693146Z   10-automation/01-computer-use-runtime/bounded-run/tests/identity.test.mjs
gateway-web	Run node city/test-all.mjs	2026-10-05T10:59:53.1693679Z   10-automation/01-computer-use-runtime/bounded-run/tests/index.test.mjs
gateway-web	Run node city/test-all.mjs	2026-10-05T10:59:53.1694212Z   10-automation/01-computer-use-runtime/bounded-run/tests/reconnect.test.mjs
gateway-web	Run node city/test-all.mjs	2026-10-05T10:59:53.1694765Z   10-automation/01-computer-use-runtime/bounded-run/tests/recovery.test.mjs
gateway-web	Run node city/test-all.mjs	2026-10-05T10:59:53.1695301Z   10-automation/01-computer-use-runtime/bounded-run/tests/resources.test.mjs
gateway-web	Run node city/test-all.mjs	2026-10-05T10:59:53.1695895Z   10-automation/01-computer-use-runtime/bounded-run/tests/stabilization.test.mjs
gateway-web	Run node city/test-all.mjs	2026-10-05T10:59:53.1696452Z   10-automation/01-computer-use-runtime/bounded-run/tests/stall.test.mjs
gateway-web	Run node city/test-all.mjs	2026-10-05T10:59:53.1696995Z   10-automation/01-computer-use-runtime/bounded-run/tests/state-machine.test.mjs
gateway-web	Run node city/test-all.mjs	2026-10-05T10:59:53.1697886Z   10-automation/01-computer-use-runtime/execution-contract/tests/action.test.mjs
gateway-web	Run node city/test-all.mjs	2026-10-05T10:59:53.1698475Z   10-automation/01-computer-use-runtime/execution-contract/tests/contract.test.mjs
gateway-web	Run node city/test-all.mjs	2026-10-05T10:59:53.1699234Z   10-automation/01-computer-use-runtime/execution-contract/tests/contracts.test.mjs
gateway-web	Run node city/test-all.mjs	2026-10-05T10:59:53.1699935Z   10-automation/01-computer-use-runtime/execution-contract/tests/criteria.test.mjs
gateway-web	Run node city/test-all.mjs	2026-10-05T10:59:53.1701186Z   10-automation/01-computer-use-runtime/execution-contract/tests/errors.test.mjs
gateway-web	Run node city/test-all.mjs	2026-10-05T10:59:53.1702251Z   10-automation/01-computer-use-runtime/execution-contract/tests/parity.test.mjs
gateway-web	Run node city/test-all.mjs	2026-10-05T10:59:53.1703277Z   10-automation/01-computer-use-runtime/routing-safety/tests/evidence.test.mjs
gateway-web	Run node city/test-all.mjs	2026-10-05T10:59:53.1704205Z   10-automation/01-computer-use-runtime/routing-safety/tests/modal.test.mjs
gateway-web	Run node city/test-all.mjs	2026-10-05T10:59:53.1705178Z   10-automation/01-computer-use-runtime/routing-safety/tests/routing.test.mjs
gateway-web	Run node city/test-all.mjs	2026-10-05T10:59:53.1706147Z   10-automation/01-computer-use-runtime/routing-safety/tests/safety.test.mjs
gateway-web	Run node city/test-all.mjs	2026-10-05T10:59:53.1707103Z   10-automation/01-computer-use-runtime/target-guard/tests/target.test.mjs
gateway-web	Run node city/test-all.mjs	2026-10-05T10:59:53.1708100Z   10-automation/01-computer-use-runtime/world-verification/tests/miss.test.mjs
gateway-web	Run node city/test-all.mjs	2026-10-05T10:59:53.1709164Z   10-automation/01-computer-use-runtime/world-verification/tests/observer.test.mjs
gateway-web	Run node city/test-all.mjs	2026-10-05T10:59:53.1710258Z   10-automation/01-computer-use-runtime/world-verification/tests/progress.test.mjs
gateway-web	Run node city/test-all.mjs	2026-10-05T10:59:53.1711335Z   10-automation/01-computer-use-runtime/world-verification/tests/verification.test.mjs
gateway-web	Run node city/test-all.mjs	2026-10-05T10:59:53.1712306Z   10-automation/01-computer-use-runtime/world-verification/tests/world-state.test.mjs
gateway-web	Run node city/test-all.mjs	2026-10-05T10:59:53.1713016Z   tests/manifest.test.mjs
gateway-web	Run node city/test-all.mjs	2026-10-05T10:59:53.3722644Z ✔ a well-formed entry validates and keeps every field (2.4879ms)
gateway-web	Run node city/test-all.mjs	2026-10-05T10:59:53.3728266Z ✔ the donor bounds are enforced one for one (2.0386ms)
gateway-web	Run node city/test-all.mjs	2026-10-05T10:59:53.3730010Z ✔ append is immutable and refuses to overwrite an existing decision (0.4901ms)
gateway-web	Run node city/test-all.mjs	2026-10-05T10:59:53.3731550Z ✔ appendAllToLedger appends in order and stops at the first bad entry (0.5414ms)
gateway-web	Run node city/test-all.mjs	2026-10-05T10:59:53.3733075Z ✔ summarizeLedger counts by source and outcome and reports rollbacks (0.5248ms)
gateway-web	Run node city/test-all.mjs	2026-10-05T10:59:53.3742570Z ✔ entriesForTask returns that task history in ledger order (0.3662ms)
gateway-web	Run node city/test-all.mjs	2026-10-05T10:59:53.3922707Z ✔ the donor vocabulary is seven checks plus four theme checks (2.7878ms)
gateway-web	Run node city/test-all.mjs	2026-10-05T10:59:53.3930919Z ✔ no observations means NOT_RUN, not a pass, and release is blocked (1.4533ms)
gateway-web	Run node city/test-all.mjs	2026-10-05T10:59:53.3935366Z ✔ a fully evidenced candidate is released with every check named (0.8273ms)
gateway-web	Run node city/test-all.mjs	2026-10-05T10:59:53.3939274Z ✔ a partial context reports exactly what is still owed (0.3033ms)
gateway-web	Run node city/test-all.mjs	2026-10-05T10:59:53.3940513Z ✔ a removal check that could not run is NOT_RUN, never PASS (1.306ms)
gateway-web	Run node city/test-all.mjs	2026-10-05T10:59:53.3946473Z ✔ unapproved removals fail the destructive-change check and name the kind (0.3966ms)
gateway-web	Run node city/test-all.mjs	2026-10-05T10:59:53.3947898Z ✔ coverage below 100% fails and reports the ratio (0.3746ms)
gateway-web	Run node city/test-all.mjs	2026-10-05T10:59:53.3949100Z ✔ an empty goal fails even when requirements are listed (0.3009ms)
gateway-web	Run node city/test-all.mjs	2026-10-05T10:59:53.3969386Z ✔ a deliverable with no serving requirement fails the goal check (0.3422ms)
gateway-web	Run node city/test-all.mjs	2026-10-05T10:59:53.3970533Z ✔ scope violations and refusals fail the scope check (0.71ms)
gateway-web	Run node city/test-all.mjs	2026-10-05T10:59:53.3986500Z ✔ an empty evidence ledger fails completeness even with nothing outstanding (0.3836ms)
gateway-web	Run node city/test-all.mjs	2026-10-05T10:59:53.3987805Z ✔ an Owner override must be lexically reflected in the work (0.9368ms)
gateway-web	Run node city/test-all.mjs	2026-10-05T10:59:53.3989435Z ✔ a touched theme lane requires the four theme checks even when nothing was read (0.3554ms)
gateway-web	Run node city/test-all.mjs	2026-10-05T10:59:53.3991237Z ✔ readable theme packages produce real theme verdicts (0.6662ms)
gateway-web	Run node city/test-all.mjs	2026-10-05T10:59:53.3992751Z ✔ a non-built-in theme with diagnostics is not judged on built-in integrity (0.5739ms)
gateway-web	Run node city/test-all.mjs	2026-10-05T10:59:53.3994172Z ✔ termsOf keeps runs of four or more alphanumerics and deduplicates (0.4366ms)
gateway-web	Run node city/test-all.mjs	2026-10-05T10:59:53.3995290Z ✔ the result factories shape their inputs (0.3308ms)
gateway-web	Run node city/test-all.mjs	2026-10-05T10:59:53.4121500Z ✔ the §33 vocabularies are declared exactly as the donor declares them (4.5807ms)
gateway-web	Run node city/test-all.mjs	2026-10-05T10:59:53.4124417Z ✔ every class the donor can produce is classified with its own confidence, severity and reason (5.3042ms)
gateway-web	Run node city/test-all.mjs	2026-10-05T10:59:53.4129416Z ✔ the ladder is decided most-authoritative-first, not by whichever pattern is easiest (1.4527ms)
gateway-web	Run node city/test-all.mjs	2026-10-05T10:59:53.4136134Z ✔ a rule whose host-verified precondition is absent does not fire (0.7279ms)
gateway-web	Run node city/test-all.mjs	2026-10-05T10:59:53.4137988Z ✔ a gate that failed with no signature is classified from the gate itself (0.4838ms)
gateway-web	Run node city/test-all.mjs	2026-10-05T10:59:53.4139660Z ✔ an observation with no signal at all is UNKNOWN, not the most convenient class (0.3757ms)
gateway-web	Run node city/test-all.mjs	2026-10-05T10:59:53.4152365Z ✔ an unlisted TS error code is a dependency when no module was confirmed missing (0.2723ms)
gateway-web	Run node city/test-all.mjs	2026-10-05T10:59:53.4161904Z ✔ the classifier reads the provider fields, not only the detail (0.29ms)
gateway-web	Run node city/test-all.mjs	2026-10-05T10:59:53.4170461Z ✔ a plan exists for every class, walks the whole ladder, and always ends at the Hard Blocker (2.2994ms)
gateway-web	Run node city/test-all.mjs	2026-10-05T10:59:53.4187324Z ✔ an inapplicable step keeps its donor reason rather than being dropped (0.6232ms)
gateway-web	Run node city/test-all.mjs	2026-10-05T10:59:53.4189246Z ✔ a TERMINAL failure has no applicable step but the Hard Blocker, and is never planned for retry (0.5471ms)
gateway-web	Run node city/test-all.mjs	2026-10-05T10:59:53.4190781Z ✔ the THEME class carries §33.2's own ladder (0.2514ms)
gateway-web	Run node city/test-all.mjs	2026-10-05T10:59:53.4193019Z ✔ progress offers the next step while its budget remains, and moves on at the exact boundary (0.527ms)
gateway-web	Run node city/test-all.mjs	2026-10-05T10:59:53.4194525Z ✔ the ladder is not advisory: a later step is never offered while a cheaper one has budget (0.2886ms)
gateway-web	Run node city/test-all.mjs	2026-10-05T10:59:53.4197323Z ✔ a PASS still spends the budget, because the run advances on attempts made (0.8877ms)
gateway-web	Run node city/test-all.mjs	2026-10-05T10:59:53.4202700Z ✔ a class with no applicable step reports the reason for its first skipped step (0.2894ms)
gateway-web	Run node city/test-all.mjs	2026-10-05T10:59:53.4214917Z ✔ the shape helpers construct the donor shapes and copy their lists (0.4941ms)
gateway-web	Run node city/test-all.mjs	2026-10-05T10:59:53.4217649Z ✔ the shape validators refuse a field that lies about its type, without inventing new rules (1.8257ms)
gateway-web	Run node city/test-all.mjs	2026-10-05T10:59:53.4219473Z ✔ the ported functions refuse a classification that is not one of §33.1's classes (0.2664ms)
gateway-web	Run node city/test-all.mjs	2026-10-05T10:59:53.4920653Z ✔ the policy constants are the donor constants (2.24ms)
gateway-web	Run node city/test-all.mjs	2026-10-05T10:59:53.4923810Z ✔ clamp01 clamps the range and treats a non-finite value as zero (0.2474ms)
gateway-web	Run node city/test-all.mjs	2026-10-05T10:59:53.4925335Z ✔ expectedUtility scores the neutral prior exactly (0.3412ms)
gateway-web	Run node city/test-all.mjs	2026-10-05T10:59:53.4928107Z ✔ expectedUtility charges the latency term only when latency is defined (0.2868ms)
gateway-web	Run node city/test-all.mjs	2026-10-05T10:59:53.4937063Z ✔ expectedUtility charges the resource term only when it is defined (0.3225ms)
gateway-web	Run node city/test-all.mjs	2026-10-05T10:59:53.4947788Z ✔ expectedUtility clamps every out-of-range input (0.2249ms)
gateway-web	Run node city/test-all.mjs	2026-10-05T10:59:53.4953988Z ✔ expectedUtility rounds to four decimals with Number(toFixed(4)) (0.2776ms)
gateway-web	Run node city/test-all.mjs	2026-10-05T10:59:53.4955985Z ✔ the adaptive value shapes validate scores, decisions and rerank results (1.8511ms)
gateway-web	Run node city/test-all.mjs	2026-10-05T10:59:53.5172586Z ✔ the routing vocabulary is the donor vocabulary, with an unobserved default (3.4257ms)
gateway-web	Run node city/test-all.mjs	2026-10-05T10:59:53.5174463Z ✔ states that cannot accept work are excluded with their reason (0.6258ms)
gateway-web	Run node city/test-all.mjs	2026-10-05T10:59:53.5181340Z ✔ blocked never lists a capability exclusion, even when both exclusion kinds occur (0.353ms)
gateway-web	Run node city/test-all.mjs	2026-10-05T10:59:53.5183692Z ✔ a missing requirement is named in full, and an unobserved state is UNKNOWN (0.3741ms)
gateway-web	Run node city/test-all.mjs	2026-10-05T10:59:53.5185136Z ✔ candidate order is preserved and empty requirements admit state-eligible candidates (0.3029ms)
gateway-web	Run node city/test-all.mjs	2026-10-05T10:59:53.5186896Z ✔ self-inspection reports every capability in the donor order from observed facts only (0.8087ms)
gateway-web	Run node city/test-all.mjs	2026-10-05T10:59:53.5188349Z ✔ an unobserved web-AI provider and an absent GPU are never READY (0.4178ms)
gateway-web	Run node city/test-all.mjs	2026-10-05T10:59:53.5189825Z ✔ compute FAILED fails the node, memory DEGRADED degrades it, READY needs neither (0.4979ms)
gateway-web	Run node city/test-all.mjs	2026-10-05T10:59:53.5191328Z ✔ inspectNode derives the verdicts and the node state once, from one record (0.6073ms)
gateway-web	Run node city/test-all.mjs	2026-10-05T10:59:53.5194635Z ✔ the self-inspection value shapes validate observed records (2.6541ms)
gateway-web	Run node city/test-all.mjs	2026-10-05T10:59:53.5284125Z ✔ RS-202 scenario: several devices submitting at once cannot double-execute the same subject (2.1079ms)
gateway-web	Run node city/test-all.mjs	2026-10-05T10:59:53.5287948Z ✔ RS-202 scenario: a RETRY is idempotent while a second device on the same work is not (0.3765ms)
gateway-web	Run node city/test-all.mjs	2026-10-05T10:59:53.5290231Z ✔ RS-202 scenario: a heavily loaded device is paused while its peers stay eligible (1.4081ms)
gateway-web	Run node city/test-all.mjs	2026-10-05T10:59:53.5292160Z ✔ RS-202 scenario: a congested provider session is queued or diverted, never terminal (0.6156ms)
gateway-web	Run node city/test-all.mjs	2026-10-05T10:59:53.5342654Z ✔ RS-202 scenario: a device that drops offline is unreachable, and its return wakes the re-scan (9.2914ms)
gateway-web	Run node city/test-all.mjs	2026-10-05T10:59:53.5352752Z ✔ RS-202 scenario: a claim survives a dropout by TRANSFER, and the old holder cannot retry it (0.8942ms)
gateway-web	Run node city/test-all.mjs	2026-10-05T10:59:53.5356027Z ✔ RS-202 scenario: an eligible set going 0 -> 1 is a TEMPORARY absence that then wakes on an event (2.7876ms)
gateway-web	Run node city/test-all.mjs	2026-10-05T10:59:53.5361400Z ✔ RS-202 scenario: a flapping pool cannot move work that is already claimed (1.1332ms)
gateway-web	Run node city/test-all.mjs	2026-10-05T10:59:53.6060061Z ✔ the heartbeat windows are the donor constants (3.1398ms)
gateway-web	Run node city/test-all.mjs	2026-10-05T10:59:53.6079438Z ✔ node state is derived from the heartbeat age at exact boundaries (0.3703ms)
gateway-web	Run node city/test-all.mjs	2026-10-05T10:59:53.6087306Z ✔ work is accepted by state and by every required capability, never by assumption (0.4069ms)
gateway-web	Run node city/test-all.mjs	2026-10-05T10:59:53.6103148Z ✔ first-fit routing walks nodes in join order and records the placement (0.7086ms)
gateway-web	Run node city/test-all.mjs	2026-10-05T10:59:53.6106481Z ✔ no eligible node queues the task with an honest note instead of a placement (0.4258ms)
gateway-web	Run node city/test-all.mjs	2026-10-05T10:59:53.6127927Z ✔ dropout leaves unrelated and completed work untouched, by identity (0.4878ms)
gateway-web	Run node city/test-all.mjs	2026-10-05T10:59:53.6149360Z ✔ checkpointed work transfers back to the queue with its checkpoint (0.3943ms)
gateway-web	Run node city/test-all.mjs	2026-10-05T10:59:53.6151133Z ✔ replay-safe work is reassigned; unsafe work fails without bumping attempts (0.3187ms)
gateway-web	Run node city/test-all.mjs	2026-10-05T10:59:53.6152676Z ✔ dropout resolves each assignment independently in one pass (0.4503ms)
gateway-web	Run node city/test-all.mjs	2026-10-05T10:59:53.6166643Z ✔ the value shape validators accept honest records and refuse invented ones (1.2819ms)
gateway-web	Run node city/test-all.mjs	2026-10-05T10:59:53.6410126Z ✔ RS-202: the first selection is ADOPTED immediately, because a non-flap should not pay latency (2.786ms)
gateway-web	Run node city/test-all.mjs	2026-10-05T10:59:53.6439563Z ✔ RS-202: a single different reading never moves work - persistence is required (2.2772ms)
gateway-web	Run node city/test-all.mjs	2026-10-05T10:59:53.6441943Z ✔ RS-202: two consecutive confirmations satisfy persistence but the DWELL still suppresses (0.5524ms)
gateway-web	Run node city/test-all.mjs	2026-10-05T10:59:53.6445015Z ✔ RS-202: past the dwell a persistent alternative switches, exactly once (0.4984ms)
gateway-web	Run node city/test-all.mjs	2026-10-05T10:59:53.6447235Z ✔ RS-202: an ALTERNATING pool never earns a switch - the anti-flap case itself (0.3671ms)
gateway-web	Run node city/test-all.mjs	2026-10-05T10:59:53.6452940Z ✔ RS-202: with nothing eligible the decision HOLDS rather than moving to nothing (0.3473ms)
gateway-web	Run node city/test-all.mjs	2026-10-05T10:59:53.6457412Z ✔ RS-202: subjects are damped independently, so one task cannot suppress another (0.2954ms)
gateway-web	Run node city/test-all.mjs	2026-10-05T10:59:53.6460449Z ✔ RS-202: the damping policy and decision vocabulary are inspectable, and flapping is measurable (1.5936ms)
gateway-web	Run node city/test-all.mjs	2026-10-05T10:59:53.6476946Z ✔ RS-202: load is a VECTOR and a full vector yields a known pressure (3.2835ms)
gateway-web	Run node city/test-all.mjs	2026-10-05T10:59:53.6478545Z ✔ RS-202: a partial load vector is reported as PARTIAL, with the unobserved dimensions named (0.4125ms)
gateway-web	Run node city/test-all.mjs	2026-10-05T10:59:53.6492271Z ✔ RS-202: an absent or empty load vector is UNKNOWN, never zero (0.4919ms)
gateway-web	Run node city/test-all.mjs	2026-10-05T10:59:53.6501298Z ✔ RS-202: a single saturated dimension BINDS, so idle dimensions cannot dilute it (1.0333ms)
gateway-web	Run node city/test-all.mjs	2026-10-05T10:59:53.6517705Z ✔ RS-202: UNKNOWN load makes a device INELIGIBLE - absence is not spare capacity (0.2663ms)
gateway-web	Run node city/test-all.mjs	2026-10-05T10:59:53.6525286Z ✔ RS-202: load at or above the pause threshold pauses placement (0.2942ms)
gateway-web	Run node city/test-all.mjs	2026-10-05T10:59:53.6537939Z ✔ RS-202: a user-disabled device is refused, and an unreadable enablement is refused too (0.5242ms)
gateway-web	Run node city/test-all.mjs	2026-10-05T10:59:53.6542029Z ✔ RS-202: eligibility precedence is ordered, so the reported reason is the actionable one (0.5841ms)
gateway-web	Run node city/test-all.mjs	2026-10-05T10:59:53.6555558Z ✔ RS-202: refusing and unreachable states come from the fleet/presence vocabularies, not a new one (0.6131ms)
gateway-web	Run node city/test-all.mjs	2026-10-05T10:59:53.6560684Z ✔ RS-202: session and provider concurrency ceilings are enforced independently (0.4336ms)
gateway-web	Run node city/test-all.mjs	2026-10-05T10:59:53.6564288Z ✔ RS-202: a reachable but BUSY device is momentarily unsuitable rather than ineligible (0.2932ms)
gateway-web	Run node city/test-all.mjs	2026-10-05T10:59:53.6567010Z ✔ RS-202: policy exclusion is reported as policy rather than hidden behind a resource reason (0.2113ms)
gateway-web	Run node city/test-all.mjs	2026-10-05T10:59:53.6570708Z ✔ RS-202: every verdict is explainable - it carries its reasons and the evidence for them (0.2948ms)
gateway-web	Run node city/test-all.mjs	2026-10-05T10:59:53.6585344Z ✔ RS-202: the pressure input bundle exposes all six named factors in one place (0.3808ms)
gateway-web	Run node city/test-all.mjs	2026-10-05T10:59:53.6593857Z ✔ RS-202: eligibility stays a SCHEDULABILITY decision and never touches permission or trust (0.348ms)
gateway-web	Run node city/test-all.mjs	2026-10-05T10:59:53.7187609Z ✔ RS-202: an already-eligible key resolves IMMEDIATELY without waiting at all (1.4756ms)
gateway-web	Run node city/test-all.mjs	2026-10-05T10:59:53.7212894Z ✔ RS-202: an EVENT wake is the primary mechanism, and it beats the ceiling (7.0234ms)
gateway-web	Run node city/test-all.mjs	2026-10-05T10:59:53.7230659Z ✔ RS-202: a signal that changes NOTHING must not wake the waiter - the re-scan-storm guard (2.019ms)
gateway-web	Run node city/test-all.mjs	2026-10-05T10:59:53.7586609Z ✔ RS-202: the CEILING is a backstop that prompts a re-scan instead of hanging forever (32.377ms)
gateway-web	Run node city/test-all.mjs	2026-10-05T10:59:53.7593992Z ✔ RS-202: the default ceiling is the 20-minute policy figure and is a bound, not an interval (0.613ms)
gateway-web	Run node city/test-all.mjs	2026-10-05T10:59:53.7608240Z ✔ RS-202: signals are scoped to their key, so one pool cannot wake another pool waiters (3.9175ms)
gateway-web	Run node city/test-all.mjs	2026-10-05T10:59:53.7627901Z ✔ RS-202: a predicate that throws degrades to not-eligible instead of breaking the main path (1.3376ms)
gateway-web	Run node city/test-all.mjs	2026-10-05T10:59:53.7641442Z ✔ RS-202: cancellation resolves every waiter and reports that no re-scan is required (1.4457ms)
gateway-web	Run node city/test-all.mjs	2026-10-05T10:59:53.7860498Z ✔ RS-202: no wake path can ever report a terminal failure (21.8704ms)
gateway-web	Run node city/test-all.mjs	2026-10-05T10:59:53.8002522Z ✔ RS-202: an eligible current device runs DIRECTLY, without offering anything (2.8036ms)
gateway-web	Run node city/test-all.mjs	2026-10-05T10:59:53.8004429Z ✔ RS-202: an unavailable current device produces a SWITCH OFFER that is data, not an action (0.3755ms)
gateway-web	Run node city/test-all.mjs	2026-10-05T10:59:53.8006170Z ✔ RS-202: the offer is made BEFORE any queueing, so the user gets the choice first (0.5659ms)
gateway-web	Run node city/test-all.mjs	2026-10-05T10:59:53.8007746Z ✔ RS-202: after a declined switch the sequence diverts to an eligible alternate device (0.3958ms)
gateway-web	Run node city/test-all.mjs	2026-10-05T10:59:53.8009629Z ✔ RS-202: with no spare candidate the sequence QUEUES with a bounded, event-driven deadline (0.5329ms)
gateway-web	Run node city/test-all.mjs	2026-10-05T10:59:53.8011065Z ✔ RS-202: TRANSIENT no-resource is never a terminal failure (0.3123ms)
gateway-web	Run node city/test-all.mjs	2026-10-05T10:59:53.8012431Z ✔ RS-202: ineligibility and temporary absence are DIFFERENT facts, not one bucket (0.4794ms)
gateway-web	Run node city/test-all.mjs	2026-10-05T10:59:53.8014399Z ✔ RS-202: an empty pool is an absence of candidates rather than a refusal of them (0.2078ms)
gateway-web	Run node city/test-all.mjs	2026-10-05T10:59:53.8015903Z ✔ RS-202: retry is bounded and reaching the bound still does not end the task (0.4046ms)
gateway-web	Run node city/test-all.mjs	2026-10-05T10:59:53.8017579Z ✔ RS-202: the result always returns to the ORIGIN device on every path (0.5918ms)
gateway-web	Run node city/test-all.mjs	2026-10-05T10:59:53.8019205Z ✔ RS-202: the stage vocabulary is ordered as data, and the reason sets do not overlap (1.1861ms)
gateway-web	Run node city/test-all.mjs	2026-10-05T10:59:53.8020763Z ✔ the composition rule is fixed: escape beats protected beats clean (5.7135ms)
gateway-web	Run node city/test-all.mjs	2026-10-05T10:59:53.8022330Z ✔ assessPaths treats anything unresolvable as an escape, never as unprotected (1.6371ms)
gateway-web	Run node city/test-all.mjs	2026-10-05T10:59:53.8023901Z ✔ a rename is classified on both endpoints and a delete like a write (2.6672ms)
gateway-web	Run node city/test-all.mjs	2026-10-05T10:59:53.8025375Z ✔ assessChangeSet reads repo-relative diff names and skips blanks (0.7898ms)
gateway-web	Run node city/test-all.mjs	2026-10-05T10:59:53.8026817Z ✔ reasons list at most five escapes and at most ten protected hits (0.5131ms)
gateway-web	Run node city/test-all.mjs	2026-10-05T10:59:53.8036181Z ✔ patterns() is the compiled surface in order, immutable manifest first (1.1359ms)
gateway-web	Run node city/test-all.mjs	2026-10-05T10:59:53.8051998Z ✔ one-shot assessment needs a resolver too, and the guard is deterministic (0.5073ms)
gateway-web	Run node city/test-all.mjs	2026-10-05T10:59:53.8059872Z ✔ the guard carries no fs, realpath or CODEOWNERS loading of its own (12.2996ms)
gateway-web	Run node city/test-all.mjs	2026-10-05T10:59:53.8577506Z ✔ the classifier compiles only the patterns the caller supplies (10.2788ms)
gateway-web	Run node city/test-all.mjs	2026-10-05T10:59:53.8589580Z ✔ the CODEOWNERS subset grammar matches exactly the vectors the donor documents (1.9385ms)
gateway-web	Run node city/test-all.mjs	2026-10-05T10:59:53.8594052Z ✔ a directory pattern protects the entry itself and everything beneath it (0.4254ms)
gateway-web	Run node city/test-all.mjs	2026-10-05T10:59:53.8601936Z ✔ a bare double-star pattern behaves as the donor implements it (0.5238ms)
gateway-web	Run node city/test-all.mjs	2026-10-05T10:59:53.8604220Z ✔ matching is case-insensitive by default and can be tightened (0.631ms)
gateway-web	Run node city/test-all.mjs	2026-10-05T10:59:53.8611371Z ✔ one rule per path, and a repeated path is counted once (0.4168ms)
gateway-web	Run node city/test-all.mjs	2026-10-05T10:59:53.8625157Z ✔ the rename/delete evidence contract: `also` is assessed as well as `paths` (0.4339ms)
gateway-web	Run node city/test-all.mjs	2026-10-05T10:59:53.8627108Z ✔ normalizeRepoPath accepts repo-relative input and refuses anything that escapes (0.3135ms)
gateway-web	Run node city/test-all.mjs	2026-10-05T10:59:53.8635688Z ✔ absolute paths, escapes and non-strings become escapes, never silent passes (1.4438ms)
gateway-web	Run node city/test-all.mjs	2026-10-05T10:59:53.8637351Z ✔ CODEOWNERS parsing keeps only patterns that carry an owner (1.1232ms)
gateway-web	Run node city/test-all.mjs	2026-10-05T10:59:53.9037674Z ✔ the declared lifecycle is the donor order and ends in the terminal state (3.2334ms)
gateway-web	Run node city/test-all.mjs	2026-10-05T10:59:53.9042280Z ✔ every edge table entry agrees with the declared order and the event tables (0.3773ms)
gateway-web	Run node city/test-all.mjs	2026-10-05T10:59:53.9048414Z ✔ the lifecycle walks forward one declared state at a time and never jumps (1.3618ms)
gateway-web	Run node city/test-all.mjs	2026-10-05T10:59:53.9060037Z ✔ ACCEPTED cannot be left by any event, including REPAIR (0.3493ms)
gateway-web	Run node city/test-all.mjs	2026-10-05T10:59:53.9064249Z ✔ a refused event keeps the current state and reports the allowed set (0.3024ms)
gateway-web	Run node city/test-all.mjs	2026-10-05T10:59:53.9072418Z ✔ REPAIR moves exactly one step back and is reported as a repair (0.3392ms)
gateway-web	Run node city/test-all.mjs	2026-10-05T10:59:53.9076409Z ✔ CANDIDATE is reachable but is not a release (1.3035ms)
gateway-web	Run node city/test-all.mjs	2026-10-05T10:59:53.9085173Z ✔ a record built without a clock is deterministic and copies its inputs (0.3838ms)
gateway-web	Run node city/test-all.mjs	2026-10-05T10:59:53.9091454Z ✔ candidateIdFor is stable and independent of requirement order (1.3603ms)
gateway-web	Run node city/test-all.mjs	2026-10-05T10:59:53.9099678Z ✔ lifecycleStep validates its shape instead of accepting a nameless step (1.2832ms)
gateway-web	Run node city/test-all.mjs	2026-10-05T10:59:53.9105430Z ✔ the walker refuses unknown states and events rather than guessing (0.3221ms)
gateway-web	Run node city/test-all.mjs	2026-10-05T10:59:53.9558826Z ✔ an IP or hostname change does not change device_id (7.4519ms)
gateway-web	Run node city/test-all.mjs	2026-10-05T10:59:53.9565835Z ✔ metadata is declared non-authoritative and device_id is not derived from it (1.3308ms)
gateway-web	Run node city/test-all.mjs	2026-10-05T10:59:53.9576720Z ✔ a device with no network observation at all is valid (network is not required for identity) (0.5548ms)
gateway-web	Run node city/test-all.mjs	2026-10-05T10:59:53.9578175Z ✔ rename changes display metadata without changing authority (0.6948ms)
gateway-web	Run node city/test-all.mjs	2026-10-05T10:59:53.9585619Z ✔ rename does not mutate the document it was given (0.6091ms)
gateway-web	Run node city/test-all.mjs	2026-10-05T10:59:53.9644517Z ✔ two devices may share a display name: a name is never an identity (0.4961ms)
gateway-web	Run node city/test-all.mjs	2026-10-05T10:59:53.9649383Z ✔ an empty or non-string rename is refused (1.6944ms)
gateway-web	Run node city/test-all.mjs	2026-10-05T10:59:53.9658690Z ✔ key rotation moves activeKeyId and demotes the previous key to ROTATED history (0.6564ms)
gateway-web	Run node city/test-all.mjs	2026-10-05T10:59:53.9660693Z ✔ a rotated key is no longer authority even though it is still recorded (0.7657ms)
gateway-web	Run node city/test-all.mjs	2026-10-05T10:59:53.9701564Z ✔ a device always has exactly one active key and it always exists (1.3935ms)
gateway-web	Run node city/test-all.mjs	2026-10-05T10:59:53.9718442Z ✔ a duplicate key handle is refused (0.3372ms)
gateway-web	Run node city/test-all.mjs	2026-10-05T10:59:53.9726194Z ✔ revoking the active key is refused; a rotated key may be revoked (0.6227ms)
gateway-web	Run node city/test-all.mjs	2026-10-05T10:59:53.9728614Z ✔ a retired device cannot rotate a key (0.3606ms)
gateway-web	Run node city/test-all.mjs	2026-10-05T10:59:53.9740751Z ✔ retirement is terminal and recorded with its instant (0.3247ms)
gateway-web	Run node city/test-all.mjs	2026-10-05T10:59:53.9763713Z ✔ a reinstall mints a new installation_id and does not inherit the logical device (1.3257ms)
gateway-web	Run node city/test-all.mjs	2026-10-05T10:59:53.9768866Z ✔ an unbound reinstalled installation can do nothing until it is explicitly rebound (0.7835ms)
gateway-web	Run node city/test-all.mjs	2026-10-05T10:59:53.9770872Z ✔ rebinding requires explicit proof and refuses to invent it (0.6842ms)
gateway-web	Run node city/test-all.mjs	2026-10-05T10:59:53.9776753Z ✔ an explicit rebind binds the reinstalled installation to the surviving logical device (0.4368ms)
gateway-web	Run node city/test-all.mjs	2026-10-05T10:59:53.9781017Z ✔ an installation already bound to one device cannot be re-pointed at another (0.2829ms)
gateway-web	Run node city/test-all.mjs	2026-10-05T10:59:53.9789785Z ✔ a reinstall must actually mint new identities (0.387ms)
gateway-web	Run node city/test-all.mjs	2026-10-05T10:59:53.9791040Z ✔ enrollment refuses to create a bound installation without a device (0.5011ms)
gateway-web	Run node city/test-all.mjs	2026-10-05T10:59:53.9792226Z ✔ a credential presented from a different physical instance is detected as a clone (0.3025ms)
gateway-web	Run node city/test-all.mjs	2026-10-05T10:59:53.9793173Z ✔ a matching presentation is accepted (0.2107ms)
gateway-web	Run node city/test-all.mjs	2026-10-05T10:59:53.9794058Z ✔ a wrong credential is reported as a mismatch, not as a clone (0.2197ms)
gateway-web	Run node city/test-all.mjs	2026-10-05T10:59:53.9795163Z ✔ an unknown installation id is refused before anything else is considered (0.2683ms)
gateway-web	Run node city/test-all.mjs	2026-10-05T10:59:53.9796225Z ✔ a malformed presentation is refused without throwing (0.3956ms)
gateway-web	Run node city/test-all.mjs	2026-10-05T10:59:53.9797356Z ✔ quarantining a cloned installation is terminal and cannot be undone by the clone (0.7016ms)
gateway-web	Run node city/test-all.mjs	2026-10-05T10:59:53.9798637Z ✔ a retired installation is refused even when the credential still matches (0.4422ms)
gateway-web	Run node city/test-all.mjs	2026-10-05T10:59:53.9799974Z ✔ a retired installation cannot be quarantined, so history is not rewritten (0.3172ms)
gateway-web	Run node city/test-all.mjs	2026-10-05T10:59:53.9801455Z ✔ a population scan finds two records sharing one installation identity under two instances (0.4411ms)
gateway-web	Run node city/test-all.mjs	2026-10-05T10:59:53.9803336Z ✔ a population scan finds one installation identity carrying two credential fingerprints (1.2199ms)
gateway-web	Run node city/test-all.mjs	2026-10-05T10:59:53.9806965Z ✔ a population scan reports nothing for a healthy population (0.2942ms)
gateway-web	Run node city/test-all.mjs	2026-10-05T10:59:53.9809620Z ✔ a population scan refuses a malformed record instead of ignoring it (0.3035ms)
gateway-web	Run node city/test-all.mjs	2026-10-05T10:59:53.9817296Z ✔ a missing MAC does not block a valid pairing path (0.5196ms)
gateway-web	Run node city/test-all.mjs	2026-10-05T10:59:53.9822412Z ✔ a randomised MAC does not block a valid pairing path (0.35ms)
gateway-web	Run node city/test-all.mjs	2026-10-05T10:59:53.9828477Z ✔ MAC randomisation is recognised from the locally-administered bit, not from a guess (0.2697ms)
gateway-web	Run node city/test-all.mjs	2026-10-05T10:59:53.9859170Z ✔ MAC formatting, case and separators are normalised and never rejected (0.176ms)
gateway-web	Run node city/test-all.mjs	2026-10-05T10:59:53.9860547Z ✔ multiple NICs are all representable and none of them is privileged (0.1848ms)
gateway-web	Run node city/test-all.mjs	2026-10-05T10:59:53.9865643Z ✔ spoofed MAC evidence alone cannot impersonate a trusted node (0.1571ms)
gateway-web	Run node city/test-all.mjs	2026-10-05T10:59:53.9867395Z ✔ MAC never enters an authority-bearing field of a device document (0.5162ms)
gateway-web	Run node city/test-all.mjs	2026-10-05T10:59:53.9869072Z ✔ the document discriminators keep a device and an installation distinguishable (0.3626ms)
gateway-web	Run node city/test-all.mjs	2026-10-05T10:59:53.9870621Z ✔ a wrong schema version is refused by both validators (0.6325ms)
gateway-web	Run node city/test-all.mjs	2026-10-05T10:59:53.9872368Z ✔ malformed device records are refused with a specific code (0.571ms)
gateway-web	Run node city/test-all.mjs	2026-10-05T10:59:53.9873878Z ✔ malformed installation records are refused with a specific code (0.7493ms)
gateway-web	Run node city/test-all.mjs	2026-10-05T10:59:53.9875348Z ✔ the assert helpers throw with the validator code attached (0.2871ms)
gateway-web	Run node city/test-all.mjs	2026-10-05T10:59:53.9877141Z ✔ a v1 document migrates to itself and is reported as unmigrated (0.4079ms)
gateway-web	Run node city/test-all.mjs	2026-10-05T10:59:53.9878571Z ✔ a live gateway node row upgrades to a v1 device identity (0.3031ms)
gateway-web	Run node city/test-all.mjs	2026-10-05T10:59:53.9886898Z ✔ a legacy row with no key material yields a placeholder reference, not an invented key (0.3995ms)
gateway-web	Run node city/test-all.mjs	2026-10-05T10:59:53.9890138Z ✔ an unknown future schema version is refused rather than guessed at (0.2081ms)
gateway-web	Run node city/test-all.mjs	2026-10-05T10:59:53.9907145Z ✔ a legacy row whose id is not a device identity is refused (0.1836ms)
gateway-web	Run node city/test-all.mjs	2026-10-05T10:59:53.9910178Z ✔ a migration requires an instant because it must not read the clock itself (0.1621ms)
gateway-web	Run node city/test-all.mjs	2026-10-05T10:59:53.9913001Z ✔ canonical serialisation is independent of key insertion order (0.6132ms)
gateway-web	Run node city/test-all.mjs	2026-10-05T10:59:53.9928433Z ✔ a rename changes the digest but not the device id (0.3526ms)
gateway-web	Run node city/test-all.mjs	2026-10-05T10:59:53.9932736Z ✔ the serialised identity is a JSON document carrying exactly the declared fields (0.3262ms)
gateway-web	Run node city/test-all.mjs	2026-10-05T10:59:53.9935926Z ✔ a credential secret never appears in a serialised installation document (0.3819ms)
gateway-web	Run node city/test-all.mjs	2026-10-05T10:59:53.9937554Z ✔ credential fingerprints are reproducible and secret-specific (0.2713ms)
gateway-web	Run node city/test-all.mjs	2026-10-05T10:59:53.9939096Z ✔ a secret is refused everywhere a fingerprint is offered in its place (0.2268ms)
gateway-web	Run node city/test-all.mjs	2026-10-05T10:59:53.9940410Z ✔ minting refuses entropy that is not exactly 16 bytes (0.3326ms)
gateway-web	Run node city/test-all.mjs	2026-10-05T10:59:53.9942801Z ✔ minted ids carry their type prefix and 32 hex digits (0.1866ms)
gateway-web	Run node city/test-all.mjs	2026-10-05T10:59:53.9944252Z ✔ minting is pure: the same entropy yields the same id, different entropy does not (0.1678ms)
gateway-web	Run node city/test-all.mjs	2026-10-05T10:59:53.9945633Z ✔ randomEntropy produces 16 usable bytes each call (0.5543ms)
gateway-web	Run node city/test-all.mjs	2026-10-05T10:59:53.9946919Z ✔ instants are parameters and a bad instant is refused with a code (0.3081ms)
gateway-web	Run node city/test-all.mjs	2026-10-05T10:59:53.9948282Z ✔ the metadata builder tolerates a partial observation set (0.156ms)
gateway-web	Run node city/test-all.mjs	2026-10-05T10:59:53.9949949Z ✔ the exported vocabularies are frozen and internally consistent (0.7405ms)
gateway-web	Run node city/test-all.mjs	2026-10-05T10:59:53.9951498Z ✔ every lifecycle refusal raised by the ladder is a declared rejection code (1.1753ms)
gateway-web	Run node city/test-all.mjs	2026-10-05T10:59:53.9952871Z ✔ C1 a retired device cannot present key authority (0.3317ms)
gateway-web	Run node city/test-all.mjs	2026-10-05T10:59:53.9956607Z ✔ C2 a migrated legacy placeholder key is identity, never authentication (0.598ms)
gateway-web	Run node city/test-all.mjs	2026-10-05T10:59:53.9958353Z ✔ C2 every v1 key must state a known material kind (0.2288ms)
gateway-web	Run node city/test-all.mjs	2026-10-05T10:59:53.9959600Z ✔ C3 a reinstall must mint a new installation credential (0.7813ms)
gateway-web	Run node city/test-all.mjs	2026-10-05T10:59:53.9961103Z ✔ C4 a population scan finds one credential shared by two installation identities (0.6498ms)
gateway-web	Run node city/test-all.mjs	2026-10-05T10:59:53.9962785Z ✔ C5 a quarantined installation can be retired and keeps its quarantine evidence (0.4801ms)
gateway-web	Run node city/test-all.mjs	2026-10-05T10:59:53.9964562Z ✔ C5 a reinstall from a quarantined installation works and preserves the quarantine record (0.3758ms)
gateway-web	Run node city/test-all.mjs	2026-10-05T10:59:53.9969737Z ✔ C5 a quarantine block is legal only on a quarantined or already-quarantined-retired record (0.3821ms)
gateway-web	Run node city/test-all.mjs	2026-10-05T10:59:53.9978919Z ✔ C6 MAC pairing evidence accepts one address, several, or none, and refuses other shapes (0.3627ms)
gateway-web	Run node city/test-all.mjs	2026-10-05T10:59:53.9983293Z ✔ C6 every correction refusal code is declared in the rejection vocabulary (0.1355ms)
gateway-web	Run node city/test-all.mjs	2026-10-05T10:59:54.0523536Z ✔ every join entry point feeds the same pairing state machine (7.4036ms)
gateway-web	Run node city/test-all.mjs	2026-10-05T10:59:54.0531299Z ✔ a Bluetooth bootstrap and a remote invite end in the same TRUSTED record (3.066ms)
gateway-web	Run node city/test-all.mjs	2026-10-05T10:59:54.0540097Z ✔ possession of an invite or proximity never becomes trust on its own (0.713ms)
gateway-web	Run node city/test-all.mjs	2026-10-05T10:59:54.0550696Z ✔ both sides present stable fingerprints, and the confirmation is bound to them (1.1365ms)
gateway-web	Run node city/test-all.mjs	2026-10-05T10:59:54.0552576Z ✔ a preview that carries a different fingerprint than the key exchange is refused (0.405ms)
gateway-web	Run node city/test-all.mjs	2026-10-05T10:59:54.0558980Z ✔ both sides reporting the same fingerprint is refused: a pairing needs two peers (0.3519ms)
gateway-web	Run node city/test-all.mjs	2026-10-05T10:59:54.0568950Z ✔ a replayed bootstrap nonce is refused, so an observed handshake cannot be reused (0.5085ms)
gateway-web	Run node city/test-all.mjs	2026-10-05T10:59:54.0572653Z ✔ a confirmation token is single-use even across sessions (0.938ms)
gateway-web	Run node city/test-all.mjs	2026-10-05T10:59:54.0577110Z ✔ a wrong confirmation token is refused and the session stays open (0.9266ms)
gateway-web	Run node city/test-all.mjs	2026-10-05T10:59:54.0583947Z ✔ a session past its deadline cannot advance, whatever the caller tries (0.7928ms)
gateway-web	Run node city/test-all.mjs	2026-10-05T10:59:54.0609318Z ✔ expiry is a fact about the clock, not something a caller can assert (0.4468ms)
gateway-web	Run node city/test-all.mjs	2026-10-05T10:59:54.0614559Z ✔ failed-pair cleanup retires exactly the overdue sessions and nothing else (0.2647ms)
gateway-web	Run node city/test-all.mjs	2026-10-05T10:59:54.0619856Z ✔ the transition table is respected and terminal states are terminal (0.5199ms)
gateway-web	Run node city/test-all.mjs	2026-10-05T10:59:54.0630170Z ✔ reject, cancel and fail are distinct recorded outcomes (1.0757ms)
gateway-web	Run node city/test-all.mjs	2026-10-05T10:59:54.0642909Z ✔ a revoked device cannot reconnect with its old credentials (1.097ms)
gateway-web	Run node city/test-all.mjs	2026-10-05T10:59:54.0650449Z ✔ a lost device loses every trust it holds, and re-pairing needs an explicit decision (1.6695ms)
gateway-web	Run node city/test-all.mjs	2026-10-05T10:59:54.0654597Z ✔ a refusal never leaves the session changed (0.812ms)
gateway-web	Run node city/test-all.mjs	2026-10-05T10:59:54.0658577Z ✔ a pairing can be refused at any phase, and the refusal is recorded (0.7479ms)
gateway-web	Run node city/test-all.mjs	2026-10-05T10:59:54.0662729Z ✔ a quarantined device is refused, and a second trust for one device is refused (0.8335ms)
gateway-web	Run node city/test-all.mjs	2026-10-05T10:59:54.0690282Z ✔ a rotated credential stops working and the refusal names the reason (0.5931ms)
gateway-web	Run node city/test-all.mjs	2026-10-05T10:59:54.0706713Z ✔ an unknown device, a wrong fingerprint and a wrong credential are all refused distinctly (0.5066ms)
gateway-web	Run node city/test-all.mjs	2026-10-05T10:59:54.0758289Z ✔ a trust role change is explicit, auditable and transfers no capability (0.8545ms)
gateway-web	Run node city/test-all.mjs	2026-10-05T10:59:54.0762606Z ✔ a trust role is a classification, never a capability grant (0.4866ms)
gateway-web	Run node city/test-all.mjs	2026-10-05T10:59:54.0771965Z ✔ local MAC evidence may warn a human but never blocks or grants (0.2623ms)
gateway-web	Run node city/test-all.mjs	2026-10-05T10:59:54.0773393Z ✔ a missing or randomised MAC does not obstruct pairing (0.5022ms)
gateway-web	Run node city/test-all.mjs	2026-10-05T10:59:54.0780719Z ✔ MAC evidence can never be turned into trust (0.1636ms)
gateway-web	Run node city/test-all.mjs	2026-10-05T10:59:54.0782167Z ✔ the audit log proves every state transition without carrying key material (1.6428ms)
gateway-web	Run node city/test-all.mjs	2026-10-05T10:59:54.0783756Z ✔ the leak scanner really detects a leak, so its clean answer means something (0.1538ms)
gateway-web	Run node city/test-all.mjs	2026-10-05T10:59:54.0784976Z ✔ the audit log is bounded (1.4528ms)
gateway-web	Run node city/test-all.mjs	2026-10-05T10:59:54.0786212Z ✔ a session document round-trips through validation and refuses malformed input (0.5488ms)
gateway-web	Run node city/test-all.mjs	2026-10-05T10:59:54.0787839Z ✔ a trust record round-trips through validation and refuses malformed input (0.8801ms)
gateway-web	Run node city/test-all.mjs	2026-10-05T10:59:54.0789191Z ✔ a peer session document can be inspected without an authority (0.4309ms)
gateway-web	Run node city/test-all.mjs	2026-10-05T10:59:54.0790514Z ✔ the authority refuses structural nonsense instead of guessing (0.7179ms)
gateway-web	Run node city/test-all.mjs	2026-10-05T10:59:54.0800377Z ✔ confirmation requires a named human actor (1.6703ms)
gateway-web	Run node city/test-all.mjs	2026-10-05T10:59:54.0802930Z ✔ a trust id and a credential must be well formed before any trust exists (0.8401ms)
gateway-web	Run node city/test-all.mjs	2026-10-05T10:59:54.0804356Z ✔ minting is pure and refuses entropy that is not 16 bytes (1.0899ms)
gateway-web	Run node city/test-all.mjs	2026-10-05T10:59:54.0811395Z ✔ randomEntropy produces 16 usable bytes each call (0.4977ms)
gateway-web	Run node city/test-all.mjs	2026-10-05T10:59:54.0813818Z ✔ the exported vocabularies are frozen and internally consistent (0.2443ms)
gateway-web	Run node city/test-all.mjs	2026-10-05T10:59:54.0815356Z ✔ C1 a trusted session is final: expiry and cleanup never rewrite it (0.6791ms)
gateway-web	Run node city/test-all.mjs	2026-10-05T10:59:54.0816906Z ✔ C2 a live re-pair supersedes the previous trust instead of leaving two (0.7827ms)
gateway-web	Run node city/test-all.mjs	2026-10-05T10:59:54.0818630Z ✔ C2 the superseded credential and the replacement credential are both cut off by revocation (0.5406ms)
gateway-web	Run node city/test-all.mjs	2026-10-05T10:59:54.0820318Z ✔ C2 two live records for one device are reported, never silently resolved (0.2541ms)
gateway-web	Run node city/test-all.mjs	2026-10-05T10:59:54.0826969Z ✔ C3 a preview that claims MAC authority, or names a foreign device, is refused (0.3929ms)
gateway-web	Run node city/test-all.mjs	2026-10-05T10:59:54.0830774Z ✔ C3 the authority records its own copy of the preview (0.5487ms)
gateway-web	Run node city/test-all.mjs	2026-10-05T10:59:54.0832508Z ✔ C3 the trusted device must be the device the human was shown (0.8768ms)
gateway-web	Run node city/test-all.mjs	2026-10-05T10:59:54.0834129Z ✔ C4 wrong confirmation tokens are bounded and then fail the session (0.6057ms)
gateway-web	Run node city/test-all.mjs	2026-10-05T10:59:54.0835749Z ✔ C4 re-requesting a different token is refused, and a decoy preview is never success (0.4043ms)
gateway-web	Run node city/test-all.mjs	2026-10-05T10:59:54.0836854Z ✔ C5 a refused startSession does not burn the challenge (0.2382ms)
gateway-web	Run node city/test-all.mjs	2026-10-05T10:59:54.0841576Z ✔ C5 the MAC mismatch flag must be a real boolean (0.3679ms)
gateway-web	Run node city/test-all.mjs	2026-10-05T10:59:54.1036769Z ✔ a capability resolves by name, never by provider identity (3.5737ms)
gateway-web	Run node city/test-all.mjs	2026-10-05T10:59:54.1055023Z ✔ a missing required capability is recorded as a miss and emits, an optional one only records (0.9191ms)
gateway-web	Run node city/test-all.mjs	2026-10-05T10:59:54.1064957Z ✔ a required-capability gate names every capability nothing provides (0.4787ms)
gateway-web	Run node city/test-all.mjs	2026-10-05T10:59:54.1072971Z ✔ one capability has exactly one owner, and a second owner is refused at registration (0.5821ms)
gateway-web	Run node city/test-all.mjs	2026-10-05T10:59:54.1108943Z ✔ the same owner re-registering its own capability is an update, not a conflict (0.3802ms)
gateway-web	Run node city/test-all.mjs	2026-10-05T10:59:54.1131615Z ✔ priority orders providers and the order is total, not insertion order (16.0555ms)
gateway-web	Run node city/test-all.mjs	2026-10-05T10:59:54.1133611Z ✔ a provider that does not say what it can do is refused (0.8457ms)
gateway-web	Run node city/test-all.mjs	2026-10-05T10:59:54.1136462Z ✔ unloading an owner revokes everything it provided, and the miss says why (0.5303ms)
gateway-web	Run node city/test-all.mjs	2026-10-05T10:59:54.1139967Z ✔ revoking one capability is owner-checked (0.3759ms)
gateway-web	Run node city/test-all.mjs	2026-10-05T10:59:54.1145163Z ✔ the lookup log is bounded and returned as copies (0.5441ms)
gateway-web	Run node city/test-all.mjs	2026-10-05T10:59:54.1147136Z ✔ the four lifecycle questions stay separate and the derived state has a fixed order (1.2802ms)
gateway-web	Run node city/test-all.mjs	2026-10-05T10:59:54.1148836Z ✔ a disabled provider is refused a load unless forced, and a second load is a no-op (0.2505ms)
gateway-web	Run node city/test-all.mjs	2026-10-05T10:59:54.1150412Z ✔ a duplicate owner is refused and an unknown owner is a coded refusal, never a throw (0.2268ms)
gateway-web	Run node city/test-all.mjs	2026-10-05T10:59:54.1151797Z ✔ a throwing health probe is contained and never escapes (0.3219ms)
gateway-web	Run node city/test-all.mjs	2026-10-05T10:59:54.1154554Z ✔ an unasked or unparseable health answer stays UNKNOWN, never HEALTHY (0.2588ms)
gateway-web	Run node city/test-all.mjs	2026-10-05T10:59:54.1156162Z ✔ unloading releases the capability and resets the restart budget (0.3981ms)
gateway-web	Run node city/test-all.mjs	2026-10-05T10:59:54.1157726Z ✔ a provider fault is recorded at its declared level and contains the provider (0.5781ms)
gateway-web	Run node city/test-all.mjs	2026-10-05T10:59:54.1160595Z ✔ the health reaction ladder is the donor order: fatal stops, soft ignores, then budget (0.2809ms)
gateway-web	Run node city/test-all.mjs	2026-10-05T10:59:54.1162320Z ✔ the aggregate verdict is blocked, degraded or healthy and names the providers (0.6169ms)
gateway-web	Run node city/test-all.mjs	2026-10-05T10:59:54.1164240Z ✔ a runtime-layer fault is never evidence about the provider (0.7375ms)
gateway-web	Run node city/test-all.mjs	2026-10-05T10:59:54.1165801Z ✔ an explicit refusal inside a successful call is semantic, not a runtime failure (0.1835ms)
gateway-web	Run node city/test-all.mjs	2026-10-05T10:59:54.1167541Z ✔ a deterministic verification or format failure outranks provider behaviour (0.1632ms)
gateway-web	Run node city/test-all.mjs	2026-10-05T10:59:54.1169182Z ✔ an unobservable success is UNCLASSIFIED rather than a fabricated completion (0.1387ms)
gateway-web	Run node city/test-all.mjs	2026-10-05T10:59:54.1171140Z ✔ the classifier walks completion coverage, drift and quality in the donor order (0.3113ms)
gateway-web	Run node city/test-all.mjs	2026-10-05T10:59:54.1172773Z ✔ goal drift is reported, never rewritten (1.4321ms)
gateway-web	Run node city/test-all.mjs	2026-10-05T10:59:54.1174879Z ✔ an evaluator revision is appended and never overwrites the original (0.3703ms)
gateway-web	Run node city/test-all.mjs	2026-10-05T10:59:54.1178442Z ✔ the provider lifecycle is two named states with an explicit autoResume flag (0.2636ms)
gateway-web	Run node city/test-all.mjs	2026-10-05T10:59:54.1181294Z ✔ the runtime outcome maps to a recovery action and a provider update (0.3133ms)
gateway-web	Run node city/test-all.mjs	2026-10-05T10:59:54.1184509Z ✔ the City lifecycle maps onto a routing state and availability is lifecycle-derived (0.8721ms)
gateway-web	Run node city/test-all.mjs	2026-10-05T10:59:54.1186533Z ✔ hard eligibility excludes failed, disabled, recovering and unknown candidates and tracks degraded ones (0.7093ms)
gateway-web	Run node city/test-all.mjs	2026-10-05T10:59:54.1189620Z ✔ an invocation validates the operation against the provider allowlist before any work runs (2.0237ms)
gateway-web	Run node city/test-all.mjs	2026-10-05T10:59:54.1191286Z ✔ a capability whose owner is not accepted answers BRIDGE_PENDING and runs nothing (0.4221ms)
gateway-web	Run node city/test-all.mjs	2026-10-05T10:59:54.1196474Z ✔ a completed invocation carries a stable digest of its canonical result (2.1122ms)
gateway-web	Run node city/test-all.mjs	2026-10-05T10:59:54.1200757Z ✔ a typed error survives, an unknown throw becomes ADAPTER_UNAVAILABLE, and an oversized result is refused (15.2552ms)
gateway-web	Run node city/test-all.mjs	2026-10-05T10:59:54.1204569Z ✔ concurrency is bounded so one caller cannot exhaust the process (0.803ms)
gateway-web	Run node city/test-all.mjs	2026-10-05T10:59:54.1207188Z ✔ a restart marks in-flight invocations INTERRUPTED rather than leaving them running (0.8752ms)
gateway-web	Run node city/test-all.mjs	2026-10-05T10:59:54.1209492Z ✔ a learned ranking may reorder the approved candidates and nothing else (0.9755ms)
gateway-web	Run node city/test-all.mjs	2026-10-05T10:59:54.1213462Z ✔ the fabric reports only the capabilities that exist and revokes with their owner (0.6595ms)
gateway-web	Run node city/test-all.mjs	2026-10-05T10:59:54.1214928Z ✔ the invocation list is bounded and a summary never leaks the stored result (0.8291ms)
gateway-web	Run node city/test-all.mjs	2026-10-05T10:59:54.1216511Z ✔ rendering a lock sorts ids so an unchanged composition keeps the same bytes (1.0632ms)
gateway-web	Run node city/test-all.mjs	2026-10-05T10:59:54.1219775Z ✔ the parser refuses what it does not understand instead of guessing (0.5941ms)
gateway-web	Run node city/test-all.mjs	2026-10-05T10:59:54.1221338Z ✔ drift is an exact owner/version set diff with a reason naming every class (0.5714ms)
gateway-web	Run node city/test-all.mjs	2026-10-05T10:59:54.1222726Z ✔ an absent lock is not drift, an empty write is refused, and enforcement is opt-in (36.0447ms)
gateway-web	Run node city/test-all.mjs	2026-10-05T10:59:54.1226114Z ✔ the fabric contract exposes the donors' vocabulary without inventing new terms (0.3472ms)
gateway-web	Run node city/test-all.mjs	2026-10-05T10:59:54.1406599Z ✔ the live bridgeState derivation is identical to the accepted V0.3 rule for every lifecycle mixture (10.3838ms)
gateway-web	Run node city/test-all.mjs	2026-10-05T10:59:54.1408847Z ✔ the live cityLifecycle derivation is identical to the accepted V0.3 rule for every backed capability (3.2597ms)
gateway-web	Run node city/test-all.mjs	2026-10-05T10:59:54.1410810Z ✔ the empty-moduleRefs case differs from the old rule and is unreachable from the live registry (0.6507ms)
gateway-web	Run node city/test-all.mjs	2026-10-05T10:59:54.5220025Z ✔ same prompt gives byte-stable offline intent; explicit styles change the design (10.0631ms)
gateway-web	Run node city/test-all.mjs	2026-10-05T10:59:54.5222419Z ✔ observation bounds and critical regions constrain placement; missing observation is truthful (5.8318ms)
gateway-web	Run node city/test-all.mjs	2026-10-05T10:59:54.5224393Z ✔ procedural pixels are deterministic and character alpha has real content bounds (138.5136ms)
gateway-web	Run node city/test-all.mjs	2026-10-05T10:59:54.5226633Z ✔ valid injected image is measured and accepted; bad image retries then falls back (155.3027ms)
gateway-web	Run node city/test-all.mjs	2026-10-05T11:00:05.8387111Z ✔ timeout retries and falls back; invalid fallback disables only its asset (140.7183ms)
gateway-web	Run node city/test-all.mjs	2026-10-05T11:00:05.8394226Z ✔ pixel-invalid image falls back and protected surface never calls an image generator (65.489ms)
gateway-web	Run node city/test-all.mjs	2026-10-05T11:00:05.8397554Z ✔ pixel validator refuses opaque characters, flat images, dimension drift and budgets (56.9012ms)
gateway-web	Run node city/test-all.mjs	2026-10-05T11:00:05.8402538Z ✔ builder validates then atomically publishes a stable self-contained sandbox package (5972.5234ms)
gateway-web	Run node city/test-all.mjs	2026-10-05T11:00:05.8409748Z ✔ builder refuses escape, existing output, protected writes, excess overlay and partial failure (2191.004ms)
gateway-web	Run node city/test-all.mjs	2026-10-05T11:00:05.8421856Z ✔ disabled planned assets leave no resurrected token or dangling persona reference (2731.0394ms)
gateway-web	Run node city/test-all.mjs	2026-10-05T11:00:05.8432289Z ✔ empty or malformed observations cannot claim an observed plan (3.6156ms)
gateway-web	Run node city/test-all.mjs	2026-10-05T11:00:05.8434367Z ✔ rejection after final image sizing still retries then tries procedural fallback (159.2517ms)
gateway-web	Run node city/test-all.mjs	2026-10-05T11:00:05.8594642Z ✔ pinned donor intent, token and slot decisions match four frozen oracle vectors (41.8096ms)
gateway-web	Run node city/test-all.mjs	2026-10-05T11:00:05.8596661Z ✔ pinned donor plan vocabulary, asset requests and protected write semantics are preserved (6.9028ms)
gateway-web	Run node city/test-all.mjs	2026-10-05T11:00:05.8599107Z ✔ three original procedural PNG digests, alpha/bounds and pixel verdicts match donor (326.8345ms)
gateway-web	Run node city/test-all.mjs	2026-10-05T11:00:05.8601572Z ✔ colour parsing matches the donor grammar (3.3154ms)
gateway-web	Run node city/test-all.mjs	2026-10-05T11:00:05.8602907Z ✔ colour conversion and alpha compositing match the donor (1.0679ms)
gateway-web	Run node city/test-all.mjs	2026-10-05T11:00:05.8604886Z ✔ contrast, readability and shading match the donor thresholds (1.3507ms)
gateway-web	Run node city/test-all.mjs	2026-10-05T11:00:05.8606423Z ✔ the palette ramp is deterministic and stays inside the gamut (0.7067ms)
gateway-web	Run node city/test-all.mjs	2026-10-05T11:00:05.8607894Z ✔ PNG encoding round-trips through the independent decoder (4.0277ms)
gateway-web	Run node city/test-all.mjs	2026-10-05T11:00:05.8609414Z ✔ PNG encoding rejects impossible images instead of producing them (2.0021ms)
gateway-web	Run node city/test-all.mjs	2026-10-05T11:00:05.8611103Z ✔ the swatch builder is deterministic and honours alpha (1.4933ms)
gateway-web	Run node city/test-all.mjs	2026-10-05T11:00:05.8612331Z ✔ the module is self-contained: built-ins only, no donor checkout dependency (15.7332ms)
gateway-web	Run node city/test-all.mjs	2026-10-05T11:00:05.8614272Z ✔ provenance stays honest: DONOR.json pins the donor and records the adaptation (3.151ms)
gateway-web	Run node city/test-all.mjs	2026-10-05T11:00:05.8615655Z ✔ the contract keeps the safety semantics and drops the donor product nouns (3.3229ms)
gateway-web	Run node city/test-all.mjs	2026-10-05T11:00:05.8616878Z ✔ the write gate refuses a protected surface and never throws (1.054ms)
gateway-web	Run node city/test-all.mjs	2026-10-05T11:00:05.8618537Z ✔ the validator accepts a conforming package and fails closed on every check (13.8716ms)
gateway-web	Run node city/test-all.mjs	2026-10-05T11:00:05.8619696Z ✔ readability and animation are measured, never assumed (1.0952ms)
gateway-web	Run node city/test-all.mjs	2026-10-05T11:00:05.8620855Z ✔ the procedural asset factory is deterministic and palette-sensitive (715.1349ms)
gateway-web	Run node city/test-all.mjs	2026-10-05T11:00:05.8622122Z ✔ the module is self-contained: built-ins only, no donor checkout dependency (16.7341ms)
gateway-web	Run node city/test-all.mjs	2026-10-05T11:00:05.8623423Z ✔ provenance stays honest: DONOR.json records all three waves of this module (1.7455ms)
gateway-web	Run node city/test-all.mjs	2026-10-05T11:00:05.8624601Z ✔ every shipped adapter exposes the interface discovery calls (2.1051ms)
gateway-web	Run node city/test-all.mjs	2026-10-05T11:00:05.8625670Z ✔ defaultAdapters keeps the donor specificity order exactly (0.9489ms)
gateway-web	Run node city/test-all.mjs	2026-10-05T11:00:05.8627212Z ✔ OPERATIONS and CONFIDENCE carry the donor values exactly, and match discovery (0.2704ms)
gateway-web	Run node city/test-all.mjs	2026-10-05T11:00:05.8628951Z ✔ every adapter abstains on an empty directory, and only the generic fallback claims it (1.3453ms)
gateway-web	Run node city/test-all.mjs	2026-10-05T11:00:05.8630214Z ✔ each adapter detects its own ecosystem with the donor score and evidence (3.4146ms)
gateway-web	Run node city/test-all.mjs	2026-10-05T11:00:05.8631783Z ✔ an unreadable directory is nothing to detect, not a crash (1.2557ms)
gateway-web	Run node city/test-all.mjs	2026-10-05T11:00:05.8633098Z ✔ every discovered command has the donor shape and a known operation name (31.2115ms)
gateway-web	Run node city/test-all.mjs	2026-10-05T11:00:05.8634826Z ✔ adapters.mjs can never execute anything (0.7461ms)
gateway-web	Run node city/test-all.mjs	2026-10-05T11:00:05.8636254Z ✔ answering detection and commands leaves the project directory untouched (3.2267ms)
gateway-web	Run node city/test-all.mjs	2026-10-05T11:00:05.8654077Z ✔ the package manager is chosen from the lockfile, in the donor precedence order (20.5186ms)
gateway-web	Run node city/test-all.mjs	2026-10-05T11:00:05.8655605Z ✔ the test command prefers a declared script over a framework config over the convention (17.0879ms)
gateway-web	Run node city/test-all.mjs	2026-10-05T11:00:05.8657172Z ✔ a declared TypeScript configuration supplies a build command only when none is declared (8.5969ms)
gateway-web	Run node city/test-all.mjs	2026-10-05T11:00:05.8658606Z ✔ every declared Node script is carried over with its own evidence string (4.2225ms)
gateway-web	Run node city/test-all.mjs	2026-10-05T11:00:05.8660017Z ✔ the generic fallback claims nothing it cannot see and labels every guess inferred (7.4521ms)
gateway-web	Run node city/test-all.mjs	2026-10-05T11:00:05.8661363Z ✔ every non-Node command template is the donor string, label and evidence (20.9214ms)
gateway-web	Run node city/test-all.mjs	2026-10-05T11:00:05.8662635Z ✔ a repository with Cargo.toml and package.json is a Rust project, not Node (7.5154ms)
gateway-web	Run node city/test-all.mjs	2026-10-05T11:00:05.8664087Z ✔ the episode phase vocabulary, terminal set, work phases and parkable phases are the donor lists (0.3012ms)
gateway-web	Run node city/test-all.mjs	2026-10-05T11:00:05.8665663Z ✔ every legal transition is allowed and every other move is refused with the donor reason (2.1113ms)
gateway-web	Run node city/test-all.mjs	2026-10-05T11:00:05.8666998Z ✔ an unknown phase is refused by name, at construction and at the move (0.7162ms)
gateway-web	Run node city/test-all.mjs	2026-10-05T11:00:05.8668533Z ✔ a terminal episode can force a teardown but cannot walk on (0.2522ms)
gateway-web	Run node city/test-all.mjs	2026-10-05T11:00:05.8669750Z ✔ the machine reports its phase, its allowed moves and a bounded history (0.275ms)
gateway-web	Run node city/test-all.mjs	2026-10-05T11:00:05.8670948Z ✔ the autonomy vocabulary and its budgets are the donor values (0.1587ms)
gateway-web	Run node city/test-all.mjs	2026-10-05T11:00:05.8672119Z ✔ a boolean may arrive as a spelling, and anything unstated stays unstated (0.2336ms)
gateway-web	Run node city/test-all.mjs	2026-10-05T11:00:05.8673755Z ✔ autonomy resolves runtime default < contract override < explicit run option (0.5676ms)
gateway-web	Run node city/test-all.mjs	2026-10-05T11:00:05.8675048Z ✔ a disabled controller never continues, whatever the evidence says (0.4483ms)
gateway-web	Run node city/test-all.mjs	2026-10-05T11:00:05.8676269Z ✔ completion, cancellation and a block are terminal for autonomy (0.2183ms)
gateway-web	Run node city/test-all.mjs	2026-10-05T11:00:05.8677476Z ✔ the continuation budget is consumed and exhausted with the donor numbers (0.5457ms)
gateway-web	Run node city/test-all.mjs	2026-10-05T11:00:05.8678641Z ✔ the step budget is consumed and exhausted with the donor numbers (0.2007ms)
gateway-web	Run node city/test-all.mjs	2026-10-05T11:00:05.8679785Z ✔ a round that changed nothing is not continued, and says exactly why (0.2077ms)
gateway-web	Run node city/test-all.mjs	2026-10-05T11:00:05.8680977Z ✔ progress is a mutation, a changed file or a passed verification level (0.4139ms)
gateway-web	Run node city/test-all.mjs	2026-10-05T11:00:05.8682228Z ✔ the controller keeps a bounded decision trail and reports its own state (1.2091ms)
gateway-web	Run node city/test-all.mjs	2026-10-05T11:00:05.8683812Z ✔ the donor never consults FINAL_REASONS, and the port keeps that behaviour (0.174ms)
gateway-web	Run node city/test-all.mjs	2026-10-05T11:00:05.8685324Z ✔ discovery finds commands for a real Node project through the lazily loaded adapter set (7.8183ms)
gateway-web	Run node city/test-all.mjs	2026-10-05T11:00:05.8686781Z ✔ the fix template builds all six steps from the discovered command table (7.5953ms)
gateway-web	Run node city/test-all.mjs	2026-10-05T11:00:05.8688551Z ✔ without an adapter set the same repository still produces the empty table the gap described (5.672ms)
gateway-web	Run node city/test-all.mjs	2026-10-05T11:00:05.8691059Z ﹣ the adapter port agrees with the donor module for every adapter and fixture (0.0856ms) # donor checkout absent at D:\a\utopia\utopia\.runtime\evidence\mission-book\MB-004\donor-hns\app\engineering
gateway-web	Run node city/test-all.mjs	2026-10-05T11:00:05.8693959Z ﹣ the autonomy port agrees with the donor module decision by decision (0.1179ms) # donor checkout absent at D:\a\utopia\utopia\.runtime\evidence\mission-book\MB-004\donor-hns\app\engineering
gateway-web	Run node city/test-all.mjs	2026-10-05T11:00:05.8696665Z ﹣ the episode port agrees with the donor module transition by transition (0.1183ms) # donor checkout absent at D:\a\utopia\utopia\.runtime\evidence\mission-book\MB-004\donor-hns\app\engineering
gateway-web	Run node city/test-all.mjs	2026-10-05T11:00:05.8698405Z ▶ checkpoint-10 §33.1 failure classification
gateway-web	Run node city/test-all.mjs	2026-10-05T11:00:05.8699155Z   ✔ covers at least the twelve classes the plan names (1.4497ms)
gateway-web	Run node city/test-all.mjs	2026-10-05T11:00:05.8700074Z   ✔ classifies from the tool's own output, not from a guess (1.0222ms)
gateway-web	Run node city/test-all.mjs	2026-10-05T11:00:05.8700947Z   ✔ reports the signals that decided the class (0.2005ms)
gateway-web	Run node city/test-all.mjs	2026-10-05T11:00:05.8701843Z   ✔ never reclassifies a refusal as something retryable (0.2632ms)
gateway-web	Run node city/test-all.mjs	2026-10-05T11:00:05.8702860Z   ✔ refuses a dependency class when the host verified the module is present (0.2613ms)
gateway-web	Run node city/test-all.mjs	2026-10-05T11:00:05.8703893Z   ✔ classifies a scope refusal as a workspace failure (0.2467ms)
gateway-web	Run node city/test-all.mjs	2026-10-05T11:00:05.8704877Z   ✔ classifies theme and visual failures from their own evidence (1.3166ms)
gateway-web	Run node city/test-all.mjs	2026-10-05T11:00:05.8705920Z   ✔ says UNKNOWN rather than guessing when nothing matched (0.3112ms)
gateway-web	Run node city/test-all.mjs	2026-10-05T11:00:05.8706915Z ✔ checkpoint-10 §33.1 failure classification (7.1838ms)
gateway-web	Run node city/test-all.mjs	2026-10-05T11:00:05.8707655Z ▶ checkpoint-10 §33.2 recovery order
gateway-web	Run node city/test-all.mjs	2026-10-05T11:00:05.8708873Z   ✔ is the plan's order, ending at the Hard Blocker (0.998ms)
gateway-web	Run node city/test-all.mjs	2026-10-05T11:00:05.8709822Z   ✔ lists every step with a reason, applicable or not (0.7719ms)
gateway-web	Run node city/test-all.mjs	2026-10-05T11:00:05.8710874Z   ✔ goes straight to the Hard Blocker for a prohibited action and forbids HNS (0.3212ms)
gateway-web	Run node city/test-all.mjs	2026-10-05T11:00:05.8711924Z   ✔ sends an auth failure to the Owner instead of retrying (0.2583ms)
gateway-web	Run node city/test-all.mjs	2026-10-05T11:00:05.8712754Z   ✔ gives a theme failure its own §33.2 ladder (0.2843ms)
gateway-web	Run node city/test-all.mjs	2026-10-05T11:00:05.8713706Z   ✔ will not reach HNS while a cheaper applicable step has budget left (0.3528ms)
gateway-web	Run node city/test-all.mjs	2026-10-05T11:00:05.8714897Z   ✔ escalates to the Hard Blocker once every applicable step is exhausted (0.3144ms)
gateway-web	Run node city/test-all.mjs	2026-10-05T11:00:05.8715995Z   ✔ treats a prohibited failure as immediately hard-blocked (0.1869ms)
gateway-web	Run node city/test-all.mjs	2026-10-05T11:00:05.8716913Z ✔ checkpoint-10 §33.2 recovery order (4.1281ms)
gateway-web	Run node city/test-all.mjs	2026-10-05T11:00:05.8717748Z ▶ checkpoint-10 §33.3 HNS positioning and the mandatory gap
gateway-web	Run node city/test-all.mjs	2026-10-05T11:00:05.8718987Z   ✔ allows a first fallback but always produces a CapabilityGap (0.3095ms)
gateway-web	Run node city/test-all.mjs	2026-10-05T11:00:05.8720186Z   ✔ refuses a fallback with no named missing capability — and still records the gap (0.7328ms)
gateway-web	Run node city/test-all.mjs	2026-10-05T11:00:05.8721299Z   ✔ refuses to delegate a prohibited action to HNS (0.1874ms)
gateway-web	Run node city/test-all.mjs	2026-10-05T11:00:05.8722324Z   ✔ stops HNS becoming a permanent crutch after the consecutive ceiling (0.2722ms)
gateway-web	Run node city/test-all.mjs	2026-10-05T11:00:05.8723318Z   ✔ raises the gap's severity with its frequency (0.1866ms)
gateway-web	Run node city/test-all.mjs	2026-10-05T11:00:05.8724257Z   ✔ records only the four §33.3 roles, and never without a gap (0.4306ms)
gateway-web	Run node city/test-all.mjs	2026-10-05T11:00:05.8725370Z ✔ checkpoint-10 §33.3 HNS positioning and the mandatory gap (2.4241ms)
gateway-web	Run node city/test-all.mjs	2026-10-05T11:00:05.8726531Z ✔ a checkpoint round-trips through disk with every saved field intact (7.3646ms)
gateway-web	Run node city/test-all.mjs	2026-10-05T11:00:05.8728554Z ✔ the checkpoint directory defaults under the root option instead of a hardcoded path (0.8577ms)
gateway-web	Run node city/test-all.mjs	2026-10-05T11:00:05.8730165Z ✔ recovery checkpoints preserve the full recovery descriptor and assign the first sequence (4.5922ms)
gateway-web	Run node city/test-all.mjs	2026-10-05T11:00:05.8731719Z ✔ checkpoint writes refuse a descriptor whose digest no longer matches its plan (1.4062ms)
gateway-web	Run node city/test-all.mjs	2026-10-05T11:00:05.8733233Z ✔ the latest recovery checkpoint follows checkpointSeq when the wall clock moves backward (6.8479ms)
gateway-web	Run node city/test-all.mjs	2026-10-05T11:00:05.8734814Z ✔ retention prunes old recovery sequences, never the newest sequence after a clock rollback (12.3196ms)
gateway-web	Run node city/test-all.mjs	2026-10-05T11:00:05.8736288Z ✔ a corrupt checkpoint is skipped and latest() still returns the newest good one (10.7806ms)
gateway-web	Run node city/test-all.mjs	2026-10-05T11:00:05.8737529Z ✔ a half-written temporary file is never read as a checkpoint (4.6368ms)
gateway-web	Run node city/test-all.mjs	2026-10-05T11:00:05.8738844Z ✔ list() is newest first and prune() keeps at most maxFiles checkpoints per episode (23.0127ms)
gateway-web	Run node city/test-all.mjs	2026-10-05T11:00:05.8740225Z ✔ save() enforces maxFiles by itself and leaves no temporary files behind (18.8212ms)
gateway-web	Run node city/test-all.mjs	2026-10-05T11:00:05.8741420Z ✔ remove() discards one episode and leaves the others alone (7.5884ms)
gateway-web	Run node city/test-all.mjs	2026-10-05T11:00:05.8742965Z ✔ latest() returns null — never throws — for a missing directory, an unknown episode and corrupt-only files (3.6576ms)
gateway-web	Run node city/test-all.mjs	2026-10-05T11:00:05.8744544Z ✔ truncateOutput keeps the head, the tail and the region around the first error (6.1125ms)
gateway-web	Run node city/test-all.mjs	2026-10-05T11:00:05.8746013Z ✔ truncateOutput reports no region when nothing matches, and leaves a small output alone (0.3256ms)
gateway-web	Run node city/test-all.mjs	2026-10-05T11:00:05.8747709Z ✔ summarizeTestOutput extracts the failure summary, failed cases, traces, last lines and artifacts (4.0396ms)
gateway-web	Run node city/test-all.mjs	2026-10-05T11:00:05.8749403Z ✔ summarizeTestOutput bounds a huge suite and says it truncated (37.3977ms)
gateway-web	Run node city/test-all.mjs	2026-10-05T11:00:05.8753956Z ✔ verifyResume resumes an unchanged world (229.2962ms)
gateway-web	Run node city/test-all.mjs	2026-10-05T11:00:05.8754889Z ✔ verifyResume restarts when HEAD moved (105.9963ms)
gateway-web	Run node city/test-all.mjs	2026-10-05T11:00:05.8755995Z ✔ verifyResume restarts when a manifest drifted under the same HEAD (158.0685ms)
gateway-web	Run node city/test-all.mjs	2026-10-05T11:00:05.8757353Z ✔ verifyResume refuses when the workspace is gone or is a different workspace (195.5179ms)
gateway-web	Run node city/test-all.mjs	2026-10-05T11:00:05.8758841Z ✔ a pending mutation whose effect is already on disk resumes as already-complete (158.6651ms)
gateway-web	Run node city/test-all.mjs	2026-10-05T11:00:05.8760335Z ✔ a pending mutation that conflicts with the file on disk forces a restart (162.391ms)
gateway-web	Run node city/test-all.mjs	2026-10-05T11:00:05.8761628Z ✔ verifyResume will not resume over a pending mutation it cannot re-check (139.0565ms)
gateway-web	Run node city/test-all.mjs	2026-10-05T11:00:05.8762953Z ✔ missing owned processes are reported, and the checkpoint is still resumable (141.8928ms)
gateway-web	Run node city/test-all.mjs	2026-10-05T11:00:05.8764105Z ✔ verifyResume only inspects: nothing on disk changes (204.6459ms)
gateway-web	Run node city/test-all.mjs	2026-10-05T11:00:05.8767586Z ✔ verifyResume restarts when there is no checkpoint at all (50.1977ms)
gateway-web	Run node city/test-all.mjs	2026-10-05T11:00:05.8768919Z ✔ a live context holds only the six step fields and is replaced, not accumulated (3.9171ms)
gateway-web	Run node city/test-all.mjs	2026-10-05T11:00:05.8770647Z ✔ snapshot().live is a copy: a caller cannot change what the context remembers (0.4984ms)
gateway-web	Run node city/test-all.mjs	2026-10-05T11:00:05.8771864Z ✔ clearLive removes the named keys and leaves the rest alone (0.6387ms)
gateway-web	Run node city/test-all.mjs	2026-10-05T11:00:05.8773543Z ✔ after 1000 observations the evidence ring is capped and the retained byte count stops growing (8.0377ms)
gateway-web	Run node city/test-all.mjs	2026-10-05T11:00:05.8775096Z ✔ every ring is bounded: verifications, decisions, process milestones and changed files (3.3717ms)
gateway-web	Run node city/test-all.mjs	2026-10-05T11:00:05.8776446Z ✔ a failed verification is a blocker, and the next passing run clears it (0.677ms)
gateway-web	Run node city/test-all.mjs	2026-10-05T11:00:05.8777835Z ✔ a resolved decision completes the plan step it names, and a failed one becomes a blocker (0.7697ms)
gateway-web	Run node city/test-all.mjs	2026-10-05T11:00:05.8779233Z ✔ an owned process milestone plans a step and its completion closes the step (0.523ms)
gateway-web	Run node city/test-all.mjs	2026-10-05T11:00:05.8780623Z ✔ the summary is generated from the bounded layers and is not truncated when it fits (1.1438ms)
gateway-web	Run node city/test-all.mjs	2026-10-05T11:00:05.8791709Z ✔ a summary reports truncated when the budget forces it to cut (2.1459ms)
gateway-web	Run node city/test-all.mjs	2026-10-05T11:00:05.8793639Z ✔ summarize accepts an inventory produced by the supervisor, not only this context (0.4859ms)
gateway-web	Run node city/test-all.mjs	2026-10-05T11:00:05.8795669Z ✔ snapshot reports its own limits and byte count, and two contexts share no state (0.3873ms)
gateway-web	Run node city/test-all.mjs	2026-10-05T11:00:05.8797315Z ✔ a very long observation is clipped before it is retained, so one entry cannot blow the budget (0.443ms)
gateway-web	Run node city/test-all.mjs	2026-10-05T11:00:05.8799883Z ﹣ a Windows volume-GUID alias is accepted as the same non-reparse work root (1.338ms) # cross-volume tests require a temp root on a volume separate from C:\Users\RUNNER~1\AppData\Local\Temp\cross-volume-work-root-Ce3uml
gateway-web	Run node city/test-all.mjs	2026-10-05T11:00:05.8803489Z ﹣ a task-owned off-volume directory is registered with an ownership marker and removed only at terminal cleanup (0.2745ms) # cross-volume tests require a temp root on a volume separate from C:\Users\RUNNER~1\AppData\Local\Temp\cross-volume-work-root-Ce3uml
gateway-web	Run node city/test-all.mjs	2026-10-05T11:00:05.8808477Z ﹣ a pre-existing directory sentinel cannot be registered or deleted (0.2134ms) # cross-volume tests require a temp root on a volume separate from C:\Users\RUNNER~1\AppData\Local\Temp\cross-volume-work-root-Ce3uml
gateway-web	Run node city/test-all.mjs	2026-10-05T11:00:05.8811794Z ﹣ a mismatched ownership marker blocks cleanup and reports the exact residual (0.2274ms) # cross-volume tests require a temp root on a volume separate from C:\Users\RUNNER~1\AppData\Local\Temp\cross-volume-work-root-Ce3uml
gateway-web	Run node city/test-all.mjs	2026-10-05T11:00:05.8815088Z ﹣ an unregistered foreign file inside an owned directory blocks recursive cleanup (0.2615ms) # cross-volume tests require a temp root on a volume separate from C:\Users\RUNNER~1\AppData\Local\Temp\cross-volume-work-root-Ce3uml
gateway-web	Run node city/test-all.mjs	2026-10-05T11:00:05.8818476Z ﹣ a task-owned file is removed exactly without deleting its containing directory (0.2266ms) # cross-volume tests require a temp root on a volume separate from C:\Users\RUNNER~1\AppData\Local\Temp\cross-volume-work-root-Ce3uml
gateway-web	Run node city/test-all.mjs	2026-10-05T11:00:05.8821738Z ﹣ a symlink/reparse entry inside a registered root blocks recursive deletion (0.2736ms) # cross-volume tests require a temp root on a volume separate from C:\Users\RUNNER~1\AppData\Local\Temp\cross-volume-work-root-Ce3uml
gateway-web	Run node city/test-all.mjs	2026-10-05T11:00:05.8825220Z ﹣ a locked registered child preserves its parent marker and cleanup debt retries after the handle closes (0.3818ms) # cross-volume tests require a temp root on a volume separate from C:\Users\RUNNER~1\AppData\Local\Temp\cross-volume-work-root-Ce3uml
gateway-web	Run node city/test-all.mjs	2026-10-05T11:00:05.8827458Z ✔ a fix goal shows the failing test failing before anything patches code (4.2954ms)
gateway-web	Run node city/test-all.mjs	2026-10-05T11:00:05.8828695Z ✔ a bug wording alone selects the repair template (0.7622ms)
gateway-web	Run node city/test-all.mjs	2026-10-05T11:00:05.8829459Z ✔ a build goal builds and then verifies (0.7666ms)
gateway-web	Run node city/test-all.mjs	2026-10-05T11:00:05.8830300Z ✔ a refactor goal runs the affected tests after the patch (0.4572ms)
gateway-web	Run node city/test-all.mjs	2026-10-05T11:00:05.8831272Z ✔ a dependency goal installs, builds, tests and verifies (1.3224ms)
gateway-web	Run node city/test-all.mjs	2026-10-05T11:00:05.8832294Z ✔ the plan skips an unavailable command and records why in reasons (0.259ms)
gateway-web	Run node city/test-all.mjs	2026-10-05T11:00:05.8833508Z ✔ a template step whose command discovery did not provide is reported in reasons (0.4829ms)
gateway-web	Run node city/test-all.mjs	2026-10-05T11:00:05.8834800Z ✔ a bounded plan refuses to grow past contract.maxSteps and says what it dropped (0.5383ms)
gateway-web	Run node city/test-all.mjs	2026-10-05T11:00:05.8836043Z ✔ the default budget is the documented 40 steps (0.2867ms)
gateway-web	Run node city/test-all.mjs	2026-10-05T11:00:05.8836972Z ✔ no step may outlive the episode budget the contract declares (0.5689ms)
gateway-web	Run node city/test-all.mjs	2026-10-05T11:00:05.8838296Z ✔ every step carries a closed kind, an operation the supervisor knows and the evidence it records (0.4141ms)
gateway-web	Run node city/test-all.mjs	2026-10-05T11:00:05.8839506Z ✔ a test step expects a zero exit code and no failing tests (0.3359ms)
gateway-web	Run node city/test-all.mjs	2026-10-05T11:00:05.8840695Z ✔ the reproduce step expects the failure, because that is the evidence a repair needs (0.4228ms)
gateway-web	Run node city/test-all.mjs	2026-10-05T11:00:05.8841839Z ✔ an explicit contract plan wins over the inferred template (0.2188ms)
gateway-web	Run node city/test-all.mjs	2026-10-05T11:00:05.8842980Z ✔ an explicit step of an unknown kind is rejected and recorded, not silently kept (0.2485ms)
gateway-web	Run node city/test-all.mjs	2026-10-05T11:00:05.8845118Z ✔ an explicit step naming an operation the supervisor cannot run is refused (0.264ms)
gateway-web	Run node city/test-all.mjs	2026-10-05T11:00:05.8846503Z ✔ a contract plan that omits reproduce is kept, and the missing regression evidence is recorded (0.1915ms)
gateway-web	Run node city/test-all.mjs	2026-10-05T11:00:05.8848298Z ✔ an explicit step is normalized: operation, command, args, cwd, expects, timeout and evidence (0.4574ms)
gateway-web	Run node city/test-all.mjs	2026-10-05T11:00:05.8849501Z ✔ an explicit step may write its arguments as one string (0.2876ms)
gateway-web	Run node city/test-all.mjs	2026-10-05T11:00:05.8850532Z ✔ an explicit command carries the discovered arguments of its kind (0.2701ms)
gateway-web	Run node city/test-all.mjs	2026-10-05T11:00:05.8851565Z ✔ a step that does not run a command carries a null operation (0.2111ms)
gateway-web	Run node city/test-all.mjs	2026-10-05T11:00:05.8852788Z ✔ the module-level nextStep and advance read and move the same cursor the plan methods do (0.4868ms)
gateway-web	Run node city/test-all.mjs	2026-10-05T11:00:05.8854063Z ✔ nextStep returns the cursor step and skips the steps already complete (0.3796ms)
gateway-web	Run node city/test-all.mjs	2026-10-05T11:00:05.8855374Z ✔ restorePlan restores the exact serialized steps and starts after the verified prefix (0.9192ms)
gateway-web	Run node city/test-all.mjs	2026-10-05T11:00:05.8856617Z ✔ the cursor refuses to advance a step that is not the current one (0.2315ms)
gateway-web	Run node city/test-all.mjs	2026-10-05T11:00:05.8857753Z ✔ advance records the outcome and refuses a step that was already settled (0.2328ms)
gateway-web	Run node city/test-all.mjs	2026-10-05T11:00:05.8858824Z ✔ the completed history is bounded at twice the step budget (9.0656ms)
gateway-web	Run node city/test-all.mjs	2026-10-05T11:00:05.8860037Z ✔ an optional step may be recorded as failed without moving the cursor backwards (1.7167ms)
gateway-web	Run node city/test-all.mjs	2026-10-05T11:00:05.8861554Z ✔ a plan built from a goal with no discoverable command keeps only the steps that run no command and says why (0.2674ms)
gateway-web	Run node city/test-all.mjs	2026-10-05T11:00:05.8862949Z ✔ expectsMet judges a step outcome against the expectation it declares (0.1957ms)
gateway-web	Run node city/test-all.mjs	2026-10-05T11:00:05.8864090Z ✔ an unusable expects object is reported rather than silently ignored (0.4096ms)
gateway-web	Run node city/test-all.mjs	2026-10-05T11:00:05.8865031Z ✔ the plan kind vocabulary is closed and frozen (0.6443ms)
gateway-web	Run node city/test-all.mjs	2026-10-05T11:00:05.8865998Z ✔ an owner contains a stable process identity in addition to its PID (2.5453ms)
gateway-web	Run node city/test-all.mjs	2026-10-05T11:00:05.8867089Z ✔ a matching process-creation identity proves the owner is live (0.4308ms)
gateway-web	Run node city/test-all.mjs	2026-10-05T11:00:05.8868646Z ✔ a reused PID with a different process identity is stale, but an unknown probe stays unknown (0.3075ms)
gateway-web	Run node city/test-all.mjs	2026-10-05T11:00:05.8870257Z ✔ an unverified runtime-start fallback never becomes a false stale proof when an OS probe later succeeds (0.2519ms)
gateway-web	Run node city/test-all.mjs	2026-10-05T11:00:05.8871618Z ✔ a real command runs end to end through the real supervisor registry (155.3179ms)
gateway-web	Run node city/test-all.mjs	2026-10-05T11:00:05.8872911Z ✔ mutation intent is durably observed before the filesystem effect, then settled after it (9.8976ms)
gateway-web	Run node city/test-all.mjs	2026-10-05T11:00:05.8874284Z ✔ a failed pre-effect checkpoint blocks the write and leaves the target untouched (1.5364ms)
gateway-web	Run node city/test-all.mjs	2026-10-05T11:00:05.8875593Z ✔ a restored pending mutation is reconciled from disk without applying it again (2.7548ms)
gateway-web	Run node city/test-all.mjs	2026-10-05T11:00:05.8876664Z ✔ plan digests are canonical across object key order (2.1164ms)
gateway-web	Run node city/test-all.mjs	2026-10-05T11:00:05.8877990Z ✔ the supported recovery descriptor validates as a complete replay-safe envelope (2.2207ms)
gateway-web	Run node city/test-all.mjs	2026-10-05T11:00:05.8879120Z ✔ a plan edited after checkpointing fails the digest gate (0.3793ms)
gateway-web	Run node city/test-all.mjs	2026-10-05T11:00:05.8881331Z ✔ unsupported descriptor and plan versions fail closed (0.4269ms)
gateway-web	Run node city/test-all.mjs	2026-10-05T11:00:05.8882545Z ✔ a cursor cannot move beyond the contiguous verified or intentionally skipped prefix (0.3745ms)
gateway-web	Run node city/test-all.mjs	2026-10-05T11:00:05.8883830Z ✔ an expired original deadline and an unknown lifecycle state are rejected (0.3558ms)
gateway-web	Run node city/test-all.mjs	2026-10-05T11:00:05.8885160Z ✔ cross-volume cleanup registrations are bound to episode, work volume, type and state (1.3985ms)
gateway-web	Run node city/test-all.mjs	2026-10-05T11:00:05.8886508Z ✔ autonomy authority: runtime default < contract override < explicit run option (2.7906ms)
gateway-web	Run node city/test-all.mjs	2026-10-05T11:00:05.8887747Z ✔ autonomy continues only with new evidence, and never past its own bounds (1.7666ms)
gateway-web	Run node city/test-all.mjs	2026-10-05T11:00:05.8889431Z ✔ scenario A: a failing unit test is reproduced, repaired and verified with fresh evidence (1058.7031ms)
gateway-web	Run node city/test-all.mjs	2026-10-05T11:00:05.8890893Z ✔ a repair that does not work is not retried blind, and the episode fails with evidence (1031.8424ms)
gateway-web	Run node city/test-all.mjs	2026-10-05T11:00:05.8892299Z ✔ scenario J: a nearly expired episode does not start new work and reports what it has (1025.9855ms)
gateway-web	Run node city/test-all.mjs	2026-10-05T11:00:05.8893548Z ✔ the package entry point runs one episode and returns the report (1217.0398ms)
gateway-web	Run node city/test-all.mjs	2026-10-05T11:00:05.8894807Z ✔ a run resolves the level command, appends the focus and goes through the supervisor (3.4947ms)
gateway-web	Run node city/test-all.mjs	2026-10-05T11:00:05.8895969Z ✔ a focus is not appended to a command that does not accept one (0.4889ms)
gateway-web	Run node city/test-all.mjs	2026-10-05T11:00:05.8897131Z ✔ a level with no discovered command reports the refusal instead of guessing one (0.5757ms)
gateway-web	Run node city/test-all.mjs	2026-10-05T11:00:05.8898313Z ✔ a non-zero exit is classified from the output and is not a success (3.1938ms)
gateway-web	Run node city/test-all.mjs	2026-10-05T11:00:05.8899239Z ✔ a timeout is a failure with the timeout class (1.0357ms)
gateway-web	Run node city/test-all.mjs	2026-10-05T11:00:05.8900136Z ✔ a killed process is not a success even when it exited zero (1.0848ms)
gateway-web	Run node city/test-all.mjs	2026-10-05T11:00:05.8900949Z ✔ a signalled exit is not a success (0.5331ms)
gateway-web	Run node city/test-all.mjs	2026-10-05T11:00:05.8901823Z ✔ every run carries a timeout and truncates the output it retains (0.5367ms)
gateway-web	Run node city/test-all.mjs	2026-10-05T11:00:05.8902861Z ✔ a refused start is reported as a failure rather than thrown (0.6331ms)
gateway-web	Run node city/test-all.mjs	2026-10-05T11:00:05.8903854Z ✔ runLevels stops at the first level that breaks and names it (1.3147ms)
gateway-web	Run node city/test-all.mjs	2026-10-05T11:00:05.8904783Z ✔ satisfied() is false when the full level never ran (0.5952ms)
gateway-web	Run node city/test-all.mjs	2026-10-05T11:00:05.8905863Z ✔ satisfied() is true only with fresh passing evidence at every required level (0.6305ms)
gateway-web	Run node city/test-all.mjs	2026-10-05T11:00:05.8907043Z ✔ satisfied() is false when the full level evidence predates a mutation (0.6449ms)
gateway-web	Run node city/test-all.mjs	2026-10-05T11:00:05.8908112Z ✔ satisfied() honours sinceAt and sinceMs against the clock (0.5796ms)
gateway-web	Run node city/test-all.mjs	2026-10-05T11:00:05.8909367Z ✔ invalidate marks the levels stale and makes the gate refuse (0.8922ms)
gateway-web	Run node city/test-all.mjs	2026-10-05T11:00:05.8910477Z ✔ noteMutation bounds freshness for a verifier that has no mutation log (0.3851ms)
gateway-web	Run node city/test-all.mjs	2026-10-05T11:00:05.8911637Z ✔ evidence() reports when each level last ran and whether it is fresh (0.3116ms)
gateway-web	Run node city/test-all.mjs	2026-10-05T11:00:05.8912704Z ✔ freshAt() with no level answers when anything was last verified (0.2938ms)
gateway-web	Run node city/test-all.mjs	2026-10-05T11:00:05.8913701Z ✔ parseTestSummary reads node --test TAP-ish output (0.2121ms)
gateway-web	Run node city/test-all.mjs	2026-10-05T11:00:05.8914568Z ✔ parseTestSummary reads Jest and Vitest output (0.4412ms)
gateway-web	Run node city/test-all.mjs	2026-10-05T11:00:05.8915343Z ✔ parseTestSummary reads pytest output (0.2772ms)
gateway-web	Run node city/test-all.mjs	2026-10-05T11:00:05.8916091Z ✔ parseTestSummary reads cargo test output (0.284ms)
gateway-web	Run node city/test-all.mjs	2026-10-05T11:00:05.8916980Z ✔ parseTestSummary returns null for junk and never throws (0.1567ms)
gateway-web	Run node city/test-all.mjs	2026-10-05T11:00:05.8918139Z ✔ a workspace is locked while an episode runs, and never stolen from a live owner (9.2355ms)
gateway-web	Run node city/test-all.mjs	2026-10-05T11:00:05.8919321Z ✔ the §33.1 vocabulary is the donor's closed set of thirteen classes (3.7019ms)
gateway-web	Run node city/test-all.mjs	2026-10-05T11:00:05.8920311Z ✔ every failure class is selected by its own exact input (3.0838ms)
gateway-web	Run node city/test-all.mjs	2026-10-05T11:00:05.8921564Z ✔ an unknown-class input selects no pattern and the signals stay empty (0.4079ms)
gateway-web	Run node city/test-all.mjs	2026-10-05T11:00:05.8922694Z ✔ a non-zero exit with a runtime code but no prose is still classified (0.3376ms)
gateway-web	Run node city/test-all.mjs	2026-10-05T11:00:05.8924006Z ✔ a policy refusal is decided before any prose, even a retryable-looking one (0.4101ms)
gateway-web	Run node city/test-all.mjs	2026-10-05T11:00:05.8925075Z ✔ a policy refusal is also decided before a runtime code (0.2686ms)
gateway-web	Run node city/test-all.mjs	2026-10-05T11:00:05.8926067Z ✔ AUTH is decided before RATE_LIMIT when the output carries both (0.2039ms)
gateway-web	Run node city/test-all.mjs	2026-10-05T11:00:05.8927220Z ✔ PROVIDER_PAGE is decided before the generic BUILD wording in a provider log (0.1482ms)
gateway-web	Run node city/test-all.mjs	2026-10-05T11:00:05.8928900Z ✔ DEPENDENCY is decided before BUILD, but only when the host agrees the module is absent (0.4095ms)
gateway-web	Run node city/test-all.mjs	2026-10-05T11:00:05.8930170Z ✔ DEPENDENCY reports the verified missing modules in its signals (0.4579ms)
gateway-web	Run node city/test-all.mjs	2026-10-05T11:00:05.8931298Z ✔ ENVIRONMENT is decided before BUILD and before the generic test wording (0.213ms)
gateway-web	Run node city/test-all.mjs	2026-10-05T11:00:05.8932488Z ✔ WORKSPACE is decided from the host fact, and requires() is what gates it (0.2914ms)
gateway-web	Run node city/test-all.mjs	2026-10-05T11:00:05.8933619Z ✔ THEME needs a diagnostic or an unknown gate, not the wording alone (0.2452ms)
gateway-web	Run node city/test-all.mjs	2026-10-05T11:00:05.8934672Z ✔ UI needs the visual fact or one of the three interface gates (0.2169ms)
gateway-web	Run node city/test-all.mjs	2026-10-05T11:00:05.8935645Z ✔ BUILD is decided before TEST when the output carries both (0.1477ms)
gateway-web	Run node city/test-all.mjs	2026-10-05T11:00:05.8936663Z ✔ BUILD is decided before TRANSIENT when a failed build times out (0.1308ms)
gateway-web	Run node city/test-all.mjs	2026-10-05T11:00:05.8937752Z ✔ TEST is decided before TRANSIENT when a failing test also times out (0.1472ms)
gateway-web	Run node city/test-all.mjs	2026-10-05T11:00:05.8939067Z ✔ a gate with no recognisable signature is still evidence, and BENCHMARK is honestly UNKNOWN (0.3264ms)
gateway-web	Run node city/test-all.mjs	2026-10-05T11:00:05.8940330Z ✔ the §33.2 recovery order is the donor's and ends at the Hard Blocker (0.1579ms)
gateway-web	Run node city/test-all.mjs	2026-10-05T11:00:05.8941240Z ✔ the theme ladder is the donor's three steps (0.1272ms)
gateway-web	Run node city/test-all.mjs	2026-10-05T11:00:05.8942260Z ✔ a plan lists every step with a reason and always ends at the Hard Blocker (0.4849ms)
gateway-web	Run node city/test-all.mjs	2026-10-05T11:00:05.8943454Z ✔ every class plans the donor's budgets, and only those steps are applicable (0.6156ms)
gateway-web	Run node city/test-all.mjs	2026-10-05T11:00:05.8944641Z ✔ a representative failure of each class offers the donor's first step (0.4064ms)
gateway-web	Run node city/test-all.mjs	2026-10-05T11:00:05.8945703Z ✔ inapplicable steps are listed with the donor's own reason (0.1984ms)
gateway-web	Run node city/test-all.mjs	2026-10-05T11:00:05.8947090Z ✔ a prohibited action goes straight to the Hard Blocker and forbids HNS (0.1828ms)
gateway-web	Run node city/test-all.mjs	2026-10-05T11:00:05.8948132Z ✔ an auth failure is handed to the Owner and cannot use HNS (0.2219ms)
gateway-web	Run node city/test-all.mjs	2026-10-05T11:00:05.8949128Z ✔ a workspace failure escalates the granted scope to the Owner (0.1514ms)
gateway-web	Run node city/test-all.mjs	2026-10-05T11:00:05.8950206Z ✔ only THEME and WORKSPACE and AUTH and TERMINAL carry requires_owner (0.2569ms)
gateway-web	Run node city/test-all.mjs	2026-10-05T11:00:05.8951363Z ✔ a theme failure carries the §33.2 theme ladder and its diagnostic (0.2125ms)
gateway-web	Run node city/test-all.mjs	2026-10-05T11:00:05.8952450Z ✔ a fresh plan offers its first step with the donor's attempt reason (0.2556ms)
gateway-web	Run node city/test-all.mjs	2026-10-05T11:00:05.8953506Z ✔ a step is re-offered until its budget is used, and not beyond (0.3468ms)
gateway-web	Run node city/test-all.mjs	2026-10-05T11:00:05.8954463Z ✔ a NOT_APPLICABLE attempt does not consume the budget (0.2117ms)
gateway-web	Run node city/test-all.mjs	2026-10-05T11:00:05.8955496Z ✔ HNS is never offered while a cheaper applicable step has budget left (0.1918ms)
gateway-web	Run node city/test-all.mjs	2026-10-05T11:00:05.8956614Z ✔ the BUILD ladder is consumed and then terminates at the Hard Blocker (0.2923ms)
gateway-web	Run node city/test-all.mjs	2026-10-05T11:00:05.8957904Z ✔ the DEPENDENCY ladder walks LOCAL_RECOVERY, ALTERNATE_INTERNAL_PATH, HNS, then blocks (0.2294ms)
gateway-web	Run node city/test-all.mjs	2026-10-05T11:00:05.8959185Z ✔ the RATE_LIMIT ladder is the donor's order with the donor's budgets (0.18ms)
gateway-web	Run node city/test-all.mjs	2026-10-05T11:00:05.8960436Z ✔ a prohibited failure is immediately hard-blocked with the "no step applies" reason (0.1411ms)
gateway-web	Run node city/test-all.mjs	2026-10-05T11:00:05.8961681Z ✔ a TRANSIENT ladder exhausts at the native retry and its local repair (0.1949ms)
gateway-web	Run node city/test-all.mjs	2026-10-05T11:00:05.8962789Z ✔ the same observation yields an identical classification and plan (0.229ms)
gateway-web	Run node city/test-all.mjs	2026-10-05T11:00:05.8963983Z ✔ classifying does not mutate the observation it was given (0.1558ms)
gateway-web	Run node city/test-all.mjs	2026-10-05T11:00:05.8964963Z ✔ planRecovery refuses a malformed or unknown failure class (0.738ms)
gateway-web	Run node city/test-all.mjs	2026-10-05T11:00:05.8966529Z ✔ planRecovery does not mutate or upgrade the classification it was given (0.187ms)
gateway-web	Run node city/test-all.mjs	2026-10-05T11:00:05.8967568Z ✔ the HNS role vocabulary is the donor's four roles (0.1142ms)
gateway-web	Run node city/test-all.mjs	2026-10-05T11:00:05.8968536Z ✔ a first fallback is allowed and always produces a CapabilityGap (0.3746ms)
gateway-web	Run node city/test-all.mjs	2026-10-05T11:00:05.8969737Z ✔ a fallback with no named missing capability is refused and still records the gap (1.0627ms)
gateway-web	Run node city/test-all.mjs	2026-10-05T11:00:05.8970789Z ✔ a prohibited action may not be delegated to HNS (0.3222ms)
gateway-web	Run node city/test-all.mjs	2026-10-05T11:00:05.8971827Z ✔ HNS stops being a crutch at the consecutive ceiling and the gap goes HIGH (0.2276ms)
gateway-web	Run node city/test-all.mjs	2026-10-05T11:00:05.8973026Z ✔ the gap severity rises with its frequency, and TERMINAL is always CRITICAL (0.4034ms)
gateway-web	Run node city/test-all.mjs	2026-10-05T11:00:05.8974266Z ✔ every usage is recorded with its gap, and a gapless or unknown role is refused (0.284ms)
gateway-web	Run node city/test-all.mjs	2026-10-05T11:00:05.8975455Z ✔ the failure vocabulary and its action policy are closed and complete (3.5669ms)
gateway-web	Run node city/test-all.mjs	2026-10-05T11:00:05.8976884Z ✔ classification follows the donor order: timeout flag, then typed code, then patterns, then unknown (2.2439ms)
gateway-web	Run node city/test-all.mjs	2026-10-05T11:00:05.8978371Z ✔ the pattern table keeps the donor order, so an ambiguous message resolves the donor way (0.3209ms)
gateway-web	Run node city/test-all.mjs	2026-10-05T11:00:05.8979716Z ✔ the failure signature ignores what changes between two runs of the same failure (0.4229ms)
gateway-web	Run node city/test-all.mjs	2026-10-05T11:00:05.8980956Z ✔ the repair tracker refuses a blind retry and a repeated hypothesis (1.0769ms)
gateway-web	Run node city/test-all.mjs	2026-10-05T11:00:05.8983170Z ﹣ the failure module agrees with the donor module field by field (0.1734ms) # donor checkout absent; fetch DS-Hns @ eeb57ca5 into .runtime/evidence/mission-book/MB-004/donor-hns to run the differential check
gateway-web	Run node city/test-all.mjs	2026-10-05T11:00:05.8985047Z ✔ the step vocabulary is closed and every kind is fully described (0.3978ms)
gateway-web	Run node city/test-all.mjs	2026-10-05T11:00:05.8986211Z ✔ templates keep the donor order, and a repair always shows the failure first (1.2175ms)
gateway-web	Run node city/test-all.mjs	2026-10-05T11:00:05.8988098Z ✔ a step outside the vocabulary is refused, and a command-bearing step with no command names what it needed (0.7513ms)
gateway-web	Run node city/test-all.mjs	2026-10-05T11:00:05.8989407Z ✔ an unusable expects falls back to the exit code and says so (1.1198ms)
gateway-web	Run node city/test-all.mjs	2026-10-05T11:00:05.8990587Z ✔ expects evaluation treats a reproduce step as the one whose success is a failure (0.667ms)
gateway-web	Run node city/test-all.mjs	2026-10-05T11:00:05.8991653Z ✔ the cursor only moves forward, one step at a time (1.5909ms)
gateway-web	Run node city/test-all.mjs	2026-10-05T11:00:05.8992555Z ✔ the plan is bounded and every dropped step is explained (0.4923ms)
gateway-web	Run node city/test-all.mjs	2026-10-05T11:00:05.8993759Z ✔ a repair that could not build its reproduce step records the missing regression evidence (0.374ms)
gateway-web	Run node city/test-all.mjs	2026-10-05T11:00:05.8995253Z ✔ an explicit contract plan always wins, and its missing reproduce step is recorded not corrected (0.4456ms)
gateway-web	Run node city/test-all.mjs	2026-10-05T11:00:05.8997739Z ✔ a step may not outlive the episode deadline it was clamped to (0.3242ms)
gateway-web	Run node city/test-all.mjs	2026-10-05T11:00:05.8998957Z ✔ an optional step may be skipped, and a non-optional one may not (0.516ms)
gateway-web	Run node city/test-all.mjs	2026-10-05T11:00:05.9000216Z ✔ restorePlan refuses a cursor that skips a step without verified evidence (1.3389ms)
gateway-web	Run node city/test-all.mjs	2026-10-05T11:00:05.9001427Z ✔ command splitting respects quoting and argument inheritance (0.5503ms)
gateway-web	Run node city/test-all.mjs	2026-10-05T11:00:05.9002758Z ✔ a focus is appended to the operation it belongs to, and only to the steps that take one (0.3563ms)
gateway-web	Run node city/test-all.mjs	2026-10-05T11:00:05.9005417Z ﹣ the discovery module agrees with the donor module field by field (0.0791ms) # donor checkout absent; fetch DS-Hns @ eeb57ca5 into .runtime/evidence/mission-book/MB-004/donor-hns to run the differential check
gateway-web	Run node city/test-all.mjs	2026-10-05T11:00:05.9007745Z ✔ the plan digest is a sha256 of the canonical plan and is stable under key order (3.1866ms)
gateway-web	Run node city/test-all.mjs	2026-10-05T11:00:05.9008907Z ✔ the plan digest is sensitive to every part of the plan it covers (0.5451ms)
gateway-web	Run node city/test-all.mjs	2026-10-05T11:00:05.9010487Z ✔ a valid recovery descriptor returns a deep copy with the lifecycle state defaulted (2.9976ms)
gateway-web	Run node city/test-all.mjs	2026-10-05T11:00:05.9011843Z ✔ every structural refusal of the recovery descriptor is a closed code (5.1166ms)
gateway-web	Run node city/test-all.mjs	2026-10-05T11:00:05.9013379Z ✔ the cursor must sit exactly after its contiguous verified or optional-skipped prefix (0.8428ms)
gateway-web	Run node city/test-all.mjs	2026-10-05T11:00:05.9015009Z ✔ the descriptor episode id must match the checkpoint that carries it, and the executor must match the run (0.3355ms)
gateway-web	Run node city/test-all.mjs	2026-10-05T11:00:05.9016459Z ✔ the cleanup terminal state is only legal on an active or cleanup-blocked episode (0.5552ms)
gateway-web	Run node city/test-all.mjs	2026-10-05T11:00:05.9017952Z ✔ cross-volume registrations are bound to the episode, work volume, type, state and unique canonical path (2.7116ms)
gateway-web	Run node city/test-all.mjs	2026-10-05T11:00:05.9019453Z ✔ a checkpoint is written whole or not at all, and a killed writer leaves nothing readable (8.7975ms)
gateway-web	Run node city/test-all.mjs	2026-10-05T11:00:05.9020803Z ✔ the default checkpoint directory hangs off the root option and keeps five files (1.1968ms)
gateway-web	Run node city/test-all.mjs	2026-10-05T11:00:05.9022218Z ✔ retention keeps the newest recovery sequences per episode and prune is idempotent (28.5544ms)
gateway-web	Run node city/test-all.mjs	2026-10-05T11:00:05.9023581Z ✔ the newest recovery sequence wins even after the wall clock moves backwards (8.2514ms)
gateway-web	Run node city/test-all.mjs	2026-10-05T11:00:05.9025220Z ✔ a checkpoint write refuses a descriptor that fails validation and stays off disk (0.9202ms)
gateway-web	Run node city/test-all.mjs	2026-10-05T11:00:05.9027277Z ✔ a checkpoint round-trips through disk and remove() clears one episode only (11.8547ms)
gateway-web	Run node city/test-all.mjs	2026-10-05T11:00:05.9029889Z ✔ verifyResume is a read-only gate: it resumes, restarts or refuses and changes nothing (210.7168ms)
gateway-web	Run node city/test-all.mjs	2026-10-05T11:00:05.9031454Z ✔ verifyResume distinguishes a working tree that moved from a plan that no longer means anything (101.0499ms)
gateway-web	Run node city/test-all.mjs	2026-10-05T11:00:05.9033123Z ✔ verifyResume re-checks unsettled mutations against disk and never replays them (193.0085ms)
gateway-web	Run node city/test-all.mjs	2026-10-05T11:00:05.9034863Z ✔ verifyResume reports missing owned processes and never turns "cannot tell" into a restart (153.111ms)
gateway-web	Run node city/test-all.mjs	2026-10-05T11:00:05.9036447Z ✔ the recovery index records a checkpoint, refuses regression and refuses a duplicate sequence (15.1278ms)
gateway-web	Run node city/test-all.mjs	2026-10-05T11:00:05.9037895Z ✔ the recovery index refuses a missing, foreign, symlinked or incompatible checkpoint (8.4406ms)
gateway-web	Run node city/test-all.mjs	2026-10-05T11:00:05.9039281Z ✔ a path-safety refusal needs no live index, and a symlinked checkpoint is refused (3.6029ms)
gateway-web	Run node city/test-all.mjs	2026-10-05T11:00:05.9040774Z ✔ reconcileIndex rebuilds the index, blocks duplicates and keeps a valid descriptor diagnostic (17.2497ms)
gateway-web	Run node city/test-all.mjs	2026-10-05T11:00:05.9042684Z ✔ reconcileIndex blocks duplicate files claiming one sequence and preserves terminal states (16.0007ms)
gateway-web	Run node city/test-all.mjs	2026-10-05T11:00:05.9044941Z ✔ a terminal episode cannot be re-activated by a checkpoint write, and only a repair-authorized newer checkpoint clears a block (27.184ms)
gateway-web	Run node city/test-all.mjs	2026-10-05T11:00:05.9046613Z ✔ automatic recovery attempts are bounded and exhausted attempts persist the block (11.2035ms)
gateway-web	Run node city/test-all.mjs	2026-10-05T11:00:05.9048348Z ✔ a live owner blocks a second claim, and a stale owner is replaced only with identity proof (18.8754ms)
gateway-web	Run node city/test-all.mjs	2026-10-05T11:00:05.9049695Z ✔ a corrupt claim blocks automatic recovery instead of being overwritten (11.0012ms)
gateway-web	Run node city/test-all.mjs	2026-10-05T11:00:05.9051060Z ✔ a workspace lock excludes a second writer, reports staleness and never steals a live lock (10.1444ms)
gateway-web	Run node city/test-all.mjs	2026-10-05T11:00:05.9052483Z ✔ a dead owner is reported stale and reclaimed only when the caller passes stealStale (4.4665ms)
gateway-web	Run node city/test-all.mjs	2026-10-05T11:00:05.9053686Z ✔ a disabled lock and an unheld heartbeat are the only quiet paths (1.0665ms)
gateway-web	Run node city/test-all.mjs	2026-10-05T11:00:05.9054852Z ✔ mutation intent is durably observed before the effect and settled after it (2.8355ms)
gateway-web	Run node city/test-all.mjs	2026-10-05T11:00:05.9056453Z ✔ a failed pre-effect journal blocks the write and a post-effect journal failure is only a warning (2.7621ms)
gateway-web	Run node city/test-all.mjs	2026-10-05T11:00:05.9058449Z ✔ a content-hash mismatch is detected and a conflicting file is never overwritten on resume (2.2142ms)
gateway-web	Run node city/test-all.mjs	2026-10-05T11:00:05.9060273Z ✔ a restored pending mutation is reconciled from disk without being applied again, and a malformed journal is refused (3.3895ms)
gateway-web	Run node city/test-all.mjs	2026-10-05T11:00:05.9063890Z ✔ a mutation may not escape the workspace or touch a file the user had already changed (4.5695ms)
gateway-web	Run node city/test-all.mjs	2026-10-05T11:00:05.9065413Z ✔ move, mkdir, delete, ring bounding and the changed-file manifest behave as recorded (5.502ms)
gateway-web	Run node city/test-all.mjs	2026-10-05T11:00:05.9066718Z ✔ the workspace is explicit and unverifiable paths are refused, never guessed (95.4869ms)
gateway-web	Run node city/test-all.mjs	2026-10-05T11:00:05.9068289Z ✔ a fingerprint detects drift under the same HEAD and names each reason once (10.3306ms)
gateway-web	Run node city/test-all.mjs	2026-10-05T11:00:05.9069542Z ✔ the snapshot reads the project surface, and git absence is a reported fact (61.7139ms)
gateway-web	Run node city/test-all.mjs	2026-10-05T11:00:05.9070768Z ✔ porcelain parsing keeps renamed targets, conflicts and both change sides (0.576ms)
gateway-web	Run node city/test-all.mjs	2026-10-05T11:00:05.9072003Z ✔ the repository hashes the same content the same way and reads a bounded file (2.3613ms)
gateway-web	Run node city/test-all.mjs	2026-10-05T11:00:05.9073098Z ✔ an owner carries a process identity alongside its PID (956.6271ms)
gateway-web	Run node city/test-all.mjs	2026-10-05T11:00:05.9074553Z ✔ a matching creation identity proves the owner live, a different one is stale and an unknown probe stays unknown (0.4385ms)
gateway-web	Run node city/test-all.mjs	2026-10-05T11:00:05.9076231Z ✔ the OS creation-identity probe answers known=false on a non-Windows host and for an invalid PID (445.8537ms)
gateway-web	Run node city/test-all.mjs	2026-10-05T11:00:20.6406095Z ✔ the episode lifecycle: verify, discover, plan, patch, verify, COMPLETED (1327.5455ms)
gateway-web	Run node city/test-all.mjs	2026-10-05T11:00:20.6409632Z ✔ a repair that does not work is not retried blind, and the episode fails with evidence (1029.3288ms)
gateway-web	Run node city/test-all.mjs	2026-10-05T11:00:20.6411259Z ✔ a caller may cancel the episode at a step boundary, and it reports CANCELLED (940.4393ms)
gateway-web	Run node city/test-all.mjs	2026-10-05T11:00:20.6414950Z ✔ a transient failure is not retried blind: the attempt is recorded first, so the loop blocks (932.4269ms)
gateway-web	Run node city/test-all.mjs	2026-10-05T11:00:20.6416973Z ✔ a filesystem failure blocks rather than looping (1177.8198ms)
gateway-web	Run node city/test-all.mjs	2026-10-05T11:00:20.6421144Z ✔ a resource ceiling (degrade) blocks rather than looping, as a reconnect does (2068.4772ms)
gateway-web	Run node city/test-all.mjs	2026-10-05T11:00:20.6423896Z ✔ the documented repair tracker is what makes the retry arm unreachable (donor defect) (0.8971ms)
gateway-web	Run node city/test-all.mjs	2026-10-05T11:00:20.6427962Z ✔ a repair already ruled blind stalls instead of repeating the same patch (1003.6743ms)
gateway-web	Run node city/test-all.mjs	2026-10-05T11:00:20.6429502Z ✔ the repair budget is spent -> a stall, not another round (1096.706ms)
gateway-web	Run node city/test-all.mjs	2026-10-05T11:00:20.6433203Z ✔ the deadline bands gate new work: a nearly expired episode verifies and reports (971.8216ms)
gateway-web	Run node city/test-all.mjs	2026-10-05T11:00:20.6435363Z ✔ the episode budget defaults match the donor exactly (0.3459ms)
gateway-web	Run node city/test-all.mjs	2026-10-05T11:00:20.6438869Z ✔ the module surface the rest of the runtime imports is exactly the donor's (0.9696ms)
gateway-web	Run node city/test-all.mjs	2026-10-05T11:00:20.6441398Z ✔ the donor constants the port must not drift from (0.9099ms)
gateway-web	Run node city/test-all.mjs	2026-10-05T11:00:20.6444102Z ✔ a repair is proven before it is patched: reproduce precedes patch end to end (1072.0328ms)
gateway-web	Run node city/test-all.mjs	2026-10-05T11:00:20.6448248Z ✔ a killed process is never a success, even when it exited zero (1022.6769ms)
gateway-web	Run node city/test-all.mjs	2026-10-05T11:00:20.6451856Z ✔ a timed-out process is a failure with the timeout class, never a success (1019.3883ms)
gateway-web	Run node city/test-all.mjs	2026-10-05T11:00:20.6454479Z ✔ the completion gate refuses: the required tests, the unresolved failure, the build, the lint (4004.633ms)
gateway-web	Run node city/test-all.mjs	2026-10-05T11:00:20.6459350Z ✔ the completion gate refuses a workspace that is no longer the one it was given (408.6051ms)
gateway-web	Run node city/test-all.mjs	2026-10-05T11:00:20.6464194Z ✔ the lock is not stolen from a live owner (466.1565ms)
gateway-web	Run node city/test-all.mjs	2026-10-05T11:00:20.6467634Z ✔ the user's uncommitted work is never overwritten (809.6991ms)
gateway-web	Run node city/test-all.mjs	2026-10-05T11:00:20.6472262Z ✔ a workspace that does not exist is BLOCKED, and is not conjured into being by the lock (1.4579ms)
gateway-web	Run node city/test-all.mjs	2026-10-05T11:00:20.6475845Z ✔ the episode checkpoints its plan, its cursor and its phase as it walks (776.8707ms)
gateway-web	Run node city/test-all.mjs	2026-10-05T11:00:20.6477339Z ✔ the public entry point is the same loop, and builds the same supervisor (289.2837ms)
gateway-web	Run node city/test-all.mjs	2026-10-05T11:00:20.6673328Z ✔ the ladder is frozen, ordered weakest first, and every level is recognised (4.4042ms)
gateway-web	Run node city/test-all.mjs	2026-10-05T11:00:20.6675068Z ✔ commandFor answers which command a level would run without running it (1.0888ms)
gateway-web	Run node city/test-all.mjs	2026-10-05T11:00:20.6676228Z ✔ a level with no focused command falls back to the broader test command (1.1884ms)
gateway-web	Run node city/test-all.mjs	2026-10-05T11:00:20.6677764Z ✔ a run resolves the level command, appends the focus and goes through the supervisor (0.8719ms)
gateway-web	Run node city/test-all.mjs	2026-10-05T11:00:20.6679211Z ✔ a focus is not appended to a command that does not accept one (0.5179ms)
gateway-web	Run node city/test-all.mjs	2026-10-05T11:00:20.6680353Z ✔ a focusedTest command accepts a focus even when it does not declare one (1.2936ms)
gateway-web	Run node city/test-all.mjs	2026-10-05T11:00:20.6681419Z ✔ a declared command keeps its own arguments and its own cwd (1.1166ms)
gateway-web	Run node city/test-all.mjs	2026-10-05T11:00:20.6682744Z ✔ a level with no discovered command reports the refusal instead of guessing one (0.6868ms)
gateway-web	Run node city/test-all.mjs	2026-10-05T11:00:20.6684072Z ✔ an unknown level and an empty command are refusals that are still recorded (0.7798ms)
gateway-web	Run node city/test-all.mjs	2026-10-05T11:00:20.6685304Z ✔ a non-zero exit is classified from the output and is not a success (2.6463ms)
gateway-web	Run node city/test-all.mjs	2026-10-05T11:00:20.6686310Z ✔ a timeout is a failure with the timeout class (0.69ms)
gateway-web	Run node city/test-all.mjs	2026-10-05T11:00:20.6687205Z ✔ a killed process is not a success even when it exited zero (0.8518ms)
gateway-web	Run node city/test-all.mjs	2026-10-05T11:00:20.6688074Z ✔ a signalled exit is not a success (0.4616ms)
gateway-web	Run node city/test-all.mjs	2026-10-05T11:00:20.6689324Z ✔ a successful run is never left without a reason slot: ok runs carry reason null and failure null (0.2563ms)
gateway-web	Run node city/test-all.mjs	2026-10-05T11:00:20.6690556Z ✔ every run carries a timeout and truncates the output it retains (0.3913ms)
gateway-web	Run node city/test-all.mjs	2026-10-05T11:00:20.6691606Z ✔ a refused start is reported as a failure rather than thrown (0.3944ms)
gateway-web	Run node city/test-all.mjs	2026-10-05T11:00:20.6692901Z ✔ a supervisor that starts nothing, or cannot be awaited, is a failure and not a crash (0.4617ms)
gateway-web	Run node city/test-all.mjs	2026-10-05T11:00:20.6694280Z ✔ the waiter wins over the start record for exit code, signal and duration (0.2703ms)
gateway-web	Run node city/test-all.mjs	2026-10-05T11:00:20.6695617Z ✔ an entry record is used when the waiter is silent, including stdout+stderr concatenation (0.3526ms)
gateway-web	Run node city/test-all.mjs	2026-10-05T11:00:20.6696797Z ✔ runLevels stops at the first level that breaks and names it (0.6149ms)
gateway-web	Run node city/test-all.mjs	2026-10-05T11:00:20.6697893Z ✔ runLevels with no argument climbs the levels this verifier requires (0.5152ms)
gateway-web	Run node city/test-all.mjs	2026-10-05T11:00:20.6699206Z ✔ satisfied() is false when the full level never ran (0.4725ms)
gateway-web	Run node city/test-all.mjs	2026-10-05T11:00:20.6700313Z ✔ satisfied() is true only with fresh passing evidence at every required level (0.4394ms)
gateway-web	Run node city/test-all.mjs	2026-10-05T11:00:20.6701367Z ✔ satisfied() refuses a level that ran and did not pass (0.2428ms)
gateway-web	Run node city/test-all.mjs	2026-10-05T11:00:20.6702399Z ✔ satisfied() is false when the full level evidence predates a mutation (0.5756ms)
gateway-web	Run node city/test-all.mjs	2026-10-05T11:00:20.6703443Z ✔ satisfied() honours sinceAt and sinceMs against the clock (0.4331ms)
gateway-web	Run node city/test-all.mjs	2026-10-05T11:00:20.6704498Z ✔ satisfied() with an explicit level set answers only for those levels (0.2705ms)
gateway-web	Run node city/test-all.mjs	2026-10-05T11:00:20.6705545Z ✔ invalidate marks the levels stale and makes the gate refuse (0.9803ms)
gateway-web	Run node city/test-all.mjs	2026-10-05T11:00:20.6706573Z ✔ invalidate drops only the evidence at or before its own timestamp (0.3445ms)
gateway-web	Run node city/test-all.mjs	2026-10-05T11:00:20.6707733Z ✔ noteMutation bounds freshness for a verifier that has no mutation log (0.3396ms)
gateway-web	Run node city/test-all.mjs	2026-10-05T11:00:20.6708783Z ✔ noteMutation keeps the newest time and counts every note (0.276ms)
gateway-web	Run node city/test-all.mjs	2026-10-05T11:00:20.6710061Z ✔ evidence() reports when each level last ran and whether it is fresh (0.368ms)
gateway-web	Run node city/test-all.mjs	2026-10-05T11:00:20.6711116Z ✔ freshAt() with no level answers when anything was last verified (0.2999ms)
gateway-web	Run node city/test-all.mjs	2026-10-05T11:00:20.6712165Z ✔ freshAt(level) refuses a level that never ran, failed, or aged out (0.2641ms)
gateway-web	Run node city/test-all.mjs	2026-10-05T11:00:20.6713336Z ✔ setDiscovery points the verifier at a new command table without rebuilding it (0.3295ms)
gateway-web	Run node city/test-all.mjs	2026-10-05T11:00:20.6714534Z ✔ the audit trail is bounded and every recorded run has the same shape (0.5001ms)
gateway-web	Run node city/test-all.mjs	2026-10-05T11:00:20.6715683Z ✔ createVerifier refuses to exist without a supervisor or a workspace (1.8823ms)
gateway-web	Run node city/test-all.mjs	2026-10-05T11:00:20.6717260Z ✔ the workspace and required levels are exposed without letting a caller mutate them (0.2048ms)
gateway-web	Run node city/test-all.mjs	2026-10-05T11:00:20.6718921Z ✔ the default truncation seam resolves the sibling checkpoint module and bounds real output (4.4613ms)
gateway-web	Run node city/test-all.mjs	2026-10-05T11:00:20.6720075Z ✔ parseTestSummary reads node --test TAP-ish output (0.1213ms)
gateway-web	Run node city/test-all.mjs	2026-10-05T11:00:20.6720968Z ✔ parseTestSummary reads Jest and Vitest output (0.3308ms)
gateway-web	Run node city/test-all.mjs	2026-10-05T11:00:20.6721729Z ✔ parseTestSummary reads pytest output (0.2168ms)
gateway-web	Run node city/test-all.mjs	2026-10-05T11:00:20.6722471Z ✔ parseTestSummary reads cargo test output (0.2271ms)
gateway-web	Run node city/test-all.mjs	2026-10-05T11:00:20.6723358Z ✔ parseTestSummary returns null for junk and never throws (0.1286ms)
gateway-web	Run node city/test-all.mjs	2026-10-05T11:00:20.6724515Z ✔ a summary field that is absent stays null and is never guessed at zero (0.2694ms)
gateway-web	Run node city/test-all.mjs	2026-10-05T11:00:20.6725810Z ✔ pytest reports at least one failure when the run failed without naming a count (0.1153ms)
gateway-web	Run node city/test-all.mjs	2026-10-05T11:00:20.6727285Z ✔ cargo reports at least one failure when the summary says FAILED but the count is elsewhere (0.101ms)
gateway-web	Run node city/test-all.mjs	2026-10-05T11:00:20.6728542Z ✔ a Jest line that names no recognised clause is not a summary at all (0.0913ms)
gateway-web	Run node city/test-all.mjs	2026-10-05T11:00:20.6729726Z ✔ the summary parsers can be called on their own and each refuses foreign output (0.2029ms)
gateway-web	Run node city/test-all.mjs	2026-10-05T11:00:20.6730752Z ✔ splitCommand keeps a quoted argument together (0.2105ms)
gateway-web	Run node city/test-all.mjs	2026-10-05T11:00:20.6732472Z ✔ the refusal vocabulary is frozen and carries the donor's exact nine reasons (0.2466ms)
gateway-web	Run node city/test-all.mjs	2026-10-05T11:00:20.6735303Z ✔ an episode that meets every gate is COMPLETED with no reasons (1.0127ms)
gateway-web	Run node city/test-all.mjs	2026-10-05T11:00:20.6737302Z ✔ gate 1 — unsatisfied criteria refuse with the criteria reason (0.2936ms)
gateway-web	Run node city/test-all.mjs	2026-10-05T11:00:20.6739883Z ✔ gate 1 — an unknown criterion is not a satisfied one, even when satisfied is true (0.2285ms)
gateway-web	Run node city/test-all.mjs	2026-10-05T11:00:20.6741685Z ✔ gate 1 — a missing criteria evaluation is a refusal, not an assumption (0.2294ms)
gateway-web	Run node city/test-all.mjs	2026-10-05T11:00:20.6743172Z ✔ gate 2 — a required level that never ran refuses with its name (0.2441ms)
gateway-web	Run node city/test-all.mjs	2026-10-05T11:00:20.6744273Z ✔ gate 2 — a required level that ran and failed refuses with its name (0.2764ms)
gateway-web	Run node city/test-all.mjs	2026-10-05T11:00:20.6745818Z ✔ gate 2 — a contract that declares its own levels is believed over the default (0.3025ms)
gateway-web	Run node city/test-all.mjs	2026-10-05T11:00:20.6747275Z ✔ gate 2 — the donor's "no test level" escape hatch is unreachable, and that is preserved (0.4518ms)
gateway-web	Run node city/test-all.mjs	2026-10-05T11:00:20.6748608Z ✔ gate 2 — requiredTestLevels mirrors the contract declaration (0.1986ms)
gateway-web	Run node city/test-all.mjs	2026-10-05T11:00:20.6749694Z ✔ gate 3 — evidence older than the last change is not fresh (0.2295ms)
gateway-web	Run node city/test-all.mjs	2026-10-05T11:00:20.6751090Z ✔ gate 3 — evidence at or after the last change is fresh, and a level without a timestamp is not judged (0.1968ms)
gateway-web	Run node city/test-all.mjs	2026-10-05T11:00:20.6752450Z ✔ gate 3 — a freshness window expires evidence against the clock (0.3969ms)
gateway-web	Run node city/test-all.mjs	2026-10-05T11:00:20.6753718Z ✔ gate 3 — the window is not consulted at all when there is no last-change timestamp (0.1825ms)
gateway-web	Run node city/test-all.mjs	2026-10-05T11:00:20.6755234Z ✔ gate 4 — a required build that did not run or pass refuses, and both spellings of the flag work (0.3816ms)
gateway-web	Run node city/test-all.mjs	2026-10-05T11:00:20.6757065Z ✔ gate 5 — a required lint that did not run or pass refuses, and both spellings of the flag work (0.3154ms)
gateway-web	Run node city/test-all.mjs	2026-10-05T11:00:20.6758581Z ✔ gate 6 — an unresolved critical failure refuses and only the first ten are carried (0.3875ms)
gateway-web	Run node city/test-all.mjs	2026-10-05T11:00:20.6760266Z ✔ gate 6 — the gate judges the list it is handed, and the caller does the filtering (0.3616ms)
gateway-web	Run node city/test-all.mjs	2026-10-05T11:00:20.6761520Z ✔ unresolvedFailures keeps exactly the donor's critical classes (0.3643ms)
gateway-web	Run node city/test-all.mjs	2026-10-05T11:00:20.6762748Z ✔ gate 7 — a workspace that is no longer valid refuses with its own reason (0.2424ms)
gateway-web	Run node city/test-all.mjs	2026-10-05T11:00:20.6764060Z ✔ gate 7 — a workspace check is only made when one is supplied, and ok:true passes (0.2111ms)
gateway-web	Run node city/test-all.mjs	2026-10-05T11:00:20.6765359Z ✔ gate 8 — a leak count above zero refuses and names the offenders (0.3796ms)
gateway-web	Run node city/test-all.mjs	2026-10-05T11:00:20.6766560Z ✔ gate 9 — an episode that verified nothing is not a completed episode (0.2121ms)
gateway-web	Run node city/test-all.mjs	2026-10-05T11:00:20.6767730Z ✔ gate 9 — a command history alone is enough to have run something (0.1645ms)
gateway-web	Run node city/test-all.mjs	2026-10-05T11:00:20.6769104Z ✔ every refusal is reported at once, in the donor's gate order (0.275ms)
gateway-web	Run node city/test-all.mjs	2026-10-05T11:00:20.6770234Z ✔ the durable verdict is deterministic for the same input and clock (0.258ms)
gateway-web	Run node city/test-all.mjs	2026-10-05T11:00:20.6771466Z ✔ the durable verdict has a stable shape whether it completes or refuses (0.2974ms)
gateway-web	Run node city/test-all.mjs	2026-10-05T11:00:20.6772723Z ✔ collectLeaks asks each component and reports counts, not verdicts (0.5345ms)
gateway-web	Run node city/test-all.mjs	2026-10-05T11:00:20.6774168Z ✔ workspaceStillValid asks the filesystem, and a missing root is a refusal with the real error (1.6102ms)
gateway-web	Run node city/test-all.mjs	2026-10-05T11:00:20.6775669Z ✔ the forbidden list and the default policy are frozen with the donor's contents (0.2038ms)
gateway-web	Run node city/test-all.mjs	2026-10-05T11:00:20.6777225Z ✔ every destructive command is refused before it reaches the shell (286.3098ms)
gateway-web	Run node city/test-all.mjs	2026-10-05T11:00:20.6778404Z ✔ an allowed verb is executed and answers with the real exit code (388.6359ms)
gateway-web	Run node city/test-all.mjs	2026-10-05T11:00:20.6779678Z ✔ status separates untracked, staged, modified and conflicted files (1300.0442ms)
gateway-web	Run node city/test-all.mjs	2026-10-05T11:00:20.6780913Z ✔ status reports the failure instead of pretending the tree is clean (52.436ms)
gateway-web	Run node city/test-all.mjs	2026-10-05T11:00:20.6782084Z ✔ head reports the branch, the sha and whether HEAD is detached (834.4764ms)
gateway-web	Run node city/test-all.mjs	2026-10-05T11:00:20.6783171Z ✔ diff is bounded and the staged diff is the cached one (729.1674ms)
gateway-web	Run node city/test-all.mjs	2026-10-05T11:00:20.6784224Z ✔ stage takes explicit paths only, and refuses an empty list (414.7651ms)
gateway-web	Run node city/test-all.mjs	2026-10-05T11:00:20.6785662Z ✔ commit refuses by default, refuses without a message, and works only when the contract allows it (1167.3576ms)
gateway-web	Run node city/test-all.mjs	2026-10-05T11:00:20.6787174Z ✔ a commit with nothing staged fails on git's own refusal, not on a rewritten one (640.2562ms)
gateway-web	Run node city/test-all.mjs	2026-10-05T11:00:20.6788416Z ✔ push and merge are refused unless the contract says otherwise (308.5875ms)
gateway-web	Run node city/test-all.mjs	2026-10-05T11:00:20.6789449Z ✔ drift names exactly what moved since the baseline (1562.1ms)
gateway-web	Run node city/test-all.mjs	2026-10-05T11:00:20.6790518Z ✔ the command history is bounded to the last two hundred entries (10992.5165ms)
gateway-web	Run node city/test-all.mjs	2026-10-05T11:00:20.6791502Z ✔ the exported vocabularies are the donor's (0.1515ms)
gateway-web	Run node city/test-all.mjs	2026-10-05T11:00:20.6792502Z ✔ an incomplete registry identity is refused at construction (4.2896ms)
gateway-web	Run node city/test-all.mjs	2026-10-05T11:00:20.6793772Z ✔ a registry that failed to initialize refuses every operation with the same error (1.3761ms)
gateway-web	Run node city/test-all.mjs	2026-10-05T11:00:20.6795415Z ✔ a scratch path on the work volume is not cross-volume material, and the path is judged before the purpose (1.374ms)
gateway-web	Run node city/test-all.mjs	2026-10-05T11:00:20.6796958Z ✔ cleanup is a no-op until the episode is terminal (1.1947ms)
gateway-web	Run node city/test-all.mjs	2026-10-05T11:00:20.6798049Z ✔ a cleaned registry with nothing registered proves an empty cleanup (0.9976ms)
gateway-web	Run node city/test-all.mjs	2026-10-05T11:00:20.6799240Z ✔ retrying cleanup debt is the terminal cleanup under its own reason (1.0388ms)
gateway-web	Run node city/test-all.mjs	2026-10-05T11:00:20.6800625Z ✔ a restored registration is validated against the episode, the work root and its own type (9.5843ms)
gateway-web	Run node city/test-all.mjs	2026-10-05T11:00:20.6802058Z ✔ the registry deep-copies what it hands out, so a caller cannot edit its own ledger (0.8232ms)
gateway-web	Run node city/test-all.mjs	2026-10-05T11:00:20.6803305Z ✔ §41 CR-01 a compiler failure parses into a step, a diagnostic and an exit code (1.2248ms)
gateway-web	Run node city/test-all.mjs	2026-10-05T11:00:20.6804674Z ✔ §41 CR-02 a test failure parses into the failing test name and keeps the assertion (0.2386ms)
gateway-web	Run node city/test-all.mjs	2026-10-05T11:00:20.6806174Z ✔ the exit-code wrapper is never mistaken for an assertion (0.3405ms)
gateway-web	Run node city/test-all.mjs	2026-10-05T11:00:20.6807393Z ✔ a second assertion for the same test becomes an annotation, not an overwrite (0.2353ms)
gateway-web	Run node city/test-all.mjs	2026-10-05T11:00:20.6808516Z ✔ an assertion with no pending test is an annotation (0.2047ms)
gateway-web	Run node city/test-all.mjs	2026-10-05T11:00:20.6809403Z ✔ the alternate diagnostic form is read too (0.1508ms)
gateway-web	Run node city/test-all.mjs	2026-10-05T11:00:20.6810344Z ✔ commands are de-duplicated and ANSI colour is stripped (0.1846ms)
gateway-web	Run node city/test-all.mjs	2026-10-05T11:00:20.6811379Z ✔ the annotation list is capped at twenty exit-code lines (0.2308ms)
gateway-web	Run node city/test-all.mjs	2026-10-05T11:00:20.6812733Z ✔ the twenty-line cap does not apply to assertion lines, and the donor does not pretend it does (0.1838ms)
gateway-web	Run node city/test-all.mjs	2026-10-05T11:00:20.6814179Z ✔ a log with nothing recognisable parses honestly empty and invents no cause (0.2268ms)
gateway-web	Run node city/test-all.mjs	2026-10-05T11:00:20.6815525Z ✔ log_bytes counts UTF-8 bytes, not characters (0.4603ms)
gateway-web	Run node city/test-all.mjs	2026-10-05T11:00:20.6816854Z ✔ the signature identifies the failure and moves when the failure moves (0.2621ms)
gateway-web	Run node city/test-all.mjs	2026-10-05T11:00:20.6818074Z ✔ the signature is a sha256 of the donor's exact identity payload (0.19ms)
gateway-web	Run node city/test-all.mjs	2026-10-05T11:00:20.6819256Z ✔ CI could not start is reported as infrastructure, not as a code failure (0.1921ms)
gateway-web	Run node city/test-all.mjs	2026-10-05T11:00:20.6820390Z ✔ a recognisable failure is never called infrastructure (0.3101ms)
gateway-web	Run node city/test-all.mjs	2026-10-05T11:00:20.6821537Z ✔ §41 CR-03 a compiler failure is BUILD and its local gate is the typecheck (3.493ms)
gateway-web	Run node city/test-all.mjs	2026-10-05T11:00:20.6822609Z ✔ §41 CR-03 a test failure is TEST with the unit gate (0.9507ms)
gateway-web	Run node city/test-all.mjs	2026-10-05T11:00:20.6823748Z ✔ the local gate table is the donor's, and an unmappable class has no gate at all (0.1894ms)
gateway-web	Run node city/test-all.mjs	2026-10-05T11:00:20.6825000Z ✔ §41 CR-05 a prohibited CI failure goes straight to the Hard Blocker (0.5693ms)
gateway-web	Run node city/test-all.mjs	2026-10-05T11:00:20.6826188Z ✔ the loop is bounded by §33.2's budgets, not by a counter invented here (0.732ms)
gateway-web	Run node city/test-all.mjs	2026-10-05T11:00:20.6827324Z ✔ a NOT_APPLICABLE attempt does not spend a recovery budget (0.2324ms)
gateway-web	Run node city/test-all.mjs	2026-10-05T11:00:20.6828371Z ✔ a class with no local gate is a retry, and the plan says so (0.7072ms)
gateway-web	Run node city/test-all.mjs	2026-10-05T11:00:20.6829530Z ✔ §41 CR-04 only a green CI read counts, and a failed read is not a pass (0.1723ms)
gateway-web	Run node city/test-all.mjs	2026-10-05T11:00:20.6830616Z ✔ §41 the loop ends at PASS, at a Hard Blocker, or not yet (0.1478ms)
gateway-web	Run node city/test-all.mjs	2026-10-05T11:00:20.6831709Z ✔ the CI-repair plan is deterministic for the same log and attempts (0.4398ms)
gateway-web	Run node city/test-all.mjs	2026-10-05T11:00:20.6832876Z ✔ ci-repair needs no clock, no filesystem and no network to decide (0.1403ms)
gateway-web	Run node city/test-all.mjs	2026-10-05T11:00:20.6834287Z ✔ the correctable field list is the donor's eight text fields, and excludes the structured evidence (0.3317ms)
gateway-web	Run node city/test-all.mjs	2026-10-05T11:00:20.6835728Z ✔ a correction replaces only its own field and leaves the rest of the draft alone (0.1644ms)
gateway-web	Run node city/test-all.mjs	2026-10-05T11:00:20.6837238Z ✔ the latest correction per field wins, whatever order the list arrives in (0.1117ms)
gateway-web	Run node city/test-all.mjs	2026-10-05T11:00:20.6838391Z ✔ two corrections with the same timestamp resolve to the later one in the list (0.0946ms)
gateway-web	Run node city/test-all.mjs	2026-10-05T11:00:20.6839530Z ✔ several fields can be corrected at once, each from its own latest entry (0.1659ms)
gateway-web	Run node city/test-all.mjs	2026-10-05T11:00:20.6846141Z ✔ a blank correction is ignored, and a draft nobody corrected is returned unchanged by identity (0.157ms)
gateway-web	Run node city/test-all.mjs	2026-10-05T11:00:20.6846980Z ✔ a blank correction for one field does not suppress a real correction for another (0.1009ms)
gateway-web	Run node city/test-all.mjs	2026-10-05T11:00:20.6847623Z ✔ the donor does not filter corrections by cluster key (0.0919ms)
gateway-web	Run node city/test-all.mjs	2026-10-05T11:00:20.6848189Z ✔ fields the draft does not have are carried through untouched (0.2569ms)
gateway-web	Run node city/test-all.mjs	2026-10-05T11:00:20.6848755Z ✔ applying the same corrections twice is deterministic (0.134ms)
gateway-web	Run node city/test-all.mjs	2026-10-05T11:00:20.6849303Z ✔ the action sets and the state vocabulary are the donor sets (1.9666ms)
gateway-web	Run node city/test-all.mjs	2026-10-05T11:00:20.6849802Z ✔ every AUTO_ACTION waits and auto-resumes (0.4232ms)
gateway-web	Run node city/test-all.mjs	2026-10-05T11:00:20.6850310Z ✔ every PAUSED_ACTION pauses and must not auto-resume (0.1959ms)
gateway-web	Run node city/test-all.mjs	2026-10-05T11:00:20.6850825Z ✔ an action in neither set is ACTIVE and auto-resumes (0.4331ms)
gateway-web	Run node city/test-all.mjs	2026-10-05T11:00:20.6851612Z ✔ a falsy reason falls back to that state default, a real reason is kept (0.3576ms)
gateway-web	Run node city/test-all.mjs	2026-10-05T11:00:20.6852154Z ✔ retryAt is present only when it was defined (0.5523ms)
gateway-web	Run node city/test-all.mjs	2026-10-05T11:00:20.6852700Z ✔ updatedAt is the injected clock in ISO form, and the clock is required (1.1561ms)
gateway-web	Run node city/test-all.mjs	2026-10-05T11:00:20.6853372Z ✔ pausedForProvider pauses, never auto-resumes and never writes a deadline (0.4754ms)
gateway-web	Run node city/test-all.mjs	2026-10-05T11:00:20.6854013Z ✔ the three labels are the donor labels (0.5689ms)
gateway-web	Run node city/test-all.mjs	2026-10-05T11:00:20.6855057Z ✔ providerStateRecord validates the donor shape instead of repairing it (0.6102ms)
gateway-web	Run node city/test-all.mjs	2026-10-05T11:00:20.6856147Z ✔ the availability vocabulary is the donor ten, in the donor order (2.7856ms)
gateway-web	Run node city/test-all.mjs	2026-10-05T11:00:20.6857260Z ✔ isRuntimeAvailable: exactly one of the ten values is available (0.4917ms)
gateway-web	Run node city/test-all.mjs	2026-10-05T11:00:20.6859193Z ✔ isRuntimeAvailable refuses a value outside the ten-value vocabulary (0.8219ms)
gateway-web	Run node city/test-all.mjs	2026-10-05T11:00:20.6860498Z ✔ unsupportedRuntime keeps the donor identity and capability defaults (0.827ms)
gateway-web	Run node city/test-all.mjs	2026-10-05T11:00:20.6861958Z ✔ unsupportedRuntime.healthCheck reports UNSUPPORTED with the donor message and injected time (1.4469ms)
gateway-web	Run node city/test-all.mjs	2026-10-05T11:00:20.6863400Z ✔ unsupportedRuntime.execute refuses permanently and is not retryable (0.9882ms)
gateway-web	Run node city/test-all.mjs	2026-10-05T11:00:20.6864785Z ✔ providerRuntimeAdapter refuses an id without the web: prefix, with the donor message (1.8098ms)
gateway-web	Run node city/test-all.mjs	2026-10-05T11:00:20.6866191Z ✔ providerRuntimeAdapter accepts a web: id and declares kind web (0.2624ms)
gateway-web	Run node city/test-all.mjs	2026-10-05T11:00:20.6867473Z ✔ providerRuntimeAdapter merges the donor all-seven-role default with no override (0.4266ms)
gateway-web	Run node city/test-all.mjs	2026-10-05T11:00:20.6868922Z ✔ providerRuntimeAdapter applies a partial override and keeps the untouched defaults (0.6653ms)
gateway-web	Run node city/test-all.mjs	2026-10-05T11:00:20.6870084Z ✔ healthCheck and execute delegate to the injected hooks (1.4754ms)
gateway-web	Run node city/test-all.mjs	2026-10-05T11:00:20.6871133Z ✔ cancel delegates to the hook and resolves when no hook is supplied (0.4372ms)
gateway-web	Run node city/test-all.mjs	2026-10-05T11:00:20.6872322Z ✔ a missing healthCheck/execute hook fails at the call, not at construction (0.4195ms)
gateway-web	Run node city/test-all.mjs	2026-10-05T11:00:20.6874077Z ✔ runtimeRequest copies the donor fields and keeps optionals absent when not supplied (0.5468ms)
gateway-web	Run node city/test-all.mjs	2026-10-05T11:00:20.6875853Z ✔ runtimeFailure keeps the donor field shapes and the conditional retryAt (0.3635ms)
gateway-web	Run node city/test-all.mjs	2026-10-05T11:00:20.6877144Z ✔ runtimeResult keeps the four statuses and the optional donor fields (0.9368ms)
gateway-web	Run node city/test-all.mjs	2026-10-05T11:00:20.6878395Z ✔ provider usage never invents a number the provider did not report (0.1958ms)
gateway-web	Run node city/test-all.mjs	2026-10-05T11:00:20.6879585Z ✔ runtimeHealth and runtimeMetrics are validated, not repaired (0.2289ms)
gateway-web	Run node city/test-all.mjs	2026-10-05T11:00:20.6880721Z ✔ the module reads no ambient clock, environment or randomness (17.5852ms)
gateway-web	Run node city/test-all.mjs	2026-10-05T11:00:20.6881742Z ✔ an unknown runtime is CLOSED and is never listed (4.0501ms)
gateway-web	Run node city/test-all.mjs	2026-10-05T11:00:20.6882774Z ✔ the donor defaults are a threshold of 3 and a 60 s cooldown (0.9775ms)
gateway-web	Run node city/test-all.mjs	2026-10-05T11:00:20.6883859Z ✔ failureThreshold is clamped to 1..20 and a non-integer throws (1.7071ms)
gateway-web	Run node city/test-all.mjs	2026-10-05T11:00:20.6885027Z ✔ cooldownMs is clamped to 1..604800000 and a non-integer throws (0.4825ms)
gateway-web	Run node city/test-all.mjs	2026-10-05T11:00:20.6887712Z ✔ the clock is the caller’s, and there is no built-in one (0.3353ms)
gateway-web	Run node city/test-all.mjs	2026-10-05T11:00:20.6921798Z ✔ CLOSED reaches OPEN exactly at the failure threshold, and not before (0.5189ms)
gateway-web	Run node city/test-all.mjs	2026-10-05T11:00:20.6928811Z ✔ isOpen is true only while the reported state is OPEN (0.3766ms)
gateway-web	Run node city/test-all.mjs	2026-10-05T11:00:20.6931155Z ✔ HALF_OPEN appears exactly at the cooldown boundary (0.4305ms)
gateway-web	Run node city/test-all.mjs	2026-10-05T11:00:20.6934455Z ✔ a failure while OPEN inside the cooldown stays OPEN and leaves openedAt unchanged (0.5045ms)
gateway-web	Run node city/test-all.mjs	2026-10-05T11:00:20.6937119Z ✔ HALF_OPEN admits at most one probe, and the probe counter is per runtime (0.9149ms)
gateway-web	Run node city/test-all.mjs	2026-10-05T11:00:20.6939367Z ✔ a verified success closes the breaker and clears the streak and the probe (0.7704ms)
gateway-web	Run node city/test-all.mjs	2026-10-05T11:00:20.6941529Z ✔ a verified success also closes a record that is still stored OPEN but past its cooldown (0.2923ms)
gateway-web	Run node city/test-all.mjs	2026-10-05T11:00:20.6943135Z ✔ a failed probe reopens with a fresh cooldown and the streak at the threshold (0.4096ms)
gateway-web	Run node city/test-all.mjs	2026-10-05T11:00:20.6944299Z ✔ cancelProbe frees a consumed probe without changing breaker state (0.5307ms)
gateway-web	Run node city/test-all.mjs	2026-10-05T11:00:20.6945469Z ✔ reset removes the record and the probe, so the runtime is CLOSED again (0.6036ms)
gateway-web	Run node city/test-all.mjs	2026-10-05T11:00:20.6946645Z ✔ list reports each runtime’s current state and streak (0.4523ms)
gateway-web	Run node city/test-all.mjs	2026-10-05T11:00:20.6947769Z ✔ a snapshot restores exactly, and the effective options travel with it (0.5974ms)
gateway-web	Run node city/test-all.mjs	2026-10-05T11:00:20.6948892Z ✔ a malformed snapshot throws instead of being repaired (1.1675ms)
gateway-web	Run node city/test-all.mjs	2026-10-05T11:00:20.6950049Z ✔ the value-level calls return new state and never mutate the state they were given (0.5694ms)
gateway-web	Run node city/test-all.mjs	2026-10-05T11:00:20.6951164Z ✔ only the six provider-technical kinds trip the breaker (0.3511ms)
gateway-web	Run node city/test-all.mjs	2026-10-05T11:00:20.6952247Z ✔ one broken runtime does not disturb another (0.229ms)
gateway-web	Run node city/test-all.mjs	2026-10-05T11:00:20.6953059Z ✔ an option that cannot be an integer fails closed (0.4545ms)
gateway-web	Run node city/test-all.mjs	2026-10-05T11:00:20.6954084Z ✔ a caller-supplied file path is not part of this module’s shape (0.2135ms)
gateway-web	Run node city/test-all.mjs	2026-10-05T11:00:20.6955130Z ✔ covers all 11 semantic outcomes with a continuous axis mapping (2.3537ms)
gateway-web	Run node city/test-all.mjs	2026-10-05T11:00:20.6956154Z ✔ A02: runtime SUCCESS + normal completion ⇒ FULL_COMPLETION (1.508ms)
gateway-web	Run node city/test-all.mjs	2026-10-05T11:00:20.6957347Z ✔ A03: runtime SUCCESS + explicit refusal ⇒ HARD_REFUSAL without being a runtime failure (0.2645ms)
gateway-web	Run node city/test-all.mjs	2026-10-05T11:00:20.6958561Z ✔ A04: partial completion and partial refusal are distinguishable (0.2768ms)
gateway-web	Run node city/test-all.mjs	2026-10-05T11:00:20.6959623Z ✔ A05: runtime TIMEOUT ⇒ UNCLASSIFIED with no restriction penalty (0.3727ms)
gateway-web	Run node city/test-all.mjs	2026-10-05T11:00:20.6960610Z ✔ A06: AUTH_REQUIRED ⇒ no capability/restriction penalty (0.2605ms)
gateway-web	Run node city/test-all.mjs	2026-10-05T11:00:20.6961758Z ✔ A07: PAGE_CHANGED ⇒ no semantic negative evidence (0.2364ms)
gateway-web	Run node city/test-all.mjs	2026-10-05T11:00:20.6962765Z ✔ A08: goal drift is recorded when the worker silently changes scope (1.4627ms)
gateway-web	Run node city/test-all.mjs	2026-10-05T11:00:20.6963789Z ✔ format failure is distinguished from provider restriction (0.3083ms)
gateway-web	Run node city/test-all.mjs	2026-10-05T11:00:20.6964932Z ✔ deterministic verification failure outranks provider behaviour signals (0.4506ms)
gateway-web	Run node city/test-all.mjs	2026-10-05T11:00:20.6966172Z ✔ an unobservable success is UNCLASSIFIED rather than a fabricated completion (0.3127ms)
gateway-web	Run node city/test-all.mjs	2026-10-05T11:00:20.6967163Z ✔ classifies runtime codes as non-semantic (0.2752ms)
gateway-web	Run node city/test-all.mjs	2026-10-05T11:00:20.6968180Z ✔ a SUCCESS that also carries a non-semantic code is still not model behaviour (1.3526ms)
gateway-web	Run node city/test-all.mjs	2026-10-05T11:00:20.6969435Z ✔ a runtime failure with no listed code is still excluded, and says so (0.2281ms)
gateway-web	Run node city/test-all.mjs	2026-10-05T11:00:20.6970573Z ✔ selection precedence between the non-failure signals is the donor’s (0.4837ms)
gateway-web	Run node city/test-all.mjs	2026-10-05T11:00:20.6971708Z ✔ an injected evaluator version is stamped on every classification (0.3024ms)
gateway-web	Run node city/test-all.mjs	2026-10-05T11:00:20.6972913Z ✔ detectGoalDrift reports scope-change markers and unaddressed deliverables (0.9432ms)
gateway-web	Run node city/test-all.mjs	2026-10-05T11:00:20.6974591Z ✔ createEvaluationRevision appends a revision without overwriting the original (0.1777ms)
gateway-web	Run node city/test-all.mjs	2026-10-05T11:00:20.6976202Z ✔ semanticEvaluation validates and copies an evaluation (0.8396ms)
gateway-web	Run node city/test-all.mjs	2026-10-05T11:00:20.6977513Z ✔ catalog describes source resolution and preview without promising installation (22.4305ms)
gateway-web	Run node city/test-all.mjs	2026-10-05T11:00:20.6978665Z ✔ GitHub reference parsing matches the donor (4.5174ms)
gateway-web	Run node city/test-all.mjs	2026-10-05T11:00:20.6979741Z ✔ archive planning and the resolution plan match the donor ordering (1.0063ms)
gateway-web	Run node city/test-all.mjs	2026-10-05T11:00:20.6981000Z ✔ a resolved plan is offline only: no download happens and none is planned (0.5063ms)
gateway-web	Run node city/test-all.mjs	2026-10-05T11:00:20.6982305Z ✔ the tiered scanner resolves bundles, collections, siblings and flat files (10.8678ms)
gateway-web	Run node city/test-all.mjs	2026-10-05T11:00:20.6983530Z ✔ the scanner is deterministic over an injected in-memory tree (4.8733ms)
gateway-web	Run node city/test-all.mjs	2026-10-05T11:00:20.6984628Z ✔ a scanned skill is validated by this module's own parser (3.3629ms)
gateway-web	Run node city/test-all.mjs	2026-10-05T11:00:20.6985863Z ✔ the curated catalog searches offline and degrades a failed live search (19.797ms)
gateway-web	Run node city/test-all.mjs	2026-10-05T11:00:20.6987156Z ✔ the module never writes a runtime file and never installs or downloads (14.0935ms)
gateway-web	Run node city/test-all.mjs	2026-10-05T11:00:20.6988446Z ✔ skill name grammar matches the donor (2.1368ms)
gateway-web	Run node city/test-all.mjs	2026-10-05T11:00:20.6989572Z ✔ frontmatter parsing reads the donor subset (metadata, whenToUse, invocation) (3.1252ms)
gateway-web	Run node city/test-all.mjs	2026-10-05T11:00:20.6990866Z ✔ malformed frontmatter is rejected with a reason, never guessed (0.395ms)
gateway-web	Run node city/test-all.mjs	2026-10-05T11:00:20.6991986Z ✔ rendering round-trips through the parser like the donor (0.5228ms)
gateway-web	Run node city/test-all.mjs	2026-10-05T11:00:20.6993291Z ✔ the highest-level analysis accepts a valid document and rejects an oversized one (0.9975ms)
gateway-web	Run node city/test-all.mjs	2026-10-05T11:00:20.6994607Z ✔ the tar reader lists regular files and directories like the donor (2.2495ms)
gateway-web	Run node city/test-all.mjs	2026-10-05T11:00:20.6996081Z ✔ traversal and absolute paths are refused (1.2083ms)
gateway-web	Run node city/test-all.mjs	2026-10-05T11:00:20.6997405Z ✔ symlinks, hardlinks and devices are refused, never accepted (0.8879ms)
gateway-web	Run node city/test-all.mjs	2026-10-05T11:00:20.6998564Z ✔ byte and entry caps stop a zip-bomb sized archive and a flood of entries (2.9307ms)
gateway-web	Run node city/test-all.mjs	2026-10-05T11:00:20.6999675Z ✔ gzip is detected and decompressed transparently (2.7502ms)
gateway-web	Run node city/test-all.mjs	2026-10-05T11:00:20.7000670Z ✔ a corrupt header checksum is refused instead of being misread (0.6938ms)
gateway-web	Run node city/test-all.mjs	2026-10-05T11:00:20.7002069Z ✔ the module is self-contained: built-ins only, no donor checkout dependency (19.2263ms)
gateway-web	Run node city/test-all.mjs	2026-10-05T11:00:20.7003665Z ✔ provenance stays honest: DONOR.json pins the donor and records the adaptation (3.0579ms)
gateway-web	Run node city/test-all.mjs	2026-10-05T11:00:20.7005004Z ✔ dshBin keeps the donor path shape and follows the injected app root (1.7205ms)
gateway-web	Run node city/test-all.mjs	2026-10-05T11:00:20.7006133Z ✔ nodeExecutable is the donor rule env.DSH_NODE || node (0.3365ms)
gateway-web	Run node city/test-all.mjs	2026-10-05T11:00:20.7007300Z ✔ childEnv sets exactly the donor keys, with the donor defaults and order (0.9542ms)
gateway-web	Run node city/test-all.mjs	2026-10-05T11:00:20.7008613Z ✔ childEnv never mutates the ambient environment and returns a fresh object (0.2649ms)
gateway-web	Run node city/test-all.mjs	2026-10-05T11:00:20.7010101Z ✔ childEnv lets the ambient mode variables win over the defaults, and spreads overrides last (0.2746ms)
gateway-web	Run node city/test-all.mjs	2026-10-05T11:00:20.7011630Z ✔ startJob builds the donor argv, cwd, stdio and pipes, and returns {child, pid, logFile} (0.6868ms)
gateway-web	Run node city/test-all.mjs	2026-10-05T11:00:20.7012721Z ✔ startJob honours an explicit logFile (0.3149ms)
gateway-web	Run node city/test-all.mjs	2026-10-05T11:00:20.7013946Z ✔ startJob passes permissionMode through as DSH_PERMISSION_MODE, and omits it otherwise (1.2133ms)
gateway-web	Run node city/test-all.mjs	2026-10-05T11:00:20.7015383Z ✔ startJob pipes into the log stream it opened, so the child records to that file (0.5027ms)
gateway-web	Run node city/test-all.mjs	2026-10-05T11:00:20.7017001Z ✔ killTree spawns taskkill.exe with the donor argv for a numeric pid (0.5429ms)
gateway-web	Run node city/test-all.mjs	2026-10-05T11:00:20.7018474Z ✔ killTree stringifies a non-numeric pid and spawns nothing for a falsy one (0.3092ms)
gateway-web	Run node city/test-all.mjs	2026-10-05T11:00:20.7019788Z ✔ killTree swallows a synchronous spawn throw, as the donor empty catch did (0.5372ms)
gateway-web	Run node city/test-all.mjs	2026-10-05T11:00:20.7021071Z ✔ index.mjs re-exports the runner factory and the closed vocabularies (0.2992ms)
gateway-web	Run node city/test-all.mjs	2026-10-05T11:00:20.7022345Z ✔ the module is self-contained: built-ins only, no donor checkout dependency (17.17ms)
gateway-web	Run node city/test-all.mjs	2026-10-05T11:00:20.7023700Z ✔ provenance stays honest: DONOR.json pins the donor and records the deferrals (1.829ms)
gateway-web	Run node city/test-all.mjs	2026-10-05T11:00:20.7024916Z ✔ the contract carries the donor vocabulary, in the donor order (6.2333ms)
gateway-web	Run node city/test-all.mjs	2026-10-05T11:00:20.7026173Z ✔ factories copy on construct: mutating a result never touches the vocabulary (0.5319ms)
gateway-web	Run node city/test-all.mjs	2026-10-05T11:00:20.7027494Z ✔ validators refuse invalid input instead of turning it into valid input (0.7845ms)
gateway-web	Run node city/test-all.mjs	2026-10-05T11:00:20.7028660Z ✔ every status lands in exactly one of the three status classes (0.5339ms)
gateway-web	Run node city/test-all.mjs	2026-10-05T11:00:20.7029601Z ✔ normalizeStatus trims and upper-cases (0.3047ms)
gateway-web	Run node city/test-all.mjs	2026-10-05T11:00:20.7030688Z ✔ terminalState classifies all six persisted spellings and refuses the rest (0.2039ms)
gateway-web	Run node city/test-all.mjs	2026-10-05T11:00:20.7032000Z ✔ persistedStatusFor keeps the persisted vocabulary backward compatible (0.2483ms)
gateway-web	Run node city/test-all.mjs	2026-10-05T11:00:20.7033657Z ✔ statusLabel names the three canonical states and falls back to Terminated (0.1663ms)
gateway-web	Run node city/test-all.mjs	2026-10-05T11:00:20.7034831Z ✔ firstLine returns the first non-empty trimmed line (0.4194ms)
gateway-web	Run node city/test-all.mjs	2026-10-05T11:00:20.7036303Z ✔ truncate collapses whitespace and reserves one character for the ellipsis (1.0827ms)
gateway-web	Run node city/test-all.mjs	2026-10-05T11:00:20.7037448Z ✔ taskDisplayName walks the donor candidate order (0.8933ms)
gateway-web	Run node city/test-all.mjs	2026-10-05T11:00:20.7038599Z ✔ errorSummary joins code and message, degrades to JSON, and never throws (0.9238ms)
gateway-web	Run node city/test-all.mjs	2026-10-05T11:00:20.7039857Z ✔ shortResult formats Xs / Xm Ys / Xh Ym and refuses incomplete tasks (0.4638ms)
gateway-web	Run node city/test-all.mjs	2026-10-05T11:00:20.7041136Z ✔ terminalEpoch truncates a positive instant and collapses everything else to 0 (0.3074ms)
gateway-web	Run node city/test-all.mjs	2026-10-05T11:00:20.7042416Z ✔ terminalKey is <id>#<state>#<epoch>, including the epoch-0 case (0.4903ms)
gateway-web	Run node city/test-all.mjs	2026-10-05T11:00:20.7043477Z ✔ buildTerminalEvent builds the full COMPLETED payload (0.5028ms)
gateway-web	Run node city/test-all.mjs	2026-10-05T11:00:20.7044825Z ✔ buildTerminalEvent builds the full FAILED_FINAL payload with its error (0.2752ms)
gateway-web	Run node city/test-all.mjs	2026-10-05T11:00:20.7046044Z ✔ buildTerminalEvent keeps the null-vs-zero distinctions of the donor (0.3229ms)
gateway-web	Run node city/test-all.mjs	2026-10-05T11:00:20.7047324Z ✔ buildTerminalEvent defaults the source and lets the caller override it (0.4763ms)
gateway-web	Run node city/test-all.mjs	2026-10-05T11:00:20.7048792Z ✔ buildTerminalEvent takes its clock as a parameter and is deterministic without one (0.5534ms)
gateway-web	Run node city/test-all.mjs	2026-10-05T11:00:20.7050213Z ✔ buildTerminalEvent falls back to CANCELLED and carries the reason verbatim (0.3271ms)
gateway-web	Run node city/test-all.mjs	2026-10-05T11:00:20.7051457Z ✔ buildTerminalEvent tolerates a non-task and always names one (0.2235ms)
gateway-web	Run node city/test-all.mjs	2026-10-05T11:00:20.7052488Z ✔ index.mjs is the one export site for this module (0.2159ms)
gateway-web	Run node city/test-all.mjs	2026-10-05T11:00:20.7055431Z ﹣ the port matches the compiled donor on every scripted and seeded scenario (1.5924ms) # donor build absent at D:\a\utopia\utopia\.runtime\evidence\mission-book\MB-005\donor-health\lib\index.js; build it per the header of this file to run the differential parity check
gateway-web	Run node city/test-all.mjs	2026-10-05T11:00:20.7057905Z ✔ the canonical registry is sorted, unique, complete and prototype-safe (5.2913ms)
gateway-web	Run node city/test-all.mjs	2026-10-05T11:00:20.7059198Z ✔ hard physical bounds are declared exactly where the donor declared them (0.2529ms)
gateway-web	Run node city/test-all.mjs	2026-10-05T11:00:20.7060652Z ✔ the dimension dispatch table covers every canonical metric with two named exceptions (0.2916ms)
gateway-web	Run node city/test-all.mjs	2026-10-05T11:00:20.7062009Z ✔ the three shipped preset documents are the documents the code builds (2.2064ms)
gateway-web	Run node city/test-all.mjs	2026-10-05T11:00:20.7063244Z ✔ ramp endpoints come from polarity, never from the written order (0.3168ms)
gateway-web	Run node city/test-all.mjs	2026-10-05T11:00:20.7064453Z ✔ the ramp is linear, rounded to an integer, and clamped at both ends (0.4813ms)
gateway-web	Run node city/test-all.mjs	2026-10-05T11:00:20.7065796Z ✔ a lower-is-worse band ramps the other way and tolerates either written order (0.2676ms)
gateway-web	Run node city/test-all.mjs	2026-10-05T11:00:20.7067063Z ✔ an unknown value scores null and levels as unknown, never as none (0.4042ms)
gateway-web	Run node city/test-all.mjs	2026-10-05T11:00:20.7068095Z ✔ the level boundaries are exactly 0 / 35 / 65 / 85 (0.3034ms)
gateway-web	Run node city/test-all.mjs	2026-10-05T11:00:20.7069315Z ✔ the sustain gate holds a spike at zero and opens exactly at the configured duration (0.5037ms)
gateway-web	Run node city/test-all.mjs	2026-10-05T11:00:20.7070539Z ✔ band identity is derived the same way the store times it (0.3714ms)
gateway-web	Run node city/test-all.mjs	2026-10-05T11:00:20.7071760Z ✔ a ratio above 1 and at most 1.5 clamps to 1 with a violation, not a rejection (0.6929ms)
gateway-web	Run node city/test-all.mjs	2026-10-05T11:00:20.7072798Z ✔ a ratio above 1.5 is rejected as above_hard_max (0.233ms)
gateway-web	Run node city/test-all.mjs	2026-10-05T11:00:20.7074204Z ✔ impossible physical values are rejected below and above the hard bound (0.4071ms)
gateway-web	Run node city/test-all.mjs	2026-10-05T11:00:20.7075640Z ✔ a value just outside the hard bound is snapped rather than rejected (the 1e-9 tolerance) (0.3155ms)
gateway-web	Run node city/test-all.mjs	2026-10-05T11:00:20.7089608Z ✔ non-numbers, NaN and Infinity are violations and the survivors come back name-sorted (0.3984ms)
gateway-web	Run node city/test-all.mjs	2026-10-05T11:00:20.7090435Z ✔ a non-canonical metric name is a violation, and an absent metric is never invented (0.2349ms)
gateway-web	Run node city/test-all.mjs	2026-10-05T11:00:20.7091255Z ✔ window statistics are exact, and a metric with no data has null statistics rather than zeros (3.1824ms)
gateway-web	Run node city/test-all.mjs	2026-10-05T11:00:20.7091998Z ✔ the raw retention floor is raised to the longest configured window (1.4985ms)
gateway-web	Run node city/test-all.mjs	2026-10-05T11:00:20.7092904Z ✔ band timing restarts on a band change and on leaving every band (0.4367ms)
gateway-web	Run node city/test-all.mjs	2026-10-05T11:00:20.7093625Z ✔ recording a bag declares band identity, so the sustain gate times the data not the question (0.6779ms)
gateway-web	Run node city/test-all.mjs	2026-10-05T11:00:20.7094772Z ✔ the store is bounded: raw points and buckets are pruned by construction (14.6675ms)
gateway-web	Run node city/test-all.mjs	2026-10-05T11:00:20.7095526Z ✔ daily summaries are per local calendar day, weighted by sample count, metrics sorted (7.0094ms)
gateway-web	Run node city/test-all.mjs	2026-10-05T11:00:20.7096248Z ✔ a sustained leak is a trusted worsening trend with an exact slope and R² (1.5231ms)
gateway-web	Run node city/test-all.mjs	2026-10-05T11:00:20.7096917Z ✔ noise is not trusted, and polarity decides which direction is worsening (1.061ms)
gateway-web	Run node city/test-all.mjs	2026-10-05T11:00:20.7097499Z ✔ the trend gates produce unknown rather than a guess (0.3187ms)
gateway-web	Run node city/test-all.mjs	2026-10-05T11:00:20.7098270Z ✔ past the raw horizon the aggregate buckets take over, and the summary says so (0.7384ms)
gateway-web	Run node city/test-all.mjs	2026-10-05T11:00:20.7098882Z ✔ trend formatting keeps the donor precision asymmetry (0.1541ms)
gateway-web	Run node city/test-all.mjs	2026-10-05T11:00:20.7099554Z ✔ missing telemetry is not health: an unmeasured dimension is unknown with a null score (3.6115ms)
gateway-web	Run node city/test-all.mjs	2026-10-05T11:00:20.7100414Z ✔ the weight of a missing dimension is redistributed, and the redistribution is published as coverage (1.5893ms)
gateway-web	Run node city/test-all.mjs	2026-10-05T11:00:20.7101188Z ✔ with nothing measured at all the pressure is null and the coverage is zero (0.7815ms)
gateway-web	Run node city/test-all.mjs	2026-10-05T11:00:20.7101899Z ✔ the worst metric leads: a dimension score is half weighted mean, half worst member (2.3539ms)
gateway-web	Run node city/test-all.mjs	2026-10-05T11:00:20.7102670Z ✔ a single critical metric is not averaged away by calm ones, and no known metric means null (1.6634ms)
gateway-web	Run node city/test-all.mjs	2026-10-05T11:00:20.7103345Z ✔ the time dimension is the uptime ramp from 8 hours to 336 hours (1.157ms)
gateway-web	Run node city/test-all.mjs	2026-10-05T11:00:20.7103977Z ✔ a configured metric with no band and no trend is collected but never scored (0.6617ms)
gateway-web	Run node city/test-all.mjs	2026-10-05T11:00:20.7104684Z ✔ the trend term is added on top of the band score and normalised by the band span (2.1759ms)
gateway-web	Run node city/test-all.mjs	2026-10-05T11:00:20.7105400Z ✔ drivers are produced only at 35 or above, and their contribution is weighted down (1.2474ms)
gateway-web	Run node city/test-all.mjs	2026-10-05T11:00:20.7106113Z ✔ driver codes are dimension-flavoured, and a trend-led driver is a slope code (1.8168ms)
gateway-web	Run node city/test-all.mjs	2026-10-05T11:00:20.7106788Z ✔ the ladder maps pressure onto actions at the exact default thresholds (2.2387ms)
gateway-web	Run node city/test-all.mjs	2026-10-05T11:00:20.7107394Z ✔ every candidate carries its driver codes and a coverage tag (0.4969ms)
gateway-web	Run node city/test-all.mjs	2026-10-05T11:00:20.7108070Z ✔ hysteresis holds the action in force until pressure falls through its own exit band (0.4545ms)
gateway-web	Run node city/test-all.mjs	2026-10-05T11:00:20.7108792Z ✔ a series that oscillates around the enter threshold never oscillates the action (0.5065ms)
gateway-web	Run node city/test-all.mjs	2026-10-05T11:00:20.7109493Z ✔ debounce delays a new high-risk level for exactly the configured evaluations (0.5886ms)
gateway-web	Run node city/test-all.mjs	2026-10-05T11:00:20.7110305Z ✔ dwell slows a low-level transition for exactly the configured duration, and never the first crossing (0.2773ms)
gateway-web	Run node city/test-all.mjs	2026-10-05T11:00:20.7111109Z ✔ the three cooldown buckets and their balanced durations map exactly as documented (0.1982ms)
gateway-web	Run node city/test-all.mjs	2026-10-05T11:00:20.7111846Z ✔ a suppressed repeat is suppressed but a suppressed de-escalation is only delayed (0.275ms)
gateway-web	Run node city/test-all.mjs	2026-10-05T11:00:20.7112492Z ✔ the state machine names a gated restart instead of forgetting it (0.5983ms)
gateway-web	Run node city/test-all.mjs	2026-10-05T11:00:20.7113147Z ✔ the restart gate downgrades to PAUSE_NEW_WORK and names every blocking reason (0.5489ms)
gateway-web	Run node city/test-all.mjs	2026-10-05T11:00:20.7113779Z ✔ the configuration can forbid a restart, and the reason says so (0.2541ms)
gateway-web	Run node city/test-all.mjs	2026-10-05T11:00:20.7114819Z ✔ the urgent override skips the window, and level 4 alone may override the safe point (0.3322ms)
gateway-web	Run node city/test-all.mjs	2026-10-05T11:00:20.7115537Z ✔ wall-clock parsing is strict and the occurrence boundaries are inclusive (0.9026ms)
gateway-web	Run node city/test-all.mjs	2026-10-05T11:00:20.7116232Z ✔ a wrapping window is handled, and clockWithin is start-inclusive end-exclusive (0.2091ms)
gateway-web	Run node city/test-all.mjs	2026-10-05T11:00:20.7117115Z ✔ the maintenance picture reports every phase, and an exhausted deferral still says go (1.0718ms)
gateway-web	Run node city/test-all.mjs	2026-10-05T11:00:20.7117831Z ✔ window arithmetic is local-calendar based, so it survives a day boundary (0.2751ms)
gateway-web	Run node city/test-all.mjs	2026-10-05T11:00:20.7118578Z ✔ safe points fold worst-first, and an unanswered question is not a yes (51.5ms)
gateway-web	Run node city/test-all.mjs	2026-10-05T11:00:20.7119242Z ✔ safePointRequired: false skips the question instead of answering it badly (7.1804ms)
gateway-web	Run node city/test-all.mjs	2026-10-05T11:00:20.7119904Z ✔ a registered safe point gates the request through the real scheduler (31.3729ms)
gateway-web	Run node city/test-all.mjs	2026-10-05T11:00:20.7120577Z ✔ the level-to-action mapping reaches the right adapter and always as a request (9.6849ms)
gateway-web	Run node city/test-all.mjs	2026-10-05T11:00:20.7121252Z ✔ a system request always acknowledges the reboot, and only that rung does (1.7742ms)
gateway-web	Run node city/test-all.mjs	2026-10-05T11:00:20.7122014Z ✔ the engine only ever calls the documented adapter methods, so an action cannot become an effect (1.7894ms)
gateway-web	Run node city/test-all.mjs	2026-10-05T11:00:20.7122845Z ✔ the cooldown starts on the attempt, so a long critical run is bounded to a few requests (254.6774ms)
gateway-web	Run node city/test-all.mjs	2026-10-05T11:00:20.7123592Z ✔ a throwing restart adapter never stops the loop and never becomes a request storm (14.2474ms)
gateway-web	Run node city/test-all.mjs	2026-10-05T11:00:20.7124305Z ✔ an unavailable capability reports a refusal rather than throwing or acting (2.0568ms)
gateway-web	Run node city/test-all.mjs	2026-10-05T11:00:20.7124879Z ✔ disabled configuration samples nothing at all (0.305ms)
gateway-web	Run node city/test-all.mjs	2026-10-05T11:00:20.7125444Z ✔ the ingest seam records violations and never tracks a rejected metric (0.3104ms)
gateway-web	Run node city/test-all.mjs	2026-10-05T11:00:20.7126083Z ✔ per-window history is exposed for one metric and coverage stays honest (0.6416ms)
gateway-web	Run node city/test-all.mjs	2026-10-05T11:00:20.7126734Z ✔ provider failures are isolated, backed off exponentially, and reported (1.3188ms)
gateway-web	Run node city/test-all.mjs	2026-10-05T11:00:20.7127406Z ✔ a disabled provider and a per-provider flag are both skipped in sorted order (0.3418ms)
gateway-web	Run node city/test-all.mjs	2026-10-05T11:00:20.7128044Z ✔ the decision log keeps a bounded, append-only ring, newest last (0.5985ms)
gateway-web	Run node city/test-all.mjs	2026-10-05T11:00:20.7128724Z ✔ the on-disk log is a JSONL envelope, read back, tolerant of a torn line, and rotates (15.8476ms)
gateway-web	Run node city/test-all.mjs	2026-10-05T11:00:20.7129357Z ✔ an unwritable log directory is reported instead of thrown (0.7139ms)
gateway-web	Run node city/test-all.mjs	2026-10-05T11:00:20.7130044Z ✔ the stats file is read first-match-wins, with unknown keys reported and staleness named (3.6452ms)
gateway-web	Run node city/test-all.mjs	2026-10-05T11:00:20.7130815Z ✔ the command-probe grammar ignores what it cannot trust and reports what it cannot parse (0.5967ms)
gateway-web	Run node city/test-all.mjs	2026-10-05T11:00:20.7131512Z ✔ a command probe with an empty argv refuses instead of executing anything (0.2614ms)
gateway-web	Run node city/test-all.mjs	2026-10-05T11:00:20.7132187Z ✔ the built-in provider graph follows the configuration without reading the OS (0.8784ms)
gateway-web	Run node city/test-all.mjs	2026-10-05T11:00:20.7133644Z ✔ the text report never claims that an unknown is healthy and renders goldens exactly (7.3067ms)
gateway-web	Run node city/test-all.mjs	2026-10-05T11:00:20.7135140Z ✔ the machine payload serialises without an undefined, and keeps the donor key names (1.2882ms)
gateway-web	Run node city/test-all.mjs	2026-10-05T11:00:20.7136509Z ✔ a rejected settings document is refused loudly and leaves the configuration in force (0.8028ms)
gateway-web	Run node city/test-all.mjs	2026-10-05T11:00:20.7138383Z ✔ a bad configuration is rejected loudly but the caller can keep running on balanced (1.2929ms)
gateway-web	Run node city/test-all.mjs	2026-10-05T11:00:20.7140177Z ✔ the module ships no process-control primitive of any kind (8.3085ms)
gateway-web	Run node city/test-all.mjs	2026-10-05T11:00:20.7141540Z ✔ the only outbound capability is a bounded action request, and no exported function can stop a process (3.3425ms)
gateway-web	Run node city/test-all.mjs	2026-10-05T11:00:20.7142974Z ✔ the real OS-backed providers are optional: nothing in the module builds one on its own (2.9099ms)
gateway-web	Run node city/test-all.mjs	2026-10-05T11:00:20.7144140Z ✔ the unbound port cannot verify anything, and acknowledges nothing (4.3862ms)
gateway-web	Run node city/test-all.mjs	2026-10-05T11:00:20.7145202Z ✔ available is false exactly when the bound port is an unbound one (0.4926ms)
gateway-web	Run node city/test-all.mjs	2026-10-05T11:00:20.7146275Z ✔ a required checkpoint authorizes only when it is safe AND completed (1.3369ms)
gateway-web	Run node city/test-all.mjs	2026-10-05T11:00:20.7147487Z ✔ a checkpoint that is NOT required always authorizes, and says so when it was not safe (1.5494ms)
gateway-web	Run node city/test-all.mjs	2026-10-05T11:00:20.7149931Z ✔ a throwing port becomes checkpoint_threw and never authorizes (1.2603ms)
gateway-web	Run node city/test-all.mjs	2026-10-05T11:00:20.7150956Z ✔ a slow port is bounded by a real timeout, and authorizes nothing (26.9432ms)
gateway-web	Run node city/test-all.mjs	2026-10-05T11:00:20.7151980Z ✔ timeoutMs <= 0 means no timeout at all (124.5148ms)
gateway-web	Run node city/test-all.mjs	2026-10-05T11:00:20.7152912Z ✔ elapsedMs is measured from the injected clock, not from the wall clock (1.7768ms)
gateway-web	Run node city/test-all.mjs	2026-10-05T11:00:20.7153936Z ✔ the contracts validate and copy every value they hand back (1.2998ms)
gateway-web	Run node city/test-all.mjs	2026-10-05T11:00:20.7155321Z ✔ the module is self-contained: timers are the only ambient dependency (6.7131ms)
gateway-web	Run node city/test-all.mjs	2026-10-05T11:00:20.7156530Z ✔ the outcome shape has one declaration: this gate imports it from the shared layer (2.454ms)
gateway-web	Run node city/test-all.mjs	2026-10-05T11:00:20.7157837Z ✔ the lock vocabulary and the declared transition table are the donor vocabulary (2.7412ms)
gateway-web	Run node city/test-all.mjs	2026-10-05T11:00:20.7158951Z ✔ every declared edge is accepted, and no declared edge is missing (3.3477ms)
gateway-web	Run node city/test-all.mjs	2026-10-05T11:00:20.7160120Z ✔ an undeclared edge is refused with the donor detail and leaves the state alone (0.6468ms)
gateway-web	Run node city/test-all.mjs	2026-10-05T11:00:20.7161283Z ✔ entering REQUESTED needs a holder, and only IDLE -> REQUESTED sets it (0.401ms)
gateway-web	Run node city/test-all.mjs	2026-10-05T11:00:20.7162422Z ✔ history is bounded by maxHistory and drops the oldest record first (1.0842ms)
gateway-web	Run node city/test-all.mjs	2026-10-05T11:00:20.7163586Z ✔ release forces IDLE from every working state, and is null when already idle (0.8217ms)
gateway-web	Run node city/test-all.mjs	2026-10-05T11:00:20.7164780Z ✔ heldForMs reads the injected clock, and requestState names each lock state (0.6761ms)
gateway-web	Run node city/test-all.mjs	2026-10-05T11:00:20.7165934Z ✔ transitions returns a copy, and the lock object is frozen (0.8094ms)
gateway-web	Run node city/test-all.mjs	2026-10-05T11:00:20.7167117Z ✔ the vocabularies have one declaration: this module imports them from the shared layer (13.5352ms)
gateway-web	Run node city/test-all.mjs	2026-10-05T11:00:20.7168515Z ✔ the module is self-contained: no donor checkout, no ambient clock, no runtime dependency (3.0979ms)
gateway-web	Run node city/test-all.mjs	2026-10-05T11:00:20.7172466Z ✔ sorts object keys by code unit, independently of insertion order (1.8347ms)
gateway-web	Run node city/test-all.mjs	2026-10-05T11:00:20.7173261Z ✔ drops undefined object values and renders array positions as null (0.2884ms)
gateway-web	Run node city/test-all.mjs	2026-10-05T11:00:20.7173901Z ✔ recurses through nested objects and arrays, keeping array order (0.2771ms)
gateway-web	Run node city/test-all.mjs	2026-10-05T11:00:20.7174459Z ✔ emits no whitespace and JSON-quotes every key (0.1844ms)
gateway-web	Run node city/test-all.mjs	2026-10-05T11:00:20.7175461Z ✔ passes non-objects through JSON.stringify with the null fallback (1.3035ms)
gateway-web	Run node city/test-all.mjs	2026-10-05T11:00:20.7176140Z ✔ produces a pinned canonical form and sha256 digest for one fixed document (0.8263ms)
gateway-web	Run node city/test-all.mjs	2026-10-05T11:00:20.7176821Z ✔ the digest is stable when the same document is built in another key order (0.3738ms)
gateway-web	Run node city/test-all.mjs	2026-10-05T11:00:20.7177459Z ✔ a different value is a different digest, so the pin is load-bearing (0.3688ms)
gateway-web	Run node city/test-all.mjs	2026-10-05T11:00:20.7177997Z ✔ accepts a complete request and normalizes it (3.8381ms)
gateway-web	Run node city/test-all.mjs	2026-10-05T11:00:20.7178504Z ✔ refuses a non-object with the donor message for its type (0.3508ms)
gateway-web	Run node city/test-all.mjs	2026-10-05T11:00:20.7179111Z ✔ refuses each missing or blank string field with a field-specific message (0.363ms)
gateway-web	Run node city/test-all.mjs	2026-10-05T11:00:20.7179808Z ✔ refuses an unknown mode, a non-boolean checkpoint flag and an unknown priority (0.3263ms)
gateway-web	Run node city/test-all.mjs	2026-10-05T11:00:20.7180456Z ✔ defaults priority to normal and the acknowledgement to false (0.3327ms)
gateway-web	Run node city/test-all.mjs	2026-10-05T11:00:20.7181059Z ✔ defaults createdAt to the epoch and refuses a non-string createdAt (0.3018ms)
gateway-web	Run node city/test-all.mjs	2026-10-05T11:00:20.7181670Z ✔ trims surrounding whitespace instead of accepting it as content (0.2677ms)
gateway-web	Run node city/test-all.mjs	2026-10-05T11:00:20.7182236Z ✔ enforces each MAX_* bound at its limit and one past it (0.4446ms)
gateway-web	Run node city/test-all.mjs	2026-10-05T11:00:20.7182784Z ✔ refuses control characters by name, after the bound check (1.1495ms)
gateway-web	Run node city/test-all.mjs	2026-10-05T11:00:20.7183331Z ✔ refuses everything when disabled, after the shape check (0.4533ms)
gateway-web	Run node city/test-all.mjs	2026-10-05T11:00:20.7183846Z ✔ refuses an unknown source and names the allowed ones (0.276ms)
gateway-web	Run node city/test-all.mjs	2026-10-05T11:00:20.7184382Z ✔ refuses a priority the deployment does not accept (0.2597ms)
gateway-web	Run node city/test-all.mjs	2026-10-05T11:00:20.7185740Z ✔ refuses a disabled mode (0.3373ms)
gateway-web	Run node city/test-all.mjs	2026-10-05T11:00:20.7187535Z ✔ refuses a system restart unless it is permitted and acknowledged (0.3317ms)
gateway-web	Run node city/test-all.mjs	2026-10-05T11:00:20.7188417Z ✔ refuses while the crash-loop breaker is tripped (0.1939ms)
gateway-web	Run node city/test-all.mjs	2026-10-05T11:00:20.7189853Z ✔ refuses a duplicate request id only when duplicate suppression is on (0.6725ms)
gateway-web	Run node city/test-all.mjs	2026-10-05T11:00:20.7190404Z ✔ refuses while another restart is in flight (0.2807ms)
gateway-web	Run node city/test-all.mjs	2026-10-05T11:00:20.7190939Z ✔ refuses inside a cooldown and reports the rounded remaining time (0.5186ms)
gateway-web	Run node city/test-all.mjs	2026-10-05T11:00:20.7191501Z ✔ refuses when a required checkpoint cannot be verified (0.2182ms)
gateway-web	Run node city/test-all.mjs	2026-10-05T11:00:20.7192114Z ✔ refuses when no supervisor has been seen, because exiting is not restarting (0.2117ms)
gateway-web	Run node city/test-all.mjs	2026-10-05T11:00:20.7193223Z ✔ runs the ladder in the donor order: the cheapest refusal wins (0.4084ms)
gateway-web	Run node city/test-all.mjs	2026-10-05T11:00:20.7193734Z ✔ documents every code the ladder can raise (0.213ms)
gateway-web	Run node city/test-all.mjs	2026-10-05T11:00:20.7194181Z ✔ builds a refusal with no request attached (0.0976ms)
gateway-web	Run node city/test-all.mjs	2026-10-05T11:00:20.7194897Z ✔ fingerprints the six fingerprinted fields and nothing else (1.162ms)
gateway-web	Run node city/test-all.mjs	2026-10-05T11:00:20.7195406Z ✔ the vocabularies are frozen donor data (0.2265ms)
gateway-web	Run node city/test-all.mjs	2026-10-05T11:00:20.7195930Z ✔ a contract factory refuses invalid input instead of repairing it (1.2065ms)
gateway-web	Run node city/test-all.mjs	2026-10-05T11:00:20.7196631Z ✔ a contract factory copies, freezes and carries only declared fields (1.5149ms)
gateway-web	Run node city/test-all.mjs	2026-10-05T11:00:20.7197511Z ✔ the three seams are separate, and only the shutdown port asks the host (0.6714ms)
gateway-web	Run node city/test-all.mjs	2026-10-05T11:00:20.7198957Z ✔ the pinned digest is the donor digest, recomputed field by field (3.9153ms)
gateway-web	Run node city/test-all.mjs	2026-10-05T11:00:20.7200284Z ✔ a built ticket round-trips through the verification ladder (1.649ms)
gateway-web	Run node city/test-all.mjs	2026-10-05T11:00:20.7201063Z ✔ the builder fills the schema version and computes the checksum over every other field (0.5695ms)
gateway-web	Run node city/test-all.mjs	2026-10-05T11:00:20.7201767Z ✔ the digest is reproducible and independent of key insertion order (0.811ms)
gateway-web	Run node city/test-all.mjs	2026-10-05T11:00:20.7202433Z ✔ sha256 is the donor digest spelling: sha256:<hex>, 64 lowercase hex digits (0.6096ms)
gateway-web	Run node city/test-all.mjs	2026-10-05T11:00:20.7202986Z ✔ rejection missing: no document at all (0.3089ms)
gateway-web	Run node city/test-all.mjs	2026-10-05T11:00:20.7203476Z ✔ rejection malformed: a document that is not an object (0.2996ms)
gateway-web	Run node city/test-all.mjs	2026-10-05T11:00:20.7204074Z ✔ the donor's malformed rung is exactly `typeof candidate !== 'object'` (0.2869ms)
gateway-web	Run node city/test-all.mjs	2026-10-05T11:00:20.7204773Z ✔ a short or extra-fielded document is judged by the checksum rung, as in the donor (2.0695ms)
gateway-web	Run node city/test-all.mjs	2026-10-05T11:00:20.7205411Z ✔ rejection schema_version: a document from another schema (0.6531ms)
gateway-web	Run node city/test-all.mjs	2026-10-05T11:00:20.7205983Z ✔ rejection checksum: tampering with one field after the build (1.7061ms)
gateway-web	Run node city/test-all.mjs	2026-10-05T11:00:20.7206517Z ✔ rejection expired: an unparsable or past expiry (0.6913ms)
gateway-web	Run node city/test-all.mjs	2026-10-05T11:00:20.7207079Z ✔ rejection wrong_pid: only when the caller supplies an expected pid (0.594ms)
gateway-web	Run node city/test-all.mjs	2026-10-05T11:00:20.7207666Z ✔ the ladder is the donor's six rungs, and no seventh can fire (1.7082ms)
gateway-web	Run node city/test-all.mjs	2026-10-05T11:00:20.7208197Z ✔ the ladder stops at the first rung, in the donor order (0.4576ms)
gateway-web	Run node city/test-all.mjs	2026-10-05T11:00:20.7208787Z ✔ the builder throws only where the donor's own date construction throws (2.861ms)
gateway-web	Run node city/test-all.mjs	2026-10-05T11:00:20.7209409Z ✔ the ticket factory never turns an invalid document into a valid one (0.8479ms)
gateway-web	Run node city/test-all.mjs	2026-10-05T11:00:20.7209935Z ✔ emptyLedger() has the donor shape exactly (0.2375ms)
gateway-web	Run node city/test-all.mjs	2026-10-05T11:00:20.7210392Z ✔ the contract vocabulary is the donor vocabulary (0.296ms)
gateway-web	Run node city/test-all.mjs	2026-10-05T11:00:20.7210893Z ✔ the contract keeps the donor vocabulary and nothing else (4.5972ms)
gateway-web	Run node city/test-all.mjs	2026-10-05T11:00:20.7211448Z ✔ the manifest is sorted, hashed and rooted deterministically (16.5054ms)
gateway-web	Run node city/test-all.mjs	2026-10-05T11:00:20.7212056Z ✔ a stored hash that no longer matches fails closed instead of re-hashing (1.4726ms)
gateway-web	Run node city/test-all.mjs	2026-10-05T11:00:20.7213059Z ✔ structured claims drive the claim statuses exactly as the donor decides them (3.5029ms)
gateway-web	Run node city/test-all.mjs	2026-10-05T11:00:20.7213811Z ✔ PASS needs every provider, no dispute and no blocking claim; nothing else passes (1.6386ms)
gateway-web	Run node city/test-all.mjs	2026-10-05T11:00:20.7214646Z ✔ the bundle is deterministic when the ids and clock are injected (0.61ms)
gateway-web	Run node city/test-all.mjs	2026-10-05T11:00:20.7215246Z ✔ rehydration addresses only the unresolved claims and calls nobody (0.5131ms)
gateway-web	Run node city/test-all.mjs	2026-10-05T11:00:20.7215944Z ✔ the module is self-contained: no Boss runtime, no donor checkout (12.5944ms)
gateway-web	Run node city/test-all.mjs	2026-10-05T11:00:20.7216542Z ✔ the frozen figure vocabulary keeps the donor defaults and bounds (2.4127ms)
gateway-web	Run node city/test-all.mjs	2026-10-05T11:00:20.7217048Z ✔ a concrete chart is emitted byte for byte (0.8202ms)
gateway-web	Run node city/test-all.mjs	2026-10-05T11:00:20.7217569Z ✔ the chart is deterministic, and its digest is pinned at full length (0.9036ms)
gateway-web	Run node city/test-all.mjs	2026-10-05T11:00:20.7218100Z ✔ rows and labels stay bounded at the donor limits (0.662ms)
gateway-web	Run node city/test-all.mjs	2026-10-05T11:00:20.7218535Z ✔ user-controlled text is escaped for SVG (0.2092ms)
gateway-web	Run node city/test-all.mjs	2026-10-05T11:00:20.7219057Z ✔ options and defaults flow through without changing the donor rules (0.3916ms)
gateway-web	Run node city/test-all.mjs	2026-10-05T11:00:20.7219616Z ✔ edge inputs render exactly as the donor renders them (0.2588ms)
gateway-web	Run node city/test-all.mjs	2026-10-05T11:00:20.7220207Z ✔ figureForRuns is the donor wrapper: name runs.svg, title passed through (0.8304ms)
gateway-web	Run node city/test-all.mjs	2026-10-05T11:00:20.7220819Z ✔ the figure factories validate, freeze, copy and never repair (1.4419ms)
gateway-web	Run node city/test-all.mjs	2026-10-05T11:00:20.7221392Z ✔ the manuscript vocabulary keeps the donor order and membership (2.0545ms)
gateway-web	Run node city/test-all.mjs	2026-10-05T11:00:20.7222028Z ✔ the six section briefs carry the donor purposes, claim ids and evidence ids (0.838ms)
gateway-web	Run node city/test-all.mjs	2026-10-05T11:00:20.7222684Z ✔ the evidence check fails on a missing id and on an out-of-scope reference (0.5702ms)
gateway-web	Run node city/test-all.mjs	2026-10-05T11:00:20.7223313Z ✔ the evidence check keeps the donor token grammar and the 20-id cap (0.6128ms)
gateway-web	Run node city/test-all.mjs	2026-10-05T11:00:20.7223954Z ✔ §18 sufficiency reports the exact unmet obligations in declaration order (3.5056ms)
gateway-web	Run node city/test-all.mjs	2026-10-05T11:00:20.7224617Z ✔ §19 anti-premature-closure names every undiscussed claim and evidence id (0.8089ms)
gateway-web	Run node city/test-all.mjs	2026-10-05T11:00:20.7225239Z ✔ §19 reports a results section that no discussion interprets (0.4444ms)
gateway-web	Run node city/test-all.mjs	2026-10-05T11:00:20.7225813Z ✔ the LaTeX table is emitted byte for byte, with the donor escapes (0.9282ms)
gateway-web	Run node city/test-all.mjs	2026-10-05T11:00:20.7226434Z ✔ the Markdown table mirrors the same rows, with its own escaping rules (0.7444ms)
gateway-web	Run node city/test-all.mjs	2026-10-05T11:00:20.7227038Z ✔ the §21.2 visual-evidence verdict keeps the donor reason string (0.4593ms)
gateway-web	Run node city/test-all.mjs	2026-10-05T11:00:20.7227607Z ✔ the donor plan validator keeps its exact refusal messages (0.5139ms)
gateway-web	Run node city/test-all.mjs	2026-10-05T11:00:20.7228179Z ✔ the manuscript factories validate, freeze, copy and never repair (2.17ms)
gateway-web	Run node city/test-all.mjs	2026-10-05T11:00:20.7228879Z ✔ the allow-list names the donor executable families and strips path and Windows suffixes (2.6961ms)
gateway-web	Run node city/test-all.mjs	2026-10-05T11:00:20.7229472Z ✔ the command gate accepts a complete spec (0.9176ms)
gateway-web	Run node city/test-all.mjs	2026-10-05T11:00:20.7229997Z ✔ the command gate refuses with the donor messages, in the donor order (1.1138ms)
gateway-web	Run node city/test-all.mjs	2026-10-05T11:00:20.7230755Z ✔ a bare executable outside the allow-list is still a valid spec: the donor does not mix the two gates (0.2003ms)
gateway-web	Run node city/test-all.mjs	2026-10-05T11:00:20.7231507Z ✔ a section prompt is bound to the frozen contract and lists only its claims (2.6176ms)
gateway-web	Run node city/test-all.mjs	2026-10-05T11:00:20.7232192Z ✔ a section that would rewrite the frozen goal is refused with the donor reason (2.0472ms)
gateway-web	Run node city/test-all.mjs	2026-10-05T11:00:20.7233150Z ✔ the sufficiency gate needs evidence, runs, citations and a review (1.501ms)
gateway-web	Run node city/test-all.mjs	2026-10-05T11:00:20.7233772Z ✔ the sufficiency gate keeps the donor accounting exactly (0.3664ms)
gateway-web	Run node city/test-all.mjs	2026-10-05T11:00:20.7234311Z ✔ the frozen vocabularies keep the donor members and order (2.6375ms)
gateway-web	Run node city/test-all.mjs	2026-10-05T11:00:20.7234775Z ✔ every vocabulary array is frozen (1.0581ms)
gateway-web	Run node city/test-all.mjs	2026-10-05T11:00:20.7235351Z ✔ the research budget and scope factories copy and refuse with the donor messages (1.3163ms)
gateway-web	Run node city/test-all.mjs	2026-10-05T11:00:20.7236035Z ✔ the research IR factory keeps the donor validation order and messages (1.0254ms)
gateway-web	Run node city/test-all.mjs	2026-10-05T11:00:20.7236631Z ✔ the protocol factory validates the scientific core and copies (1.7237ms)
gateway-web	Run node city/test-all.mjs	2026-10-05T11:00:20.7237251Z ✔ the amendment factory refuses non-frozen fields and missing reasons (0.9645ms)
gateway-web	Run node city/test-all.mjs	2026-10-05T11:00:20.7238029Z ✔ the research contract factory is a strict gate and copies the lists (0.6911ms)
gateway-web	Run node city/test-all.mjs	2026-10-05T11:00:20.7239147Z ✔ the research command spec factory keeps the donor allow-list text and limits (1.0645ms)
gateway-web	Run node city/test-all.mjs	2026-10-05T11:00:20.7240532Z ✔ index.mjs is the one export site and exposes exactly the ported surface (0.6948ms)
gateway-web	Run node city/test-all.mjs	2026-10-05T11:00:20.7242186Z ✔ the module is self-contained and pure: nothing outside its directory, no clock, no randomness (15.7787ms)
gateway-web	Run node city/test-all.mjs	2026-10-05T11:00:20.7245873Z ✔ the transition graph is the donor table and covers every state (2.0244ms)
gateway-web	Run node city/test-all.mjs	2026-10-05T11:00:20.7248930Z ✔ the main flow advances in the plan order and stops at READY (0.3175ms)
gateway-web	Run node city/test-all.mjs	2026-10-05T11:00:20.7250163Z ✔ a control state has no successor unless control transitions are allowed (0.3202ms)
gateway-web	Run node city/test-all.mjs	2026-10-05T11:00:20.7251199Z ✔ canAdvance refuses FAILED, READY and the two waiting states (0.3081ms)
gateway-web	Run node city/test-all.mjs	2026-10-05T11:00:20.7252181Z ✔ the IR gate accepts a complete IR and refuses with the donor messages (1.8189ms)
gateway-web	Run node city/test-all.mjs	2026-10-05T11:00:20.7253692Z ✔ the canonical form sorts keys recursively and hashes through the injected digest (2.0831ms)
gateway-web	Run node city/test-all.mjs	2026-10-05T11:00:20.7254855Z ✔ the scientific core is the donor field set, exclusion rule optional (1.3859ms)
gateway-web	Run node city/test-all.mjs	2026-10-05T11:00:20.7255879Z ✔ diffProtocol reports a silent change only for a differing frozen field (0.6058ms)
gateway-web	Run node city/test-all.mjs	2026-10-05T11:00:20.7257084Z ✔ the amendment gate refuses with the donor messages and accepts a frozen-field change (1.0121ms)
gateway-web	Run node city/test-all.mjs	2026-10-05T11:00:20.7258368Z ✔ a declared baseline is honoured, an unknown source becomes implementation-declared (0.5624ms)
gateway-web	Run node city/test-all.mjs	2026-10-05T11:00:20.7259565Z ✔ with no declared baseline the host infers a named provenance and records why (0.444ms)
gateway-web	Run node city/test-all.mjs	2026-10-05T11:00:20.7260715Z ✔ every stage routes to the donor role, and only to a declared role (1.7047ms)
gateway-web	Run node city/test-all.mjs	2026-10-05T11:00:20.7261845Z ✔ every stage expects the donor artifact kind, and only a declared kind (0.3404ms)
gateway-web	Run node city/test-all.mjs	2026-10-05T11:00:20.7263003Z ✔ an unknown stage is not rejected here: the donor lookup yields undefined (0.2452ms)
gateway-web	Run node city/test-all.mjs	2026-10-05T11:00:20.7264085Z ✔ a stage artifact is a typed skeleton with a deterministic id (1.4474ms)
gateway-web	Run node city/test-all.mjs	2026-10-05T11:00:20.7265222Z ✔ the clock is an injected parameter and its default is the deterministic epoch (1.0416ms)
gateway-web	Run node city/test-all.mjs	2026-10-05T11:00:20.7266555Z ✔ the summary is truncated to 500 characters and the payload is copied (0.3091ms)
gateway-web	Run node city/test-all.mjs	2026-10-05T11:00:20.7267675Z ✔ a verified record renders as the donor renders it, field for field (3.2259ms)
gateway-web	Run node city/test-all.mjs	2026-10-05T11:00:20.7268763Z ✔ the entry key is the sanitised id, with the donor fallbacks (0.4627ms)
gateway-web	Run node city/test-all.mjs	2026-10-05T11:00:20.7269973Z ✔ author and title fall back exactly where the donor falls back, and nowhere else (0.417ms)
gateway-web	Run node city/test-all.mjs	2026-10-05T11:00:20.7271267Z ✔ only the four verified statuses are included, and nothing is deduplicated (0.5677ms)
gateway-web	Run node city/test-all.mjs	2026-10-05T11:00:20.7272709Z ✔ referencesBib writes the count header, the blank-line separation and the placeholder (0.9984ms)
gateway-web	Run node city/test-all.mjs	2026-10-05T11:00:20.7274489Z ✔ the bibliography renders records and validates nothing, exactly as the donor does (0.8372ms)
gateway-web	Run node city/test-all.mjs	2026-10-05T11:00:20.7275564Z ✔ the ladder returns exactly the status the evidence reaches, in the donor order (3.6996ms)
gateway-web	Run node city/test-all.mjs	2026-10-05T11:00:20.7276219Z ✔ a primary claim is refused while any citation is UNSUPPORTED (0.5612ms)
gateway-web	Run node city/test-all.mjs	2026-10-05T11:00:20.7277061Z ✔ the audit summarises the records it was given, without inventing citations (0.8089ms)
gateway-web	Run node city/test-all.mjs	2026-10-05T11:00:20.7277719Z ✔ the frozen vocabularies are the donor ladder and status sets, frozen (2.2964ms)
gateway-web	Run node city/test-all.mjs	2026-10-05T11:00:20.7278513Z ✔ citationRecord validates first and copies, so a validated record cannot be mutated through the caller (0.7373ms)
gateway-web	Run node city/test-all.mjs	2026-10-05T11:00:20.7279366Z ✔ citationRecord never repairs the input it refuses, and never rewrites what it accepts (2.0115ms)
gateway-web	Run node city/test-all.mjs	2026-10-05T11:00:20.7280141Z ✔ humanResearchInput validates with the donor rules and copies the arrays it is given (0.4125ms)
gateway-web	Run node city/test-all.mjs	2026-10-05T11:00:20.7280898Z ✔ validateHumanResearchInput refuses with the donor messages, in the donor order (2.4013ms)
gateway-web	Run node city/test-all.mjs	2026-10-05T11:00:20.7281780Z ✔ the module set is self-contained: no runtime, no clock, no randomness, no sibling import (12.5035ms)
gateway-web	Run node city/test-all.mjs	2026-10-05T11:00:20.7282483Z ✔ the run id is the question slug plus injected entropy, never a timestamp (2.2737ms)
gateway-web	Run node city/test-all.mjs	2026-10-05T11:00:20.7283206Z ✔ humanResearchToIR builds the donor IR, with the donor defaults and the injected clock (4.214ms)
gateway-web	Run node city/test-all.mjs	2026-10-05T11:00:20.7283921Z ✔ the input rules are the donor rules, reachable through the exported validator (1.1834ms)
gateway-web	Run node city/test-all.mjs	2026-10-05T11:00:20.7284649Z ✔ the constructor factories carry the adjudication shapes, and the default is one vote (1.8038ms)
gateway-web	Run node city/test-all.mjs	2026-10-05T11:00:20.7285273Z ✔ only the votes bound to the evidence claim are counted (0.2244ms)
gateway-web	Run node city/test-all.mjs	2026-10-05T11:00:20.7285879Z ✔ adoption needs both evidence flags: evidence outranks any number of votes (0.3777ms)
gateway-web	Run node city/test-all.mjs	2026-10-05T11:00:20.7286608Z ✔ with decisive evidence, the required-vote threshold decides, at and either side of it (0.529ms)
gateway-web	Run node city/test-all.mjs	2026-10-05T11:00:20.7287231Z ✔ a non-supporting stance never counts as concurrence (0.2612ms)
gateway-web	Run node city/test-all.mjs	2026-10-05T11:00:20.7287828Z ✔ verifiedCitations is declared but never read, exactly as in the donor (0.3792ms)
gateway-web	Run node city/test-all.mjs	2026-10-05T11:00:20.7288522Z ✔ the plan carries every registered capability, in registry order, and nothing else (2.0721ms)
gateway-web	Run node city/test-all.mjs	2026-10-05T11:00:20.7289125Z ✔ an empty profile needs exactly the always-on five (0.4159ms)
gateway-web	Run node city/test-all.mjs	2026-10-05T11:00:20.7289671Z ✔ bindsCitations is a truthiness test, exactly as the donor has it (0.335ms)
gateway-web	Run node city/test-all.mjs	2026-10-05T11:00:20.7290397Z ✔ a formal protocol needs the methodology critic, and nothing else beyond the always-on five (0.1911ms)
gateway-web	Run node city/test-all.mjs	2026-10-05T11:00:20.7291096Z ✔ quantitative experiments drive the quantitative capability set (0.3279ms)
gateway-web	Run node city/test-all.mjs	2026-10-05T11:00:20.7292480Z ✔ hasArchitecture is a Boolean() test and hasMultipleReviewers is a strict === true test (0.305ms)
gateway-web	Run node city/test-all.mjs	2026-10-05T11:00:20.7294307Z ✔ every registry row is the donor row, and every planned status is a refused-or-accepted donor status (1.3055ms)
gateway-web	Run node city/test-all.mjs	2026-10-05T11:00:20.7295141Z ✔ the refusal path refuses anything that is not a donor capability status (0.2051ms)
gateway-web	Run node city/test-all.mjs	2026-10-05T11:00:20.7295827Z ✔ the frozen vocabularies are the donor vocabularies in the donor order (2.8293ms)
gateway-web	Run node city/test-all.mjs	2026-10-05T11:00:20.7296504Z ✔ the capability registry is byte-identical to the donor and pinned by digest (0.8866ms)
gateway-web	Run node city/test-all.mjs	2026-10-05T11:00:20.7297115Z ✔ the thresholds are the donor thresholds, pinned exactly (0.314ms)
gateway-web	Run node city/test-all.mjs	2026-10-05T11:00:20.7297682Z ✔ the factories copy on construct and enforce the declared shape (2.1337ms)
gateway-web	Run node city/test-all.mjs	2026-10-05T11:00:20.7298333Z ✔ candidateQuestion enforces the donor limit and copies the optional fields (0.3087ms)
gateway-web	Run node city/test-all.mjs	2026-10-05T11:00:20.7299020Z ✔ validateCandidateQuestion is the donor check: exact messages and order (0.4826ms)
gateway-web	Run node city/test-all.mjs	2026-10-05T11:00:20.7299710Z ✔ validateLevelAPlan is the donor check: exact messages, order and boundaries (0.8772ms)
gateway-web	Run node city/test-all.mjs	2026-10-05T11:00:20.7300396Z ✔ isResearchCapabilityStatus refuses anything that is not a donor status (0.298ms)
gateway-web	Run node city/test-all.mjs	2026-10-05T11:00:20.7301022Z ✔ index.mjs is the single export site, and its surface is pinned (1.9707ms)
gateway-web	Run node city/test-all.mjs	2026-10-05T11:00:20.7301806Z ✔ the module is self-contained and pure: only relative imports, no clock, no randomness, no environment (11.9689ms)
gateway-web	Run node city/test-all.mjs	2026-10-05T11:00:20.7302791Z ✔ no new delayed-learning or Machine Intelligence research direction was added (6.2467ms)
gateway-web	Run node city/test-all.mjs	2026-10-05T11:00:20.7303464Z ✔ the donor levela -> levelb value edge is preserved, and never reversed (6.1351ms)
gateway-web	Run node city/test-all.mjs	2026-10-05T11:00:20.7304040Z ✔ the novelty review scores exactly the donor arithmetic (2.7961ms)
gateway-web	Run node city/test-all.mjs	2026-10-05T11:00:20.7304646Z ✔ the A/B value edge is real: falsifiability is worth exactly +2 feasibility (0.377ms)
gateway-web	Run node city/test-all.mjs	2026-10-05T11:00:20.7305226Z ✔ noveltyReview adds no validation rung of its own (0.2765ms)
gateway-web	Run node city/test-all.mjs	2026-10-05T11:00:20.7305740Z ✔ levelAGate decides at 2.0 on each score, novelty first (0.4895ms)
gateway-web	Run node city/test-all.mjs	2026-10-05T11:00:20.7306350Z ✔ buildExperimentSpec clamps, defaults and stamps, with the clock injected (0.7311ms)
gateway-web	Run node city/test-all.mjs	2026-10-05T11:00:20.7307070Z ✔ validateLevelAPlan is reachable from the levela module and the export site alike (0.175ms)
gateway-web	Run node city/test-all.mjs	2026-10-05T11:00:20.7307845Z ✔ the Level-A plan gate reports the donor messages at every boundary (0.7792ms)
gateway-web	Run node city/test-all.mjs	2026-10-05T11:00:20.7308477Z ✔ isFalsifiable requires both flags and uses the donor truthiness test (1.4227ms)
gateway-web	Run node city/test-all.mjs	2026-10-05T11:00:20.7309215Z ✔ selectFalsifiableQuestion rejects with the donor reason and never drops a candidate (1.0264ms)
gateway-web	Run node city/test-all.mjs	2026-10-05T11:00:20.7310033Z ✔ a selection with nothing ready distinguishes "no candidates" from "no falsifiable candidate" (0.3061ms)
gateway-web	Run node city/test-all.mjs	2026-10-05T11:00:20.7310852Z ✔ ranking is novelty + feasibility with a ?? 0 default, and a tie keeps the earlier candidate (0.3662ms)
gateway-web	Run node city/test-all.mjs	2026-10-05T11:00:20.7311573Z ✔ the donor candidate check runs before selection, with its exact messages (0.6783ms)
gateway-web	Run node city/test-all.mjs	2026-10-05T11:00:20.7312205Z ✔ the review module re-exports the donor role vocabulary unchanged (1.9006ms)
gateway-web	Run node city/test-all.mjs	2026-10-05T11:00:20.7312890Z ✔ respondToObjections appends, replaces in place, and refuses an unknown objection (1.0562ms)
gateway-web	Run node city/test-all.mjs	2026-10-05T11:00:20.7314027Z ✔ reviewRoundSettled reports open objections and violations, in objection order (0.6328ms)
gateway-web	Run node city/test-all.mjs	2026-10-05T11:00:20.7314865Z ✔ metaReview approves only a settled round whose revisions landed (0.652ms)
gateway-web	Run node city/test-all.mjs	2026-10-05T11:00:20.7315509Z ✔ metaReview reads revisedSections directly, exactly as the donor does (1.1085ms)
gateway-web	Run node city/test-all.mjs	2026-10-05T11:00:20.7316172Z ✔ publicationReady reports the four publication gates in the donor order (0.6123ms)
gateway-web	Run node city/test-all.mjs	2026-10-05T11:00:20.7316909Z ✔ the frozen vocabularies are exactly the donor five domains, five statuses and seven gates (3.444ms)
gateway-web	Run node city/test-all.mjs	2026-10-05T11:00:20.7317639Z ✔ the contracts validate the declared shapes and never repair an invalid value (1.494ms)
gateway-web	Run node city/test-all.mjs	2026-10-05T11:00:20.7318319Z ✔ READY passes only with the full §34 artifact chain and an approving review (0.8398ms)
gateway-web	Run node city/test-all.mjs	2026-10-05T11:00:20.7319030Z ✔ REJECTED is a PASS only when the evidence is complete and the hypothesis unsupported (0.4501ms)
gateway-web	Run node city/test-all.mjs	2026-10-05T11:00:20.7319722Z ✔ REPLICATION_FAILED is a PASS only when the failure is actually recorded (0.4213ms)
gateway-web	Run node city/test-all.mjs	2026-10-05T11:00:20.7320335Z ✔ INCONCLUSIVE needs only execution evidence and statistics (0.3393ms)
gateway-web	Run node city/test-all.mjs	2026-10-05T11:00:20.7320939Z ✔ INSUFFICIENT_EVIDENCE needs only a protocol and an execution trail (0.3138ms)
gateway-web	Run node city/test-all.mjs	2026-10-05T11:00:20.7321642Z ✔ an undeclared terminal status reaches the donor last branch rather than being gated (0.3448ms)
gateway-web	Run node city/test-all.mjs	2026-10-05T11:00:20.7322344Z ✔ the battery declares one honest scenario per domain and scores every path (0.9202ms)
gateway-web	Run node city/test-all.mjs	2026-10-05T11:00:20.7323071Z ✔ runResearchBattery reports the donor verdicts and reason strings in scenario order (0.7798ms)
gateway-web	Run node city/test-all.mjs	2026-10-05T11:00:20.7323812Z ✔ the battery module imports only its siblings and stays free of the donor runtime (14.2391ms)
gateway-web	Run node city/test-all.mjs	2026-10-05T11:00:20.7324498Z ✔ mean and median reproduce the donor arithmetic and its empty-sample NaN (2.2655ms)
gateway-web	Run node city/test-all.mjs	2026-10-05T11:00:20.7325280Z ✔ standardDeviation switches between sample and population exactly at its declared boundaries (0.3975ms)
gateway-web	Run node city/test-all.mjs	2026-10-05T11:00:20.7325892Z ✔ describe packages the donor four fields (0.2541ms)
gateway-web	Run node city/test-all.mjs	2026-10-05T11:00:20.7326467Z ✔ confidenceInterval is the normal approximation with the donor default z (0.4164ms)
gateway-web	Run node city/test-all.mjs	2026-10-05T11:00:20.7327135Z ✔ mulberry32 is the donor LCG: seed-normalised, reproducible and bounded (0.4631ms)
gateway-web	Run node city/test-all.mjs	2026-10-05T11:00:20.7327974Z ✔ bootstrapCi resamples deterministically at the donor defaults and alpha indices (9.1909ms)
gateway-web	Run node city/test-all.mjs	2026-10-05T11:00:20.7328565Z ✔ effectSize is the donor's pooled Cohen's d (0.3787ms)
gateway-web	Run node city/test-all.mjs	2026-10-05T11:00:20.7329122Z ✔ oneSampleEffectSize is (mean − baseline) / sd and NaN when underpowered (0.3264ms)
gateway-web	Run node city/test-all.mjs	2026-10-05T11:00:20.7329755Z ✔ oneSamplePermutationP is the seeded sign-permutation fraction (22.677ms)
gateway-web	Run node city/test-all.mjs	2026-10-05T11:00:20.7330426Z ✔ permutationP keeps the donor's paired and unpaired paths, seeds and boundaries (37.0451ms)
gateway-web	Run node city/test-all.mjs	2026-10-05T11:00:20.7331141Z ✔ proportion refuses a non-positive denominator instead of inventing a number (0.3369ms)
gateway-web	Run node city/test-all.mjs	2026-10-05T11:00:20.7331806Z ✔ every pinned literal is verbatim node -e output at full precision (0.4469ms)
gateway-web	Run node city/test-all.mjs	2026-10-05T11:00:20.7332517Z ✔ the module is pure: no clock, no randomness beyond the seed, no io (20.362ms)
gateway-web	Run node city/test-all.mjs	2026-10-05T11:00:20.7333057Z ✔ trust ordering and query filters match the donor (3.9451ms)
gateway-web	Run node city/test-all.mjs	2026-10-05T11:00:20.7333675Z ✔ retrieval is trust-ordered, recency-broken and within the character budget (16.0086ms)
gateway-web	Run node city/test-all.mjs	2026-10-05T11:00:20.7334741Z ✔ taxonomy and the deterministic domain router match the donor (1.7918ms)
gateway-web	Run node city/test-all.mjs	2026-10-05T11:00:20.7335317Z ✔ goal reranking prefers relevance, then trust, then recency (0.529ms)
gateway-web	Run node city/test-all.mjs	2026-10-05T11:00:20.7335939Z ✔ planRetrieval combines routing, reranking and the budget in one call (0.5918ms)
gateway-web	Run node city/test-all.mjs	2026-10-05T11:00:20.7336534Z ✔ supersession and conflict metadata is reported honestly (0.6599ms)
gateway-web	Run node city/test-all.mjs	2026-10-05T11:00:20.7337146Z ✔ the module is self-contained: built-ins only, no Boss store dependency (17.262ms)
gateway-web	Run node city/test-all.mjs	2026-10-05T11:00:20.7337838Z ✔ provenance stays honest: DONOR.json pins the donor and records the adaptation (1.5879ms)
gateway-web	Run node city/test-all.mjs	2026-10-05T11:00:20.7338478Z ✔ every sample is a real document of its kind, built in memory (31.3739ms)
gateway-web	Run node city/test-all.mjs	2026-10-05T11:00:20.7339070Z ✔ the three adapters decode their own sample with the real engines (506.8301ms)
gateway-web	Run node city/test-all.mjs	2026-10-05T11:00:20.7339696Z ✔ a refused document fails closed in every adapter, with its own code (1.0173ms)
gateway-web	Run node city/test-all.mjs	2026-10-05T11:00:20.7340300Z ✔ every adapter carries the same fail-closed default limits shape (0.2498ms)
gateway-web	Run node city/test-all.mjs	2026-10-05T11:00:20.7340830Z ✔ default limits and typed error match the donor (2.3893ms)
gateway-web	Run node city/test-all.mjs	2026-10-05T11:00:20.7341447Z ✔ converter seam extracts, splits paragraphs, maps headings/bullets and truncates (1.8852ms)
gateway-web	Run node city/test-all.mjs	2026-10-05T11:00:20.7342168Z ✔ html converter seam maps h1..h6 and list items, and truncates on its own budget (1.6569ms)
gateway-web	Run node city/test-all.mjs	2026-10-05T11:00:20.7342723Z ✔ guards fail closed before any converter runs (0.9712ms)
gateway-web	Run node city/test-all.mjs	2026-10-05T11:00:20.7343215Z ✔ a ZIP that is not a DOCX is CORRUPT_DOCX, not a crash (164.8783ms)
gateway-web	Run node city/test-all.mjs	2026-10-05T11:00:20.7343784Z ✔ real engine: mammoth parses the synthetic DOCX through the bridge (107.6513ms)
gateway-web	Run node city/test-all.mjs	2026-10-05T11:00:20.7344452Z ✔ paragraph splitting counts characters and paragraphs exactly as the donor (0.4743ms)
gateway-web	Run node city/test-all.mjs	2026-10-05T11:00:20.7345383Z ✔ quarantine: docx.mjs imports only the engine seam and node: builtins (4.0947ms)
gateway-web	Run node city/test-all.mjs	2026-10-05T11:00:20.7346492Z ✔ every engine is named in one module and resolves from the city tree (15.6248ms)
gateway-web	Run node city/test-all.mjs	2026-10-05T11:00:20.7347434Z ✔ the engines really load and expose what the readers need (321.1229ms)
gateway-web	Run node city/test-all.mjs	2026-10-05T11:00:20.7348365Z ✔ a missing install is an installation problem, not a broken document (0.2514ms)
gateway-web	Run node city/test-all.mjs	2026-10-05T11:00:20.7349241Z ✔ limits and verbosity mirror the donor exactly (2.8054ms)
gateway-web	Run node city/test-all.mjs	2026-10-05T11:00:20.7349911Z ✔ PdfError carries its name and code (0.4131ms)
gateway-web	Run node city/test-all.mjs	2026-10-05T11:00:20.7350907Z ✔ inspectPdfHeader accepts a real PDF and rejects other payloads with typed errors (0.6073ms)
gateway-web	Run node city/test-all.mjs	2026-10-05T11:00:20.7352619Z ✔ extractPdf decodes a synthetic one-page PDF through the real engine (288.0537ms)
gateway-web	Run node city/test-all.mjs	2026-10-05T11:00:20.7353761Z ✔ extractPdf honours the page cap and warns about the unread pages (15.5575ms)
gateway-web	Run node city/test-all.mjs	2026-10-05T11:00:20.7355019Z ✔ extractPdf fails closed on a truncated or corrupt document (5.6566ms)
gateway-web	Run node city/test-all.mjs	2026-10-05T11:00:20.7356139Z ✔ extractPdf rejects over-limit bytes before the engine is consulted (0.3717ms)
gateway-web	Run node city/test-all.mjs	2026-10-05T11:00:20.7357335Z ✔ extractPdf is deterministic for identical bytes (14.454ms)
gateway-web	Run node city/test-all.mjs	2026-10-05T11:00:20.7358034Z ✔ the port keeps its engine quarantine (11.6473ms)
gateway-web	Run node city/test-all.mjs	2026-10-05T11:00:20.7359000Z ✔ a sheet with shared strings extracts the expected rows, part and used range (28.6093ms)
gateway-web	Run node city/test-all.mjs	2026-10-05T11:00:20.7360224Z ✔ the markdown rendering is a real table with a header row and a separator row (3.1343ms)
gateway-web	Run node city/test-all.mjs	2026-10-05T11:00:20.7361260Z ✔ the synthetic package is a real ZIP the engine itself can open (2.9862ms)
gateway-web	Run node city/test-all.mjs	2026-10-05T11:00:20.7362322Z ✔ a formula without a cached value warns and is never given an invented result (2.6277ms)
gateway-web	Run node city/test-all.mjs	2026-10-05T11:00:20.7363311Z ✔ two extractions of the same bytes are deeply equal (3.1811ms)
gateway-web	Run node city/test-all.mjs	2026-10-05T11:00:20.7364668Z ✔ sheets beyond limits.maxSheets are reported, not silently dropped (2.0646ms)
gateway-web	Run node city/test-all.mjs	2026-10-05T11:00:20.7366144Z ✔ a payload that is not a ZIP fails closed as NOT_XLSX (a truncated one as CORRUPT_XLSX) (7.9847ms)
gateway-web	Run node city/test-all.mjs	2026-10-05T11:00:20.7367537Z ✔ an archive above limits.maxEntries or limits.maxBytes fails closed as TOO_LARGE (2.2579ms)
gateway-web	Run node city/test-all.mjs	2026-10-05T11:00:20.7368768Z ✔ an entry expanding above limits.maxEntryBytes fails closed as TOO_LARGE (14.5311ms)
gateway-web	Run node city/test-all.mjs	2026-10-05T11:00:20.7369792Z ✔ DEFAULT_XLSX_LIMITS carries the donor pin and is frozen (0.9679ms)
gateway-web	Run node city/test-all.mjs	2026-10-05T11:00:20.7370856Z ✔ the reader is quarantined: the engine seam and the core, never fflate (13.8082ms)
gateway-web	Run node city/test-all.mjs	2026-10-05T11:00:20.7372452Z ✔ encoding detection follows BOMs, validates UTF-8 and refuses to guess silently (3.072ms)
gateway-web	Run node city/test-all.mjs	2026-10-05T11:00:20.7373755Z ✔ markdown and plain text split into offset-preserving sections (2.8072ms)
gateway-web	Run node city/test-all.mjs	2026-10-05T11:00:20.7374875Z ✔ JSON, JSON Lines and structured sections match the donor (77.7466ms)
gateway-web	Run node city/test-all.mjs	2026-10-05T11:00:20.7376091Z ✔ CSV and TSV parsing matches the donor, including quoted fields and limits (1.3889ms)
gateway-web	Run node city/test-all.mjs	2026-10-05T11:00:20.7377331Z ✔ XML helpers decode entities and extract text runs exactly once (1.2422ms)
gateway-web	Run node city/test-all.mjs	2026-10-05T11:00:20.7378591Z ✔ format detection names the parser, including the completed YAML branch (0.4214ms)
gateway-web	Run node city/test-all.mjs	2026-10-05T11:00:20.7379948Z ✔ the module carries no parser of its own: the YAML package stays behind the seam (12.8267ms)
gateway-web	Run node city/test-all.mjs	2026-10-05T11:00:20.7381271Z ✔ provenance stays honest: DONOR.json records both waves of this module (2.6716ms)
gateway-web	Run node city/test-all.mjs	2026-10-05T11:00:20.7382554Z ✔ the extension decides the order, and the YAML branch is a real format now (2.6674ms)
gateway-web	Run node city/test-all.mjs	2026-10-05T11:00:20.7383802Z ✔ a .yaml document is parsed as YAML with nested maps and sequences (61.7679ms)
gateway-web	Run node city/test-all.mjs	2026-10-05T11:00:20.7384952Z ✔ the non-YAML fallback is reported, exactly as the donor does (1.8253ms)
gateway-web	Run node city/test-all.mjs	2026-10-05T11:00:20.7386131Z ✔ invalid input fails closed with one reason and the parser detail (16.0917ms)
gateway-web	Run node city/test-all.mjs	2026-10-05T11:00:20.7387244Z ✔ the intake is deterministic, and every guard is real (10.1978ms)
gateway-web	Run node city/test-all.mjs	2026-10-05T11:00:20.7388276Z ✔ the module never names the package outside the seam (10.6485ms)
gateway-web	Run node city/test-all.mjs	2026-10-05T11:00:20.7389399Z ✔ the dependency is quarantined in one file and resolves from the city tree (59.137ms)
gateway-web	Run node city/test-all.mjs	2026-10-05T11:00:20.7390754Z ✔ a YAML document parses into plain data, including nested maps and sequences (13.8114ms)
gateway-web	Run node city/test-all.mjs	2026-10-05T11:00:20.7392097Z ✔ a malformed document fails closed with a typed error carrying the reason (3.8748ms)
gateway-web	Run node city/test-all.mjs	2026-10-05T11:00:20.7393288Z ✔ the limits are real: size and alias count are both bounded (7.0452ms)
gateway-web	Run node city/test-all.mjs	2026-10-05T11:00:20.7394509Z ✔ a missing package is an installation problem, not an invalid document (1.5791ms)
gateway-web	Run node city/test-all.mjs	2026-10-05T11:00:20.7395806Z ✔ the ordered gate chain is the donor's seven-value literal, in order, frozen (3.3513ms)
gateway-web	Run node city/test-all.mjs	2026-10-05T11:00:20.7397358Z ✔ a fully-ready probe is ready with no blockers and echoes the caller's facts (0.5012ms)
gateway-web	Run node city/test-all.mjs	2026-10-05T11:00:20.7398660Z ✔ a non-ready DOM blocks with exactly the failing gates, in gate order (0.4351ms)
gateway-web	Run node city/test-all.mjs	2026-10-05T11:00:20.7399891Z ✔ an empty probe is ready: absence of every fact is 'unknown ⇒ pass' (0.2183ms)
gateway-web	Run node city/test-all.mjs	2026-10-05T11:00:20.7401008Z ✔ each gate blocks only on its own explicit failing fact (0.5597ms)
gateway-web	Run node city/test-all.mjs	2026-10-05T11:00:20.7402374Z ✔ blockers accumulate in gate order across all seven gates at once (0.2095ms)
gateway-web	Run node city/test-all.mjs	2026-10-05T11:00:20.7403515Z ✔ post-action verification never assumes a change happened (0.233ms)
gateway-web	Run node city/test-all.mjs	2026-10-05T11:00:20.7404740Z ✔ bounded escalation: bounded retry → selector refresh → alternate strategy (0.1879ms)
gateway-web	Run node city/test-all.mjs	2026-10-05T11:00:20.7406058Z ✔ the retry bounds are the donor's arithmetic for every maxBoundedRetries (0.2731ms)
gateway-web	Run node city/test-all.mjs	2026-10-05T11:00:20.7407396Z ✔ the read and mutation action lists are the donor's literals, in order, frozen (3.2369ms)
gateway-web	Run node city/test-all.mjs	2026-10-05T11:00:20.7408564Z ✔ §26 every CU_REPAIR need is classified from the donor's phrase sets (1.3783ms)
gateway-web	Run node city/test-all.mjs	2026-10-05T11:00:20.7409763Z ✔ §26 every HUMAN_REQUIRED phrase gates the page away from CU repair (0.4586ms)
gateway-web	Run node city/test-all.mjs	2026-10-05T11:00:20.7411416Z ✔ §26 NOT_REPAIRABLE is the fallthrough: unknown failures are never guessed into a mutation (0.3026ms)
gateway-web	Run node city/test-all.mjs	2026-10-05T11:00:20.7412926Z ✔ §26 classification lowercases the reason with toLocaleLowerCase, as the donor does (0.3783ms)
gateway-web	Run node city/test-all.mjs	2026-10-05T11:00:20.7414358Z ✔ §24 tierForTarget maps every kind to the donor's tier, unknown kinds to 6 (0.3543ms)
gateway-web	Run node city/test-all.mjs	2026-10-05T11:00:20.7416002Z ✔ §28 geometryTargetValid only guards ICON and POINT, and needs truthy finite frameRevisionAt + boundedRegion (0.4489ms)
gateway-web	Run node city/test-all.mjs	2026-10-05T11:00:20.7417796Z ✔ §26 READY: a SEND plan is read_page → click_control → verify_state with a revisioned ICON affordance (0.4711ms)
gateway-web	Run node city/test-all.mjs	2026-10-05T11:00:20.7419282Z ✔ §26 READY: an INPUT plan inserts submit when the submit grant is present (0.4177ms)
gateway-web	Run node city/test-all.mjs	2026-10-05T11:00:20.7420709Z ✔ §26 the INPUT chain is still READY without the submit grant (3 steps is the donor's floor) (0.4208ms)
gateway-web	Run node city/test-all.mjs	2026-10-05T11:00:20.7422082Z ✔ §26 DRIFT and STRUCTURE plans are ROLE-targeted and never geometry (0.3753ms)
gateway-web	Run node city/test-all.mjs	2026-10-05T11:00:20.7423850Z ✔ §26 DENIED when the required mutation grant is missing, naming the action (fail closed) (0.2849ms)
gateway-web	Run node city/test-all.mjs	2026-10-05T11:00:20.7425371Z ✔ §28 UNCERTAIN when the ICON affordance has no usable frame revision (the now === 0 default) (1.279ms)
gateway-web	Run node city/test-all.mjs	2026-10-05T11:00:20.7426862Z ✔ DEFECT PINNED: the read_page denial branch of buildRepairPlan is unreachable (0.3866ms)
gateway-web	Run node city/test-all.mjs	2026-10-05T11:00:20.7428437Z ✔ §29 grantedComputerActions maps only exact computer:<action> entries, trimming surrounding space (0.4692ms)
gateway-web	Run node city/test-all.mjs	2026-10-05T11:00:20.7429798Z ✔ §29 a granted read action alone never unlocks a mutation (0.2338ms)
gateway-web	Run node city/test-all.mjs	2026-10-05T11:00:20.7431029Z ✔ §25 verdictForOutcome is VERIFIED only when the post-condition was observed (0.2047ms)
gateway-web	Run node city/test-all.mjs	2026-10-05T11:00:20.7432414Z ✔ DEFECT PINNED: verdictForOutcome can never return its exported ACTED status (0.2579ms)
gateway-web	Run node city/test-all.mjs	2026-10-05T11:00:20.7433886Z ✔ §38 planSummary reports steps, actions and only a present reason, in the donor's key order (0.43ms)
gateway-web	Run node city/test-all.mjs	2026-10-05T11:00:20.7435452Z ✔ DOM_TARGET_PREFIX is the donor's literal and the read/mutation sets are its neighbours (2.2976ms)
gateway-web	Run node city/test-all.mjs	2026-10-05T11:00:20.7436990Z ✔ parseDomTarget returns the parsed fields and undefined for non-dom or unparsable targets (0.4325ms)
gateway-web	Run node city/test-all.mjs	2026-10-05T11:00:20.7438545Z ✔ parseDomTarget throws on a malformed providerId and accepts the [a-zA-Z0-9_-] class (0.8438ms)
gateway-web	Run node city/test-all.mjs	2026-10-05T11:00:20.7439937Z ✔ supports: dom: targets with a selector for mutations and reads, nothing else (0.3595ms)
gateway-web	Run node city/test-all.mjs	2026-10-05T11:00:20.7441407Z ✔ supports does not throw on a malformed providerId (the parse it uses is the lenient one) (1.2496ms)
gateway-web	Run node city/test-all.mjs	2026-10-05T11:00:20.7443399Z ✔ readinessScript is the donor's probe: found / visible / enabled / stableSamples from the live page (0.3767ms)
gateway-web	Run node city/test-all.mjs	2026-10-05T11:00:20.7444971Z ✔ readyOrBlocked returns null when the first probe is ready and probes exactly once (0.6405ms)
gateway-web	Run node city/test-all.mjs	2026-10-05T11:00:20.7446483Z ✔ readyOrBlocked uses the donor's default of 2 attempts and reports the last block reason (0.6487ms)
gateway-web	Run node city/test-all.mjs	2026-10-05T11:00:20.7448137Z ✔ readinessAttempts is honoured as a lower bound of 1, and the retry stops as soon as a probe is ready (1.1927ms)
gateway-web	Run node city/test-all.mjs	2026-10-05T11:00:20.7449736Z ✔ a null/undefined probe answer is treated as no facts, which is ready ('unknown ⇒ pass') (0.3849ms)
gateway-web	Run node city/test-all.mjs	2026-10-05T11:00:20.7451438Z ✔ the retry interval only delays when it is positive, and the page ref reaches every probe (14.8742ms)
gateway-web	Run node city/test-all.mjs	2026-10-05T11:00:20.7452543Z ✔ execute refuses an action without a dom: selector (0.7483ms)
gateway-web	Run node city/test-all.mjs	2026-10-05T11:00:20.7453488Z ✔ execute reports a supported-but-unhandled action as UNSUPPORTED (0.2637ms)
gateway-web	Run node city/test-all.mjs	2026-10-05T11:00:20.7454685Z ✔ click_control reports SUCCESS on ok and FAILED with the surface's reason otherwise (0.7872ms)
gateway-web	Run node city/test-all.mjs	2026-10-05T11:00:20.7456064Z ✔ enter_text reports the donor's three outcomes: sent, not-found, unsupported-element (0.3202ms)
gateway-web	Run node city/test-all.mjs	2026-10-05T11:00:20.7457386Z ✔ submit reports SUCCESS on ok and FAILED with the surface's reason otherwise (0.2347ms)
gateway-web	Run node city/test-all.mjs	2026-10-05T11:00:20.7458336Z ✔ read_page returns the text as evidence (0.3438ms)
gateway-web	Run node city/test-all.mjs	2026-10-05T11:00:20.7459700Z ✔ DEFECT PINNED: read_page lacks the `?? { ok: false }` guard the other branches have (0.2181ms)
gateway-web	Run node city/test-all.mjs	2026-10-05T11:00:20.7460834Z ✔ verify_state checks expected ?? value against the page text (0.321ms)
gateway-web	Run node city/test-all.mjs	2026-10-05T11:00:20.7462072Z ✔ DEFECT PINNED: verify_state with no expected AND no value is a free SUCCESS (0.2477ms)
gateway-web	Run node city/test-all.mjs	2026-10-05T11:00:20.7463779Z ✔ scripts embed JSON-escaped selectors and values, so nothing can break out (0.4548ms)
gateway-web	Run node city/test-all.mjs	2026-10-05T11:00:20.7465318Z ✔ a dom: providerId is forwarded to the page surface, and a provider-less target sends no page ref (0.2739ms)
gateway-web	Run node city/test-all.mjs	2026-10-05T11:00:20.7466822Z ✔ a surface that rejects is caught and truncated to 300 characters (0.4993ms)
gateway-web	Run node city/test-all.mjs	2026-10-05T11:00:20.7468178Z ✔ DEFECT PINNED: an invalid providerId rejects execute() instead of returning FAILED (0.4459ms)
gateway-web	Run node city/test-all.mjs	2026-10-05T11:00:20.7469823Z ✔ DEFECT PINNED: a JSON scalar in a dom: target destructures to all-undefined, and null is UNSUPPORTED (0.2826ms)
gateway-web	Run node city/test-all.mjs	2026-10-05T11:00:20.7471451Z ✔ preflightReadiness is OFF by default: a mutation proceeds without any probe (0.1945ms)
gateway-web	Run node city/test-all.mjs	2026-10-05T11:00:20.7472940Z ✔ preflightReadiness probes before a mutation and refuses it while the page is not ready (0.2842ms)
gateway-web	Run node city/test-all.mjs	2026-10-05T11:00:20.7474359Z ✔ preflightReadiness lets a ready page through and then performs the action (0.2258ms)
gateway-web	Run node city/test-all.mjs	2026-10-05T11:00:20.7475715Z ✔ preflightReadiness applies to the three mutations only, never to a read (0.5311ms)
gateway-web	Run node city/test-all.mjs	2026-10-05T11:00:20.7476888Z ✔ the preflight probe carries the target's provider page ref (0.1571ms)
gateway-web	Run node city/test-all.mjs	2026-10-05T11:00:20.7478014Z ✔ the abort signal is accepted and ignored, exactly as the donor does (0.2498ms)
gateway-web	Run node city/test-all.mjs	2026-10-05T11:00:20.7479271Z ✔ the permission vocabulary is the donor's five kinds and four security classes, frozen (2.9837ms)
gateway-web	Run node city/test-all.mjs	2026-10-05T11:00:20.7480444Z ✔ EMPTY_MANIFEST is the donor's five empty scopes (0.5164ms)
gateway-web	Run node city/test-all.mjs	2026-10-05T11:00:20.7481590Z ✔ manifestAllows: an empty allow list denies everything, even a perfect match (0.4041ms)
gateway-web	Run node city/test-all.mjs	2026-10-05T11:00:20.7482863Z ✔ manifestAllows: an exact allow entry is allowed, a non-entry is not (0.2774ms)
gateway-web	Run node city/test-all.mjs	2026-10-05T11:00:20.7484527Z ✔ manifestAllows: an entry without a trailing slash is also a directory prefix (0.4033ms)
gateway-web	Run node city/test-all.mjs	2026-10-05T11:00:20.7485715Z ✔ manifestAllows: a deny entry outranks any allow entry (0.2837ms)
gateway-web	Run node city/test-all.mjs	2026-10-05T11:00:20.7486900Z ✔ DEFECT PINNED: a trailing-slash entry is not equivalent to the bare entry (0.5576ms)
gateway-web	Run node city/test-all.mjs	2026-10-05T11:00:20.7488079Z ✔ manifestAllows reads only the scope it was asked about (0.2538ms)
gateway-web	Run node city/test-all.mjs	2026-10-05T11:00:20.7489489Z ✔ manifestNarrow reports task allow entries the workspace does not allow, as kind:allow:entry (0.5105ms)
gateway-web	Run node city/test-all.mjs	2026-10-05T11:00:20.7490915Z ✔ DEFECT PINNED: manifestNarrow never reports an over-broad task deny (0.448ms)
gateway-web	Run node city/test-all.mjs	2026-10-05T11:00:20.7492257Z ✔ desktopMutationGate always allows the four read actions, with no manifest at all (0.3899ms)
gateway-web	Run node city/test-all.mjs	2026-10-05T11:00:20.7493668Z ✔ desktopMutationGate denies a mutation when there is no manifest (fails closed) (0.5677ms)
gateway-web	Run node city/test-all.mjs	2026-10-05T11:00:20.7495100Z ✔ desktopMutationGate denies a mutation when the manifest has no side-effect allow (0.2138ms)
gateway-web	Run node city/test-all.mjs	2026-10-05T11:00:20.7496643Z ✔ desktopMutationGate allows a mutation only when its computer:<action> entry is allow-listed (1.3753ms)
gateway-web	Run node city/test-all.mjs	2026-10-05T11:00:20.7498463Z ✔ desktopMutationGate lets a deny entry beat an allow entry for the same key (0.299ms)
gateway-web	Run node city/test-all.mjs	2026-10-05T11:00:20.7500319Z ✔ a side-effect prefix entry cannot grant a computer: key, because the entry separator is / and the key separator is : (0.2094ms)
gateway-web	Run node city/test-all.mjs	2026-10-05T11:00:20.7501870Z ✔ DEFECT PINNED: a permitted verdict carries no reason key at all (0.2211ms)
gateway-web	Run node city/test-all.mjs	2026-10-05T11:00:20.7503113Z ✔ the read set and the mutation check are the only two paths through the gate (0.2797ms)
gateway-web	Run node city/test-all.mjs	2026-10-05T11:00:20.7504803Z ✔ evaluates scripts on the named provider WebContentsView and returns its value (3.4891ms)
gateway-web	Run node city/test-all.mjs	2026-10-05T11:00:20.7506193Z ✔ fails closed when the provider pane is closed, crashed, or the target is ambiguous (0.8723ms)
gateway-web	Run node city/test-all.mjs	2026-10-05T11:00:20.7507859Z ✔ a providerId that was never open reports the same 'not open' message as a closed one (0.304ms)
gateway-web	Run node city/test-all.mjs	2026-10-05T11:00:20.7509229Z ✔ a destroyed pane short-circuits before the crash check (0.272ms)
gateway-web	Run node city/test-all.mjs	2026-10-05T11:00:20.7510238Z ✔ returns real page content when the named provider pane is open (0.2967ms)
gateway-web	Run node city/test-all.mjs	2026-10-05T11:00:20.7511318Z ✔ the accessor is called freshly per lookup, so a pane that opens later is found (0.2845ms)
gateway-web	Run node city/test-all.mjs	2026-10-05T11:00:20.7512549Z ✔ only the script reaches executeJavaScript, with no extra argument (2.9956ms)
gateway-web	Run node city/test-all.mjs	2026-10-05T11:00:20.7513708Z ✔ a rejecting executeJavaScript propagates unchanged (0.2632ms)
gateway-web	Run node city/test-all.mjs	2026-10-05T11:00:20.7514829Z ✔ the composed surface drives the DOM backend end to end over a fake pane (0.6802ms)
gateway-web	Run node city/test-all.mjs	2026-10-05T11:00:20.7516083Z ✔ the nine action names are the donor's line-1 union, in order, frozen (2.0627ms)
gateway-web	Run node city/test-all.mjs	2026-10-05T11:00:20.7517341Z ✔ the six unconditional action names are accepted with just a name and target (0.4331ms)
gateway-web	Run node city/test-all.mjs	2026-10-05T11:00:20.7518647Z ✔ every one of the nine action names passes the membership check itself (0.2353ms)
gateway-web	Run node city/test-all.mjs	2026-10-05T11:00:20.7519633Z ✔ a fully-populated action is accepted (0.3177ms)
gateway-web	Run node city/test-all.mjs	2026-10-05T11:00:20.7520905Z ✔ Invalid semantic action: a missing value, an unknown name, a bad or missing target, unknown keys (1.1818ms)
gateway-web	Run node city/test-all.mjs	2026-10-05T11:00:20.7522441Z ✔ Invalid semantic value: value/expected must be strings of at most 100000 characters (0.3138ms)
gateway-web	Run node city/test-all.mjs	2026-10-05T11:00:20.7523648Z ✔ Text value required: enter_text needs a string value (0.4722ms)
gateway-web	Run node city/test-all.mjs	2026-10-05T11:00:20.7525530Z ✔ Expected state required: verify_state and wait_for_state need expected or value (0.3672ms)
gateway-web	Run node city/test-all.mjs	2026-10-05T11:00:20.7526792Z ✔ Invalid semantic timeout: only finite numbers in [1, 120000] (0.4892ms)
gateway-web	Run node city/test-all.mjs	2026-10-05T11:00:20.7527846Z ✔ precedence: the first failing check is the one reported (0.5004ms)
gateway-web	Run node city/test-all.mjs	2026-10-05T11:00:20.7529102Z ✔ computerIntent opens the three apps it names, in both languages (0.6867ms)
gateway-web	Run node city/test-all.mjs	2026-10-05T11:00:20.7529735Z ✔ computerIntent reads the four fixed read commands (1.1874ms)
gateway-web	Run node city/test-all.mjs	2026-10-05T11:00:20.7530378Z ✔ computerIntent parameterises the terminal-log and browser-state forms (1.0669ms)
gateway-web	Run node city/test-all.mjs	2026-10-05T11:00:20.7531064Z ✔ computerIntent parses the desktop {…} JSON form and validates it (0.2435ms)
gateway-web	Run node city/test-all.mjs	2026-10-05T11:00:20.7531846Z ✔ DEFECT PINNED: a malformed desktop {…} body throws SyntaxError, it is not turned into undefined (0.1823ms)
gateway-web	Run node city/test-all.mjs	2026-10-05T11:00:20.7532597Z ✔ computerIntent returns undefined for anything it does not recognise (0.2315ms)
gateway-web	Run node city/test-all.mjs	2026-10-05T11:00:20.7533325Z ✔ DEFECT PINNED: the Chinese VS Code status form needs the donor's exact ASCII space (0.2219ms)
gateway-web	Run node city/test-all.mjs	2026-10-05T11:00:20.7534046Z ✔ the surface id vocabulary is the donor's 23 ids in the donor's order, frozen (2.5092ms)
gateway-web	Run node city/test-all.mjs	2026-10-05T11:00:20.7534644Z ✔ the registry version string is the donor's literal (0.2351ms)
gateway-web	Run node city/test-all.mjs	2026-10-05T11:00:20.7535163Z ✔ the eleven surface categories are the donor's, in order (0.2151ms)
gateway-web	Run node city/test-all.mjs	2026-10-05T11:00:20.7535976Z ✔ the §10 token groups are the donor's five groups and 31 names, in order (0.508ms)
gateway-web	Run node city/test-all.mjs	2026-10-05T11:00:20.7536630Z ✔ tokenGroupOf resolves each group and rejects a token in no group (0.401ms)
gateway-web	Run node city/test-all.mjs	2026-10-05T11:00:20.7537245Z ✔ knownToken accepts the §10 names and the six extras, nothing else (0.2964ms)
gateway-web	Run node city/test-all.mjs	2026-10-05T11:00:20.7538128Z ✔ defaultSurfaceContracts covers every §9 surface exactly once, in id order (0.4565ms)
gateway-web	Run node city/test-all.mjs	2026-10-05T11:00:20.7538931Z ✔ every contract row carries the donor's category, allowedProperties, defaultTokens and fallback (1.427ms)
gateway-web	Run node city/test-all.mjs	2026-10-05T11:00:20.7539760Z ✔ the two fallback notes are the donor's strings and only BORDER/DIVIDER/SCROLLBAR inherit (0.4635ms)
gateway-web	Run node city/test-all.mjs	2026-10-05T11:00:20.7540484Z ✔ every contract reads only known tokens and allows at least one property (0.549ms)
gateway-web	Run node city/test-all.mjs	2026-10-05T11:00:20.7541178Z ✔ defaultSurfaceContracts returns fresh arrays and fallback objects each call (0.4317ms)
gateway-web	Run node city/test-all.mjs	2026-10-05T11:00:20.7541858Z ✔ surfaceById finds a contract by id and returns undefined otherwise (0.3429ms)
gateway-web	Run node city/test-all.mjs	2026-10-05T11:00:20.7542717Z ✔ §9.1 an allowed property with a literal or a declared token is accepted, property normalised (1.3539ms)
gateway-web	Run node city/test-all.mjs	2026-10-05T11:00:20.7543389Z ✔ §9.1 an unknown surface fails closed with UNKNOWN_SURFACE (0.2289ms)
gateway-web	Run node city/test-all.mjs	2026-10-05T11:00:20.7544024Z ✔ §9.1 a property the surface does not allow fails closed with UNKNOWN_PROPERTY (0.2281ms)
gateway-web	Run node city/test-all.mjs	2026-10-05T11:00:20.7544704Z ✔ §9.1 an empty value fails closed with EMPTY_VALUE, checked after the property (0.2198ms)
gateway-web	Run node city/test-all.mjs	2026-10-05T11:00:20.7545350Z ✔ §20 unsafe values fail closed with UNSAFE_VALUE, in pattern order (0.5212ms)
gateway-web	Run node city/test-all.mjs	2026-10-05T11:00:20.7546074Z ✔ DEFECT PINNED: the unsafe patterns match their substring anywhere, including benign values (0.2782ms)
gateway-web	Run node city/test-all.mjs	2026-10-05T11:00:20.7546809Z ✔ DEFECT PINNED: the §10 token scan is var()-only and stops at an underscore (1.4168ms)
gateway-web	Run node city/test-all.mjs	2026-10-05T11:00:20.7547473Z ✔ DEFECT PINNED: LOCKED_SURFACE is unreachable with the donor's SEEDS table (0.2855ms)
gateway-web	Run node city/test-all.mjs	2026-10-05T11:00:20.7548331Z ✔ validateUISurfaceRegistry accepts a complete, honest registry (0.8066ms)
gateway-web	Run node city/test-all.mjs	2026-10-05T11:00:20.7549043Z ✔ validateUISurfaceRegistry reports every missing surface contract, in seed order (0.2433ms)
gateway-web	Run node city/test-all.mjs	2026-10-05T11:00:20.7549899Z ✔ validateUISurfaceRegistry reports duplicate ids, empty properties, empty tokens and undeclared tokens (0.6112ms)
gateway-web	Run node city/test-all.mjs	2026-10-05T11:00:20.7550699Z ✔ validateUISurfaceRegistry enforces the unbound list in both directions (0.4969ms)
gateway-web	Run node city/test-all.mjs	2026-10-05T11:00:20.7551324Z ✔ validateUISurfaceRegistry refuses an evidence-free binding (0.2792ms)
gateway-web	Run node city/test-all.mjs	2026-10-05T11:00:20.7551970Z ✔ summarizeUISurfaceRegistry reports every summary field from the registry (0.379ms)
gateway-web	Run node city/test-all.mjs	2026-10-05T11:00:20.7552750Z ✔ summarizeUISurfaceRegistry counts bound surfaces and declared tokens, and copies its arrays (0.2654ms)
gateway-web	Run node city/test-all.mjs	2026-10-05T11:00:20.7553360Z ✔ the status vocabulary is the donor three (2.8433ms)
gateway-web	Run node city/test-all.mjs	2026-10-05T11:00:20.7553861Z ✔ the block reasons are the donor five, with the donor strings (0.2703ms)
gateway-web	Run node city/test-all.mjs	2026-10-05T11:00:20.7554519Z ✔ the capability → controller table is the donor ten, and it is not the routing table (0.3371ms)
gateway-web	Run node city/test-all.mjs	2026-10-05T11:00:20.7555304Z ✔ controllerIdsFor maps a capability to its controllers and passes an unknown name through (0.2894ms)
gateway-web	Run node city/test-all.mjs	2026-10-05T11:00:20.7556289Z ✔ capabilityIsUsable accepts a capability or a controller id and needs a real hit (0.4299ms)
gateway-web	Run node city/test-all.mjs	2026-10-05T11:00:20.7556950Z ✔ a healthy snapshot is healthy, and it echoes the donor fields (0.7294ms)
gateway-web	Run node city/test-all.mjs	2026-10-05T11:00:20.7557549Z ✔ the default snapshot is healthy but empty, with the donor defaults (0.2046ms)
gateway-web	Run node city/test-all.mjs	2026-10-05T11:00:20.7558164Z ✔ an explicitly degraded probe is degraded while staying available (0.2539ms)
gateway-web	Run node city/test-all.mjs	2026-10-05T11:00:20.7558841Z ✔ an unavailable controller is degraded, unusable and takes the runtime to degraded (0.409ms)
gateway-web	Run node city/test-all.mjs	2026-10-05T11:00:20.7559642Z ✔ a null controller entry is unavailable, and `available` is only false when it is literally false (0.3877ms)
gateway-web	Run node city/test-all.mjs	2026-10-05T11:00:20.7560359Z ✔ a dead channel the contract does not need still degrades the runtime (0.35ms)
gateway-web	Run node city/test-all.mjs	2026-10-05T11:00:20.7561007Z ✔ BLOCK_REASONS.WORKSPACE_UNAVAILABLE is derived from the workspace guard (0.4812ms)
gateway-web	Run node city/test-all.mjs	2026-10-05T11:00:20.7561802Z ✔ BLOCK_REASONS.ALL_CAPABILITIES_UNAVAILABLE is derived only when every allowed capability is gone (1.5371ms)
gateway-web	Run node city/test-all.mjs	2026-10-05T11:00:20.7562786Z ✔ BLOCK_REASONS.RESOURCE_CEILING is derived from the evidence snapshot and the process capacity (0.4778ms)
gateway-web	Run node city/test-all.mjs	2026-10-05T11:00:20.7563628Z ✔ BLOCK_REASONS.SAFETY_UNAVAILABLE and STATE_INTEGRITY_UNCERTAIN are derived from their flags (0.3594ms)
gateway-web	Run node city/test-all.mjs	2026-10-05T11:00:20.7564417Z ✔ every block reason can appear at once, in the donor order, and blocked outranks degraded (0.2508ms)
gateway-web	Run node city/test-all.mjs	2026-10-05T11:00:20.7565140Z ✔ status is blocked, then degraded, then healthy — in that order of precedence (0.2514ms)
gateway-web	Run node city/test-all.mjs	2026-10-05T11:00:20.7565878Z ✔ capabilityVerdict answers the four donor cases, including the unclaimed capability (0.4745ms)
gateway-web	Run node city/test-all.mjs	2026-10-05T11:00:20.7566613Z ✔ capabilityVerdict judges the degraded flag on every controller the table names (0.1603ms)
gateway-web	Run node city/test-all.mjs	2026-10-05T11:00:20.7567320Z ✔ a snapshot built by buildHealthSnapshot feeds capabilityVerdict unchanged (0.1913ms)
gateway-web	Run node city/test-all.mjs	2026-10-05T11:00:20.7568260Z ✔ stabilization re-exports the target-guard room's own revalidate (1.3608ms)
gateway-web	Run node city/test-all.mjs	2026-10-05T11:00:20.7568832Z ✔ the barrel re-exports that same revalidate binding (0.3954ms)
gateway-web	Run node city/test-all.mjs	2026-10-05T11:00:20.7569382Z ✔ recovery uses the routing-safety room's own channel plan table (1.8192ms)
gateway-web	Run node city/test-all.mjs	2026-10-05T11:00:20.7570017Z ✔ the routing-safety room's fallbackChannels is the function that answers (0.3953ms)
gateway-web	Run node city/test-all.mjs	2026-10-05T11:00:20.7570670Z ✔ the sibling-owned bindings are the donor's algorithms, not lookalikes (2.44ms)
gateway-web	Run node city/test-all.mjs	2026-10-05T11:00:20.7571256Z ✔ every donor export is re-exported, and each one is defined (2.007ms)
gateway-web	Run node city/test-all.mjs	2026-10-05T11:00:20.7571826Z ✔ the re-exported names are the same bindings the modules define (2.1741ms)
gateway-web	Run node city/test-all.mjs	2026-10-05T11:00:20.7572394Z ✔ MODULES exposes the seven modules plus the local contracts (1.5996ms)
gateway-web	Run node city/test-all.mjs	2026-10-05T11:00:20.7573000Z ✔ the four closed vocabularies are the donor values, through the barrel (0.5549ms)
gateway-web	Run node city/test-all.mjs	2026-10-05T11:00:20.7573679Z ✔ one deterministic step clock is shared by every module that needed a default (1.0705ms)
gateway-web	Run node city/test-all.mjs	2026-10-05T11:00:20.7574347Z ✔ the ported modules read the local contracts rather than a sibling import (1.6851ms)
gateway-web	Run node city/test-all.mjs	2026-10-05T11:00:20.7574930Z ✔ the outcome vocabulary and the donor default budget (2.5845ms)
gateway-web	Run node city/test-all.mjs	2026-10-05T11:00:20.7575438Z ✔ no reattach function is exhausted with zero attempts (0.6718ms)
gateway-web	Run node city/test-all.mjs	2026-10-05T11:00:20.7576150Z ✔ one attempt below the bound connects on the first try (0.8929ms)
gateway-web	Run node city/test-all.mjs	2026-10-05T11:00:20.7576813Z ✔ the budget is spent per channel and per step: at, just below and just above the bound (0.9628ms)
gateway-web	Run node city/test-all.mjs	2026-10-05T11:00:20.7577534Z ✔ a channel that never comes back is exhausted after exactly maxAttempts attempts (0.7077ms)
gateway-web	Run node city/test-all.mjs	2026-10-05T11:00:20.7578181Z ✔ the backoff is bounded, and a one-attempt budget never spends it (1.6725ms)
gateway-web	Run node city/test-all.mjs	2026-10-05T11:00:20.7578799Z ✔ a reattach that throws is a failed attempt, and the message is carried (0.5434ms)
gateway-web	Run node city/test-all.mjs	2026-10-05T11:00:20.7579442Z ✔ an undefined reattach result counts as attached, a bare false does not (0.6674ms)
gateway-web	Run node city/test-all.mjs	2026-10-05T11:00:20.7580000Z ✔ a fresh step resets the budget but not the event log (0.4371ms)
gateway-web	Run node city/test-all.mjs	2026-10-05T11:00:20.7580459Z ✔ the event log is bounded at 100 entries (2.0136ms)
gateway-web	Run node city/test-all.mjs	2026-10-05T11:00:20.7580895Z ✔ the transport codes are exactly the donor four (0.1978ms)
gateway-web	Run node city/test-all.mjs	2026-10-05T11:00:20.7581553Z ✔ isTransportFailure classifies the donor codes, the raw transport messages and nothing else (0.5521ms)
gateway-web	Run node city/test-all.mjs	2026-10-05T11:00:20.7582259Z ✔ channelOfError prefers the error-named channel and never guesses (0.2545ms)
gateway-web	Run node city/test-all.mjs	2026-10-05T11:00:20.7582932Z ✔ channelHintFor reads the last route, then the capability map, and never guesses (0.2571ms)
gateway-web	Run node city/test-all.mjs	2026-10-05T11:00:20.7583555Z ✔ exhaustedError is the donor RECONNECT_EXHAUSTED failure (0.5533ms)
gateway-web	Run node city/test-all.mjs	2026-10-05T11:00:20.7584069Z ✔ the policy exposes the donor RECONNECT vocabulary (0.1599ms)
gateway-web	Run node city/test-all.mjs	2026-10-05T11:00:20.7584523Z ✔ channel recovery needs a reconnect policy (0.9517ms)
gateway-web	Run node city/test-all.mjs	2026-10-05T11:00:20.7585271Z ✔ recover reattaches through the controller, then proves it with a fresh observation (0.9611ms)
gateway-web	Run node city/test-all.mjs	2026-10-05T11:00:20.7585906Z ✔ recover fails when no controller implements the channel (0.3332ms)
gateway-web	Run node city/test-all.mjs	2026-10-05T11:00:20.7586586Z ✔ a controller that still reports unavailable spends the whole budget (0.3336ms)
gateway-web	Run node city/test-all.mjs	2026-10-05T11:00:20.7587192Z ✔ a probe with no reason falls back to the donor sentence (0.3526ms)
gateway-web	Run node city/test-all.mjs	2026-10-05T11:00:20.7587933Z ✔ a reattached channel with an unobservable state is context_invalid (0.7018ms)
gateway-web	Run node city/test-all.mjs	2026-10-05T11:00:20.7588558Z ✔ a contract that is no longer valid after the reconnect is exhausted (0.6172ms)
gateway-web	Run node city/test-all.mjs	2026-10-05T11:00:20.7589154Z ✔ recover without an observer or a validity check still reconnects (0.2569ms)
gateway-web	Run node city/test-all.mjs	2026-10-05T11:00:20.7589706Z ✔ recover defaults a missing channel name to "unknown" (0.4463ms)
gateway-web	Run node city/test-all.mjs	2026-10-05T11:00:20.7590271Z ✔ a controller with no probe or facts is reattached on the host's word (0.2588ms)
gateway-web	Run node city/test-all.mjs	2026-10-05T11:00:20.7590836Z ✔ channel recovery exposes the donor attribution helpers (0.1625ms)
gateway-web	Run node city/test-all.mjs	2026-10-05T11:00:20.7591334Z ✔ the default clock and delay are deterministic (0.2703ms)
gateway-web	Run node city/test-all.mjs	2026-10-05T11:00:20.7591813Z ✔ the documented rungs are the donor seven, in order (4.2093ms)
gateway-web	Run node city/test-all.mjs	2026-10-05T11:00:20.7592491Z ✔ the verdict vocabulary is the donor five and VERDICT_BY_STEP has exactly the donor four keys (0.3812ms)
gateway-web	Run node city/test-all.mjs	2026-10-05T11:00:20.7593140Z ✔ USER_ACTION_CODES is the donor nine, in the donor order (0.2682ms)
gateway-web	Run node city/test-all.mjs	2026-10-05T11:00:20.7593732Z ✔ every USER_ACTION_CODE is checked before the retry rung and is terminal (0.9317ms)
gateway-web	Run node city/test-all.mjs	2026-10-05T11:00:20.7594350Z ✔ rung 0 wins over the retry rung even when a retry would be allowed (0.2985ms)
gateway-web	Run node city/test-all.mjs	2026-10-05T11:00:20.7594923Z ✔ a non-retryable failure fails without spending the ladder (0.3082ms)
gateway-web	Run node city/test-all.mjs	2026-10-05T11:00:20.7595498Z ✔ the explicit retryable override is honoured in both directions (0.4656ms)
gateway-web	Run node city/test-all.mjs	2026-10-05T11:00:20.7596392Z ✔ an absent error is retryable, and an error with no code fails by its code-less message (0.2894ms)
gateway-web	Run node city/test-all.mjs	2026-10-05T11:00:20.7597155Z ✔ the attempt counts down against the action retry policy, not the controller default (1.279ms)
gateway-web	Run node city/test-all.mjs	2026-10-05T11:00:20.7597847Z ✔ the retry rung escalates the visual level only after the first attempt (0.5686ms)
gateway-web	Run node city/test-all.mjs	2026-10-05T11:00:20.7598485Z ✔ nextVisualLevel climbs one rung and stops at the injected ceiling (0.5778ms)
gateway-web	Run node city/test-all.mjs	2026-10-05T11:00:20.7599074Z ✔ the cooldown signals are the donor mapping, de-duplicated (0.5796ms)
gateway-web	Run node city/test-all.mjs	2026-10-05T11:00:20.7599708Z ✔ the alternative rung converts the same intent to the cheapest untried channel (0.5145ms)
gateway-web	Run node city/test-all.mjs	2026-10-05T11:00:20.7600370Z ✔ the alternative rung is skipped when the action forbids an alternative (0.2821ms)
gateway-web	Run node city/test-all.mjs	2026-10-05T11:00:20.7601056Z ✔ the alternative rung is skipped when the retry policy is absent (donor condition) (0.3791ms)
gateway-web	Run node city/test-all.mjs	2026-10-05T11:00:20.7601688Z ✔ the replan rung reports, and runs out at maxStallRecoveries (0.5055ms)
gateway-web	Run node city/test-all.mjs	2026-10-05T11:00:20.7602307Z ✔ an action that cannot be converted names the action type on the replan rung (0.2501ms)
gateway-web	Run node city/test-all.mjs	2026-10-05T11:00:20.7602959Z ✔ a CLICK with no target still converts, because vision click pixels (0.1565ms)
gateway-web	Run node city/test-all.mjs	2026-10-05T11:00:20.7603655Z ✔ the round budget is checked before every other rung and defaults to attemptsAllowed + 2 (0.1724ms)
gateway-web	Run node city/test-all.mjs	2026-10-05T11:00:20.7604301Z ✔ decisions() returns every decision in order, as a copy (0.1771ms)
gateway-web	Run node city/test-all.mjs	2026-10-05T11:00:20.7604757Z ✔ the controller reports its own bounds (0.1629ms)
gateway-web	Run node city/test-all.mjs	2026-10-05T11:00:20.7605373Z ✔ stallStep walks the donor ladder one rung at a time and ends terminal at fail_with_context (0.3455ms)
gateway-web	Run node city/test-all.mjs	2026-10-05T11:00:20.7606057Z ✔ stallStep clamps an out-of-range index to the ends of the ladder (0.2329ms)
gateway-web	Run node city/test-all.mjs	2026-10-05T11:00:20.7606601Z ✔ a fractional stall index throws the donor TypeError (0.7995ms)
gateway-web	Run node city/test-all.mjs	2026-10-05T11:00:20.7607072Z ✔ mapType is the donor intent × channel table (0.2031ms)
gateway-web	Run node city/test-all.mjs	2026-10-05T11:00:20.7607667Z ✔ alternativeAction is null for a null action and picks the intent per action type (0.2566ms)
gateway-web	Run node city/test-all.mjs	2026-10-05T11:00:20.7608544Z ✔ alternativeAction never offers dom or accessibility for a visual target (0.3241ms)
gateway-web	Run node city/test-all.mjs	2026-10-05T11:00:20.7609382Z ✔ alternativeAction respects the contract capabilities and the used channel (0.2962ms)
gateway-web	Run node city/test-all.mjs	2026-10-05T11:00:20.7610125Z ✔ alternativeAction prefers the cheapest remaining channel and builds the gui point (0.2631ms)
gateway-web	Run node city/test-all.mjs	2026-10-05T11:00:20.7611003Z ✔ alternativeController reads the channel from either shape and answers null otherwise (0.1828ms)
gateway-web	Run node city/test-all.mjs	2026-10-05T11:00:20.7611784Z ✔ exhaustedError is the donor PLAN_EXHAUSTED failure carrying the decision context (0.9907ms)
gateway-web	Run node city/test-all.mjs	2026-10-05T11:00:20.7612541Z ✔ a decision is stamped with the injected clock, and the default clock is a step clock (0.346ms)
gateway-web	Run node city/test-all.mjs	2026-10-05T11:00:20.7613194Z ✔ the donor constants are 60s TTL and the five small ceilings (3.3692ms)
gateway-web	Run node city/test-all.mjs	2026-10-05T11:00:20.7613801Z ✔ classifyRetention answers every donor verdict from the reason text (0.5827ms)
gateway-web	Run node city/test-all.mjs	2026-10-05T11:00:20.7614433Z ✔ classifyRetention answers its undocumented cases as the donor does (0.4207ms)
gateway-web	Run node city/test-all.mjs	2026-10-05T11:00:20.7615068Z ✔ classifyRetention answers its `undefined` case: no argument at all (0.3024ms)
gateway-web	Run node city/test-all.mjs	2026-10-05T11:00:20.7615686Z ✔ registerScreenshot answers the donor `keep`, which is always true (0.9917ms)
gateway-web	Run node city/test-all.mjs	2026-10-05T11:00:20.7616597Z ✔ classifyRetention stays a method on the budget, with the module function identity (0.219ms)
gateway-web	Run node city/test-all.mjs	2026-10-05T11:00:20.7617316Z ✔ an expired transient is dropped on the next enforcement, and a live one is not (0.4824ms)
gateway-web	Run node city/test-all.mjs	2026-10-05T11:00:20.7617903Z ✔ a kept failure capture is never expired by the TTL (0.3169ms)
gateway-web	Run node city/test-all.mjs	2026-10-05T11:00:20.7618491Z ✔ the count ceiling evicts a transient before the oldest retained evidence (0.6174ms)
gateway-web	Run node city/test-all.mjs	2026-10-05T11:00:20.7619165Z ✔ the byte ceiling evicts the oldest first, even when both entries are retained (1.4189ms)
gateway-web	Run node city/test-all.mjs	2026-10-05T11:00:20.7619851Z ✔ the count eviction leaves the donor mark on the entry it tagged and dropped (0.5503ms)
gateway-web	Run node city/test-all.mjs	2026-10-05T11:00:20.7620569Z ✔ the byte ceiling does not guard on the donor mark, but never re-drops the same entry (0.3319ms)
gateway-web	Run node city/test-all.mjs	2026-10-05T11:00:20.7621177Z ✔ pressure is kept as the last five eviction events (0.3618ms)
gateway-web	Run node city/test-all.mjs	2026-10-05T11:00:20.7621790Z ✔ atCeiling needs a drop and then real pressure, exactly as the donor defines it (0.4604ms)
gateway-web	Run node city/test-all.mjs	2026-10-05T11:00:20.7622472Z ✔ the ring buffer keeps the newest `capacity` items and reports its capacity (0.6149ms)
gateway-web	Run node city/test-all.mjs	2026-10-05T11:00:20.7623135Z ✔ the injected limits override every default, and the snapshot echoes them (0.3991ms)
gateway-web	Run node city/test-all.mjs	2026-10-05T11:00:20.7623851Z ✔ the default clock is a deterministic step clock, so a TTL cannot expire by surprise (0.3054ms)
gateway-web	Run node city/test-all.mjs	2026-10-05T11:00:20.7624561Z ✔ a capture with no bytes and no reason is still recorded with the donor defaults (0.3404ms)
gateway-web	Run node city/test-all.mjs	2026-10-05T11:00:20.7625141Z ✔ the donor vocabulary is eight signals, in order (4.2319ms)
gateway-web	Run node city/test-all.mjs	2026-10-05T11:00:20.7625687Z ✔ the donor aliases map every hyphenated name, including "animation" (0.3954ms)
gateway-web	Run node city/test-all.mjs	2026-10-05T11:00:20.7626353Z ✔ normalizeSignals starts from every signal false and accumulates unknown names (0.5312ms)
gateway-web	Run node city/test-all.mjs	2026-10-05T11:00:20.7627141Z ✔ normalizeSignals accepts the hyphenated array recovery emits, canonical names and unknowns (0.4201ms)
gateway-web	Run node city/test-all.mjs	2026-10-05T11:00:20.7627963Z ✔ normalizeSignals accepts an object, including a mixed one, and only reports truthy unknowns (0.3303ms)
gateway-web	Run node city/test-all.mjs	2026-10-05T11:00:20.7628893Z ✔ the dynamic cooldown starts at the base and adds one step per active signal (0.6754ms)
gateway-web	Run node city/test-all.mjs	2026-10-05T11:00:20.7629599Z ✔ the dynamic cooldown climbs in the donor signal order and stops at the soft ceiling (0.3237ms)
gateway-web	Run node city/test-all.mjs	2026-10-05T11:00:20.7630259Z ✔ a pending navigation jumps the cooldown to the navigation budget (0.5016ms)
gateway-web	Run node city/test-all.mjs	2026-10-05T11:00:20.7630905Z ✔ the escalate flag uses the hard ceiling, and the injected limits are honoured (0.3891ms)
gateway-web	Run node city/test-all.mjs	2026-10-05T11:00:20.7631581Z ✔ signalInputs turns a signal set into the cooldown input, carrying the reasons (0.41ms)
gateway-web	Run node city/test-all.mjs	2026-10-05T11:00:20.7632200Z ✔ stabilitySignals reports the donor reasons, and only them (0.6149ms)
gateway-web	Run node city/test-all.mjs	2026-10-05T11:00:20.7632783Z ✔ detectSignals expands the same reasons into the named vocabulary (0.3706ms)
gateway-web	Run node city/test-all.mjs	2026-10-05T11:00:20.7633552Z ✔ postActionSignals reads only the receipt and the two observations (0.4385ms)
gateway-web	Run node city/test-all.mjs	2026-10-05T11:00:20.7634188Z ✔ settle returns stable on the first observation when nothing is moving (0.7819ms)
gateway-web	Run node city/test-all.mjs	2026-10-05T11:00:20.7634886Z ✔ settle spends the bounded minimum before the first observation (0.3294ms)
gateway-web	Run node city/test-all.mjs	2026-10-05T11:00:20.7635448Z ✔ settle clamps a minimum above the ceiling to the ceiling (0.3245ms)
gateway-web	Run node city/test-all.mjs	2026-10-05T11:00:20.7636098Z ✔ settle answers reobserve for a stale target and for one that vanished (0.462ms)
gateway-web	Run node city/test-all.mjs	2026-10-05T11:00:20.7637082Z ✔ settle reports the donor `updated` verdict when the refreshed coordinate is the only change (0.5374ms)
gateway-web	Run node city/test-all.mjs	2026-10-05T11:00:20.7637999Z ✔ settle answers wait_state when the ceiling is reached while the UI keeps changing (0.335ms)
gateway-web	Run node city/test-all.mjs	2026-10-05T11:00:20.7638784Z ✔ settle merges the caller-carried signals into every cooldown it spends (0.2941ms)
gateway-web	Run node city/test-all.mjs	2026-10-05T11:00:20.7639487Z ✔ waitFor polls until the condition holds and reports what it saw (0.4728ms)
gateway-web	Run node city/test-all.mjs	2026-10-05T11:00:20.7640237Z ✔ waitFor times out at its ceiling and is bounded, not unbounded (0.2726ms)
gateway-web	Run node city/test-all.mjs	2026-10-05T11:00:20.7640924Z ✔ grace is bounded by the grace ceiling and reflects the action budget (0.4148ms)
gateway-web	Run node city/test-all.mjs	2026-10-05T11:00:20.7641689Z ✔ afterAction returns quiet once the minimum is spent and nothing is pending (2.4245ms)
gateway-web	Run node city/test-all.mjs	2026-10-05T11:00:20.7642374Z ✔ afterAction ends the moment the effect is observable (0.2135ms)
gateway-web	Run node city/test-all.mjs	2026-10-05T11:00:20.7643093Z ✔ afterAction is bounded by the grace ceiling when the world never settles (0.2618ms)
gateway-web	Run node city/test-all.mjs	2026-10-05T11:00:20.7643826Z ✔ afterAction ignores a landed check that throws, as the donor does (0.3436ms)
gateway-web	Run node city/test-all.mjs	2026-10-05T11:00:20.7655414Z ✔ the trace holds the most recent notes and is bounded (0.2906ms)
gateway-web	Run node city/test-all.mjs	2026-10-05T11:00:20.7656146Z ✔ the stabilizer exposes the donor limits, thresholds and vocabulary (0.1674ms)
gateway-web	Run node city/test-all.mjs	2026-10-05T11:00:20.7657053Z ✔ the default clock is deterministic and never reads a wall clock (0.5457ms)
gateway-web	Run node city/test-all.mjs	2026-10-05T11:00:20.7657634Z ✔ the injected thresholds drive the settle verdicts (0.38ms)
gateway-web	Run node city/test-all.mjs	2026-10-05T11:00:20.7658227Z ✔ the donor ladder is eight rungs, in order, each with its exact description (2.7896ms)
gateway-web	Run node city/test-all.mjs	2026-10-05T11:00:20.7658900Z ✔ the donor thresholds are 3 consecutive actions and 2 recoveries (0.2518ms)
gateway-web	Run node city/test-all.mjs	2026-10-05T11:00:20.7659601Z ✔ the stall fires exactly at the third consecutive action without progress, not before (0.5677ms)
gateway-web	Run node city/test-all.mjs	2026-10-05T11:00:20.7660268Z ✔ a meaningful change resets the streak and clears stalledSince (0.3283ms)
gateway-web	Run node city/test-all.mjs	2026-10-05T11:00:20.7660882Z ✔ an explicit meaningful flag overrides changed, in both directions (0.3201ms)
gateway-web	Run node city/test-all.mjs	2026-10-05T11:00:20.7661650Z ✔ a changed signature is progress even with no meaningful change, but only once a signature is known (0.3145ms)
gateway-web	Run node city/test-all.mjs	2026-10-05T11:00:20.7662356Z ✔ the record shape is the donor shape, with its own defaults (0.4292ms)
gateway-web	Run node city/test-all.mjs	2026-10-05T11:00:20.7662977Z ✔ the detector accepts injected thresholds and thresholds them exactly (0.4623ms)
gateway-web	Run node city/test-all.mjs	2026-10-05T11:00:20.7663609Z ✔ every recovery is counted and the ladder ends at maxRecoveries (0.3861ms)
gateway-web	Run node city/test-all.mjs	2026-10-05T11:00:20.7664244Z ✔ reset clears the streak and the signature but keeps the recovery count (0.509ms)
gateway-web	Run node city/test-all.mjs	2026-10-05T11:00:20.7664859Z ✔ history is a bounded copy: 250 records keep the newest 200 (0.6452ms)
gateway-web	Run node city/test-all.mjs	2026-10-05T11:00:20.7665405Z ✔ the default clock is deterministic: no wall clock is read (1.247ms)
gateway-web	Run node city/test-all.mjs	2026-10-05T11:00:20.7667977Z ✔ the donor machine is fifteen states and two terminal states (2.0368ms)
gateway-web	Run node city/test-all.mjs	2026-10-05T11:00:20.7669174Z ✔ the transition table is the donor table, edge for edge and in order (0.5162ms)
gateway-web	Run node city/test-all.mjs	2026-10-05T11:00:20.7670334Z ✔ every ordered state pair is exactly as legal as CU_TRANSITIONS says (7.6955ms)
gateway-web	Run node city/test-all.mjs	2026-10-05T11:00:20.7671548Z ✔ an unknown state is STATE_INVALID from canTransition, transition and force (1.2573ms)
gateway-web	Run node city/test-all.mjs	2026-10-05T11:00:20.7673347Z ✔ an unknown initial state is STATE_INVALID and names the state (0.4338ms)
gateway-web	Run node city/test-all.mjs	2026-10-05T11:00:20.7673985Z ✔ force bypasses the edge table but is labelled forced in the history (0.4455ms)
gateway-web	Run node city/test-all.mjs	2026-10-05T11:00:20.7675460Z ✔ isTerminal is true only for COMPLETED and FAILED (0.4079ms)
gateway-web	Run node city/test-all.mjs	2026-10-05T11:00:20.7676132Z ✔ the reason carried into a transition is the previous meta reason when meta omits one (0.2596ms)
gateway-web	Run node city/test-all.mjs	2026-10-05T11:00:20.7676926Z ✔ a transition listener sees the edge and can never break the run (0.6543ms)
gateway-web	Run node city/test-all.mjs	2026-10-05T11:00:20.7677461Z ✔ path, previous, reset and the history copy (0.5512ms)
gateway-web	Run node city/test-all.mjs	2026-10-05T11:00:20.7677917Z ✔ a custom initial state starts the path there (0.305ms)
gateway-web	Run node city/test-all.mjs	2026-10-05T11:00:20.7678380Z ✔ the default clock is a deterministic step clock (0.259ms)
gateway-web	Run node city/test-all.mjs	2026-10-05T11:00:20.7679068Z ✔ the action type set, expected-effect and parameter vocabularies are exactly the donor lists (2.5273ms)
gateway-web	Run node city/test-all.mjs	2026-10-05T11:00:20.7679850Z ✔ a bare action type and the documented envelope both normalize to one action object (1.5776ms)
gateway-web	Run node city/test-all.mjs	2026-10-05T11:00:20.7680571Z ✔ unsupported and non-object actions fail with the donor ACTION_INVALID shape (1.5889ms)
gateway-web	Run node city/test-all.mjs	2026-10-05T11:00:20.7681474Z ✔ parameters are collected in donor order, with keys/args coercion and the raw timeout kept alongside the resolved one (0.7662ms)
gateway-web	Run node city/test-all.mjs	2026-10-05T11:00:20.7682180Z ✔ preconditions default to the donor tri-state (0.3334ms)
gateway-web	Run node city/test-all.mjs	2026-10-05T11:00:20.7682771Z ✔ stabilization is clamped into the donor band and rejects an inverted window (0.7547ms)
gateway-web	Run node city/test-all.mjs	2026-10-05T11:00:20.7683442Z ✔ expected effects normalize into one closed shape and reject unknown keys (0.9447ms)
gateway-web	Run node city/test-all.mjs	2026-10-05T11:00:20.7684093Z ✔ retry budgets clamp to the donor 0..5 attempt window without rounding (0.3768ms)
gateway-web	Run node city/test-all.mjs	2026-10-05T11:00:20.7684739Z ✔ destructive is normalized into the donor kind list, defaulting to DELETE (1.493ms)
gateway-web	Run node city/test-all.mjs	2026-10-05T11:00:20.7685379Z ✔ validation rejects an action that is missing the thing it must act on (1.7254ms)
gateway-web	Run node city/test-all.mjs	2026-10-05T11:00:20.7686430Z ✔ the donor `any` fallback to the resolved target lets a DOM_TYPE through without text (preserved donor defect) (0.3877ms)
gateway-web	Run node city/test-all.mjs	2026-10-05T11:00:20.7687453Z ✔ requiresTarget is the donor action list plus any resolved target (1.1319ms)
gateway-web	Run node city/test-all.mjs	2026-10-05T11:00:20.7688384Z ✔ describeAction is log-safe: targets labelled, secrets redacted, long payloads truncated (0.8111ms)
gateway-web	Run node city/test-all.mjs	2026-10-05T11:00:20.7689223Z ✔ destructiveKinds derives DELETE/FORMAT/INSTALL/PUBLISH from structured and shell actions (0.9555ms)
gateway-web	Run node city/test-all.mjs	2026-10-05T11:00:20.7690002Z ✔ the target ladder vocabulary is the donor list, cheapest and most stable first (0.2659ms)
gateway-web	Run node city/test-all.mjs	2026-10-05T11:00:20.7690730Z ✔ normalizeTarget accepts the donor shapes and records kinds, rank and primaryKind (1.5341ms)
gateway-web	Run node city/test-all.mjs	2026-10-05T11:00:20.7691454Z ✔ the donor reads a bare lowercase word as a CSS selector (preserved donor defect) (0.2703ms)
gateway-web	Run node city/test-all.mjs	2026-10-05T11:00:20.7692172Z ✔ normalizeTarget rejects malformed targets with the donor TARGET_INVALID messages (0.9333ms)
gateway-web	Run node city/test-all.mjs	2026-10-05T11:00:20.7692851Z ✔ describeTarget labels the target the way the execution log reads it (0.1581ms)
gateway-web	Run node city/test-all.mjs	2026-10-05T11:00:20.7693473Z ✔ a minimal contract is the donor default document, field for field (3.1825ms)
gateway-web	Run node city/test-all.mjs	2026-10-05T11:00:20.7694021Z ✔ a contract must be an object and must carry a goal (1.5792ms)
gateway-web	Run node city/test-all.mjs	2026-10-05T11:00:20.7694580Z ✔ capabilities are a closed vocabulary: deduplicated, never guessed (0.8714ms)
gateway-web	Run node city/test-all.mjs	2026-10-05T11:00:20.7695299Z ✔ the destructive mode is a closed vocabulary that fails loud instead of defaulting open (0.6398ms)
gateway-web	Run node city/test-all.mjs	2026-10-05T11:00:20.7696155Z ✔ safety posture keeps the donor defaults and normalizes forbidden targets through the target model (1.1626ms)
gateway-web	Run node city/test-all.mjs	2026-10-05T11:00:20.7696940Z ✔ limits are clamped to the donor windows and fall back to the effective options (0.5811ms)
gateway-web	Run node city/test-all.mjs	2026-10-05T11:00:20.7697682Z ✔ vision retention is a closed vocabulary and screenshot ceilings keep the donor defaults (0.5134ms)
gateway-web	Run node city/test-all.mjs	2026-10-05T11:00:20.7698321Z ✔ autonomy is opt-in and the workspace never invents a cwd (0.6755ms)
gateway-web	Run node city/test-all.mjs	2026-10-05T11:00:20.7698968Z ✔ success criteria are normalized up front, so a bad criterion fails at contract time (0.8623ms)
gateway-web	Run node city/test-all.mjs	2026-10-05T11:00:20.7699769Z ✔ plan steps are normalized into donor envelopes and invalid actions are wrapped as PLAN_INVALID (2.7729ms)
gateway-web	Run node city/test-all.mjs	2026-10-05T11:00:20.7700760Z ✔ the donor plan step keeps the contract retry limit out of its actions (preserved donor defect) (0.3422ms)
gateway-web	Run node city/test-all.mjs	2026-10-05T11:00:20.7702083Z ✔ capability assertion fails closed with the donor codes and messages (0.6131ms)
gateway-web	Run node city/test-all.mjs	2026-10-05T11:00:20.7702771Z ✔ declared destructive kinds are filtered against the closed donor families (0.4174ms)
gateway-web	Run node city/test-all.mjs	2026-10-05T11:00:20.7703425Z ✔ describeContract is a log-safe summary, never the plan payload (0.8954ms)
gateway-web	Run node city/test-all.mjs	2026-10-05T11:00:20.7704110Z ✔ the resolved config block is an explicit parameter, replacing the donor file read (0.4014ms)
gateway-web	Run node city/test-all.mjs	2026-10-05T11:00:20.7704754Z ✔ the action surface is the donor closed list, in donor order (2.6172ms)
gateway-web	Run node city/test-all.mjs	2026-10-05T11:00:20.7705384Z ✔ capability routing covers every action and uses the donor capability names (0.2472ms)
gateway-web	Run node city/test-all.mjs	2026-10-05T11:00:20.7706067Z ✔ the route ladder is cheapest-first and the controller map is the donor map (0.316ms)
gateway-web	Run node city/test-all.mjs	2026-10-05T11:00:20.7707180Z ✔ the state machine, its transitions and its terminal states are the donor lists (0.4145ms)
gateway-web	Run node city/test-all.mjs	2026-10-05T11:00:20.7707883Z ✔ verification kinds, verdicts and screenshot levels are the donor values (0.3011ms)
gateway-web	Run node city/test-all.mjs	2026-10-05T11:00:20.7708687Z ✔ capabilities, destructive kinds/modes, retention, step results and run status are the donor lists (0.2938ms)
gateway-web	Run node city/test-all.mjs	2026-10-05T11:00:20.7709464Z ✔ timing, movement, stall, retry and contract defaults keep the donor thresholds (0.3442ms)
gateway-web	Run node city/test-all.mjs	2026-10-05T11:00:20.7710223Z ✔ resolveComputerUseOptions with no config block is exactly the donor default resolution (0.8755ms)
gateway-web	Run node city/test-all.mjs	2026-10-05T11:00:20.7710958Z ✔ the config block is the middle layer: defaults, then block, then overrides (0.5126ms)
gateway-web	Run node city/test-all.mjs	2026-10-05T11:00:20.7711640Z ✔ positive limits accept integers only and otherwise keep the shipped default (0.7254ms)
gateway-web	Run node city/test-all.mjs	2026-10-05T11:00:20.7712344Z ✔ an unknown destructive mode falls back to confirm instead of widening the gate (0.4152ms)
gateway-web	Run node city/test-all.mjs	2026-10-05T11:00:20.7713171Z ✔ capability lists are filtered without de-duplication, and a non-array keeps the shipped list by identity (1.343ms)
gateway-web	Run node city/test-all.mjs	2026-10-05T11:00:20.7713866Z ✔ the filesystem escape hatches are strict booleans (0.3027ms)
gateway-web	Run node city/test-all.mjs	2026-10-05T11:00:20.7714393Z ✔ timing values are rounded and clamped into the donor bands (0.3632ms)
gateway-web	Run node city/test-all.mjs	2026-10-05T11:00:20.7715047Z ✔ target movement is copied unsmoothed, and a null override reads as 0 (donor quirk) (0.326ms)
gateway-web	Run node city/test-all.mjs	2026-10-05T11:00:20.7715742Z ✔ the stall threshold comes from the config block, never from a zero override (0.2582ms)
gateway-web	Run node city/test-all.mjs	2026-10-05T11:00:20.7716419Z ✔ a null config block still throws the donor TypeError (preserved donor defect) (0.7105ms)
gateway-web	Run node city/test-all.mjs	2026-10-05T11:00:20.7717068Z ✔ the criterion vocabulary is the donor closed list, in donor order (2.9436ms)
gateway-web	Run node city/test-all.mjs	2026-10-05T11:00:20.7717783Z ✔ a bare string is a custom criterion, normalized criteria carry kindAlias and a description (0.714ms)
gateway-web	Run node city/test-all.mjs	2026-10-05T11:00:20.7718625Z ✔ the donor alias only applies to `type`, so `kind: "file"` survives unexpanded (preserved donor defect) (0.8925ms)
gateway-web	Run node city/test-all.mjs	2026-10-05T11:00:20.7719348Z ✔ an object criterion must be plain and must name a supported kind (0.71ms)
gateway-web	Run node city/test-all.mjs	2026-10-05T11:00:20.7719972Z ✔ negation is coerced to a boolean and only stored when the author wrote it (0.3994ms)
gateway-web	Run node city/test-all.mjs	2026-10-05T11:00:20.7720691Z ✔ all/any nest their criteria and refuse an empty list (0.784ms)
gateway-web	Run node city/test-all.mjs	2026-10-05T11:00:20.7721412Z ✔ the donor describes an `of`-shaped all/any before it expands it, so it crashes (preserved donor defect) (1.0142ms)
gateway-web	Run node city/test-all.mjs	2026-10-05T11:00:20.7722129Z ✔ normalizeCriteria accepts a list, a single entry, or nothing (0.3782ms)
gateway-web	Run node city/test-all.mjs	2026-10-05T11:00:20.7722690Z ✔ every criterion kind has the donor description string (0.7665ms)
gateway-web	Run node city/test-all.mjs	2026-10-05T11:00:20.7723220Z ✔ evaluation is per-kind and reads only the injected facts (3.8007ms)
gateway-web	Run node city/test-all.mjs	2026-10-05T11:00:20.7723861Z ✔ missing evidence is unknown, never true, and the result shape is the donor shape (0.4632ms)
gateway-web	Run node city/test-all.mjs	2026-10-05T11:00:20.7724520Z ✔ negate flips a known verdict and leaves an unknown verdict unknown (0.2219ms)
gateway-web	Run node city/test-all.mjs	2026-10-05T11:00:20.7725226Z ✔ all/any combine child verdicts with the donor three-valued rules (0.6441ms)
gateway-web	Run node city/test-all.mjs	2026-10-05T11:00:20.7725856Z ✔ a custom criterion consults the custom fact or the named check function (0.295ms)
gateway-web	Run node city/test-all.mjs	2026-10-05T11:00:20.7726686Z ✔ no criteria means satisfied and skipped — the donor completion rule (0.3347ms)
gateway-web	Run node city/test-all.mjs	2026-10-05T11:00:20.7727578Z ✔ evaluateCriteria reports per-criterion results and treats unknown as not satisfied (0.5074ms)
gateway-web	Run node city/test-all.mjs	2026-10-05T11:00:20.7728428Z ✔ an already-normalized array is used as-is, so a raw object keeps its raw kind (preserved donor defect) (0.2316ms)
gateway-web	Run node city/test-all.mjs	2026-10-05T11:00:20.7729172Z ✔ CODES holds every donor member, in donor order, with the donor values (4.3007ms)
gateway-web	Run node city/test-all.mjs	2026-10-05T11:00:20.7729712Z ✔ the two donor aliases stay aliases, not copies (0.2333ms)
gateway-web	Run node city/test-all.mjs	2026-10-05T11:00:20.7730212Z ✔ defaultRetryable is the donor table and nothing wider (0.4385ms)
gateway-web	Run node city/test-all.mjs	2026-10-05T11:00:20.7730875Z ✔ ComputerUseError carries code, message, details, retryability and fault boundary (0.7091ms)
gateway-web	Run node city/test-all.mjs	2026-10-05T11:00:20.7731579Z ✔ the message falls back to the code, and empty fault fields become null (0.3237ms)
gateway-web	Run node city/test-all.mjs	2026-10-05T11:00:20.7732246Z ✔ an explicit retryable detail wins over the default table, coerced to boolean (0.2969ms)
gateway-web	Run node city/test-all.mjs	2026-10-05T11:00:20.7732898Z ✔ toJSON is the log shape, with details redacted and no extra keys (0.4268ms)
gateway-web	Run node city/test-all.mjs	2026-10-05T11:00:20.7733520Z ✔ redaction matches the donor key pattern, recursively, and only on keys (0.4272ms)
gateway-web	Run node city/test-all.mjs	2026-10-05T11:00:20.7734263Z ✔ redaction turns any non-plain object into its enumerable entries (preserved donor defect) (0.4574ms)
gateway-web	Run node city/test-all.mjs	2026-10-05T11:00:20.7734865Z ✔ fail() is the donor constructor shorthand (0.4996ms)
gateway-web	Run node city/test-all.mjs	2026-10-05T11:00:20.7735463Z ✔ every module is pure ESM: no fs, network, clock, randomness, env, cwd or require (12.6613ms)
gateway-web	Run node city/test-all.mjs	2026-10-05T11:00:20.7736097Z ✔ every JSDoc header names its donor file and the frozen commit (6.1414ms)
gateway-web	Run node city/test-all.mjs	2026-10-05T11:00:20.7736675Z ✔ the barrel exposes exactly the donor-derived public surface (1.5959ms)
gateway-web	Run node city/test-all.mjs	2026-10-05T11:00:20.7737245Z ✔ the DONOR.json record matches the manifest assignment exactly (7.2953ms)
gateway-web	Run node city/test-all.mjs	2026-10-05T11:00:20.7737954Z ✔ a contract built through the barrel composes with criteria evaluation and typed failures (5.7495ms)
gateway-web	Run node city/test-all.mjs	2026-10-05T11:00:20.7738705Z ✔ the options resolver is reachable from the barrel and honours an explicit block (0.443ms)
gateway-web	Run node city/test-all.mjs	2026-10-05T11:00:20.7739365Z ✔ the grade and risk vocabularies and their orders are the donor ones (5.4525ms)
gateway-web	Run node city/test-all.mjs	2026-10-05T11:00:20.7739927Z ✔ the risk action sets are the donor lists, in order (0.2756ms)
gateway-web	Run node city/test-all.mjs	2026-10-05T11:00:20.7740449Z ✔ no action may be in both the high-risk and the low-risk list (0.2047ms)
gateway-web	Run node city/test-all.mjs	2026-10-05T11:00:20.7741007Z ✔ classifyRisk with no action is standard with the donor reason (0.9042ms)
gateway-web	Run node city/test-all.mjs	2026-10-05T11:00:20.7741499Z ✔ classifyRisk grades a low-risk action low (1.4445ms)
gateway-web	Run node city/test-all.mjs	2026-10-05T11:00:20.7741943Z ✔ classifyRisk grades a named side effect high (1.1432ms)
gateway-web	Run node city/test-all.mjs	2026-10-05T11:00:20.7742508Z ✔ classifyRisk grades an interactive desktop or browser action standard (0.2806ms)
gateway-web	Run node city/test-all.mjs	2026-10-05T11:00:20.7743123Z ✔ a declared destructive kind is critical whatever the type is (0.4455ms)
gateway-web	Run node city/test-all.mjs	2026-10-05T11:00:20.7743855Z ✔ a destructive array is filtered to the donor vocabulary, and an empty one does not raise the risk (1.2499ms)
gateway-web	Run node city/test-all.mjs	2026-10-05T11:00:20.7744753Z ✔ destructive:true raises the risk on its own and records the donor reason (0.6707ms)
gateway-web	Run node city/test-all.mjs	2026-10-05T11:00:20.7745414Z ✔ a destructive description or target name raises the risk to critical (0.6071ms)
gateway-web	Run node city/test-all.mjs	2026-10-05T11:00:20.7746126Z ✔ the donor keyword table is scanned in order and every field of the target is searched (0.4621ms)
gateway-web	Run node city/test-all.mjs	2026-10-05T11:00:20.7747187Z ✔ the declared kinds and the keyword reason are recorded together, kinds last (0.2295ms)
gateway-web	Run node city/test-all.mjs	2026-10-05T11:00:20.7747796Z ✔ a keyword boundary needs a non-letter on each side (0.2804ms)
gateway-web	Run node city/test-all.mjs	2026-10-05T11:00:20.7748412Z ✔ a modal dismissal is low risk even when its own text names a destructive effect (0.2583ms)
gateway-web	Run node city/test-all.mjs	2026-10-05T11:00:20.7749047Z ✔ gradeEvidence refuses to grade anything that did not succeed (0.5146ms)
gateway-web	Run node city/test-all.mjs	2026-10-05T11:00:20.7749827Z ✔ a controller-declared strength wins, and the strongest entry is taken (0.3438ms)
gateway-web	Run node city/test-all.mjs	2026-10-05T11:00:20.7750487Z ✔ a single unrecognised declared strength discards the whole declaration (0.1815ms)
gateway-web	Run node city/test-all.mjs	2026-10-05T11:00:20.7751166Z ✔ the specific verification kinds grade strong and carry the donor reason (0.2374ms)
gateway-web	Run node city/test-all.mjs	2026-10-05T11:00:20.7751746Z ✔ state, focus and visual observations grade medium (0.2815ms)
gateway-web	Run node city/test-all.mjs	2026-10-05T11:00:20.7752282Z ✔ a declared expected effect that held upgrades the observation (0.291ms)
gateway-web	Run node city/test-all.mjs	2026-10-05T11:00:20.7752897Z ✔ the declared effect is read from the action when the input does not say (0.1982ms)
gateway-web	Run node city/test-all.mjs	2026-10-05T11:00:20.7753395Z ✔ a bare change detection grades weak (0.1629ms)
gateway-web	Run node city/test-all.mjs	2026-10-05T11:00:20.7753849Z ✔ an unknown or absent verification kind grades weak (0.1214ms)
gateway-web	Run node city/test-all.mjs	2026-10-05T11:00:20.7754562Z ✔ a strong kind outranks a declared strength because it is checked first only when no entry declares one (0.1243ms)
gateway-web	Run node city/test-all.mjs	2026-10-05T11:00:20.7755339Z ✔ assess fails immediately when the verdict is not success, whatever the risk (0.2662ms)
gateway-web	Run node city/test-all.mjs	2026-10-05T11:00:20.7755935Z ✔ a low-risk action clears the bar with weak evidence (0.1699ms)
gateway-web	Run node city/test-all.mjs	2026-10-05T11:00:20.7756577Z ✔ a standard-risk action needs medium evidence: just below fails, just above passes (0.2043ms)
gateway-web	Run node city/test-all.mjs	2026-10-05T11:00:20.7757302Z ✔ a high-risk action needs strong evidence: just below fails, just above passes (0.3821ms)
gateway-web	Run node city/test-all.mjs	2026-10-05T11:00:20.7758022Z ✔ a critical action without a declared effect is refused even with strong evidence (0.1833ms)
gateway-web	Run node city/test-all.mjs	2026-10-05T11:00:20.7758725Z ✔ a critical action clears the bar only with strong evidence and a declared effect (0.2033ms)
gateway-web	Run node city/test-all.mjs	2026-10-05T11:00:20.7759406Z ✔ the risk bar is not satisfied by a higher risk alone: the grade must reach it (0.1567ms)
gateway-web	Run node city/test-all.mjs	2026-10-05T11:00:20.7760141Z ✔ FILE_DELETE is high risk, not critical: it is not in the keyword table and declares no kinds (0.4575ms)
gateway-web	Run node city/test-all.mjs	2026-10-05T11:00:20.7760874Z ✔ a modal dismissal is the one critical-risk exemption from declaring an effect (0.2204ms)
gateway-web	Run node city/test-all.mjs	2026-10-05T11:00:20.7761618Z ✔ an explicit declaredEffect argument satisfies the critical declaration requirement (0.2345ms)
gateway-web	Run node city/test-all.mjs	2026-10-05T11:00:20.7762494Z ✔ assess concatenates the grade reasons before the risk reasons (0.2268ms)
gateway-web	Run node city/test-all.mjs	2026-10-05T11:00:20.7763330Z ✔ a critical-risk action is only reached through a declared kind, a true flag or a keyword (0.6347ms)
gateway-web	Run node city/test-all.mjs	2026-10-05T11:00:20.7764034Z ✔ classifyControl follows the donor table order for every label branch (5.5784ms)
gateway-web	Run node city/test-all.mjs	2026-10-05T11:00:20.7764680Z ✔ classifyControl trims its input, and non-string labels are stringified (1.0721ms)
gateway-web	Run node city/test-all.mjs	2026-10-05T11:00:20.7765326Z ✔ the destructive table wins over every later table for the same label (0.2402ms)
gateway-web	Run node city/test-all.mjs	2026-10-05T11:00:20.7765893Z ✔ the donor reasons for one label of each class are exact (0.4201ms)
gateway-web	Run node city/test-all.mjs	2026-10-05T11:00:20.7766404Z ✔ the label tables are the donor tables, entry by entry (0.501ms)
gateway-web	Run node city/test-all.mjs	2026-10-05T11:00:20.7767297Z ✔ classifyModal classifies every control and counts the classes (1.6427ms)
gateway-web	Run node city/test-all.mjs	2026-10-05T11:00:20.7767982Z ✔ classifyModal falls back to name/text for the label and null for absent fields (0.3608ms)
gateway-web	Run node city/test-all.mjs	2026-10-05T11:00:20.7768709Z ✔ a destructive message is recognised from message or text, first table entry first (0.3098ms)
gateway-web	Run node city/test-all.mjs	2026-10-05T11:00:20.7769530Z ✔ a dialog with no controls asks the user and carries the message kind (0.6651ms)
gateway-web	Run node city/test-all.mjs	2026-10-05T11:00:20.7770165Z ✔ a safe dismissal is always preferred, even beside a destructive control (0.6399ms)
gateway-web	Run node city/test-all.mjs	2026-10-05T11:00:20.7770835Z ✔ a forbidden contract refuses a destructive confirmation and names the kinds (0.3464ms)
gateway-web	Run node city/test-all.mjs	2026-10-05T11:00:20.7771506Z ✔ a destructive control without a declared matching effect asks the user (0.3438ms)
gateway-web	Run node city/test-all.mjs	2026-10-05T11:00:20.7772126Z ✔ a matched effect but no safety authorization still asks the user (0.2814ms)
gateway-web	Run node city/test-all.mjs	2026-10-05T11:00:20.7772758Z ✔ all three conditions together authorize pressing the destructive control (0.228ms)
gateway-web	Run node city/test-all.mjs	2026-10-05T11:00:20.7773581Z ✔ the kind set is the action kinds, then the control kinds, then the message kind, and the reason lists them all (0.2336ms)
gateway-web	Run node city/test-all.mjs	2026-10-05T11:00:20.7774478Z ✔ a positive confirmation needs a declared effect or a declared destructive kind (0.282ms)
gateway-web	Run node city/test-all.mjs	2026-10-05T11:00:20.7775192Z ✔ a positive confirmation is reached only after the destructive and safe tables (0.2136ms)
gateway-web	Run node city/test-all.mjs	2026-10-05T11:00:20.7775843Z ✔ an acknowledgement is pressed only when the dialog is harmless (0.4131ms)
gateway-web	Run node city/test-all.mjs	2026-10-05T11:00:20.7776454Z ✔ an unclassifiable dialog asks the user and lists the labels it saw (0.1932ms)
gateway-web	Run node city/test-all.mjs	2026-10-05T11:00:20.7777099Z ✔ destructiveAllowed allows everything except an explicit forbidden mode (0.1125ms)
gateway-web	Run node city/test-all.mjs	2026-10-05T11:00:20.7777673Z ✔ isDestructiveKind is the donor vocabulary check (0.1287ms)
gateway-web	Run node city/test-all.mjs	2026-10-05T11:00:20.7778294Z ✔ planModal classifies candidates, drops disabled ones and reports the chosen ref (0.2437ms)
gateway-web	Run node city/test-all.mjs	2026-10-05T11:00:20.7778958Z ✔ planModal on an empty input asks the user with the donor reason (0.1482ms)
gateway-web	Run node city/test-all.mjs	2026-10-05T11:00:20.7779579Z ✔ planModal drops every disabled control and reports the surface it chose (0.1383ms)
gateway-web	Run node city/test-all.mjs	2026-10-05T11:00:20.7780343Z ✔ planModal forwards its context, so the destructive decision still needs all three conditions (0.2338ms)
gateway-web	Run node city/test-all.mjs	2026-10-05T11:00:20.7781056Z ✔ CHANNEL_PLANS is the donor plan table, action type by action type (3.4866ms)
gateway-web	Run node city/test-all.mjs	2026-10-05T11:00:20.7781696Z ✔ every plan channel has a capability and a controller, exactly as declared (0.4846ms)
gateway-web	Run node city/test-all.mjs	2026-10-05T11:00:20.7782331Z ✔ fallbackChannels returns a copy, never the frozen plan itself (0.3274ms)
gateway-web	Run node city/test-all.mjs	2026-10-05T11:00:20.7783042Z ✔ channelRank is the index in the donor cost ladder, and the ladder length when unknown (0.2961ms)
gateway-web	Run node city/test-all.mjs	2026-10-05T11:00:20.7783674Z ✔ isBrowserAction matches only BROWSER_ and DOM_ prefixes (0.291ms)
gateway-web	Run node city/test-all.mjs	2026-10-05T11:00:20.7784246Z ✔ an unknown action type is refused with the donor reason and code (0.6089ms)
gateway-web	Run node city/test-all.mjs	2026-10-05T11:00:20.7784892Z ✔ CLICK resolves to the DOM with the donor reason and an ordered alternative list (0.6644ms)
gateway-web	Run node city/test-all.mjs	2026-10-05T11:00:20.7785615Z ✔ a contract that withholds the winning capability records the refusal and moves on (0.3846ms)
gateway-web	Run node city/test-all.mjs	2026-10-05T11:00:20.7786323Z ✔ an unavailable controller is described with the donor label and host reason (1.5209ms)
gateway-web	Run node city/test-all.mjs	2026-10-05T11:00:20.7787401Z ✔ pageReady is not consulted on the api channel: a navigation still routes to the api (0.4783ms)
gateway-web	Run node city/test-all.mjs	2026-10-05T11:00:20.7788130Z ✔ a channel that is available but unsuited reports the unsuitability reason (0.4355ms)
gateway-web	Run node city/test-all.mjs	2026-10-05T11:00:20.7788814Z ✔ an unavailable channel is reported before an unsuited one on the same action (0.2883ms)
gateway-web	Run node city/test-all.mjs	2026-10-05T11:00:20.7789619Z ✔ the accessibility channel accepts FOCUS without a resolved point, and CLICK is not in its plan list (0.3804ms)
gateway-web	Run node city/test-all.mjs	2026-10-05T11:00:20.7790295Z ✔ an accessibility node resolves through the ax source (0.2988ms)
gateway-web	Run node city/test-all.mjs	2026-10-05T11:00:20.7790835Z ✔ TYPE prefers the DOM, then accessibility, then coordinates (0.3504ms)
gateway-web	Run node city/test-all.mjs	2026-10-05T11:00:20.7791357Z ✔ point and vision channels carry the donor reasons (0.3259ms)
gateway-web	Run node city/test-all.mjs	2026-10-05T11:00:20.7792049Z ✔ OPEN_APP reaches the shell channel and the api channel is measured against browser availability (0.1864ms)
gateway-web	Run node city/test-all.mjs	2026-10-05T11:00:20.7792765Z ✔ availability entries are available unless explicitly set to false (0.2994ms)
gateway-web	Run node city/test-all.mjs	2026-10-05T11:00:20.7793539Z ✔ every routing reason is the donor string, reached through its own channel (0.7152ms)
gateway-web	Run node city/test-all.mjs	2026-10-05T11:00:20.7794131Z ✔ TYPING_ACTIONS and POINTING_ACTIONS are the donor sets (3.4355ms)
gateway-web	Run node city/test-all.mjs	2026-10-05T11:00:20.7794693Z ✔ the destructive gate classifies a harmless action as allowed (0.7843ms)
gateway-web	Run node city/test-all.mjs	2026-10-05T11:00:20.7795407Z ✔ a destructive action with no contract falls back to confirm and records the exact reason (0.3599ms)
gateway-web	Run node city/test-all.mjs	2026-10-05T11:00:20.7796154Z ✔ a forbidden contract refuses with DESTRUCTIVE_FORBIDDEN and the exact reason (0.2957ms)
gateway-web	Run node city/test-all.mjs	2026-10-05T11:00:20.7796862Z ✔ an allowed contract lets a destructive action through with no confirmation flag (0.31ms)
gateway-web	Run node city/test-all.mjs	2026-10-05T11:00:20.7797457Z ✔ a shell command is classified by the donor patterns (1.2105ms)
gateway-web	Run node city/test-all.mjs	2026-10-05T11:00:20.7798156Z ✔ an action that declares its own destructive kinds keeps them verbatim (0.3523ms)
gateway-web	Run node city/test-all.mjs	2026-10-05T11:00:20.7798802Z ✔ the options contract is the fallback when the call carries no contract (0.2624ms)
gateway-web	Run node city/test-all.mjs	2026-10-05T11:00:20.7799613Z ✔ assertActionAllowed throws DESTRUCTIVE_NEEDS_CONFIRMATION when the host supplies no confirm callback (1.3157ms)
gateway-web	Run node city/test-all.mjs	2026-10-05T11:00:20.7800482Z ✔ assertActionAllowed throws DESTRUCTIVE_FORBIDDEN before it ever asks for confirmation (0.6198ms)
gateway-web	Run node city/test-all.mjs	2026-10-05T11:00:20.7801321Z ✔ assertActionAllowed returns the decision for a harmless action and for an already-confirmed one (0.3366ms)
gateway-web	Run node city/test-all.mjs	2026-10-05T11:00:20.7802169Z ✔ the confirmation callback path is ported but no host supplies one (unreachable by construction) (0.396ms)
gateway-web	Run node city/test-all.mjs	2026-10-05T11:00:20.7802885Z ✔ a refused confirmation throws SAFETY_REFUSED with the donor message (0.3764ms)
gateway-web	Run node city/test-all.mjs	2026-10-05T11:00:20.7803530Z ✔ decisions() is an audit trail of every decision, with the injected clock (0.4225ms)
gateway-web	Run node city/test-all.mjs	2026-10-05T11:00:20.7804075Z ✔ checkWindow skips every non-pointing action (0.2138ms)
gateway-web	Run node city/test-all.mjs	2026-10-05T11:00:20.7804718Z ✔ checkWindow checks ACCESSIBILITY_INVOKE too even though it is not a pointing action (0.2327ms)
gateway-web	Run node city/test-all.mjs	2026-10-05T11:00:20.7805489Z ✔ checkWindow allows the expected foreground window and records its handle as a string (0.1272ms)
gateway-web	Run node city/test-all.mjs	2026-10-05T11:00:20.7806313Z ✔ an unobservable foreground refuses a coordinate click with WINDOW_MISMATCH and the donor reason (0.1102ms)
gateway-web	Run node city/test-all.mjs	2026-10-05T11:00:20.7807087Z ✔ an unobservable world refuses with the same code and reason (0.1481ms)
gateway-web	Run node city/test-all.mjs	2026-10-05T11:00:20.7808047Z ✔ a different foreground window is refused, naming the observed title and pid (0.1338ms)
gateway-web	Run node city/test-all.mjs	2026-10-05T11:00:20.7808695Z ✔ an action with no window expectation skips the foreground check (0.0995ms)
gateway-web	Run node city/test-all.mjs	2026-10-05T11:00:20.7809355Z ✔ the foreground toggle is read from the guard options, never from the call context (0.1527ms)
gateway-web	Run node city/test-all.mjs	2026-10-05T11:00:20.7810016Z ✔ assertWindowAllowed throws the window decision code and details (0.3371ms)
gateway-web	Run node city/test-all.mjs	2026-10-05T11:00:20.7810544Z ✔ checkFocus skips every non-typing action (0.2834ms)
gateway-web	Run node city/test-all.mjs	2026-10-05T11:00:20.7811063Z ✔ a verified focus receipt is trusted without consulting the world (0.3012ms)
gateway-web	Run node city/test-all.mjs	2026-10-05T11:00:20.7811664Z ✔ typing with no target and no focus is refused with FOCUS_MISMATCH (0.1577ms)
gateway-web	Run node city/test-all.mjs	2026-10-05T11:00:20.7812281Z ✔ typing with no target but a focused element is allowed from the world (0.1087ms)
gateway-web	Run node city/test-all.mjs	2026-10-05T11:00:20.7812865Z ✔ a targeted type with no focus is refused, naming the target (0.1086ms)
gateway-web	Run node city/test-all.mjs	2026-10-05T11:00:20.7813444Z ✔ focus on the wrong element is refused with the donor detail fields (0.2336ms)
gateway-web	Run node city/test-all.mjs	2026-10-05T11:00:20.7814019Z ✔ focus on any reference the target resolves to is accepted (0.1269ms)
gateway-web	Run node city/test-all.mjs	2026-10-05T11:00:20.7814725Z ✔ a semantic target resolves refs by name containment, and an unrelated pool cannot prove focus (0.4268ms)
gateway-web	Run node city/test-all.mjs	2026-10-05T11:00:20.7815476Z ✔ the focus toggle is honoured from the guard options, unlike the window toggle (0.1797ms)
gateway-web	Run node city/test-all.mjs	2026-10-05T11:00:20.7816178Z ✔ assertFocusAllowed throws FOCUS_MISMATCH with the focused ref in the details (0.496ms)
gateway-web	Run node city/test-all.mjs	2026-10-05T11:00:20.7816874Z ✔ inspectModals reports every open blocking dialog with the donor defaults (0.3197ms)
gateway-web	Run node city/test-all.mjs	2026-10-05T11:00:20.7817545Z ✔ a dialog is blocking unless it is explicitly blocking:false or open:false (0.2196ms)
gateway-web	Run node city/test-all.mjs	2026-10-05T11:00:20.7818375Z ✔ inspectModals with no dialogs, no world and a non-list dialogs field never blocks (0.1169ms)
gateway-web	Run node city/test-all.mjs	2026-10-05T11:00:20.7819067Z ✔ assertNoBlockingModal throws MODAL_BLOCKING and joins the dialog texts (0.4429ms)
gateway-web	Run node city/test-all.mjs	2026-10-05T11:00:20.7819705Z ✔ redactAction redacts typed text, values, keys, stdin and env keys (1.2165ms)
gateway-web	Run node city/test-all.mjs	2026-10-05T11:00:20.7820337Z ✔ redactAction masks single-character keys only for a sensitive action (0.4194ms)
gateway-web	Run node city/test-all.mjs	2026-10-05T11:00:20.7821008Z ✔ redactAction redacts secret-looking parameter keys through redactDetails (0.217ms)
gateway-web	Run node city/test-all.mjs	2026-10-05T11:00:20.7821701Z ✔ redactAction keeps a harmless action readable and leaves the input untouched (0.2141ms)
gateway-web	Run node city/test-all.mjs	2026-10-05T11:00:20.7822300Z ✔ redactText removes inline secrets and bearer [REDACTED] (0.3599ms)
gateway-web	Run node city/test-all.mjs	2026-10-05T11:00:20.7822911Z ✔ matchesWindow is the donor field-by-field comparison (0.2979ms)
gateway-web	Run node city/test-all.mjs	2026-10-05T11:00:20.7823522Z ✔ matchesWindow compares class names case-insensitively but handles exactly (0.1867ms)
gateway-web	Run node city/test-all.mjs	2026-10-05T11:00:20.7824200Z ✔ the ladder is the donor ladder: seven kinds, ranks 1..7, labels unchanged (4.4577ms)
gateway-web	Run node city/test-all.mjs	2026-10-05T11:00:20.7825287Z ✔ both target refusals are non-retryable and carry the donor fields (1.5036ms)
gateway-web	Run node city/test-all.mjs	2026-10-05T11:00:20.7826542Z ✔ a string target is trimmed and split between selector and semantic text (0.6382ms)
gateway-web	Run node city/test-all.mjs	2026-10-05T11:00:20.7827247Z ✔ an empty or blank string target is refused with the donor message (0.7592ms)
gateway-web	Run node city/test-all.mjs	2026-10-05T11:00:20.7827910Z ✔ a non-string, non-object, non-array target is refused with the donor message (0.9246ms)
gateway-web	Run node city/test-all.mjs	2026-10-05T11:00:20.7828653Z ✔ an object with no addressing rung is refused with the donor message and the raw target (0.8122ms)
gateway-web	Run node city/test-all.mjs	2026-10-05T11:00:20.7829377Z ✔ selector, dom_selector, page/tab, ref and description survive normalization (0.842ms)
gateway-web	Run node city/test-all.mjs	2026-10-05T11:00:20.7830083Z ✔ accessibility accepts the raw spellings, the nested form and the ax alias (0.8082ms)
gateway-web	Run node city/test-all.mjs	2026-10-05T11:00:20.7830830Z ✔ a name alone is not an accessibility query: it is a refusal, not a silent semantic match (0.7405ms)
gateway-web	Run node city/test-all.mjs	2026-10-05T11:00:20.7831606Z ✔ bbox accepts the x/y/width/height, left/top and w/h spellings and normalizes the order (1.1109ms)
gateway-web	Run node city/test-all.mjs	2026-10-05T11:00:20.7832295Z ✔ point accepts point, coordinate, coordinates and a bare x/y pair (0.7994ms)
gateway-web	Run node city/test-all.mjs	2026-10-05T11:00:20.7832877Z ✔ window accepts a string title or the structured reference (0.5254ms)
gateway-web	Run node city/test-all.mjs	2026-10-05T11:00:20.7833552Z ✔ visual accepts paint, template, template_path and the flat paint/template spellings (0.6347ms)
gateway-web	Run node city/test-all.mjs	2026-10-05T11:00:20.7834225Z ✔ targetKinds reports every addressing mode present, best first (0.4304ms)
gateway-web	Run node city/test-all.mjs	2026-10-05T11:00:20.7834853Z ✔ a window is only a rung of its own when nothing else addresses the target (0.408ms)
gateway-web	Run node city/test-all.mjs	2026-10-05T11:00:20.7835449Z ✔ rank is the best rung and primaryKind is that same rung (0.2479ms)
gateway-web	Run node city/test-all.mjs	2026-10-05T11:00:20.7836042Z ✔ a candidate list carries the union of its candidates kinds, best first (0.5188ms)
gateway-web	Run node city/test-all.mjs	2026-10-05T11:00:20.7836719Z ✔ describeTarget writes the donor label for every rung and never invents one (0.2602ms)
gateway-web	Run node city/test-all.mjs	2026-10-05T11:00:20.7837548Z ✔ the donor precedence of describeTarget is selector, accessibility, semantic, window, visual, bbox, point (0.2203ms)
gateway-web	Run node city/test-all.mjs	2026-10-05T11:00:20.7838258Z ✔ containsPoint is inclusive on both edges and corners (0.2398ms)
gateway-web	Run node city/test-all.mjs	2026-10-05T11:00:20.7838845Z ✔ centerOf rounds to whole pixels and distance rounds to two decimals (0.325ms)
gateway-web	Run node city/test-all.mjs	2026-10-05T11:00:20.7839547Z ✔ rung 1: selector resolves from a resolver, from world.controls and from visibleTargets (0.7332ms)
gateway-web	Run node city/test-all.mjs	2026-10-05T11:00:20.7840300Z ✔ rung 2: accessibility resolves by ref, from the ax tree and from the page controls (0.7126ms)
gateway-web	Run node city/test-all.mjs	2026-10-05T11:00:20.7840970Z ✔ rung 3: semantic matches on the concatenated element text and on role (0.5135ms)
gateway-web	Run node city/test-all.mjs	2026-10-05T11:00:20.7841620Z ✔ rung 4: window resolves from world.windows through the donor predicate (0.6604ms)
gateway-web	Run node city/test-all.mjs	2026-10-05T11:00:20.7842313Z ✔ rung 5: bbox matches the element containing the rect centre, both edges inclusive (0.4539ms)
gateway-web	Run node city/test-all.mjs	2026-10-05T11:00:20.7843175Z ✔ rung 6: visual is never resolved from world state, only through a resolver (0.4657ms)
gateway-web	Run node city/test-all.mjs	2026-10-05T11:00:20.7843861Z ✔ rung 7: point resolves inside a bbox, then falls back to a synthetic 1x1 target (0.3572ms)
gateway-web	Run node city/test-all.mjs	2026-10-05T11:00:20.7844542Z ✔ the ladder is walked in rank order and every rung is recorded until one hits (0.3616ms)
gateway-web	Run node city/test-all.mjs	2026-10-05T11:00:20.7845681Z ✔ a candidate list is the ladder written by hand: candidates first, in order, then the wrapper (0.5391ms)
gateway-web	Run node city/test-all.mjs	2026-10-05T11:00:20.7846497Z ✔ a resolver that throws degrades the ladder: the reason is recorded and the next rung runs (0.3649ms)
gateway-web	Run node city/test-all.mjs	2026-10-05T11:00:20.7847147Z ✔ an error without a code records its message as the reason (0.2976ms)
gateway-web	Run node city/test-all.mjs	2026-10-05T11:00:20.7847758Z ✔ a missing resolver function degrades to the world state instead of failing (0.4175ms)
gateway-web	Run node city/test-all.mjs	2026-10-05T11:00:20.7848621Z ✔ resolved descriptors carry the donor fields, including the disabled/visible derivation (0.4958ms)
gateway-web	Run node city/test-all.mjs	2026-10-05T11:00:20.7849417Z ✔ resolveTarget refuses a missing target and reports a missing one with the donor message (0.4085ms)
gateway-web	Run node city/test-all.mjs	2026-10-05T11:00:20.7850111Z ✔ the not-found error quotes the donor label and every attempted rung (0.3001ms)
gateway-web	Run node city/test-all.mjs	2026-10-05T11:00:20.7850847Z ✔ a world is optional: an absent world is an empty one, and visibleTargets merge after controls (0.3247ms)
gateway-web	Run node city/test-all.mjs	2026-10-05T11:00:20.7851640Z ✔ matchesAccessibility: substring by default, exact on request, and each field can refuse (0.364ms)
gateway-web	Run node city/test-all.mjs	2026-10-05T11:00:20.7852412Z ✔ matchesSemantic: text, label, placeholder, name and role, with the donor precedence (0.4499ms)
gateway-web	Run node city/test-all.mjs	2026-10-05T11:00:20.7853200Z ✔ matchesWindow: handle and processId are typed equality, className and title are substrings (0.3345ms)
gateway-web	Run node city/test-all.mjs	2026-10-05T11:00:20.7853971Z ✔ revalidate with no previous or no current resolution reports unknown and missing (0.4186ms)
gateway-web	Run node city/test-all.mjs	2026-10-05T11:00:20.7854757Z ✔ revalidate re-reads the thresholds from whatever it is given, falling back to the donor values (0.805ms)
gateway-web	Run node city/test-all.mjs	2026-10-05T11:00:20.7855443Z ✔ revalidate: just below, exactly at and just above stablePx (0.2662ms)
gateway-web	Run node city/test-all.mjs	2026-10-05T11:00:20.7855990Z ✔ revalidate: just below, exactly at and just above updatePx (0.2609ms)
gateway-web	Run node city/test-all.mjs	2026-10-05T11:00:20.7856636Z ✔ a beyond-tolerance move is stale for the reason that matches the node identity (0.2437ms)
gateway-web	Run node city/test-all.mjs	2026-10-05T11:00:20.7857341Z ✔ revalidate returns the donor shape for each verdict, with the donor key order (0.2363ms)
gateway-web	Run node city/test-all.mjs	2026-10-05T11:00:20.7857982Z ✔ revalidate uses the bbox centre when a resolution has no point (0.211ms)
gateway-web	Run node city/test-all.mjs	2026-10-05T11:00:20.7858676Z ✔ revalidate compares node identity, and a different node defaults to the donor threshold (0.1842ms)
gateway-web	Run node city/test-all.mjs	2026-10-05T11:00:20.7859413Z ✔ the different-node rule needs two real refs and follows the caller updatePx (0.2135ms)
gateway-web	Run node city/test-all.mjs	2026-10-05T11:00:20.7860173Z ✔ a resolution with the same identity but no geometry is stable; without identity it is unknown (0.2664ms)
gateway-web	Run node city/test-all.mjs	2026-10-05T11:00:20.7861047Z ✔ DEFECT 1: a semantic target that carries no text, label, name or placeholder describes itself as "undefined" (0.232ms)
gateway-web	Run node city/test-all.mjs	2026-10-05T11:00:20.7861896Z ✔ DEFECT 2: a semantic-only target with no text fields matches EVERY element the world holds (0.2116ms)
gateway-web	Run node city/test-all.mjs	2026-10-05T11:00:20.7862781Z ✔ DEFECT 3: a candidate wrapper re-walks a candidate kind with no query, and only the predicate stops a false hit (0.5707ms)
gateway-web	Run node city/test-all.mjs	2026-10-05T11:00:20.7863675Z ✔ DEFECT 4: the synthetic point box is anchored at the point, so its rounded centre is one pixel away (0.2159ms)
gateway-web	Run node city/test-all.mjs	2026-10-05T11:00:20.7864484Z ✔ DEFECT 5: window.className is equality, not a substring, while window.title is a substring (1.1519ms)
gateway-web	Run node city/test-all.mjs	2026-10-05T11:00:20.7865646Z ✔ DEFECT 6: a beyond-tolerance move without a ref anywhere is reported as a different node (0.1636ms)
gateway-web	Run node city/test-all.mjs	2026-10-05T11:00:20.7866408Z ✔ DEFECT 7: distance() propagates NaN instead of refusing a missing coordinate (0.1584ms)
gateway-web	Run node city/test-all.mjs	2026-10-05T11:00:20.7867226Z ✔ DEFECT 8: Number(null) is 0, so an explicit null threshold is treated as 0 rather than as absent (0.1706ms)
gateway-web	Run node city/test-all.mjs	2026-10-05T11:00:20.7868175Z ✔ DEFECT 9: an empty window or visual object is still a rung, because compact() keeps the container (0.5708ms)
gateway-web	Run node city/test-all.mjs	2026-10-05T11:00:20.7868990Z ✔ DEFECT 10: the flat trigger list has a typo that costs `template_path`, and page is never a rung (0.7068ms)
gateway-web	Run node city/test-all.mjs	2026-10-05T11:00:20.7869784Z ✔ DEFECT 11: a truthy non-integer accessibility index is silently dropped, and 0 is kept (0.2943ms)
gateway-web	Run node city/test-all.mjs	2026-10-05T11:00:20.7870601Z ✔ DEFECT 12: a false-named exact is still a substring match, because `exact` needs the boolean true (0.1644ms)
gateway-web	Run node city/test-all.mjs	2026-10-05T11:00:20.7871430Z ✔ DEFECT 13: buildResolved prefers an explicit disabled/visible only when that field is present (0.2157ms)
gateway-web	Run node city/test-all.mjs	2026-10-05T11:00:20.7872317Z ✔ DEFECT 14: exact-match accessibility still ignores an empty-string automationId expectation on the node (0.8789ms)
gateway-web	Run node city/test-all.mjs	2026-10-05T11:00:20.7873122Z ✔ MISS_SIGNALS is the donor list, in the donor order, frozen (3.2026ms)
gateway-web	Run node city/test-all.mjs	2026-10-05T11:00:20.7873897Z ✔ PRESERVED DONOR DEFECT: a missing observation returns a `no_observation` signal that is not in MISS_SIGNALS (0.6207ms)
gateway-web	Run node city/test-all.mjs	2026-10-05T11:00:20.7874790Z ✔ controller_reported_noop comes from a failed, retryable receipt or an explicit controller miss (1.983ms)
gateway-web	Run node city/test-all.mjs	2026-10-05T11:00:20.7875617Z ✔ no_state_change is raised when nothing meaningful moved and the evidence did not move either (0.6269ms)
gateway-web	Run node city/test-all.mjs	2026-10-05T11:00:20.7876379Z ✔ evidence that moved suppresses no_state_change even when no meaningful field did (0.4622ms)
gateway-web	Run node city/test-all.mjs	2026-10-05T11:00:20.7877212Z ✔ a failed verification contributes expected_event_missing, focus_unchanged and control_state_unchanged (0.7884ms)
gateway-web	Run node city/test-all.mjs	2026-10-05T11:00:20.7878011Z ✔ focus_unchanged also comes from a focus action that left the focused ref alone (0.4698ms)
gateway-web	Run node city/test-all.mjs	2026-10-05T11:00:20.7878790Z ✔ active_element_unchanged is raised for a typing action and is too soft to carry a miss on its own (0.4898ms)
gateway-web	Run node city/test-all.mjs	2026-10-05T11:00:20.7879520Z ✔ visual_identical only carries a miss when the evidence did not move (0.6367ms)
gateway-web	Run node city/test-all.mjs	2026-10-05T11:00:20.7880179Z ✔ the confidence ladder is low for no signal, medium for one and high for more (0.5675ms)
gateway-web	Run node city/test-all.mjs	2026-10-05T11:00:20.7880768Z ✔ signals are reported once each, in the donor order (0.4139ms)
gateway-web	Run node city/test-all.mjs	2026-10-05T11:00:20.7881291Z ✔ detectMiss is deterministic across two identical calls (0.5828ms)
gateway-web	Run node city/test-all.mjs	2026-10-05T11:00:20.7882052Z ✔ PRESERVED DONOR DEFECT: a controller without a probe() is reported unavailable even when snapshot() works (7.2871ms)
gateway-web	Run node city/test-all.mjs	2026-10-05T11:00:20.7882893Z ✔ a probe that throws or answers available:false skips the source without an error record (1.4622ms)
gateway-web	Run node city/test-all.mjs	2026-10-05T11:00:20.7883658Z ✔ a snapshot that throws degrades the source, records a note and lands in the error ring (0.9479ms)
gateway-web	Run node city/test-all.mjs	2026-10-05T11:00:20.7884395Z ✔ a source that exceeds the window is reported unavailable with the donor message (23.8662ms)
gateway-web	Run node city/test-all.mjs	2026-10-05T11:00:20.7885337Z ✔ a snapshot returning null or undefined is an unavailable source, not a crash (1.1362ms)
gateway-web	Run node city/test-all.mjs	2026-10-05T11:00:20.7886072Z ✔ the accessibility walk is opt-out through context.ax (0.9856ms)
gateway-web	Run node city/test-all.mjs	2026-10-05T11:00:20.7886757Z ✔ system events are computed from consecutive observations and accumulate until drained (2.2161ms)
gateway-web	Run node city/test-all.mjs	2026-10-05T11:00:20.7887586Z ✔ file events join the system events, and a broken file controller degrades the system source (2.1887ms)
gateway-web	Run node city/test-all.mjs	2026-10-05T11:00:20.7888305Z ✔ watchFile pushes watched events into the stream and calls the callback (0.5111ms)
gateway-web	Run node city/test-all.mjs	2026-10-05T11:00:20.7889046Z ✔ the observer passes the world its sources produced, including their notes and sources map (0.8534ms)
gateway-web	Run node city/test-all.mjs	2026-10-05T11:00:20.7889811Z ✔ with no clock injected the world is stamped with the port default, not the wall clock (1.002ms)
gateway-web	Run node city/test-all.mjs	2026-10-05T11:00:20.7890580Z ✔ the observation is deterministic across two identical calls with the same injected clock (1.0706ms)
gateway-web	Run node city/test-all.mjs	2026-10-05T11:00:20.7891359Z ✔ PROGRESS_KINDS, PROGRESS_KIND_LIST and EVIDENCE_KINDS are the donor vocabulary, frozen (3.1155ms)
gateway-web	Run node city/test-all.mjs	2026-10-05T11:00:20.7892208Z ✔ verified-effect is accepted only on a success verdict whose evidence kind proves the effect landed (1.1446ms)
gateway-web	Run node city/test-all.mjs	2026-10-05T11:00:20.7893277Z ✔ PRESERVED DONOR DEFECT: the verified-effect claim reads `detail.kind`, never the verifier's `verificationKind` (0.4575ms)
gateway-web	Run node city/test-all.mjs	2026-10-05T11:00:20.7893928Z ✔ an unknown progress kind is refused (0.9863ms)
gateway-web	Run node city/test-all.mjs	2026-10-05T11:00:20.7894515Z ✔ subprocess-exit needs an exit, and an exit without a code only counts when signalled (0.5767ms)
gateway-web	Run node city/test-all.mjs	2026-10-05T11:00:20.7895269Z ✔ file-operation needs `verified: true`, and criteria-satisfied needs `satisfied: true` (0.4104ms)
gateway-web	Run node city/test-all.mjs	2026-10-05T11:00:20.7895993Z ✔ state-transition needs a state, and refuses a state the run was already in (0.3225ms)
gateway-web	Run node city/test-all.mjs	2026-10-05T11:00:20.7896739Z ✔ a heartbeat and an issued action are never progress; only progress() moves lastProgressAt (0.9293ms)
gateway-web	Run node city/test-all.mjs	2026-10-05T11:00:20.7897518Z ✔ status reports the stall-facing view, falling back to lastActionAt before any progress (0.6374ms)
gateway-web	Run node city/test-all.mjs	2026-10-05T11:00:20.7898378Z ✔ noOp counts a repeated identical signature and flags repetition at the repeat window (0.8679ms)
gateway-web	Run node city/test-all.mjs	2026-10-05T11:00:20.7899113Z ✔ recorded progress clears the no-op streak and forgets the last no-op signature (0.2959ms)
gateway-web	Run node city/test-all.mjs	2026-10-05T11:00:20.7899767Z ✔ history is a bounded copy of the ring, defaulting to 200 records (0.5817ms)
gateway-web	Run node city/test-all.mjs	2026-10-05T11:00:20.7900476Z ✔ with no clock injected the tracker records null instants instead of reading the wall clock (0.2467ms)
gateway-web	Run node city/test-all.mjs	2026-10-05T11:00:20.7901303Z ✔ progress counts only verified effects: a failed or unproven verification never advances progress (3.2552ms)
gateway-web	Run node city/test-all.mjs	2026-10-05T11:00:20.7902094Z ✔ the tracker is deterministic across two identical runs with the same injected clock (0.2513ms)
gateway-web	Run node city/test-all.mjs	2026-10-05T11:00:20.7902825Z ✔ a controller that reported failure settles the verdict without reading the world (4.0857ms)
gateway-web	Run node city/test-all.mjs	2026-10-05T11:00:20.7903520Z ✔ with no declared effect: a first observation is unknown, never a success (2.1782ms)
gateway-web	Run node city/test-all.mjs	2026-10-05T11:00:20.7904355Z ✔ with no declared effect: the DOM revision is evidence for the digest but is deliberately not a meaningful field (0.8708ms)
gateway-web	Run node city/test-all.mjs	2026-10-05T11:00:20.7905218Z ✔ with no declared effect: a missing observation on either side is unknown, never a verdict (0.3827ms)
gateway-web	Run node city/test-all.mjs	2026-10-05T11:00:20.7906400Z ✔ with no declared effect: receipt signals are appended and receipt.changed can carry the verdict (0.6078ms)
gateway-web	Run node city/test-all.mjs	2026-10-05T11:00:20.7907125Z ✔ any mode: one observed effect is success, none observed is failure (1.2691ms)
gateway-web	Run node city/test-all.mjs	2026-10-05T11:00:20.7907833Z ✔ any mode: unknown only when nothing at all was checkable, otherwise a checked failure wins (0.8629ms)
gateway-web	Run node city/test-all.mjs	2026-10-05T11:00:20.7908531Z ✔ all mode is declared by expectedEffect.mode, not by the `all` key alone (0.9706ms)
gateway-web	Run node city/test-all.mjs	2026-10-05T11:00:20.7909255Z ✔ the declared mode wins over the action default, and neither beats an explicit effectMode (0.5438ms)
gateway-web	Run node city/test-all.mjs	2026-10-05T11:00:20.7909971Z ✔ the dominant kind follows the donor order, and a failed effect keeps its kind (0.678ms)
gateway-web	Run node city/test-all.mjs	2026-10-05T11:00:20.7910638Z ✔ an effect shape the donor does not know is unknown and names its keys (0.3625ms)
gateway-web	Run node city/test-all.mjs	2026-10-05T11:00:20.7911596Z ✔ PRESERVED DONOR DEFECT: collectEffects reads `any`/`all` as arrays only, so an effectMode of `all` over a non-array declaration checks nothing (0.5522ms)
gateway-web	Run node city/test-all.mjs	2026-10-05T11:00:20.7912832Z ✔ PRESERVED DONOR DEFECT: target_appears/target_disappears always report "could not be located" because the donor calls targetPresent(action, after) (0.5419ms)
gateway-web	Run node city/test-all.mjs	2026-10-05T11:00:20.7913806Z ✔ implied state: FOCUS and SWITCH_WINDOW are verified against the window that is in front (0.5922ms)
gateway-web	Run node city/test-all.mjs	2026-10-05T11:00:20.7914612Z ✔ implied state: a window action without a target window falls through to the world-change check (0.4509ms)
gateway-web	Run node city/test-all.mjs	2026-10-05T11:00:20.7915322Z ✔ implied state: CLOSE_WINDOW is verified by the window being gone (0.5593ms)
gateway-web	Run node city/test-all.mjs	2026-10-05T11:00:20.7916057Z ✔ effect: event is found by type or name, failed without an observation, unknown with no after world (0.3342ms)
gateway-web	Run node city/test-all.mjs	2026-10-05T11:00:20.7916803Z ✔ effect: dom_mutated compares the DOM revision, and needs one on both sides (0.285ms)
gateway-web	Run node city/test-all.mjs	2026-10-05T11:00:20.7917527Z ✔ effect: navigation and url_changed compare URLs, and url_matches is a lowercase substring (0.36ms)
gateway-web	Run node city/test-all.mjs	2026-10-05T11:00:20.7918415Z ✔ effect: toast and text_appears read controls, the accessibility tree, then the DOM (0.9085ms)
gateway-web	Run node city/test-all.mjs	2026-10-05T11:00:20.7919142Z ✔ effect: text_disappears is ok when the text is gone, failed while it is visible (0.1999ms)
gateway-web	Run node city/test-all.mjs	2026-10-05T11:00:20.7919820Z ✔ effect: control_state_changed compares the target control field by field (0.4089ms)
gateway-web	Run node city/test-all.mjs	2026-10-05T11:00:20.7920549Z ✔ effect: value_equals prefers the focused element value, then the target control value (0.3877ms)
gateway-web	Run node city/test-all.mjs	2026-10-05T11:00:20.7921263Z ✔ effect: checked_equals reads the checkbox state and is unknown without one (0.3495ms)
gateway-web	Run node city/test-all.mjs	2026-10-05T11:00:20.7921919Z ✔ effect: focus_changed and window_changed compare the two observations (0.3009ms)
gateway-web	Run node city/test-all.mjs	2026-10-05T11:00:20.7922689Z ✔ effect: file facts are unknown without the controller and otherwise answered (0.6411ms)
gateway-web	Run node city/test-all.mjs	2026-10-05T11:00:20.7923282Z ✔ effect: process facts read the recorded shell result (0.5408ms)
gateway-web	Run node city/test-all.mjs	2026-10-05T11:00:20.7923873Z ✔ effect: visual_change needs the vision controller and can answer unknown (0.612ms)
gateway-web	Run node city/test-all.mjs	2026-10-05T11:00:20.7924582Z ✔ findControl resolves a target by ref, selector, semantic text or accessibility name (0.3854ms)
gateway-web	Run node city/test-all.mjs	2026-10-05T11:00:20.7925714Z ✔ PRESERVED DONOR DEFECT: targetPresent only answers null when the world has no controls AND no ax array (0.2016ms)
gateway-web	Run node city/test-all.mjs	2026-10-05T11:00:20.7926544Z ✔ verifyFactsFrom digests the state with the same evidence digest (0.5368ms)
gateway-web	Run node city/test-all.mjs	2026-10-05T11:00:20.7927225Z ✔ the verdict is always one of exactly three values and every call is deterministic (0.6244ms)
gateway-web	Run node city/test-all.mjs	2026-10-05T11:00:20.7927824Z ✔ the injected clock is the only source of checkedAt (0.3196ms)
gateway-web	Run node city/test-all.mjs	2026-10-05T11:00:20.7928429Z ✔ the pinned world carries the donor shape: foreground, targets, sources, notes (4.3741ms)
gateway-web	Run node city/test-all.mjs	2026-10-05T11:00:20.7929156Z ✔ the pinned world digest is the donor sha1 of the pinned stable string, 16 characters (0.7909ms)
gateway-web	Run node city/test-all.mjs	2026-10-05T11:00:20.7929857Z ✔ the donor-hash world pins the donor signature and the donor evidence digest (0.3758ms)
gateway-web	Run node city/test-all.mjs	2026-10-05T11:00:20.7930621Z ✔ with no injected digest the port computes the donor sha1, and an injected digest replaces it (1.3159ms)
gateway-web	Run node city/test-all.mjs	2026-10-05T11:00:20.7931425Z ✔ stableStringify sorts object keys, keeps array order and renders null and undefined alike (0.3423ms)
gateway-web	Run node city/test-all.mjs	2026-10-05T11:00:20.7932201Z ✔ signatureOf is the donor sha1 truncated to 16 characters and survives a failing digest (0.4495ms)
gateway-web	Run node city/test-all.mjs	2026-10-05T11:00:20.7932911Z ✔ a missing captured time takes the port default instead of the wall clock (1.7129ms)
gateway-web	Run node city/test-all.mjs	2026-10-05T11:00:20.7933629Z ✔ a missing source is recorded as unavailable with its reason, never replaced by a guess (0.3755ms)
gateway-web	Run node city/test-all.mjs	2026-10-05T11:00:20.7934393Z ✔ ax falls back from browser to desktop, controls are filtered, dialogs are concatenated (0.5682ms)
gateway-web	Run node city/test-all.mjs	2026-10-05T11:00:20.7935185Z ✔ the foreground window is taken from desktop.foreground or from the first foreground window (0.7397ms)
gateway-web	Run node city/test-all.mjs	2026-10-05T11:00:20.7935877Z ✔ a focused ref with no matching control is described by ref alone (0.6335ms)
gateway-web	Run node city/test-all.mjs	2026-10-05T11:00:20.7936527Z ✔ computeConfidence follows the donor weights and rounds to two places (0.7598ms)
gateway-web	Run node city/test-all.mjs	2026-10-05T11:00:20.7937170Z ✔ meaningfulChange reports a first observation and a lost observation (0.9374ms)
gateway-web	Run node city/test-all.mjs	2026-10-05T11:00:20.7937796Z ✔ meaningfulChange reports no change for two identical observations (0.6248ms)
gateway-web	Run node city/test-all.mjs	2026-10-05T11:00:20.7938535Z ✔ every MEANINGFUL_FIELDS member is a boundary: changing it alone is the only reported change (6.627ms)
gateway-web	Run node city/test-all.mjs	2026-10-05T11:00:20.7939203Z ✔ MEANINGFUL_FIELDS is the donor list, in the donor order, frozen (0.71ms)
gateway-web	Run node city/test-all.mjs	2026-10-05T11:00:20.7940124Z ✔ PRESERVED DONOR DEFECT: the world never populates lastActionType/lastActionResult, so lastAction is invisible to meaningfulChange (0.5603ms)
gateway-web	Run node city/test-all.mjs	2026-10-05T11:00:20.7941099Z ✔ meaningfulChange compares fields individually, and undefined against a value is a change (0.5891ms)
gateway-web	Run node city/test-all.mjs	2026-10-05T11:00:20.7941845Z ✔ meaningfulChange ignores DOM revision churn, which evidenceDigest does not (1.0519ms)
gateway-web	Run node city/test-all.mjs	2026-10-05T11:00:20.7942732Z ✔ evidenceDigest follows the event stream and the focused value, and is null without a world (0.8179ms)
gateway-web	Run node city/test-all.mjs	2026-10-05T11:00:20.7943399Z ✔ two identical calls build the same world and the same digest (1.0462ms)
gateway-web	Run node city/test-all.mjs	2026-10-05T11:00:20.7944053Z ✔ parts.notes is copied and capped at 20, summarizeWorldState caps its notes at 5 (0.6452ms)
gateway-web	Run node city/test-all.mjs	2026-10-05T11:00:20.7944738Z ✔ summarizeWorldState is the compact donor summary, and null for no world (0.7491ms)
gateway-web	Run node city/test-all.mjs	2026-10-05T11:00:20.7945386Z ✔ discardWorldState returns the summary and empties the world in place (0.497ms)
gateway-web	Run node city/test-all.mjs	2026-10-05T11:00:20.7946458Z ✔ a world with every source degraded still records what it can, and its confidence says so (0.3255ms)
gateway-web	Run node city/test-all.mjs	2026-10-05T11:00:20.7947183Z ✔ the real manifest describes exactly the districts and modules that exist (11.1641ms)
gateway-web	Run node city/test-all.mjs	2026-10-05T11:00:20.7947904Z ✔ the manifest and the city tree agree on what exists (8.2903ms)
gateway-web	Run node city/test-all.mjs	2026-10-05T11:00:20.7948601Z ✔ mission-book incubators are named and provenanced, and Room Pack incubators are not disguised (2.3909ms)
gateway-web	Run node city/test-all.mjs	2026-10-05T11:00:20.7949473Z ✔ a mission-book migration incubator proves a donor; a programme-task incubator proves it has none (18.6139ms)
gateway-web	Run node city/test-all.mjs	2026-10-05T11:00:20.7950190Z ✔ the manifest rejects malformed hierarchy, paths and lifecycles (8.5242ms)
gateway-web	Run node city/test-all.mjs	2026-10-05T11:00:20.7950795Z ✔ module directories and lifecycles must not contradict each other (33.5223ms)
gateway-web	Run node city/test-all.mjs	2026-10-05T11:00:20.7951404Z ✔ loadManifest reports an unreadable manifest instead of guessing (5.9064ms)
gateway-web	Run node city/test-all.mjs	2026-10-05T11:00:20.7951991Z ✔ city/test-all.mjs discovers module tests without shell globs (26.2285ms)
gateway-web	Run node city/test-all.mjs	2026-10-05T11:00:20.7952372Z ℹ tests 1984
gateway-web	Run node city/test-all.mjs	2026-10-05T11:00:20.7952567Z ℹ suites 3
gateway-web	Run node city/test-all.mjs	2026-10-05T11:00:20.7952761Z ℹ pass 1970
gateway-web	Run node city/test-all.mjs	2026-10-05T11:00:20.7952949Z ℹ fail 0
gateway-web	Run node city/test-all.mjs	2026-10-05T11:00:20.7953158Z ℹ cancelled 0
gateway-web	Run node city/test-all.mjs	2026-10-05T11:00:20.7953361Z ℹ skipped 14
gateway-web	Run node city/test-all.mjs	2026-10-05T11:00:20.7953556Z ℹ todo 0
gateway-web	Run node city/test-all.mjs	2026-10-05T11:00:20.7953772Z ℹ duration_ms 27488.7778
gateway-web	Run pnpm check:docs	﻿2026-10-05T11:00:20.8457301Z ##[group]Run pnpm check:docs
gateway-web	Run pnpm check:docs	2026-10-05T11:00:20.8457695Z ^[[36;1mpnpm check:docs^[[0m
gateway-web	Run pnpm check:docs	2026-10-05T11:00:20.8537576Z shell: C:\Program Files\PowerShell\7\pwsh.EXE -command ". '{0}'"
gateway-web	Run pnpm check:docs	2026-10-05T11:00:20.8537930Z env:
gateway-web	Run pnpm check:docs	2026-10-05T11:00:20.8538196Z   PNPM_HOME: C:\Users\runneradmin\setup-pnpm\node_modules\.bin
gateway-web	Run pnpm check:docs	2026-10-05T11:00:20.8538533Z ##[endgroup]
gateway-web	Run pnpm check:docs	2026-10-05T11:00:21.6174995Z $ node scripts/check-bilingual.mjs
gateway-web	Run pnpm check:docs	2026-10-05T11:00:21.6909126Z docs: PAIR_STATUS = SYNCHRONIZED
gateway-web	Run pnpm check:docs	2026-10-05T11:00:21.6991374Z evidence: PAIR_STATUS = SYNCHRONIZED
gateway-web	Run pnpm check:docs	2026-10-05T11:00:21.7016559Z data-records: PAIR_STATUS = SYNCHRONIZED
gateway-web	Post Run pnpm/action-setup@v4	﻿2026-10-05T11:00:21.8739015Z Post job cleanup.
gateway-web	Post Run pnpm/action-setup@v4	2026-10-05T11:00:22.0579116Z Pruning is unnecessary.
gateway-web	Post Run actions/setup-node@v4	﻿2026-10-05T11:00:22.0870590Z Post job cleanup.
gateway-web	Post Run actions/setup-node@v4	2026-10-05T11:00:22.2414738Z (node:7116) [DEP0040] DeprecationWarning: The `punycode` module is deprecated. Please use a userland alternative instead.
gateway-web	Post Run actions/setup-node@v4	2026-10-05T11:00:22.2416136Z (Use `node --trace-deprecation ...` to show where the warning was created)
gateway-web	Post Run actions/checkout@v4	﻿2026-10-05T11:00:22.2744159Z Post job cleanup.
gateway-web	Post Run actions/checkout@v4	2026-10-05T11:00:22.5032591Z [command]"C:\Program Files\Git\bin\git.exe" version
gateway-web	Post Run actions/checkout@v4	2026-10-05T11:00:22.5301739Z git version 2.55.0.windows.5
gateway-web	Post Run actions/checkout@v4	2026-10-05T11:00:22.5362341Z Temporarily overriding HOME='D:\a\_temp\69719252-1c15-4fec-b94e-ab83b32f35be' before making global git config changes
gateway-web	Post Run actions/checkout@v4	2026-10-05T11:00:22.5363769Z Adding repository directory to the temporary git global config as a safe directory
gateway-web	Post Run actions/checkout@v4	2026-10-05T11:00:22.5372514Z [command]"C:\Program Files\Git\bin\git.exe" config --global --add safe.directory D:\a\utopia\utopia
gateway-web	Post Run actions/checkout@v4	2026-10-05T11:00:22.5661491Z [command]"C:\Program Files\Git\bin\git.exe" config --local --name-only --get-regexp core\.sshCommand
gateway-web	Post Run actions/checkout@v4	2026-10-05T11:00:22.5950347Z [command]"C:\Program Files\Git\bin\git.exe" submodule foreach --recursive "sh -c \"git config --local --name-only --get-regexp 'core\.sshCommand' && git config --local --unset-all 'core.sshCommand' || :\""
gateway-web	Post Run actions/checkout@v4	2026-10-05T11:00:23.0969922Z [command]"C:\Program Files\Git\bin\git.exe" config --local --name-only --get-regexp http\.https\:\/\/github\.com\/\.extraheader
gateway-web	Post Run actions/checkout@v4	2026-10-05T11:00:23.1216160Z http.https://github.com/.extraheader
gateway-web	Post Run actions/checkout@v4	2026-10-05T11:00:23.1255220Z [command]"C:\Program Files\Git\bin\git.exe" config --local --unset-all http.https://github.com/.extraheader
gateway-web	Post Run actions/checkout@v4	2026-10-05T11:00:23.1537414Z [command]"C:\Program Files\Git\bin\git.exe" submodule foreach --recursive "sh -c \"git config --local --name-only --get-regexp 'http\.https\:\/\/github\.com\/\.extraheader' && git config --local --unset-all 'http.https://github.com/.extraheader' || :\""
gateway-web	Post Run actions/checkout@v4	2026-10-05T11:00:23.6546677Z [command]"C:\Program Files\Git\bin\git.exe" config --local --name-only --get-regexp ^includeIf\.gitdir:
gateway-web	Post Run actions/checkout@v4	2026-10-05T11:00:23.6830432Z [command]"C:\Program Files\Git\bin\git.exe" submodule foreach --recursive "git config --local --show-origin --name-only --get-regexp remote.origin.url"
gateway-web	Complete job	﻿2026-10-05T11:00:24.2405728Z Cleaning up orphan processes
gateway-web	Complete job	2026-10-05T11:00:24.2582730Z ##[warning]Node.js 20 is deprecated. The following actions target Node.js 20 but are being forced to run on Node.js 24: actions/checkout@v4, actions/setup-node@v4, pnpm/action-setup@v4. For more information see: https://github.blog/changelog/2025-09-19-deprecation-of-node-20-on-github-actions-runners/
