android	Set up job	﻿2026-10-08T08:03:24.7980048Z Current runner version: '2.337.0'
android	Set up job	2026-10-08T08:03:24.8003624Z ##[group]Runner Image Provisioner
android	Set up job	2026-10-08T08:03:24.8004494Z Hosted Compute Agent
android	Set up job	2026-10-08T08:03:24.8005182Z Version: 20261002.596
android	Set up job	2026-10-08T08:03:24.8005859Z Commit: c3d12f3313a95f25162a1503be624f3b0617f8c0
android	Set up job	2026-10-08T08:03:24.8006584Z Build Date: 2026-10-02T22:28:27Z
android	Set up job	2026-10-08T08:03:24.8007350Z Worker ID: {41e86e6a-87cc-4c6d-8680-74fbbee7eb8e}
android	Set up job	2026-10-08T08:03:24.8008098Z Region: westus2
android	Set up job	2026-10-08T08:03:24.8008978Z Cloud: Azure
android	Set up job	2026-10-08T08:03:24.8009570Z ##[endgroup]
android	Set up job	2026-10-08T08:03:24.8010950Z ##[group]Operating System
android	Set up job	2026-10-08T08:03:24.8011692Z Ubuntu
android	Set up job	2026-10-08T08:03:24.8012209Z 24.04.5
android	Set up job	2026-10-08T08:03:24.8012746Z LTS
android	Set up job	2026-10-08T08:03:24.8013305Z ##[endgroup]
android	Set up job	2026-10-08T08:03:24.8013851Z ##[group]Runner Image
android	Set up job	2026-10-08T08:03:24.8014493Z Image: ubuntu-24.04
android	Set up job	2026-10-08T08:03:24.8015125Z Version: 20261004.327.1
android	Set up job	2026-10-08T08:03:24.8016222Z Included Software: https://github.com/actions/runner-images/blob/ubuntu24/20261004.327/images/ubuntu/Ubuntu2404-Readme.md
android	Set up job	2026-10-08T08:03:24.8017970Z Image Release: https://github.com/actions/runner-images/releases/tag/ubuntu24%2F20261004.327
android	Set up job	2026-10-08T08:03:24.8019243Z ##[endgroup]
android	Set up job	2026-10-08T08:03:24.8020412Z ##[group]GITHUB_TOKEN Permissions
android	Set up job	2026-10-08T08:03:24.8022368Z Contents: read
android	Set up job	2026-10-08T08:03:24.8022992Z Metadata: read
android	Set up job	2026-10-08T08:03:24.8023624Z Packages: read
android	Set up job	2026-10-08T08:03:24.8024211Z ##[endgroup]
android	Set up job	2026-10-08T08:03:24.8026454Z Secret source: Actions
android	Set up job	2026-10-08T08:03:24.8027530Z Cache mode: write
android	Set up job	2026-10-08T08:03:24.8028439Z Prepare workflow directory
android	Set up job	2026-10-08T08:03:24.8350845Z Prepare all required actions
android	Set up job	2026-10-08T08:03:24.8397556Z Getting action download info
android	Set up job	2026-10-08T08:03:25.2659354Z Download action repository 'actions/checkout@v4' (SHA:11d5960a326750d5838078e36cf38b85af677262)
android	Set up job	2026-10-08T08:03:25.3641499Z Download action repository 'actions/setup-java@v4' (SHA:cf277c60eb25467037889841efdb72551f06f6c3)
android	Set up job	2026-10-08T08:03:25.7160968Z Download action repository 'android-actions/setup-android@v3' (SHA:9fc6c4e9069bf8d3d10b2204b1fb8f6ef7065407)
android	Set up job	2026-10-08T08:03:25.9347217Z Download action repository 'gradle/actions@v4' (SHA:ed408507eac070d1f99cc633dbcf757c94c7933a)
android	Set up job	2026-10-08T08:03:26.7807945Z Download action repository 'actions/upload-artifact@v4' (SHA:ea165f8d65b6e75b540449e92b4886f43607fa02)
android	Set up job	2026-10-08T08:03:27.0446270Z Complete job name: android
android	Run actions/checkout@v4	﻿2026-10-08T08:03:27.1484657Z ##[group]Run actions/checkout@v4
android	Run actions/checkout@v4	2026-10-08T08:03:27.1486035Z with:
android	Run actions/checkout@v4	2026-10-08T08:03:27.1486891Z   repository: zhiheng-zhang-Mera/utopia
android	Run actions/checkout@v4	2026-10-08T08:03:27.1497040Z   token: ***
android	Run actions/checkout@v4	2026-10-08T08:03:27.1497868Z   ssh-strict: true
android	Run actions/checkout@v4	2026-10-08T08:03:27.1498883Z   ssh-user: git
android	Run actions/checkout@v4	2026-10-08T08:03:27.1499727Z   persist-credentials: true
android	Run actions/checkout@v4	2026-10-08T08:03:27.1500649Z   clean: true
android	Run actions/checkout@v4	2026-10-08T08:03:27.1501479Z   sparse-checkout-cone-mode: true
android	Run actions/checkout@v4	2026-10-08T08:03:27.1502480Z   fetch-depth: 1
android	Run actions/checkout@v4	2026-10-08T08:03:27.1503282Z   fetch-tags: false
android	Run actions/checkout@v4	2026-10-08T08:03:27.1504106Z   show-progress: true
android	Run actions/checkout@v4	2026-10-08T08:03:27.1504952Z   lfs: false
android	Run actions/checkout@v4	2026-10-08T08:03:27.1505751Z   submodules: false
android	Run actions/checkout@v4	2026-10-08T08:03:27.1506604Z   set-safe-directory: true
android	Run actions/checkout@v4	2026-10-08T08:03:27.1507564Z   allow-unsafe-pr-checkout: false
android	Run actions/checkout@v4	2026-10-08T08:03:27.1509073Z ##[endgroup]
android	Run actions/checkout@v4	2026-10-08T08:03:27.2541214Z Syncing repository: zhiheng-zhang-Mera/utopia
android	Run actions/checkout@v4	2026-10-08T08:03:27.2544645Z ##[group]Getting Git version info
android	Run actions/checkout@v4	2026-10-08T08:03:27.2546126Z Working directory is '/home/runner/work/utopia/utopia'
android	Run actions/checkout@v4	2026-10-08T08:03:27.2548519Z [command]/usr/bin/git version
android	Run actions/checkout@v4	2026-10-08T08:03:27.2619376Z git version 2.55.0
android	Run actions/checkout@v4	2026-10-08T08:03:27.2642954Z ##[endgroup]
android	Run actions/checkout@v4	2026-10-08T08:03:27.2667554Z Temporarily overriding HOME='/home/runner/work/_temp/4bbf89da-ded6-4f6c-a535-a638366e9269' before making global git config changes
android	Run actions/checkout@v4	2026-10-08T08:03:27.2672456Z Adding repository directory to the temporary git global config as a safe directory
android	Run actions/checkout@v4	2026-10-08T08:03:27.2676137Z [command]/usr/bin/git config --global --add safe.directory /home/runner/work/utopia/utopia
android	Run actions/checkout@v4	2026-10-08T08:03:27.2729124Z Deleting the contents of '/home/runner/work/utopia/utopia'
android	Run actions/checkout@v4	2026-10-08T08:03:27.2735034Z ##[group]Initializing the repository
android	Run actions/checkout@v4	2026-10-08T08:03:27.2740372Z [command]/usr/bin/git init /home/runner/work/utopia/utopia
android	Run actions/checkout@v4	2026-10-08T08:03:27.2871395Z hint: Using 'master' as the name for the initial branch. This default branch name
android	Run actions/checkout@v4	2026-10-08T08:03:27.2873874Z hint: will change to "main" in Git 3.0. To configure the initial branch name
android	Run actions/checkout@v4	2026-10-08T08:03:27.2877191Z hint: to use in all of your new repositories, which will suppress this warning,
android	Run actions/checkout@v4	2026-10-08T08:03:27.2880085Z hint: call:
android	Run actions/checkout@v4	2026-10-08T08:03:27.2881446Z hint:
android	Run actions/checkout@v4	2026-10-08T08:03:27.2883121Z hint: 	git config --global init.defaultBranch <name>
android	Run actions/checkout@v4	2026-10-08T08:03:27.2885114Z hint:
android	Run actions/checkout@v4	2026-10-08T08:03:27.2887034Z hint: Names commonly chosen instead of 'master' are 'main', 'trunk' and
android	Run actions/checkout@v4	2026-10-08T08:03:27.2889927Z hint: 'development'. The just-created branch can be renamed via this command:
android	Run actions/checkout@v4	2026-10-08T08:03:27.2891402Z hint:
android	Run actions/checkout@v4	2026-10-08T08:03:27.2892181Z hint: 	git branch -m <name>
android	Run actions/checkout@v4	2026-10-08T08:03:27.2893128Z hint:
android	Run actions/checkout@v4	2026-10-08T08:03:27.2894567Z hint: Disable this message with "git config set advice.defaultBranchName false"
android	Run actions/checkout@v4	2026-10-08T08:03:27.2897830Z Initialized empty Git repository in /home/runner/work/utopia/utopia/.git/
android	Run actions/checkout@v4	2026-10-08T08:03:27.2904909Z [command]/usr/bin/git remote add origin https://github.com/zhiheng-zhang-Mera/utopia
android	Run actions/checkout@v4	2026-10-08T08:03:27.2950352Z ##[endgroup]
android	Run actions/checkout@v4	2026-10-08T08:03:27.2952878Z ##[group]Disabling automatic garbage collection
android	Run actions/checkout@v4	2026-10-08T08:03:27.2955026Z [command]/usr/bin/git config --local gc.auto 0
android	Run actions/checkout@v4	2026-10-08T08:03:27.2989998Z ##[endgroup]
android	Run actions/checkout@v4	2026-10-08T08:03:27.2991387Z ##[group]Setting up auth
android	Run actions/checkout@v4	2026-10-08T08:03:27.2997992Z [command]/usr/bin/git config --local --name-only --get-regexp core\.sshCommand
android	Run actions/checkout@v4	2026-10-08T08:03:27.3037130Z [command]/usr/bin/git submodule foreach --recursive sh -c "git config --local --name-only --get-regexp 'core\.sshCommand' && git config --local --unset-all 'core.sshCommand' || :"
android	Run actions/checkout@v4	2026-10-08T08:03:27.3430981Z [command]/usr/bin/git config --local --name-only --get-regexp http\.https\:\/\/github\.com\/\.extraheader
android	Run actions/checkout@v4	2026-10-08T08:03:27.3469323Z [command]/usr/bin/git submodule foreach --recursive sh -c "git config --local --name-only --get-regexp 'http\.https\:\/\/github\.com\/\.extraheader' && git config --local --unset-all 'http.https://github.com/.extraheader' || :"
android	Run actions/checkout@v4	2026-10-08T08:03:27.3693007Z [command]/usr/bin/git config --local --name-only --get-regexp ^includeIf\.gitdir:
android	Run actions/checkout@v4	2026-10-08T08:03:27.3730656Z [command]/usr/bin/git submodule foreach --recursive git config --local --show-origin --name-only --get-regexp remote.origin.url
android	Run actions/checkout@v4	2026-10-08T08:03:27.3951175Z [command]/usr/bin/git config --local http.https://github.com/.extraheader AUTHORIZATION: basic ***
android	Run actions/checkout@v4	2026-10-08T08:03:27.3991412Z ##[endgroup]
android	Run actions/checkout@v4	2026-10-08T08:03:27.3992912Z ##[group]Fetching the repository
android	Run actions/checkout@v4	2026-10-08T08:03:27.4002006Z [command]/usr/bin/git -c protocol.version=2 fetch --no-tags --prune --no-recurse-submodules --depth=1 origin +944f47dd6c7e18b3388b6d769dbbb6dddbe74f00:refs/remotes/origin/main
android	Run actions/checkout@v4	2026-10-08T08:03:28.5618940Z From https://github.com/zhiheng-zhang-Mera/utopia
android	Run actions/checkout@v4	2026-10-08T08:03:28.5620801Z  * [new ref]         944f47dd6c7e18b3388b6d769dbbb6dddbe74f00 -> origin/main
android	Run actions/checkout@v4	2026-10-08T08:03:28.5623900Z ##[endgroup]
android	Run actions/checkout@v4	2026-10-08T08:03:28.5624368Z ##[group]Determining the checkout info
android	Run actions/checkout@v4	2026-10-08T08:03:28.5626100Z ##[endgroup]
android	Run actions/checkout@v4	2026-10-08T08:03:28.5632401Z [command]/usr/bin/git sparse-checkout disable
android	Run actions/checkout@v4	2026-10-08T08:03:28.5685437Z [command]/usr/bin/git config --local --unset-all extensions.worktreeConfig
android	Run actions/checkout@v4	2026-10-08T08:03:28.5719582Z ##[group]Checking out the ref
android	Run actions/checkout@v4	2026-10-08T08:03:28.5723043Z [command]/usr/bin/git checkout --progress --force -B main refs/remotes/origin/main
android	Run actions/checkout@v4	2026-10-08T08:03:28.7860825Z Switched to a new branch 'main'
android	Run actions/checkout@v4	2026-10-08T08:03:28.7866445Z branch 'main' set up to track 'origin/main'.
android	Run actions/checkout@v4	2026-10-08T08:03:28.7880185Z ##[endgroup]
android	Run actions/checkout@v4	2026-10-08T08:03:28.7933617Z [command]/usr/bin/git log -1 --format=%H
android	Run actions/checkout@v4	2026-10-08T08:03:28.7968715Z 944f47dd6c7e18b3388b6d769dbbb6dddbe74f00
android	Run actions/setup-java@v4	﻿2026-10-08T08:03:28.8269523Z ##[group]Run actions/setup-java@v4
android	Run actions/setup-java@v4	2026-10-08T08:03:28.8269911Z with:
android	Run actions/setup-java@v4	2026-10-08T08:03:28.8270176Z   distribution: temurin
android	Run actions/setup-java@v4	2026-10-08T08:03:28.8270456Z   java-version: 21
android	Run actions/setup-java@v4	2026-10-08T08:03:28.8270722Z   java-package: jdk
android	Run actions/setup-java@v4	2026-10-08T08:03:28.8270990Z   check-latest: false
android	Run actions/setup-java@v4	2026-10-08T08:03:28.8271257Z   server-id: github
android	Run actions/setup-java@v4	2026-10-08T08:03:28.8271528Z   server-username: GITHUB_ACTOR
android	Run actions/setup-java@v4	2026-10-08T08:03:28.8271841Z   server-password: GITHUB_TOKEN
android	Run actions/setup-java@v4	2026-10-08T08:03:28.8272165Z   overwrite-settings: true
android	Run actions/setup-java@v4	2026-10-08T08:03:28.8272452Z   job-status: success
android	Run actions/setup-java@v4	2026-10-08T08:03:28.8275256Z   token: ***
android	Run actions/setup-java@v4	2026-10-08T08:03:28.8275521Z ##[endgroup]
android	Run actions/setup-java@v4	2026-10-08T08:03:28.9922261Z ##[warning]setup-java v4 is deprecated and will no longer receive updates. Please migrate to actions/setup-java@v5.
android	Run actions/setup-java@v4	2026-10-08T08:03:28.9930435Z ##[group]Installed distributions
android	Run actions/setup-java@v4	2026-10-08T08:03:29.0113717Z Resolved Java 21.0.12+1 from tool-cache
android	Run actions/setup-java@v4	2026-10-08T08:03:29.0114437Z Setting Java 21.0.12+1 as the default
android	Run actions/setup-java@v4	2026-10-08T08:03:29.0124642Z (node:2300) [DEP0040] DeprecationWarning: The `punycode` module is deprecated. Please use a userland alternative instead.
android	Run actions/setup-java@v4	2026-10-08T08:03:29.0126216Z (Use `node --trace-deprecation ...` to show where the warning was created)
android	Run actions/setup-java@v4	2026-10-08T08:03:29.0129021Z Creating toolchains.xml for JDK version 21 from temurin
android	Run actions/setup-java@v4	2026-10-08T08:03:29.0203886Z Writing to /home/runner/.m2/toolchains.xml
android	Run actions/setup-java@v4	2026-10-08T08:03:29.0204445Z 
android	Run actions/setup-java@v4	2026-10-08T08:03:29.0204679Z Java configuration:
android	Run actions/setup-java@v4	2026-10-08T08:03:29.0205223Z   Distribution: temurin
android	Run actions/setup-java@v4	2026-10-08T08:03:29.0205779Z   Version: 21.0.12+1
android	Run actions/setup-java@v4	2026-10-08T08:03:29.0206496Z   Path: /opt/hostedtoolcache/Java_Temurin-Hotspot_jdk/21.0.12-1/x64
android	Run actions/setup-java@v4	2026-10-08T08:03:29.0207085Z 
android	Run actions/setup-java@v4	2026-10-08T08:03:29.0207723Z ##[endgroup]
android	Run actions/setup-java@v4	2026-10-08T08:03:29.0223018Z Creating settings.xml with server-id: github
android	Run actions/setup-java@v4	2026-10-08T08:03:29.0269606Z Writing to /home/runner/.m2/settings.xml
android	Run android-actions/setup-android@v3	﻿2026-10-08T08:03:29.0550285Z ##[group]Run android-actions/setup-android@v3
android	Run android-actions/setup-android@v3	2026-10-08T08:03:29.0551024Z with:
android	Run android-actions/setup-android@v3	2026-10-08T08:03:29.0551522Z   packages: platform-tools
android	Run android-actions/setup-android@v3	2026-10-08T08:03:29.0552141Z   log-accepted-android-sdk-licenses: false
android	Run android-actions/setup-android@v3	2026-10-08T08:03:29.0552759Z   cmdline-tools-version: 12266719
android	Run android-actions/setup-android@v3	2026-10-08T08:03:29.0553290Z   accept-android-sdk-licenses: true
android	Run android-actions/setup-android@v3	2026-10-08T08:03:29.0553789Z env:
android	Run android-actions/setup-android@v3	2026-10-08T08:03:29.0559399Z   JAVA_HOME: /opt/hostedtoolcache/Java_Temurin-Hotspot_jdk/21.0.12-1/x64
android	Run android-actions/setup-android@v3	2026-10-08T08:03:29.0560367Z   JAVA_HOME_21_X64: /opt/hostedtoolcache/Java_Temurin-Hotspot_jdk/21.0.12-1/x64
android	Run android-actions/setup-android@v3	2026-10-08T08:03:29.0561007Z ##[endgroup]
android	Run android-actions/setup-android@v3	2026-10-08T08:03:29.1644869Z Found preinstalled sdkmanager in /usr/local/lib/android/sdk/cmdline-tools/latest with following source.properties:
android	Run android-actions/setup-android@v3	2026-10-08T08:03:29.1645992Z Pkg.Revision=12.0
android	Run android-actions/setup-android@v3	2026-10-08T08:03:29.1646716Z Pkg.Path=cmdline-tools;12.0
android	Run android-actions/setup-android@v3	2026-10-08T08:03:29.1647291Z Pkg.Desc=Android SDK Command-line Tools
android	Run android-actions/setup-android@v3	2026-10-08T08:03:29.1647738Z 
android	Run android-actions/setup-android@v3	2026-10-08T08:03:29.1647983Z Wrong version in preinstalled sdkmanager
android	Run android-actions/setup-android@v3	2026-10-08T08:03:29.1649110Z Downloading commandline tools from https://dl.google.com/android/repository/commandlinetools-linux-12266719_latest.zip
android	Run android-actions/setup-android@v3	2026-10-08T08:03:30.4106889Z [command]/usr/bin/unzip -o -q /home/runner/work/_temp/2aaed8a2-8edd-4e4c-a9e7-ea3544da5469
android	Run android-actions/setup-android@v3	2026-10-08T08:03:31.1851666Z Accepting Android SDK licenses
android	Run android-actions/setup-android@v3	2026-10-08T08:03:41.4966113Z [command]/usr/local/lib/android/sdk/cmdline-tools/16.0/bin/sdkmanager platform-tools
android	Run android-actions/setup-android@v3	2026-10-08T08:03:42.2569843Z Loading package information...                                                  
android	Run android-actions/setup-android@v3	2026-10-08T08:03:42.3451200Z Loading local repository...                                                     
android	Run android-actions/setup-android@v3	2026-10-08T08:03:42.3452405Z [                                       ] 3% Loading local repository...        
android	Run android-actions/setup-android@v3	2026-10-08T08:03:42.3487318Z [                                       ] 3% Fetch remote repository...         
android	Run android-actions/setup-android@v3	2026-10-08T08:03:42.7261533Z [=                                      ] 3% Fetch remote repository...         
android	Run android-actions/setup-android@v3	2026-10-08T08:03:42.8117012Z [=                                      ] 4% Fetch remote repository...         
android	Run android-actions/setup-android@v3	2026-10-08T08:03:42.8473134Z [=                                      ] 5% Fetch remote repository...         
android	Run android-actions/setup-android@v3	2026-10-08T08:03:42.8987290Z [==                                     ] 5% Fetch remote repository...         
android	Run android-actions/setup-android@v3	2026-10-08T08:03:43.0117478Z [==                                     ] 6% Fetch remote repository...         
android	Run android-actions/setup-android@v3	2026-10-08T08:03:43.1009686Z [==                                     ] 7% Fetch remote repository...         
android	Run android-actions/setup-android@v3	2026-10-08T08:03:43.1011122Z [==                                     ] 7% Computing updates...               
android	Run android-actions/setup-android@v3	2026-10-08T08:03:43.1128969Z [===                                    ] 8% Computing updates...               
android	Run android-actions/setup-android@v3	2026-10-08T08:03:43.1190685Z [===                                    ] 10% Computing updates...              
android	Run android-actions/setup-android@v3	2026-10-08T08:03:43.1196069Z [=======================================] 100% Computing updates...             
android	Run android-actions/setup-android@v3	2026-10-08T08:03:43.1196907Z 
android	Run sdkmanager 'platforms;android-36' 'build-tools;36.0.0'	﻿2026-10-08T08:03:43.1586691Z ##[group]Run sdkmanager 'platforms;android-36' 'build-tools;36.0.0'
android	Run sdkmanager 'platforms;android-36' 'build-tools;36.0.0'	2026-10-08T08:03:43.1587258Z ^[[36;1msdkmanager 'platforms;android-36' 'build-tools;36.0.0'^[[0m
android	Run sdkmanager 'platforms;android-36' 'build-tools;36.0.0'	2026-10-08T08:03:43.1869109Z shell: /usr/bin/bash -e {0}
android	Run sdkmanager 'platforms;android-36' 'build-tools;36.0.0'	2026-10-08T08:03:43.1869467Z env:
android	Run sdkmanager 'platforms;android-36' 'build-tools;36.0.0'	2026-10-08T08:03:43.1869855Z   JAVA_HOME: /opt/hostedtoolcache/Java_Temurin-Hotspot_jdk/21.0.12-1/x64
android	Run sdkmanager 'platforms;android-36' 'build-tools;36.0.0'	2026-10-08T08:03:43.1870530Z   JAVA_HOME_21_X64: /opt/hostedtoolcache/Java_Temurin-Hotspot_jdk/21.0.12-1/x64
android	Run sdkmanager 'platforms;android-36' 'build-tools;36.0.0'	2026-10-08T08:03:43.1871087Z   ANDROID_HOME: /usr/local/lib/android/sdk
android	Run sdkmanager 'platforms;android-36' 'build-tools;36.0.0'	2026-10-08T08:03:43.1871482Z   ANDROID_SDK_ROOT: /usr/local/lib/android/sdk
android	Run sdkmanager 'platforms;android-36' 'build-tools;36.0.0'	2026-10-08T08:03:43.1871847Z ##[endgroup]
android	Run sdkmanager 'platforms;android-36' 'build-tools;36.0.0'	2026-10-08T08:03:43.9794659Z Loading package information...                                                  
android	Run sdkmanager 'platforms;android-36' 'build-tools;36.0.0'	2026-10-08T08:03:44.0789991Z Loading local repository...                                                     
android	Run sdkmanager 'platforms;android-36' 'build-tools;36.0.0'	2026-10-08T08:03:44.0792972Z [                                       ] 3% Loading local repository...        
android	Run sdkmanager 'platforms;android-36' 'build-tools;36.0.0'	2026-10-08T08:03:44.0824664Z [                                       ] 3% Fetch remote repository...         
android	Run sdkmanager 'platforms;android-36' 'build-tools;36.0.0'	2026-10-08T08:03:44.4700209Z [=                                      ] 3% Fetch remote repository...         
android	Run sdkmanager 'platforms;android-36' 'build-tools;36.0.0'	2026-10-08T08:03:44.5428928Z [=                                      ] 4% Fetch remote repository...         
android	Run sdkmanager 'platforms;android-36' 'build-tools;36.0.0'	2026-10-08T08:03:44.6012396Z [=                                      ] 5% Fetch remote repository...         
android	Run sdkmanager 'platforms;android-36' 'build-tools;36.0.0'	2026-10-08T08:03:44.6531714Z [==                                     ] 5% Fetch remote repository...         
android	Run sdkmanager 'platforms;android-36' 'build-tools;36.0.0'	2026-10-08T08:03:44.7337806Z [==                                     ] 6% Fetch remote repository...         
android	Run sdkmanager 'platforms;android-36' 'build-tools;36.0.0'	2026-10-08T08:03:44.8189698Z [==                                     ] 7% Fetch remote repository...         
android	Run sdkmanager 'platforms;android-36' 'build-tools;36.0.0'	2026-10-08T08:03:44.8209422Z [==                                     ] 7% Computing updates...               
android	Run sdkmanager 'platforms;android-36' 'build-tools;36.0.0'	2026-10-08T08:03:44.8328067Z [===                                    ] 8% Computing updates...               
android	Run sdkmanager 'platforms;android-36' 'build-tools;36.0.0'	2026-10-08T08:03:44.8445680Z [===                                    ] 10% Computing updates...              
android	Run sdkmanager 'platforms;android-36' 'build-tools;36.0.0'	2026-10-08T08:03:44.8446788Z [=======================================] 100% Computing updates...             
android	Run sdkmanager 'platforms;android-36' 'build-tools;36.0.0'	2026-10-08T08:03:44.8447258Z 
android	Run gradle/actions/setup-gradle@v4	﻿2026-10-08T08:03:44.8816360Z ##[group]Run gradle/actions/setup-gradle@v4
android	Run gradle/actions/setup-gradle@v4	2026-10-08T08:03:44.8816681Z with:
android	Run gradle/actions/setup-gradle@v4	2026-10-08T08:03:44.8816888Z   cache-disabled: false
android	Run gradle/actions/setup-gradle@v4	2026-10-08T08:03:44.8817118Z   cache-read-only: false
android	Run gradle/actions/setup-gradle@v4	2026-10-08T08:03:44.8817358Z   cache-write-only: false
android	Run gradle/actions/setup-gradle@v4	2026-10-08T08:03:44.8817607Z   cache-overwrite-existing: false
android	Run gradle/actions/setup-gradle@v4	2026-10-08T08:03:44.8817870Z   cache-cleanup: on-success
android	Run gradle/actions/setup-gradle@v4	2026-10-08T08:03:44.8818153Z   gradle-home-cache-includes: caches
android	Run gradle/actions/setup-gradle@v4	notifications
android	Run gradle/actions/setup-gradle@v4	
android	Run gradle/actions/setup-gradle@v4	2026-10-08T08:03:44.8818808Z   add-job-summary: always
android	Run gradle/actions/setup-gradle@v4	2026-10-08T08:03:44.8819060Z   add-job-summary-as-pr-comment: never
android	Run gradle/actions/setup-gradle@v4	2026-10-08T08:03:44.8819341Z   dependency-graph: disabled
android	Run gradle/actions/setup-gradle@v4	2026-10-08T08:03:44.8819641Z   dependency-graph-report-dir: dependency-graph-reports
android	Run gradle/actions/setup-gradle@v4	2026-10-08T08:03:44.8820016Z   dependency-graph-continue-on-failure: true
android	Run gradle/actions/setup-gradle@v4	2026-10-08T08:03:44.8820310Z   build-scan-publish: false
android	Run gradle/actions/setup-gradle@v4	2026-10-08T08:03:44.8820547Z   validate-wrappers: true
android	Run gradle/actions/setup-gradle@v4	2026-10-08T08:03:44.8820793Z   allow-snapshot-wrappers: false
android	Run gradle/actions/setup-gradle@v4	2026-10-08T08:03:44.8821246Z   gradle-home-cache-strict-match: false
android	Run gradle/actions/setup-gradle@v4	2026-10-08T08:03:44.8821557Z   workflow-job-context: null
android	Run gradle/actions/setup-gradle@v4	2026-10-08T08:03:44.8824309Z   github-token: ***
android	Run gradle/actions/setup-gradle@v4	2026-10-08T08:03:44.8824516Z env:
android	Run gradle/actions/setup-gradle@v4	2026-10-08T08:03:44.8824812Z   JAVA_HOME: /opt/hostedtoolcache/Java_Temurin-Hotspot_jdk/21.0.12-1/x64
android	Run gradle/actions/setup-gradle@v4	2026-10-08T08:03:44.8825295Z   JAVA_HOME_21_X64: /opt/hostedtoolcache/Java_Temurin-Hotspot_jdk/21.0.12-1/x64
android	Run gradle/actions/setup-gradle@v4	2026-10-08T08:03:44.8825693Z   ANDROID_HOME: /usr/local/lib/android/sdk
android	Run gradle/actions/setup-gradle@v4	2026-10-08T08:03:44.8825990Z   ANDROID_SDK_ROOT: /usr/local/lib/android/sdk
android	Run gradle/actions/setup-gradle@v4	2026-10-08T08:03:44.8826265Z ##[endgroup]
android	Run gradle/actions/setup-gradle@v4	2026-10-08T08:03:45.2096444Z Merged default JDK locations into /home/runner/.m2/toolchains.xml
android	Run gradle/actions/setup-gradle@v4	2026-10-08T08:03:45.2102686Z Preparing cache for cleanup.
android	Run gradle/actions/setup-gradle@v4	2026-10-08T08:03:45.2104183Z ##[group]Restore Gradle state from cache
android	Run gradle/actions/setup-gradle@v4	2026-10-08T08:03:45.4756549Z Cache hit for restore-key: gradle-home-v1|Linux-X64|android[1b8766f93310b93e84da98e473f7fc1d]-db6b6f9dbba1266d6783774d659d4eef912929ff
android	Run gradle/actions/setup-gradle@v4	2026-10-08T08:03:46.4998465Z Received 713853 of 713853 (100.0%), 0.9 MBs/sec
android	Run gradle/actions/setup-gradle@v4	2026-10-08T08:03:46.5000342Z Cache Size: ~1 MB (713853 B)
android	Run gradle/actions/setup-gradle@v4	2026-10-08T08:03:46.5033699Z [command]/usr/bin/tar -xf /home/runner/work/_temp/99ab789e-bab9-43ce-8d3d-88688332f227/cache.tzst -P -C /home/runner/work/utopia/utopia --use-compress-program unzstd
android	Run gradle/actions/setup-gradle@v4	2026-10-08T08:03:46.5933082Z Cache restored successfully
android	Run gradle/actions/setup-gradle@v4	2026-10-08T08:03:46.5937636Z Restored cache entry with key gradle-home-v1|Linux-X64|android[1b8766f93310b93e84da98e473f7fc1d]-944f47dd6c7e18b3388b6d769dbbb6dddbe74f00 to /home/runner/.gradle/caches,/home/runner/.gradle/notifications,/home/runner/.gradle/.setup-gradle in 1382ms
android	Run gradle/actions/setup-gradle@v4	2026-10-08T08:03:46.8399172Z Cache hit for: gradle-transforms-v1-f98f6e0ae0ed8d13aa583839dc1c989a
android	Run gradle/actions/setup-gradle@v4	2026-10-08T08:03:46.8501547Z Cache hit for: gradle-wrapper-zips-v1-5ae5d3da5e8e0c748d04bcdd9bc97bdb
android	Run gradle/actions/setup-gradle@v4	2026-10-08T08:03:46.8540666Z Cache hit for: gradle-kotlin-dsl-v1-baf76ed15e589610ff45f4aa41b8b419
android	Run gradle/actions/setup-gradle@v4	2026-10-08T08:03:46.8582353Z Cache hit for: gradle-dependencies-v1-710a3b371db75b163f0594fc4e68cd08
android	Run gradle/actions/setup-gradle@v4	2026-10-08T08:03:46.8625172Z Cache hit for: gradle-groovy-dsl-v1-30f081867efeb309a8cd9b740269d28f
android	Run gradle/actions/setup-gradle@v4	2026-10-08T08:03:46.8728502Z Cache hit for: gradle-generated-gradle-jars-v1-4434c59050703a48bf14168622b59891
android	Run gradle/actions/setup-gradle@v4	2026-10-08T08:03:46.8772703Z Cache hit for: gradle-instrumented-jars-v1-0cf661e28d5064bef09ae626867ca81c
android	Run gradle/actions/setup-gradle@v4	2026-10-08T08:03:47.5950715Z Received 102570 of 102570 (100.0%), 0.2 MBs/sec
android	Run gradle/actions/setup-gradle@v4	2026-10-08T08:03:47.5951508Z Cache Size: ~0 MB (102570 B)
android	Run gradle/actions/setup-gradle@v4	2026-10-08T08:03:47.5957014Z Received 123158 of 123158 (100.0%), 0.3 MBs/sec
android	Run gradle/actions/setup-gradle@v4	2026-10-08T08:03:47.5957695Z Cache Size: ~0 MB (123158 B)
android	Run gradle/actions/setup-gradle@v4	2026-10-08T08:03:47.6001294Z [command]/usr/bin/tar -xf /home/runner/work/_temp/9e5306cb-3dee-43bf-a88b-d33d5c50ba35/cache.tzst -P -C /home/runner/work/utopia/utopia --use-compress-program unzstd
android	Run gradle/actions/setup-gradle@v4	2026-10-08T08:03:47.6030904Z [command]/usr/bin/tar -xf /home/runner/work/_temp/1b9b15de-1aaa-4934-8cdd-8b7a505b26da/cache.tzst -P -C /home/runner/work/utopia/utopia --use-compress-program unzstd
android	Run gradle/actions/setup-gradle@v4	2026-10-08T08:03:47.6247724Z Cache restored successfully
android	Run gradle/actions/setup-gradle@v4	2026-10-08T08:03:47.6250149Z Restored cache entry with key gradle-instrumented-jars-v1-0cf661e28d5064bef09ae626867ca81c to /home/runner/.gradle/caches/jars-*/*/ in 1029ms
android	Run gradle/actions/setup-gradle@v4	2026-10-08T08:03:47.6525252Z Cache restored successfully
android	Run gradle/actions/setup-gradle@v4	2026-10-08T08:03:47.6527777Z Restored cache entry with key gradle-kotlin-dsl-v1-baf76ed15e589610ff45f4aa41b8b419 to /home/runner/.gradle/caches/*/kotlin-dsl/accessors/*/,/home/runner/.gradle/caches/*/kotlin-dsl/scripts/*/ in 1057ms
android	Run gradle/actions/setup-gradle@v4	2026-10-08T08:03:47.6637493Z Received 195430 of 195430 (100.0%), 0.4 MBs/sec
android	Run gradle/actions/setup-gradle@v4	2026-10-08T08:03:47.6639132Z Cache Size: ~0 MB (195430 B)
android	Run gradle/actions/setup-gradle@v4	2026-10-08T08:03:47.6664740Z [command]/usr/bin/tar -xf /home/runner/work/_temp/3120c824-ce1a-4022-94e7-aed0e364ac6e/cache.tzst -P -C /home/runner/work/utopia/utopia --use-compress-program unzstd
android	Run gradle/actions/setup-gradle@v4	2026-10-08T08:03:47.6991635Z Cache restored successfully
android	Run gradle/actions/setup-gradle@v4	2026-10-08T08:03:47.6992719Z Restored cache entry with key gradle-groovy-dsl-v1-30f081867efeb309a8cd9b740269d28f to /home/runner/.gradle/caches/*/groovy-dsl/*/ in 1104ms
android	Run gradle/actions/setup-gradle@v4	2026-10-08T08:03:48.1219706Z Received 4194304 of 138177383 (3.0%), 4.0 MBs/sec
android	Run gradle/actions/setup-gradle@v4	2026-10-08T08:03:48.1352409Z Received 0 of 41093001 (0.0%), 0.0 MBs/sec
android	Run gradle/actions/setup-gradle@v4	2026-10-08T08:03:48.1426153Z Received 0 of 136713466 (0.0%), 0.0 MBs/sec
android	Run gradle/actions/setup-gradle@v4	2026-10-08T08:03:48.1579013Z Received 0 of 218837890 (0.0%), 0.0 MBs/sec
android	Run gradle/actions/setup-gradle@v4	2026-10-08T08:03:48.6511967Z Received 41093001 of 41093001 (100.0%), 25.7 MBs/sec
android	Run gradle/actions/setup-gradle@v4	2026-10-08T08:03:48.6515259Z Cache Size: ~39 MB (41093001 B)
android	Run gradle/actions/setup-gradle@v4	2026-10-08T08:03:48.7386686Z [command]/usr/bin/tar -xf /home/runner/work/_temp/a96bac1c-67db-4982-9a47-98a735e8a1d0/cache.tzst -P -C /home/runner/work/utopia/utopia --use-compress-program unzstd
android	Run gradle/actions/setup-gradle@v4	2026-10-08T08:03:49.0941368Z Cache restored successfully
android	Run gradle/actions/setup-gradle@v4	2026-10-08T08:03:49.1030840Z Restored cache entry with key gradle-generated-gradle-jars-v1-4434c59050703a48bf14168622b59891 to /home/runner/.gradle/caches/8.14.3/generated-gradle-jars/gradle-api-8.14.3.jar in 2508ms
android	Run gradle/actions/setup-gradle@v4	2026-10-08T08:03:49.1213444Z Received 83886080 of 138177383 (60.7%), 39.9 MBs/sec
android	Run gradle/actions/setup-gradle@v4	2026-10-08T08:03:49.1422723Z Received 92274688 of 136713466 (67.5%), 44.0 MBs/sec
android	Run gradle/actions/setup-gradle@v4	2026-10-08T08:03:49.1565076Z Received 79691776 of 218837890 (36.4%), 38.0 MBs/sec
android	Run gradle/actions/setup-gradle@v4	2026-10-08T08:03:49.7274766Z Received 136713466 of 136713466 (100.0%), 50.4 MBs/sec
android	Run gradle/actions/setup-gradle@v4	2026-10-08T08:03:49.7277663Z Cache Size: ~130 MB (136713466 B)
android	Run gradle/actions/setup-gradle@v4	2026-10-08T08:03:49.7343112Z [command]/usr/bin/tar -xf /home/runner/work/_temp/03c82085-c381-4f79-b5c8-122f01edc677/cache.tzst -P -C /home/runner/work/utopia/utopia --use-compress-program unzstd
android	Run gradle/actions/setup-gradle@v4	2026-10-08T08:03:49.9689831Z Cache restored successfully
android	Run gradle/actions/setup-gradle@v4	2026-10-08T08:03:49.9808616Z Restored cache entry with key gradle-wrapper-zips-v1-5ae5d3da5e8e0c748d04bcdd9bc97bdb to /home/runner/.gradle/wrapper/dists/gradle-8.14.3-bin/cv11ve7ro1n3o1j4so8xd9n66 in 3385ms
android	Run gradle/actions/setup-gradle@v4	2026-10-08T08:03:50.1230327Z Received 134217728 of 138177383 (97.1%), 42.6 MBs/sec
android	Run gradle/actions/setup-gradle@v4	2026-10-08T08:03:50.1569458Z Received 171966464 of 218837890 (78.6%), 54.6 MBs/sec
android	Run gradle/actions/setup-gradle@v4	2026-10-08T08:03:50.3319584Z Received 138177383 of 138177383 (100.0%), 41.0 MBs/sec
android	Run gradle/actions/setup-gradle@v4	2026-10-08T08:03:50.3349383Z Cache Size: ~132 MB (138177383 B)
android	Run gradle/actions/setup-gradle@v4	2026-10-08T08:03:50.3495366Z [command]/usr/bin/tar -xf /home/runner/work/_temp/0bb1e06d-e112-4761-9cc8-132edfd3e0d4/cache.tzst -P -C /home/runner/work/utopia/utopia --use-compress-program unzstd
android	Run gradle/actions/setup-gradle@v4	2026-10-08T08:03:50.5134368Z Received 218837890 of 218837890 (100.0%), 62.2 MBs/sec
android	Run gradle/actions/setup-gradle@v4	2026-10-08T08:03:50.5135582Z Cache Size: ~209 MB (218837890 B)
android	Run gradle/actions/setup-gradle@v4	2026-10-08T08:03:50.5237344Z [command]/usr/bin/tar -xf /home/runner/work/_temp/ae6d951d-91fa-4bba-8778-2de9e1d699fb/cache.tzst -P -C /home/runner/work/utopia/utopia --use-compress-program unzstd
android	Run gradle/actions/setup-gradle@v4	2026-10-08T08:03:50.9956143Z Cache restored successfully
android	Run gradle/actions/setup-gradle@v4	2026-10-08T08:03:51.0070867Z Restored cache entry with key gradle-dependencies-v1-710a3b371db75b163f0594fc4e68cd08 to /home/runner/.gradle/caches/modules-*/files-*/*/*/*/* in 4412ms
android	Run gradle/actions/setup-gradle@v4	2026-10-08T08:03:51.5134997Z Cache restored successfully
android	Run gradle/actions/setup-gradle@v4	2026-10-08T08:03:51.5196619Z Restored cache entry with key gradle-transforms-v1-f98f6e0ae0ed8d13aa583839dc1c989a to /home/runner/.gradle/caches/transforms-4/*/,/home/runner/.gradle/caches/*/transforms/*/ in 4923ms
android	Run gradle/actions/setup-gradle@v4	2026-10-08T08:03:51.5289276Z ##[endgroup]
android	Run gradle/actions/setup-gradle@v4	2026-10-08T08:03:51.5622733Z ##[group]All Gradle Wrapper jars are valid
android	Run gradle/actions/setup-gradle@v4	2026-10-08T08:03:51.5624206Z ✓ Found known Gradle Wrapper JAR files:
android	Run gradle/actions/setup-gradle@v4	2026-10-08T08:03:51.5625544Z   7d3a4ac4de1c32b59bc6a4eb8ecb8e612ccd0cf1ae1e99f66902da64df296172 apps/android/gradle/wrapper/gradle-wrapper.jar
android	Run gradle/actions/setup-gradle@v4	2026-10-08T08:03:51.5626894Z ##[endgroup]
android	Run bash gradlew :app:testDebugUnitTest :app:assembleDebug --console=plain	﻿2026-10-08T08:03:51.5853037Z ##[group]Run bash gradlew :app:testDebugUnitTest :app:assembleDebug --console=plain
android	Run bash gradlew :app:testDebugUnitTest :app:assembleDebug --console=plain	2026-10-08T08:03:51.5854169Z ^[[36;1mbash gradlew :app:testDebugUnitTest :app:assembleDebug --console=plain^[[0m
android	Run bash gradlew :app:testDebugUnitTest :app:assembleDebug --console=plain	2026-10-08T08:03:51.5937081Z shell: /usr/bin/bash -e {0}
android	Run bash gradlew :app:testDebugUnitTest :app:assembleDebug --console=plain	2026-10-08T08:03:51.5937569Z env:
android	Run bash gradlew :app:testDebugUnitTest :app:assembleDebug --console=plain	2026-10-08T08:03:51.5938352Z   JAVA_HOME: /opt/hostedtoolcache/Java_Temurin-Hotspot_jdk/21.0.12-1/x64
android	Run bash gradlew :app:testDebugUnitTest :app:assembleDebug --console=plain	2026-10-08T08:03:51.5939365Z   JAVA_HOME_21_X64: /opt/hostedtoolcache/Java_Temurin-Hotspot_jdk/21.0.12-1/x64
android	Run bash gradlew :app:testDebugUnitTest :app:assembleDebug --console=plain	2026-10-08T08:03:51.5940159Z   ANDROID_HOME: /usr/local/lib/android/sdk
android	Run bash gradlew :app:testDebugUnitTest :app:assembleDebug --console=plain	2026-10-08T08:03:51.5940979Z   ANDROID_SDK_ROOT: /usr/local/lib/android/sdk
android	Run bash gradlew :app:testDebugUnitTest :app:assembleDebug --console=plain	2026-10-08T08:03:51.5941605Z   GRADLE_ACTION_ID: gradle/actions/setup-gradle
android	Run bash gradlew :app:testDebugUnitTest :app:assembleDebug --console=plain	2026-10-08T08:03:51.5942209Z   GRADLE_USER_HOME: /home/runner/.gradle
android	Run bash gradlew :app:testDebugUnitTest :app:assembleDebug --console=plain	2026-10-08T08:03:51.5942788Z   GRADLE_BUILD_ACTION_SETUP_COMPLETED: true
android	Run bash gradlew :app:testDebugUnitTest :app:assembleDebug --console=plain	2026-10-08T08:03:51.5943369Z   GRADLE_BUILD_ACTION_CACHE_RESTORED: true
android	Run bash gradlew :app:testDebugUnitTest :app:assembleDebug --console=plain	2026-10-08T08:03:51.5944217Z   DEVELOCITY_INJECTION_INIT_SCRIPT_NAME: gradle-actions.inject-develocity.init.gradle
android	Run bash gradlew :app:testDebugUnitTest :app:assembleDebug --console=plain	2026-10-08T08:03:51.5945177Z   DEVELOCITY_INJECTION_CUSTOM_VALUE: gradle-actions
android	Run bash gradlew :app:testDebugUnitTest :app:assembleDebug --console=plain	2026-10-08T08:03:51.5945797Z   GITHUB_DEPENDENCY_GRAPH_ENABLED: false
android	Run bash gradlew :app:testDebugUnitTest :app:assembleDebug --console=plain	2026-10-08T08:03:51.5946322Z ##[endgroup]
android	Run bash gradlew :app:testDebugUnitTest :app:assembleDebug --console=plain	2026-10-08T08:03:52.7809943Z Starting a Gradle Daemon (subsequent builds will be faster)
android	Run bash gradlew :app:testDebugUnitTest :app:assembleDebug --console=plain	2026-10-08T08:04:06.1832443Z > Task :app:checkKotlinGradlePluginConfigurationErrors SKIPPED
android	Run bash gradlew :app:testDebugUnitTest :app:assembleDebug --console=plain	2026-10-08T08:04:06.1859283Z > Task :app:preBuild UP-TO-DATE
android	Run bash gradlew :app:testDebugUnitTest :app:assembleDebug --console=plain	2026-10-08T08:04:06.1889302Z > Task :app:preDebugBuild UP-TO-DATE
android	Run bash gradlew :app:testDebugUnitTest :app:assembleDebug --console=plain	2026-10-08T08:04:06.5795693Z > Task :app:generateDebugResValues
android	Run bash gradlew :app:testDebugUnitTest :app:assembleDebug --console=plain	2026-10-08T08:04:06.5797037Z > Task :app:checkDebugAarMetadata
android	Run bash gradlew :app:testDebugUnitTest :app:assembleDebug --console=plain	2026-10-08T08:04:06.5797947Z > Task :app:mapDebugSourceSetPaths
android	Run bash gradlew :app:testDebugUnitTest :app:assembleDebug --console=plain	2026-10-08T08:04:06.5799171Z > Task :app:generateDebugResources
android	Run bash gradlew :app:testDebugUnitTest :app:assembleDebug --console=plain	2026-10-08T08:04:07.7794128Z > Task :app:packageDebugResources
android	Run bash gradlew :app:testDebugUnitTest :app:assembleDebug --console=plain	2026-10-08T08:04:09.2809793Z > Task :app:createDebugCompatibleScreenManifests
android	Run bash gradlew :app:testDebugUnitTest :app:assembleDebug --console=plain	2026-10-08T08:04:09.2829409Z > Task :app:extractDeepLinksDebug
android	Run bash gradlew :app:testDebugUnitTest :app:assembleDebug --console=plain	2026-10-08T08:04:09.2830314Z > Task :app:mergeDebugResources
android	Run bash gradlew :app:testDebugUnitTest :app:assembleDebug --console=plain	2026-10-08T08:04:09.3804306Z > Task :app:parseDebugLocalResources
android	Run bash gradlew :app:testDebugUnitTest :app:assembleDebug --console=plain	2026-10-08T08:04:09.4822909Z > Task :app:processDebugMainManifest
android	Run bash gradlew :app:testDebugUnitTest :app:assembleDebug --console=plain	2026-10-08T08:04:09.5809605Z > Task :app:processDebugManifest
android	Run bash gradlew :app:testDebugUnitTest :app:assembleDebug --console=plain	2026-10-08T08:04:09.5839225Z > Task :app:processDebugManifestForPackage
android	Run bash gradlew :app:testDebugUnitTest :app:assembleDebug --console=plain	2026-10-08T08:04:09.6809977Z > Task :app:javaPreCompileDebug
android	Run bash gradlew :app:testDebugUnitTest :app:assembleDebug --console=plain	2026-10-08T08:04:09.7809660Z > Task :app:preDebugUnitTestBuild UP-TO-DATE
android	Run bash gradlew :app:testDebugUnitTest :app:assembleDebug --console=plain	2026-10-08T08:04:09.7829447Z > Task :app:javaPreCompileDebugUnitTest
android	Run bash gradlew :app:testDebugUnitTest :app:assembleDebug --console=plain	2026-10-08T08:04:09.7830601Z > Task :app:mergeDebugNativeDebugMetadata NO-SOURCE
android	Run bash gradlew :app:testDebugUnitTest :app:assembleDebug --console=plain	2026-10-08T08:04:09.7865012Z > Task :app:mergeDebugShaders
android	Run bash gradlew :app:testDebugUnitTest :app:assembleDebug --console=plain	2026-10-08T08:04:09.7866409Z > Task :app:compileDebugShaders NO-SOURCE
android	Run bash gradlew :app:testDebugUnitTest :app:assembleDebug --console=plain	2026-10-08T08:04:09.7892527Z > Task :app:generateDebugAssets UP-TO-DATE
android	Run bash gradlew :app:testDebugUnitTest :app:assembleDebug --console=plain	2026-10-08T08:04:09.8813034Z > Task :app:mergeDebugAssets
android	Run bash gradlew :app:testDebugUnitTest :app:assembleDebug --console=plain	2026-10-08T08:04:09.8855995Z > Task :app:compressDebugAssets
android	Run bash gradlew :app:testDebugUnitTest :app:assembleDebug --console=plain	2026-10-08T08:04:09.8888895Z > Task :app:desugarDebugFileDependencies
android	Run bash gradlew :app:testDebugUnitTest :app:assembleDebug --console=plain	2026-10-08T08:04:09.9809571Z > Task :app:mergeDebugJniLibFolders
android	Run bash gradlew :app:testDebugUnitTest :app:assembleDebug --console=plain	2026-10-08T08:04:09.9810512Z > Task :app:checkDebugDuplicateClasses
android	Run bash gradlew :app:testDebugUnitTest :app:assembleDebug --console=plain	2026-10-08T08:04:10.0819449Z > Task :app:mergeDebugNativeLibs
android	Run bash gradlew :app:testDebugUnitTest :app:assembleDebug --console=plain	2026-10-08T08:04:10.1793739Z > Task :app:processDebugResources
android	Run bash gradlew :app:testDebugUnitTest :app:assembleDebug --console=plain	2026-10-08T08:04:10.8819399Z > Task :app:mergeLibDexDebug
android	Run bash gradlew :app:testDebugUnitTest :app:assembleDebug --console=plain	2026-10-08T08:04:10.9827947Z 
android	Run bash gradlew :app:testDebugUnitTest :app:assembleDebug --console=plain	2026-10-08T08:04:10.9849585Z > Task :app:stripDebugDebugSymbols
android	Run bash gradlew :app:testDebugUnitTest :app:assembleDebug --console=plain	2026-10-08T08:04:10.9880156Z Unable to strip the following libraries, packaging them as they are: libandroidx.graphics.path.so. Run with --info option to learn more.
android	Run bash gradlew :app:testDebugUnitTest :app:assembleDebug --console=plain	2026-10-08T08:04:12.5818892Z 
android	Run bash gradlew :app:testDebugUnitTest :app:assembleDebug --console=plain	2026-10-08T08:04:12.5821151Z > Task :app:validateSigningDebug
android	Run bash gradlew :app:testDebugUnitTest :app:assembleDebug --console=plain	2026-10-08T08:04:12.5849075Z > Task :app:writeDebugAppMetadata
android	Run bash gradlew :app:testDebugUnitTest :app:assembleDebug --console=plain	2026-10-08T08:04:12.6794780Z > Task :app:writeDebugSigningConfigVersions
android	Run bash gradlew :app:testDebugUnitTest :app:assembleDebug --console=plain	2026-10-08T08:04:19.9794239Z > Task :app:mergeExtDexDebug
android	Run bash gradlew :app:testDebugUnitTest :app:assembleDebug --console=plain	2026-10-08T08:04:40.1803566Z > Task :app:compileDebugKotlin
android	Run bash gradlew :app:testDebugUnitTest :app:assembleDebug --console=plain	2026-10-08T08:04:40.3795339Z w: file:///home/runner/work/utopia/utopia/apps/android/app/src/main/java/city/utopia/control/AutoZoomCaptureActivity.kt:24:31 'val isZoomSupported: Boolean' is deprecated. Deprecated in Java.
android	Run bash gradlew :app:testDebugUnitTest :app:assembleDebug --console=plain	2026-10-08T08:04:40.3809845Z w: file:///home/runner/work/utopia/utopia/apps/android/app/src/main/java/city/utopia/control/AutoZoomCaptureActivity.kt:24:59 'val zoomRatios: (Mutable)List<Int!>!' is deprecated. Deprecated in Java.
android	Run bash gradlew :app:testDebugUnitTest :app:assembleDebug --console=plain	2026-10-08T08:04:40.3815421Z w: file:///home/runner/work/utopia/utopia/apps/android/app/src/main/java/city/utopia/control/AutoZoomCaptureActivity.kt:25:51 'val maxZoom: Int' is deprecated. Deprecated in Java.
android	Run bash gradlew :app:testDebugUnitTest :app:assembleDebug --console=plain	2026-10-08T08:04:40.3820520Z w: file:///home/runner/work/utopia/utopia/apps/android/app/src/main/java/city/utopia/control/AutoZoomCaptureActivity.kt:27:48 'var zoom: Int' is deprecated. Deprecated in Java.
android	Run bash gradlew :app:testDebugUnitTest :app:assembleDebug --console=plain	2026-10-08T08:04:40.3824779Z w: file:///home/runner/work/utopia/utopia/apps/android/app/src/main/java/city/utopia/control/AutoZoomCaptureActivity.kt:28:36 'var zoom: Int' is deprecated. Deprecated in Java.
android	Run bash gradlew :app:testDebugUnitTest :app:assembleDebug --console=plain	2026-10-08T08:04:40.3829600Z w: file:///home/runner/work/utopia/utopia/apps/android/app/src/main/java/city/utopia/control/AutoZoomCaptureActivity.kt:31:62 'val isZoomSupported: Boolean' is deprecated. Deprecated in Java.
android	Run bash gradlew :app:testDebugUnitTest :app:assembleDebug --console=plain	2026-10-08T08:04:40.3831587Z w: file:///home/runner/work/utopia/utopia/apps/android/app/src/main/java/city/utopia/control/AutoZoomCaptureActivity.kt:34:36 'var focusMode: String!' is deprecated. Deprecated in Java.
android	Run bash gradlew :app:testDebugUnitTest :app:assembleDebug --console=plain	2026-10-08T08:04:40.3837027Z w: file:///home/runner/work/utopia/utopia/apps/android/app/src/main/java/city/utopia/control/CityDiscovery.kt:31:94 'fun resolveService(p0: NsdServiceInfo!, p1: NsdManager.ResolveListener!): Unit' is deprecated. Deprecated in Java.
android	Run bash gradlew :app:testDebugUnitTest :app:assembleDebug --console=plain	2026-10-08T08:04:40.3839126Z w: file:///home/runner/work/utopia/utopia/apps/android/app/src/main/java/city/utopia/control/CityDiscovery.kt:33:382 'var host: InetAddress!' is deprecated. Deprecated in Java.
android	Run bash gradlew :app:testDebugUnitTest :app:assembleDebug --console=plain	2026-10-08T08:04:40.3844050Z w: file:///home/runner/work/utopia/utopia/apps/android/app/src/main/java/city/utopia/control/Devices.kt:39:66 Java type mismatch: inferred type is 'Nothing?', but 'String' was expected.
android	Run bash gradlew :app:testDebugUnitTest :app:assembleDebug --console=plain	2026-10-08T08:04:40.3846071Z w: file:///home/runner/work/utopia/utopia/apps/android/app/src/main/java/city/utopia/control/Devices.kt:44:58 Java type mismatch: inferred type is 'Nothing?', but 'String' was expected.
android	Run bash gradlew :app:testDebugUnitTest :app:assembleDebug --console=plain	2026-10-08T08:04:40.3850113Z w: file:///home/runner/work/utopia/utopia/apps/android/app/src/main/java/city/utopia/control/MainActivity.kt:181:389 Only safe (?.) or non-null asserted (!!.) calls are allowed on a nullable receiver of type 'Any?'.
android	Run bash gradlew :app:testDebugUnitTest :app:assembleDebug --console=plain	2026-10-08T08:04:40.3859854Z w: file:///home/runner/work/utopia/utopia/apps/android/app/src/main/java/city/utopia/control/MainActivity.kt:181:495 Only safe (?.) or non-null asserted (!!.) calls are allowed on a nullable receiver of type 'Any?'.
android	Run bash gradlew :app:testDebugUnitTest :app:assembleDebug --console=plain	2026-10-08T08:04:40.4798925Z 
android	Run bash gradlew :app:testDebugUnitTest :app:assembleDebug --console=plain	2026-10-08T08:04:40.4829444Z > Task :app:compileDebugJavaWithJavac NO-SOURCE
android	Run bash gradlew :app:testDebugUnitTest :app:assembleDebug --console=plain	2026-10-08T08:04:40.5821804Z > Task :app:processDebugJavaRes
android	Run bash gradlew :app:testDebugUnitTest :app:assembleDebug --console=plain	2026-10-08T08:04:40.5822732Z > Task :app:bundleDebugClassesToCompileJar
android	Run bash gradlew :app:testDebugUnitTest :app:assembleDebug --console=plain	2026-10-08T08:04:40.5828571Z > Task :app:bundleDebugClassesToRuntimeJar
android	Run bash gradlew :app:testDebugUnitTest :app:assembleDebug --console=plain	2026-10-08T08:04:46.9797746Z > Task :app:dexBuilderDebug
android	Run bash gradlew :app:testDebugUnitTest :app:assembleDebug --console=plain	2026-10-08T08:04:47.6799411Z > Task :app:mergeDebugGlobalSynthetics
android	Run bash gradlew :app:testDebugUnitTest :app:assembleDebug --console=plain	2026-10-08T08:04:48.5809469Z > Task :app:mergeProjectDexDebug
android	Run bash gradlew :app:testDebugUnitTest :app:assembleDebug --console=plain	2026-10-08T08:04:49.0811067Z > Task :app:mergeDebugJavaResource
android	Run bash gradlew :app:testDebugUnitTest :app:assembleDebug --console=plain	2026-10-08T08:04:50.1809444Z > Task :app:packageDebug
android	Run bash gradlew :app:testDebugUnitTest :app:assembleDebug --console=plain	2026-10-08T08:04:50.1836494Z > Task :app:createDebugApkListingFileRedirect
android	Run bash gradlew :app:testDebugUnitTest :app:assembleDebug --console=plain	2026-10-08T08:04:50.1838852Z > Task :app:assembleDebug
android	Run bash gradlew :app:testDebugUnitTest :app:assembleDebug --console=plain	2026-10-08T08:04:50.9822111Z > Task :app:compileDebugUnitTestKotlin
android	Run bash gradlew :app:testDebugUnitTest :app:assembleDebug --console=plain	2026-10-08T08:04:50.9829781Z > Task :app:compileDebugUnitTestJavaWithJavac NO-SOURCE
android	Run bash gradlew :app:testDebugUnitTest :app:assembleDebug --console=plain	2026-10-08T08:04:51.0793457Z > Task :app:processDebugUnitTestJavaRes
android	Run bash gradlew :app:testDebugUnitTest :app:assembleDebug --console=plain	2026-10-08T08:04:52.4795121Z > Task :app:testDebugUnitTest
android	Run bash gradlew :app:testDebugUnitTest :app:assembleDebug --console=plain	2026-10-08T08:04:52.4800047Z gradle/actions: Writing build results to /home/runner/work/_temp/.gradle-actions/build-results/__run_2-1791446638195.json
android	Run bash gradlew :app:testDebugUnitTest :app:assembleDebug --console=plain	2026-10-08T08:04:52.4802027Z 
android	Run bash gradlew :app:testDebugUnitTest :app:assembleDebug --console=plain	2026-10-08T08:04:52.4802508Z BUILD SUCCESSFUL in 1m
android	Run bash gradlew :app:testDebugUnitTest :app:assembleDebug --console=plain	2026-10-08T08:04:52.4803287Z 41 actionable tasks: 41 executed
android	Run actions/upload-artifact@v4	﻿2026-10-08T08:04:52.8723303Z ##[group]Run actions/upload-artifact@v4
android	Run actions/upload-artifact@v4	2026-10-08T08:04:52.8723676Z with:
android	Run actions/upload-artifact@v4	2026-10-08T08:04:52.8723926Z   name: utopia-debug-apk
android	Run actions/upload-artifact@v4	2026-10-08T08:04:52.8724297Z   path: apps/android/app/build/outputs/apk/debug/app-debug.apk
android	Run actions/upload-artifact@v4	2026-10-08T08:04:52.8724698Z   if-no-files-found: warn
android	Run actions/upload-artifact@v4	2026-10-08T08:04:52.8724978Z   compression-level: 6
android	Run actions/upload-artifact@v4	2026-10-08T08:04:52.8725246Z   overwrite: false
android	Run actions/upload-artifact@v4	2026-10-08T08:04:52.8725508Z   include-hidden-files: false
android	Run actions/upload-artifact@v4	2026-10-08T08:04:52.8725788Z env:
android	Run actions/upload-artifact@v4	2026-10-08T08:04:52.8726130Z   JAVA_HOME: /opt/hostedtoolcache/Java_Temurin-Hotspot_jdk/21.0.12-1/x64
android	Run actions/upload-artifact@v4	2026-10-08T08:04:52.8726836Z   JAVA_HOME_21_X64: /opt/hostedtoolcache/Java_Temurin-Hotspot_jdk/21.0.12-1/x64
android	Run actions/upload-artifact@v4	2026-10-08T08:04:52.8727292Z   ANDROID_HOME: /usr/local/lib/android/sdk
android	Run actions/upload-artifact@v4	2026-10-08T08:04:52.8727643Z   ANDROID_SDK_ROOT: /usr/local/lib/android/sdk
android	Run actions/upload-artifact@v4	2026-10-08T08:04:52.8728008Z   GRADLE_ACTION_ID: gradle/actions/setup-gradle
android	Run actions/upload-artifact@v4	2026-10-08T08:04:52.8728778Z   GRADLE_USER_HOME: /home/runner/.gradle
android	Run actions/upload-artifact@v4	2026-10-08T08:04:52.8729209Z   GRADLE_BUILD_ACTION_SETUP_COMPLETED: true
android	Run actions/upload-artifact@v4	2026-10-08T08:04:52.8729586Z   GRADLE_BUILD_ACTION_CACHE_RESTORED: true
android	Run actions/upload-artifact@v4	2026-10-08T08:04:52.8730071Z   DEVELOCITY_INJECTION_INIT_SCRIPT_NAME: gradle-actions.inject-develocity.init.gradle
android	Run actions/upload-artifact@v4	2026-10-08T08:04:52.8730597Z   DEVELOCITY_INJECTION_CUSTOM_VALUE: gradle-actions
android	Run actions/upload-artifact@v4	2026-10-08T08:04:52.8730966Z   GITHUB_DEPENDENCY_GRAPH_ENABLED: false
android	Run actions/upload-artifact@v4	2026-10-08T08:04:52.8731286Z ##[endgroup]
android	Run actions/upload-artifact@v4	2026-10-08T08:04:53.0372706Z (node:2896) [DEP0040] DeprecationWarning: The `punycode` module is deprecated. Please use a userland alternative instead.
android	Run actions/upload-artifact@v4	2026-10-08T08:04:53.0374360Z (Use `node --trace-deprecation ...` to show where the warning was created)
android	Run actions/upload-artifact@v4	2026-10-08T08:04:53.0421281Z With the provided path, there will be 1 file uploaded
android	Run actions/upload-artifact@v4	2026-10-08T08:04:53.0428300Z Artifact name is valid!
android	Run actions/upload-artifact@v4	2026-10-08T08:04:53.0429580Z Root directory input is valid!
android	Run actions/upload-artifact@v4	2026-10-08T08:04:53.4083052Z Beginning upload of artifact content to blob storage
android	Run actions/upload-artifact@v4	2026-10-08T08:04:53.6857573Z (node:2896) [DEP0169] DeprecationWarning: `url.parse()` behavior is not standardized and prone to errors that have security implications. Use the WHATWG URL API instead. CVEs are not issued for `url.parse()` vulnerabilities.
android	Run actions/upload-artifact@v4	2026-10-08T08:04:54.7225105Z Uploaded bytes 8388608
android	Run actions/upload-artifact@v4	2026-10-08T08:04:54.8349911Z Uploaded bytes 10260245
android	Run actions/upload-artifact@v4	2026-10-08T08:04:54.9192779Z Finished uploading artifact content to blob storage!
android	Run actions/upload-artifact@v4	2026-10-08T08:04:54.9194231Z SHA256 digest of uploaded artifact zip is a74236e2e0b7edaf207296e3d91164bb5f0502cc972f626ef01efde8790db2bf
android	Run actions/upload-artifact@v4	2026-10-08T08:04:54.9195424Z Finalizing artifact upload
android	Run actions/upload-artifact@v4	2026-10-08T08:04:55.1536185Z Artifact utopia-debug-apk.zip successfully finalized. Artifact ID 11536272136
android	Run actions/upload-artifact@v4	2026-10-08T08:04:55.1537837Z Artifact utopia-debug-apk has been successfully uploaded! Final size is 10260245 bytes. Artifact ID is 11536272136
android	Run actions/upload-artifact@v4	2026-10-08T08:04:55.1544018Z Artifact download URL: https://github.com/zhiheng-zhang-Mera/utopia/actions/runs/37747311973/artifacts/11536272136
android	Post Run gradle/actions/setup-gradle@v4	﻿2026-10-08T08:04:55.1786355Z Post job cleanup.
android	Post Run gradle/actions/setup-gradle@v4	2026-10-08T08:04:55.4164953Z In post-action step
android	Post Run gradle/actions/setup-gradle@v4	2026-10-08T08:04:55.4179239Z ##[group]Stopping Gradle daemons
android	Post Run gradle/actions/setup-gradle@v4	2026-10-08T08:04:55.4181238Z Stopping Gradle daemons for /home/runner/.gradle/wrapper/dists/gradle-8.14.3-bin/cv11ve7ro1n3o1j4so8xd9n66/gradle-8.14.3
android	Post Run gradle/actions/setup-gradle@v4	2026-10-08T08:04:55.4198923Z [command]/home/runner/.gradle/wrapper/dists/gradle-8.14.3-bin/cv11ve7ro1n3o1j4so8xd9n66/gradle-8.14.3/bin/gradle --stop
android	Post Run gradle/actions/setup-gradle@v4	2026-10-08T08:04:56.1534486Z Stopping Daemon(s)
android	Post Run gradle/actions/setup-gradle@v4	2026-10-08T08:04:56.1557239Z 1 Daemon stopped
android	Post Run gradle/actions/setup-gradle@v4	2026-10-08T08:04:56.1799215Z ##[endgroup]
android	Post Run gradle/actions/setup-gradle@v4	2026-10-08T08:04:56.1840812Z ##[warning]Gradle wrapper script '/home/runner/work/utopia/utopia/apps/android/gradlew' is not executable. Action will set executable permission and continue.
android	Post Run gradle/actions/setup-gradle@v4	2026-10-08T08:04:56.1858106Z ##[group]Provision Gradle >= 8.14.3
android	Post Run gradle/actions/setup-gradle@v4	2026-10-08T08:05:01.1362447Z Gradle version 9.8.0 is available at /usr/bin/gradle and >= 8.14.3. Not installing.
android	Post Run gradle/actions/setup-gradle@v4	2026-10-08T08:05:01.1363810Z ##[endgroup]
android	Post Run gradle/actions/setup-gradle@v4	2026-10-08T08:05:01.1366845Z ##[group]Executing Gradle to clean up caches
android	Post Run gradle/actions/setup-gradle@v4	2026-10-08T08:05:01.1367445Z Cleaning up caches last used before 1791446625209
android	Post Run gradle/actions/setup-gradle@v4	2026-10-08T08:05:01.1370404Z [command]/usr/bin/gradle -g /home/runner/.gradle -I init.gradle --info --no-daemon --no-scan --build-cache -DGITHUB_DEPENDENCY_GRAPH_ENABLED=false -DGRADLE_ACTIONS_SKIP_BUILD_RESULT_CAPTURE=true noop
android	Post Run gradle/actions/setup-gradle@v4	2026-10-08T08:05:01.5350002Z Initialized native services in: /home/runner/.gradle/native
android	Post Run gradle/actions/setup-gradle@v4	2026-10-08T08:05:01.5372662Z Initialized jansi services in: /home/runner/.gradle/native
android	Post Run gradle/actions/setup-gradle@v4	2026-10-08T08:05:01.7688730Z The current JVM process isn't compatible with build requirement. The maximum heap size is insufficient.
android	Post Run gradle/actions/setup-gradle@v4	2026-10-08T08:05:01.7689882Z 
android	Post Run gradle/actions/setup-gradle@v4	2026-10-08T08:05:01.9691707Z To honour the JVM settings for this build a single-use Daemon process will be forked. For more on this, please refer to https://docs.gradle.org/9.8.0/userguide/gradle_daemon.html#sec:disabling_the_daemon in the Gradle documentation.
android	Post Run gradle/actions/setup-gradle@v4	2026-10-08T08:05:01.9721067Z Starting process 'Gradle build daemon'. Working directory: /home/runner/.gradle/daemon/9.8.0 Command: /usr/lib/jvm/temurin-21-jdk-amd64/bin/java --add-opens=java.base/java.lang=ALL-UNNAMED --add-opens=java.base/java.lang.invoke=ALL-UNNAMED --add-opens=java.base/java.util=ALL-UNNAMED --add-opens=java.prefs/java.util.prefs=ALL-UNNAMED --add-exports=jdk.compiler/com.sun.tools.javac.api=ALL-UNNAMED --add-exports=jdk.compiler/com.sun.tools.javac.util=ALL-UNNAMED --add-opens=java.base/java.nio.charset=ALL-UNNAMED --add-opens=java.base/java.net=ALL-UNNAMED --add-opens=java.base/java.util.concurrent=ALL-UNNAMED --add-opens=java.base/java.util.concurrent.atomic=ALL-UNNAMED --add-opens=java.xml/javax.xml.namespace=ALL-UNNAMED --add-opens=java.base/java.time=ALL-UNNAMED -XX:MaxMetaspaceSize=384m -XX:+HeapDumpOnOutOfMemoryError -Xms256m -Xmx512m -Dfile.encoding=UTF-8 -Duser.country -Duser.language=en -Duser.variant -cp /usr/share/gradle-9.8.0/lib/gradle-daemon-main-9.8.0.jar -javaagent:/usr/share/gradle-9.8.0/lib/agents/gradle-instrumentation-agent-9.8.0.jar org.gradle.launcher.daemon.bootstrap.GradleDaemon 9.8.0
android	Post Run gradle/actions/setup-gradle@v4	2026-10-08T08:05:01.9729521Z Successfully started process 'Gradle build daemon'
android	Post Run gradle/actions/setup-gradle@v4	2026-10-08T08:05:06.6687750Z An attempt to start the daemon took 4.723 secs.
android	Post Run gradle/actions/setup-gradle@v4	2026-10-08T08:05:06.7687144Z The client will now receive all logging from the daemon (pid: 3038). The daemon log file: /home/runner/.gradle/daemon/9.8.0/daemon-3038.out.log
android	Post Run gradle/actions/setup-gradle@v4	2026-10-08T08:05:06.7690436Z Daemon will be stopped at the end of the build 
android	Post Run gradle/actions/setup-gradle@v4	2026-10-08T08:05:07.7687959Z Using 4 worker leases.
android	Post Run gradle/actions/setup-gradle@v4	2026-10-08T08:05:07.9721915Z Operational build model parameters: {cachingModelBuilding=false, configurationCache=false, configurationCacheDisabledReason=null, configurationCacheParallelLoad=false, configurationCacheParallelStore=false, configureOnDemand=false, invalidateCoupledProjects=false, isolatedProjects=false, isolatedProjectsDiagnostics=false, isolatedProjectsDangerouslyIgnoreProblems=false, modelAsProjectDependency=false, modelBuilding=false, parallelModelBuilding=false, parallelProjectConfiguration=false, parallelProjectExecution=false, vintage=true}
android	Post Run gradle/actions/setup-gradle@v4	2026-10-08T08:05:08.8693327Z Received JVM installation metadata from '/usr/lib/jvm/temurin-21-jdk-amd64': {JAVA_HOME=/usr/lib/jvm/temurin-21-jdk-amd64, JAVA_VERSION=21.0.12.1, JAVA_VENDOR=Eclipse Adoptium, RUNTIME_NAME=OpenJDK Runtime Environment, RUNTIME_VERSION=21.0.12.1+1-LTS, VM_NAME=OpenJDK 64-Bit Server VM, VM_VERSION=21.0.12.1+1-LTS, VM_VENDOR=Eclipse Adoptium, OS_ARCH=amd64}
android	Post Run gradle/actions/setup-gradle@v4	2026-10-08T08:05:09.2690115Z Watching the file system is configured to be enabled if available
android	Post Run gradle/actions/setup-gradle@v4	2026-10-08T08:05:09.2691553Z Now considering [/home/runner/work/_temp/dummy-cleanup-project] as hierarchies to watch
android	Post Run gradle/actions/setup-gradle@v4	2026-10-08T08:05:09.2692448Z File system watching is active
android	Post Run gradle/actions/setup-gradle@v4	2026-10-08T08:05:09.9686861Z Caching disabled for Groovy DSL script compilation (cp_init) because:
android	Post Run gradle/actions/setup-gradle@v4	2026-10-08T08:05:09.9688046Z   Build cache is disabled
android	Post Run gradle/actions/setup-gradle@v4	2026-10-08T08:05:09.9688971Z   Not worth caching.
android	Post Run gradle/actions/setup-gradle@v4	2026-10-08T08:05:09.9689897Z Compiling initialization script '/home/runner/work/_temp/dummy-cleanup-project/init.gradle' using SubsetScriptTransformer.
android	Post Run gradle/actions/setup-gradle@v4	2026-10-08T08:05:10.9686005Z Caching disabled for Groovy DSL script compilation (init) because:
android	Post Run gradle/actions/setup-gradle@v4	2026-10-08T08:05:10.9686705Z   Build cache is disabled
android	Post Run gradle/actions/setup-gradle@v4	2026-10-08T08:05:10.9687096Z   Not worth caching.
android	Post Run gradle/actions/setup-gradle@v4	2026-10-08T08:05:10.9687990Z Compiling initialization script '/home/runner/work/_temp/dummy-cleanup-project/init.gradle' using BuildScriptTransformer.
android	Post Run gradle/actions/setup-gradle@v4	2026-10-08T08:05:11.5710727Z gradle/actions: Not capturing build results
android	Post Run gradle/actions/setup-gradle@v4	2026-10-08T08:05:11.7686590Z Starting Build
android	Post Run gradle/actions/setup-gradle@v4	2026-10-08T08:05:11.8689412Z Settings evaluated using settings file '/home/runner/work/_temp/dummy-cleanup-project/settings.gradle'.
android	Post Run gradle/actions/setup-gradle@v4	2026-10-08T08:05:11.8722787Z Using local directory build cache for the root build (location = /home/runner/.gradle/caches/build-cache-1, remove unused entries = older than 2026-10-08 08:03:45 UTC).
android	Post Run gradle/actions/setup-gradle@v4	2026-10-08T08:05:12.0689114Z Projects loaded. Root project using build file '/home/runner/work/_temp/dummy-cleanup-project/build.gradle'.
android	Post Run gradle/actions/setup-gradle@v4	2026-10-08T08:05:12.0694875Z Included projects: [root project 'dummy-cleanup-project']
android	Post Run gradle/actions/setup-gradle@v4	2026-10-08T08:05:12.3686328Z 
android	Post Run gradle/actions/setup-gradle@v4	2026-10-08T08:05:12.3702864Z > Configure project :
android	Post Run gradle/actions/setup-gradle@v4	2026-10-08T08:05:12.3704526Z Evaluating root project 'dummy-cleanup-project' using build file '/home/runner/work/_temp/dummy-cleanup-project/build.gradle'.
android	Post Run gradle/actions/setup-gradle@v4	2026-10-08T08:05:12.3705930Z All projects evaluated.
android	Post Run gradle/actions/setup-gradle@v4	2026-10-08T08:05:12.3706645Z Task name matched 'noop'
android	Post Run gradle/actions/setup-gradle@v4	2026-10-08T08:05:12.3707468Z Selected primary task 'noop' from project :
android	Post Run gradle/actions/setup-gradle@v4	2026-10-08T08:05:12.4694061Z Tasks to be executed: [task ':noop']
android	Post Run gradle/actions/setup-gradle@v4	2026-10-08T08:05:12.4695399Z Tasks that were excluded: []
android	Post Run gradle/actions/setup-gradle@v4	2026-10-08T08:05:12.4696519Z Resolve mutations for :noop (Thread[#51,Execution worker,5,main]) started.
android	Post Run gradle/actions/setup-gradle@v4	2026-10-08T08:05:12.4697682Z :noop (Thread[#51,Execution worker,5,main]) started.
android	Post Run gradle/actions/setup-gradle@v4	2026-10-08T08:05:12.4698597Z 
android	Post Run gradle/actions/setup-gradle@v4	2026-10-08T08:05:12.4699035Z > Task :noop UP-TO-DATE
android	Post Run gradle/actions/setup-gradle@v4	2026-10-08T08:05:12.4699822Z Skipping task ':noop' as it has no actions.
android	Post Run gradle/actions/setup-gradle@v4	2026-10-08T08:05:12.5706389Z 
android	Post Run gradle/actions/setup-gradle@v4	2026-10-08T08:05:12.5707332Z BUILD SUCCESSFUL in 11s
android	Post Run gradle/actions/setup-gradle@v4	2026-10-08T08:05:12.5709449Z Consider enabling configuration cache to speed up this build: https://docs.gradle.org/9.8.0/userguide/configuration_cache_enabling.html
android	Post Run gradle/actions/setup-gradle@v4	2026-10-08T08:05:12.5711651Z Build cache (/home/runner/.gradle/caches/build-cache-1) removing files not accessed on or after Thu Oct 08 08:03:45 UTC 2026.
android	Post Run gradle/actions/setup-gradle@v4	2026-10-08T08:05:12.5713409Z Build cache (/home/runner/.gradle/caches/build-cache-1) cleanup deleted 0 files/directories.
android	Post Run gradle/actions/setup-gradle@v4	2026-10-08T08:05:12.5714818Z Build cache (/home/runner/.gradle/caches/build-cache-1) cleaned up in 0.002 secs.
android	Post Run gradle/actions/setup-gradle@v4	2026-10-08T08:05:12.5716168Z jars (/home/runner/.gradle/caches/jars-9) cleanup deleted 0 files/directories.
android	Post Run gradle/actions/setup-gradle@v4	2026-10-08T08:05:12.5717836Z jars (/home/runner/.gradle/caches/jars-9) removing files not accessed on or after Thu Oct 08 08:03:45 UTC 2026.
android	Post Run gradle/actions/setup-gradle@v4	2026-10-08T08:05:12.5719623Z jars (/home/runner/.gradle/caches/jars-9) cleanup deleted 1 files/directories.
android	Post Run gradle/actions/setup-gradle@v4	2026-10-08T08:05:12.5720901Z jars (/home/runner/.gradle/caches/jars-9) cleaned up in 0.011 secs.
android	Post Run gradle/actions/setup-gradle@v4	2026-10-08T08:05:12.5722210Z groovy-dsl removing files not accessed on or after Thu Oct 08 08:03:45 UTC 2026.
android	Post Run gradle/actions/setup-gradle@v4	2026-10-08T08:05:12.5724138Z groovy-dsl cleanup deleted 4 files/directories.
android	Post Run gradle/actions/setup-gradle@v4	2026-10-08T08:05:12.6702550Z groovy-dsl cleaned up in 0.019 secs.
android	Post Run gradle/actions/setup-gradle@v4	2026-10-08T08:05:12.6703834Z artifact cache (/home/runner/.gradle/caches/modules-2) cleanup deleted 0 files/directories.
android	Post Run gradle/actions/setup-gradle@v4	2026-10-08T08:05:12.6724390Z artifact cache (/home/runner/.gradle/caches/modules-2) [subdir: /home/runner/.gradle/caches/modules-2/resources-2.1] cleanup deleted 0 files/directories.
android	Post Run gradle/actions/setup-gradle@v4	2026-10-08T08:05:12.6730358Z artifact cache (/home/runner/.gradle/caches/modules-2) [subdir: /home/runner/.gradle/caches/modules-2/resources-2.1] removing files not accessed on or after Thu Oct 08 08:03:45 UTC 2026.
android	Post Run gradle/actions/setup-gradle@v4	2026-10-08T08:05:12.6733256Z artifact cache (/home/runner/.gradle/caches/modules-2) [subdir: /home/runner/.gradle/caches/modules-2/resources-2.1] cleanup deleted 0 files/directories.
android	Post Run gradle/actions/setup-gradle@v4	2026-10-08T08:05:12.6735794Z artifact cache (/home/runner/.gradle/caches/modules-2) [subdir: /home/runner/.gradle/caches/modules-2/files-2.1] cleanup deleted 0 files/directories.
android	Post Run gradle/actions/setup-gradle@v4	2026-10-08T08:05:12.6738697Z artifact cache (/home/runner/.gradle/caches/modules-2) [subdir: /home/runner/.gradle/caches/modules-2/files-2.1] removing files not accessed on or after Thu Oct 08 08:03:45 UTC 2026.
android	Post Run gradle/actions/setup-gradle@v4	2026-10-08T08:05:12.6741353Z artifact cache (/home/runner/.gradle/caches/modules-2) [subdir: /home/runner/.gradle/caches/modules-2/files-2.1] cleanup deleted 0 files/directories.
android	Post Run gradle/actions/setup-gradle@v4	2026-10-08T08:05:12.6743854Z artifact cache (/home/runner/.gradle/caches/modules-2) [subdir: /home/runner/.gradle/caches/modules-2/metadata-2.107] cleanup deleted 0 files/directories.
android	Post Run gradle/actions/setup-gradle@v4	2026-10-08T08:05:12.6746187Z artifact cache (/home/runner/.gradle/caches/modules-2) cleanup deleted 0 files/directories.
android	Post Run gradle/actions/setup-gradle@v4	2026-10-08T08:05:12.6747674Z artifact cache (/home/runner/.gradle/caches/modules-2) cleaned up in 0.073 secs.
android	Post Run gradle/actions/setup-gradle@v4	2026-10-08T08:05:12.7631381Z ##[endgroup]
android	Post Run gradle/actions/setup-gradle@v4	2026-10-08T08:05:12.7631955Z ##[group]Caching Gradle state
android	Post Run gradle/actions/setup-gradle@v4	2026-10-08T08:05:13.1278738Z [command]/usr/bin/tar --posix -cf cache.tzst --exclude cache.tzst -P -C /home/runner/work/utopia/utopia --files-from manifest.txt --use-compress-program zstdmt
android	Post Run gradle/actions/setup-gradle@v4	2026-10-08T08:05:13.1395568Z [command]/usr/bin/tar --posix -cf cache.tzst --exclude cache.tzst -P -C /home/runner/work/utopia/utopia --files-from manifest.txt --use-compress-program zstdmt
android	Post Run gradle/actions/setup-gradle@v4	2026-10-08T08:05:13.1803959Z [command]/usr/bin/tar --posix -cf cache.tzst --exclude cache.tzst -P -C /home/runner/work/utopia/utopia --files-from manifest.txt --use-compress-program zstdmt
android	Post Run gradle/actions/setup-gradle@v4	2026-10-08T08:05:13.8296003Z Sent 122940 of 122940 (100.0%), 0.3 MBs/sec
android	Post Run gradle/actions/setup-gradle@v4	2026-10-08T08:05:13.9235830Z Sent 193314 of 193314 (100.0%), 0.4 MBs/sec
android	Post Run gradle/actions/setup-gradle@v4	2026-10-08T08:05:13.9302205Z Sent 100693 of 100693 (100.0%), 0.2 MBs/sec
android	Post Run gradle/actions/setup-gradle@v4	2026-10-08T08:05:14.1083168Z Saved cache entry with key gradle-instrumented-jars-v1-5235bc79ace6d56d8edbc8cb22be18c7 from /home/runner/.gradle/caches/jars-*/*/ in 1009ms
android	Post Run gradle/actions/setup-gradle@v4	2026-10-08T08:05:14.1435911Z [command]/usr/bin/tar --posix -cf cache.tzst --exclude cache.tzst -P -C /home/runner/work/utopia/utopia --files-from manifest.txt --use-compress-program zstdmt
android	Post Run gradle/actions/setup-gradle@v4	2026-10-08T08:05:14.1700831Z Saved cache entry with key gradle-groovy-dsl-v1-f560e01204c8b78e8f9fedf913abca73 from /home/runner/.gradle/caches/*/groovy-dsl/*/ in 1031ms
android	Post Run gradle/actions/setup-gradle@v4	2026-10-08T08:05:14.2124437Z Saved cache entry with key gradle-kotlin-dsl-v1-d943b1b253f277f4ae03d5825a8f279a from /home/runner/.gradle/caches/*/kotlin-dsl/accessors/*/,/home/runner/.gradle/caches/*/kotlin-dsl/scripts/*/ in 1097ms
android	Post Run gradle/actions/setup-gradle@v4	2026-10-08T08:05:16.6156766Z Sent 3946067 of 138163795 (2.9%), 3.8 MBs/sec
android	Post Run gradle/actions/setup-gradle@v4	2026-10-08T08:05:17.6160532Z Sent 3946067 of 138163795 (2.9%), 1.9 MBs/sec
android	Post Run gradle/actions/setup-gradle@v4	2026-10-08T08:05:18.0397490Z Sent 138163795 of 138163795 (100.0%), 54.4 MBs/sec
android	Post Run gradle/actions/setup-gradle@v4	2026-10-08T08:05:18.3287793Z Saved cache entry with key gradle-transforms-v1-a91418232ddf36fab849e287ba5673ef from /home/runner/.gradle/caches/transforms-4/*/,/home/runner/.gradle/caches/*/transforms/*/ in 4736ms
android	Post Run gradle/actions/setup-gradle@v4	2026-10-08T08:05:19.0237287Z [command]/usr/bin/tar --posix -cf cache.tzst --exclude cache.tzst -P -C /home/runner/work/utopia/utopia --files-from manifest.txt --use-compress-program zstdmt
android	Post Run gradle/actions/setup-gradle@v4	2026-10-08T08:05:19.8980525Z Sent 713569 of 713569 (100.0%), 1.2 MBs/sec
android	Post Run gradle/actions/setup-gradle@v4	2026-10-08T08:05:20.1607182Z Saved cache entry with key gradle-home-v1|Linux-X64|android[1b8766f93310b93e84da98e473f7fc1d]-944f47dd6c7e18b3388b6d769dbbb6dddbe74f00 from /home/runner/.gradle/caches,/home/runner/.gradle/notifications,/home/runner/.gradle/.setup-gradle in 1148ms
android	Post Run gradle/actions/setup-gradle@v4	2026-10-08T08:05:20.1610203Z ##[endgroup]
android	Post Run gradle/actions/setup-gradle@v4	2026-10-08T08:05:20.1617319Z Generating Job Summary
android	Post Run gradle/actions/setup-gradle@v4	2026-10-08T08:05:20.1631843Z Completed post-action step
android	Post Run actions/setup-java@v4	﻿2026-10-08T08:05:20.1881178Z Post job cleanup.
android	Post Run actions/setup-java@v4	2026-10-08T08:05:20.3198114Z (node:3147) [DEP0040] DeprecationWarning: The `punycode` module is deprecated. Please use a userland alternative instead.
android	Post Run actions/setup-java@v4	2026-10-08T08:05:20.3199914Z (Use `node --trace-deprecation ...` to show where the warning was created)
android	Post Run actions/checkout@v4	﻿2026-10-08T08:05:20.3448009Z Post job cleanup.
android	Post Run actions/checkout@v4	2026-10-08T08:05:20.4372849Z [command]/usr/bin/git version
android	Post Run actions/checkout@v4	2026-10-08T08:05:20.4414490Z git version 2.55.0
android	Post Run actions/checkout@v4	2026-10-08T08:05:20.4456072Z Temporarily overriding HOME='/home/runner/work/_temp/abf53b58-2f6b-48a3-aa26-5e0a17996a91' before making global git config changes
android	Post Run actions/checkout@v4	2026-10-08T08:05:20.4460093Z Adding repository directory to the temporary git global config as a safe directory
android	Post Run actions/checkout@v4	2026-10-08T08:05:20.4463236Z [command]/usr/bin/git config --global --add safe.directory /home/runner/work/utopia/utopia
android	Post Run actions/checkout@v4	2026-10-08T08:05:20.4513946Z [command]/usr/bin/git config --local --name-only --get-regexp core\.sshCommand
android	Post Run actions/checkout@v4	2026-10-08T08:05:20.4551114Z [command]/usr/bin/git submodule foreach --recursive sh -c "git config --local --name-only --get-regexp 'core\.sshCommand' && git config --local --unset-all 'core.sshCommand' || :"
android	Post Run actions/checkout@v4	2026-10-08T08:05:20.4856866Z [command]/usr/bin/git config --local --name-only --get-regexp http\.https\:\/\/github\.com\/\.extraheader
android	Post Run actions/checkout@v4	2026-10-08T08:05:20.4885681Z http.https://github.com/.extraheader
android	Post Run actions/checkout@v4	2026-10-08T08:05:20.4898041Z [command]/usr/bin/git config --local --unset-all http.https://github.com/.extraheader
android	Post Run actions/checkout@v4	2026-10-08T08:05:20.4933893Z [command]/usr/bin/git submodule foreach --recursive sh -c "git config --local --name-only --get-regexp 'http\.https\:\/\/github\.com\/\.extraheader' && git config --local --unset-all 'http.https://github.com/.extraheader' || :"
android	Post Run actions/checkout@v4	2026-10-08T08:05:20.5191866Z [command]/usr/bin/git config --local --name-only --get-regexp ^includeIf\.gitdir:
android	Post Run actions/checkout@v4	2026-10-08T08:05:20.5233151Z [command]/usr/bin/git submodule foreach --recursive git config --local --show-origin --name-only --get-regexp remote.origin.url
android	Complete job	﻿2026-10-08T08:05:20.5629008Z Cleaning up orphan processes
android	Complete job	2026-10-08T08:05:20.5906998Z ##[warning]Node.js 20 is deprecated. The following actions target Node.js 20 but are being forced to run on Node.js 24: actions/checkout@v4, actions/setup-java@v4, actions/upload-artifact@v4, android-actions/setup-android@v3, gradle/actions/setup-gradle@v4. For more information see: https://github.blog/changelog/2025-09-19-deprecation-of-node-20-on-github-actions-runners/
gateway-web	Set up job	﻿2026-10-08T08:03:24.4143598Z Current runner version: '2.337.0'
gateway-web	Set up job	2026-10-08T08:03:24.4191136Z ##[group]Runner Image Provisioner
gateway-web	Set up job	2026-10-08T08:03:24.4192105Z Hosted Compute Agent
gateway-web	Set up job	2026-10-08T08:03:24.4192801Z Version: 20260901.588
gateway-web	Set up job	2026-10-08T08:03:24.4193444Z Commit: f88ec8081b781fac6c440065ac7ff9e710ce3d0b
gateway-web	Set up job	2026-10-08T08:03:24.4194134Z Build Date: 2026-09-01T19:56:44Z
gateway-web	Set up job	2026-10-08T08:03:24.4194781Z Worker ID: {f12b68d2-e792-40a2-8c0e-a329098167eb}
gateway-web	Set up job	2026-10-08T08:03:24.4195467Z Azure Region: southcentralus
gateway-web	Set up job	2026-10-08T08:03:24.4196020Z ##[endgroup]
gateway-web	Set up job	2026-10-08T08:03:24.4197485Z ##[group]Operating System
gateway-web	Set up job	2026-10-08T08:03:24.4198150Z Microsoft Windows Server 2025
gateway-web	Set up job	2026-10-08T08:03:24.4198745Z 10.0.26100
gateway-web	Set up job	2026-10-08T08:03:24.4199278Z Datacenter
gateway-web	Set up job	2026-10-08T08:03:24.4200113Z ##[endgroup]
gateway-web	Set up job	2026-10-08T08:03:24.4200794Z ##[group]Runner Image
gateway-web	Set up job	2026-10-08T08:03:24.4201409Z Image: windows-2025-vs2026
gateway-web	Set up job	2026-10-08T08:03:24.4202410Z Version: 20260925.250.1
gateway-web	Set up job	2026-10-08T08:03:24.4203786Z Included Software: https://github.com/actions/runner-images/blob/win25-vs2026/20260925.250/images/windows/Windows2025-VS2026-Readme.md
gateway-web	Set up job	2026-10-08T08:03:24.4206113Z Image Release: https://github.com/actions/runner-images/releases/tag/win25-vs2026%2F20260925.250
gateway-web	Set up job	2026-10-08T08:03:24.4207690Z ##[endgroup]
gateway-web	Set up job	2026-10-08T08:03:24.4209716Z ##[group]GITHUB_TOKEN Permissions
gateway-web	Set up job	2026-10-08T08:03:24.4213053Z Contents: read
gateway-web	Set up job	2026-10-08T08:03:24.4214356Z Metadata: read
gateway-web	Set up job	2026-10-08T08:03:24.4215638Z Packages: read
gateway-web	Set up job	2026-10-08T08:03:24.4216636Z ##[endgroup]
gateway-web	Set up job	2026-10-08T08:03:24.4220360Z Secret source: Actions
gateway-web	Set up job	2026-10-08T08:03:24.4221839Z Cache mode: write
gateway-web	Set up job	2026-10-08T08:03:24.4223112Z Prepare workflow directory
gateway-web	Set up job	2026-10-08T08:03:24.4614936Z Prepare all required actions
gateway-web	Set up job	2026-10-08T08:03:24.4673056Z Getting action download info
gateway-web	Set up job	2026-10-08T08:03:24.7300483Z Download action repository 'actions/checkout@v4' (SHA:11d5960a326750d5838078e36cf38b85af677262)
gateway-web	Set up job	2026-10-08T08:03:24.8772748Z Download action repository 'actions/setup-node@v4' (SHA:49933ea5288caeca8642d1e84afbd3f7d6820020)
gateway-web	Set up job	2026-10-08T08:03:25.0514594Z Download action repository 'pnpm/action-setup@v4' (SHA:b906affcce14559ad1aafd4ab0e942779e9f58b1)
gateway-web	Set up job	2026-10-08T08:03:25.6658230Z Complete job name: gateway-web
gateway-web	Run actions/checkout@v4	﻿2026-10-08T08:03:25.8220702Z ##[group]Run actions/checkout@v4
gateway-web	Run actions/checkout@v4	2026-10-08T08:03:25.8221757Z with:
gateway-web	Run actions/checkout@v4	2026-10-08T08:03:25.8222145Z   fetch-depth: 0
gateway-web	Run actions/checkout@v4	2026-10-08T08:03:25.8222583Z   repository: zhiheng-zhang-Mera/utopia
gateway-web	Run actions/checkout@v4	2026-10-08T08:03:25.8226392Z   token: ***
gateway-web	Run actions/checkout@v4	2026-10-08T08:03:25.8226784Z   ssh-strict: true
gateway-web	Run actions/checkout@v4	2026-10-08T08:03:25.8227174Z   ssh-user: git
gateway-web	Run actions/checkout@v4	2026-10-08T08:03:25.8227570Z   persist-credentials: true
gateway-web	Run actions/checkout@v4	2026-10-08T08:03:25.8228013Z   clean: true
gateway-web	Run actions/checkout@v4	2026-10-08T08:03:25.8228408Z   sparse-checkout-cone-mode: true
gateway-web	Run actions/checkout@v4	2026-10-08T08:03:25.8228889Z   fetch-tags: false
gateway-web	Run actions/checkout@v4	2026-10-08T08:03:25.8229283Z   show-progress: true
gateway-web	Run actions/checkout@v4	2026-10-08T08:03:25.8229677Z   lfs: false
gateway-web	Run actions/checkout@v4	2026-10-08T08:03:25.8230040Z   submodules: false
gateway-web	Run actions/checkout@v4	2026-10-08T08:03:25.8230436Z   set-safe-directory: true
gateway-web	Run actions/checkout@v4	2026-10-08T08:03:25.8230894Z   allow-unsafe-pr-checkout: false
gateway-web	Run actions/checkout@v4	2026-10-08T08:03:25.8231583Z ##[endgroup]
gateway-web	Run actions/checkout@v4	2026-10-08T08:03:25.9707135Z Syncing repository: zhiheng-zhang-Mera/utopia
gateway-web	Run actions/checkout@v4	2026-10-08T08:03:25.9709163Z ##[group]Getting Git version info
gateway-web	Run actions/checkout@v4	2026-10-08T08:03:25.9709908Z Working directory is 'D:\a\utopia\utopia'
gateway-web	Run actions/checkout@v4	2026-10-08T08:03:26.0741744Z [command]"C:\Program Files\Git\bin\git.exe" version
gateway-web	Run actions/checkout@v4	2026-10-08T08:03:26.4928510Z git version 2.55.0.windows.5
gateway-web	Run actions/checkout@v4	2026-10-08T08:03:26.4981900Z ##[endgroup]
gateway-web	Run actions/checkout@v4	2026-10-08T08:03:26.5004309Z Temporarily overriding HOME='D:\a\_temp\91785e63-9596-4f38-9ad6-b723427652db' before making global git config changes
gateway-web	Run actions/checkout@v4	2026-10-08T08:03:26.5007677Z Adding repository directory to the temporary git global config as a safe directory
gateway-web	Run actions/checkout@v4	2026-10-08T08:03:26.5017919Z [command]"C:\Program Files\Git\bin\git.exe" config --global --add safe.directory D:\a\utopia\utopia
gateway-web	Run actions/checkout@v4	2026-10-08T08:03:26.5865541Z Deleting the contents of 'D:\a\utopia\utopia'
gateway-web	Run actions/checkout@v4	2026-10-08T08:03:26.5871836Z ##[group]Initializing the repository
gateway-web	Run actions/checkout@v4	2026-10-08T08:03:26.5880419Z [command]"C:\Program Files\Git\bin\git.exe" init D:\a\utopia\utopia
gateway-web	Run actions/checkout@v4	2026-10-08T08:03:26.7024448Z Initialized empty Git repository in D:/a/utopia/utopia/.git/
gateway-web	Run actions/checkout@v4	2026-10-08T08:03:26.7075378Z [command]"C:\Program Files\Git\bin\git.exe" remote add origin https://github.com/zhiheng-zhang-Mera/utopia
gateway-web	Run actions/checkout@v4	2026-10-08T08:03:26.7739685Z ##[endgroup]
gateway-web	Run actions/checkout@v4	2026-10-08T08:03:26.7741007Z ##[group]Disabling automatic garbage collection
gateway-web	Run actions/checkout@v4	2026-10-08T08:03:26.7749313Z [command]"C:\Program Files\Git\bin\git.exe" config --local gc.auto 0
gateway-web	Run actions/checkout@v4	2026-10-08T08:03:26.8116018Z ##[endgroup]
gateway-web	Run actions/checkout@v4	2026-10-08T08:03:26.8117984Z ##[group]Setting up auth
gateway-web	Run actions/checkout@v4	2026-10-08T08:03:26.8129515Z [command]"C:\Program Files\Git\bin\git.exe" config --local --name-only --get-regexp core\.sshCommand
gateway-web	Run actions/checkout@v4	2026-10-08T08:03:26.8453219Z [command]"C:\Program Files\Git\bin\git.exe" submodule foreach --recursive "sh -c \"git config --local --name-only --get-regexp 'core\.sshCommand' && git config --local --unset-all 'core.sshCommand' || :\""
gateway-web	Run actions/checkout@v4	2026-10-08T08:03:28.3379403Z [command]"C:\Program Files\Git\bin\git.exe" config --local --name-only --get-regexp http\.https\:\/\/github\.com\/\.extraheader
gateway-web	Run actions/checkout@v4	2026-10-08T08:03:28.3686633Z [command]"C:\Program Files\Git\bin\git.exe" submodule foreach --recursive "sh -c \"git config --local --name-only --get-regexp 'http\.https\:\/\/github\.com\/\.extraheader' && git config --local --unset-all 'http.https://github.com/.extraheader' || :\""
gateway-web	Run actions/checkout@v4	2026-10-08T08:03:28.9574321Z [command]"C:\Program Files\Git\bin\git.exe" config --local --name-only --get-regexp ^includeIf\.gitdir:
gateway-web	Run actions/checkout@v4	2026-10-08T08:03:28.9904582Z [command]"C:\Program Files\Git\bin\git.exe" submodule foreach --recursive "git config --local --show-origin --name-only --get-regexp remote.origin.url"
gateway-web	Run actions/checkout@v4	2026-10-08T08:03:29.5458245Z [command]"C:\Program Files\Git\bin\git.exe" config --local http.https://github.com/.extraheader "AUTHORIZATION: basic ***"
gateway-web	Run actions/checkout@v4	2026-10-08T08:03:29.5783660Z ##[endgroup]
gateway-web	Run actions/checkout@v4	2026-10-08T08:03:29.5784575Z ##[group]Fetching the repository
gateway-web	Run actions/checkout@v4	2026-10-08T08:03:29.5797274Z [command]"C:\Program Files\Git\bin\git.exe" -c protocol.version=2 fetch --prune --no-recurse-submodules origin +refs/heads/*:refs/remotes/origin/* +refs/tags/*:refs/tags/*
gateway-web	Run actions/checkout@v4	2026-10-08T08:03:32.0761978Z From https://github.com/zhiheng-zhang-Mera/utopia
gateway-web	Run actions/checkout@v4	2026-10-08T08:03:32.0768175Z  * [new branch]      4-in-1-REX+PCF+CHK+DGX    -> origin/4-in-1-REX+PCF+CHK+DGX
gateway-web	Run actions/checkout@v4	2026-10-08T08:03:32.0769633Z  * [new branch]      feat/city-owner-remote-operation -> origin/feat/city-owner-remote-operation
gateway-web	Run actions/checkout@v4	2026-10-08T08:03:32.0771348Z  * [new branch]      feat/rex-programme-final-android-intent-20261008 -> origin/feat/rex-programme-final-android-intent-20261008
gateway-web	Run actions/checkout@v4	2026-10-08T08:03:32.0772869Z  * [new branch]      main                      -> origin/main
gateway-web	Run actions/checkout@v4	2026-10-08T08:03:32.0773940Z  * [new branch]      review/REX-890-Alien-20261008 -> origin/review/REX-890-Alien-20261008
gateway-web	Run actions/checkout@v4	2026-10-08T08:03:32.0775321Z  * [new tag]         archive/2026-10-04/codex/city-members-host-roles -> archive/2026-10-04/codex/city-members-host-roles
gateway-web	Run actions/checkout@v4	2026-10-08T08:03:32.0776926Z  * [new tag]         archive/2026-10-04/codex/city-names-host-preflight -> archive/2026-10-04/codex/city-names-host-preflight
gateway-web	Run actions/checkout@v4	2026-10-08T08:03:32.0778422Z  * [new tag]         archive/2026-10-04/codex/pairing-discovery-ux -> archive/2026-10-04/codex/pairing-discovery-ux
gateway-web	Run actions/checkout@v4	2026-10-08T08:03:32.0780072Z  * [new tag]         archive/2026-10-04/codex/single-host-city-remote-login -> archive/2026-10-04/codex/single-host-city-remote-login
gateway-web	Run actions/checkout@v4	2026-10-08T08:03:32.0781888Z  * [new tag]         archive/2026-10-04/evidence/MESH-301-mech-receipts -> archive/2026-10-04/evidence/MESH-301-mech-receipts
gateway-web	Run actions/checkout@v4	2026-10-08T08:03:32.0783627Z  * [new tag]         archive/2026-10-04/feat/launcher-and-shareable-invite -> archive/2026-10-04/feat/launcher-and-shareable-invite
gateway-web	Run actions/checkout@v4	2026-10-08T08:03:32.0785378Z  * [new tag]         archive/2026-10-04/feat/primary-city-and-connect-entry -> archive/2026-10-04/feat/primary-city-and-connect-entry
gateway-web	Run actions/checkout@v4	2026-10-08T08:03:32.0787193Z  * [new tag]         archive/2026-10-04/fix/device-pilot-harness-integration -> archive/2026-10-04/fix/device-pilot-harness-integration
gateway-web	Run actions/checkout@v4	2026-10-08T08:03:32.0790288Z  * [new tag]         archive/2026-10-04/fix/device-pilot-process-identity -> archive/2026-10-04/fix/device-pilot-process-identity
gateway-web	Run actions/checkout@v4	2026-10-08T08:03:32.0791874Z  * [new tag]         archive/2026-10-04/fix/device-pilot-route-from-source -> archive/2026-10-04/fix/device-pilot-route-from-source
gateway-web	Run actions/checkout@v4	2026-10-08T08:03:32.0792918Z  * [new tag]         archive/2026-10-04/integration/alien-codex-history-20261004 -> archive/2026-10-04/integration/alien-codex-history-20261004
gateway-web	Run actions/checkout@v4	2026-10-08T08:03:32.0794482Z  * [new tag]         archive/2026-10-04/integration/join-502-nearby -> archive/2026-10-04/integration/join-502-nearby
gateway-web	Run actions/checkout@v4	2026-10-08T08:03:32.0795434Z  * [new tag]         archive/2026-10-04/join/JOIN-501-pairing-session-lifecycle -> archive/2026-10-04/join/JOIN-501-pairing-session-lifecycle
gateway-web	Run actions/checkout@v4	2026-10-08T08:03:32.0796984Z  * [new tag]         archive/2026-10-04/join/JOIN-502-nearby-discovery-approval -> archive/2026-10-04/join/JOIN-502-nearby-discovery-approval
gateway-web	Run actions/checkout@v4	2026-10-08T08:03:32.0798249Z  * [new tag]         archive/2026-10-04/join/JOIN-503-device-enrollment-and-tokenless-reconnect -> archive/2026-10-04/join/JOIN-503-device-enrollment-and-tokenless-reconnect
gateway-web	Run actions/checkout@v4	2026-10-08T08:03:32.0799893Z  * [new tag]         archive/2026-10-04/join/JOIN-503-edenrollment-repair -> archive/2026-10-04/join/JOIN-503-edenrollment-repair
gateway-web	Run actions/checkout@v4	2026-10-08T08:03:32.0801175Z  * [new tag]         archive/2026-10-04/mesh/MESH-301-three-end -> archive/2026-10-04/mesh/MESH-301-three-end
gateway-web	Run actions/checkout@v4	2026-10-08T08:03:32.0802228Z  * [new tag]         archive/2026-10-04/review/JOIN-501-mech-formal-review -> archive/2026-10-04/review/JOIN-501-mech-formal-review
gateway-web	Run actions/checkout@v4	2026-10-08T08:03:32.0803597Z  * [new tag]         archive/2026-10-04/review/JOIN-502-alien-formal-review -> archive/2026-10-04/review/JOIN-502-alien-formal-review
gateway-web	Run actions/checkout@v4	2026-10-08T08:03:32.0805193Z  * [new tag]         archive/2026-10-04/review/JOIN-503-mech-formal-review -> archive/2026-10-04/review/JOIN-503-mech-formal-review
gateway-web	Run actions/checkout@v4	2026-10-08T08:03:32.0806690Z  * [new tag]         archive/2026-10-04/review/MESH-301-mech-formal-review -> archive/2026-10-04/review/MESH-301-mech-formal-review
gateway-web	Run actions/checkout@v4	2026-10-08T08:03:32.0808500Z  * [new tag]         archive/2026-10-04/rs/RS-201-dynamic-ai-pool -> archive/2026-10-04/rs/RS-201-dynamic-ai-pool
gateway-web	Run actions/checkout@v4	2026-10-08T08:03:32.0811167Z  * [new tag]         archive/2026-10-04/rs/RS-202-multi-device-concurrency -> archive/2026-10-04/rs/RS-202-multi-device-concurrency
gateway-web	Run actions/checkout@v4	2026-10-08T08:03:32.0812935Z  * [new tag]         archive/2026-10-04/rs/RS-203-cross-device-return-recovery -> archive/2026-10-04/rs/RS-203-cross-device-return-recovery
gateway-web	Run actions/checkout@v4	2026-10-08T08:03:32.0814738Z  * [new tag]         archive/2026-10-04/rs/RS-290-scheduling-baseline-freeze -> archive/2026-10-04/rs/RS-290-scheduling-baseline-freeze
gateway-web	Run actions/checkout@v4	2026-10-08T08:03:32.0816431Z  * [new tag]         archive/2026-10-04/ui/UI-000-visual-direction-candidates -> archive/2026-10-04/ui/UI-000-visual-direction-candidates
gateway-web	Run actions/checkout@v4	2026-10-08T08:03:32.0817843Z  * [new tag]         archive/2026-10-04/ui/UI-101-web-product-shell -> archive/2026-10-04/ui/UI-101-web-product-shell
gateway-web	Run actions/checkout@v4	2026-10-08T08:03:32.0819320Z  * [new tag]         archive/2026-10-04/ui/UI-102-android-product-shell -> archive/2026-10-04/ui/UI-102-android-product-shell
gateway-web	Run actions/checkout@v4	2026-10-08T08:03:32.0820896Z  * [new tag]         archive/2026-10-04/ui/UI-103-rooms-visual-unification -> archive/2026-10-04/ui/UI-103-rooms-visual-unification
gateway-web	Run actions/checkout@v4	2026-10-08T08:03:32.0821959Z  * [new tag]         archive/2026-10-04/ui/UI-190-ui-baseline-freeze -> archive/2026-10-04/ui/UI-190-ui-baseline-freeze
gateway-web	Run actions/checkout@v4	2026-10-08T08:03:32.0822901Z  * [new tag]         archive/2026-10-04/uxi/UXI-301-scheduler-status-into-product-ui -> archive/2026-10-04/uxi/UXI-301-scheduler-status-into-product-ui
gateway-web	Run actions/checkout@v4	2026-10-08T08:03:32.0823948Z  * [new tag]         archive/2026-10-04/uxi/UXI-390-final-product-acceptance -> archive/2026-10-04/uxi/UXI-390-final-product-acceptance
gateway-web	Run actions/checkout@v4	2026-10-08T08:03:32.0824927Z  * [new tag]         archive/2026-10-04/uxi/UXI-391-remote-handoff-closeout -> archive/2026-10-04/uxi/UXI-391-remote-handoff-closeout
gateway-web	Run actions/checkout@v4	2026-10-08T08:03:32.0826185Z  * [new tag]         archive/2026-10-05/fix/Alien-codex-host-inventory-retry -> archive/2026-10-05/fix/Alien-codex-host-inventory-retry
gateway-web	Run actions/checkout@v4	2026-10-08T08:03:32.0827227Z  * [new tag]         archive/2026-10-05/fix/Alien-codex-pairing-city-neutral-lockout -> archive/2026-10-05/fix/Alien-codex-pairing-city-neutral-lockout
gateway-web	Run actions/checkout@v4	2026-10-08T08:03:32.0828413Z  * [new tag]         archive/BA-001            -> archive/BA-001
gateway-web	Run actions/checkout@v4	2026-10-08T08:03:32.0828915Z  * [new tag]         archive/BA-002            -> archive/BA-002
gateway-web	Run actions/checkout@v4	2026-10-08T08:03:32.0829489Z  * [new tag]         archive/BA-003            -> archive/BA-003
gateway-web	Run actions/checkout@v4	2026-10-08T08:03:32.0830331Z  * [new tag]         archive/BA-004            -> archive/BA-004
gateway-web	Run actions/checkout@v4	2026-10-08T08:03:32.0830787Z  * [new tag]         archive/BA-005            -> archive/BA-005
gateway-web	Run actions/checkout@v4	2026-10-08T08:03:32.0831193Z  * [new tag]         archive/BA-006            -> archive/BA-006
gateway-web	Run actions/checkout@v4	2026-10-08T08:03:32.0831650Z  * [new tag]         archive/BA-007            -> archive/BA-007
gateway-web	Run actions/checkout@v4	2026-10-08T08:03:32.0832269Z  * [new tag]         archive/BA-008            -> archive/BA-008
gateway-web	Run actions/checkout@v4	2026-10-08T08:03:32.0833390Z  * [new tag]         archive/BA-009            -> archive/BA-009
gateway-web	Run actions/checkout@v4	2026-10-08T08:03:32.0834360Z  * [new tag]         archive/EM-001            -> archive/EM-001
gateway-web	Run actions/checkout@v4	2026-10-08T08:03:32.0834796Z  * [new tag]         archive/EM-002            -> archive/EM-002
gateway-web	Run actions/checkout@v4	2026-10-08T08:03:32.0835278Z  * [new tag]         archive/EM-003            -> archive/EM-003
gateway-web	Run actions/checkout@v4	2026-10-08T08:03:32.0835698Z  * [new tag]         archive/EM-004            -> archive/EM-004
gateway-web	Run actions/checkout@v4	2026-10-08T08:03:32.0836106Z  * [new tag]         archive/EM-005            -> archive/EM-005
gateway-web	Run actions/checkout@v4	2026-10-08T08:03:32.0836535Z  * [new tag]         archive/EM-006            -> archive/EM-006
gateway-web	Run actions/checkout@v4	2026-10-08T08:03:32.0836951Z  * [new tag]         archive/EM-007            -> archive/EM-007
gateway-web	Run actions/checkout@v4	2026-10-08T08:03:32.0837384Z  * [new tag]         archive/EM-008            -> archive/EM-008
gateway-web	Run actions/checkout@v4	2026-10-08T08:03:32.0837812Z  * [new tag]         archive/EM-009            -> archive/EM-009
gateway-web	Run actions/checkout@v4	2026-10-08T08:03:32.0838292Z  * [new tag]         archive/EM-010            -> archive/EM-010
gateway-web	Run actions/checkout@v4	2026-10-08T08:03:32.0838740Z  * [new tag]         archive/EM-011            -> archive/EM-011
gateway-web	Run actions/checkout@v4	2026-10-08T08:03:32.0839376Z  * [new tag]         archive/EM-012            -> archive/EM-012
gateway-web	Run actions/checkout@v4	2026-10-08T08:03:32.0839806Z  * [new tag]         archive/EM-013            -> archive/EM-013
gateway-web	Run actions/checkout@v4	2026-10-08T08:03:32.0840235Z  * [new tag]         archive/GAI-001           -> archive/GAI-001
gateway-web	Run actions/checkout@v4	2026-10-08T08:03:32.0840659Z  * [new tag]         archive/GAI-002           -> archive/GAI-002
gateway-web	Run actions/checkout@v4	2026-10-08T08:03:32.0841109Z  * [new tag]         archive/GAI-003           -> archive/GAI-003
gateway-web	Run actions/checkout@v4	2026-10-08T08:03:32.0841528Z  * [new tag]         archive/GAI-004           -> archive/GAI-004
gateway-web	Run actions/checkout@v4	2026-10-08T08:03:32.0841992Z  * [new tag]         archive/GAI-005           -> archive/GAI-005
gateway-web	Run actions/checkout@v4	2026-10-08T08:03:32.0842411Z  * [new tag]         archive/GAI-006           -> archive/GAI-006
gateway-web	Run actions/checkout@v4	2026-10-08T08:03:32.0842803Z  * [new tag]         archive/GAI-007           -> archive/GAI-007
gateway-web	Run actions/checkout@v4	2026-10-08T08:03:32.0920271Z  * [new tag]         archive/GAI-008           -> archive/GAI-008
gateway-web	Run actions/checkout@v4	2026-10-08T08:03:32.0921164Z  * [new tag]         archive/GAI-009           -> archive/GAI-009
gateway-web	Run actions/checkout@v4	2026-10-08T08:03:32.0921931Z  * [new tag]         archive/RF-001            -> archive/RF-001
gateway-web	Run actions/checkout@v4	2026-10-08T08:03:32.0922569Z  * [new tag]         archive/RF-002            -> archive/RF-002
gateway-web	Run actions/checkout@v4	2026-10-08T08:03:32.0923187Z  * [new tag]         archive/RF-003            -> archive/RF-003
gateway-web	Run actions/checkout@v4	2026-10-08T08:03:32.0923829Z  * [new tag]         archive/RF-004            -> archive/RF-004
gateway-web	Run actions/checkout@v4	2026-10-08T08:03:32.0924447Z  * [new tag]         archive/RF-005            -> archive/RF-005
gateway-web	Run actions/checkout@v4	2026-10-08T08:03:32.0925030Z  * [new tag]         archive/RF-006            -> archive/RF-006
gateway-web	Run actions/checkout@v4	2026-10-08T08:03:32.0925667Z  * [new tag]         archive/RF-007            -> archive/RF-007
gateway-web	Run actions/checkout@v4	2026-10-08T08:03:32.0926322Z  * [new tag]         archive/RF-008            -> archive/RF-008
gateway-web	Run actions/checkout@v4	2026-10-08T08:03:32.0927737Z  * [new tag]         archive/RF-009            -> archive/RF-009
gateway-web	Run actions/checkout@v4	2026-10-08T08:03:32.0928387Z  * [new tag]         archive/RF-010            -> archive/RF-010
gateway-web	Run actions/checkout@v4	2026-10-08T08:03:32.0929264Z  * [new tag]         archive/alien/capability-bridge-v0.3 -> archive/alien/capability-bridge-v0.3
gateway-web	Run actions/checkout@v4	2026-10-08T08:03:32.0930523Z  * [new tag]         archive/alien/v0.3-hardening-repair -> archive/alien/v0.3-hardening-repair
gateway-web	Run actions/checkout@v4	2026-10-08T08:03:32.0931158Z  * [new tag]         archive/alien/wave2-repair-v1 -> archive/alien/wave2-repair-v1
gateway-web	Run actions/checkout@v4	2026-10-08T08:03:32.0931774Z  * [new tag]         archive/alien/wave3-theme-build -> archive/alien/wave3-theme-build
gateway-web	Run actions/checkout@v4	2026-10-08T08:03:32.0932875Z  * [new tag]         archive/codex/alien-device-center-connectivity-v0.2 -> archive/codex/alien-device-center-connectivity-v0.2
gateway-web	Run actions/checkout@v4	2026-10-08T08:03:32.0933558Z  * [new tag]         archive/codex/product-v0  -> archive/codex/product-v0
gateway-web	Run actions/checkout@v4	2026-10-08T08:03:32.0934440Z  * [new tag]         archive/docs/v02-acceptance-links -> archive/docs/v02-acceptance-links
gateway-web	Run actions/checkout@v4	2026-10-08T08:03:32.0935199Z  * [new tag]         archive/infra/mission-evolution-bootstrap -> archive/infra/mission-evolution-bootstrap
gateway-web	Run actions/checkout@v4	2026-10-08T08:03:32.0935895Z  * [new tag]         archive/mech/city-implementation-v1 -> archive/mech/city-implementation-v1
gateway-web	Run actions/checkout@v4	2026-10-08T08:03:32.0936497Z  * [new tag]         archive/mech/d9-theme-builder -> archive/mech/d9-theme-builder
gateway-web	Run actions/checkout@v4	2026-10-08T08:03:32.0937478Z  * [new tag]         archive/mech/donor-document-intake-v1 -> archive/mech/donor-document-intake-v1
gateway-web	Run actions/checkout@v4	2026-10-08T08:03:32.0938519Z  * [new tag]         archive/mech/donor-knowledge-core-v1 -> archive/mech/donor-knowledge-core-v1
gateway-web	Run actions/checkout@v4	2026-10-08T08:03:32.0939447Z  * [new tag]         archive/mech/donor-skill-intake-v1 -> archive/mech/donor-skill-intake-v1
gateway-web	Run actions/checkout@v4	2026-10-08T08:03:32.0940024Z  * [new tag]         archive/mech/donor-theme-engine-v1 -> archive/mech/donor-theme-engine-v1
gateway-web	Run actions/checkout@v4	2026-10-08T08:03:32.0940546Z  * [new tag]         archive/mech/knowledge-room-k0 -> archive/mech/knowledge-room-k0
gateway-web	Run actions/checkout@v4	2026-10-08T08:03:32.0941089Z  * [new tag]         archive/mech/room-incubation-v1 -> archive/mech/room-incubation-v1
gateway-web	Run actions/checkout@v4	2026-10-08T08:03:32.0941557Z  * [new tag]         archive/mech/room-pack-v1 -> archive/mech/room-pack-v1
gateway-web	Run actions/checkout@v4	2026-10-08T08:03:32.0942316Z  * [new tag]         archive/mech/wave1-closeout-repair -> archive/mech/wave1-closeout-repair
gateway-web	Run actions/checkout@v4	2026-10-08T08:03:32.0942867Z  * [new tag]         archive/mech/wave3-road-activation -> archive/mech/wave3-road-activation
gateway-web	Run actions/checkout@v4	2026-10-08T08:03:32.0943346Z  * [new tag]         archive/mech/web-i18n-v1  -> archive/mech/web-i18n-v1
gateway-web	Run actions/checkout@v4	2026-10-08T08:03:32.0943907Z  * [new tag]         archive/merge/butler-assistant-integration -> archive/merge/butler-assistant-integration
gateway-web	Run actions/checkout@v4	2026-10-08T08:03:32.0944643Z  * [new tag]         archive/merge/engineering-manager-integration -> archive/merge/engineering-manager-integration
gateway-web	Run actions/checkout@v4	2026-10-08T08:03:32.0945379Z  * [new tag]         archive/merge/general-ai-gateway-integration -> archive/merge/general-ai-gateway-integration
gateway-web	Run actions/checkout@v4	2026-10-08T08:03:32.0946069Z  * [new tag]         archive/merge/remote-fabric-integration -> archive/merge/remote-fabric-integration
gateway-web	Run actions/checkout@v4	2026-10-08T08:03:32.0947002Z  * [new tag]         archive/mission/MB-001-core-os -> archive/mission/MB-001-core-os
gateway-web	Run actions/checkout@v4	2026-10-08T08:03:32.0947612Z  * [new tag]         archive/mission/MB-002-capability-fabric -> archive/mission/MB-002-capability-fabric
gateway-web	Run actions/checkout@v4	2026-10-08T08:03:32.0948235Z  * [new tag]         archive/mission/MB-003-worker-gateway -> archive/mission/MB-003-worker-gateway
gateway-web	Run actions/checkout@v4	2026-10-08T08:03:32.0948870Z  * [new tag]         archive/mission/MB-004-project-foreman -> archive/mission/MB-004-project-foreman
gateway-web	Run actions/checkout@v4	2026-10-08T08:03:32.0949461Z  * [new tag]         archive/mission/MB-005-host-health -> archive/mission/MB-005-host-health
gateway-web	Run actions/checkout@v4	2026-10-08T08:03:32.0950043Z  * [new tag]         archive/mission/MB-006-restart-recovery -> archive/mission/MB-006-restart-recovery
gateway-web	Run actions/checkout@v4	2026-10-08T08:03:32.0950675Z  * [new tag]         archive/mission/MB-007-research-institute -> archive/mission/MB-007-research-institute
gateway-web	Run actions/checkout@v4	2026-10-08T08:03:32.0952122Z  * [new tag]         archive/mission/MB-008-computer-use -> archive/mission/MB-008-computer-use
gateway-web	Run actions/checkout@v4	2026-10-08T08:03:32.0953193Z  * [new tag]         archive/mission/MB-009-theme-relocation -> archive/mission/MB-009-theme-relocation
gateway-web	Run actions/checkout@v4	2026-10-08T08:03:32.0953834Z  * [new tag]         archive/mission/MB-010-node-fabric -> archive/mission/MB-010-node-fabric
gateway-web	Run actions/checkout@v4	2026-10-08T08:03:32.0954353Z  * [new tag]         archive/mission/MB-011-customs -> archive/mission/MB-011-customs
gateway-web	Run actions/checkout@v4	2026-10-08T08:03:32.0955123Z  * [new tag]         archive/mission/MB-012-runtime-compliance -> archive/mission/MB-012-runtime-compliance
gateway-web	Run actions/checkout@v4	2026-10-08T08:03:32.0956177Z  * [new tag]         archive/product/upt-pre-assistant-closeout -> archive/product/upt-pre-assistant-closeout
gateway-web	Run actions/checkout@v4	2026-10-08T08:03:32.0956915Z  * [new tag]         archive/repair/MB-007-owner-override-finalize -> archive/repair/MB-007-owner-override-finalize
gateway-web	Run actions/checkout@v4	2026-10-08T08:03:32.0958301Z  * [new tag]         retired/2026-10-07/feat-mech-join-worker-without-node-token -> retired/2026-10-07/feat-mech-join-worker-without-node-token
gateway-web	Run actions/checkout@v4	2026-10-08T08:03:32.0959343Z  * [new tag]         retired/2026-10-07/integration-MON-accepted-head-mech-preflight -> retired/2026-10-07/integration-MON-accepted-head-mech-preflight
gateway-web	Run actions/checkout@v4	2026-10-08T08:03:32.0960332Z  * [new tag]         retired/2026-10-07/integration-REX-803-804-mech-preflight -> retired/2026-10-07/integration-REX-803-804-mech-preflight
gateway-web	Run actions/checkout@v4	2026-10-08T08:03:32.0961426Z  * [new tag]         retired/2026-10-07/integration-REX-803-804-mech-preflight-with-evidence-repair -> retired/2026-10-07/integration-REX-803-804-mech-preflight-with-evidence-repair
gateway-web	Run actions/checkout@v4	2026-10-08T08:03:32.0962558Z  * [new tag]         retired/2026-10-07/integration-REX-805-candidate-mech-preflight -> retired/2026-10-07/integration-REX-805-candidate-mech-preflight
gateway-web	Run actions/checkout@v4	2026-10-08T08:03:32.0963545Z  * [new tag]         retired/2026-10-07/integration-REX-805-repaired-mech-preflight -> retired/2026-10-07/integration-REX-805-repaired-mech-preflight
gateway-web	Run actions/checkout@v4	2026-10-08T08:03:32.0964574Z  * [new tag]         retired/2026-10-07/integration-REX-accepted-heads-mech-preflight -> retired/2026-10-07/integration-REX-accepted-heads-mech-preflight
gateway-web	Run actions/checkout@v4	2026-10-08T08:03:32.0965825Z  * [new tag]         retired/2026-10-07/integration-REX-accepted-heads-mech-preflight-with-evidence-repair -> retired/2026-10-07/integration-REX-accepted-heads-mech-preflight-with-evidence-repair
gateway-web	Run actions/checkout@v4	2026-10-08T08:03:32.0968138Z  * [new tag]         retired/2026-10-07/mech-standalone-city-lifecycle -> retired/2026-10-07/mech-standalone-city-lifecycle
gateway-web	Run actions/checkout@v4	2026-10-08T08:03:32.0968958Z  * [new tag]         retired/2026-10-07/mon-MON-902-mech-overview-graph -> retired/2026-10-07/mon-MON-902-mech-overview-graph
gateway-web	Run actions/checkout@v4	2026-10-08T08:03:32.0969757Z  * [new tag]         retired/2026-10-07/mon-MON-903-mech-decision-overlay -> retired/2026-10-07/mon-MON-903-mech-decision-overlay
gateway-web	Run actions/checkout@v4	2026-10-08T08:03:32.0970520Z  * [new tag]         retired/2026-10-07/mon-MON-990-Alien-20261006 -> retired/2026-10-07/mon-MON-990-Alien-20261006
gateway-web	Run actions/checkout@v4	2026-10-08T08:03:32.0971285Z  * [new tag]         retired/2026-10-07/repair-MON-903-mech-honest-metrics -> retired/2026-10-07/repair-MON-903-mech-honest-metrics
gateway-web	Run actions/checkout@v4	2026-10-08T08:03:32.0972267Z  * [new tag]         retired/2026-10-07/repair-MON-903-mech-honest-metrics-on-review-head -> retired/2026-10-07/repair-MON-903-mech-honest-metrics-on-review-head
gateway-web	Run actions/checkout@v4	2026-10-08T08:03:32.0973233Z  * [new tag]         retired/2026-10-07/repair-REX-801-mech-store-guard -> retired/2026-10-07/repair-REX-801-mech-store-guard
gateway-web	Run actions/checkout@v4	2026-10-08T08:03:32.0974205Z  * [new tag]         retired/2026-10-07/repair-REX-804-mech-fault-store-guard-on-current-main -> retired/2026-10-07/repair-REX-804-mech-fault-store-guard-on-current-main
gateway-web	Run actions/checkout@v4	2026-10-08T08:03:32.0975297Z  * [new tag]         retired/2026-10-07/repair-REX-804-mech-test-evidence-outside-repo -> retired/2026-10-07/repair-REX-804-mech-test-evidence-outside-repo
gateway-web	Run actions/checkout@v4	2026-10-08T08:03:32.0976324Z  * [new tag]         retired/2026-10-07/repair-REX-806-mech-exporter-refusal-exit-code -> retired/2026-10-07/repair-REX-806-mech-exporter-refusal-exit-code
gateway-web	Run actions/checkout@v4	2026-10-08T08:03:32.0977524Z  * [new tag]         retired/2026-10-07/repair-WBC-604-mech-profile-persist-first -> retired/2026-10-07/repair-WBC-604-mech-profile-persist-first
gateway-web	Run actions/checkout@v4	2026-10-08T08:03:32.0978633Z  * [new tag]         retired/2026-10-07/repair-WBC-604-mech-profile-persist-first-on-current-main -> retired/2026-10-07/repair-WBC-604-mech-profile-persist-first-on-current-main
gateway-web	Run actions/checkout@v4	2026-10-08T08:03:32.0979811Z  * [new tag]         retired/2026-10-07/repair-capability-bridge-mech-artifact-store-guard -> retired/2026-10-07/repair-capability-bridge-mech-artifact-store-guard
gateway-web	Run actions/checkout@v4	2026-10-08T08:03:32.0980805Z  * [new tag]         retired/2026-10-07/repair-mech-readme-city-install-step -> retired/2026-10-07/repair-mech-readme-city-install-step
gateway-web	Run actions/checkout@v4	2026-10-08T08:03:32.0981592Z  * [new tag]         retired/2026-10-07/review-CEX-701-mech-review -> retired/2026-10-07/review-CEX-701-mech-review
gateway-web	Run actions/checkout@v4	2026-10-08T08:03:32.0982274Z  * [new tag]         retired/2026-10-07/review-CEX-702-mech-review -> retired/2026-10-07/review-CEX-702-mech-review
gateway-web	Run actions/checkout@v4	2026-10-08T08:03:32.0982958Z  * [new tag]         retired/2026-10-07/review-CEX-703-mech-review -> retired/2026-10-07/review-CEX-703-mech-review
gateway-web	Run actions/checkout@v4	2026-10-08T08:03:32.0983643Z  * [new tag]         retired/2026-10-07/review-CEX-704-mech-review -> retired/2026-10-07/review-CEX-704-mech-review
gateway-web	Run actions/checkout@v4	2026-10-08T08:03:32.0984309Z  * [new tag]         retired/2026-10-07/review-CEX-705-mech-review -> retired/2026-10-07/review-CEX-705-mech-review
gateway-web	Run actions/checkout@v4	2026-10-08T08:03:32.0985000Z  * [new tag]         retired/2026-10-07/review-JOIN-590-Alien-codex -> retired/2026-10-07/review-JOIN-590-Alien-codex
gateway-web	Run actions/checkout@v4	2026-10-08T08:03:32.0985688Z  * [new tag]         retired/2026-10-07/review-MON-901-mech-review -> retired/2026-10-07/review-MON-901-mech-review
gateway-web	Run actions/checkout@v4	2026-10-08T08:03:32.0986864Z  * [new tag]         retired/2026-10-07/review-MON-902-Alien-20261006 -> retired/2026-10-07/review-MON-902-Alien-20261006
gateway-web	Run actions/checkout@v4	2026-10-08T08:03:32.0988052Z  * [new tag]         retired/2026-10-07/review-MON-903-Alien-20261006 -> retired/2026-10-07/review-MON-903-Alien-20261006
gateway-web	Run actions/checkout@v4	2026-10-08T08:03:32.0989006Z  * [new tag]         retired/2026-10-07/review-MON-990-Mech-20261006 -> retired/2026-10-07/review-MON-990-Mech-20261006
gateway-web	Run actions/checkout@v4	2026-10-08T08:03:32.0989909Z  * [new tag]         retired/2026-10-07/review-REX-802-mech-review -> retired/2026-10-07/review-REX-802-mech-review
gateway-web	Run actions/checkout@v4	2026-10-08T08:03:32.0990586Z  * [new tag]         retired/2026-10-07/review-REX-804-mech-review -> retired/2026-10-07/review-REX-804-mech-review
gateway-web	Run actions/checkout@v4	2026-10-08T08:03:32.0991331Z  * [new tag]         retired/2026-10-07/review-REX-807-Alien-GPT-20261007 -> retired/2026-10-07/review-REX-807-Alien-GPT-20261007
gateway-web	Run actions/checkout@v4	2026-10-08T08:03:32.0992206Z  * [new tag]         retired/2026-10-07/rex-REX-801-experiment-manifest-registry -> retired/2026-10-07/rex-REX-801-experiment-manifest-registry
gateway-web	Run actions/checkout@v4	2026-10-08T08:03:32.0993061Z  * [new tag]         retired/2026-10-07/rex-REX-803-Alien-codex-scenario -> retired/2026-10-07/rex-REX-803-Alien-codex-scenario
gateway-web	Run actions/checkout@v4	2026-10-08T08:03:32.0993895Z  * [new tag]         retired/2026-10-07/test-mech-startup-store-family-guard -> retired/2026-10-07/test-mech-startup-store-family-guard
gateway-web	Run actions/checkout@v4	2026-10-08T08:03:32.0994583Z  * [new tag]         utopia-donor-wave1-closed-v1 -> utopia-donor-wave1-closed-v1
gateway-web	Run actions/checkout@v4	2026-10-08T08:03:32.0995044Z  * [new tag]         utopia-v0.3-hardening     -> utopia-v0.3-hardening
gateway-web	Run actions/checkout@v4	2026-10-08T08:03:32.0995425Z  * [new tag]         utopia-wave3              -> utopia-wave3
gateway-web	Run actions/checkout@v4	2026-10-08T08:03:32.0995772Z  * [new tag]         v0.1.0-product            -> v0.1.0-product
gateway-web	Run actions/checkout@v4	2026-10-08T08:03:32.0996218Z  * [new tag]         v0.2.0-device-center-connectivity -> v0.2.0-device-center-connectivity
gateway-web	Run actions/checkout@v4	2026-10-08T08:03:32.0997642Z [command]"C:\Program Files\Git\bin\git.exe" branch --list --remote origin/main
gateway-web	Run actions/checkout@v4	2026-10-08T08:03:32.1341124Z   origin/main
gateway-web	Run actions/checkout@v4	2026-10-08T08:03:32.1390755Z [command]"C:\Program Files\Git\bin\git.exe" rev-parse refs/remotes/origin/main
gateway-web	Run actions/checkout@v4	2026-10-08T08:03:32.1671158Z 944f47dd6c7e18b3388b6d769dbbb6dddbe74f00
gateway-web	Run actions/checkout@v4	2026-10-08T08:03:32.1709905Z ##[endgroup]
gateway-web	Run actions/checkout@v4	2026-10-08T08:03:32.1710762Z ##[group]Determining the checkout info
gateway-web	Run actions/checkout@v4	2026-10-08T08:03:32.1711509Z ##[endgroup]
gateway-web	Run actions/checkout@v4	2026-10-08T08:03:32.1720866Z [command]"C:\Program Files\Git\bin\git.exe" sparse-checkout disable
gateway-web	Run actions/checkout@v4	2026-10-08T08:03:32.2146832Z [command]"C:\Program Files\Git\bin\git.exe" config --local --unset-all extensions.worktreeConfig
gateway-web	Run actions/checkout@v4	2026-10-08T08:03:32.2450764Z ##[group]Checking out the ref
gateway-web	Run actions/checkout@v4	2026-10-08T08:03:32.2459768Z [command]"C:\Program Files\Git\bin\git.exe" checkout --progress --force -B main refs/remotes/origin/main
gateway-web	Run actions/checkout@v4	2026-10-08T08:03:33.0553235Z Switched to a new branch 'main'
gateway-web	Run actions/checkout@v4	2026-10-08T08:03:33.0629398Z branch 'main' set up to track 'origin/main'.
gateway-web	Run actions/checkout@v4	2026-10-08T08:03:33.0712617Z ##[endgroup]
gateway-web	Run actions/checkout@v4	2026-10-08T08:03:33.1146640Z [command]"C:\Program Files\Git\bin\git.exe" log -1 --format=%H
gateway-web	Run actions/checkout@v4	2026-10-08T08:03:33.1425595Z 944f47dd6c7e18b3388b6d769dbbb6dddbe74f00
gateway-web	Run actions/setup-node@v4	﻿2026-10-08T08:03:33.1917476Z ##[group]Run actions/setup-node@v4
gateway-web	Run actions/setup-node@v4	2026-10-08T08:03:33.1917823Z with:
gateway-web	Run actions/setup-node@v4	2026-10-08T08:03:33.1918012Z   node-version: 24
gateway-web	Run actions/setup-node@v4	2026-10-08T08:03:33.1918219Z   always-auth: false
gateway-web	Run actions/setup-node@v4	2026-10-08T08:03:33.1918415Z   check-latest: false
gateway-web	Run actions/setup-node@v4	2026-10-08T08:03:33.1920807Z   token: ***
gateway-web	Run actions/setup-node@v4	2026-10-08T08:03:33.1920990Z ##[endgroup]
gateway-web	Run actions/setup-node@v4	2026-10-08T08:03:33.3713270Z Found in cache @ C:\hostedtoolcache\windows\node\24.21.0\x64
gateway-web	Run actions/setup-node@v4	2026-10-08T08:03:33.3722361Z (node:5036) [DEP0040] DeprecationWarning: The `punycode` module is deprecated. Please use a userland alternative instead.
gateway-web	Run actions/setup-node@v4	2026-10-08T08:03:33.3723862Z (Use `node --trace-deprecation ...` to show where the warning was created)
gateway-web	Run actions/setup-node@v4	2026-10-08T08:03:33.3726157Z ##[group]Environment details
gateway-web	Run actions/setup-node@v4	2026-10-08T08:03:38.4502668Z node: v24.21.0
gateway-web	Run actions/setup-node@v4	2026-10-08T08:03:38.4503116Z npm: 11.19.0
gateway-web	Run actions/setup-node@v4	2026-10-08T08:03:38.4503405Z yarn: 1.22.22
gateway-web	Run actions/setup-node@v4	2026-10-08T08:03:38.4505001Z ##[endgroup]
gateway-web	Run pnpm/action-setup@v4	﻿2026-10-08T08:03:38.4849182Z ##[group]Run pnpm/action-setup@v4
gateway-web	Run pnpm/action-setup@v4	2026-10-08T08:03:38.4849523Z with:
gateway-web	Run pnpm/action-setup@v4	2026-10-08T08:03:38.4849699Z   version: 11.19.0
gateway-web	Run pnpm/action-setup@v4	2026-10-08T08:03:38.4849889Z   dest: ~/setup-pnpm
gateway-web	Run pnpm/action-setup@v4	2026-10-08T08:03:38.4850076Z   run_install: null
gateway-web	Run pnpm/action-setup@v4	2026-10-08T08:03:38.4850267Z   cache: false
gateway-web	Run pnpm/action-setup@v4	2026-10-08T08:03:38.4850461Z   cache_dependency_path: pnpm-lock.yaml
gateway-web	Run pnpm/action-setup@v4	2026-10-08T08:03:38.4850737Z   package_json_file: package.json
gateway-web	Run pnpm/action-setup@v4	2026-10-08T08:03:38.4850959Z   standalone: false
gateway-web	Run pnpm/action-setup@v4	2026-10-08T08:03:38.4851157Z ##[endgroup]
gateway-web	Run pnpm/action-setup@v4	2026-10-08T08:03:38.6729032Z ##[group]Running self-installer...
gateway-web	Run pnpm/action-setup@v4	2026-10-08T08:03:39.1635651Z (node:2040) [DEP0169] DeprecationWarning: `url.parse()` behavior is not standardized and prone to errors that have security implications. Use the WHATWG URL API instead. CVEs are not issued for `url.parse()` vulnerabilities.
gateway-web	Run pnpm/action-setup@v4	2026-10-08T08:03:39.1637071Z (Use `node --trace-deprecation ...` to show where the warning was created)
gateway-web	Run pnpm/action-setup@v4	2026-10-08T08:03:39.4032686Z Progress: resolved 1, reused 0, downloaded 0, added 0
gateway-web	Run pnpm/action-setup@v4	2026-10-08T08:03:39.4171987Z Packages: +1
gateway-web	Run pnpm/action-setup@v4	2026-10-08T08:03:39.4177592Z +
gateway-web	Run pnpm/action-setup@v4	2026-10-08T08:03:40.5880381Z Progress: resolved 1, reused 0, downloaded 1, added 0
gateway-web	Run pnpm/action-setup@v4	2026-10-08T08:03:41.3933718Z Progress: resolved 1, reused 0, downloaded 1, added 1, done
gateway-web	Run pnpm/action-setup@v4	2026-10-08T08:03:41.4527546Z 
gateway-web	Run pnpm/action-setup@v4	2026-10-08T08:03:41.4528540Z dependencies:
gateway-web	Run pnpm/action-setup@v4	2026-10-08T08:03:41.4528920Z + pnpm 11.19.0 (12.10.1 is available)
gateway-web	Run pnpm/action-setup@v4	2026-10-08T08:03:41.4529141Z 
gateway-web	Run pnpm/action-setup@v4	2026-10-08T08:03:41.4609938Z Done in 2.5s
gateway-web	Run pnpm/action-setup@v4	2026-10-08T08:03:41.4811075Z ##[endgroup]
gateway-web	Run pnpm/action-setup@v4	2026-10-08T08:03:41.4811918Z Installation Completed!
gateway-web	Run pnpm install --frozen-lockfile	﻿2026-10-08T08:03:41.5178905Z ##[group]Run pnpm install --frozen-lockfile
gateway-web	Run pnpm install --frozen-lockfile	2026-10-08T08:03:41.5179472Z ^[[36;1mpnpm install --frozen-lockfile^[[0m
gateway-web	Run pnpm install --frozen-lockfile	2026-10-08T08:03:41.5808517Z shell: C:\Program Files\PowerShell\7\pwsh.EXE -command ". '{0}'"
gateway-web	Run pnpm install --frozen-lockfile	2026-10-08T08:03:41.5808993Z env:
gateway-web	Run pnpm install --frozen-lockfile	2026-10-08T08:03:41.5809333Z   PNPM_HOME: C:\Users\runneradmin\setup-pnpm\node_modules\.bin
gateway-web	Run pnpm install --frozen-lockfile	2026-10-08T08:03:41.5809752Z ##[endgroup]
gateway-web	Run pnpm install --frozen-lockfile	2026-10-08T08:03:43.4133355Z ? Verifying lockfile against supply-chain policies (39 entries)...
gateway-web	Run pnpm install --frozen-lockfile	2026-10-08T08:03:43.4203412Z Lockfile is up to date, resolution step is skipped
gateway-web	Run pnpm install --frozen-lockfile	2026-10-08T08:03:43.5963002Z Progress: resolved 1, reused 0, downloaded 0, added 0
gateway-web	Run pnpm install --frozen-lockfile	2026-10-08T08:03:43.6125292Z Packages: +38
gateway-web	Run pnpm install --frozen-lockfile	2026-10-08T08:03:43.6129581Z ++++++++++++++++++++++++++++++++++++++
gateway-web	Run pnpm install --frozen-lockfile	2026-10-08T08:03:44.1192282Z Packages are hard linked from the content-addressable store to the virtual store.
gateway-web	Run pnpm install --frozen-lockfile	2026-10-08T08:03:44.1193873Z   Content-addressable store is at: D:\.pnpm-store\v11
gateway-web	Run pnpm install --frozen-lockfile	2026-10-08T08:03:44.1199162Z   Virtual store is at:             node_modules/.pnpm
gateway-web	Run pnpm install --frozen-lockfile	2026-10-08T08:03:44.5050252Z ✓ Lockfile passes supply-chain policies (39 entries in 1s)
gateway-web	Run pnpm install --frozen-lockfile	2026-10-08T08:03:44.5105104Z Progress: resolved 38, reused 0, downloaded 38, added 38, done
gateway-web	Run pnpm install --frozen-lockfile	2026-10-08T08:03:44.5678848Z 
gateway-web	Run pnpm install --frozen-lockfile	2026-10-08T08:03:44.5679402Z dependencies:
gateway-web	Run pnpm install --frozen-lockfile	2026-10-08T08:03:44.5679690Z + bonjour-service 1.4.4
gateway-web	Run pnpm install --frozen-lockfile	2026-10-08T08:03:44.5679921Z + qrcode 1.5.4
gateway-web	Run pnpm install --frozen-lockfile	2026-10-08T08:03:44.5680114Z + ws 8.18.3
gateway-web	Run pnpm install --frozen-lockfile	2026-10-08T08:03:44.5680221Z 
gateway-web	Run pnpm install --frozen-lockfile	2026-10-08T08:03:44.5680553Z devDependencies:
gateway-web	Run pnpm install --frozen-lockfile	2026-10-08T08:03:44.5680918Z + playwright 1.55.1
gateway-web	Run pnpm install --frozen-lockfile	2026-10-08T08:03:44.5681097Z 
gateway-web	Run pnpm install --frozen-lockfile	2026-10-08T08:03:44.5901466Z Done in 2.5s using pnpm v11.19.0
gateway-web	Run pnpm --dir city install --frozen-lockfile	﻿2026-10-08T08:03:44.7894312Z ##[group]Run pnpm --dir city install --frozen-lockfile
gateway-web	Run pnpm --dir city install --frozen-lockfile	2026-10-08T08:03:44.7894836Z ^[[36;1mpnpm --dir city install --frozen-lockfile^[[0m
gateway-web	Run pnpm --dir city install --frozen-lockfile	2026-10-08T08:03:44.7967602Z shell: C:\Program Files\PowerShell\7\pwsh.EXE -command ". '{0}'"
gateway-web	Run pnpm --dir city install --frozen-lockfile	2026-10-08T08:03:44.7967939Z env:
gateway-web	Run pnpm --dir city install --frozen-lockfile	2026-10-08T08:03:44.7968189Z   PNPM_HOME: C:\Users\runneradmin\setup-pnpm\node_modules\.bin
gateway-web	Run pnpm --dir city install --frozen-lockfile	2026-10-08T08:03:44.7968501Z ##[endgroup]
gateway-web	Run pnpm --dir city install --frozen-lockfile	2026-10-08T08:03:45.6362147Z ? Verifying lockfile against supply-chain policies (41 entries)...
gateway-web	Run pnpm --dir city install --frozen-lockfile	2026-10-08T08:03:45.6431314Z Lockfile is up to date, resolution step is skipped
gateway-web	Run pnpm --dir city install --frozen-lockfile	2026-10-08T08:03:45.7143701Z Progress: resolved 1, reused 0, downloaded 0, added 0
gateway-web	Run pnpm --dir city install --frozen-lockfile	2026-10-08T08:03:45.7352958Z Packages: +31
gateway-web	Run pnpm --dir city install --frozen-lockfile	2026-10-08T08:03:45.7354870Z +++++++++++++++++++++++++++++++
gateway-web	Run pnpm --dir city install --frozen-lockfile	2026-10-08T08:03:46.1025724Z Packages are hard linked from the content-addressable store to the virtual store.
gateway-web	Run pnpm --dir city install --frozen-lockfile	2026-10-08T08:03:46.1028130Z   Content-addressable store is at: D:\.pnpm-store\v11
gateway-web	Run pnpm --dir city install --frozen-lockfile	2026-10-08T08:03:46.1031649Z   Virtual store is at:             node_modules/.pnpm
gateway-web	Run pnpm --dir city install --frozen-lockfile	2026-10-08T08:03:46.3748831Z ✓ Lockfile passes supply-chain policies (41 entries in 738ms)
gateway-web	Run pnpm --dir city install --frozen-lockfile	2026-10-08T08:03:46.7180170Z Progress: resolved 31, reused 0, downloaded 30, added 30
gateway-web	Run pnpm --dir city install --frozen-lockfile	2026-10-08T08:03:46.8050028Z Progress: resolved 31, reused 0, downloaded 31, added 31, done
gateway-web	Run pnpm --dir city install --frozen-lockfile	2026-10-08T08:03:46.8557237Z 
gateway-web	Run pnpm --dir city install --frozen-lockfile	2026-10-08T08:03:46.8557856Z dependencies:
gateway-web	Run pnpm --dir city install --frozen-lockfile	2026-10-08T08:03:46.8558455Z + fflate 0.8.3
gateway-web	Run pnpm --dir city install --frozen-lockfile	2026-10-08T08:03:46.8558745Z + mammoth 1.12.2
gateway-web	Run pnpm --dir city install --frozen-lockfile	2026-10-08T08:03:46.8559125Z + pdfjs-dist 6.3.289
gateway-web	Run pnpm --dir city install --frozen-lockfile	2026-10-08T08:03:46.8559439Z + yaml 2.9.0
gateway-web	Run pnpm --dir city install --frozen-lockfile	2026-10-08T08:03:46.8559615Z 
gateway-web	Run pnpm --dir city install --frozen-lockfile	2026-10-08T08:03:46.8721018Z Done in 1.7s using pnpm v11.19.0
gateway-web	Run pnpm test	﻿2026-10-08T08:03:47.0730989Z ##[group]Run pnpm test
gateway-web	Run pnpm test	2026-10-08T08:03:47.0731309Z ^[[36;1mpnpm test^[[0m
gateway-web	Run pnpm test	2026-10-08T08:03:47.0803384Z shell: C:\Program Files\PowerShell\7\pwsh.EXE -command ". '{0}'"
gateway-web	Run pnpm test	2026-10-08T08:03:47.0804009Z env:
gateway-web	Run pnpm test	2026-10-08T08:03:47.0804327Z   PNPM_HOME: C:\Users\runneradmin\setup-pnpm\node_modules\.bin
gateway-web	Run pnpm test	2026-10-08T08:03:47.0804889Z ##[endgroup]
gateway-web	Run pnpm test	2026-10-08T08:03:47.8976537Z $ node --test tests/*.test.mjs
gateway-web	Run pnpm test	2026-10-08T08:03:48.1211831Z ✔ UXI-301 android: the Kotlin term table equals the contract EXACTLY, in both directions (6.9148ms)
gateway-web	Run pnpm test	2026-10-08T08:03:48.1221694Z ✔ UXI-301 android: the Kotlin state and action tables equal the contract (0.562ms)
gateway-web	Run pnpm test	2026-10-08T08:03:48.1245471Z ✔ UXI-301 android: Kotlin severity agrees with the contract class wherever the class carries meaning (0.448ms)
gateway-web	Run pnpm test	2026-10-08T08:03:48.1279633Z ✔ UXI-301 android: the parity guard would actually fail on drift (0.4321ms)
gateway-web	Run pnpm test	2026-10-08T08:03:48.1282330Z ✔ UXI-390: Android action wiring equals the web surface wiring map (2.3242ms)
gateway-web	Run pnpm test	2026-10-08T08:03:48.1423213Z ✔ Android UI evidence parser preserves single-quoted JSON and double-quoted attributes (8.7169ms)
gateway-web	Run pnpm test	2026-10-08T08:03:48.1492288Z ✔ ARTIFACT-TRACE 1: every published trace pointer is backed by a record the package carries (27.1931ms)
gateway-web	Run pnpm test	2026-10-08T08:03:48.1494572Z ✔ ARTIFACT-TRACE 2: the bytes are deterministic, so the same records always give the same file (3.7381ms)
gateway-web	Run pnpm test	2026-10-08T08:03:48.2610059Z ✔ a committed record from one embodiment is visible to another embodiment of the same assistant (5.166ms)
gateway-web	Run pnpm test	2026-10-08T08:03:48.2615381Z ✔ two embodiments keep different local context while sharing one authoritative identity (1.7191ms)
gateway-web	Run pnpm test	2026-10-08T08:03:48.2617984Z ✔ disconnecting one embodiment does not terminate the assistant while another remains (0.7871ms)
gateway-web	Run pnpm test	2026-10-08T08:03:48.2669464Z ✔ embodiment-local transient state never leaks into shared state unless promoted (2.0938ms)
gateway-web	Run pnpm test	2026-10-08T08:03:48.2677896Z ✔ concurrent promotion attempts are settled by revision checks, not last-writer-wins (1.0545ms)
gateway-web	Run pnpm test	2026-10-08T08:03:48.2699203Z ✔ promotion is idempotent and rejects key reuse with a different payload (0.8318ms)
gateway-web	Run pnpm test	2026-10-08T08:03:48.2714845Z ✔ authoritative state never holds user identity, authority or raw secrets (0.8919ms)
gateway-web	Run pnpm test	2026-10-08T08:03:48.2778159Z ✔ disclosure is limited by audience and requested scopes (0.9886ms)
gateway-web	Run pnpm test	2026-10-08T08:03:48.2802219Z ✔ recovery keeps the logical assistant and its durable records across a restart (1.4582ms)
gateway-web	Run pnpm test	2026-10-08T08:03:48.2841000Z ✔ a process restart refuses old sessions and stale local scratch as authority (1.7262ms)
gateway-web	Run pnpm test	2026-10-08T08:03:48.2854285Z ✔ in-process recovery expires live sessions until the device re-fetches authority (1.2665ms)
gateway-web	Run pnpm test	2026-10-08T08:03:48.2863324Z ✔ one expired embodiment does not disturb the other embodiments of the same assistant (0.6068ms)
gateway-web	Run pnpm test	2026-10-08T08:03:48.2867210Z ✔ the assistant profile port is a versioned seam with a deterministic double (1.3895ms)
gateway-web	Run pnpm test	2026-10-08T08:03:48.2871262Z ✔ core contract flags state the one-identity-many-projections invariant (0.3696ms)
gateway-web	Run pnpm test	2026-10-08T08:03:48.2872804Z ✔ authority and user-identity state cannot be promoted under a different spelling (0.8015ms)
gateway-web	Run pnpm test	2026-10-08T08:03:48.2874258Z ✔ a raw secret cannot be promoted under a plural or camelCase spelling (0.3916ms)
gateway-web	Run pnpm test	2026-10-08T08:03:48.2879087Z ✔ an embodiment reference from a previous epoch never names a live embodiment (0.9493ms)
gateway-web	Run pnpm test	2026-10-08T08:03:48.2884087Z ✔ a tampered snapshot cannot install authority, a secret, an unpromotable scope or an unknown audience as truth (2.0049ms)
gateway-web	Run pnpm test	2026-10-08T08:03:48.2888675Z ✔ a retry carrying a different payload is refused, not silently replayed (0.3682ms)
gateway-web	Run pnpm test	2026-10-08T08:03:48.3027788Z ✔ two assistants hold different duties and proactivity over one authorized user context (6.3949ms)
gateway-web	Run pnpm test	2026-10-08T08:03:48.3035882Z ✔ out-of-duty requests are refused or delegated without changing permissions (1.2668ms)
gateway-web	Run pnpm test	2026-10-08T08:03:48.3040863Z ✔ effective permission is the four-axis intersection and a lease never substitutes for it (3.2382ms)
gateway-web	Run pnpm test	2026-10-08T08:03:48.3049347Z ✔ a handoff to a less-privileged assistant stays less privileged (1.2619ms)
gateway-web	Run pnpm test	2026-10-08T08:03:48.3051619Z ✔ permission is recomputed after handoff, device change, reconnect and capability change (1.9257ms)
gateway-web	Run pnpm test	2026-10-08T08:03:48.3053192Z ✔ proactivity levels bound initiative and notification audiences (1.3764ms)
gateway-web	Run pnpm test	2026-10-08T08:03:48.3054484Z ✔ the policy engine is strict, frozen, observable and independent (4.8975ms)
gateway-web	Run pnpm test	2026-10-08T08:03:48.3057668Z ✔ the deployment policy is validated and its ceiling cannot be removed (0.8117ms)
gateway-web	Run pnpm test	2026-10-08T08:03:48.3060736Z ✔ the confirmation floor comes from the deployment policy, not from the assistant (1.1596ms)
gateway-web	Run pnpm test	2026-10-08T08:03:48.3062051Z ✔ notification audiences are a list of references, not a substring match (1.3095ms)
gateway-web	Run pnpm test	2026-10-08T08:03:48.3063112Z ✔ a handoff payload cannot carry authority whatever its shape (1.5938ms)
gateway-web	Run pnpm test	2026-10-08T08:03:48.3064228Z ✔ the assistant axis is the registry own duty policy and the Core axes say so (0.8278ms)
gateway-web	Run pnpm test	2026-10-08T08:03:48.3065396Z ✔ an uninterpretable instant is refused rather than recorded (0.6588ms)
gateway-web	Run pnpm test	2026-10-08T08:03:48.3069288Z ✔ the duty gate is about the action, and a named duty only narrows it (0.7005ms)
gateway-web	Run pnpm test	2026-10-08T08:03:48.3070757Z ✔ a handoff carries the capability factor and reports relative privilege honestly (0.6207ms)
gateway-web	Run pnpm test	2026-10-08T08:03:48.3072452Z ✔ a lease must be unexpired and held here to count as execution safety (0.7942ms)
gateway-web	Run pnpm test	2026-10-08T08:03:48.3073802Z ✔ a recomputation supersedes the decisions it replaces, and ids are registry scoped (0.9917ms)
gateway-web	Run pnpm test	2026-10-08T08:03:48.3110453Z ✔ embodiment events are the canonical Assistant model and transport stays non-canonical (7.9713ms)
gateway-web	Run pnpm test	2026-10-08T08:03:48.3124359Z ✔ contradictory commands from two devices cannot produce two exclusive side effects (4.7543ms)
gateway-web	Run pnpm test	2026-10-08T08:03:48.3127926Z ✔ retries and replays with the same action key never duplicate the external side effect (2.7374ms)
gateway-web	Run pnpm test	2026-10-08T08:03:48.3130960Z ✔ lease expiry, revocation and reassignment are authoritative and observable (9.5968ms)
gateway-web	Run pnpm test	2026-10-08T08:03:48.3133720Z ✔ after a disconnect nothing resumes on a stale local lease (5.5722ms)
gateway-web	Run pnpm test	2026-10-08T08:03:48.3137991Z ✔ output routing respects availability, foreground and privacy without broadcasting (1.6311ms)
gateway-web	Run pnpm test	2026-10-08T08:03:48.3146628Z ✔ the bus is strict, frozen and free of ambient state (1.1611ms)
gateway-web	Run pnpm test	2026-10-08T08:03:48.3164877Z ✔ the canonical contract allow-list is decided by own keys (0.4423ms)
gateway-web	Run pnpm test	2026-10-08T08:03:48.3169361Z ✔ a caller instant must be real, not merely well shaped (0.6962ms)
gateway-web	Run pnpm test	2026-10-08T08:03:48.3185948Z ✔ the bus policy bounds are validated rather than trusted (0.7683ms)
gateway-web	Run pnpm test	2026-10-08T08:03:48.3205152Z ✔ a reconnecting device never revives a lease another holder has taken over (0.9695ms)
gateway-web	Run pnpm test	2026-10-08T08:03:48.3207080Z ✔ an action key stays the same action across renewal and reassignment (0.9282ms)
gateway-web	Run pnpm test	2026-10-08T08:03:48.3213734Z ✔ renewal retires the previous lease reference instead of aliasing it (0.6511ms)
gateway-web	Run pnpm test	2026-10-08T08:03:48.3218238Z ✔ authority is never anonymous: acting on a lease needs the holder it names (0.669ms)
gateway-web	Run pnpm test	2026-10-08T08:03:48.3230109Z ✔ an expired lease cannot be revived with a backdated instant (1.0055ms)
gateway-web	Run pnpm test	2026-10-08T08:03:48.3234222Z ✔ reconciliation requires an authoritative lease inventory (0.9115ms)
gateway-web	Run pnpm test	2026-10-08T08:03:48.3240304Z ✔ routing never delivers to a device the bus knows is disconnected (0.5699ms)
gateway-web	Run pnpm test	2026-10-08T08:03:48.3245646Z ✔ staleness and replay absorption do not depend on an optional command reference (0.7283ms)
gateway-web	Run pnpm test	2026-10-08T08:03:48.3257507Z ✔ a refused reconciliation grants no authority (0.7167ms)
gateway-web	Run pnpm test	2026-10-08T08:03:48.3269637Z ✔ the canonical event carries the declared identity and transport correlation (0.4475ms)
gateway-web	Run pnpm test	2026-10-08T08:03:48.3276861Z ✔ an envelope field is validated and used exactly once (0.4405ms)
gateway-web	Run pnpm test	2026-10-08T08:03:48.3283830Z ✔ exclusivity is a boolean grant, not a truthy flag (0.5237ms)
gateway-web	Run pnpm test	2026-10-08T08:03:48.3285594Z ✔ an instant helper that guards decisions is not shape-only (0.1594ms)
gateway-web	Run pnpm test	2026-10-08T08:03:48.4529489Z ✔ an embodiment descriptor references Remote Fabric identity and never mints its own (7.5314ms)
gateway-web	Run pnpm test	2026-10-08T08:03:48.4537840Z ✔ a device without cross-device identity is representable, and says so (0.684ms)
gateway-web	Run pnpm test	2026-10-08T08:03:48.4561737Z ✔ descriptor vocabularies are closed and unknown values are refused (1.5774ms)
gateway-web	Run pnpm test	2026-10-08T08:03:48.4581736Z ✔ one logical assistant inhabits PC and Android at the same time (1.6516ms)
gateway-web	Run pnpm test	2026-10-08T08:03:48.4601571Z ✔ a device refuses a second simultaneous foreground assistant (1.2397ms)
gateway-web	Run pnpm test	2026-10-08T08:03:48.4603962Z ✔ detaching the foreground assistant releases the binding (0.6881ms)
gateway-web	Run pnpm test	2026-10-08T08:03:48.4605972Z ✔ foreground A->B switches cleanly and releases the outgoing local context (1.4384ms)
gateway-web	Run pnpm test	2026-10-08T08:03:48.4609420Z ✔ a stale foreground view cannot take the device over (0.9304ms)
gateway-web	Run pnpm test	2026-10-08T08:03:48.4611122Z ✔ a foreground switch leaves an unrelated background task owned, executing and uncancelled (21.8513ms)
gateway-web	Run pnpm test	2026-10-08T08:03:48.4614258Z ✔ device-local context stays per-device and never becomes authoritative (1.3855ms)
gateway-web	Run pnpm test	2026-10-08T08:03:48.4615694Z ✔ binding reconstructs from authoritative state after a restart (2.3636ms)
gateway-web	Run pnpm test	2026-10-08T08:03:48.4617114Z ✔ a reconnecting device is refused when its local belief disagrees with authority (1.4763ms)
gateway-web	Run pnpm test	2026-10-08T08:03:48.4618502Z ✔ one assistant on many devices keeps each device independent (0.8004ms)
gateway-web	Run pnpm test	2026-10-08T08:03:48.4715371Z ✔ duplicate device identity and unknown embodiments are refused (1.9615ms)
gateway-web	Run pnpm test	2026-10-08T08:03:48.4718613Z ✔ undeclared keys inherited from Object.prototype are refused, and a prototype key never is a descriptor field (1.6215ms)
gateway-web	Run pnpm test	2026-10-08T08:03:48.4720234Z ✔ a competing physical-device identity is refused in every spelling (4.01ms)
gateway-web	Run pnpm test	2026-10-08T08:03:48.4726658Z ✔ a foreground binding reference is never re-issued across a restart (6.29ms)
gateway-web	Run pnpm test	2026-10-08T08:03:48.4729746Z ✔ a physical device cannot be claimed twice, including by refreshing an unidentified embodiment (1.4346ms)
gateway-web	Run pnpm test	2026-10-08T08:03:48.4731791Z ✔ the single-foreground invariant is derived from physical device identity (1.5004ms)
gateway-web	Run pnpm test	2026-10-08T08:03:48.4734580Z ✔ a restored binding keeps its recovery provenance on every later read (1.1363ms)
gateway-web	Run pnpm test	2026-10-08T08:03:48.4736063Z ✔ the foreground compare-and-set token is the binding reference, not the assistant (0.5911ms)
gateway-web	Run pnpm test	2026-10-08T08:03:48.4749563Z ✔ re-attaching with a different session is a session change, not an idempotent repeat (0.5254ms)
gateway-web	Run pnpm test	2026-10-08T08:03:48.4870062Z ✔ switching the foreground assistant touches no task (4.9088ms)
gateway-web	Run pnpm test	2026-10-08T08:03:48.4876722Z ✔ a handoff carries responsibility and never authority (3.2983ms)
gateway-web	Run pnpm test	2026-10-08T08:03:48.4882230Z ✔ a true transfer needs acceptance and leaves exactly one authoritative owner (2.9493ms)
gateway-web	Run pnpm test	2026-10-08T08:03:48.4884746Z ✔ an explicit executor move is carried by the handoff and recorded separately (0.6243ms)
gateway-web	Run pnpm test	2026-10-08T08:03:48.4887346Z ✔ a rejected or expired handoff leaves the authoritative owner unchanged (1.0224ms)
gateway-web	Run pnpm test	2026-10-08T08:03:48.4889059Z ✔ a consultation transfers nothing even when accepted (0.5043ms)
gateway-web	Run pnpm test	2026-10-08T08:03:48.4896746Z ✔ the handoff package is strict, idempotent and refuses terminal or foreign tasks (2.2392ms)
gateway-web	Run pnpm test	2026-10-08T08:03:48.4903305Z ✔ unknown fields are refused even when named after Object.prototype members (1.3756ms)
gateway-web	Run pnpm test	2026-10-08T08:03:48.4905553Z ✔ a non-enumerable own authority field cannot evade the authority scan (4.1837ms)
gateway-web	Run pnpm test	2026-10-08T08:03:48.4907969Z ✔ a stale concurrent handoff cannot take ownership from a new owner (1.3248ms)
gateway-web	Run pnpm test	2026-10-08T08:03:48.4909528Z ✔ recipient authority is recomputed at takeover, not reused from proposal time (1.1634ms)
gateway-web	Run pnpm test	2026-10-08T08:03:48.4917589Z ✔ a policy lookup is own-key only, never through the prototype chain (0.3807ms)
gateway-web	Run pnpm test	2026-10-08T08:03:48.4920506Z ✔ a re-proposal under a live id is only a duplicate when it says the same thing (1.1506ms)
gateway-web	Run pnpm test	2026-10-08T08:03:48.4923670Z ✔ transition timestamps must be real instants at or after the proposal (0.7956ms)
gateway-web	Run pnpm test	2026-10-08T08:03:48.4927084Z ✔ a cyclic or over-deep handoff is refused, never a stack overflow (0.8561ms)
gateway-web	Run pnpm test	2026-10-08T08:03:48.4929241Z ✔ a calendar-impossible instant is refused, not merely shape-checked (0.2774ms)
gateway-web	Run pnpm test	2026-10-08T08:03:48.4930596Z ✔ the switch report does not invent the outgoing assistant's presence (0.235ms)
gateway-web	Run pnpm test	2026-10-08T08:03:48.4936865Z ✔ a refusal that cannot be explained is not half-applied (0.8734ms)
gateway-web	Run pnpm test	2026-10-08T08:03:48.4952021Z ✔ a transfer must declare the capabilities the recipient is judged against (0.6847ms)
gateway-web	Run pnpm test	2026-10-08T08:03:48.4960456Z ✔ the task store double does not leak or alias canonical state (0.3095ms)
gateway-web	Run pnpm test	2026-10-08T08:03:48.4964198Z ✔ a versioned task refuses a handoff built against another version (1.3151ms)
gateway-web	Run pnpm test	2026-10-08T08:03:48.4968437Z ✔ assistants are listed and selected, with the five identity roles kept distinct (7.6834ms)
gateway-web	Run pnpm test	2026-10-08T08:03:48.4971923Z ✔ profile changes propagate as committed shared state and never touch Digital-Me or tasks (1.9583ms)
gateway-web	Run pnpm test	2026-10-08T08:03:48.4975160Z ✔ foreground switching is a UI operation that transfers nothing (3.3655ms)
gateway-web	Run pnpm test	2026-10-08T08:03:48.4978120Z ✔ stale, offline and reconnecting embodiments are surfaced and never shown as authority (2.094ms)
gateway-web	Run pnpm test	2026-10-08T08:03:48.4980115Z ✔ reserved voice/avatar adapters exist as adapters without being required now (2.0749ms)
gateway-web	Run pnpm test	2026-10-08T08:03:48.4983137Z ✔ the surface is strict, frozen and independent of ambient state (2.2624ms)
gateway-web	Run pnpm test	2026-10-08T08:03:48.4985230Z ✔ an editable field carries the kind of value its name promises (1.0933ms)
gateway-web	Run pnpm test	2026-10-08T08:03:48.4986668Z ✔ a change the surface cannot read is refused rather than dropped (0.6892ms)
gateway-web	Run pnpm test	2026-10-08T08:03:48.4990564Z ✔ the version guard is not switchable off by policy (0.7645ms)
gateway-web	Run pnpm test	2026-10-08T08:03:48.4991623Z ✔ re-registering a device never discards the binding the user chose (1.1187ms)
gateway-web	Run pnpm test	2026-10-08T08:03:48.4993193Z ✔ a task the surface cannot read is reported, not hidden (0.7301ms)
gateway-web	Run pnpm test	2026-10-08T08:03:48.4996493Z ✔ the committed-update cursor must be a version and the instants must be real (0.8854ms)
gateway-web	Run pnpm test	2026-10-08T08:03:48.5000574Z ✔ freshness needs a recent observation, not only a declared state (1.0443ms)
gateway-web	Run pnpm test	2026-10-08T08:03:48.5001706Z ✔ every projection of a device gives the same freshness answer (0.5248ms)
gateway-web	Run pnpm test	2026-10-08T08:03:48.5013031Z ✔ a committed update carries the change, the previous values and the actor (0.8674ms)
gateway-web	Run pnpm test	2026-10-08T08:03:48.5016584Z ✔ a handoff or a provisional switch is never taken from a cached view (0.7438ms)
gateway-web	Run pnpm test	2026-10-08T08:03:48.5017698Z ✔ a task foreground flag is a boolean and its role reflects the data (0.4855ms)
gateway-web	Run pnpm test	2026-10-08T08:03:48.5018943Z ✔ an untypeable value is refused before anything is recorded (0.8247ms)
gateway-web	Run pnpm test	2026-10-08T08:03:48.5810130Z ✔ one authoritative task is shared by every embodiment — never duplicated per device (4.2023ms)
gateway-web	Run pnpm test	2026-10-08T08:03:48.5816775Z ✔ ownership is logical, execution is physical — sessions and devices are never the owner (3.2976ms)
gateway-web	Run pnpm test	2026-10-08T08:03:48.5829148Z ✔ mutations are versioned and typed, and conflicting updates keep a causal audit trail (1.0004ms)
gateway-web	Run pnpm test	2026-10-08T08:03:48.5831968Z ✔ foreground switching never changes owner, coordinator or executor (0.6266ms)
gateway-web	Run pnpm test	2026-10-08T08:03:48.5835133Z ✔ ownership moves only through an explicit accepted handoff, and never restarts the executor (2.2906ms)
gateway-web	Run pnpm test	2026-10-08T08:03:48.5859074Z ✔ an exclusive side effect can never have two simultaneous valid executors (0.9801ms)
gateway-web	Run pnpm test	2026-10-08T08:03:48.5866776Z ✔ device release suspends the lease, never orphans a task and never moves ownership (1.2365ms)
gateway-web	Run pnpm test	2026-10-08T08:03:48.5871017Z ✔ every contract surface is closed, frozen and free of ambient state (0.8551ms)
gateway-web	Run pnpm test	2026-10-08T08:03:48.5877978Z ✔ the canonical contract allow-list is decided by own keys (0.4734ms)
gateway-web	Run pnpm test	2026-10-08T08:03:48.5880170Z ✔ a hidden authority field in a handoff is found, and a cycle does not crash the scan (0.6341ms)
gateway-web	Run pnpm test	2026-10-08T08:03:48.5888816Z ✔ a caller instant must be real, not merely well shaped (0.4921ms)
gateway-web	Run pnpm test	2026-10-08T08:03:48.5889859Z ✔ a refused patch changes nothing (0.2783ms)
gateway-web	Run pnpm test	2026-10-08T08:03:48.5891678Z ✔ a released executor must revalidate its lease instead of re-issuing it (0.9321ms)
gateway-web	Run pnpm test	2026-10-08T08:03:48.5893368Z ✔ an exclusive side effect cannot complete without a lease (0.7536ms)
gateway-web	Run pnpm test	2026-10-08T08:03:48.5894952Z ✔ a refused foreground change leaves the binding untouched (0.4012ms)
gateway-web	Run pnpm test	2026-10-08T08:03:48.5908083Z ✔ a device release never rewrites a settled task, and a handoff checkpoint is text (0.6841ms)
gateway-web	Run pnpm test	2026-10-08T08:03:48.6178576Z ✔ Windows manufacturer payload prefixes locator with canonical UUID bytes (2.0053ms)
gateway-web	Run pnpm test	2026-10-08T08:03:48.6181247Z ✔ BLE locator contains exactly version IPv4 and big-endian port (1.9535ms)
gateway-web	Run pnpm test	2026-10-08T08:03:48.6183374Z ✔ non-Windows adapter reports software platform error rather than hardware evidence (1.7182ms)
gateway-web	Run pnpm test	2026-10-08T08:03:49.3141746Z ✔ theme artifact store degrades on an uncreatable root and refuses typed instead of throwing (5.0246ms)
gateway-web	Run pnpm test	2026-10-08T08:03:49.3156016Z ✔ a store that breaks after startup is recorded, and losing it cannot erase a finished build (3.8936ms)
gateway-web	Run pnpm test	2026-10-08T08:03:54.7696640Z ✔ a file at the theme-packages path leaves the City serving and the theme lab typed-failed (5500.6463ms)
gateway-web	Run pnpm test	2026-10-08T08:03:55.2249782Z ✔ degrading the artifact store blocks only the theme lab, never the capability registry (494.996ms)
gateway-web	Run pnpm test	2026-10-08T08:03:58.5426516Z ✔ a store that breaks while the City runs is reported in health, not only after a restart (3728.1888ms)
gateway-web	Run pnpm test	2026-10-08T08:03:58.5589323Z ✔ a fresh profile is fully normalized, descriptive and authority-free (5.3449ms)
gateway-web	Run pnpm test	2026-10-08T08:03:58.5590472Z ✔ partially specified ports receive safe defaults (1.2645ms)
gateway-web	Run pnpm test	2026-10-08T08:03:58.5591748Z ✔ two assistant identities hold independent profiles and relationship modes at the same time (17.4666ms)
gateway-web	Run pnpm test	2026-10-08T08:03:58.5593234Z ✔ a relationship change on one assistant never leaks into another assistant or its bundle (1.429ms)
gateway-web	Run pnpm test	2026-10-08T08:03:58.5597837Z ✔ several assistant identities can be online at once and presence is idempotent (1.2954ms)
gateway-web	Run pnpm test	2026-10-08T08:03:58.5600271Z ✔ a duplicate assistant id is refused and leaves state untouched (0.6632ms)
gateway-web	Run pnpm test	2026-10-08T08:03:58.5601446Z ✔ minted assistant ids are stable, unique and honestly labelled (0.6846ms)
gateway-web	Run pnpm test	2026-10-08T08:03:58.5602722Z ✔ profiles reject embedded permission grants, execution leases and authority fields (2.298ms)
gateway-web	Run pnpm test	2026-10-08T08:03:58.5604028Z ✔ extension namespaces cannot smuggle Digital-Me or authority namespaces (1.4459ms)
gateway-web	Run pnpm test	2026-10-08T08:03:58.5605230Z ✔ schema version and port shape are validated instead of silently accepted (0.9126ms)
gateway-web	Run pnpm test	2026-10-08T08:03:58.5606328Z ✔ unknown future attributes migrate forward without losing data (2.5495ms)
gateway-web	Run pnpm test	2026-10-08T08:03:58.5607378Z ✔ a rejected write is a no-op and schema_version cannot be patched (1.7949ms)
gateway-web	Run pnpm test	2026-10-08T08:03:58.5608426Z ✔ a stale profile write is refused instead of silently overwriting (0.6606ms)
gateway-web	Run pnpm test	2026-10-08T08:03:58.5610267Z ✔ export and import restore durable assistant state after a simulated restart (1.8743ms)
gateway-web	Run pnpm test	2026-10-08T08:03:58.5611538Z ✔ replace import touches only the target assistant and bumps its revision (0.8633ms)
gateway-web	Run pnpm test	2026-10-08T08:03:58.5612333Z ✔ import rejects Digital-Me data, authority fields and malformed bundles atomically (3.1722ms)
gateway-web	Run pnpm test	2026-10-08T08:03:58.5613663Z ✔ reset restores safe defaults for one assistant without touching the others (2.0325ms)
gateway-web	Run pnpm test	2026-10-08T08:03:58.5614883Z ✔ duty labels describe a role and never grant the corresponding action (1.3219ms)
gateway-web	Run pnpm test	2026-10-08T08:03:58.5615985Z ✔ the personalization surface never writes Digital-Me state (0.9035ms)
gateway-web	Run pnpm test	2026-10-08T08:03:58.5617066Z ✔ identity lifecycle errors are typed and presence is cleaned up (3.2641ms)
gateway-web	Run pnpm test	2026-10-08T08:03:58.5618149Z ✔ applyProfilePatch merges one port level and replaces arrays (1.0885ms)
gateway-web	Run pnpm test	2026-10-08T08:03:58.5619160Z ✔ the published schema matches the runtime contract (2.1225ms)
gateway-web	Run pnpm test	2026-10-08T08:03:58.5620609Z ✔ a profile patch cannot rewrite a prototype or inject a hidden property (0.9697ms)
gateway-web	Run pnpm test	2026-10-08T08:03:58.5621872Z ✔ the Zone patch path is closed to prototype injection and leaves state untouched (0.8473ms)
gateway-web	Run pnpm test	2026-10-08T08:03:58.5624431Z ✔ a rejected patch leaves the stored profile byte-identical (0.7465ms)
gateway-web	Run pnpm test	2026-10-08T08:03:58.5625189Z ✔ inherited property names are not declared port fields (1.8257ms)
gateway-web	Run pnpm test	2026-10-08T08:03:58.5625816Z ✔ reserved keys are refused at every depth of a stored profile document (0.4678ms)
gateway-web	Run pnpm test	2026-10-08T08:03:58.5626546Z ✔ a bundle refuses a reserved key anywhere, including inside an extension value (0.6537ms)
gateway-web	Run pnpm test	2026-10-08T08:03:58.5627201Z ✔ a reserved key cannot be registered as a personalization port (0.4782ms)
gateway-web	Run pnpm test	2026-10-08T08:03:58.5627889Z ✔ the published schema states the reserved-prototype-key rule the runtime enforces (0.5701ms)
gateway-web	Run pnpm test	2026-10-08T08:03:58.5628596Z ✔ document bytes flow through real readers and into temporary knowledge (8217.6147ms)
gateway-web	Run pnpm test	2026-10-08T08:03:58.5629251Z ✔ evidence review is deterministic and tampering never gets rehashed (4.6372ms)
gateway-web	Run pnpm test	2026-10-08T08:03:58.5629861Z ✔ theme generation returns a reproducible PNG and validation (84.0617ms)
gateway-web	Run pnpm test	2026-10-08T08:03:58.5630553Z ✔ future promoted module stays pending and all five existing adapters still execute (26.5535ms)
gateway-web	Run pnpm test	2026-10-08T08:03:58.5631186Z ✔ malformed and oversized inputs have explicit refusals (52.5462ms)
gateway-web	Run pnpm test	2026-10-08T08:03:58.5631794Z ✔ dependency failure degrades the same descriptor used to gate invocations (458.634ms)
gateway-web	Run pnpm test	2026-10-08T08:03:58.5632750Z ✔ capabilities use control auth, canonical results, typed refusal and durable history (1062.775ms)
gateway-web	Run pnpm test	2026-10-08T08:03:58.5633569Z ✔ the per-capability degradation latch is owned by the migrated provider-resilience breaker (304.1596ms)
gateway-web	Run pnpm test	2026-10-08T08:04:16.4440167Z ✔ old SQLite results migrate without changing identity, digest or metadata, including restart (282.8641ms)
gateway-web	Run pnpm test	2026-10-08T08:04:16.4585768Z ✔ migration fails closed and rolls back earlier rows when legacy history is corrupt (321.5549ms)
gateway-web	Run pnpm test	2026-10-08T08:04:16.4589625Z ✔ 560 large legacy results keep 500 summaries and 50 details; new saves remain bounded (24690.1543ms)
gateway-web	Run pnpm test	2026-10-08T08:04:23.5130324Z ✔ city and list APIs send summaries only, enforce limits and retrieve individual details (7070.0452ms)
gateway-web	Run pnpm test	2026-10-08T08:04:39.9674673Z ✔ a long running invocation survives pruning and its completion remains readable (16454.5611ms)
gateway-web	Run pnpm test	2026-10-08T08:04:39.9855434Z ✔ HOST-INDEP 1: no capability surface carries a deployment identity or decides anything by hostname (9.0643ms)
gateway-web	Run pnpm test	2026-10-08T08:04:39.9857779Z ✔ HOST-INDEP 2: the agent-job channel works for ANY node that advertises the capability, in any number (219.5745ms)
gateway-web	Run pnpm test	2026-10-08T08:04:39.9859785Z ✔ HOST-INDEP 3: the remote-operation channel likewise runs on ANY named node, with real programs (583.5521ms)
gateway-web	Run pnpm test	2026-10-08T08:04:39.9861634Z ✔ PROBES 1: every probe carries no deployment identity and takes its inputs as parameters (3.0794ms)
gateway-web	Run pnpm test	2026-10-08T08:04:39.9863576Z ✔ PROBES 2: a credential-shaped literal is allowed only as an obvious fake (0.4152ms)
gateway-web	Run pnpm test	2026-10-08T08:04:39.9869853Z ✔ PROBES 3: a probe invoked with no inputs refuses by name and does nothing else (537.102ms)
gateway-web	Run pnpm test	2026-10-08T08:04:39.9871111Z ✔ PROBES 4: no probe writes its result into the checkout by default (0.2463ms)
gateway-web	Run pnpm test	2026-10-08T08:04:39.9872509Z ✔ qualified identities keep duplicate names independent and cannot replace missing dependencies (5.0684ms)
gateway-web	Run pnpm test	2026-10-08T08:04:39.9874374Z ✔ registry restricts mixed module lifecycle and exposes every dependency lifecycle (3.2972ms)
gateway-web	Run pnpm test	2026-10-08T08:04:39.9876881Z ✔ unbridged duplicate module names receive different qualified capability IDs (1.3111ms)
gateway-web	Run pnpm test	2026-10-08T08:04:39.9878412Z ✔ Theme advertises implemented generate and build operations and refuses validate (1.4125ms)
gateway-web	Run pnpm test	2026-10-08T08:04:39.9881156Z ✔ infrastructure modules are never advertised as capabilities (1.0328ms)
gateway-web	Run pnpm test	2026-10-08T08:04:39.9882628Z ✔ CEX701 owner sees canonical clone findings and explicitly recovers unbound installation without deleting other devices (9230.0192ms)
gateway-web	Run pnpm test	2026-10-08T08:04:39.9885172Z ✔ CEX701 session sees only own installation and actionable owner guidance; rebind and cross-revoke stay forbidden (3914.5759ms)
gateway-web	Run pnpm test	2026-10-08T08:04:39.9900618Z ✔ CEX701 recovery selection and owner confirmation do not survive credential changes (3836.7166ms)
gateway-web	Run pnpm test	2026-10-08T08:04:39.9903527Z ✔ CEX702 ordinary Web choice records a single decline, hands off and returns actual result to same surface (8280.0083ms)
gateway-web	Run pnpm test	2026-10-08T08:04:39.9906448Z ✔ CEX702 strict target and no alternate have explicit canonical refusal without conflicting mutation (91.8424ms)
gateway-web	Run pnpm test	2026-10-08T08:04:39.9908505Z ✔ CEX702 backend rejects stale decisions and withdrawn/offline alternates using current City truth (44.2259ms)
gateway-web	Run pnpm test	2026-10-08T08:04:39.9910134Z ✔ CEX702 legacy decline does not authorize a stale explicit alternate replay (47.445ms)
gateway-web	Run pnpm test	2026-10-08T08:04:39.9911657Z ✔ CEX703 fresh user opens live catalog without failed Ask and selection never executes (3954.8613ms)
gateway-web	Run pnpm test	2026-10-08T08:04:39.9913232Z ✔ CEX703 catalog action follows existing confirmation before any City task exists (3785.7403ms)
gateway-web	Run pnpm test	2026-10-08T08:04:39.9915158Z ✔ CEX703 uncertain selected-request retry preserves exact selection and idempotency key (2554.0253ms)
gateway-web	Run pnpm test	2026-10-08T08:04:39.9919672Z ✔ CEX704 guarded native generation keeps active session fixed and requires fresh terminal state (517.7422ms)
gateway-web	Run pnpm test	2026-10-08T08:04:39.9921594Z ✔ CEX705 canonical scoped management preserves rename/sharing/message/revoke authority and reconnect identity (256.7428ms)
gateway-web	Run pnpm test	2026-10-08T08:04:39.9923904Z ✔ CEX790 current audit includes reversed routes, owner controls, catalogs and branch-scoped YAML candidates (1111.3178ms)
gateway-web	Run pnpm test	2026-10-08T08:04:39.9925665Z ✔ CAJ 1: a job is refused by name when it cannot be acted on, and never silently half-normalised (3.9226ms)
gateway-web	Run pnpm test	2026-10-08T08:04:39.9927260Z ✔ CAJ 2: the report validator checks the SHAPE and the HONESTY of a claim, never its truth (0.6841ms)
gateway-web	Run pnpm test	2026-10-08T08:04:39.9929398Z ✔ CAJ 3: expiry is decided by a deadline the City clamped, and an unfinished job is the only kind that can expire (0.9531ms)
gateway-web	Run pnpm test	2026-10-08T08:04:39.9931508Z ✔ CAJ 4: an owner-dispatched job reaches a capable node and the agent report comes back labelled as a claim (143.7708ms)
gateway-web	Run pnpm test	2026-10-08T08:04:39.9933174Z ✔ CAJ 5: an incapable node is never handed a job, and the owner can see WHAT it lacks (66.8895ms)
gateway-web	Run pnpm test	2026-10-08T08:04:39.9934559Z ✔ CAJ 6: a report bound to a DIFFERENT job is refused before it becomes the stored result (74.6705ms)
gateway-web	Run pnpm test	2026-10-08T08:04:39.9936071Z ✔ CAJ 7: a report may not contradict the state it is written as, and may not decide what the City decides (55.7068ms)
gateway-web	Run pnpm test	2026-10-08T08:04:39.9937570Z ✔ CAJ 8: a job past its deadline is not handed out, and is REPORTED as expired without rewriting the task (72.8436ms)
gateway-web	Run pnpm test	2026-10-08T08:04:39.9939134Z ✔ CAJ 9: a member cannot dispatch a job or read the job surface, and a City that never enabled it refuses by name (194.686ms)
gateway-web	Run pnpm test	2026-10-08T08:04:39.9940596Z ✔ CAJ 10: the opposite-side CLI drives the whole channel, and a claim with no work is not a failure (53.6806ms)
gateway-web	Run pnpm test	2026-10-08T08:04:39.9942023Z ✔ CAJ 11: a far-side node goes offline unless it heartbeats, and CLAIMING is what keeps it live (2858.9024ms)
gateway-web	Run pnpm test	2026-10-08T08:04:39.9943514Z ✔ CAJ 12: the CLI really runs as a COMMAND - which is the only way the far side ever uses it (2047.4915ms)
gateway-web	Run pnpm test	2026-10-08T08:04:39.9945081Z ✔ CAJ 13: taking delivery of a report is its own recorded act, and it is an acknowledgement - not a verification (73.8294ms)
gateway-web	Run pnpm test	2026-10-08T08:04:39.9946456Z ✔ CAJ 14: the receipt is DERIVED, so it can be recomputed instead of trusted (0.506ms)
gateway-web	Run pnpm test	2026-10-08T08:04:39.9948053Z ✔ CAJ-WEB 1: the entry is discoverable, the typed confirmation gates the request, and the agent answer is labelled as a claim (3310.6815ms)
gateway-web	Run pnpm test	2026-10-08T08:04:39.9950311Z ✔ CAJ-WEB 2: a dispatched but unanswered request can be withdrawn from the surface, and a member cannot open it at all (2619.9382ms)
gateway-web	Run pnpm test	2026-10-08T08:04:39.9951957Z ✔ each member sees itself first and all City devices by admission name, with real message receipt (4865.9646ms)
gateway-web	Run pnpm test	2026-10-08T08:04:39.9953421Z ✔ real joined devices retain names, appear beside the host and may register only their own worker (516.2936ms)
gateway-web	Run pnpm test	2026-10-08T08:04:39.9955222Z ✔ two members exchange messages with explicit receipt and sender identity cannot be forged (191.9751ms)
gateway-web	Run pnpm test	2026-10-08T08:04:39.9956708Z ✔ member B actually computes a task from A; disabling sharing and revoke prevents further claims (347.1106ms)
gateway-web	Run pnpm test	2026-10-08T08:04:39.9958111Z ✔ new admission cannot take the host or an existing member identity, even with a valid short code (65.3065ms)
gateway-web	Run pnpm test	2026-10-08T08:04:39.9959533Z ✔ an active browser session refresh actually extends expiry while preserving its installation scope (39.1144ms)
gateway-web	Run pnpm test	2026-10-08T08:04:39.9963386Z ✔ local primary control surface can switch only its own computing resources (60.8104ms)
gateway-web	Run pnpm test	2026-10-08T08:04:39.9965762Z ✔ custom City name is canonical across snapshot, pairing, discovery descriptor and restart (131.0176ms)
gateway-web	Run pnpm test	2026-10-08T08:04:39.9967864Z ✔ Settings changes the visible City name and keeps editing stable across snapshots (6000.4513ms)
gateway-web	Run pnpm test	2026-10-08T08:04:39.9969415Z ✔ CR-OP 1: a real allowlisted program runs on the other machine and its real bytes come back (330.861ms)
gateway-web	Run pnpm test	2026-10-08T08:04:39.9970646Z ✔ CR-OP 2: a non-zero exit is FAILED with the real code, not a silent success (216.7743ms)
gateway-web	Run pnpm test	2026-10-08T08:04:39.9971754Z ✔ CR-OP 3: every refusal is refused BEFORE a task exists, by its own code (70.2767ms)
gateway-web	Run pnpm test	2026-10-08T08:04:39.9973222Z ✔ CR-OP 4: a member session cannot dispatch, and cannot read the operation log (52.3741ms)
gateway-web	Run pnpm test	2026-10-08T08:04:39.9974343Z ✔ CR-OP 5: a City that never turned the capability on refuses it by name (37.2393ms)
gateway-web	Run pnpm test	2026-10-08T08:04:39.9975438Z ✔ CR-OP 6: the timeout kills the program and the receipt says it was a timeout (1668.2754ms)
gateway-web	Run pnpm test	2026-10-08T08:04:39.9976539Z ✔ CR-OP 7: output over the declared ceiling is truncated and SAYS SO (212.0464ms)
gateway-web	Run pnpm test	2026-10-08T08:04:39.9977896Z ✔ CR-OP 9: a node that does not implement the node half is never handed the task, and is told what it lacks (621.6548ms)
gateway-web	Run pnpm test	2026-10-08T08:04:39.9981260Z ✔ CR-OP 8: the owner can stop a running operation, and the node really kills the program (1127.5279ms)
gateway-web	Run pnpm test	2026-10-08T08:04:40.0903328Z ✔ CR-OPWEB 1: the entry exists in Advanced and shows the City real capability state (2329.8287ms)
gateway-web	Run pnpm test	2026-10-08T08:04:40.0905718Z ✔ CR-OPWEB 2: the danger-zone gate really gates - no matching confirmation, no dispatch (2473.2617ms)
gateway-web	Run pnpm test	2026-10-08T08:04:44.3721928Z ✔ CR-OPWEB 3: the owner runs a program from the page and reads the real result back (4280.9207ms)
gateway-web	Run pnpm test	2026-10-08T08:04:46.6223840Z ✔ CR-OPWEB 4: a refusal is a result the owner sees, not a silent nothing (2250.0905ms)
gateway-web	Run pnpm test	2026-10-08T08:04:48.7058587Z ✔ CR-OPWEB 5: a City that has the capability off says so instead of offering a button that fails (2084.1821ms)
gateway-web	Run pnpm test	2026-10-08T08:04:56.0373013Z ✔ CR-OPWEB 6: the owner can stop a running operation from the page (7331.4094ms)
gateway-web	Run pnpm test	2026-10-08T08:04:56.0634987Z ✔ default-off is a refusal, not a silent no-op (3.0302ms)
gateway-web	Run pnpm test	2026-10-08T08:04:56.0637024Z ✔ an executable is refused by NAME against the allowlist, and an empty allowlist is its own refusal (0.5156ms)
gateway-web	Run pnpm test	2026-10-08T08:04:56.0639137Z ✔ argv is data, and the shapes that cannot be an argv element are the ones refused (2.8047ms)
gateway-web	Run pnpm test	2026-10-08T08:04:56.0641135Z ✔ the working directory must be inside a declared workspace root (0.6899ms)
gateway-web	Run pnpm test	2026-10-08T08:04:56.0642743Z ✔ a purpose is required and environment injection is refused by presence (0.5044ms)
gateway-web	Run pnpm test	2026-10-08T08:04:56.0644546Z ✔ bounds are clamped to the ceiling, and omitting them cannot mean unbounded (0.8203ms)
gateway-web	Run pnpm test	2026-10-08T08:04:56.0646285Z ✔ the same request digests the same, and a different request does not (0.6645ms)
gateway-web	Run pnpm test	2026-10-08T08:04:56.0647969Z ✔ a node receipt is an observation the City re-checks, never an authority (0.9375ms)
gateway-web	Run pnpm test	2026-10-08T08:04:56.0649520Z ✔ the capability ships with its exposure decision attached (0.3363ms)
gateway-web	Run pnpm test	2026-10-08T08:04:56.0651292Z ✔ Road rejects missing array elements instead of producing null serialized entries (18.194ms)
gateway-web	Run pnpm test	2026-10-08T08:04:56.0653113Z ✔ Road preserves section order, deterministic IDs and explicit temporary unverified ownership (8.1031ms)
gateway-web	Run pnpm test	2026-10-08T08:04:56.0654955Z ✔ Road accepts empty documents and preserves empty heading and text without coercion (0.2914ms)
gateway-web	Run pnpm test	2026-10-08T08:04:56.0656472Z ✔ Road refuses malformed document boundaries and never accepts caller trust injection (0.6803ms)
gateway-web	Run pnpm test	2026-10-08T08:04:56.0657940Z ✔ Road output validation rejects permanence, trust escalation and reordered IDs (0.4046ms)
gateway-web	Run pnpm test	2026-10-08T08:04:56.0659328Z ✔ Bridge Road extraction preserves all six published document retrieval digests (551.5986ms)
gateway-web	Run pnpm test	2026-10-08T08:04:56.0661144Z ✔ the canonical store refuses to start the City, with a typed refusal that names the path and the reason (14.407ms)
gateway-web	Run pnpm test	2026-10-08T08:04:56.0662785Z ✔ a corrupted canonical database is refused the same typed way, not as a raw sqlite failure (5.4646ms)
gateway-web	Run pnpm test	2026-10-08T08:04:56.0664529Z ✔ CONTROL: a healthy runtime starts the City, so the refusals above are about the store and not the fixture (80.7162ms)
gateway-web	Run pnpm test	2026-10-08T08:04:56.0666552Z ✔ scope: local, lan, remote and unknown are distinguished, and an address we hold is never called "nearby" (1.8453ms)
gateway-web	Run pnpm test	2026-10-08T08:04:56.0668092Z ✔ the list always contains this machine, and offers to use it (1.4331ms)
gateway-web	Run pnpm test	2026-10-08T08:04:56.0669330Z ✔ the list is NOT fixed at two: any number of PCs is listed, in one list (10.8363ms)
gateway-web	Run pnpm test	2026-10-08T08:04:56.0672091Z ✔ each PC offers the actions that make sense for it, and none that do not (1.0661ms)
gateway-web	Run pnpm test	2026-10-08T08:04:56.0673825Z ✔ a remembered PC that discovery did NOT find is still listed, because that is when the address matters (0.5666ms)
gateway-web	Run pnpm test	2026-10-08T08:04:56.0678358Z ✔ discovery and memory overlap constantly, and a PC is never listed twice (0.4253ms)
gateway-web	Run pnpm test	2026-10-08T08:04:56.0682373Z ✔ the recommendation is attached to a row, so the list and the recommendation cannot disagree (0.4728ms)
gateway-web	Run pnpm test	2026-10-08T08:04:56.0685053Z ✔ a machine with no telemetry is marked as thin evidence rather than being scored as if it were measured (0.4435ms)
gateway-web	Run pnpm test	2026-10-08T08:04:56.0686752Z ✔ row count is bounded and the discarded overlap is stated rather than silently dropped (1.1803ms)
gateway-web	Run pnpm test	2026-10-08T08:04:56.0688902Z ✔ the fallback channels are DESCRIBED, not moved: the entry controls stay where the app renders them (2.1609ms)
gateway-web	Run pnpm test	2026-10-08T08:04:56.0690439Z ✔ rendering is escaped and carries its action as data (0.6229ms)
gateway-web	Run pnpm test	2026-10-08T08:04:56.0691841Z ✔ an empty world renders an honest sentence, not an empty list (0.2436ms)
gateway-web	Run pnpm test	2026-10-08T08:04:56.0693773Z ✔ capability summaries report only what was measured, and say unknown when nothing was (0.3163ms)
gateway-web	Run pnpm test	2026-10-08T08:04:56.0696507Z ✔ DGX005 Pass A never exposes defence and Pass B cannot run before A (4.389ms)
gateway-web	Run pnpm test	2026-10-08T08:04:56.0699477Z ✔ DGX005 self adjudication, authored dispute and same context refused (1.7479ms)
gateway-web	Run pnpm test	2026-10-08T08:04:56.0734143Z ✔ DGX005 both wrong and evidence required remain explicit; missing evidence never yields certainty (2.8567ms)
gateway-web	Run pnpm test	2026-10-08T08:04:56.0737753Z ✔ DGX005 defence cannot impersonate a party or overwrite prior record and API copies are isolated (1.5162ms)
gateway-web	Run pnpm test	2026-10-08T08:04:56.0739608Z ✔ DGX005 submitted finals cannot overwrite canonical provenance and snapshot extras cannot leak defence (1.013ms)
gateway-web	Run pnpm test	2026-10-08T08:04:56.0741327Z ✔ DGX005 judge must be independent of both disputing parties (0.3926ms)
gateway-web	Run pnpm test	2026-10-08T08:04:56.0742692Z ✔ DGX003 score only ranks eligible candidates and opposite physical host is nonoptional (3.733ms)
gateway-web	Run pnpm test	2026-10-08T08:04:56.0744246Z ✔ DGX003 unavailable facts, recusal, author identity and unknown dimension fail closed (2.8644ms)
gateway-web	Run pnpm test	2026-10-08T08:04:56.0745831Z ✔ DGX003 missing score service uses deterministic eligibility fallback, never removes floor (11.5873ms)
gateway-web	Run pnpm test	2026-10-08T08:04:56.0747292Z ✔ DGX003 resource unavailable and no capability cannot win with reputation (0.9342ms)
gateway-web	Run pnpm test	2026-10-08T08:04:56.0748928Z ✔ DGX990 scenario 13: the ENGINEERING review floor follows the DOMAIN, not the caller's spelling of the role (1.1527ms)
gateway-web	Run pnpm test	2026-10-08T08:04:56.0750585Z ✔ DGX005 structured contradictory claims are retained and produce deterministic material conflict (12.969ms)
gateway-web	Run pnpm test	2026-10-08T08:04:56.0753080Z ✔ DGX005 agreement or different predicate is not manufactured into a dispute (1.8242ms)
gateway-web	Run pnpm test	2026-10-08T08:04:56.0754074Z ✔ DGX002 immutable shared snapshot retains unknowns and requires versioned facts (2.25ms)
gateway-web	Run pnpm test	2026-10-08T08:04:56.0755291Z ✔ DGX002 DAG preserves Owner scope and rejects cycles, orphan edges and authority (2.7174ms)
gateway-web	Run pnpm test	2026-10-08T08:04:56.0756517Z ✔ DGX002 controlled DAG growth cannot rewrite prior nodes or erase provenance (1.8618ms)
gateway-web	Run pnpm test	2026-10-08T08:04:56.0757973Z ✔ DGX002 private reasoning and credentials rejected recursively with normalized keys (0.737ms)
gateway-web	Run pnpm test	2026-10-08T08:04:56.0759332Z ✔ DGX002 PCF remains the substrate owner and unavailable port is typed (1.2541ms)
gateway-web	Run pnpm test	2026-10-08T08:04:56.0761159Z ✔ DGX007 gateway exposes owner-only governance and unavailable storage never blocks canonical city (1525.0604ms)
gateway-web	Run pnpm test	2026-10-08T08:04:56.0762933Z ✔ DGX result requires trusted refs and case/node/snapshot identity even for authenticated receipts (9.0396ms)
gateway-web	Run pnpm test	2026-10-08T08:04:56.0764480Z ✔ DGX reviews are scoped to integration revision and archived after correction (15.0588ms)
gateway-web	Run pnpm test	2026-10-08T08:04:56.0765966Z ✔ DGX release cannot introduce claims evidence assumptions outside collected candidate (13.3814ms)
gateway-web	Run pnpm test	2026-10-08T08:04:56.0767329Z ✔ DGX release preserves claim uncertainty and unresolved questions (7.1549ms)
gateway-web	Run pnpm test	2026-10-08T08:04:56.0769055Z ✔ DGX002 PCF adapter cannot treat caller JSON as approved permission/budget/deadline (1.3787ms)
gateway-web	Run pnpm test	2026-10-08T08:04:56.0770399Z ✔ DGX002 PCF adapter refuses a returned permission for another task (0.7877ms)
gateway-web	Run pnpm test	2026-10-08T08:04:56.0771575Z ✔ DGX002 PCF approval cannot use a stale shared fact version (0.709ms)
gateway-web	Run pnpm test	2026-10-08T08:04:56.0772856Z ✔ DGX004 Engineering adapter preserves exact head CI verifier and opposite-host floor (3.6156ms)
gateway-web	Run pnpm test	2026-10-08T08:04:56.0774450Z ✔ DGX004 Research evidence gate delegates professional review and rejects missing methods (0.3365ms)
gateway-web	Run pnpm test	2026-10-08T08:04:56.0776015Z ✔ DGX004 Health professional seam never claims unimplemented clinical capability (0.4163ms)
gateway-web	Run pnpm test	2026-10-08T08:04:56.0777456Z ✔ DGX007 L0 retains uncertainty and release gate; L2 preserves exact evidence (4.2509ms)
gateway-web	Run pnpm test	2026-10-08T08:04:56.0778789Z ✔ DGX007 canonical status wins and graph drift warning bubbles into L0 (1.1606ms)
gateway-web	Run pnpm test	2026-10-08T08:04:56.0780327Z ✔ DGX007 material conflict and more-evidence adjudication remain visible with progressive disclosure (0.7241ms)
gateway-web	Run pnpm test	2026-10-08T08:04:56.0781947Z ✔ DGX006 all participants review scoped exact candidate; minor dissent is retained (7.8237ms)
gateway-web	Run pnpm test	2026-10-08T08:04:56.0783281Z ✔ DGX006 no votes can override critical major or blocking reviewer (1.8812ms)
gateway-web	Run pnpm test	2026-10-08T08:04:56.0784544Z ✔ DGX006 missing trusted receipts and stale/cross-case reviews fail closed (3.4233ms)
gateway-web	Run pnpm test	2026-10-08T08:04:56.0786117Z ✔ DGX006 Owner-only boundary needs independently resolved authorization (0.6403ms)
gateway-web	Run pnpm test	2026-10-08T08:04:56.0787565Z ✔ DGX006 another case or participant independence receipt cannot unlock this candidate (0.87ms)
gateway-web	Run pnpm test	2026-10-08T08:04:56.0789066Z ✔ DGX006 bounded appeal requires new evidence or specific procedural/factual error (1.3813ms)
gateway-web	Run pnpm test	2026-10-08T08:04:56.0790645Z ✔ DGX whole-series runner executes failing child tests despite inherited Node test context (2404.4355ms)
gateway-web	Run pnpm test	2026-10-08T08:04:56.0793415Z ✔ DGX whole-series runner records positive executed test count with inherited context cleared (1813.9133ms)
gateway-web	Run pnpm test	2026-10-08T08:04:56.0803698Z ✔ DGX007 governance case survives restart; immutable identity and bounded revisions (33.9669ms)
gateway-web	Run pnpm test	2026-10-08T08:04:56.0810732Z ✔ DGX007 missing upstream ports cannot fabricate assignments results or release (12.0384ms)
gateway-web	Run pnpm test	2026-10-08T08:04:56.0812832Z ✔ DGX007 corrupt/unavailable governance storage is observable and isolated (4.5161ms)
gateway-web	Run pnpm test	2026-10-08T08:04:56.0817075Z ✔ DGX990 two-pass case information boundary survives restart before defence is admitted (192.8197ms)
gateway-web	Run pnpm test	2026-10-08T08:04:56.0819564Z ✔ DGX003 service rejects forged author host and adjudicator session in otherwise valid receipts (175.048ms)
gateway-web	Run pnpm test	2026-10-08T08:04:56.0821263Z ✔ DGX007 persisted encoding respects the same byte bound as the reader (135.5299ms)
gateway-web	Run pnpm test	2026-10-08T08:04:56.0823752Z ✔ DGX006 pending appeal cannot be erased by recalculating the same release (6.9481ms)
gateway-web	Run pnpm test	2026-10-08T08:04:56.0825294Z ✔ DGX005 accepted contributor claims discover conflict and force revalidation without deleting evidence (123.3664ms)
gateway-web	Run pnpm test	2026-10-08T08:04:56.0827240Z ✔ DGX990 integrated candidate cannot lower the immutable Owner-only case boundary (267.6871ms)
gateway-web	Run pnpm test	2026-10-08T08:04:56.0828611Z ✔ DGX002 real PCF thin extension rejects another canonical task before compilation (2.9762ms)
gateway-web	Run pnpm test	2026-10-08T08:04:56.0830114Z ✔ DGX990 real substrate result binds trusted execution identity and survives restart with joint reviewer (125.4274ms)
gateway-web	Run pnpm test	2026-10-08T08:04:56.0831750Z ✔ DGX990 cross-candidate substrate receipt cannot enter the case or remove uncertainty (68.5317ms)
gateway-web	Run pnpm test	2026-10-08T08:04:56.0833703Z ✔ DGX007 Web discovers governance, imports case and traces L0 to exact L2 evidence without task mutation (3594.6493ms)
gateway-web	Run pnpm test	2026-10-08T08:04:56.0835435Z ✔ different assistants receive different authorized scopes from the same Digital-Me (6.1599ms)
gateway-web	Run pnpm test	2026-10-08T08:04:56.0836725Z ✔ a denied scope is a typed refusal with no partial leakage (0.4825ms)
gateway-web	Run pnpm test	2026-10-08T08:04:56.0837958Z ✔ assistant profile and relationship changes never change canonical records (0.7832ms)
gateway-web	Run pnpm test	2026-10-08T08:04:56.0840081Z ✔ a private fact is not surfaced through another audience without disclosure authorization (1.9658ms)
gateway-web	Run pnpm test	2026-10-08T08:04:56.0841571Z ✔ cross-assistant private memory is never visible to another assistant (0.4983ms)
gateway-web	Run pnpm test	2026-10-08T08:04:56.0842818Z ✔ least data by default, with values only when the purpose needs them (1.1506ms)
gateway-web	Run pnpm test	2026-10-08T08:04:56.0844228Z ✔ stale context is reported rather than served, and device-ephemeral context is never durable (1.0623ms)
gateway-web	Run pnpm test	2026-10-08T08:04:56.0845780Z ✔ every projection carries provenance, and the surface is strict (0.6282ms)
gateway-web	Run pnpm test	2026-10-08T08:04:56.0847218Z ✔ record fields named after Object.prototype members are refused (0.8289ms)
gateway-web	Run pnpm test	2026-10-08T08:04:56.0848220Z ✔ a replayed or future-dated record is never served as current (1.2699ms)
gateway-web	Run pnpm test	2026-10-08T08:04:56.0849312Z ✔ a policy grant is read from the policy itself, never from the prototype chain (1.0492ms)
gateway-web	Run pnpm test	2026-10-08T08:04:56.0850344Z ✔ a SENSITIVE record is not released like an ordinary one (0.9471ms)
gateway-web	Run pnpm test	2026-10-08T08:04:56.0851303Z ✔ a cyclic or over-deep record is a typed refusal, not a stack overflow (0.7156ms)
gateway-web	Run pnpm test	2026-10-08T08:04:56.0852427Z ✔ a calendar-impossible instant is refused, not merely shape-checked (0.2651ms)
gateway-web	Run pnpm test	2026-10-08T08:04:56.0853521Z ✔ a record must be a bare own-property object (0.3777ms)
gateway-web	Run pnpm test	2026-10-08T08:04:56.0854618Z ✔ assistant-private memory belongs to the assistant that owns it (0.6948ms)
gateway-web	Run pnpm test	2026-10-08T08:04:56.0855902Z ✔ the port hands out copies, and refuses two records under one id (0.6029ms)
gateway-web	Run pnpm test	2026-10-08T08:04:56.0857275Z ✔ a malformed record refuses the whole query before anything is assembled (0.5985ms)
gateway-web	Run pnpm test	2026-10-08T08:04:56.0858671Z ✔ the gateway does not read authority from a live policy object (0.3479ms)
gateway-web	Run pnpm test	2026-10-08T08:04:56.0859980Z ✔ values are released only for an explicit includeValues boolean (0.8361ms)
gateway-web	Run pnpm test	2026-10-08T08:04:56.0861382Z ✔ device-ephemeral context cannot smuggle durable or sensitive facts (0.6076ms)
gateway-web	Run pnpm test	2026-10-08T08:04:56.0862925Z ✔ one attention_id is one logical question however many projections it carries (6.4532ms)
gateway-web	Run pnpm test	2026-10-08T08:04:56.0864318Z ✔ the current interaction device always carries the actionable projection (9.0841ms)
gateway-web	Run pnpm test	2026-10-08T08:04:56.0865949Z ✔ only the configured 2-3 recent eligible devices receive auxiliary projections (2.7181ms)
gateway-web	Run pnpm test	2026-10-08T08:04:56.0867906Z ✔ recent devices are ranked by user interaction, never by uptime or heartbeat (27.1925ms)
gateway-web	Run pnpm test	2026-10-08T08:04:56.0869470Z ✔ the first valid acknowledgement closes the question globally and withdraws the rest (1.2325ms)
gateway-web	Run pnpm test	2026-10-08T08:04:56.0887599Z ✔ a response routes back to the originating connector whichever device answered (6.1961ms)
gateway-web	Run pnpm test	2026-10-08T08:04:56.0892529Z ✔ reconnect, refresh and repeated delivery never ring the same epoch twice (16.63ms)
gateway-web	Run pnpm test	2026-10-08T08:04:56.0893525Z ✔ quiet, full-screen and protected use suppress sound but keep the notification (0.6861ms)
gateway-web	Run pnpm test	2026-10-08T08:04:56.0894263Z ✔ a non-blocking informational event is delivered visibly without ringing (2.7272ms)
gateway-web	Run pnpm test	2026-10-08T08:04:56.0894902Z ✔ withdrawal closes a question, and the envelope is strict (2.1283ms)
gateway-web	Run pnpm test	2026-10-08T08:04:56.0895812Z ✔ attention fields named after Object.prototype members are refused (0.7491ms)
gateway-web	Run pnpm test	2026-10-08T08:04:56.0896955Z ✔ a "recent" device is bounded on both sides, and never duplicated (0.4977ms)
gateway-web	Run pnpm test	2026-10-08T08:04:56.0898240Z ✔ a different question under a live attention id is refused (0.6751ms)
gateway-web	Run pnpm test	2026-10-08T08:04:56.0899139Z ✔ a malformed instant cannot half-apply a transition (0.7079ms)
gateway-web	Run pnpm test	2026-10-08T08:04:56.0899818Z ✔ a response routes exactly once (0.6557ms)
gateway-web	Run pnpm test	2026-10-08T08:04:56.0900710Z ✔ a response that cannot be stored is refused before the routing is committed (0.9292ms)
gateway-web	Run pnpm test	2026-10-08T08:04:56.0901876Z ✔ canonical state holds handle references, never plaintext secrets (35.7988ms)
gateway-web	Run pnpm test	2026-10-08T08:04:56.0903062Z ✔ each auth mode maps to exactly one reference kind, and NONE needs no handle (5.3327ms)
gateway-web	Run pnpm test	2026-10-08T08:04:56.0904264Z ✔ secret values are absent from logs and errors even when the secure store fails (1.7624ms)
gateway-web	Run pnpm test	2026-10-08T08:04:56.0905841Z ✔ an expired session becomes EXPIRED/NEEDS_USER with a job-scoped AttentionEnvelope (3.144ms)
gateway-web	Run pnpm test	2026-10-08T08:04:56.0907115Z ✔ restart restores permitted persistent session references, and only those (8.1677ms)
gateway-web	Run pnpm test	2026-10-08T08:04:56.0908335Z ✔ missing secure-store support degrades honestly with no plaintext fallback (1.5546ms)
gateway-web	Run pnpm test	2026-10-08T08:04:56.0909703Z ✔ legacy DeepSeek env discovery is consumable through the abstraction without becoming the schema (1.8227ms)
gateway-web	Run pnpm test	2026-10-08T08:04:56.0911052Z ✔ the profile contract is declarative, versioned and lifecycle-honest (3.7495ms)
gateway-web	Run pnpm test	2026-10-08T08:04:56.0912190Z ✔ a handle reference that is secret material never reaches canonical state (1.8536ms)
gateway-web	Run pnpm test	2026-10-08T08:04:56.0913187Z ✔ binding refuses an ambiguous secret-or-handle request (0.899ms)
gateway-web	Run pnpm test	2026-10-08T08:04:56.0914108Z ✔ an uninterpretable instant is never fresh, READY or recorded (1.1219ms)
gateway-web	Run pnpm test	2026-10-08T08:04:56.0915053Z ✔ a user-action requirement is a boolean, not a truthy flag (0.6692ms)
gateway-web	Run pnpm test	2026-10-08T08:04:56.0915880Z ✔ canonical records are plain own-key objects (2.3304ms)
gateway-web	Run pnpm test	2026-10-08T08:04:56.0916723Z ✔ a cyclic caller value is refused instead of crashing the scan (0.6156ms)
gateway-web	Run pnpm test	2026-10-08T08:04:56.0922343Z ✔ restore validates a snapshot entry as strictly as a registration (1.3624ms)
gateway-web	Run pnpm test	2026-10-08T08:04:56.0923757Z ✔ revocation stays observable after the handle is cleared (0.8481ms)
gateway-web	Run pnpm test	2026-10-08T08:04:56.0926159Z ✔ a rotation revokes the handle it replaces instead of abandoning it (0.7989ms)
gateway-web	Run pnpm test	2026-10-08T08:04:56.0928486Z ✔ a well-shaped record may not carry a secret in a legitimate field (1.0254ms)
gateway-web	Run pnpm test	2026-10-08T08:04:56.0929529Z ✔ everything the scan calls a secret is redacted (0.8989ms)
gateway-web	Run pnpm test	2026-10-08T08:04:56.0930623Z ✔ a hidden own field on a snapshot entry is not copied into canonical state (0.5641ms)
gateway-web	Run pnpm test	2026-10-08T08:04:56.0931904Z ✔ legacy discovery never binds the key into a foreign default profile (0.7955ms)
gateway-web	Run pnpm test	2026-10-08T08:04:56.0933063Z ✔ a caller field is validated and stored as the same value (0.3451ms)
gateway-web	Run pnpm test	2026-10-08T08:04:56.0934152Z ✔ a refused restore installs nothing and never replaces a live profile (0.665ms)
gateway-web	Run pnpm test	2026-10-08T08:04:56.0935189Z ✔ revoke reports whether the store released the secret (0.8689ms)
gateway-web	Run pnpm test	2026-10-08T08:04:56.0936098Z ✔ freshness cannot be rewound behind the layer clock (0.8045ms)
gateway-web	Run pnpm test	2026-10-08T08:04:56.0937058Z ✔ carrying a stale expiry over a new credential is observable (2.4568ms)
gateway-web	Run pnpm test	2026-10-08T08:04:56.0938541Z ✔ the SDK validates a definition and documents what an author must supply (15.2251ms)
gateway-web	Run pnpm test	2026-10-08T08:04:56.0939283Z ✔ a synthetic third connector passes the conformance harness without core edits (25.9962ms)
gateway-web	Run pnpm test	2026-10-08T08:04:56.0940965Z ✔ adapter exceptions, timeouts and malformed results are isolated to the faulting adapter (3.3066ms)
gateway-web	Run pnpm test	2026-10-08T08:04:56.0942562Z ✔ optional provider absence is a typed state that blocks nothing and fabricates nothing (1.3476ms)
gateway-web	Run pnpm test	2026-10-08T08:04:56.0943660Z ✔ Claude Code and WorkBuddy adapters use the SDK path, and acceptance needs real host evidence (1.1245ms)
gateway-web	Run pnpm test	2026-10-08T08:04:56.0944502Z ✔ adding an adapter alters neither the EngineeringManagerPort nor the scheduling core (0.5662ms)
gateway-web	Run pnpm test	2026-10-08T08:04:56.0945171Z ✔ the SDK surface is strict, frozen and free of ambient state (1.2578ms)
gateway-web	Run pnpm test	2026-10-08T08:04:56.0945916Z ✔ a definition cannot be declared with mistyped policy fields or an impossible instant (0.6032ms)
gateway-web	Run pnpm test	2026-10-08T08:04:56.0946719Z ✔ a cyclic port result crosses the boundary as a frozen cycle, not as the adapter own object (0.5646ms)
gateway-web	Run pnpm test	2026-10-08T08:04:56.0947437Z ✔ a non-cloneable port result is a typed refusal instead of a live object (0.7718ms)
gateway-web	Run pnpm test	2026-10-08T08:04:56.0948180Z ✔ the harness does not certify a connector that silently accepts an unsupported capability (0.7262ms)
gateway-web	Run pnpm test	2026-10-08T08:04:56.0948952Z ✔ the harness does not certify a connector that silently accepts an unsupported control (0.6865ms)
gateway-web	Run pnpm test	2026-10-08T08:04:56.0949759Z ✔ an enabled adapter whose product is not installed is not usable, not selected and not accepted (0.4646ms)
gateway-web	Run pnpm test	2026-10-08T08:04:56.0950764Z ✔ only a faulted adapter can be cleared, and the fault record survives the clearing (0.6301ms)
gateway-web	Run pnpm test	2026-10-08T08:04:56.0951409Z ✔ re-declaring availability cannot revive a faulted adapter (0.6881ms)
gateway-web	Run pnpm test	2026-10-08T08:04:56.0952085Z ✔ the registry refuses an adapter the SDK did not wrap, so isolation cannot be bypassed (0.5178ms)
gateway-web	Run pnpm test	2026-10-08T08:04:56.0952832Z ✔ a caller-declared acceptance says so instead of implying the SDK verified a host (0.6358ms)
gateway-web	Run pnpm test	2026-10-08T08:04:56.0953496Z ✔ an error whose code getter throws is still an isolated, typed fault (0.4245ms)
gateway-web	Run pnpm test	2026-10-08T08:04:56.0954166Z ✔ the harness refuses a connector that reports a state outside the vocabulary (0.5129ms)
gateway-web	Run pnpm test	2026-10-08T08:04:56.0954833Z ✔ the harness refuses a declared capability the connector does not report (1.0138ms)
gateway-web	Run pnpm test	2026-10-08T08:04:56.0955521Z ✔ the harness proves the unsupported-control expectation instead of skipping it (0.515ms)
gateway-web	Run pnpm test	2026-10-08T08:04:56.0956266Z ✔ a definition whose handlers are only inherited is refused, not claimed as satisfied (0.1508ms)
gateway-web	Run pnpm test	2026-10-08T08:04:56.0956973Z ✔ a definition stores the methods it validated, including non-enumerable ones (0.2566ms)
gateway-web	Run pnpm test	2026-10-08T08:04:56.0957606Z ✔ a non-conformant connector is given no core-edit certificate (0.3841ms)
gateway-web	Run pnpm test	2026-10-08T08:04:56.0958759Z ✔ a runtime that throws is not evidence and does not break the acceptance summary (0.3034ms)
gateway-web	Run pnpm test	2026-10-08T08:04:56.0959471Z ✔ fault identities are unique across adapters of the same kind in one process (0.6216ms)
gateway-web	Run pnpm test	2026-10-08T08:04:56.0960134Z ✔ a connector manifest declares runtime, capabilities, needs and budgets (5.694ms)
gateway-web	Run pnpm test	2026-10-08T08:04:56.0960795Z ✔ a connector manifest has no credential slot, and raw secrets are refused (0.6152ms)
gateway-web	Run pnpm test	2026-10-08T08:04:56.0961454Z ✔ policy decides permissions and an adapter can never grant itself one (0.8819ms)
gateway-web	Run pnpm test	2026-10-08T08:04:56.0962017Z ✔ undeclared capability or method calls are refused (0.9739ms)
gateway-web	Run pnpm test	2026-10-08T08:04:56.0962609Z ✔ the pipeline runs detect, select, adapt, validate, standardize and unify (1.0964ms)
gateway-web	Run pnpm test	2026-10-08T08:04:56.0963257Z ✔ one malformed connector cannot prevent another connector from loading (1.0753ms)
gateway-web	Run pnpm test	2026-10-08T08:04:56.0963947Z ✔ loading two synthetic connectors with different capabilities needs no core change (1.4332ms)
gateway-web	Run pnpm test	2026-10-08T08:04:56.0964624Z ✔ the runtime hosts two synthetic connectors with different capabilities (1.854ms)
gateway-web	Run pnpm test	2026-10-08T08:04:56.0965313Z ✔ startup is bounded and a process that never becomes ready is stopped, not awaited (1.1204ms)
gateway-web	Run pnpm test	2026-10-08T08:04:56.0966000Z ✔ a failing spawn is data, and a failing invocation does not crash the runtime (1.0077ms)
gateway-web	Run pnpm test	2026-10-08T08:04:56.0966765Z ✔ heartbeat freshness is bounded by the manifest interval (0.7407ms)
gateway-web	Run pnpm test	2026-10-08T08:04:56.0967323Z ✔ restarts are bounded and exhaustion is a terminal safe mode (1.2895ms)
gateway-web	Run pnpm test	2026-10-08T08:04:56.0967901Z ✔ logs are bounded by the manifest and redactable by caller policy (1.2051ms)
gateway-web	Run pnpm test	2026-10-08T08:04:56.0968499Z ✔ runtime lifecycle is honest about state and unknown instances (0.6616ms)
gateway-web	Run pnpm test	2026-10-08T08:04:56.0969134Z ✔ undeclared keys inherited from Object.prototype are refused at every level (1.905ms)
gateway-web	Run pnpm test	2026-10-08T08:04:56.0969800Z ✔ a secret-shaped name is refused in its plural and compound spellings (0.5263ms)
gateway-web	Run pnpm test	2026-10-08T08:04:56.0970456Z ✔ raw credential bytes are refused in any field, not only a secret-shaped one (1.2314ms)
gateway-web	Run pnpm test	2026-10-08T08:04:56.0971030Z ✔ a connector cannot forge the runtime kind it won (0.7253ms)
gateway-web	Run pnpm test	2026-10-08T08:04:56.0971585Z ✔ a nullish adapter cannot stop the other connectors from loading (1.5037ms)
gateway-web	Run pnpm test	2026-10-08T08:04:56.0972188Z ✔ a manifest carrying a reserved prototype key is refused at unify (0.3993ms)
gateway-web	Run pnpm test	2026-10-08T08:04:56.0972812Z ✔ heartbeat freshness is measured in one unit, whatever the clock returns (0.4619ms)
gateway-web	Run pnpm test	2026-10-08T08:04:56.0973395Z ✔ a heartbeat cannot resurrect a process that was killed (0.5133ms)
gateway-web	Run pnpm test	2026-10-08T08:04:56.0973998Z ✔ start persists the mediated intersection and bounds the spawn request (0.6945ms)
gateway-web	Run pnpm test	2026-10-08T08:04:56.0974792Z ✔ one adapter producing un-copyable output cannot stop the others loading (0.5144ms)
gateway-web	Run pnpm test	2026-10-08T08:04:56.0975381Z ✔ a connector entry reference is confined to its own root (0.6962ms)
gateway-web	Run pnpm test	2026-10-08T08:04:56.0975996Z ✔ one canonical job is observed by Web and Android without duplicate execution (5.8834ms)
gateway-web	Run pnpm test	2026-10-08T08:04:56.0976607Z ✔ the interaction device may differ from the execution device (0.6186ms)
gateway-web	Run pnpm test	2026-10-08T08:04:56.0977254Z ✔ remote fallback requires explicit approval and local allowed work stays local (1.0787ms)
gateway-web	Run pnpm test	2026-10-08T08:04:56.0978226Z ✔ attention comes from shared state and one acknowledgement reconciles every projection (1.6021ms)
gateway-web	Run pnpm test	2026-10-08T08:04:56.0979148Z ✔ user-visible success comes only from a terminal accepted result (1.3135ms)
gateway-web	Run pnpm test	2026-10-08T08:04:56.0979885Z ✔ advanced provenance exposes identifiers without leaking secrets, and the surface is strict (2.1883ms)
gateway-web	Run pnpm test	2026-10-08T08:04:56.0980711Z ✔ the surface policy cannot be used to switch the canonical binding or the attention source off (0.5439ms)
gateway-web	Run pnpm test	2026-10-08T08:04:56.0981438Z ✔ an impossible instant is refused everywhere it could become evidence (0.4301ms)
gateway-web	Run pnpm test	2026-10-08T08:04:56.0982091Z ✔ a hidden, symbol-keyed or header-shaped secret is still secret material (0.9178ms)
gateway-web	Run pnpm test	2026-10-08T08:04:56.0982700Z ✔ a cancelled job is finished even though it carries no result (0.7302ms)
gateway-web	Run pnpm test	2026-10-08T08:04:56.0983258Z ✔ control authority is bound to the job, not to whoever calls (0.5017ms)
gateway-web	Run pnpm test	2026-10-08T08:04:56.0983886Z ✔ a retry re-queues failed work only and never revives or duplicates execution (0.6062ms)
gateway-web	Run pnpm test	2026-10-08T08:04:56.0984648Z ✔ the first terminal result is the job truth and malformed artifacts are refused, not dropped (0.7068ms)
gateway-web	Run pnpm test	2026-10-08T08:04:56.0985308Z ✔ an attention-required backend is not rendered as success (0.488ms)
gateway-web	Run pnpm test	2026-10-08T08:04:56.0985925Z ✔ the surface reports the execution device it was given and never invents one (0.2174ms)
gateway-web	Run pnpm test	2026-10-08T08:04:56.0986618Z ✔ owner and executor separation is about the owner and the executor connector (0.2335ms)
gateway-web	Run pnpm test	2026-10-08T08:04:56.0987223Z ✔ canonical refs are unique across surfaces in one process (0.3836ms)
gateway-web	Run pnpm test	2026-10-08T08:04:56.0987910Z ✔ an attention acknowledgement records the subject it answers and the read views are frozen (0.6539ms)
gateway-web	Run pnpm test	2026-10-08T08:04:56.0988684Z ✔ a finished job is not re-opened for attention and an answered question is not reset (1.0088ms)
gateway-web	Run pnpm test	2026-10-08T08:04:56.0989300Z ✔ a blocking canonical question gates progress and resume (0.4826ms)
gateway-web	Run pnpm test	2026-10-08T08:04:56.0989878Z ✔ attention and approvals answer only to devices connected to the job (0.5326ms)
gateway-web	Run pnpm test	2026-10-08T08:04:56.0990675Z ✔ an object is not a provenance reference, and a nested payload is refused (0.4411ms)
gateway-web	Run pnpm test	2026-10-08T08:04:56.0991264Z ✔ the secret scan reads maps, sets and records it cannot read (0.1766ms)
gateway-web	Run pnpm test	2026-10-08T08:04:56.0991948Z ✔ a lease belongs to one job and a shared task core confirms the binding when one is wired in (0.6316ms)
gateway-web	Run pnpm test	2026-10-08T08:04:56.0992775Z ✔ a result that is not a success is not accepted as one, and an uncloneable artifact is a typed refusal (0.464ms)
gateway-web	Run pnpm test	2026-10-08T08:04:56.0993525Z ✔ the surface names where control came from and scopes its structural claims (0.2333ms)
gateway-web	Run pnpm test	2026-10-08T08:04:56.0994159Z ✔ a DAG is validated and only dependency-satisfied work is runnable (7.5436ms)
gateway-web	Run pnpm test	2026-10-08T08:04:56.0994900Z ✔ two writers cannot hold the same protected scope at once, and conflicts are reported not merged (1.1735ms)
gateway-web	Run pnpm test	2026-10-08T08:04:56.0995719Z ✔ resource pressure scales workers down and pauses new work without failing completed work (1.0243ms)
gateway-web	Run pnpm test	2026-10-08T08:04:56.0996418Z ✔ one-worker serial mode uses the same lifecycle and acceptance path (0.8105ms)
gateway-web	Run pnpm test	2026-10-08T08:04:56.0997137Z ✔ bounded retry and reassignment never duplicate a terminal result or an external effect (2.1722ms)
gateway-web	Run pnpm test	2026-10-08T08:04:56.0997901Z ✔ worker selection is capability and placement based with no provider-name branching (0.7194ms)
gateway-web	Run pnpm test	2026-10-08T08:04:56.0999186Z ✔ a controlled restart keeps completed work and never resumes stale state as success (2.4478ms)
gateway-web	Run pnpm test	2026-10-08T08:04:56.0999881Z ✔ a terminal result is immutable against late and out-of-order reports (0.7098ms)
gateway-web	Run pnpm test	2026-10-08T08:04:56.1000445Z ✔ a stall or crash report cannot re-open completed work (0.4728ms)
gateway-web	Run pnpm test	2026-10-08T08:04:56.1001019Z ✔ the attempt budget is a bound at dispatch, not only in the stall path (0.6354ms)
gateway-web	Run pnpm test	2026-10-08T08:04:56.1001658Z ✔ a running node cannot be dispatched twice into two concurrent attempts (0.4809ms)
gateway-web	Run pnpm test	2026-10-08T08:04:56.1002318Z ✔ a named worker is a choice, not a bypass of capability, readiness or capacity (0.9026ms)
gateway-web	Run pnpm test	2026-10-08T08:04:56.1002914Z ✔ every foreman bound is validated rather than trusted (0.774ms)
gateway-web	Run pnpm test	2026-10-08T08:04:56.1003428Z ✔ a worker with running attempts cannot be re-registered (0.4608ms)
gateway-web	Run pnpm test	2026-10-08T08:04:56.1003928Z ✔ a node declaration is validated where it is used (0.7237ms)
gateway-web	Run pnpm test	2026-10-08T08:04:56.1004538Z ✔ a refused resume leaves the live queue intact, and a cyclic entry cannot overflow (0.6362ms)
gateway-web	Run pnpm test	2026-10-08T08:04:56.1005517Z ✔ an uninterpretable instant is refused rather than recorded (0.4576ms)
gateway-web	Run pnpm test	2026-10-08T08:04:56.1006588Z ✔ a handover or a cancel releases the worker slot it abandons (0.6205ms)
gateway-web	Run pnpm test	2026-10-08T08:04:56.1007764Z ✔ a restart keeps the completed-effect memory and a dependency list must be readable (0.743ms)
gateway-web	Run pnpm test	2026-10-08T08:04:56.1008991Z ✔ a node no worker can staff is reported instead of vanishing (0.4212ms)
gateway-web	Run pnpm test	2026-10-08T08:04:56.1010112Z ✔ a declaration the module cannot clone is a typed refusal, not a crash (0.9088ms)
gateway-web	Run pnpm test	2026-10-08T08:04:56.1011420Z ✔ an autonomous job needs an objective and bounded constraints, not an operation list (5.4929ms)
gateway-web	Run pnpm test	2026-10-08T08:04:56.1012870Z ✔ a scripted job without an executable specification is refused honestly, not admitted (0.5282ms)
gateway-web	Run pnpm test	2026-10-08T08:04:56.1014159Z ✔ the job envelope is strict about route, vocabulary and secrets (1.0763ms)
gateway-web	Run pnpm test	2026-10-08T08:04:56.1015286Z ✔ a partial or progress event can never mark a job terminal (0.9875ms)
gateway-web	Run pnpm test	2026-10-08T08:04:56.1016451Z ✔ late, duplicate and out-of-order events are deterministic and idempotent (2.9949ms)
gateway-web	Run pnpm test	2026-10-08T08:04:56.1017675Z ✔ a terminal result is final and cannot be resurrected by replay (2.8527ms)
gateway-web	Run pnpm test	2026-10-08T08:04:56.1019456Z ✔ a result must be honest: success needs acceptance, and versions must line up (1.6278ms)
gateway-web	Run pnpm test	2026-10-08T08:04:56.1020226Z ✔ artifact references preserve job, device and connector provenance (2.3206ms)
gateway-web	Run pnpm test	2026-10-08T08:04:56.1020904Z ✔ the protocol publishes its guarantees and stays transport neutral (0.8171ms)
gateway-web	Run pnpm test	2026-10-08T08:04:56.1021588Z ✔ unknown fields are refused even when named after Object.prototype members (3.4818ms)
gateway-web	Run pnpm test	2026-10-08T08:04:56.1022581Z ✔ a job record cannot be born terminal, and success is only reached through a result (1.4081ms)
gateway-web	Run pnpm test	2026-10-08T08:04:56.1023313Z ✔ an event from a superseded job version never acts on the current job (0.5762ms)
gateway-web	Run pnpm test	2026-10-08T08:04:56.1023975Z ✔ a replayed result is recognised by its content, not by its ref (1.1816ms)
gateway-web	Run pnpm test	2026-10-08T08:04:56.1024700Z ✔ a replayed artifact is recognised by its content and digest (0.85ms)
gateway-web	Run pnpm test	2026-10-08T08:04:56.1025297Z ✔ a malformed batch is refused with a typed contract error (0.615ms)
gateway-web	Run pnpm test	2026-10-08T08:04:56.1025975Z ✔ an ignored duplicate is recorded on the record, once, and stays idempotent (0.9032ms)
gateway-web	Run pnpm test	2026-10-08T08:04:56.1026696Z ✔ a calendar-impossible instant is refused, not merely shape-checked (0.7101ms)
gateway-web	Run pnpm test	2026-10-08T08:04:56.1027430Z ✔ a terminal announcement without a result is completed by the honest result (0.972ms)
gateway-web	Run pnpm test	2026-10-08T08:04:56.1028112Z ✔ the job record is immutable at every level, not only at the top (0.9959ms)
gateway-web	Run pnpm test	2026-10-08T08:04:56.1028733Z ✔ a non-enumerable own out-of-contract field is refused too (0.5233ms)
gateway-web	Run pnpm test	2026-10-08T08:04:56.1029345Z ✔ the structured result arrays are bounded like their siblings (34.0303ms)
gateway-web	Run pnpm test	2026-10-08T08:04:56.1029984Z ✔ a cyclic or over-deep envelope is refused, never a stack overflow (0.9286ms)
gateway-web	Run pnpm test	2026-10-08T08:04:56.1030738Z ✔ a provider-neutral autonomous job validates and keeps owner and executor distinct (4.6603ms)
gateway-web	Run pnpm test	2026-10-08T08:04:56.1031997Z ✔ scripted executors need explicit operations while agent modes must not carry them (1.314ms)
gateway-web	Run pnpm test	2026-10-08T08:04:56.1033439Z ✔ unknown version, state, mode, event type or port is rejected rather than guessed (1.7684ms)
gateway-web	Run pnpm test	2026-10-08T08:04:56.1034610Z ✔ foreign routes cannot be redefined as Engineering routes (3.8538ms)
gateway-web	Run pnpm test	2026-10-08T08:04:56.1035794Z ✔ provider product names are never a route and are never required by the core contract (1.9228ms)
gateway-web	Run pnpm test	2026-10-08T08:04:56.1037625Z ✔ Codex-Boss is rejected everywhere it could be referenced (0.608ms)
gateway-web	Run pnpm test	2026-10-08T08:04:56.1038503Z ✔ raw secrets are rejected while handle references are allowed (2.2754ms)
gateway-web	Run pnpm test	2026-10-08T08:04:56.1039105Z ✔ Engineering Manager stores only Engineering execution state (2.2864ms)
gateway-web	Run pnpm test	2026-10-08T08:04:56.1039628Z ✔ canonical events are typed and validated (0.7423ms)
gateway-web	Run pnpm test	2026-10-08T08:04:56.1040221Z ✔ one attention event projects to the current plus recent devices and rings once (1.322ms)
gateway-web	Run pnpm test	2026-10-08T08:04:56.1040973Z ✔ first attention acknowledgement closes the epoch globally and never rings again (0.8623ms)
gateway-web	Run pnpm test	2026-10-08T08:04:56.1041657Z ✔ reconnect and duplicate delivery do not re-ring an attention epoch (0.881ms)
gateway-web	Run pnpm test	2026-10-08T08:04:56.1042405Z ✔ a result cannot report success on a typed blocker, without acceptance or with failing tests (0.7685ms)
gateway-web	Run pnpm test	2026-10-08T08:04:56.1043164Z ✔ ports are versioned, replacement-safe and refuse non-conforming subjects (0.9003ms)
gateway-web	Run pnpm test	2026-10-08T08:04:56.1043864Z ✔ a deterministic connector double runs a scripted job without a real provider (0.922ms)
gateway-web	Run pnpm test	2026-10-08T08:04:56.1044725Z ✔ duplicate submit replays instead of creating a second job (3.0782ms)
gateway-web	Run pnpm test	2026-10-08T08:04:56.1045298Z ✔ control commands check version, transition and terminal state (4.559ms)
gateway-web	Run pnpm test	2026-10-08T08:04:56.1045932Z ✔ results are idempotent and cannot overwrite or resurrect a terminal job (4.2748ms)
gateway-web	Run pnpm test	2026-10-08T08:04:56.1046708Z ✔ canonical job identity survives restart/reconnect and rejects incompatible replay (1.5335ms)
gateway-web	Run pnpm test	2026-10-08T08:04:56.1047439Z ✔ remote fallback is measured, user-approved and preserves the logical owner (3.3778ms)
gateway-web	Run pnpm test	2026-10-08T08:04:56.1048220Z ✔ canonical serialization is order-independent and the schema matches the runtime contract (1.3664ms)
gateway-web	Run pnpm test	2026-10-08T08:04:56.1048866Z ✔ contract error type carries a stable code and status (0.198ms)
gateway-web	Run pnpm test	2026-10-08T08:04:56.1049463Z ✔ a secret-shaped field is refused in its plural and camelCase spellings too (0.3356ms)
gateway-web	Run pnpm test	2026-10-08T08:04:56.1050117Z ✔ foreign canonical state is refused in camelCase and separator variants (0.2256ms)
gateway-web	Run pnpm test	2026-10-08T08:04:56.1050759Z ✔ reserved prototype keys are refused at every depth of an owned state (0.3736ms)
gateway-web	Run pnpm test	2026-10-08T08:04:56.1051467Z ✔ an envelope refuses a reserved prototype key, so a wire payload cannot smuggle one (0.3078ms)
gateway-web	Run pnpm test	2026-10-08T08:04:56.1052145Z ✔ a codex-boss reference is caught however its separators are spelled (0.1342ms)
gateway-web	Run pnpm test	2026-10-08T08:04:56.1052910Z ✔ provider product names are caught however their separators are spelled (0.193ms)
gateway-web	Run pnpm test	2026-10-08T08:04:56.1053544Z ✔ an absent field and an explicitly null field have different digests (0.1693ms)
gateway-web	Run pnpm test	2026-10-08T08:04:56.1054312Z ✔ the published schema states the normalisation and reserved-key rules the runtime enforces (0.4785ms)
gateway-web	Run pnpm test	2026-10-08T08:04:56.1055017Z ✔ a healthy local host is used, with local concurrency as the answer (3.681ms)
gateway-web	Run pnpm test	2026-10-08T08:04:56.1055639Z ✔ resource pressure reduces local concurrency before any remote fallback (2.237ms)
gateway-web	Run pnpm test	2026-10-08T08:04:56.1056779Z ✔ a protected foreground workload blocks the local host rather than displacing the user (0.526ms)
gateway-web	Run pnpm test	2026-10-08T08:04:56.1057494Z ✔ an unmeasurable local host is unavailable, never assumed free (0.9601ms)
gateway-web	Run pnpm test	2026-10-08T08:04:56.1058089Z ✔ a faster or less loaded remote host alone never triggers fallback (1.9731ms)
gateway-web	Run pnpm test	2026-10-08T08:04:56.1058703Z ✔ remote fallback needs a measured reason and explicit user approval (1.8246ms)
gateway-web	Run pnpm test	2026-10-08T08:04:56.1059372Z ✔ candidates are ranked by capability fit, only after fallback is justified (14.4688ms)
gateway-web	Run pnpm test	2026-10-08T08:04:56.1059981Z ✔ a remote dispatch requires a recorded local attempt first (0.4932ms)
gateway-web	Run pnpm test	2026-10-08T08:04:56.1060485Z ✔ a measurement is a strict own-property record (1.5444ms)
gateway-web	Run pnpm test	2026-10-08T08:04:56.1061061Z ✔ a measured GPU load is used, and a contradictory worker count is unavailable (0.7735ms)
gateway-web	Run pnpm test	2026-10-08T08:04:56.1061637Z ✔ only a justified fallback proposal can be approved (1.1023ms)
gateway-web	Run pnpm test	2026-10-08T08:04:56.1062369Z ✔ both reference connectors register and resolve generically, with no provider branches in the core (4.0364ms)
gateway-web	Run pnpm test	2026-10-08T08:04:56.1063123Z ✔ installed, uninstalled and auth-required states are probed honestly (3.0317ms)
gateway-web	Run pnpm test	2026-10-08T08:04:56.1063742Z ✔ one canonical job id is preserved while backend ids stay provenance (1.5197ms)
gateway-web	Run pnpm test	2026-10-08T08:04:56.1064390Z ✔ unsupported operations become typed states instead of silence or success (1.0085ms)
gateway-web	Run pnpm test	2026-10-08T08:04:56.1065131Z ✔ an unknown outcome is never reported as success, and retries do not duplicate (1.0468ms)
gateway-web	Run pnpm test	2026-10-08T08:04:56.1065830Z ✔ component-stage acceptance is only claimed with genuine real-host evidence (0.7327ms)
gateway-web	Run pnpm test	2026-10-08T08:04:56.1066502Z ✔ the connector contract is strict, frozen and independent of ambient state (1.0588ms)
gateway-web	Run pnpm test	2026-10-08T08:04:56.1067180Z ✔ component acceptance needs a real terminal state, not an assumed one (0.6529ms)
gateway-web	Run pnpm test	2026-10-08T08:04:56.1068497Z ✔ a submit the backend refused is never reported as submitted (0.9899ms)
gateway-web	Run pnpm test	2026-10-08T08:04:56.1069463Z ✔ a control the backend refused does not close the session (1.0424ms)
gateway-web	Run pnpm test	2026-10-08T08:04:56.1071497Z ✔ an unreadable event stream is not an empty one (0.7665ms)
gateway-web	Run pnpm test	2026-10-08T08:04:56.1072390Z ✔ a result about another backend run is not this job outcome (0.5122ms)
gateway-web	Run pnpm test	2026-10-08T08:04:56.1073063Z ✔ a session the backend refused is not created (0.7564ms)
gateway-web	Run pnpm test	2026-10-08T08:04:56.1073580Z ✔ an uninterpretable instant is refused rather than recorded (0.6418ms)
gateway-web	Run pnpm test	2026-10-08T08:04:56.1074177Z ✔ acceptance is not claimed for a product this host did not install (0.6293ms)
gateway-web	Run pnpm test	2026-10-08T08:04:56.1074700Z ✔ a closed session is not reported as live work (0.4371ms)
gateway-web	Run pnpm test	2026-10-08T08:04:56.1075334Z ✔ the canonical job id addresses control, events and result, and backend refs come back (0.6428ms)
gateway-web	Run pnpm test	2026-10-08T08:04:56.1076084Z ✔ one logical action key executes the backend once, even after a cancel and re-attach (0.5718ms)
gateway-web	Run pnpm test	2026-10-08T08:04:56.1077194Z ✔ a connector kind is an own key, and a crashing probe degrades honestly (1.1344ms)
gateway-web	Run pnpm test	2026-10-08T08:04:56.1077905Z ✔ the registry refuses an under-specified connector and derives its emulated count (0.7428ms)
gateway-web	Run pnpm test	2026-10-08T08:04:56.1078807Z ✔ one connector kind may have two distinct instances (23.5219ms)
gateway-web	Run pnpm test	2026-10-08T08:04:56.1080394Z ✔ stale probe data is visible as stale and never silently healthy (1.7646ms)
gateway-web	Run pnpm test	2026-10-08T08:04:56.1081747Z ✔ auth READY is never inferred from a live process (1.5029ms)
gateway-web	Run pnpm test	2026-10-08T08:04:56.1082732Z ✔ a capability mismatch is a typed refusal before execution (1.7584ms)
gateway-web	Run pnpm test	2026-10-08T08:04:56.1083990Z ✔ the registry survives a probe that throws or times out (4.702ms)
gateway-web	Run pnpm test	2026-10-08T08:04:56.1085151Z ✔ registry records refuse raw credential material and keep handles only (3.5091ms)
gateway-web	Run pnpm test	2026-10-08T08:04:56.1086381Z ✔ records are strict, and eligibility reports fit without choosing a host (3.0886ms)
gateway-web	Run pnpm test	2026-10-08T08:04:56.1087591Z ✔ unknown fields are refused even when named after Object.prototype members (6.2494ms)
gateway-web	Run pnpm test	2026-10-08T08:04:56.1088671Z ✔ a future-dated probe is never fresh, and never silently usable (1.2641ms)
gateway-web	Run pnpm test	2026-10-08T08:04:56.1089734Z ✔ the typed refusal names the blocker that actually applies (0.77ms)
gateway-web	Run pnpm test	2026-10-08T08:04:56.1090720Z ✔ the auditable snapshot cannot be rewritten by its reader (2.3027ms)
gateway-web	Run pnpm test	2026-10-08T08:04:56.1091801Z ✔ a partial probe update leaves the fields it does not mention alone (1.3801ms)
gateway-web	Run pnpm test	2026-10-08T08:04:56.1092876Z ✔ a raw credential is refused by value as well as by key name (1.8512ms)
gateway-web	Run pnpm test	2026-10-08T08:04:56.1093963Z ✔ a cyclic or over-deep record is refused, never a stack overflow (1.5176ms)
gateway-web	Run pnpm test	2026-10-08T08:04:56.1095065Z ✔ a calendar-impossible instant is refused, not merely shape-checked (0.6157ms)
gateway-web	Run pnpm test	2026-10-08T08:04:56.1096043Z ✔ a probe cannot claim to stay current indefinitely (0.6705ms)
gateway-web	Run pnpm test	2026-10-08T08:04:56.1097331Z ✔ a failed probe is visible on the instance and blocks dispatch (2.1318ms)
gateway-web	Run pnpm test	2026-10-08T08:04:56.1098450Z ✔ a probe that reports not-installed cannot be a running, usable worker (0.6477ms)
gateway-web	Run pnpm test	2026-10-08T08:04:56.1099509Z ✔ an exempted reference field must still look like a reference (1.4615ms)
gateway-web	Run pnpm test	2026-10-08T08:04:56.1100374Z ✔ the evidence source travels with the answer (0.2911ms)
gateway-web	Run pnpm test	2026-10-08T08:04:56.1101369Z ✔ a remote dispatch needs an approved proposal and an eligible host (4.1975ms)
gateway-web	Run pnpm test	2026-10-08T08:04:56.1102659Z ✔ every channel returns to the current interaction surface, not to the execution device (2.7099ms)
gateway-web	Run pnpm test	2026-10-08T08:04:56.1103942Z ✔ the control plane follows the user when they move to another surface (2.8924ms)
gateway-web	Run pnpm test	2026-10-08T08:04:56.1105118Z ✔ stale and duplicate remote events are reconciled instead of re-applied (2.1596ms)
gateway-web	Run pnpm test	2026-10-08T08:04:56.1106244Z ✔ control is forwarded from any authorised device and applied once (1.2135ms)
gateway-web	Run pnpm test	2026-10-08T08:04:56.1107370Z ✔ a hardware-bound action is a typed blocker, never a fabricated success (0.4818ms)
gateway-web	Run pnpm test	2026-10-08T08:04:56.1108690Z ✔ context is staged semantically, and the port contract owns trust and transport elsewhere (0.8117ms)
gateway-web	Run pnpm test	2026-10-08T08:04:56.1110069Z ✔ the return path can only move onto a surface this module resolved for the same owner (0.7314ms)
gateway-web	Run pnpm test	2026-10-08T08:04:56.1111291Z ✔ a dispatch validates the executor reference and the capability list (0.6546ms)
gateway-web	Run pnpm test	2026-10-08T08:04:56.1112747Z ✔ the bridge itself refuses a second dispatch and keeps the run ledger (1.13ms)
gateway-web	Run pnpm test	2026-10-08T08:04:56.1113791Z ✔ an execution port that refuses is never reported as success (1.4316ms)
gateway-web	Run pnpm test	2026-10-08T08:04:56.1114915Z ✔ an attention reply reaches the originating worker through the respond path (0.919ms)
gateway-web	Run pnpm test	2026-10-08T08:04:56.1116193Z ✔ a control command without an idempotency key is refused rather than swallowed (0.6527ms)
gateway-web	Run pnpm test	2026-10-08T08:04:56.1117751Z ✔ an untransferable remote payload is refused without consuming its sequence (0.5674ms)
gateway-web	Run pnpm test	2026-10-08T08:04:56.1118962Z ✔ a physical-action block is observable and blocks a fabricated success (0.5296ms)
gateway-web	Run pnpm test	2026-10-08T08:04:56.1120054Z ✔ recording instants are validated rather than stored as given (0.6683ms)
gateway-web	Run pnpm test	2026-10-08T08:04:56.1121094Z ✔ the approval gate reads the proposal itself, not its prototype (0.5512ms)
gateway-web	Run pnpm test	2026-10-08T08:04:56.1122170Z ✔ a refused replay does not move where the run returns are delivered (0.4411ms)
gateway-web	Run pnpm test	2026-10-08T08:04:56.1123164Z ✔ an envelope field is validated and used exactly once (0.8076ms)
gateway-web	Run pnpm test	2026-10-08T08:04:56.1124068Z ✔ a device field is validated and projected exactly once (0.2934ms)
gateway-web	Run pnpm test	2026-10-08T08:04:56.1125137Z ✔ context staging enforces the bound and the cleanup policy it advertises (0.5845ms)
gateway-web	Run pnpm test	2026-10-08T08:04:56.1126408Z ✔ a return that reaches nobody is not normal remote-free operation (0.474ms)
gateway-web	Run pnpm test	2026-10-08T08:04:56.1127465Z ✔ a surface is resolved only from devices belonging to that owner (0.2848ms)
gateway-web	Run pnpm test	2026-10-08T08:04:56.1128783Z ✔ authority is split: the monitor senses, the supervisor restarts, and neither can do the other (10.964ms)
gateway-web	Run pnpm test	2026-10-08T08:04:56.1129859Z ✔ a stale or reused pid is never signalled (4.2717ms)
gateway-web	Run pnpm test	2026-10-08T08:04:56.1130779Z ✔ the restart budget ends in safe mode instead of an infinite loop (17.2092ms)
gateway-web	Run pnpm test	2026-10-08T08:04:56.1131882Z ✔ resume happens only after a checkpoint and a readiness confirmation (2.2203ms)
gateway-web	Run pnpm test	2026-10-08T08:04:56.1132882Z ✔ a terminal job does not resurrect after recovery (1.0067ms)
gateway-web	Run pnpm test	2026-10-08T08:04:56.1133811Z ✔ one crashed connector never terminates unrelated connectors (2.2056ms)
gateway-web	Run pnpm test	2026-10-08T08:04:56.1134863Z ✔ the contract is strict, frozen, and honest about stale observations (1.681ms)
gateway-web	Run pnpm test	2026-10-08T08:04:56.1136038Z ✔ pressure is the evidence the monitor recorded, not a copy the caller supplies (0.5406ms)
gateway-web	Run pnpm test	2026-10-08T08:04:56.1137089Z ✔ a policy bound that can be switched off is refused (1.8896ms)
gateway-web	Run pnpm test	2026-10-08T08:04:56.1138518Z ✔ an uninterpretable instant cannot make stale evidence fresh or release the cooldown (1.8485ms)
gateway-web	Run pnpm test	2026-10-08T08:04:56.1139895Z ✔ a throwing readiness or process hook is a typed outcome, not a half-applied restart (1.3954ms)
gateway-web	Run pnpm test	2026-10-08T08:04:56.1140872Z ✔ an absent confidence is no confidence (0.3639ms)
gateway-web	Run pnpm test	2026-10-08T08:04:56.1141763Z ✔ a caller structure that points at itself is refused, not fatal (0.7736ms)
gateway-web	Run pnpm test	2026-10-08T08:04:56.1142844Z ✔ a malformed active entry is reported rather than dropped (0.3471ms)
gateway-web	Run pnpm test	2026-10-08T08:04:56.1143874Z ✔ a minted decision is authority for one instance and one restart (0.8544ms)
gateway-web	Run pnpm test	2026-10-08T08:04:56.1145017Z ✔ an unrecordable port answer is not an untyped failure after a real restart (0.6222ms)
gateway-web	Run pnpm test	2026-10-08T08:04:56.1146222Z ✔ a readiness answer about another instance or checkpoint is not this resume (1.6036ms)
gateway-web	Run pnpm test	2026-10-08T08:04:56.1147348Z ✔ supervise refuses a malformed set instead of failing part-way (0.6567ms)
gateway-web	Run pnpm test	2026-10-08T08:04:56.1148485Z ✔ host-pass: the original contract still works and is labelled HOST_PASS (290.9573ms)
gateway-web	Run pnpm test	2026-10-08T08:04:56.1149778Z ✔ owner-override: an Owner ruling over a real blocker produces a VERIFIED episode (547.148ms)
gateway-web	Run pnpm test	2026-10-08T08:04:56.1150896Z ✔ owner-override without a migration blocker fails (196.7093ms)
gateway-web	Run pnpm test	2026-10-08T08:04:56.1151834Z ✔ owner-override without an owner ruling argument fails (164.9074ms)
gateway-web	Run pnpm test	2026-10-08T08:04:56.1152901Z ✔ owner-override whose intervention does not cite the ruling fails (101.7641ms)
gateway-web	Run pnpm test	2026-10-08T08:04:56.1154122Z ✔ owner-override without a verifier finding fails (91.9555ms)
gateway-web	Run pnpm test	2026-10-08T08:04:56.1155132Z ✔ owner-override whose verifier finding precedes the blocker fails (81.8838ms)
gateway-web	Run pnpm test	2026-10-08T08:04:56.1156163Z ✔ a final CI that is not PASS fails in owner-override too (91.1654ms)
gateway-web	Run pnpm test	2026-10-08T08:04:56.1156957Z ✔ the same host for both roles fails (139.4006ms)
gateway-web	Run pnpm test	2026-10-08T08:04:56.1158224Z ✔ an inbox that already has a host PASS cannot use owner-override (71.8647ms)
gateway-web	Run pnpm test	2026-10-08T08:04:56.1159614Z ✔ --owner-ruling is rejected in host-pass mode (65.7322ms)
gateway-web	Run pnpm test	2026-10-08T08:04:56.1160852Z ✔ owner-waived host separation: an Owner ruling lets the migration host finish verification (100.2163ms)
gateway-web	Run pnpm test	2026-10-08T08:04:56.1161988Z ✔ a strict episode records hostSeparation STRICT (85.2346ms)
gateway-web	Run pnpm test	2026-10-08T08:04:56.1162818Z ✔ owner-waived without --completing-host fails (93.4998ms)
gateway-web	Run pnpm test	2026-10-08T08:04:56.1163611Z ✔ owner-waived without --owner-ruling fails (195.4911ms)
gateway-web	Run pnpm test	2026-10-08T08:04:56.1164632Z ✔ owner-waived whose completing host produced no verification events fails (389.6904ms)
gateway-web	Run pnpm test	2026-10-08T08:04:56.1165679Z ✔ owner-waived whose record cites no ruling fails (681.4609ms)
gateway-web	Run pnpm test	2026-10-08T08:04:56.1166800Z ✔ owner-waived is refused when the completing host is already the verification host (78.9105ms)
gateway-web	Run pnpm test	2026-10-08T08:04:56.1168194Z ✔ owner-waived still refuses a verification event from a host that does not participate (94.4475ms)
gateway-web	Run pnpm test	2026-10-08T08:04:56.1169594Z ✔ --completing-host is rejected in strict host separation (147.3065ms)
gateway-web	Run pnpm test	2026-10-08T08:04:56.1170686Z ✔ strict host separation still refuses the same host for both roles (85.7973ms)
gateway-web	Run pnpm test	2026-10-08T08:04:56.1171785Z ✔ a finished Action is never re-opened by a later observation (2.6853ms)
gateway-web	Run pnpm test	2026-10-08T08:04:56.1172859Z ✔ an in-flight Action still follows the City task it is reporting on (0.3335ms)
gateway-web	Run pnpm test	2026-10-08T08:04:56.1174171Z ✔ the reserved GENERAL_AI route answers a typed UNAVAILABLE and never becomes a City task (6.4282ms)
gateway-web	Run pnpm test	2026-10-08T08:04:56.1175552Z ✔ a reordered idempotency key is the same request, and a different one is refused (25.3109ms)
gateway-web	Run pnpm test	2026-10-08T08:04:56.1176994Z ✔ UXI-301 feed: real telemetry becomes a load vector, and unmeasured dimensions stay missing (84.2466ms)
gateway-web	Run pnpm test	2026-10-08T08:04:56.1178558Z ✔ UXI-301 feed: disk CAPACITY is not reported as io LOAD (1.2166ms)
gateway-web	Run pnpm test	2026-10-08T08:04:56.1179591Z ✔ UXI-301 feed: the node mapping mirrors the gateway liveness truth (0.4154ms)
gateway-web	Run pnpm test	2026-10-08T08:04:56.1180933Z ✔ UXI-391: the candidate carries an EXPLICIT enablement, and an explicit disable is honoured (2.7698ms)
gateway-web	Run pnpm test	2026-10-08T08:04:56.1182368Z ✔ UXI-301 feed: eligibility terms come from RS-202 and are all declared in the contract (2.6247ms)
gateway-web	Run pnpm test	2026-10-08T08:04:56.1183616Z ✔ UXI-301 feed: an ONLINE, healthy node must NOT present as unusable (3.4464ms)
gateway-web	Run pnpm test	2026-10-08T08:04:56.1184731Z ✔ UXI-301 feed: COMPLETED is reachable ONLY from a terminal City state (4.6261ms)
gateway-web	Run pnpm test	2026-10-08T08:04:56.1185994Z ✔ UXI-301 feed: a healthy node plus a cold one offers waiting, never a forced choice (0.6852ms)
gateway-web	Run pnpm test	2026-10-08T08:04:56.1187384Z ✔ UXI-301 feed: a structurally refused fleet DOES demand a choice and withholds waiting (0.5121ms)
gateway-web	Run pnpm test	2026-10-08T08:04:56.1188671Z ✔ UXI-301 feed: the producer rejects malformed input rather than guessing (2.2647ms)
gateway-web	Run pnpm test	2026-10-08T08:04:56.1190032Z ✔ UXI-301 feed: the feed is versioned, lists its candidates, and hides finished work by default (1.899ms)
gateway-web	Run pnpm test	2026-10-08T08:04:56.1191409Z ✔ UXI-301 feed: termsInUse reports only declared terms, so a UI can preload copy (0.7479ms)
gateway-web	Run pnpm test	2026-10-08T08:04:56.1192723Z ✔ UXI-301 feed: an empty City produces an empty feed rather than a fabricated status (0.2201ms)
gateway-web	Run pnpm test	2026-10-08T08:04:56.1194021Z ✔ UXI-301 feed: a node already running OTHER work reports real capacity pressure (0.6593ms)
gateway-web	Run pnpm test	2026-10-08T08:04:56.1195233Z ✔ UXI-301 feed: capacity pressure clears once the other work finishes (1.0779ms)
gateway-web	Run pnpm test	2026-10-08T08:04:56.1197354Z ✔ UXI-301 feed: two busy nodes and one free node is reported truthfully per node (0.7916ms)
gateway-web	Run pnpm test	2026-10-08T08:04:56.1198696Z ✔ versioned authenticated gateway rejects unsafe commands and persists history (211.3463ms)
gateway-web	Run pnpm test	2026-10-08T08:04:56.1200255Z ✔ the post-restart resume decision is owned by the migrated checkpoint gate (64.888ms)
gateway-web	Run pnpm test	2026-10-08T08:04:56.1201597Z ✔ the gateway places work on exactly the nodes its own policy and the Core both accept (1283.1397ms)
gateway-web	Run pnpm test	2026-10-08T08:04:56.1202937Z ✔ an interrupted task is never falsified as success across a gateway restart (84.2236ms)
gateway-web	Run pnpm test	2026-10-08T08:04:56.1204094Z ✔ no API network call happens before consent and budget admission (6.7385ms)
gateway-web	Run pnpm test	2026-10-08T08:04:56.1205368Z ✔ a Web failure proposes API but never grants it, and budget does not stand in for consent (2.3892ms)
gateway-web	Run pnpm test	2026-10-08T08:04:56.1206674Z ✔ rate limit, auth and provider faults stay typed and never look like success (3.8488ms)
gateway-web	Run pnpm test	2026-10-08T08:04:56.1207798Z ✔ usage the provider did not report stays unknown, never zero (1.0898ms)
gateway-web	Run pnpm test	2026-10-08T08:04:56.1209085Z ✔ streaming is supported only where the adapter says so, and secrets never reach provenance (1.3976ms)
gateway-web	Run pnpm test	2026-10-08T08:04:56.1210396Z ✔ channel state stays isolated, frozen and free of ambient behaviour (0.7103ms)
gateway-web	Run pnpm test	2026-10-08T08:04:56.1211661Z ✔ budget policy limits must be real numbers, so the second gate cannot vanish (0.657ms)
gateway-web	Run pnpm test	2026-10-08T08:04:56.1212669Z ✔ provider usage that is negative is not usage (0.2817ms)
gateway-web	Run pnpm test	2026-10-08T08:04:56.1213746Z ✔ secrets are found and redacted however they are hidden (0.6455ms)
gateway-web	Run pnpm test	2026-10-08T08:04:56.1214826Z ✔ an admitted call with no usable adapter is a typed refusal, not a crash (0.7672ms)
gateway-web	Run pnpm test	2026-10-08T08:04:56.1216126Z ✔ the budget result does not claim knowledge it does not have (1.0679ms)
gateway-web	Run pnpm test	2026-10-08T08:04:56.1217398Z ✔ one conversation continues while backend thread, provider and device metadata change (41.2619ms)
gateway-web	Run pnpm test	2026-10-08T08:04:56.1218775Z ✔ backend thread loss is reported and never becomes a silent false continuation (19.8075ms)
gateway-web	Run pnpm test	2026-10-08T08:04:56.1219962Z ✔ InputBundle enforces bounds, media type, digest and provenance (17.0272ms)
gateway-web	Run pnpm test	2026-10-08T08:04:56.1221140Z ✔ temporary staging metadata always carries an explicit cleanup policy (19.1485ms)
gateway-web	Run pnpm test	2026-10-08T08:04:56.1222519Z ✔ partial events are ordered, versioned and never terminal, and RF envelopes stay non-canonical (2.0374ms)
gateway-web	Run pnpm test	2026-10-08T08:04:56.1223986Z ✔ cancellation is idempotent, works across channel changes, and reconciles late results (1.8403ms)
gateway-web	Run pnpm test	2026-10-08T08:04:56.1225263Z ✔ the conversation contract is closed, frozen and identity-independent (1.851ms)
gateway-web	Run pnpm test	2026-10-08T08:04:56.1226247Z ✔ the canonical contract allow-list is decided by own keys (0.7884ms)
gateway-web	Run pnpm test	2026-10-08T08:04:56.1227414Z ✔ the conversation policy is a bound, and a non-boolean cannot disable verification (0.7005ms)
gateway-web	Run pnpm test	2026-10-08T08:04:56.1228749Z ✔ a cyclic caller value cannot crash the freezer, and attachments are canonical records (0.9698ms)
gateway-web	Run pnpm test	2026-10-08T08:04:56.1229857Z ✔ a malformed caller instant is refused as a typed error (1.18ms)
gateway-web	Run pnpm test	2026-10-08T08:04:56.1230718Z ✔ a settled turn cannot accept further transport data (0.9545ms)
gateway-web	Run pnpm test	2026-10-08T08:04:56.1231708Z ✔ a refused call leaves no partial write and no poisoned projection (0.5604ms)
gateway-web	Run pnpm test	2026-10-08T08:04:56.1232728Z ✔ each late result is reconciled under its own reference (0.6506ms)
gateway-web	Run pnpm test	2026-10-08T08:04:56.1233820Z ✔ the published stream carries cancellation and a conversation-level order (0.9807ms)
gateway-web	Run pnpm test	2026-10-08T08:04:56.1234748Z ✔ every free-text field is bounded (1.576ms)
gateway-web	Run pnpm test	2026-10-08T08:04:56.1235578Z ✔ the staging cleanup deadline is a decision, not decoration (1.0925ms)
gateway-web	Run pnpm test	2026-10-08T08:04:56.1237027Z ✔ GENERAL_AI is reserved as a user-level route and the legacy routes are untouched (2.942ms)
gateway-web	Run pnpm test	2026-10-08T08:04:56.1238351Z ✔ a historical product name is not a route, and an unknown route is refused not guessed (0.3736ms)
gateway-web	Run pnpm test	2026-10-08T08:04:56.1239594Z ✔ the gateway route vocabulary is exactly the contract vocabulary (0.5978ms)
gateway-web	Run pnpm test	2026-10-08T08:04:56.1240786Z ✔ a canonical general-AI request validates and keeps typed backend references (3.0312ms)
gateway-web	Run pnpm test	2026-10-08T08:04:56.1241984Z ✔ unknown version, channel, state and malformed input are refused (1.177ms)
gateway-web	Run pnpm test	2026-10-08T08:04:56.1243383Z ✔ no canonical envelope may carry raw credential, cookie or token bytes (0.9764ms)
gateway-web	Run pnpm test	2026-10-08T08:04:56.1244610Z ✔ provider, model, attention, usage and proposal envelopes validate strictly (0.9727ms)
gateway-web	Run pnpm test	2026-10-08T08:04:56.1245859Z ✔ partial output cannot mark an Action terminal and terminal status is final (0.5435ms)
gateway-web	Run pnpm test	2026-10-08T08:04:56.1247211Z ✔ a partial result carries in-flight status and a result envelope carries a terminal one (0.8543ms)
gateway-web	Run pnpm test	2026-10-08T08:04:56.1248512Z ✔ an idempotency key replayed for the same request returns the first result (0.751ms)
gateway-web	Run pnpm test	2026-10-08T08:04:56.1249664Z ✔ the same idempotency key bound to a different request is refused (0.4449ms)
gateway-web	Run pnpm test	2026-10-08T08:04:56.1250783Z ✔ a deterministic local answer never reaches a general-AI channel (0.4085ms)
gateway-web	Run pnpm test	2026-10-08T08:04:56.1251923Z ✔ Web is the default channel and JEV failure degrades instead of blocking (0.1457ms)
gateway-web	Run pnpm test	2026-10-08T08:04:56.1253149Z ✔ Web failure does not silently trigger API, and API needs explicit user consent (0.2228ms)
gateway-web	Run pnpm test	2026-10-08T08:04:56.1254347Z ✔ budget policy runs after consent and can never substitute for it (0.2686ms)
gateway-web	Run pnpm test	2026-10-08T08:04:56.1255592Z ✔ another device is proposed, never chosen, and the interaction device does not move (0.4496ms)
gateway-web	Run pnpm test	2026-10-08T08:04:56.1257472Z ✔ API escalation requires a user confirmation reference, not a budget decision (0.6751ms)
gateway-web	Run pnpm test	2026-10-08T08:04:56.1258630Z ✔ a decision that needs the user becomes an attention request (0.4541ms)
gateway-web	Run pnpm test	2026-10-08T08:04:56.1259712Z ✔ JEV output is advisory and a JEV failure degrades instead of blocking (0.5601ms)
gateway-web	Run pnpm test	2026-10-08T08:04:56.1260886Z ✔ programme ports are versioned, and non-conforming subjects are refused (0.5251ms)
gateway-web	Run pnpm test	2026-10-08T08:04:56.1262008Z ✔ the deterministic remote double never fakes a completed run (0.8179ms)
gateway-web	Run pnpm test	2026-10-08T08:04:56.1263154Z ✔ the repository carries no runtime dependency on the historical product (261.037ms)
gateway-web	Run pnpm test	2026-10-08T08:04:56.1264328Z ✔ the contract publishes its routing guarantees and error vocabulary (0.2591ms)
gateway-web	Run pnpm test	2026-10-08T08:04:56.1265788Z ✔ undeclared keys inherited from Object.prototype are refused, and a prototype key never is canonical (1.1054ms)
gateway-web	Run pnpm test	2026-10-08T08:04:56.1267432Z ✔ a secret-shaped name is refused in its plural and compound spellings, and a quantity is not a secret (0.5215ms)
gateway-web	Run pnpm test	2026-10-08T08:04:56.1268880Z ✔ raw credential bytes are refused in any field, not only in a secret-shaped one (0.4525ms)
gateway-web	Run pnpm test	2026-10-08T08:04:56.1270250Z ✔ a partial result cannot claim a terminal status by relabelling or omitting its source (2.4166ms)
gateway-web	Run pnpm test	2026-10-08T08:04:56.1271525Z ✔ UNAVAILABLE is final for this action, and entering it is still allowed (0.3451ms)
gateway-web	Run pnpm test	2026-10-08T08:04:56.1272658Z ✔ an advisory assessment carries advisory fields and nothing else (0.8694ms)
gateway-web	Run pnpm test	2026-10-08T08:04:56.1274076Z ✔ the linkage scanner catches real dependency shapes it used to miss, and still ignores provenance prose (0.6476ms)
gateway-web	Run pnpm test	2026-10-08T08:04:56.1275466Z ✔ availability, health, auth, rate limit and budget stay separate signals (6.4725ms)
gateway-web	Run pnpm test	2026-10-08T08:04:56.1277034Z ✔ stale health is distinguishable from healthy and never reported as healthy (0.9716ms)
gateway-web	Run pnpm test	2026-10-08T08:04:56.1278329Z ✔ a transient technical failure follows a bounded retry and backoff policy (0.7569ms)
gateway-web	Run pnpm test	2026-10-08T08:04:56.1279595Z ✔ human-blocked and ambiguous failures never auto-resume as a technical retry (0.9999ms)
gateway-web	Run pnpm test	2026-10-08T08:04:56.1280847Z ✔ circuits are scoped so one failure cannot trip all AI or the local surfaces (2.3478ms)
gateway-web	Run pnpm test	2026-10-08T08:04:56.1282056Z ✔ a Web failure degrades honestly and never silently escalates to the API (0.8685ms)
gateway-web	Run pnpm test	2026-10-08T08:04:56.1283135Z ✔ the governor is strict, frozen, and free of ambient state (1.2287ms)
gateway-web	Run pnpm test	2026-10-08T08:04:56.1284018Z ✔ the resilience policy bounds are real bounds (0.6219ms)
gateway-web	Run pnpm test	2026-10-08T08:04:56.1284913Z ✔ a malformed caller instant is refused as a typed error (0.9835ms)
gateway-web	Run pnpm test	2026-10-08T08:04:56.1285982Z ✔ a side-effecting failure is not retried without an idempotency key (0.6005ms)
gateway-web	Run pnpm test	2026-10-08T08:04:56.1287400Z ✔ a cyclic value cannot crash the freezer, and a degraded availability is named (0.3501ms)
gateway-web	Run pnpm test	2026-10-08T08:04:56.1288364Z ✔ the governor policy is a plain record (0.1929ms)
gateway-web	Run pnpm test	2026-10-08T08:04:56.1289255Z ✔ a caller instant cannot extend or shorten a circuit cooldown (0.7963ms)
gateway-web	Run pnpm test	2026-10-08T08:04:56.1290191Z ✔ an acknowledgment survives a replayed failure (0.4884ms)
gateway-web	Run pnpm test	2026-10-08T08:04:56.1291295Z ✔ a non-boolean flag cannot silently drop a proposal or an idempotency requirement (0.4279ms)
gateway-web	Run pnpm test	2026-10-08T08:04:56.1292712Z ✔ a degraded or unknown availability is never ready, and the report agrees with the query (0.9936ms)
gateway-web	Run pnpm test	2026-10-08T08:04:56.1294069Z ✔ provider, model and account identities stay distinct across multiple accounts (23.5393ms)
gateway-web	Run pnpm test	2026-10-08T08:04:56.1295282Z ✔ stale capability metadata is visible as stale and reads as unknown (0.9655ms)
gateway-web	Run pnpm test	2026-10-08T08:04:56.1296662Z ✔ WEB and API readiness are answered independently and may differ (0.9072ms)
gateway-web	Run pnpm test	2026-10-08T08:04:56.1297805Z ✔ a missing provider, model or account produces typed absence, not a throw (1.6883ms)
gateway-web	Run pnpm test	2026-10-08T08:04:56.1298976Z ✔ canonical records refuse raw secret material and keep handles only (1.5417ms)
gateway-web	Run pnpm test	2026-10-08T08:04:56.1300102Z ✔ the registry starts empty and works entirely with synthetic providers (1.1688ms)
gateway-web	Run pnpm test	2026-10-08T08:04:56.1301293Z ✔ registry records are strict about their shape (2.2774ms)
gateway-web	Run pnpm test	2026-10-08T08:04:56.1302291Z ✔ undeclared keys inherited from Object.prototype are refused (1.0994ms)
gateway-web	Run pnpm test	2026-10-08T08:04:56.1303337Z ✔ a secret-shaped name is refused in its plural and compound spellings (0.3683ms)
gateway-web	Run pnpm test	2026-10-08T08:04:56.1304583Z ✔ raw credential bytes are refused in a declared text field, not only under a secret-shaped name (0.8604ms)
gateway-web	Run pnpm test	2026-10-08T08:04:56.1305975Z ✔ one reference cannot name two records, and a parent binding cannot be re-pointed (2.0752ms)
gateway-web	Run pnpm test	2026-10-08T08:04:56.1307119Z ✔ a handle reference is content-addressed and epoch-scoped (0.3645ms)
gateway-web	Run pnpm test	2026-10-08T08:04:56.1308220Z ✔ a stale or unavailable channel is not advertised as supported (0.675ms)
gateway-web	Run pnpm test	2026-10-08T08:04:56.1309515Z ✔ a missing subject reports its own absence code, and a future observation is not fresh (0.3446ms)
gateway-web	Run pnpm test	2026-10-08T08:04:56.1310856Z ✔ RS-201: enablement is REQUIRED, so an omitted field can never read as enabled (0.6852ms)
gateway-web	Run pnpm test	2026-10-08T08:04:56.1312482Z ✔ RS-201: enablement accepts exactly the two declared states and nothing that merely looks like one (2.4189ms)
gateway-web	Run pnpm test	2026-10-08T08:04:56.1313992Z ✔ RS-201: DISABLED is a user choice, not a capability fact, and does not contaminate freshness (0.6214ms)
gateway-web	Run pnpm test	2026-10-08T08:04:56.1315425Z ✔ RS-201: region is required but explicitly nullable, and is never inferred (0.9986ms)
gateway-web	Run pnpm test	2026-10-08T08:04:56.1317124Z ✔ RS-201: the availability reason vocabulary carries all seven required categories (0.2388ms)
gateway-web	Run pnpm test	2026-10-08T08:04:56.1318343Z ✔ RS-201: disable and re-enable are reversible and destroy nothing (0.5211ms)
gateway-web	Run pnpm test	2026-10-08T08:04:56.1319664Z ✔ RS-201: setEnablement refuses a bad state and answers a bad reference with a typed absence (0.8691ms)
gateway-web	Run pnpm test	2026-10-08T08:04:56.1321163Z ✔ RS-201: a provider with dependents is REFUSED removal, and the dependents are named (0.7701ms)
gateway-web	Run pnpm test	2026-10-08T08:04:56.1322677Z ✔ RS-201: removal tombstones the reference, so RETIRED is distinguishable from UNKNOWN (0.5027ms)
gateway-web	Run pnpm test	2026-10-08T08:04:56.1324188Z ✔ RS-201: restore is the explicit act that makes a removed reference registerable again (0.5171ms)
gateway-web	Run pnpm test	2026-10-08T08:04:56.1325635Z ✔ RS-201: unavailability never removes anything - only an explicit user remove() does (0.3026ms)
gateway-web	Run pnpm test	2026-10-08T08:04:56.1327025Z ✔ RS-201: models and accounts are removable once they have no dependents of their own (0.4139ms)
gateway-web	Run pnpm test	2026-10-08T08:04:56.1328380Z ✔ RS-201: a fresh, enabled, unimpeded record is the ONLY thing that reads AVAILABLE (0.4432ms)
gateway-web	Run pnpm test	2026-10-08T08:04:56.1329735Z ✔ RS-201: staleness is NOT live truth - a stale observation is UNKNOWN, never AVAILABLE (0.2799ms)
gateway-web	Run pnpm test	2026-10-08T08:04:56.1331289Z ✔ RS-201: region is checked only against a DECLARED region, so a neutral provider never mismatches (0.2399ms)
gateway-web	Run pnpm test	2026-10-08T08:04:56.1333151Z ✔ RS-201: session and credential reasons come from the account status, and stay apart (0.3784ms)
gateway-web	Run pnpm test	2026-10-08T08:04:56.1334669Z ✔ RS-201: a channel that is UNAVAILABLE is a service fault, and neither is selectable (0.1686ms)
gateway-web	Run pnpm test	2026-10-08T08:04:56.1336119Z ✔ RS-201: precedence is ordered and the user instruction outranks every observation (0.3941ms)
gateway-web	Run pnpm test	2026-10-08T08:04:56.1338159Z ✔ RS-201: the candidate list keeps refused entries WITH their reasons rather than hiding them (0.8988ms)
gateway-web	Run pnpm test	2026-10-08T08:04:56.1339609Z ✔ RS-201: an all-refused pool and an empty pool are distinct, named conditions (0.4346ms)
gateway-web	Run pnpm test	2026-10-08T08:04:56.1341003Z ✔ RS-201: a suggestion is structurally incapable of being an execution (0.5935ms)
gateway-web	Run pnpm test	2026-10-08T08:04:56.1342500Z ✔ RS-201: when nothing is selectable the suggestion says so instead of inventing a fallback (0.6695ms)
gateway-web	Run pnpm test	2026-10-08T08:04:56.1344063Z ✔ RS-201: a probe that answers inside the bound is FRESH, and is then served from cache (1.0762ms)
gateway-web	Run pnpm test	2026-10-08T08:04:56.1345464Z ✔ RS-201: the bound HOLDS - a probe that never answers cannot block the caller (40.6781ms)
gateway-web	Run pnpm test	2026-10-08T08:04:56.1346856Z ✔ RS-201: a missed bound degrades to the last known answer, marked as degraded and aged (40.9135ms)
gateway-web	Run pnpm test	2026-10-08T08:04:56.1348400Z ✔ RS-201: when nothing was ever known, the bound yields NO_DATA and never invents availability (30.368ms)
gateway-web	Run pnpm test	2026-10-08T08:04:56.1350166Z ✔ RS-201: a probe that throws degrades instead of propagating into the calling path (0.9081ms)
gateway-web	Run pnpm test	2026-10-08T08:04:56.1351532Z ✔ RS-201: the probe reports its own bounds and refuses an unusable configuration (0.2696ms)
gateway-web	Run pnpm test	2026-10-08T08:04:56.1352947Z ✔ RS-201: the outcome vocabulary keeps a degraded answer distinguishable from a fresh one (0.1356ms)
gateway-web	Run pnpm test	2026-10-08T08:04:56.1354368Z ✔ a healthy current device is preferred, so nothing moves and nothing is interrupted (5.2451ms)
gateway-web	Run pnpm test	2026-10-08T08:04:56.1356257Z ✔ endpoints are ranked from metadata only, and stale or offline ones are never healthy (2.2707ms)
gateway-web	Run pnpm test	2026-10-08T08:04:56.1357595Z ✔ no execution begins before the V1 device-switch confirmation (1.227ms)
gateway-web	Run pnpm test	2026-10-08T08:04:56.1359012Z ✔ exactly one canonical Action exists on the execution host, and every event correlates to it (1.4038ms)
gateway-web	Run pnpm test	2026-10-08T08:04:56.1360411Z ✔ remote cancel works from any authorized device and reconciles late results (1.5694ms)
gateway-web	Run pnpm test	2026-10-08T08:04:56.1361790Z ✔ hardware-bound authentication surfaces as ATTENTION_REQUIRED, never as false success (1.0998ms)
gateway-web	Run pnpm test	2026-10-08T08:04:56.1363276Z ✔ semantic input staging carries an explicit cleanup policy, and the router is strict (1.6936ms)
gateway-web	Run pnpm test	2026-10-08T08:04:56.1364581Z ✔ the policy cannot switch off confirmation or the health ceilings (0.6137ms)
gateway-web	Run pnpm test	2026-10-08T08:04:56.1365680Z ✔ the approved endpoint must still be healthy at dispatch time (0.5719ms)
gateway-web	Run pnpm test	2026-10-08T08:04:56.1366793Z ✔ a malformed caller instant is refused as a typed error (0.9924ms)
gateway-web	Run pnpm test	2026-10-08T08:04:56.1367884Z ✔ a settled action is not regressed by a late attention request (0.4822ms)
gateway-web	Run pnpm test	2026-10-08T08:04:56.1368942Z ✔ a cancellation event is terminal because the action is (0.4836ms)
gateway-web	Run pnpm test	2026-10-08T08:04:56.1370058Z ✔ a cyclic caller value cannot crash the freezer, and stored text is typed (1.0294ms)
gateway-web	Run pnpm test	2026-10-08T08:04:56.1371135Z ✔ a non-boolean requirement cannot skip an exclusion (0.3611ms)
gateway-web	Run pnpm test	2026-10-08T08:04:56.1372102Z ✔ a live action id cannot bypass the confirmation gates (0.6192ms)
gateway-web	Run pnpm test	2026-10-08T08:04:56.1373041Z ✔ an executor refusal is not recorded as a dispatch (0.4483ms)
gateway-web	Run pnpm test	2026-10-08T08:04:56.1374157Z ✔ a hardware-bound action stays addressable while it awaits the user (0.4234ms)
gateway-web	Run pnpm test	2026-10-08T08:04:56.1375814Z ✔ a success carries its result, and an exact replay is not applied twice (0.5196ms)
gateway-web	Run pnpm test	2026-10-08T08:04:56.1377008Z ✔ a cancellation is only reported when the executor accepted it (0.6792ms)
gateway-web	Run pnpm test	2026-10-08T08:04:56.1378191Z ✔ a known deterministic command consults no JEV and no provider (6.848ms)
gateway-web	Run pnpm test	2026-10-08T08:04:56.1379433Z ✔ JEV recommends, gateway policy decides, and both are independently auditable (1.0857ms)
gateway-web	Run pnpm test	2026-10-08T08:04:56.1380980Z ✔ unavailable, timed-out, malformed and low-confidence JEV is non-blocking (1.7547ms)
gateway-web	Run pnpm test	2026-10-08T08:04:56.1382068Z ✔ JEV cannot execute an Action or grant permission (1.1535ms)
gateway-web	Run pnpm test	2026-10-08T08:04:56.1383155Z ✔ engineering intent routes to the Engineering programme, never to General AI (3.5646ms)
gateway-web	Run pnpm test	2026-10-08T08:04:56.1384289Z ✔ the router is strict, frozen and free of ambient state (2.5556ms)
gateway-web	Run pnpm test	2026-10-08T08:04:56.1387127Z ✔ a classification that carries an execution is refused however it is hidden (0.8978ms)
gateway-web	Run pnpm test	2026-10-08T08:04:56.1388659Z ✔ policy values are validated, so a route cannot be invented or a gate removed (1.4773ms)
gateway-web	Run pnpm test	2026-10-08T08:04:56.1389790Z ✔ command records are strict and instants are real (1.7592ms)
gateway-web	Run pnpm test	2026-10-08T08:04:56.1390810Z ✔ deterministic local commands route exactly as before (4.6803ms)
gateway-web	Run pnpm test	2026-10-08T08:04:56.1392079Z ✔ an ordinary AI request produces a GENERAL_AI Action with provenance as advanced state (1.9728ms)
gateway-web	Run pnpm test	2026-10-08T08:04:56.1393704Z ✔ device-switch and API proposals never navigate the user away, and remote results return to the action (2.881ms)
gateway-web	Run pnpm test	2026-10-08T08:04:56.1395756Z ✔ an API proposal requires explicit confirmation and shows the budget outcome before execution (1.8557ms)
gateway-web	Run pnpm test	2026-10-08T08:04:56.1398590Z ✔ attention is projected into canonical shared state, never a GAI-only store (1.1517ms)
gateway-web	Run pnpm test	2026-10-08T08:04:56.1400111Z ✔ cancel and control work from Web and Android for the same Action, with one shared history (1.2268ms)
gateway-web	Run pnpm test	2026-10-08T08:04:56.1401668Z ✔ no path claims success while the backend is unavailable, and legacy routes are refused (1.9552ms)
gateway-web	Run pnpm test	2026-10-08T08:04:56.1403231Z ✔ nothing is reported as executed without a channel, and a confirmed device is not rewritten (0.5703ms)
gateway-web	Run pnpm test	2026-10-08T08:04:56.1404655Z ✔ the first terminal result is the action truth and cannot be rewritten (0.7652ms)
gateway-web	Run pnpm test	2026-10-08T08:04:56.1405990Z ✔ the advanced view keeps real identifiers and refuses unreadable provenance (1.1258ms)
gateway-web	Run pnpm test	2026-10-08T08:04:56.1407229Z ✔ a crashing port is a typed refusal and instants are real (0.8478ms)
gateway-web	Run pnpm test	2026-10-08T08:04:56.1408462Z ✔ a cancelled action cannot be advanced, proposed to, projected, or executed (0.633ms)
gateway-web	Run pnpm test	2026-10-08T08:04:56.1409699Z ✔ an approved API proposal is consumed by its one execution (0.5229ms)
gateway-web	Run pnpm test	2026-10-08T08:04:56.1411024Z ✔ a shared Attention port that refuses is refused, not claimed as canonical state (0.7055ms)
gateway-web	Run pnpm test	2026-10-08T08:04:56.1412573Z ✔ success is refused while canonical attention is outstanding, even after a resume (0.3499ms)
gateway-web	Run pnpm test	2026-10-08T08:04:56.1413919Z ✔ the routing policy decides whether the local matcher runs first (0.3389ms)
gateway-web	Run pnpm test	2026-10-08T08:04:56.1415023Z ✔ the canonical history names the device that acted (0.3193ms)
gateway-web	Run pnpm test	2026-10-08T08:04:56.1416511Z ✔ a device-switch confirmation cannot revive a cancelled action (0.5561ms)
gateway-web	Run pnpm test	2026-10-08T08:04:56.1417860Z ✔ Web is the default execution channel and execution is bound to a profile handle (4.0955ms)
gateway-web	Run pnpm test	2026-10-08T08:04:56.1419130Z ✔ a channel state that cannot execute is a typed refusal (2.4651ms)
gateway-web	Run pnpm test	2026-10-08T08:04:56.1420156Z ✔ partial output is never reported as the final result (0.9168ms)
gateway-web	Run pnpm test	2026-10-08T08:04:56.1420939Z ✔ cancel is typed and idempotent (0.7532ms)
gateway-web	Run pnpm test	2026-10-08T08:04:56.1422055Z ✔ a persistent login survives an allowed restart when the profile handle still resolves (1.1593ms)
gateway-web	Run pnpm test	2026-10-08T08:04:56.1423629Z ✔ a profile that cannot be resolved reports AUTH_REQUIRED instead of a silent fresh login (0.3129ms)
gateway-web	Run pnpm test	2026-10-08T08:04:56.1424983Z ✔ raw cookies, storage and tokens never enter persisted City state (1.0283ms)
gateway-web	Run pnpm test	2026-10-08T08:04:56.1426032Z ✔ real-provider acceptance is recorded, never fabricated (0.4392ms)
gateway-web	Run pnpm test	2026-10-08T08:04:56.1426874Z ✔ a restore may not take over a live session (0.8421ms)
gateway-web	Run pnpm test	2026-10-08T08:04:56.1427949Z ✔ a persisted state must be this module version and cannot hide raw browser state (1.7583ms)
gateway-web	Run pnpm test	2026-10-08T08:04:56.1428993Z ✔ a persisted instant must be a real instant (0.8123ms)
gateway-web	Run pnpm test	2026-10-08T08:04:56.1430481Z ✔ a persisted state must be a bare own-property object, and accountRef a reference (0.8218ms)
gateway-web	Run pnpm test	2026-10-08T08:04:56.1432032Z ✔ a completion whose session is gone is refused, and case-variant raw state is still raw state (0.7299ms)
gateway-web	Run pnpm test	2026-10-08T08:06:33.9473741Z ✔ two installation launchers share one City across ports and recover the same identity after a crash (102608.0218ms)
gateway-web	Run pnpm test	2026-10-08T08:06:34.1428945Z ✔ forgetting migrated enrollment cannot import the legacy credential again (194.2512ms)
gateway-web	Run pnpm test	2026-10-08T08:06:35.5275691Z ✔ remote short code enrolls with a local member agent and reconnects without launching a host City (1384.368ms)
gateway-web	Run pnpm test	2026-10-08T08:06:39.6409659Z ✔ PRIMARY launcher reports successful MEMBER transition and normal main restart preserves it (4114.7241ms)
gateway-web	Run pnpm test	2026-10-08T08:06:39.6561545Z ✔ host reservation is atomic across requested ports and retains the canonical data directory (104.726ms)
gateway-web	Run pnpm test	2026-10-08T08:06:39.6563362Z ✔ joining only demotes the local host, saves its admission name and leaves remote City intact (174.6208ms)
gateway-web	Run pnpm test	2026-10-08T08:06:39.6565175Z ✔ failed pairing and busy local work do not demote or write a new membership (48.498ms)
gateway-web	Run pnpm test	2026-10-08T08:06:39.6566778Z ✔ native production transition retires only local Gateway and its worker, while remote host stays primary (261.2534ms)
gateway-web	Run pnpm test	2026-10-08T08:06:39.6568914Z ✔ selected MEMBER role survives coordinator crash without replacing the original City pointer (4.958ms)
gateway-web	Run pnpm test	2026-10-08T08:06:39.6570839Z ✔ startup preflight recognizes old absolute Windows paths and refuses duplicate Cities (5.1954ms)
gateway-web	Run pnpm test	2026-10-08T08:06:39.6572479Z ✔ an interrupted Windows inventory is an explicit blocking error, never an empty host (1.3948ms)
gateway-web	Run pnpm test	2026-10-08T08:06:39.6574438Z ✔ a relative Gateway path with an inconclusive identity probe blocks startup (0.4112ms)
gateway-web	Run pnpm test	2026-10-08T08:06:39.6576823Z ✔ a cold Windows inventory timeout retries one complete scan before declaring the host empty (1.0729ms)
gateway-web	Run pnpm test	2026-10-08T08:06:39.6578259Z ✔ a persistent inventory timeout refuses after exactly two attempts (0.4946ms)
gateway-web	Run pnpm test	2026-10-08T08:06:39.6580337Z ✔ a non-timeout inventory error refuses without retrying (0.4236ms)
gateway-web	Run pnpm test	2026-10-08T08:06:39.6581658Z ✔ mixed timeout and non-timeout failures cannot hide a blocking inventory error (0.6457ms)
gateway-web	Run pnpm test	2026-10-08T08:06:39.6583992Z ✔ REVIEW JOIN-501 A1: when ANOTHER client replaces the canonical session, the first page stops showing a dead code (5533.8053ms)
gateway-web	Run pnpm test	2026-10-08T08:06:39.6586879Z ✔ REVIEW JOIN-501 A2: a real WebSocket drop and the product’s own reconnect neither create nor lose a session (6318.6695ms)
gateway-web	Run pnpm test	2026-10-08T08:06:39.6588529Z ✔ REVIEW JOIN-501 A3: a burst of same-task clicks can create at most one session (9354.8234ms)
gateway-web	Run pnpm test	2026-10-08T08:06:39.6590037Z ✔ REVIEW JOIN-501 A4: a code that expires while the tab is HIDDEN is not restored as ACTIVE (12458.4882ms)
gateway-web	Run pnpm test	2026-10-08T08:06:39.6591497Z ✔ JOIN-502: a join request grants nothing until an already trusted device approves it (125.5227ms)
gateway-web	Run pnpm test	2026-10-08T08:06:39.6592966Z ✔ JOIN-502: the browse is authenticated, and a nearby City never makes this City mint a pairing code (654.2045ms)
gateway-web	Run pnpm test	2026-10-08T08:06:39.6594403Z ✔ JOIN-502: a duplicate or replayed request is bounded, not a second approval card (33.3956ms)
gateway-web	Run pnpm test	2026-10-08T08:06:39.6595736Z ✔ JOIN-502: a rejected request stays rejected, and re-asking after a rejection is refused (34.5294ms)
gateway-web	Run pnpm test	2026-10-08T08:06:39.6597511Z ✔ JOIN-502: an expired request cannot be approved back into life, and expiry does not need a request to happen (40.783ms)
gateway-web	Run pnpm test	2026-10-08T08:06:39.6599129Z ✔ JOIN-502: the request list is BOUNDED, and a decision survives a City restart (63.3533ms)
gateway-web	Run pnpm test	2026-10-08T08:06:39.6600520Z ✔ JOIN-502: the state machine refuses what it cannot honour, instead of guessing (4.529ms)
gateway-web	Run pnpm test	2026-10-08T08:06:39.6602089Z ✔ JOIN-502: an approval reaches OTHER surfaces as a canonical event, not only the owner that made it (36.8539ms)
gateway-web	Run pnpm test	2026-10-08T08:06:39.6604756Z ✔ JOIN-502: decisions are canonical events, and their payloads carry no secret (30.3491ms)
gateway-web	Run pnpm test	2026-10-08T08:06:39.6607640Z ✔ JOIN-502: a discovery scan that outlives its City returns a list instead of throwing out of the process (793.033ms)
gateway-web	Run pnpm test	2026-10-08T08:06:39.6609379Z ✔ JOIN-502 discovery adapter: a discovered City is a candidate, never a credential (2.5812ms)
gateway-web	Run pnpm test	2026-10-08T08:06:39.6611010Z ✔ JOIN-502 discovery adapter: the same City advertised twice is ONE row, and the newest address wins (0.3152ms)
gateway-web	Run pnpm test	2026-10-08T08:06:39.6612986Z ✔ JOIN-502 discovery adapter: a stale or future-dated sighting is not offered, and an unidentified one is not merged (1.1678ms)
gateway-web	Run pnpm test	2026-10-08T08:06:39.6614759Z ✔ JOIN-502 discovery adapter: a row with no reachable endpoint is refused rather than offered (0.3433ms)
gateway-web	Run pnpm test	2026-10-08T08:06:39.6616470Z ✔ JOIN-502 discovery adapter: the probe fails SOFT - no probe, no fetch or a bad answer is an empty list (1.0845ms)
gateway-web	Run pnpm test	2026-10-08T08:06:39.6618370Z ✔ JOIN-502 gateway browse: mDNS records become RF-003 advertisements, and the contract still refuses to pair from them (2.2128ms)
gateway-web	Run pnpm test	2026-10-08T08:06:39.6620162Z ✔ JOIN-502 gateway browse: the view carries the ADVERTISED address and withholds it once stale (0.779ms)
gateway-web	Run pnpm test	2026-10-08T08:06:39.6621764Z ✔ JOIN-502 capability statement: a City states what it accepts instead of a client guessing (0.3071ms)
gateway-web	Run pnpm test	2026-10-08T08:06:39.6623256Z ✔ P1-P5 discovery, request, approval and exchange hold the workbook boundaries (362.1025ms)
gateway-web	Run pnpm test	2026-10-08T08:06:39.6624734Z     OBSERVED: /pairing/info bad-version -> 200; /pairing/session bad-version -> 409
gateway-web	Run pnpm test	2026-10-08T08:06:39.6626356Z ✔ P6 REGRESSION PROBE the version check on the legacy public pairing routes (38.6743ms)
gateway-web	Run pnpm test	2026-10-08T08:06:39.6628126Z ✔ the browse is reachable WITHOUT a credential, because a joining PC has none (2106.0295ms)
gateway-web	Run pnpm test	2026-10-08T08:06:39.6630174Z ✔ the DECISION routes stay authenticated: a public read must not widen into a public write (46.7579ms)
gateway-web	Run pnpm test	2026-10-08T08:06:39.6631598Z ✔ the version check still applies to the join routes that are public (32.593ms)
gateway-web	Run pnpm test	2026-10-08T08:06:39.6633131Z ✔ JOIN-502 surface: a nearby City is offered without being trusted, and joining waits for an approval (6119.285ms)
gateway-web	Run pnpm test	2026-10-08T08:06:39.6634984Z ✔ JOIN-502 surface: a refused browse still offers the fallbacks, and a rejected ask leaves the device untrusted (6953.2644ms)
gateway-web	Run pnpm test	2026-10-08T08:06:39.6636743Z ✔ JOIN-503 (1)(2): one join enrolls an installation, and a RESTART reconnects with nothing typed (171.236ms)
gateway-web	Run pnpm test	2026-10-08T08:06:39.6638469Z ✔ JOIN-503 (3): an EXPIRED session is replaced by an internal re-auth, with no user-visible token prompt (54.7819ms)
gateway-web	Run pnpm test	2026-10-08T08:06:39.6641014Z ✔ JOIN-503 (4)(5): REVOKE denies reconnect, and a revoked installation cannot mint new membership (53.647ms)
gateway-web	Run pnpm test	2026-10-08T08:06:39.6643550Z ✔ JOIN-503 (6): a REINSTALL mints new identities and is unbound until an explicit rebind (58.6942ms)
gateway-web	Run pnpm test	2026-10-08T08:06:39.6645303Z ✔ JOIN-503 (7): the secret-exposure sweep - no durable secret in the snapshot, events, records or a URL (40.8085ms)
gateway-web	Run pnpm test	2026-10-08T08:06:39.6647110Z ✔ JOIN-503: a broken or foreign device file is refused rather than half-used (5.5198ms)
gateway-web	Run pnpm test	2026-10-08T08:06:39.6648615Z ✔ JOIN-503 (8): the engineering manual fallback still exists and is not the default path (37.3057ms)
gateway-web	Run pnpm test	2026-10-08T08:06:39.6650213Z ✔ JOIN-503: an invite of either shape is understood, and junk is refused instead of guessed at (0.7405ms)
gateway-web	Run pnpm test	2026-10-08T08:06:39.6651902Z ✔ JOIN-503: enrollment events are emitted on a CLONE, which is the population-level half of detection (40.0142ms)
gateway-web	Run pnpm test	2026-10-08T08:06:39.6653459Z ✔ REVIEW JOIN-503 D-1/D-2: a session may act on ITSELF and on nothing else (207.0909ms)
gateway-web	Run pnpm test	2026-10-08T08:06:39.6654955Z ✔ D-1: an enrolled session may NOT revoke another installation, and the refusal really refuses (165.4523ms)
gateway-web	Run pnpm test	2026-10-08T08:06:39.6656477Z ✔ D-2: a session sees ONLY itself - not the roster, and not the City-wide clone scan (58.4089ms)
gateway-web	Run pnpm test	2026-10-08T08:06:39.6658007Z ✔ D-1/D-2: the owner keeps FULL authority, so the repair did not break the surface it protects (55.0909ms)
gateway-web	Run pnpm test	2026-10-08T08:06:39.6659480Z ✔ D-1/D-2: the two sibling guards the review compared against are still in place (52.1139ms)
gateway-web	Run pnpm test	2026-10-08T08:06:39.6661380Z ✔ Android approval enrolls a named member; durable reconnect survives City restart and self-revoke (311.1221ms)
gateway-web	Run pnpm test	2026-10-08T08:06:39.6663179Z ✔ LINK: two independent Cities link over a pipe the main City dialled out, and a join completes across it (144.8802ms)
gateway-web	Run pnpm test	2026-10-08T08:06:39.6664850Z ✔ MESH-301 naming: a fresh machine joins as Alien-Win, and that name is persisted (1.1477ms)
gateway-web	Run pnpm test	2026-10-08T08:06:39.6666815Z ✔ MESH-301 naming: RENAMING changes the label and never the physical identity (0.1652ms)
gateway-web	Run pnpm test	2026-10-08T08:06:39.6670200Z ✔ MESH-301 naming: the persisted identity beats the default even with no arguments at all (0.1493ms)
gateway-web	Run pnpm test	2026-10-08T08:06:39.6672601Z ✔ MESH-301 naming: an explicit environment identity wins and is persisted (0.2017ms)
gateway-web	Run pnpm test	2026-10-08T08:06:39.6673942Z ✔ MESH-301 naming: --id wins, and the flag does NOT swallow the display name (0.2092ms)
gateway-web	Run pnpm test	2026-10-08T08:06:39.6675482Z ✔ MESH-301 naming: an unreadable identity store does not stop the node, and the default still applies (0.2021ms)
gateway-web	Run pnpm test	2026-10-08T08:06:39.6678073Z ✔ targeting: an absent or empty target means untargeted, never an error (1.1063ms)
gateway-web	Run pnpm test	2026-10-08T08:06:39.6679623Z ✔ targeting: a malformed target is a typed refusal, not a silently ignored field (0.245ms)
gateway-web	Run pnpm test	2026-10-08T08:06:39.6682113Z ✔ targeting: the claim rule is total - untargeted always allowed, strict only for the named device (0.1988ms)
gateway-web	Run pnpm test	2026-10-08T08:06:39.6683798Z ✔ targeting: KNOWN, ONLINE and ELIGIBLE are three questions, and only the last one is claimable (0.4272ms)
gateway-web	Run pnpm test	2026-10-08T08:06:39.6685346Z ✔ targeting: a withheld task names the device it is held for and the device that asked (0.9618ms)
gateway-web	Run pnpm test	2026-10-08T08:06:39.6686621Z ✔ targeting: waiting means strict, unfinished and unclaimed (0.1643ms)
gateway-web	Run pnpm test	2026-10-08T08:06:39.6688039Z ✔ MESH-301 step 3: a strict target routes to one device, waits when that device is away, and never reroutes (1392.6534ms)
gateway-web	Run pnpm test	2026-10-08T08:06:39.6689719Z ✔ D-R1: a surface with two sockets is ONE surface, and only the last socket closing announces its departure (1206.247ms)
gateway-web	Run pnpm test	2026-10-08T08:06:39.6691697Z ✔ D-R1: an ANONYMOUS surface is still recorded, and anonymous sockets do not silence each other (757.7635ms)
gateway-web	Run pnpm test	2026-10-08T08:06:39.6693206Z ✔ records mission events and finalizes a verified episode (521.5893ms)
gateway-web	Run pnpm test	2026-10-08T08:06:39.6694393Z ✔ refuses same host for migration and verification (327.3954ms)
gateway-web	Run pnpm test	2026-10-08T08:06:39.6695883Z ✔ bounded canonical projection exposes active task, binding and exact event evidence without raw secrets (166.605ms)
gateway-web	Run pnpm test	2026-10-08T08:06:39.6698204Z ✔ overflow and missing history remain visible; fresh snapshot reflects canonical state, not cached truth (133.2773ms)
gateway-web	Run pnpm test	2026-10-08T08:06:39.6699804Z ✔ slow/disconnected observation never gates real canonical task persistence (111.8632ms)
gateway-web	Run pnpm test	2026-10-08T08:06:39.6714547Z ✔ real API claim/report projection follows persisted lifecycle and cannot execute commands (150.4966ms)
gateway-web	Run pnpm test	2026-10-08T08:06:39.6716055Z ✔ stalled HTTP monitor request and broken reader leave independent create/cancel requests working (127.1153ms)
gateway-web	Run pnpm test	2026-10-08T08:06:39.6717921Z ✔ invalid limits cannot create unbounded queries, single flight and unknown populations stay honest (131.3417ms)
gateway-web	Run pnpm test	2026-10-08T08:06:39.6719223Z ✔ deleted historical prefix and tail cannot be reported as complete history (117.0134ms)
gateway-web	Run pnpm test	2026-10-08T08:06:39.6720495Z ✔ Gateway shares outstanding observation and retains stale last view on later source failure (137.7938ms)
gateway-web	Run pnpm test	2026-10-08T08:06:39.6721727Z ✔ same LAN is direct, and it is chosen FIRST so the common case pays for nothing (2.2238ms)
gateway-web	Run pnpm test	2026-10-08T08:06:39.6723050Z ✔ a peer that cannot be dialled uses the outbound relay when one exists - no account, no router change (0.2045ms)
gateway-web	Run pnpm test	2026-10-08T08:06:39.6724224Z ✔ an overlay the user ALREADY has beats asking them to create one (0.1603ms)
gateway-web	Run pnpm test	2026-10-08T08:06:39.6725437Z ✔ a forwarded port is offered WITH its cost, as an Owner decision rather than a silent choice (0.1856ms)
gateway-web	Run pnpm test	2026-10-08T08:06:39.6727151Z ✔ two PCs on different networks with no relay and no overlay get an HONEST none plus the Owner question (0.2757ms)
gateway-web	Run pnpm test	2026-10-08T08:06:39.6728703Z ✔ a /24 mismatch is only used to prefer a direct attempt, never to claim reachability (0.1698ms)
gateway-web	Run pnpm test	2026-10-08T08:06:39.6729814Z ✔ loopback and Bluetooth are direct, with their reasons stated (0.2056ms)
gateway-web	Run pnpm test	2026-10-08T08:06:39.6731008Z ✔ the group plan reports the HARDEST peer as what the group requires, not the easiest (1.044ms)
gateway-web	Run pnpm test	2026-10-08T08:06:39.6732446Z ✔ when every peer needs the Owner, the plan says so and lists them rather than offering a spinner (0.3947ms)
gateway-web	Run pnpm test	2026-10-08T08:06:39.6733635Z ✔ an empty group and junk input are answered, not thrown at (0.3122ms)
gateway-web	Run pnpm test	2026-10-08T08:06:39.6734792Z ✔ the preference list is exported so the order is reviewable rather than buried (0.1914ms)
gateway-web	Run pnpm test	2026-10-08T08:06:39.6736070Z ✔ real node executes file checkpoint task; cancelled task stays cancelled (1171.4129ms)
gateway-web	Run pnpm test	2026-10-08T08:06:39.6737795Z ✔ Web argv JSON preserves empty args, whitespace, punctuation and quoted newlines (1.7465ms)
gateway-web	Run pnpm test	2026-10-08T08:06:39.6739167Z ✔ an explicit empty argv is valid and does not require invented arguments (1.4693ms)
gateway-web	Run pnpm test	2026-10-08T08:06:39.6740503Z ✔ Web Ask drafts open the real forms, preserve edits and invalidate old confirmations (3830.2699ms)
gateway-web	Run pnpm test	2026-10-08T08:06:39.6742046Z ✔ real HTTP Ask advertises owner controls but every draft leaves canonical task count unchanged (155.733ms)
gateway-web	Run pnpm test	2026-10-08T08:06:39.6743895Z ✔ Chinese remote request produces an editable draft, without guessing purpose or cwd (3.7215ms)
gateway-web	Run pnpm test	2026-10-08T08:06:39.6745377Z ✔ explicit English quoted fields and JSON argv are data, including shell punctuation (0.7031ms)
gateway-web	Run pnpm test	2026-10-08T08:06:39.6746760Z ✔ Agent request carries the actual instruction and still needs a title/purpose (0.904ms)
gateway-web	Run pnpm test	2026-10-08T08:06:39.6747943Z ✔ device name ambiguity remains unselected, even if both are online (0.3302ms)
gateway-web	Run pnpm test	2026-10-08T08:06:39.6749183Z ✔ unknown program is carried for review, never silently replaced with an allowed one (0.1946ms)
gateway-web	Run pnpm test	2026-10-08T08:06:39.6750496Z ✔ member cannot prepare owner controls, including a forged selection/confirm (0.6718ms)
gateway-web	Run pnpm test	2026-10-08T08:06:39.6751687Z ✔ switch OFF is unavailable, not successful and not an executable draft (0.2606ms)
gateway-web	Run pnpm test	2026-10-08T08:06:39.6752568Z ✔ legacy commands fall through unchanged and two owner targets are discoverable (0.3727ms)
gateway-web	Run pnpm test	2026-10-08T08:06:39.6753367Z ✔ credential replacement clears a completed owner draft and ignores old in-flight replies (55.9793ms)
gateway-web	Run pnpm test	2026-10-08T08:06:39.6754798Z ✔ unrelated members cannot read or mutate Owner tasks through generic projections (417.9234ms)
gateway-web	Run pnpm test	2026-10-08T08:06:39.6756495Z ✔ custom City lockout never directs users to an unrelated Alien host; explicit renewal remains usable (310.2638ms)
gateway-web	Run pnpm test	2026-10-08T08:06:39.6758086Z ✔ mDNS tries reachable advertised addresses instead of trusting lexical order (30.2395ms)
gateway-web	Run pnpm test	2026-10-08T08:06:39.6758812Z ✔ a multicast browse error is unavailable, not a successful empty search (1.2699ms)
gateway-web	Run pnpm test	2026-10-08T08:06:39.6759566Z ✔ Bluetooth scanning decodes the existing Android locator and reports unsupported hosts (1.4267ms)
gateway-web	Run pnpm test	2026-10-08T08:06:39.6760346Z ✔ Bluetooth discovery retains the default HTTP port and verifies the endpoint identity (1.7275ms)
gateway-web	Run pnpm test	2026-10-08T08:06:39.6761163Z ✔ N3: a pairing session offers a WEB link a second PC can open, without replacing the QR payload (35.1133ms)
gateway-web	Run pnpm test	2026-10-08T08:06:39.6761986Z ✔ N3: the session route hands the web link to the surface, so the page has something to show (158.481ms)
gateway-web	Run pnpm test	2026-10-08T08:06:39.6762652Z ✔ N3: the pairing entry exists in BOTH states the page can be in (2.2348ms)
gateway-web	Run pnpm test	2026-10-08T08:06:39.6763300Z ✔ N3: the page can take a link from the address bar, and it asks before it connects (1.367ms)
gateway-web	Run pnpm test	2026-10-08T08:06:39.6764050Z ✔ IDLE: no session exists until create() is called, and a read never changes that (1.7047ms)
gateway-web	Run pnpm test	2026-10-08T08:06:39.6764854Z ✔ generate once: exactly one ACTIVE session with the City payload kept verbatim (1.151ms)
gateway-web	Run pnpm test	2026-10-08T08:06:39.6766427Z ✔ ACTIVE is FINAL against re-generation: a second create() cannot rotate the code (1.0633ms)
gateway-web	Run pnpm test	2026-10-08T08:06:39.6767302Z ✔ ordinary reads keep the SAME id, code and payload (0.3116ms)
gateway-web	Run pnpm test	2026-10-08T08:06:39.6768014Z ✔ CONSUMED: the City reporting a different canonical session ends ACTIVE as USED, not as a mystery (0.273ms)
gateway-web	Run pnpm test	2026-10-08T08:06:39.6768884Z ✔ EXPIRED: the countdown tick ends the session, names it EXPIRED, and creates nothing (0.2237ms)
gateway-web	Run pnpm test	2026-10-08T08:06:39.6770255Z ✔ a second EXPLICIT generate after expiry produces a new, different session (0.3066ms)
gateway-web	Run pnpm test	2026-10-08T08:06:39.6771496Z ✔ a malformed session response creates nothing (a half-session is not rendered) (0.516ms)
gateway-web	Run pnpm test	2026-10-08T08:06:39.6772841Z ✔ reload persistence: the SAME valid session is restored, with its original expiry (0.7615ms)
gateway-web	Run pnpm test	2026-10-08T08:06:39.6774299Z ✔ a stored session that expired while the page was away comes back EXPIRED, never as a new code (0.4144ms)
gateway-web	Run pnpm test	2026-10-08T08:06:39.6776374Z ✔ a corrupt or foreign storage record is dropped rather than half-rendered (0.3315ms)
gateway-web	Run pnpm test	2026-10-08T08:06:39.6777814Z ✔ an explicit user clear names its reason and still creates nothing (0.1891ms)
gateway-web	Run pnpm test	2026-10-08T08:06:39.6778848Z ✔ clearOnSessionChanged is a no-op while the City still reports our own session (0.2113ms)
gateway-web	Run pnpm test	2026-10-08T08:06:39.6780437Z ✔ when the City session vanished AND ours is past expiry, the reason reported is EXPIRED (0.1519ms)
gateway-web	Run pnpm test	2026-10-08T08:06:39.6781633Z ✔ a new session after a terminal state is a full fresh display, and generate stays offered only when idle (0.9831ms)
gateway-web	Run pnpm test	2026-10-08T08:06:39.6782815Z ✔ a loopback Web gateway searches LAN interfaces rather than the loopback interface (269.3273ms)
gateway-web	Run pnpm test	2026-10-08T08:06:39.6783676Z ✔ the token entry recognizes a valid six-digit pairing code without sending it as a bearer token (4035.1272ms)
gateway-web	Run pnpm test	2026-10-08T08:06:39.6784435Z ✔ the token entry accepts a shareable invite link and asks for confirmation (2033.007ms)
gateway-web	Run pnpm test	2026-10-08T08:06:39.6785234Z ✔ a malformed invite in the token entry is refused without crashing or sending it as a credential (2099.5422ms)
gateway-web	Run pnpm test	2026-10-08T08:06:39.6786764Z ✔ pairing input survives slow typing, refresh, navigation and a failed attempt (14683.9406ms)
gateway-web	Run pnpm test	2026-10-08T08:06:39.6787544Z ✔ a six digit code pairs to the City serving the disconnected page (2659.386ms)
gateway-web	Run pnpm test	2026-10-08T08:06:39.6788248Z ✔ LAN search selects a peer and hands the code to its origin without a cross-origin POST (2051.2556ms)
gateway-web	Run pnpm test	2026-10-08T08:06:39.6789069Z ✔ BLE_BOOTSTRAP search selects a peer and hands the code to its origin without a cross-origin POST (3452.9333ms)
gateway-web	Run pnpm test	2026-10-08T08:06:39.6789826Z ✔ Bluetooth search is actionable and explains an unavailable radio (2061.9146ms)
gateway-web	Run pnpm test	2026-10-08T08:06:39.6790439Z ✔ a failed code handoff retains the target identity on retries (3004.4765ms)
gateway-web	Run pnpm test	2026-10-08T08:06:39.6791371Z ✔ JOIN-501 acceptance: no implicit generation, an ACTIVE code that cannot rotate, and both terminal states (16114.284ms)
gateway-web	Run pnpm test	2026-10-08T08:06:39.6793081Z ✔ JOIN-501 real-endpoint receiver: a SECOND process (not the owner page) consumes the code the page shows (5513.3727ms)
gateway-web	Run pnpm test	2026-10-08T08:06:39.6794731Z ✔ JOIN-501 acceptance: expiry ends the display by itself, and the expiry path creates nothing (6657.7097ms)
gateway-web	Run pnpm test	2026-10-08T08:06:39.6796242Z ✔ JOIN-501: a fresh browser session starts with NO code, and a stored expired record is never exchanged (6290.6899ms)
gateway-web	Run pnpm test	2026-10-08T08:06:39.6797522Z ✔ short code preserves identity pinning, reports lockout, and never sends a code to the wrong City (169.2189ms)
gateway-web	Run pnpm test	2026-10-08T08:06:39.6799125Z ✔ code handoff carries only a selected City, six digits and the existing transport in a fragment (0.9035ms)
gateway-web	Run pnpm test	2026-10-08T08:06:39.6800751Z ✔ pairing sessions exchange once, expire and reject secret/code guesses without exposing credentials (208.5586ms)
gateway-web	Run pnpm test	2026-10-08T08:06:39.6802503Z ✔ descriptor validation rejects invalid input and conflicts, discovery TXT excludes secrets (0.9575ms)
gateway-web	Run pnpm test	2026-10-08T08:06:39.6804012Z ✔ 705: side-effect unknown/strict target/still-live worker cannot silently retry (1.221ms)
gateway-web	Run pnpm test	2026-10-08T08:06:39.6805772Z ✔ 712: reconciliation is bounded and proposes, never invents task/stop proof or repeats live start (0.8621ms)
gateway-web	Run pnpm test	2026-10-08T08:06:39.6807444Z ✔ 713: stale SLO observations and unknown preference cannot trigger irreversible/paid/offload change (0.3422ms)
gateway-web	Run pnpm test	2026-10-08T08:06:39.6809251Z ✔ 714: origin projection requires current session ownership and bounded gap-aware deduplicated cursor (0.7311ms)
gateway-web	Run pnpm test	2026-10-08T08:06:39.6811198Z ✔ 728: bridge uses canonical methods; result delivery is distinct from explicit session consumption (0.7903ms)
gateway-web	Run pnpm test	2026-10-08T08:06:39.6812149Z ✔ 727: actual ConnectorPort methods required; missing runtime stays unavailable, no CPU substitution (0.5884ms)
gateway-web	Run pnpm test	2026-10-08T08:06:39.6813371Z ✔ 709: opaque digest-checked artifacts reject traversal, revoked access and bounded quota overflow (32.9995ms)
gateway-web	Run pnpm test	2026-10-08T08:06:39.6815250Z ✔ 710: actual local CPU process produces JSON digest and identifies host/process; bounded/cancelled input refused (83.1266ms)
gateway-web	Run pnpm test	2026-10-08T08:06:39.6816963Z ✔ 711: explicit compatible checkpoint restore completes identical CPU sum; incompatible input/attempt refused (99.9086ms)
gateway-web	Run pnpm test	2026-10-08T08:06:39.6818478Z ✔ 703: declared DAG executes concurrent independent stages, dependency before consumer and cancellation propagates (37.6488ms)
gateway-web	Run pnpm test	2026-10-08T08:06:39.6819393Z ✔ 703: byte/item credit cannot overflow, double acknowledge, or continue after cancel (0.7081ms)
gateway-web	Run pnpm test	2026-10-08T08:06:39.6820187Z ✔ 709: caller metadata cannot overwrite storage identity, digest, size or schema version (4.4443ms)
gateway-web	Run pnpm test	2026-10-08T08:06:39.6820917Z ✔ 703: final-stage failure is never returned as an empty successful plan (0.8017ms)
gateway-web	Run pnpm test	2026-10-08T08:06:39.6821680Z ✔ 706: remote work requires independent authorization, sharing, data scope, expiry and budget (3.3789ms)
gateway-web	Run pnpm test	2026-10-08T08:06:39.6822431Z ✔ 706: default policy remains origin-only; requests cannot broaden authority (0.3915ms)
gateway-web	Run pnpm test	2026-10-08T08:06:39.6823168Z ✔ 725: provider capabilities are typed; cooperative process cannot claim hard isolation (1.4843ms)
gateway-web	Run pnpm test	2026-10-08T08:06:39.6823966Z ✔ 708: canonical identity preserved; numeric/resource/QoS/version/depth inputs fail closed (0.7708ms)
gateway-web	Run pnpm test	2026-10-08T08:06:39.6824797Z ✔ 726: capsule binds immutable task/session/attempt/host/boot/epoch/digest; receipt is untrusted (1.7601ms)
gateway-web	Run pnpm test	2026-10-08T08:06:39.6825843Z ✔ full local candidate: two real CPU applications execute through canonical admission/artifacts/capsule/receipt/origin/consumption (371.3535ms)
gateway-web	Run pnpm test	2026-10-08T08:06:39.6826757Z ✔ review: canonical task ownership cannot be substituted by a caller workload (304.7782ms)
gateway-web	Run pnpm test	2026-10-08T08:06:39.6827475Z ✔ review: terminal attempt retention remains bounded without stopping job 257 (16497.6267ms)
gateway-web	Run pnpm test	2026-10-08T08:06:39.6828299Z ✔ review: separate artifact stores cannot acknowledge over-quota concurrent publications (14.8397ms)
gateway-web	Run pnpm test	2026-10-08T08:06:39.6829159Z ✔ 702: feasibility precedes ranking; stale/unknown/untrusted/strict/capability constraints cannot win (3.5196ms)
gateway-web	Run pnpm test	2026-10-08T08:06:39.6830087Z ✔ 704/712: canonical CAS admission, idempotence, epoch fencing, commit and restart preserve one task truth (565.6045ms)
gateway-web	Run pnpm test	2026-10-08T08:06:39.6831667Z ✔ 704: changed policy/version or observation cannot be admitted (297.8364ms)
gateway-web	Run pnpm test	2026-10-08T08:06:39.6832359Z ✔ 704: bounded fair queue alternates app ownership and aging protects starvation (2.2294ms)
gateway-web	Run pnpm test	2026-10-08T08:06:39.6833171Z ✔ 715: projection labels absent execution/consumption separately and cannot mutate canonical state (0.66ms)
gateway-web	Run pnpm test	2026-10-08T08:06:39.6833949Z ✔ 716: deployment plan is explicit opt-in, schema gated and never installs itself (0.2329ms)
gateway-web	Run pnpm test	2026-10-08T08:06:39.6834774Z ✔ 707: existing canonical trace vocabulary reused; disabled/throwing sidecar never alters caller outcome (1.0484ms)
gateway-web	Run pnpm test	2026-10-08T08:06:39.6837321Z ✔ 721/723: freeze actual/simulated evidence separately; adaptation cannot bypass approved feasible proposals (0.6018ms)
gateway-web	Run pnpm test	2026-10-08T08:06:39.6839127Z ✔ 720: actual driver units parsed; unsupported power/thermal remain unknown; bad memory never becomes zero (0.4024ms)
gateway-web	Run pnpm test	2026-10-08T08:06:39.6840988Z ✔ optional: model/Linux/Android worker/HA readiness cannot be inferred from installed software or control client (0.1955ms)
gateway-web	Run pnpm test	2026-10-08T08:06:39.6842483Z ✔ review: NOT_RUN/UNKNOWN and string false are never observed prerequisites (0.1622ms)
gateway-web	Run pnpm test	2026-10-08T08:06:39.6843941Z ✔ 715: existing gateway exposes owner-only, read-only PCF projection without enabling execution (648.0524ms)
gateway-web	Run pnpm test	2026-10-08T08:06:39.6845617Z ✔ canonical Task uses COMPLETED while capsule outcome remains SUCCEEDED (511.9418ms)
gateway-web	Run pnpm test	2026-10-08T08:06:39.6847059Z ✔ uncertain side effects keep running canonical truth, reservation and visible attention (573.3338ms)
gateway-web	Run pnpm test	2026-10-08T08:06:39.6848455Z ✔ default gateway retains readonly fabric and does not admit PCF jobs (457.3882ms)
gateway-web	Run pnpm test	2026-10-08T08:06:39.6850340Z ✔ explicit approved local owner executes CPU and acknowledges digest (721.9646ms)
gateway-web	Run pnpm test	2026-10-08T08:06:39.6851431Z ✔ enabled without approved device refuses startup (2.1381ms)
gateway-web	Run pnpm test	2026-10-08T08:06:39.6852649Z ✔ legacy cancellation cannot change PCF state and member session has no owner authority (759.2311ms)
gateway-web	Run pnpm test	2026-10-08T08:06:39.6854204Z ✔ legacy backend cannot claim or report a capsule-owned PCF task; ordinary WAIT remains claimable (650.8935ms)
gateway-web	Run pnpm test	2026-10-08T08:06:39.6855902Z ✔ owned CPU work waits for durable start callback before receiving input (80.0255ms)
gateway-web	Run pnpm test	2026-10-08T08:06:39.6857220Z ✔ storage refusal before input stops the owned CPU child and cannot publish success (6.7781ms)
gateway-web	Run pnpm test	2026-10-08T08:06:39.6858696Z ✔ recovery refuses timeout, PID-only, stale epoch, revoked authority and unknown effects (470.1732ms)
gateway-web	Run pnpm test	2026-10-08T08:06:39.6860139Z ✔ bound owned-stop proof requeues the same Task/Action once and fences old output (511.3237ms)
gateway-web	Run pnpm test	2026-10-08T08:06:39.6861487Z ✔ authority revoked during asynchronous stop proof cannot release or requeue (523.6852ms)
gateway-web	Run pnpm test	2026-10-08T08:06:39.6862852Z ✔ opt-in canonical port uses two actual CPU processes through headless agents and WBC pool (765.75ms)
gateway-web	Run pnpm test	2026-10-08T08:06:39.6864427Z ✔ durable claim nonce, exact principal and current grant block replay or revoked worker (481.0807ms)
gateway-web	Run pnpm test	2026-10-08T08:06:39.6866016Z ✔ report refuses stale epoch, forged capsule, wrong bytes and missing trusted close proof (533.6495ms)
gateway-web	Run pnpm test	2026-10-08T08:06:39.6867375Z ✔ stop control requests stop without committing terminal state (594.8628ms)
gateway-web	Run pnpm test	2026-10-08T08:06:39.6868784Z ✔ registration bridge rechecks current worker grant instead of granting an invented membership (361.0093ms)
gateway-web	Run pnpm test	2026-10-08T08:06:39.6870281Z ✔ claim nonce survives reconstructed port and dormant port grants no endpoints (543.4261ms)
gateway-web	Run pnpm test	2026-10-08T08:06:39.6871581Z ✔ enabled remote port requires a synchronous current authority boundary (367.0028ms)
gateway-web	Run pnpm test	2026-10-08T08:06:39.6872922Z ✔ claim refuses owner revocation during awaited worker recheck before durable nonce (562.084ms)
gateway-web	Run pnpm test	2026-10-08T08:06:39.6874190Z ✔ dispatch refuses worker revocation during final awaited owner policy read (445.741ms)
gateway-web	Run pnpm test	2026-10-08T08:06:39.6875956Z ✔ report refuses grant revocation during final awaited owner read without canonical completion (649.9374ms)
gateway-web	Run pnpm test	2026-10-08T08:06:39.6877626Z ✔ input delivery refuses owner revocation during awaited artifact read (548.9442ms)
gateway-web	Run pnpm test	2026-10-08T08:06:39.6879322Z ✔ approved service creates one existing canonical task/action, starts independently of UI and returns once to bound caller (623.5098ms)
gateway-web	Run pnpm test	2026-10-08T08:06:39.6881329Z ✔ service bounds queue, rejects unapproved/cross-device work, drains and preserves cancel terminal truth (457.9013ms)
gateway-web	Run pnpm test	2026-10-08T08:06:39.6883166Z ✔ live policy revocation before dispatch prevents a process launch and does not invent side effects (490.2335ms)
gateway-web	Run pnpm test	2026-10-08T08:06:39.6884782Z ✔ a second supervisor cannot take ownership merely because time elapsed (492.5398ms)
gateway-web	Run pnpm test	2026-10-08T08:06:39.6886263Z ✔ drain fences an admission awaiting current authority and creates no late Task or Action (383.0467ms)
gateway-web	Run pnpm test	2026-10-08T08:06:39.6887965Z ✔ PCF-700 C1: a City with no fabric or workbench configuration starts and serves with the default backend (107.0816ms)
gateway-web	Run pnpm test	2026-10-08T08:06:39.6889471Z ✔ PCF-700 C2: a legacy untargeted task is still claimable by any able node (61.8863ms)
gateway-web	Run pnpm test	2026-10-08T08:06:39.6891036Z ✔ PCF-700 C3: a task whose strict target is absent is withheld from other nodes, never silently re-routed (35.4533ms)
gateway-web	Run pnpm test	2026-10-08T08:06:39.6892599Z ✔ PCF-700 C4: a result returns to the canonical origin surface, not only to the executor (50.3311ms)
gateway-web	Run pnpm test	2026-10-08T08:06:39.6894402Z ✔ PCF-700 C5: a legacy descriptor is tolerated by the contract, and the live route states what it requires (33.3704ms)
gateway-web	Run pnpm test	2026-10-08T08:06:39.6895490Z ✔ PCF-700 C6: the HYBRID helper is exported but NOT wired into the gateway (frozen as NOT_WIRED) (1.8937ms)
gateway-web	Run pnpm test	2026-10-08T08:06:39.6897088Z ✔ PCF-700 C7: the pooled backend is registered but not active, and the strict-target guard is wired into claim (36.4562ms)
gateway-web	Run pnpm test	2026-10-08T08:06:39.6898026Z ✔ PCF-700 D1: no backend module imports a front-end module, so the UI -> backend direction stays acyclic (623.2192ms)
gateway-web	Run pnpm test	2026-10-08T08:06:39.6899297Z ✔ PCF-700 D2: every endpoint a user surface names is one the gateway actually serves (488.1005ms)
gateway-web	Run pnpm test	2026-10-08T08:06:39.6900800Z ✔ PCF-700 D3: every engineering and general-ai contract carries at least one test (582.4442ms)
gateway-web	Run pnpm test	2026-10-08T08:06:39.6901712Z ✔ PCF-700 D4: the fabric stays inside its declared paths, and no other domain imports it (425.0425ms)
gateway-web	Run pnpm test	2026-10-08T08:06:39.6902445Z ✔ Alien CPU: Windows warmup must not publish the loadavg placeholder zero (4.3796ms)
gateway-web	Run pnpm test	2026-10-08T08:06:39.6903108Z ✔ Alien CPU: Windows samples a real counter interval instead of loadavg zeros (0.4532ms)
gateway-web	Run pnpm test	2026-10-08T08:06:39.6903763Z ✔ Alien CPU: counter reset is unknown and reestablishes the next interval (1.2054ms)
gateway-web	Run pnpm test	2026-10-08T08:06:39.6904407Z ✔ Alien CPU: absent or unchanged counters never claim an observed zero (0.4241ms)
gateway-web	Run pnpm test	2026-10-08T08:06:39.6905051Z ✔ PCF-701 T1: missing, NaN, negative and wrong-unit values never become 0 (3.1967ms)
gateway-web	Run pnpm test	2026-10-08T08:06:39.6905675Z ✔ PCF-701 T2: an out-of-order sample does not overwrite a newer value (0.8566ms)
gateway-web	Run pnpm test	2026-10-08T08:06:39.6906313Z ✔ PCF-701 T3: a sample from another boot epoch is not mixed into this boot (0.425ms)
gateway-web	Run pnpm test	2026-10-08T08:06:39.6906891Z ✔ PCF-701 T4: a backwards clock cannot keep stale data fresh (0.8055ms)
gateway-web	Run pnpm test	2026-10-08T08:06:39.6907584Z ✔ PCF-701 T5: freshness at a later time expires, and a rewound caller clock cannot resurrect it (1.9322ms)
gateway-web	Run pnpm test	2026-10-08T08:06:39.6908274Z ✔ PCF-701 T6: an absent optional adapter is UNSUPPORTED, not zero (0.4016ms)
gateway-web	Run pnpm test	2026-10-08T08:06:39.6908891Z ✔ PCF-701 T7: a probe that never returns does not freeze the executor (27.0841ms)
gateway-web	Run pnpm test	2026-10-08T08:06:39.6909516Z ✔ PCF-701 T8: a failed sampler is reported, and still no value is invented (0.6195ms)
gateway-web	Run pnpm test	2026-10-08T08:06:39.6910101Z ✔ PCF-701 T9: the buffer is bounded and its drops are visible (0.7516ms)
gateway-web	Run pnpm test	2026-10-08T08:06:39.6910726Z ✔ PCF-701 T10: collection is rate limited and a throttled call does not probe (0.9952ms)
gateway-web	Run pnpm test	2026-10-08T08:06:39.6911345Z ✔ PCF-701 T11: measurement overhead is measured, not guessed (0.5835ms)
gateway-web	Run pnpm test	2026-10-08T08:06:39.6913561Z ✔ PCF-701 T12: only authorised surfaces are ever looked at (1.3474ms)
gateway-web	Run pnpm test	2026-10-08T08:06:39.6914318Z ✔ PCF-701 T14: total, free, reserved and in-use are separate facts, and one bad facet fails alone (0.5465ms)
gateway-web	Run pnpm test	2026-10-08T08:06:39.6915100Z ✔ PCF-701 T15: a free figure larger than its total is refused as two unusable numbers (0.2928ms)
gateway-web	Run pnpm test	2026-10-08T08:06:39.6915868Z ✔ PCF-701 T16: the system adapter reports what it can read and names what it cannot (8.935ms)
gateway-web	Run pnpm test	2026-10-08T08:06:39.6917169Z ✔ PCF-701 T17: an unavailable adapter keeps its dimensions named instead of dropping them (0.5624ms)
gateway-web	Run pnpm test	2026-10-08T08:06:39.6917912Z ✔ PCF-701 T18: latency belongs to a PATH, and an unmeasured path is never 0 ms (1.3889ms)
gateway-web	Run pnpm test	2026-10-08T08:06:39.6918636Z ✔ PCF-701 T19: a probe that hangs or lies becomes a bounded failure with growing backoff (78.156ms)
gateway-web	Run pnpm test	2026-10-08T08:06:39.6919367Z ✔ PCF-701 T20: throughput is measured by moving bytes, never inferred from latency (25.775ms)
gateway-web	Run pnpm test	2026-10-08T08:06:39.6920061Z ✔ PCF-701 T21: a queue with no declared source is UNSUPPORTED, never zero (0.8506ms)
gateway-web	Run pnpm test	2026-10-08T08:06:39.6920847Z ✔ PCF-701 T22: occupancy is the runtime’s own responsiveness, measured or declared unsupported (2.2112ms)
gateway-web	Run pnpm test	2026-10-08T08:06:39.6922422Z ✔ PCF-701 T13: the same sample and context always produce the same observation (replayable) (0.8937ms)
gateway-web	Run pnpm test	2026-10-08T08:06:39.6924374Z ✔ PCF702-01 the fastest unauthorised node is refused and the slower authorised one wins (3.5795ms)
gateway-web	Run pnpm test	2026-10-08T08:06:39.6925714Z ✔ PCF702-02 a strict target that is offline is refused rather than re-routed (0.477ms)
gateway-web	Run pnpm test	2026-10-08T08:06:39.6927039Z ✔ PCF702-03 a missing VRAM reading is neither zero nor sufficient (0.5292ms)
gateway-web	Run pnpm test	2026-10-08T08:06:39.6928559Z ✔ PCF702-04 the same input and version give the same choice, whatever order the candidates arrive in (1.6465ms)
gateway-web	Run pnpm test	2026-10-08T08:06:39.6929784Z ✔ PCF702-05 equal freeSlots do not mean equal performance (0.6593ms)
gateway-web	Run pnpm test	2026-10-08T08:06:39.6930691Z ✔ PCF702-06 cost is decomposed, missing parts are named, and no accuracy is claimed (0.4321ms)
gateway-web	Run pnpm test	2026-10-08T08:06:39.6932061Z ✔ PCF702-07 a large candidate list stays bounded and says what it truncated (16.2341ms)
gateway-web	Run pnpm test	2026-10-08T08:06:39.6932969Z ✔ PCF702-08 the proposal carries its refs and expiry, and a superseded version is refused by admission (113.6833ms)
gateway-web	Run pnpm test	2026-10-08T08:06:39.6933839Z ✔ PCF702-09 rejections are sanitised: no workload or candidate detail leaks into the proposal (1.2427ms)
gateway-web	Run pnpm test	2026-10-08T08:06:39.6934558Z ✔ PCF703-01 a chunk is written only when the receiver granted credit for it (3.8984ms)
gateway-web	Run pnpm test	2026-10-08T08:06:39.6935234Z ✔ PCF703-02 the TOTAL bytes and items bounds are refused even when credit exists (0.7022ms)
gateway-web	Run pnpm test	2026-10-08T08:06:39.6935959Z ✔ PCF703-03 cancellation is terminal and idempotent, and a write after it is refused (0.4204ms)
gateway-web	Run pnpm test	2026-10-08T08:06:39.6937205Z ✔ PCF703-04 a transport that is absent is reported as unavailable and NO local fallback is substituted (0.3793ms)
gateway-web	Run pnpm test	2026-10-08T08:06:39.6938059Z ✔ PCF703-05 a lost chunk stays visible: the resume reports the gap and marks the stream PARTIAL (0.706ms)
gateway-web	Run pnpm test	2026-10-08T08:06:39.6938812Z ✔ PCF703-06 resuming past the end, an unknown ack and a bad gap are each refused (0.5642ms)
gateway-web	Run pnpm test	2026-10-08T08:06:39.6939584Z ✔ PCF703-07 the bounds themselves are validated, and a chunk cannot exceed the per-chunk ceiling (0.5402ms)
gateway-web	Run pnpm test	2026-10-08T08:06:39.6940549Z ✔ PCF703-08 an unauthorised, unstable, costly or oversized offload becomes a typed refusal or the approved local path (0.5434ms)
gateway-web	Run pnpm test	2026-10-08T08:06:39.6941505Z ✔ PCF703-01 a self-describing plan must declare every stage field, and an undeclared one is refused by name (4.8661ms)
gateway-web	Run pnpm test	2026-10-08T08:06:39.6942380Z ✔ PCF703-02 the legacy plan still compiles, but it is labelled and it cannot be executed canonically (2.256ms)
gateway-web	Run pnpm test	2026-10-08T08:06:39.6943209Z ✔ PCF703-03 the DAG itself stays explicit, acyclic, bounded and free of unordered write conflicts (2.259ms)
gateway-web	Run pnpm test	2026-10-08T08:06:39.6944107Z ✔ PCF703-04 stage execution goes through 704 admission, the 710 executor and 709 artifacts under one task truth (302.4628ms)
gateway-web	Run pnpm test	2026-10-08T08:06:39.6945296Z ✔ PCF703-05 a failed stage stops the pipeline and everything downstream is NOT_RUN, never a silent success (169.2066ms)
gateway-web	Run pnpm test	2026-10-08T08:06:39.6946224Z ✔ PCF703-06 an unprofitable, unauthorised or oversized offload is the approved local path or a typed refusal (0.6158ms)
gateway-web	Run pnpm test	2026-10-08T08:06:39.6947104Z ✔ PCF704-01 a placement estimate is not a reservation, and admission binds the reserved capacity (108.4968ms)
gateway-web	Run pnpm test	2026-10-08T08:06:39.6947986Z ✔ PCF704-02 two requests for the last unit: one wins, the loser is refused by capacity or by the CAS version (108.0104ms)
gateway-web	Run pnpm test	2026-10-08T08:06:39.6948787Z ✔ PCF704-03 repeated admission under one idempotency key does not double charge (99.869ms)
gateway-web	Run pnpm test	2026-10-08T08:06:39.6949650Z ✔ PCF704-04 failure, cancellation and expiry leave no reservation behind - and a RUNNING timeout is not a release (166.6639ms)
gateway-web	Run pnpm test	2026-10-08T08:06:39.6950596Z ✔ PCF704-05 an under-capacity multi-resource request is all-or-nothing: no partial hold, no deadlock (105.4589ms)
gateway-web	Run pnpm test	2026-10-08T08:06:39.6951483Z ✔ PCF704-06 per-app quota, a full queue and overlapping write scopes are disclosed by name (5276.6118ms)
gateway-web	Run pnpm test	2026-10-08T08:06:39.6952260Z ✔ PCF704 acceptance: an observer can read the canonical state while the queue is full (100.0497ms)
gateway-web	Run pnpm test	2026-10-08T08:06:39.6953299Z ✔ PCF704-07 sustained small work cannot starve a background task: bounded rotation with aging, no priority input (18.7172ms)
gateway-web	Run pnpm test	2026-10-08T08:06:39.6954704Z ✔ PCF704-08 a stale policy, observation or estimate is refused and re-measured, never forced through (121.7106ms)
gateway-web	Run pnpm test	2026-10-08T08:06:39.6955693Z ✔ PCF704-09 spec-rev2: LEASED and RUNNING are distinct, and a logical reservation is not an isolation proof (107.4773ms)
gateway-web	Run pnpm test	2026-10-08T08:06:39.6956921Z ✔ PCF704-10 a reservation survives a store restart because it lives in the canonical owner (92.5947ms)
gateway-web	Run pnpm test	2026-10-08T08:06:39.6957719Z ✔ PCF704 spec-rev2: at least one foreground budget is reserved against admission (424.0788ms)
gateway-web	Run pnpm test	2026-10-08T08:06:39.6961265Z ﹣ PCF704 acceptance: bounded contention measured on two real hosts (0.4659ms) # NOT_RUN: requires a second physical host over a real link (workbook "真实双机施加有界竞争，比较观测、reservation与实际执行占用") - this checkout is one host with no second device, so observations, reservations and actual execution cannot be compared across machines; the single-host admission and fairness properties are covered above.
gateway-web	Run pnpm test	2026-10-08T08:06:39.6965068Z ✔ PCF705-01 planRecovery separates retry-safe and checkpoint-resumable from everything it refuses (1.5037ms)
gateway-web	Run pnpm test	2026-10-08T08:06:39.6966783Z ✔ PCF705-02 an unproven stop, a revoked consent and a cooldown are ATTENTION/WAIT, never a re-run (0.8836ms)
gateway-web	Run pnpm test	2026-10-08T08:06:39.6968330Z ✔ PCF705-03 a strict target that goes offline stays bound and is not silently re-placed (0.8996ms)
gateway-web	Run pnpm test	2026-10-08T08:06:39.6969922Z ✔ PCF705-04 an authorised recovery creates a NEW attempt and preserves task/action/origin identity (580.4319ms)
gateway-web	Run pnpm test	2026-10-08T08:06:39.6971541Z ✔ PCF705-05 before commit: a timeout, a PID or a stale epoch is never accepted as stop proof (380.6476ms)
gateway-web	Run pnpm test	2026-10-08T08:06:39.6973214Z ✔ PCF705-06 after commit: nothing is recovered, and a duplicate event or late result cannot run twice (1375.4934ms)
gateway-web	Run pnpm test	2026-10-08T08:06:39.6976027Z ✔ PCF705-07 a damaged or incompatible checkpoint is refused by name, and a resumed run still matches the contract (60.7987ms)
gateway-web	Run pnpm test	2026-10-08T08:06:39.6978333Z ✔ PCF705-08 an unknown external effect is quarantined with attention, never reported as success (461.5788ms)
gateway-web	Run pnpm test	2026-10-08T08:06:39.6979222Z ✔ PCF705 sub-task 2: a retry budget bounds repeated recovery (0.6457ms)
gateway-web	Run pnpm test	2026-10-08T08:06:39.6980048Z ✔ PCF705 sub-task 3: a migration is proposed only when its benefit covers transfer, cold start and discarded work (1.2011ms)
gateway-web	Run pnpm test	2026-10-08T08:06:39.6982778Z ﹣ PCF705 acceptance: disconnection and process-crash samples on two real hosts (0.1639ms) # NOT_RUN: requires a second physical host and a real link/process-crash sample (workbook "双机真断链/进程崩溃的安全样本，保存same taskId、不同attempt/fence、恢复时间及重复副作用检查") - this checkout has one host and no second device, and no VM/live-process migration is claimed by PCF-705; the same-taskId/different-attempt-and-fence property is covered on the canonical store in PCF705-04.
gateway-web	Run pnpm test	2026-10-08T08:06:39.6985124Z ✔ PCF706-01 the three data domains are distinct and the default grant stays origin-device-only (3.0084ms)
gateway-web	Run pnpm test	2026-10-08T08:06:39.6985854Z ✔ PCF706-02 expired, revoked and other-task consent are all refused (1.8016ms)
gateway-web	Run pnpm test	2026-10-08T08:06:39.6986556Z ✔ PCF706-03 LAN membership is not trust, and declared metadata cannot forge authorisation (1.3075ms)
gateway-web	Run pnpm test	2026-10-08T08:06:39.6987314Z ✔ PCF706-04 a request cannot broaden, extend or outlive the granted preauthorisation (0.7559ms)
gateway-web	Run pnpm test	2026-10-08T08:06:39.6988098Z ✔ PCF706-05 a missing or inconsistent policy fails closed and the legacy default is unchanged (0.9138ms)
gateway-web	Run pnpm test	2026-10-08T08:06:39.6988783Z ✔ PCF706-06 a zero or unknown budget cannot trigger paid execution (0.9927ms)
gateway-web	Run pnpm test	2026-10-08T08:06:39.6989556Z ✔ PCF706-07 sharing, offload, data scope and provider spend are separate gates that cannot be inferred (0.5564ms)
gateway-web	Run pnpm test	2026-10-08T08:06:39.6990723Z ✔ PCF706-08 a refusal is traceable by code, secrets are redacted, and no consent control is published as live (2.0667ms)
gateway-web	Run pnpm test	2026-10-08T08:06:39.6991550Z ✔ PCF706-09 an incompatible hard constraint is explained and the opt-out is reversible (0.5938ms)
gateway-web	Run pnpm test	2026-10-08T08:06:39.6992452Z ✔ PCF706-10 consent is revalidated at artifact transfer, not only at submission (399.4923ms)
gateway-web	Run pnpm test	2026-10-08T08:06:39.6993188Z ✔ PCF706 acceptance: concurrent requests competing for one allowance cannot exceed it (1.452ms)
gateway-web	Run pnpm test	2026-10-08T08:06:39.6993958Z ✔ PCF707-01 the workbook fields are all recorded, and phases are measured or NOT_OBSERVED (4.0799ms)
gateway-web	Run pnpm test	2026-10-08T08:06:39.6996895Z ✔ PCF707-02 the trace projection is schema-valid, and what the closed schema cannot carry is named (14.9554ms)
gateway-web	Run pnpm test	2026-10-08T08:06:39.6998346Z ✔ PCF707-03 the same receipt twice is a DUPLICATE, and a regressed sequence is OUT_OF_ORDER (10.1329ms)
gateway-web	Run pnpm test	2026-10-08T08:06:39.6999964Z ✔ PCF707-04 a closed collector or a full buffer degrades boundedly and never breaks the caller (7.4038ms)
gateway-web	Run pnpm test	2026-10-08T08:06:39.7001678Z ✔ PCF707-05 sensitive fields are redacted by name, and no raw input is carried (0.6876ms)
gateway-web	Run pnpm test	2026-10-08T08:06:39.7004830Z ✔ PCF707-06 an ACTUAL label needs real identities, and a simulation cannot claim a measured gain (1.387ms)
gateway-web	Run pnpm test	2026-10-08T08:06:39.7006477Z ✔ PCF707-07 a wrong run or head binding is refused instead of recorded against this experiment (0.7085ms)
gateway-web	Run pnpm test	2026-10-08T08:06:39.7008339Z ✔ PCF707-08 replaying two policies over the same input gives a recomputable difference, inside an isolated scope only (3.7442ms)
gateway-web	Run pnpm test	2026-10-08T08:06:39.7009798Z ✔ PCF707-09 the instrumentation cost is measured on this host and labelled as local only (30.3395ms)
gateway-web	Run pnpm test	2026-10-08T08:06:39.7011461Z ✔ PCF708-01 a complete envelope is accepted and frozen, and every declared requirement survives normalization (4.1353ms)
gateway-web	Run pnpm test	2026-10-08T08:06:39.7013098Z ✔ PCF708-02 QoS is one of the four classes, and a deadline without an explicit miss policy is refused (1.8934ms)
gateway-web	Run pnpm test	2026-10-08T08:06:39.7015114Z ✔ PCF708-03 this project publishes NO hard real-time guarantee, and says so instead of implying one (0.4525ms)
gateway-web	Run pnpm test	2026-10-08T08:06:39.7016898Z ✔ PCF708-04 retry safety is an independent declared capability, and a checkpoint claim needs a provider reference (1.6937ms)
gateway-web	Run pnpm test	2026-10-08T08:06:39.7018777Z ✔ PCF708-05 an unknown schema version, a unit conflict and a malformed resource requirement are typed refusals (0.7833ms)
gateway-web	Run pnpm test	2026-10-08T08:06:39.7020580Z ✔ PCF708-06 an unverified privilege request is refused, and payload size and nesting are bounded (0.5469ms)
gateway-web	Run pnpm test	2026-10-08T08:06:39.7022303Z ✔ PCF708-07 the executor is a provider contract, never a command line, and consent is carried not evaluated (0.411ms)
gateway-web	Run pnpm test	2026-10-08T08:06:39.7024062Z ✔ PCF708-08 a LEGACY task keeps its original behaviour and is never given an invented envelope (1.0708ms)
gateway-web	Run pnpm test	2026-10-08T08:06:39.7025748Z ✔ PCF708-09 an attempt is bound to its envelope identity, epoch and boot, and a stale epoch is refused (1.069ms)
gateway-web	Run pnpm test	2026-10-08T08:06:39.7027885Z ✔ PCF708-01 a legacy task round-trips with its identity and semantics intact, and its missing extension is reported (2.5918ms)
gateway-web	Run pnpm test	2026-10-08T08:06:39.7029374Z ✔ PCF708-02 providerRef and handoffTargetRef are not strict targets (1.558ms)
gateway-web	Run pnpm test	2026-10-08T08:06:39.7030917Z ✔ PCF708-03 resources must be real, unit-consistent amounts - empty, negative and infinite are all refused (1.2742ms)
gateway-web	Run pnpm test	2026-10-08T08:06:39.7032557Z ✔ PCF708-04 an unknown enum, a past deadline and a fake control-worker capability are each handled correctly (4.5951ms)
gateway-web	Run pnpm test	2026-10-08T08:06:39.7033555Z ✔ PCF708-05 a checkpoint claim needs a capability reference, and the retry-safety capabilities stay independent (0.802ms)
gateway-web	Run pnpm test	2026-10-08T08:06:39.7034737Z ✔ PCF708-06 payload size, nesting depth and cyclic input are bounded before anything reads them (1.3952ms)
gateway-web	Run pnpm test	2026-10-08T08:06:39.7036058Z ✔ PCF708-07 version upgrade and downgrade are explicit: a future version is refused, a legacy task keeps its path (0.6005ms)
gateway-web	Run pnpm test	2026-10-08T08:06:39.7037335Z ✔ PCF708-08 the ExecutionAttempt inherits the envelope identity and a late report from another epoch is refused (1.1155ms)
gateway-web	Run pnpm test	2026-10-08T08:06:39.7038261Z ✔ PCF709-01 a complete reference is accepted, frozen, and its declared facts survive normalization (2.9075ms)
gateway-web	Run pnpm test	2026-10-08T08:06:39.7039343Z ✔ PCF709-02 an id that is a filesystem path is refused, because the store resolves paths itself (0.709ms)
gateway-web	Run pnpm test	2026-10-08T08:06:39.7040270Z ✔ PCF709-03 a digest that agrees is INTEGRITY, never PERMISSION (0.5553ms)
gateway-web	Run pnpm test	2026-10-08T08:06:39.7040996Z ✔ PCF709-04 revocation, expiry and a wrong-size byte buffer each refuse with their OWN reason (0.6328ms)
gateway-web	Run pnpm test	2026-10-08T08:06:39.7041811Z ✔ PCF709-05 availability is computed from STATED replica facts and never guessed from a failure (0.661ms)
gateway-web	Run pnpm test	2026-10-08T08:06:39.7042608Z ✔ PCF709-06 a malformed reference is refused field by field rather than partially trusted (0.6468ms)
gateway-web	Run pnpm test	2026-10-08T08:06:39.7043833Z ✔ PCF709-07 a resume applies ONLY when digest and version both match, and a cursor cannot move backward (0.6654ms)
gateway-web	Run pnpm test	2026-10-08T08:06:39.7044665Z ✔ PCF709-08 a partial transfer is recorded as partial and never presented as usable content (0.3315ms)
gateway-web	Run pnpm test	2026-10-08T08:06:39.7045379Z ✔ pins and leases survive restart and revoked bytes are visibly deleted (39.9583ms)
gateway-web	Run pnpm test	2026-10-08T08:06:39.7046088Z ✔ corruption and authorization revoked before publication keep bytes unavailable (20.0339ms)
gateway-web	Run pnpm test	2026-10-08T08:06:39.7046848Z ✔ authorization revoked during direct publication removes partial and restores quota (3.9303ms)
gateway-web	Run pnpm test	2026-10-08T08:06:39.7047683Z ✔ expired and revoked partials can be authorized cancelled with visible cleanup failure and retry (23.9954ms)
gateway-web	Run pnpm test	2026-10-08T08:06:39.7048572Z ✔ transfer publish recovers index fault and descriptor cleanup fault idempotently without double quota (32.1213ms)
gateway-web	Run pnpm test	2026-10-08T08:06:39.7049495Z ✔ cancelled journal-owned blob after chained index and cleanup faults remains counted unavailable storage (37.7879ms)
gateway-web	Run pnpm test	2026-10-08T08:06:39.7050370Z ✔ repository input manifest includes explicit dirty content and refuses secrets and traversal (1.2091ms)
gateway-web	Run pnpm test	2026-10-08T08:06:39.7051098Z ✔ transfer descriptors cannot overwrite owner authorization or schema (3.1288ms)
gateway-web	Run pnpm test	2026-10-08T08:06:39.7051799Z ✔ partial transfer resumes across instances only with matching version and digest (24.4643ms)
gateway-web	Run pnpm test	2026-10-08T08:06:39.7052629Z ✔ PCF710-01 a real CPU job runs through the attempt entry and its result is proven before publication (149.7996ms)
gateway-web	Run pnpm test	2026-10-08T08:06:39.7053506Z ✔ PCF710-02 a missing, inactive, expired or mismatched reservation is refused before anything spawns (2.4579ms)
gateway-web	Run pnpm test	2026-10-08T08:06:39.7054412Z ✔ PCF710-03 an unknown executor, a version mismatch, an unready provider and a missing capability are refused (2.0637ms)
gateway-web	Run pnpm test	2026-10-08T08:06:39.7055932Z ✔ PCF710-04 illegal arguments, an extra command and an out-of-bounds file path are refused by name (2.1076ms)
gateway-web	Run pnpm test	2026-10-08T08:06:39.7056784Z ✔ PCF710-05 consent is re-checked at the executor, and an expiry that passed is a refusal (72.665ms)
gateway-web	Run pnpm test	2026-10-08T08:06:39.7057785Z ✔ PCF710-06 an unbounded log, a timeout and a non-zero exit all fail rather than half-succeed (159.3672ms)
gateway-web	Run pnpm test	2026-10-08T08:06:39.7058657Z ✔ PCF710-07 the cancellation race has one honest outcome and never publishes output after cancellation (60.2779ms)
gateway-web	Run pnpm test	2026-10-08T08:06:39.7059478Z ✔ PCF710-08 the worker is owned before it can run, and a failed ownership record stops it (88.38ms)
gateway-web	Run pnpm test	2026-10-08T08:06:39.7060810Z ✔ PCF711-01 the checkpoint carries the provider save contract, task/attempt/input digest, versions and side-effect state (workbook bullet 1) (52.3658ms)
gateway-web	Run pnpm test	2026-10-08T08:06:39.7061818Z ✔ PCF711-02 a failed/partial write is not visible as recoverable state (workbook bullet 2) (60.1324ms)
gateway-web	Run pnpm test	2026-10-08T08:06:39.7062912Z ✔ PCF711-03 restore refuses corruption, wrong task, old input, wrong executor/model/platform/dependency, and a committed result (acceptance paragraph) (58.9177ms)
gateway-web	Run pnpm test	2026-10-08T08:06:39.7064166Z ✔ PCF711-04 unresolved external side effects, revocation, expiry and duplicate restore are each refused by name (acceptance paragraph) (46.8057ms)
gateway-web	Run pnpm test	2026-10-08T08:06:39.7065257Z ✔ PCF711-05 a real chunked CPU task interrupted and resumed reaches the uninterrupted final digest (workbook bullet 4) (270.0783ms)
gateway-web	Run pnpm test	2026-10-08T08:06:39.7066582Z ✔ PCF711-06 two real workers save and read compatible artifacts, and the resume cursor is bound to digest/version (workbook bullet 2/acceptance) (12.0785ms)
gateway-web	Run pnpm test	2026-10-08T08:06:39.7067544Z ✔ approved fenced new attempt restores real chunked CPU state and retains old binding (62.18ms)
gateway-web	Run pnpm test	2026-10-08T08:06:39.7068341Z ✔ new attempt recovery rejects absent compatibility and legacy same-attempt remains readable (12.0687ms)
gateway-web	Run pnpm test	2026-10-08T08:06:39.7069133Z ✔ PCF712-01 a fence carries holder, boot, attempt and epoch, and every field is required (7.0732ms)
gateway-web	Run pnpm test	2026-10-08T08:06:39.7070024Z ✔ PCF712-02 a holder change advances the epoch exactly once, and re-registering the same holder does NOT burn one (0.3046ms)
gateway-web	Run pnpm test	2026-10-08T08:06:39.7070975Z ✔ PCF712-03 the gate refuses a stale epoch, a wrong holder, a wrong boot and a wrong attempt, EACH BY NAME (0.6873ms)
gateway-web	Run pnpm test	2026-10-08T08:06:39.7071744Z ✔ PCF712-04 after a take-over the PREVIOUS worker can no longer report success (0.3761ms)
gateway-web	Run pnpm test	2026-10-08T08:06:39.7072557Z ✔ PCF712-05 persistence happens BEFORE the action, and a persistence failure means the action did NOT run (1.1249ms)
gateway-web	Run pnpm test	2026-10-08T08:06:39.7073425Z ✔ PCF712-06 event replay is idempotent, and a LOST event stays visible as a gap until reconciled (0.6399ms)
gateway-web	Run pnpm test	2026-10-08T08:06:39.7074274Z ✔ PCF712-07 an unproven stop is never inferred from a timeout, and uncertain side effects go to PCF-705 (0.4397ms)
gateway-web	Run pnpm test	2026-10-08T08:06:39.7075463Z ✔ PCF712-08 the canonical attempt record is read with its own field names, and an unreadable identity is its own finding (1.1204ms)
gateway-web	Run pnpm test	2026-10-08T08:06:39.7076498Z ✔ PCF712-01 events replay idempotently and a lost event stays visible as a bounded reconcile target (workbook bullet 1) (3.0963ms)
gateway-web	Run pnpm test	2026-10-08T08:06:39.7077845Z ✔ PCF712-02 an idle pool is a bounded no-op wait: no fake task and no invented stop proof (workbook bullet 1/acceptance) (6.6535ms)
gateway-web	Run pnpm test	2026-10-08T08:06:39.7079091Z ✔ PCF712-03 the supervision loop proposes a start from canonical state and does not re-propose the live attempt on a duplicate wake (workbook bullet 3/revision 2) (470.9252ms)
gateway-web	Run pnpm test	2026-10-08T08:06:39.7080531Z ✔ PCF712-04 only one canonical writer is valid: a divergent or unwritable writer fails closed (workbook bullet 2/acceptance) (111.1966ms)
gateway-web	Run pnpm test	2026-10-08T08:06:39.7081752Z ✔ PCF712-05 a failed persistence step is not hidden by executing first: the fence is checked at start, report and commit (workbook bullet 3/revision 2) (113.8003ms)
gateway-web	Run pnpm test	2026-10-08T08:06:39.7083129Z ✔ PCF712-06 after a restart, outstanding reservations are reconciled without leaking or doubling them, and an unproven stop is handed to 705 (workbook bullet 4/acceptance) (286.6011ms)
gateway-web	Run pnpm test	2026-10-08T08:06:39.7084357Z ✔ PCF712-07 a surviving old worker and a late old-epoch receipt produce no duplicate effect (workbook bullet 3/revision 2) (265.8684ms)
gateway-web	Run pnpm test	2026-10-08T08:06:39.7085601Z ✔ PCF712-08 reconcileExecution proposes execution-lifecycle actions only, never engineering goals or repair (revision 2) (0.7478ms)
gateway-web	Run pnpm test	2026-10-08T08:06:39.7086722Z ✔ PCF713-01 stale, wrong or future load observations produce REMEASURE and can never actuate (bad/expired load; acceptance paragraph) (254.2768ms)
gateway-web	Run pnpm test	2026-10-08T08:06:39.7088095Z ✔ PCF713-02 the degradation ladder is only the explicitly reversible/supported options: cooperative pause is never a kill, and an irreversible quality change is refused (bullet 2/3) (2.0401ms)
gateway-web	Run pnpm test	2026-10-08T08:06:39.7089797Z ✔ PCF713-03 hysteresis, cooldown and minimum dwell stop repeated oscillation between the protected and unprotected states (repeated oscillation; bullet 3) (0.6246ms)
gateway-web	Run pnpm test	2026-10-08T08:06:39.7091233Z ✔ PCF713-04 the user always keeps an exit: disabling protection restores full parallelism and background acceptance (bullet 1/3) (2.3188ms)
gateway-web	Run pnpm test	2026-10-08T08:06:39.7092399Z ✔ PCF713-05 revoking protection authority stops actuation instead of silently continuing under an old grant (fail-closed) (1.4542ms)
gateway-web	Run pnpm test	2026-10-08T08:06:39.7093709Z ✔ PCF713-06 a sustained batch of one app cannot starve a burst of interactive work from another app (sustained batch/burst interactive/priority inversion/starvation; bullet 1) (667.6465ms)
gateway-web	Run pnpm test	2026-10-08T08:06:39.7095355Z ✔ PCF713-07 the per-app budget is enforced per application while another application can still make progress (bullet 1/2) (97.7137ms)
gateway-web	Run pnpm test	2026-10-08T08:06:39.7096655Z ✔ PCF713-08 a rejected task is not lost work: the user is shown SLO_UNSATISFIABLE instead of a silent failure, and the exit switch restores the pre-protection state (bullet 4) (0.5227ms)
gateway-web	Run pnpm test	2026-10-08T08:06:39.7097873Z ✔ PCF713-09 user target, estimated reachable and measured achieved are distinct, and no hard real time is claimed (bullet 4) (1.7751ms)
gateway-web	Run pnpm test	2026-10-08T08:06:39.7098948Z ✔ PCF713-10 fairness rotates between applications so a long queue of one app cannot monopolise the machine (starvation; bullet 2) (0.7823ms)
gateway-web	Run pnpm test	2026-10-08T08:06:39.7099933Z ✔ 713 explicit measured miss only reduces own approved queue parallelism and user disable restores it (4.6942ms)
gateway-web	Run pnpm test	2026-10-08T08:06:39.7100971Z ✔ 713 unknown, stale and unapproved readings cannot actuate or claim hard realtime (1.5227ms)
gateway-web	Run pnpm test	2026-10-08T08:06:39.7101777Z ✔ 713 bounded sampling and generation fencing prevent late actuation after disable or revoke (252.0766ms)
gateway-web	Run pnpm test	2026-10-08T08:06:39.7102753Z ✔ PCF-714 line 45: a remote attempt is claimed without changing task/action/origin identity, and drifted ownership is refused (155.9389ms)
gateway-web	Run pnpm test	2026-10-08T08:06:39.7104054Z ✔ PCF-714 line 45/52: recovery requeues with a new attempt while task/action/origin/session stay identical (117.3038ms)
gateway-web	Run pnpm test	2026-10-08T08:06:39.7105317Z ✔ PCF-714 line 45/56: the origin sees progress, result, artifacts, errors and attention, can cancel/collect/acknowledge, and consumption is measured separately from visibility (194.2803ms)
gateway-web	Run pnpm test	2026-10-08T08:06:39.7106604Z ✔ PCF-714 line 46: an offline origin catches up by bounded sequence, names its gap for reconciliation and never duplicates the result (440.4513ms)
gateway-web	Run pnpm test	2026-10-08T08:06:39.7107604Z ✔ PCF-714 line 50/56: an unauthorized, expired or rebound surface gets neither the result nor the metadata (125.6813ms)
gateway-web	Run pnpm test	2026-10-08T08:06:39.7108733Z ✔ PCF-714 line 47: taking over on another surface reuses the assistant handoff/attention rules, creates no second task and shares no unauthorized context (79.7738ms)
gateway-web	Run pnpm test	2026-10-08T08:06:39.7109939Z ✔ PCF-714 line 48: cancel/approval/completion races resolve through one terminal truth, and an unknown external effect stays attention (102.8231ms)
gateway-web	Run pnpm test	2026-10-08T08:06:39.7110934Z ✔ PCF-714 line 48: a later terminal claim must not overwrite an uncertain (SIDE_EFFECT_UNKNOWN) outcome (97.3197ms)
gateway-web	Run pnpm test	2026-10-08T08:06:39.7111869Z ✔ 715 controls require configured running service; results returned and caller ack do not become Agent consumption (2.2744ms)
gateway-web	Run pnpm test	2026-10-08T08:06:39.7112930Z ✔ 715 malformed number input and stored task markup cannot cross the control form boundary (2.1577ms)
gateway-web	Run pnpm test	2026-10-08T08:06:39.7113768Z ✔ 715 entry stays in the existing Settings/Advanced surface and adds no parallel top-level navigation (9.1961ms)
gateway-web	Run pnpm test	2026-10-08T08:06:39.7114718Z ✔ 715 projection is read-only: no execution authority in its value, no mutation of canonical input, immutable output (1.6912ms)
gateway-web	Run pnpm test	2026-10-08T08:06:39.7116297Z ✔ 715 a missing projection renders an honest unavailable panel instead of throwing, locking or inventing zero (0.3489ms)
gateway-web	Run pnpm test	2026-10-08T08:06:39.7117246Z ✔ 715 absent backend capability keeps one explicitly disabled control and renders no fake button (2.0985ms)
gateway-web	Run pnpm test	2026-10-08T08:06:39.7118030Z ✔ 715 sharing does not imply executor readiness and the six states stay separate (0.626ms)
gateway-web	Run pnpm test	2026-10-08T08:06:39.7118817Z ✔ 715 unknown values travel upward: an unknown task state is shown verbatim instead of being hidden (0.3849ms)
gateway-web	Run pnpm test	2026-10-08T08:06:39.7119467Z ✔ 715 active canonical risk bubbles to the overview (0.8528ms)
gateway-web	Run pnpm test	2026-10-08T08:06:39.7120107Z ✔ 715 partial canonical data bubbles upward instead of crashing the overview read (0.3705ms)
gateway-web	Run pnpm test	2026-10-08T08:06:39.7121152Z ✔ 715 UI reads and panel re-renders create no second task truth and do not reorder the scheduler feed (596.4065ms)
gateway-web	Run pnpm test	2026-10-08T08:06:54.3223682Z ✔ 715 actual browser preserves open/focused drafts and results through snapshots with approved local controls (18004.7857ms)
gateway-web	Run pnpm test	2026-10-08T08:06:54.3419019Z ✔ 716 preflight rejects unsafe configuration and host conditions (1.8133ms)
gateway-web	Run pnpm test	2026-10-08T08:06:54.3421110Z ✔ 716 lifecycle defaults opt out and dry run; install duplicate and undrained upgrade refuse (0.6333ms)
gateway-web	Run pnpm test	2026-10-08T08:06:54.3423808Z ✔ 716 update requires completed drain, uses ordered canary and rolls back failed verification (1.2698ms)
gateway-web	Run pnpm test	2026-10-08T08:06:54.3425624Z ✔ 716 failed canary never switches; rollback failure remains attention (0.5575ms)
gateway-web	Run pnpm test	2026-10-08T08:06:54.3428595Z ✔ 716 bounded logs omit credentials and health probe rejects credentials (1.2894ms)
gateway-web	Run pnpm test	2026-10-08T08:06:54.3431880Z ✔ 716 independent owned child survives absent control surface and stops through its adapter (15.1604ms)
gateway-web	Run pnpm test	2026-10-08T08:06:54.3436250Z ✔ 716 PowerShell opt-out never reads missing config or creates candidate (1450.4965ms)
gateway-web	Run pnpm test	2026-10-08T08:06:54.3479390Z ✔ 716 review duplicate START preserves one owned runtime (0.512ms)
gateway-web	Run pnpm test	2026-10-08T08:06:54.3481269Z ✔ 716 review restored running manifest cannot uninstall unknown runtime (0.453ms)
gateway-web	Run pnpm test	2026-10-08T08:06:54.3483271Z ✔ 716 review restored owned runtime reconciles before stopping and uninstalling (0.3607ms)
gateway-web	Run pnpm test	2026-10-08T08:06:54.3486224Z ✔ 716 review invalid rollback never calls adapter or corrupts manifest (0.2494ms)
gateway-web	Run pnpm test	2026-10-08T08:06:54.3495698Z ✔ 716 review real ancestor junction cannot redirect candidate metadata writes (880.8238ms)
gateway-web	Run pnpm test	2026-10-08T08:06:54.3497463Z ✔ PCF717-01 the manifest is versioned and compatible, and nothing is used without authorisation (6.7434ms)
gateway-web	Run pnpm test	2026-10-08T08:06:54.3499255Z ✔ PCF717-02 the declared requirement is kept apart from the observation (1.5402ms)
gateway-web	Run pnpm test	2026-10-08T08:06:54.3500755Z ✔ PCF717-03 admission counts what is resident and reserved, not how many accelerators exist (3.3058ms)
gateway-web	Run pnpm test	2026-10-08T08:06:54.3502396Z ✔ PCF717-04 the warm pool is bounded, evicts idle first, and refuses to evict a model in use (1.0978ms)
gateway-web	Run pnpm test	2026-10-08T08:06:54.3504064Z ✔ PCF717-05 OOM is an event with attention, per-task KV is isolated, and a cache hit never crosses a gate (0.7637ms)
gateway-web	Run pnpm test	2026-10-08T08:06:54.3505919Z ✔ PCF-718 line 47: a worker advertises the capability and isolation it actually has, and an unverifiable boundary is a typed refusal (3.1296ms)
gateway-web	Run pnpm test	2026-10-08T08:06:54.3508372Z ✔ PCF-718 line 47: Windows-only validation work keeps going to real Windows and is never diverted to an idle Linux node (1.4869ms)
gateway-web	Run pnpm test	2026-10-08T08:06:54.3512515Z ✔ PCF-718 line 48: STANDARD_DEVICES <-> HYBRID stays reversible, and a missing, offline or mismatched Linux worker leaves the Windows/Android path working (17.102ms)
gateway-web	Run pnpm test	2026-10-08T08:06:54.3515823Z ✔ PCF-718 line 45/51: the headless lifecycle is an explicit, preflight-gated plan with least privilege, and an unwired runtime step is a typed refusal (1.4039ms)
gateway-web	Run pnpm test	2026-10-08T08:06:54.3518981Z ✔ PCF-718 line 43/49/51: the honest evidence class of a one-host worker run, the prerequisite ledger, and a local performance figure that is never generalised (0.526ms)
gateway-web	Run pnpm test	2026-10-08T08:06:54.3521081Z ✔ PCF-718 line 49/51: executing a CPU task on a real Linux runtime is a typed NOT_RUN on this host (172.9947ms)
gateway-web	Run pnpm test	2026-10-08T08:06:54.3524737Z ﹣ 718 portable fixed worker uses real POSIX process lifecycle on Linux CI (1.8467ms) # No Linux runtime on this host; Linux CI component evidence is separate from physical acceptance
gateway-web	Run pnpm test	2026-10-08T08:06:54.3527869Z ✔ PCF-719 service stays non-exported and has no launch-intent grant (1.655ms)
gateway-web	Run pnpm test	2026-10-08T08:06:54.3530908Z ✔ PCF-719 visibility comes from observed application lifecycle and fresh execution checks (0.3916ms)
gateway-web	Run pnpm test	2026-10-08T08:06:54.3533640Z ✔ PCF-719 allowlist, identity separation and fail-closed resource gates remain bounded (0.4994ms)
gateway-web	Run pnpm test	2026-10-08T08:06:54.3540621Z ✔ 720 stable driver/device identity, explicit units and safe integer bounds reject overflow and ambiguous source (1.8171ms)
gateway-web	Run pnpm test	2026-10-08T08:06:54.3544781Z ✔ 720 current canonical reservations and explicit safety constraints refuse stale/driver-change/hot/unknown measurements (0.5666ms)
gateway-web	Run pnpm test	2026-10-08T08:06:54.3547947Z ✔ 720 optional adapter reuses 701 observations and does not silently aggregate heterogeneous GPUs (1.2917ms)
gateway-web	Run pnpm test	2026-10-08T08:06:54.3550349Z ✔ 720 absent driver remains UNSUPPORTED rather than invented zero (12.2571ms)
gateway-web	Run pnpm test	2026-10-08T08:06:54.3551716Z ✔ 720 malformed OBSERVED shape cannot invent available VRAM or survive invalid freshness (0.3828ms)
gateway-web	Run pnpm test	2026-10-08T08:06:54.3554317Z ✔ 720 real registry retains failed driver reads as UNKNOWN while absent driver remains UNSUPPORTED (1.0693ms)
gateway-web	Run pnpm test	2026-10-08T08:06:54.3556553Z ✔ PCF-721 line 45: hypotheses, conditions, repetitions/stopping, analysis, controls and the failure-counting rule freeze before the pilot and cannot be relabelled (4.7815ms)
gateway-web	Run pnpm test	2026-10-08T08:06:54.3560679Z ✔ PCF-721 line 46: every trial binds the exact runtime/policy/executor/input identity, and neither a simulation nor a recorded trace may claim a measured result (3.8843ms)
gateway-web	Run pnpm test	2026-10-08T08:06:54.3565388Z ✔ PCF-721 line 47: the declared fault classes are injected through the real REX fault API, scoped to one node, and a controller restart is not a worker failover (43.8354ms)
gateway-web	Run pnpm test	2026-10-08T08:06:54.3573759Z ✔ PCF-721 line 47: a controller restart proves nothing about the worker, worker failover demands stop proof, and neither is reported as high availability (117.5448ms)
gateway-web	Run pnpm test	2026-10-08T08:06:54.3576293Z ✔ PCF-721 line 48/49: failure, no-benefit and unfavourable samples are retained, and the artifact pack carries provenance, limitations and checksums (4.1107ms)
gateway-web	Run pnpm test	2026-10-08T08:06:54.3578965Z ✔ PCF-721 line 45/48: controlled ablation and the policy comparison reuse the identical safety shield, cannot dispatch, and claim no measured benefit (3.2913ms)
gateway-web	Run pnpm test	2026-10-08T08:06:54.3580806Z ✔ configuration is detached, deeply frozen and refuses simulated actual labels (2.5165ms)
gateway-web	Run pnpm test	2026-10-08T08:06:54.3582402Z ✔ two actual local CPU workloads retain repetitions, canonical task/action, trace replay and digests (1901.7369ms)
gateway-web	Run pnpm test	2026-10-08T08:06:54.3583976Z ✔ authority refusals retained and never presented as completed CPU execution (807.64ms)
gateway-web	Run pnpm test	2026-10-08T08:06:54.3585283Z ✔ counterfactual strategies reuse safety shield and never dispatch (0.7903ms)
gateway-web	Run pnpm test	2026-10-08T08:06:54.3586521Z ✔ stopping rule preserves every remaining planned trial as NOT_RUN (564.852ms)
gateway-web	Run pnpm test	2026-10-08T08:06:54.3588128Z ✔ trace replay rejects changed persisted normalization rather than asserting successful execution replay (894.6092ms)
gateway-web	Run pnpm test	2026-10-08T08:06:54.3589604Z ✔ source mismatch and dirty checkout cannot become frozen provenance (1732.258ms)
gateway-web	Run pnpm test	2026-10-08T08:06:54.3591987Z ✔ events infrastructure failure retains completed trial and every remaining planned sample in persisted report (766.1843ms)
gateway-web	Run pnpm test	2026-10-08T08:06:54.3594355Z ✔ report persistence failure exposes recoverable planned ledger and cannot report success (216.4974ms)
gateway-web	Run pnpm test	2026-10-08T08:06:54.3595771Z warning: in the working copy of 'source.mjs', LF will be replaced by CRLF the next time Git touches it
gateway-web	Run pnpm test	2026-10-08T08:06:54.3598895Z warning: in the working copy of 'source.mjs', LF will be replaced by CRLF the next time Git touches it
gateway-web	Run pnpm test	2026-10-08T08:06:54.3600337Z warning: in the working copy of 'source.mjs', LF will be replaced by CRLF the next time Git touches it
gateway-web	Run pnpm test	2026-10-08T08:06:54.3601673Z warning: in the working copy of 'source.mjs', LF will be replaced by CRLF the next time Git touches it
gateway-web	Run pnpm test	2026-10-08T08:06:54.3603480Z ✔ staged-only source contents and index changes alter bounded snapshot identity in an isolated repository (1164.2297ms)
gateway-web	Run pnpm test	2026-10-08T08:06:54.3605095Z ✔ PCF722-01 the failure model is fixed first, and an SLO cannot declare itself verified (4.8234ms)
gateway-web	Run pnpm test	2026-10-08T08:06:54.3606710Z ✔ PCF722-02 without a proven independent substrate nothing is promoted, and the workbook stays NOT_RUN (1.1082ms)
gateway-web	Run pnpm test	2026-10-08T08:06:54.3608314Z ✔ PCF722-03 a partition cannot produce two primaries: no quorum and a live lease both refuse (0.932ms)
gateway-web	Run pnpm test	2026-10-08T08:06:54.3610003Z ✔ PCF722-04 clock skew, storage lag, duplicate promotion and a fencing failure each refuse for their own reason (0.9291ms)
gateway-web	Run pnpm test	2026-10-08T08:06:54.3616098Z ✔ PCF722-05 an old leader coming back is fenced by epoch, and its writes are refused while it is stale (0.3668ms)
gateway-web	Run pnpm test	2026-10-08T08:06:54.3621108Z ✔ PCF722-06 a staged handover needs every step, bounds its refs and copies no raw secret (2.9336ms)
gateway-web	Run pnpm test	2026-10-08T08:06:54.3623022Z ✔ PCF722-07 the automatic-HA marker needs real-fault and single-writer evidence; a document review is not implementation (0.9111ms)
gateway-web	Run pnpm test	2026-10-08T08:06:54.3625484Z ✔ PCF723-AP-01 an evidence grade is a recorded MARK, and only an ACTUAL_EXECUTION may claim a local measurement (5.0945ms)
gateway-web	Run pnpm test	2026-10-08T08:06:54.3627258Z ✔ PCF723-AP-02 an ACTUAL label needs real run identities, and a recorded trace needs its source run (1.878ms)
gateway-web	Run pnpm test	2026-10-08T08:06:54.3629491Z ✔ PCF723-AP-03 every policy/model/input version of a decision is traceable, and what cannot be carried is named (0.8043ms)
gateway-web	Run pnpm test	2026-10-08T08:06:54.3631725Z ✔ PCF723-AP-04 a policy change is TRACEABLE as a recomputable decision difference, never as a performance gain (4.7629ms)
gateway-web	Run pnpm test	2026-10-08T08:06:54.3634047Z ✔ PCF723-AP-05 a policy/model version is mandatory on a shadow decision, and the reason for a change travels with it (1.1037ms)
gateway-web	Run pnpm test	2026-10-08T08:06:54.3635995Z ✔ PCF723-AP-06 drift, low confidence, an out-of-range input, a timeout and excessive cost each REFUSE by their own code (0.5977ms)
gateway-web	Run pnpm test	2026-10-08T08:06:54.3638005Z ✔ PCF723-AP-07 a refused scorer leaves the verified deterministic order in place and blocks no caller (0.8676ms)
gateway-web	Run pnpm test	2026-10-08T08:06:54.3639792Z ✔ PCF723-AP-08 no learned policy may freeze core behaviour: rollback is always available and restores the proven order (0.5824ms)
gateway-web	Run pnpm test	2026-10-08T08:06:54.3641736Z ✔ PCF723-AP-09 no learned policy may probe user permissions: the shield refuses the feasible set and protected fields (1.1933ms)
gateway-web	Run pnpm test	2026-10-08T08:06:54.3643434Z ✔ PCF723-01 a learner may REORDER the eligible set, and the fallback order exists before it is consulted (3.1601ms)
gateway-web	Run pnpm test	2026-10-08T08:06:54.3644784Z ✔ PCF723-02 the shield refuses to ADD a candidate, DROP one, or rename one (0.99ms)
gateway-web	Run pnpm test	2026-10-08T08:06:54.3646165Z ✔ PCF723-03 a learner can never touch trust, consent, strict target, review gate or cost authorization (0.3959ms)
gateway-web	Run pnpm test	2026-10-08T08:06:54.3647813Z ✔ PCF723-04 a scorer that throws, times out or is unavailable falls back to the proven order and blocks nothing (0.357ms)
gateway-web	Run pnpm test	2026-10-08T08:06:54.3650531Z ✔ PCF723-05 low confidence, drift, an out-of-range input, a timeout budget and any cost each refuse with their own code (0.5482ms)
gateway-web	Run pnpm test	2026-10-08T08:06:54.3652024Z ✔ PCF723-06 a shadow decision reports the DIFFERENCE and dispatches nothing (0.6425ms)
gateway-web	Run pnpm test	2026-10-08T08:06:54.3653750Z ✔ PCF723-07 evaluation REFUSES to test on what it trained on (0.5646ms)
gateway-web	Run pnpm test	2026-10-08T08:06:54.3655434Z ✔ PCF723-08 the admission ladder cannot be skipped, a canary needs Owner approval, and rollback needs none (0.578ms)
gateway-web	Run pnpm test	2026-10-08T08:06:54.3658948Z ✔ PCF724-01 an optional resource source that does not exist is reported UNSUPPORTED, never as a fabricated measurement (3.6903ms)
gateway-web	Run pnpm test	2026-10-08T08:06:54.3661142Z ✔ PCF724-02 an application declaration carries app/executor/QoS/resources/output schema/user surface, and an undeclared app is refused (176.9816ms)
gateway-web	Run pnpm test	2026-10-08T08:06:54.3663094Z ✔ PCF724-03 both shippable workload classes produce a real canonical result from the fixed CPU executor (569.9125ms)
gateway-web	Run pnpm test	2026-10-08T08:06:54.3667533Z ✔ PCF724-04 duplicate submission is idempotent, and the SAME key with DIFFERENT input is an IDEMPOTENCY_CONFLICT (223.6498ms)
gateway-web	Run pnpm test	2026-10-08T08:06:54.3670768Z ✔ PCF724-05 an incompatible app version, a bad input schema and a non-numeric payload modal are typed refusals (194.9049ms)
gateway-web	Run pnpm test	2026-10-08T08:06:54.3672540Z ✔ PCF724-06 unauthorized data scope and an unapproved device are refused by the policy, not by the app (197.1739ms)
gateway-web	Run pnpm test	2026-10-08T08:06:54.3674403Z ✔ PCF724-07 several apps co-run on ONE scheduler, and fairness alternates app ownership instead of draining one app first (665.5599ms)
gateway-web	Run pnpm test	2026-10-08T08:06:54.3676518Z ✔ PCF724-08 a candidate without enough free capacity is refused, and admission enforces the per-app quota (163.8009ms)
gateway-web	Run pnpm test	2026-10-08T08:06:54.3678708Z ✔ PCF724-09 cancelling one app does not erase the other app state, and the City keeps serving (223.5149ms)
gateway-web	Run pnpm test	2026-10-08T08:06:54.3680544Z ✔ PCF724-10 a crash is contained to its own attempt and never becomes an automatic retry of side-effecting work (1.7292ms)
gateway-web	Run pnpm test	2026-10-08T08:06:54.3682348Z ✔ PCF724-11 a result is only returned to its own origin session and device; a misrouted collect is refused (238.031ms)
gateway-web	Run pnpm test	2026-10-08T08:06:54.3684076Z ✔ PCF724-12 a checkpoint requires bounded side effects and a complete provider/attempt binding (1.1607ms)
gateway-web	Run pnpm test	2026-10-08T08:06:54.3691293Z ✔ PCF724-13 a future vertical adapter declares its contract gaps and its QoS carries no hard real-time promise (0.5183ms)
gateway-web	Run pnpm test	2026-10-08T08:06:54.3693023Z ✔ PCF724-14 the study harness runs both workload classes locally and reports every physical claim as NOT_RUN (941.1415ms)
gateway-web	Run pnpm test	2026-10-08T08:06:54.3694655Z ✔ PCF725-01 an unknown contract version, field or provider version is refused (4.1415ms)
gateway-web	Run pnpm test	2026-10-08T08:06:54.3695969Z ✔ PCF725-02 a free-form command, shell or path is refused by name (1.9254ms)
gateway-web	Run pnpm test	2026-10-08T08:06:54.3697454Z ✔ PCF725-03 a storage namespace cannot escape its range (0.6784ms)
gateway-web	Run pnpm test	2026-10-08T08:06:54.3698829Z ✔ PCF725-04 a forged isolation claim is refused and a plain Node process is never called a sandbox (1.1729ms)
gateway-web	Run pnpm test	2026-10-08T08:06:54.3700415Z ✔ PCF725-05 the lifecycle is frozen, names its owner workbook, and a crash is not an automatic retry (1.6221ms)
gateway-web	Run pnpm test	2026-10-08T08:06:54.3701869Z ✔ PCF725-06 disabling one provider leaves the others and the City alone (0.6839ms)
gateway-web	Run pnpm test	2026-10-08T08:06:54.3703349Z ✔ PCF725-07 the schema version and the consumer mapping are explicit, and no consumer is imported (2.7096ms)
gateway-web	Run pnpm test	2026-10-08T08:06:54.3705127Z ✔ PCF726-01 the capsule preserves task/action, attempt/epoch, origin device and parent session, versions and refs (3.2974ms)
gateway-web	Run pnpm test	2026-10-08T08:06:54.3707058Z ✔ PCF726-02 a capsule cannot be compiled from an expired deadline, an unapproved device or an incomplete attempt binding (3.5392ms)
gateway-web	Run pnpm test	2026-10-08T08:06:54.3708926Z ✔ PCF726-03 the envelope correlates every execution identity, and each mismatch is refused under its own field (1.8903ms)
gateway-web	Run pnpm test	2026-10-08T08:06:54.3710798Z ✔ PCF726-04 exit zero or a completed transfer is NOT acceptance: a SUCCEEDED outcome still needs a proven output digest (2.3712ms)
gateway-web	Run pnpm test	2026-10-08T08:06:54.3712774Z ✔ PCF726-05 a changed or expired authorization invalidates the envelope, and delivery is still not consumption (0.9034ms)
gateway-web	Run pnpm test	2026-10-08T08:06:54.3714762Z ✔ PCF726-06 assumptions and unresolved questions belong to the DOMAIN, never a hidden chain-of-thought, and grant no authority (2.7377ms)
gateway-web	Run pnpm test	2026-10-08T08:06:54.3717352Z ✔ PCF726-07 an artifact digest is only evidence if the artifact the store holds matches it; a missing artifact is refused (25.9447ms)
gateway-web	Run pnpm test	2026-10-08T08:06:54.3720053Z ✔ PCF726-08 the payload, its depth, its strings and its references are bounded, and a cyclic input is refused (1.8268ms)
gateway-web	Run pnpm test	2026-10-08T08:06:54.3722202Z ✔ PCF726-09 a stale epoch, a duplicate event and a cross-job correlation are each refused rather than merged (1.522ms)
gateway-web	Run pnpm test	2026-10-08T08:06:54.3724000Z ✔ PCF726-10 insufficient evidence must not clear uncertainty: an unproven attempt stays UNKNOWN, never SUCCEEDED (0.9332ms)
gateway-web	Run pnpm test	2026-10-08T08:06:54.3725949Z ✔ PCF726-11 a LEGACY task keeps its original shape, and the transfer from DGX-002 is thin: execution substrate only (0.5342ms)
gateway-web	Run pnpm test	2026-10-08T08:06:54.3727747Z ✔ PCF726-12 the capsule preserves the independence-floor reference it was compiled under, and never fabricates one (1.2022ms)
gateway-web	Run pnpm test	2026-10-08T08:06:54.3729543Z ✔ PCF726 versioned capsule retains canonical identity and bounded scope; legacy tasks remain untouched (3.8588ms)
gateway-web	Run pnpm test	2026-10-08T08:06:54.3731092Z ✔ PCF726 result correlation never treats transport or exit zero as acceptance (9.7356ms)
gateway-web	Run pnpm test	2026-10-08T08:06:54.3732453Z ✔ PCF726 explicit result ledger rejects replay and out of order after restart (1.8073ms)
gateway-web	Run pnpm test	2026-10-08T08:06:54.3734292Z ✔ 727 the executor binding maps the whole ConnectorPort and refuses an unversioned manifest or an incomplete port (3.4386ms)
gateway-web	Run pnpm test	2026-10-08T08:06:54.3736002Z ✔ 727 a missing or unlicensed client is a typed NOT_RUN refusal, never an install or login attempt (5.2385ms)
gateway-web	Run pnpm test	2026-10-08T08:06:54.3737978Z ✔ 727 unsupported capability and unsupported control are typed refusals against the installed interface (1.2171ms)
gateway-web	Run pnpm test	2026-10-08T08:06:54.3739848Z ✔ 727 session binding refuses ambient, foreign and resumed sessions (1.5114ms)
gateway-web	Run pnpm test	2026-10-08T08:06:54.3741215Z ✔ 727 submit, progress, result and health correlate the canonical attempt with a real subprocess (722.3573ms)
gateway-web	Run pnpm test	2026-10-08T08:06:54.3742828Z ✔ 727 isolated-worktree staging refuses dirty input, a foreign checkout and any auto-merge (1159.0467ms)
gateway-web	Run pnpm test	2026-10-08T08:06:54.3744599Z ✔ 727 cancellation, deadlines and unknown effects stay honest, and an unknown-effect run is not checkpointed (1084.2987ms)
gateway-web	Run pnpm test	2026-10-08T08:06:54.3746194Z ✔ 727 provider acceptance stays per-provider and is never claimed from a local fixture (2.6811ms)
gateway-web	Run pnpm test	2026-10-08T08:06:54.3747433Z ✔ fixed invocation never accepts arbitrary argv or latest session (2.8303ms)
gateway-web	Run pnpm test	2026-10-08T08:06:54.3748596Z ✔ unapproved provider remains NOT_RUN and unknown attachment refused (1.3608ms)
gateway-web	Run pnpm test	2026-10-08T08:06:54.3749940Z ✔ real subprocess fixture captures JSONL exit and refuses duplicate attempt (85.5171ms)
gateway-web	Run pnpm test	2026-10-08T08:06:54.3751302Z ✔ bounded malformed stream fails and cancellation waits for process close (72.4805ms)
gateway-web	Run pnpm test	2026-10-08T08:06:54.3752554Z ✔ adapter binds real ConnectorPort inventory without claiming readiness (0.6881ms)
gateway-web	Run pnpm test	2026-10-08T08:06:54.3753672Z ✔ nonzero exit and invalid JSONL do not become success (129.2817ms)
gateway-web	Run pnpm test	2026-10-08T08:06:54.3754854Z ✔ caller mutation across workspace validation cannot change verified execution (68.9166ms)
gateway-web	Run pnpm test	2026-10-08T08:06:54.3756099Z ✔ production cannot inject a workspace validator or provider fixture argv (0.6849ms)
gateway-web	Run pnpm test	2026-10-08T08:06:54.3757691Z ✔ owned start is persisted before stdin and durable exit precedes collection (71.7242ms)
gateway-web	Run pnpm test	2026-10-08T08:06:54.3758849Z ✔ receipt disk failure is ATTENTION and cannot be collected (68.4283ms)
gateway-web	Run pnpm test	2026-10-08T08:06:54.3759955Z ✔ owner start refusal closes the owned process without delivering stdin (8.6353ms)
gateway-web	Run pnpm test	2026-10-08T08:06:54.3761180Z ✔ never-settling owner start has a bounded ATTENTION receipt and abort fence (42.4048ms)
gateway-web	Run pnpm test	2026-10-08T08:06:54.3762360Z ✔ late receipt persistence cannot turn callback timeout into success (109.9422ms)
gateway-web	Run pnpm test	2026-10-08T08:06:54.3763951Z ✔ component fixture: real Store admission capsule subprocess durable receipt and same-caller consume (271.9491ms)
gateway-web	Run pnpm test	2026-10-08T08:06:54.3766031Z ✔ 728 versioned caller tools stay bound to the originating session and recheck authority on every call (178.2755ms)
gateway-web	Run pnpm test	2026-10-08T08:06:54.3768022Z ✔ 728 the receipt distinguishes accepted, running, result-ready, delivered and consumed instead of turning green at once (237.2368ms)
gateway-web	Run pnpm test	2026-10-08T08:06:54.3770187Z ✔ 728 the originating agent reads the result back as an explicit input for the next step (343.1484ms)
gateway-web	Run pnpm test	2026-10-08T08:06:54.3771658Z ✔ 728 origin recovery is bounded, gap-aware and refuses any other session (233.8607ms)
gateway-web	Run pnpm test	2026-10-08T08:06:54.3772944Z ✔ 728 duplicate submit, cancel and late results obey one canonical terminal (203.5583ms)
gateway-web	Run pnpm test	2026-10-08T08:06:54.3774317Z ✔ 728 the origin bridge binds every access to the originating session and device (223.2259ms)
gateway-web	Run pnpm test	2026-10-08T08:06:54.3777712Z ✔ 728 the caller reuses the explicit 703 DAG with scopes, dependencies and join acceptance (2.9117ms)
gateway-web	Run pnpm test	2026-10-08T08:06:54.3779191Z ✔ 728 a returned result is inert data and grants no merge, credential or budget authority (191.4028ms)
gateway-web	Run pnpm test	2026-10-08T08:06:54.3780463Z ✔ facade forwards canonical receipts and keeps delivered distinct from consumed (2.0458ms)
gateway-web	Run pnpm test	2026-10-08T08:06:54.3782235Z ✔ each invocation rechecks current authority including retrieval (0.2674ms)
gateway-web	Run pnpm test	2026-10-08T08:06:54.3782934Z ✔ T1: the Web shell is served from apps/web and cannot be escaped (119.3191ms)
gateway-web	Run pnpm test	2026-10-08T08:06:54.3783736Z ✔ T1: rooms are reported truthfully when the hub is up (45.6245ms)
gateway-web	Run pnpm test	2026-10-08T08:06:54.3784251Z ✔ T1: an unreachable Room Hub is a state, not an error (34.5874ms)
gateway-web	Run pnpm test	2026-10-08T08:06:54.3784782Z ✔ T2: a Room Action keeps the Room own truth and is idempotent (59.8801ms)
gateway-web	Run pnpm test	2026-10-08T08:06:54.3785363Z ✔ T2: a Capability Action carries the real invocation identity (102.8155ms)
gateway-web	Run pnpm test	2026-10-08T08:06:54.3786046Z ✔ T2: a City task is UNAVAILABLE with no node, and follows the real task when there is one (55.5464ms)
gateway-web	Run pnpm test	2026-10-08T08:06:54.3786809Z ✔ T3: Ask / Do routes deterministically, refuses to guess, and confirms side effects (424.4336ms)
gateway-web	Run pnpm test	2026-10-08T08:06:54.3787458Z ✔ scope: no BOSS or HNS route can be created, by any path (45.7588ms)
gateway-web	Run pnpm test	2026-10-08T08:06:54.3788037Z ✔ T1.1: health reflects real readiness instead of being a constant (63.858ms)
gateway-web	Run pnpm test	2026-10-08T08:06:54.3788580Z ✔ T2: an idempotency key is bound to one request (43.0388ms)
gateway-web	Run pnpm test	2026-10-08T08:06:54.3789077Z ✔ T2: City task provenance follows the real task state (38.0204ms)
gateway-web	Run pnpm test	2026-10-08T08:06:54.3789734Z ✔ network: local beats LAN beats remote beats unknown, and latency only ever removes score (2.6678ms)
gateway-web	Run pnpm test	2026-10-08T08:06:54.3790459Z ✔ capacity: missing telemetry is EXCLUDED, never defaulted to a middle value (0.6184ms)
gateway-web	Run pnpm test	2026-10-08T08:06:54.3791286Z ✔ role: a City already carrying devices outranks an identical empty one, and a known City outranks a stranger (0.2196ms)
gateway-web	Run pnpm test	2026-10-08T08:06:54.3792159Z ✔ recommendation: the best carrier wins on network + capacity together, not on either alone (0.8387ms)
gateway-web	Run pnpm test	2026-10-08T08:06:54.3793034Z ✔ recommendation: a candidate with NO telemetry falls back to network+role rather than scoring zero capacity (0.4274ms)
gateway-web	Run pnpm test	2026-10-08T08:06:54.3794215Z ✔ recommendation: an EMPTY list recommends nothing, and says why instead of throwing (0.9973ms)
gateway-web	Run pnpm test	2026-10-08T08:06:54.3795302Z ✔ recommendation: the order is DETERMINISTIC for equal scores, so the list cannot reshuffle between renders (10.9781ms)
gateway-web	Run pnpm test	2026-10-08T08:06:54.3796471Z ✔ recommendation: a single loopback City is recommended with the honest reason that it is the only one (0.2605ms)
gateway-web	Run pnpm test	2026-10-08T08:06:54.3797223Z ✔ weights are exported and the balance is visible rather than guessed (0.2998ms)
gateway-web	Run pnpm test	2026-10-08T08:06:54.3797891Z ✔ attachment: wired beats wireless for a CARRIER, and a metered link is halved (0.4041ms)
gateway-web	Run pnpm test	2026-10-08T08:06:54.3798651Z ✔ group carrier: a City nobody else can reach is NOT the carrier, however powerful the machine (0.5561ms)
gateway-web	Run pnpm test	2026-10-08T08:06:54.3799512Z ✔ group carrier: when one City is reachable by every peer it wins, even against a higher-scoring partial one (0.217ms)
gateway-web	Run pnpm test	2026-10-08T08:06:54.3800650Z ✔ group carrier: with no peer reachability reported, it says the ranking alone decided rather than implying a check (0.1976ms)
gateway-web	Run pnpm test	2026-10-08T08:06:54.3801430Z ✔ group carrier: an empty topology answers honestly instead of throwing (0.167ms)
gateway-web	Run pnpm test	2026-10-08T08:06:54.3802107Z ✔ the old inline implementation throws on empty output, which is the regression (2.8236ms)
gateway-web	Run pnpm test	2026-10-08T08:06:54.3802812Z ✔ empty output is read as "already gone", not as an unparseable error (0.4828ms)
gateway-web	Run pnpm test	2026-10-08T08:06:54.3803389Z ✔ "null" from ConvertTo-Json is also treated as already gone (0.1574ms)
gateway-web	Run pnpm test	2026-10-08T08:06:54.3803903Z ✔ a live, matching process verifies through CIM (0.2225ms)
gateway-web	Run pnpm test	2026-10-08T08:06:54.3804485Z ✔ a live process running something else is a FATAL mismatch, as it was before (0.1727ms)
gateway-web	Run pnpm test	2026-10-08T08:06:54.3805131Z ✔ a quoting-safe array result is handled as well as a single object (0.2153ms)
gateway-web	Run pnpm test	2026-10-08T08:06:54.3805692Z ✔ a missing CommandLine field is not mistaken for a match (0.38ms)
gateway-web	Run pnpm test	2026-10-08T08:06:54.3806283Z ✔ when CIM is unusable, tasklist still catches a plainly wrong process (0.4102ms)
gateway-web	Run pnpm test	2026-10-08T08:06:54.3807221Z ✔ tasklist reporting no match is already-gone rather than unavailable (0.428ms)
gateway-web	Run pnpm test	2026-10-08T08:06:54.3807902Z ✔ both probes failing is unavailable and aborts before stopping any process (0.5933ms)
gateway-web	Run pnpm test	2026-10-08T08:06:54.3808841Z ✔ unparseable-but-non-empty CIM output falls through to the weaker probe instead of claiming absence (0.3271ms)
gateway-web	Run pnpm test	2026-10-08T08:06:54.3809724Z ✔ a UTF-8 BOM on the output does not break parsing (0.2432ms)
gateway-web	Run pnpm test	2026-10-08T08:06:54.3810241Z ✔ every returned status is one of the declared statuses (0.3761ms)
gateway-web	Run pnpm test	2026-10-08T08:06:54.3810784Z ✔ a non-numeric PID is fatal and never reaches a command line (0.2502ms)
gateway-web	Run pnpm test	2026-10-08T08:06:54.3811530Z ✔ the CIM and tasklist filters refuse a non-numeric PID outright (0.4826ms)
gateway-web	Run pnpm test	2026-10-08T08:06:54.3812485Z ✔ only positively verified identity permits stopping a PID (0.2289ms)
gateway-web	Run pnpm test	2026-10-08T08:06:54.3813310Z ✔ runner stops file side effects when gateway has made task terminal (1.5523ms)
gateway-web	Run pnpm test	2026-10-08T08:06:54.3814963Z ✔ runner returns failed report for retry when transport is unavailable (0.4462ms)
gateway-web	Run pnpm test	2026-10-08T08:06:54.3816948Z ✔ S1: a peer that cannot be dialled registers over an OUTBOUND socket, and the City names its ref (102.9399ms)
gateway-web	Run pnpm test	2026-10-08T08:06:54.3818709Z ✔ S1: admission reuses the City’s OWN credentials - a session ref comes from the registry, and a bad one is refused (90.9437ms)
gateway-web	Run pnpm test	2026-10-08T08:06:54.3820533Z ✔ S3: a real join completes over the pipe - the CITY runs the payload, the owner approves, the claim is spent once (59.3051ms)
gateway-web	Run pnpm test	2026-10-08T08:06:54.3822247Z ✔ S3: without approval the pipe grants nothing - the City is not joined just because a path exists (33.4205ms)
gateway-web	Run pnpm test	2026-10-08T08:06:54.3823855Z ✔ S2/S3: the relay refuses to be an open proxy - no path outside the list, and no widening by method (55.6385ms)
gateway-web	Run pnpm test	2026-10-08T08:06:54.3825404Z ✔ S3: a City refusal travels back as its OWN status, so the surface can say why instead of "unreachable" (24.865ms)
gateway-web	Run pnpm test	2026-10-08T08:06:54.3827302Z ✔ S2: the dialling peer also SERVES the City - a payload the City PUSHES runs on the City it was dialled to (44.7799ms)
gateway-web	Run pnpm test	2026-10-08T08:06:54.3828952Z ✔ N2: the whole cross-network join runs over the pipe - capability, ask, decision, credential (94.3607ms)
gateway-web	Run pnpm test	2026-10-08T08:06:54.3830382Z ✔ N2: a rejection is reported AS a rejection and never retried; the flow stops there (85.5084ms)
gateway-web	Run pnpm test	2026-10-08T08:06:54.3831730Z ✔ N2: a pipe that answers for ANOTHER City is refused before an ask is created (30.6384ms)
gateway-web	Run pnpm test	2026-10-08T08:06:54.3833082Z ✔ N2: the reach decision sends the same link to navigation and the far network to the pipe (0.41ms)
gateway-web	Run pnpm test	2026-10-08T08:06:54.3834591Z ✔ S1: a pipe that never stops is rate-limited, and the version check still applies to the handshake (59.5161ms)
gateway-web	Run pnpm test	2026-10-08T08:06:54.3836299Z ✔ an admitted peer registers and is listed; a refused one is refused WITH a reason (4.232ms)
gateway-web	Run pnpm test	2026-10-08T08:06:54.3838179Z ✔ a forwarded request reaches the peer and its answer comes back to the caller (0.7998ms)
gateway-web	Run pnpm test	2026-10-08T08:06:54.3839682Z ✔ forwarding to a peer that is not connected is a typed 404, not a hang (0.2137ms)
gateway-web	Run pnpm test	2026-10-08T08:06:54.3840916Z ✔ a peer that never answers produces a TIMEOUT rather than an unbounded wait (51.64ms)
gateway-web	Run pnpm test	2026-10-08T08:06:54.3842156Z ✔ the in-flight cap is a REFUSAL, not a queue (0.8291ms)
gateway-web	Run pnpm test	2026-10-08T08:06:54.3843811Z ✔ an answer nobody is waiting for is dropped, and an answer from the WRONG peer is not accepted (0.5775ms)
gateway-web	Run pnpm test	2026-10-08T08:06:54.3845396Z ✔ a peer answering with an error rejects the caller with that error, typed (0.3695ms)
gateway-web	Run pnpm test	2026-10-08T08:06:54.3846743Z ✔ a re-dial REPLACES the old connection for that peer rather than leaving two live pipes (0.232ms)
gateway-web	Run pnpm test	2026-10-08T08:06:54.3848030Z ✔ the peer cap and close() are both refusals rather than silent behaviour (0.7359ms)
gateway-web	Run pnpm test	2026-10-08T08:06:54.3849193Z ✔ a write that throws fails THAT request instead of corrupting the hub (0.5752ms)
gateway-web	Run pnpm test	2026-10-08T08:06:54.3850312Z ✔ a bootstrap payload is a pointer to the pairing path, never trust (3.6368ms)
gateway-web	Run pnpm test	2026-10-08T08:06:54.3851289Z ✔ a MAC address is never consulted for a decision (0.4196ms)
gateway-web	Run pnpm test	2026-10-08T08:06:54.3852265Z ✔ an expired or replayed bootstrap is refused without partial state (0.6888ms)
gateway-web	Run pnpm test	2026-10-08T08:06:54.3853473Z ✔ the IP handoff requires trust and re-verifies the fingerprint on the new path (0.8528ms)
gateway-web	Run pnpm test	2026-10-08T08:06:54.3854509Z ✔ scanning is bounded and payloads are strict (1.1721ms)
gateway-web	Run pnpm test	2026-10-08T08:06:54.3855428Z ✔ a bootstrap window is bounded and a junk clock is a refusal (0.6941ms)
gateway-web	Run pnpm test	2026-10-08T08:06:54.3856308Z ✔ an expired bootstrap cannot be handed off (0.4631ms)
gateway-web	Run pnpm test	2026-10-08T08:06:54.3857604Z ✔ a payload must carry a real nonce, real candidates and its own fields (0.552ms)
gateway-web	Run pnpm test	2026-10-08T08:06:54.3858763Z ✔ a bootstrap payload is strict, and replay protection is auditable (1.6071ms)
gateway-web	Run pnpm test	2026-10-08T08:06:54.3860089Z ✔ two heterogeneous devices advertise different implementations of one logical capability (8.4361ms)
gateway-web	Run pnpm test	2026-10-08T08:06:54.3861471Z ✔ callers resolve a compatible version without knowing the device class (4.5257ms)
gateway-web	Run pnpm test	2026-10-08T08:06:54.3862747Z ✔ an unsupported version fails explicitly instead of being coerced (1.3428ms)
gateway-web	Run pnpm test	2026-10-08T08:06:54.3864011Z ✔ capability loss invalidates new invocations and stays visible in state (2.2403ms)
gateway-web	Run pnpm test	2026-10-08T08:06:54.3865436Z ✔ exclusive/shared/background and live/queue metadata survive serialization and versioning (2.2164ms)
gateway-web	Run pnpm test	2026-10-08T08:06:54.3866831Z ✔ an advertised capability is availability metadata, never permission (1.5154ms)
gateway-web	Run pnpm test	2026-10-08T08:06:54.3867922Z ✔ the registry is strict, frozen and free of ambient state (1.3127ms)
gateway-web	Run pnpm test	2026-10-08T08:06:54.3869168Z ✔ canonical execution metadata is decided by own keys, not the prototype chain (0.5829ms)
gateway-web	Run pnpm test	2026-10-08T08:06:54.3870446Z ✔ a malformed or impossible caller instant is refused as a typed error (1.6079ms)
gateway-web	Run pnpm test	2026-10-08T08:06:54.3873585Z ✔ an expired advertisement cannot be invoked by naming an earlier instant (0.8738ms)
gateway-web	Run pnpm test	2026-10-08T08:06:54.3874914Z ✔ a refused wire payload leaves the registry untouched (0.4678ms)
gateway-web	Run pnpm test	2026-10-08T08:06:54.3875992Z ✔ a wire snapshot may not replace newer state or silently clear a recorded loss (0.9975ms)
gateway-web	Run pnpm test	2026-10-08T08:06:54.3877486Z ✔ the wire path enforces the same validation as direct advertisement (1.3669ms)
gateway-web	Run pnpm test	2026-10-08T08:06:54.3878620Z ✔ a capability id whose major is not a safe integer is not addressable (0.255ms)
gateway-web	Run pnpm test	2026-10-08T08:06:54.3879699Z ✔ a declared canonical execution field is never silently downgraded (0.372ms)
gateway-web	Run pnpm test	2026-10-08T08:06:54.3880731Z ✔ the advertisement TTL ceiling cannot be lifted by the caller (0.6587ms)
gateway-web	Run pnpm test	2026-10-08T08:06:54.3882184Z ✔ the advertisements() surface is frozen like every other descriptor surface (0.416ms)
gateway-web	Run pnpm test	2026-10-08T08:06:54.3883453Z ✔ the public surface is frozen and a mock or real adapter satisfies it unchanged (9.0337ms)
gateway-web	Run pnpm test	2026-10-08T08:06:54.3884644Z ✔ policy denial stays a denial even on a perfect authenticated session (2.5784ms)
gateway-web	Run pnpm test	2026-10-08T08:06:54.3885812Z ✔ an advertised capability without effective permission cannot execute (0.686ms)
gateway-web	Run pnpm test	2026-10-08T08:06:54.3887179Z ✔ foreground-sensitive resources are enforced locally without Fabric deciding ownership (0.8971ms)
gateway-web	Run pnpm test	2026-10-08T08:06:54.3888590Z ✔ Fabric holds no task graph, no assistant state and no competing identity namespace (1.2374ms)
gateway-web	Run pnpm test	2026-10-08T08:06:54.3892451Z ✔ integration seams are recorded without importing a sibling branch (1.1071ms)
gateway-web	Run pnpm test	2026-10-08T08:06:54.3893855Z ✔ the resource class and the local confirmation requirement cannot be dodged by the request (1.0216ms)
gateway-web	Run pnpm test	2026-10-08T08:06:54.3895474Z ✔ a session authorizes only the device it was opened for (0.5533ms)
gateway-web	Run pnpm test	2026-10-08T08:06:54.3898073Z ✔ the adapter cannot hand back a colliding or unauthenticated session (0.5218ms)
gateway-web	Run pnpm test	2026-10-08T08:06:54.3899726Z ✔ a Fabric with no policy port refuses rather than granting every axis (0.6535ms)
gateway-web	Run pnpm test	2026-10-08T08:06:54.3901078Z ✔ revocation reports the presence it can actually observe and releases the foreground claim (0.5406ms)
gateway-web	Run pnpm test	2026-10-08T08:06:54.3902338Z ✔ a failed transport invoke leaves no foreground claim behind (0.5177ms)
gateway-web	Run pnpm test	2026-10-08T08:06:54.3903225Z ✔ subscription and stream inputs are bounded (0.5048ms)
gateway-web	Run pnpm test	2026-10-08T08:06:54.3904091Z ✔ a malformed caller instant is refused as a typed error (0.6664ms)
gateway-web	Run pnpm test	2026-10-08T08:06:54.3905241Z ✔ the foreground policy config and the adapter port are validated rather than trusted (0.5574ms)
gateway-web	Run pnpm test	2026-10-08T08:06:54.3906297Z ✔ a stream runs the same gates as an invocation (0.9366ms)
gateway-web	Run pnpm test	2026-10-08T08:06:54.3907253Z ✔ an exclusive foreground resource needs the action that owns it (0.6667ms)
gateway-web	Run pnpm test	2026-10-08T08:06:54.3908192Z ✔ the adapter interface and its failures are typed (0.9494ms)
gateway-web	Run pnpm test	2026-10-08T08:06:54.3909050Z ✔ a cyclic policy config cannot crash the freezer (0.2537ms)
gateway-web	Run pnpm test	2026-10-08T08:06:54.3910048Z ✔ the advertised capability version is normalized before it is compared (0.6898ms)
gateway-web	Run pnpm test	2026-10-08T08:06:54.3911114Z ✔ the emitted denial reason is part of the exported vocabulary (0.1762ms)
gateway-web	Run pnpm test	2026-10-08T08:06:54.3912005Z ✔ a calendar-impossible instant is refused (0.2567ms)
gateway-web	Run pnpm test	2026-10-08T08:06:54.3913147Z ✔ one invite renders as code, deep link, web link and QR payload without creating trust records (5.335ms)
gateway-web	Run pnpm test	2026-10-08T08:06:54.3914597Z ✔ expired, cancelled and already-used invites fail with one indistinguishable generic error (2.6182ms)
gateway-web	Run pnpm test	2026-10-08T08:06:54.3917692Z ✔ guessing is rate-limited and never reveals whether a device exists (0.9543ms)
gateway-web	Run pnpm test	2026-10-08T08:06:54.3919854Z ✔ entering an invite reaches pairing preview but cannot invoke capabilities before confirmation (0.9913ms)
gateway-web	Run pnpm test	2026-10-08T08:06:54.3921438Z ✔ an invite is a one-time rendezvous, and after trust it can no longer reconnect anything (1.8118ms)
gateway-web	Run pnpm test	2026-10-08T08:06:54.3922539Z ✔ the rendezvous service stays independent of the eventual data path (1.5962ms)
gateway-web	Run pnpm test	2026-10-08T08:06:54.3923246Z ✔ invite policy values are bounded, so a locator cannot be eternal (0.7897ms)
gateway-web	Run pnpm test	2026-10-08T08:06:54.3924131Z ✔ a hostile link is a bad link, never a crash (0.2959ms)
gateway-web	Run pnpm test	2026-10-08T08:06:54.3925456Z ✔ a consumed invite keeps its outcome, and an impossible instant is typed (0.7035ms)
gateway-web	Run pnpm test	2026-10-08T08:06:54.3926610Z ✔ enumeration is throttled even without a client reference, and an unparseable instant is refused (1.2103ms)
gateway-web	Run pnpm test	2026-10-08T08:06:54.3927873Z ✔ an adapter discovers a peer on the LAN without manual address entry (4.2413ms)
gateway-web	Run pnpm test	2026-10-08T08:06:54.3928959Z ✔ wired and Wi-Fi sightings normalize to the same device abstraction (0.5374ms)
gateway-web	Run pnpm test	2026-10-08T08:06:54.3929916Z ✔ duplicate and stale advertisements never create duplicate logical devices (10.8993ms)
gateway-web	Run pnpm test	2026-10-08T08:06:54.3931085Z ✔ an untrusted candidate cannot invoke anything (0.4663ms)
gateway-web	Run pnpm test	2026-10-08T08:06:54.3932183Z ✔ only a trusted node with the right fingerprint upgrades to an encrypted direct path (1.6092ms)
gateway-web	Run pnpm test	2026-10-08T08:06:54.3933327Z ✔ a local network change re-resolves addresses without changing logical identity (0.956ms)
gateway-web	Run pnpm test	2026-10-08T08:06:54.3933914Z ✔ discovery and fallback scanning stay bounded (4.3888ms)
gateway-web	Run pnpm test	2026-10-08T08:06:54.3951804Z ✔ advertisements are strict, and metadata is never a required identity (0.4693ms)
gateway-web	Run pnpm test	2026-10-08T08:06:54.3953244Z ✔ freshness is a two-sided bound: a replayed future sighting is never current (0.5644ms)
gateway-web	Run pnpm test	2026-10-08T08:06:54.3954588Z ✔ an impossible calendar instant is refused, not read as "not stale" (0.3297ms)
gateway-web	Run pnpm test	2026-10-08T08:06:54.3956487Z ✔ an advertisement must carry its fields as own properties on a bare object (0.4113ms)
gateway-web	Run pnpm test	2026-10-08T08:06:54.3957618Z ✔ the per-round advertisement cap is two-sided (4.1019ms)
gateway-web	Run pnpm test	2026-10-08T08:06:54.3958591Z ✔ two different unidentified devices never collapse on a display name (0.8524ms)
gateway-web	Run pnpm test	2026-10-08T08:06:54.3959662Z ✔ one address has exactly one canonical spelling (0.3832ms)
gateway-web	Run pnpm test	2026-10-08T08:06:54.3960624Z ✔ a stale freshness snapshot is never re-emitted as a current verdict (0.6232ms)
gateway-web	Run pnpm test	2026-10-08T08:06:54.3961752Z ✔ logical identity preservation is computed, not asserted (0.4968ms)
gateway-web	Run pnpm test	2026-10-08T08:06:54.3963133Z ✔ native and browser invites retain the target address rather than falling back to this host (1.6315ms)
gateway-web	Run pnpm test	2026-10-08T08:06:54.3964749Z ✔ remote reconnect stays on the recorded origin and rejects a different City response (2.3364ms)
gateway-web	Run pnpm test	2026-10-08T08:06:54.3966463Z ✔ callers use one Fabric surface while the transport implementation is swapped underneath (4.9839ms)
gateway-web	Run pnpm test	2026-10-08T08:06:54.3967980Z ✔ path selection prefers a usable direct route and falls back to relay honestly (1.1093ms)
gateway-web	Run pnpm test	2026-10-08T08:06:54.3969462Z ✔ an unauthenticated or unencrypted path is never adopted, not even on the LAN (0.8907ms)
gateway-web	Run pnpm test	2026-10-08T08:06:54.3970689Z ✔ a relay forwards opaque payloads and can never authorize a peer (1.5448ms)
gateway-web	Run pnpm test	2026-10-08T08:06:54.3971966Z ✔ path loss migrates without a new logical device or a duplicated command (1.3874ms)
gateway-web	Run pnpm test	2026-10-08T08:06:54.3973217Z ✔ one exclusive action can never end up with two authoritative sessions (0.7524ms)
gateway-web	Run pnpm test	2026-10-08T08:06:54.3974272Z ✔ path metadata is bounded, secret-free and frozen (1.0184ms)
gateway-web	Run pnpm test	2026-10-08T08:06:54.3975217Z ✔ a caller-supplied instant is validated on every path (0.6501ms)
gateway-web	Run pnpm test	2026-10-08T08:06:54.3976823Z ✔ the preference list may narrow the canonical order but never promote relay (0.8569ms)
gateway-web	Run pnpm test	2026-10-08T08:06:54.3978031Z ✔ a path descriptor reports what the adapter measured (0.9991ms)
gateway-web	Run pnpm test	2026-10-08T08:06:54.3979123Z ✔ a transport fault during send is typed and records no command (0.8533ms)
gateway-web	Run pnpm test	2026-10-08T08:06:54.3980269Z ✔ the secret scan sees hidden own keys and survives a cycle (0.8964ms)
gateway-web	Run pnpm test	2026-10-08T08:06:54.3981440Z ✔ presence is honest, distinct and never collapses into ONLINE or FAILED (4.9708ms)
gateway-web	Run pnpm test	2026-10-08T08:06:54.3982654Z ✔ a silent node becomes UNREACHABLE rather than ONLINE or FAILED (1.861ms)
gateway-web	Run pnpm test	2026-10-08T08:06:54.3983785Z ✔ queueable work expires and live-only actions never run late (1.5338ms)
gateway-web	Run pnpm test	2026-10-08T08:06:54.3984970Z ✔ an unknown transport outcome stays UNKNOWN until it is reconciled (1.0831ms)
gateway-web	Run pnpm test	2026-10-08T08:06:54.3986406Z ✔ reconnect revalidates identity, trust, capability, presence and authority before resuming (2.0491ms)
gateway-web	Run pnpm test	2026-10-08T08:06:54.3988407Z ✔ a stale replay after reconnect cannot duplicate a completed side effect (1.2ms)
gateway-web	Run pnpm test	2026-10-08T08:06:54.3989111Z ✔ the audit log carries causal identifiers and no secrets, and state is isolated (2.2347ms)
gateway-web	Run pnpm test	2026-10-08T08:06:54.3989807Z ✔ the audit sequence stays monotonic and retention is reported honestly (0.5705ms)
gateway-web	Run pnpm test	2026-10-08T08:06:54.3990408Z ✔ the audit secret-freedom claim is checked, not asserted (0.7823ms)
gateway-web	Run pnpm test	2026-10-08T08:06:54.3990949Z ✔ a malformed caller instant is refused as a typed error (1.2997ms)
gateway-web	Run pnpm test	2026-10-08T08:06:54.3991456Z ✔ an observation instant may not lie in the future (0.5578ms)
gateway-web	Run pnpm test	2026-10-08T08:06:54.3991965Z ✔ a backdated instant cannot make a silent node reachable (0.5211ms)
gateway-web	Run pnpm test	2026-10-08T08:06:54.3992506Z ✔ a backdated instant cannot revive an expired queued action (0.4178ms)
gateway-web	Run pnpm test	2026-10-08T08:06:54.3993019Z ✔ a replayed enqueue cannot clear an unknown outcome (1.189ms)
gateway-web	Run pnpm test	2026-10-08T08:06:54.3993498Z ✔ a settled outcome is never regressed to UNKNOWN (0.6538ms)
gateway-web	Run pnpm test	2026-10-08T08:06:54.3994043Z ✔ identifiers are text, so a cyclic object cannot reach the freezer (0.7976ms)
gateway-web	Run pnpm test	2026-10-08T08:06:54.3994587Z ✔ the presence policy is a bound, so it is validated (0.6201ms)
gateway-web	Run pnpm test	2026-10-08T08:06:54.3995147Z ✔ an impossible queue deadline is refused rather than never expiring (0.5462ms)
gateway-web	Run pnpm test	2026-10-08T08:06:54.3996526Z ✔ a duplicate check needs a subject and does not match one it was not given (0.438ms)
gateway-web	Run pnpm test	2026-10-08T08:06:54.3997234Z ✔ a refusal that protects new work is audited (0.2809ms)
gateway-web	Run pnpm test	2026-10-08T08:06:54.3998100Z ✔ refreshed reconnect state is a plain record (0.2236ms)
gateway-web	Run pnpm test	2026-10-08T08:06:54.3998711Z ✔ an effect confirmed without an in-flight command still suppresses its replay (0.4025ms)
gateway-web	Run pnpm test	2026-10-08T08:06:54.3999371Z ✔ a presence record may not be rebound to another logical identity (0.3946ms)
gateway-web	Run pnpm test	2026-10-08T08:06:54.3999935Z ✔ a live action cannot be downgraded by a non-boolean flag (0.6655ms)
gateway-web	Run pnpm test	2026-10-08T08:06:54.4000453Z ✔ a measurement is validated before any state changes (0.4305ms)
gateway-web	Run pnpm test	2026-10-08T08:06:54.4001151Z ✔ RPC, EVENT and STREAM are separate versioned envelopes with opaque domain payloads (5.1864ms)
gateway-web	Run pnpm test	2026-10-08T08:06:54.4002329Z ✔ a retried idempotent command does not repeat the effect, and a new command id is a new action (2.5636ms)
gateway-web	Run pnpm test	2026-10-08T08:06:54.4003201Z ✔ delivery, acceptance, running and completion are observably distinct, and ack is never success (1.1361ms)
gateway-web	Run pnpm test	2026-10-08T08:06:54.4003934Z ✔ a deadline stops a stale interactive command from executing later (0.9178ms)
gateway-web	Run pnpm test	2026-10-08T08:06:54.4004629Z ✔ event subscriptions reconnect and replay with ordering, causation and gap reporting (1.5228ms)
gateway-web	Run pnpm test	2026-10-08T08:06:54.4005343Z ✔ stream lifecycle, backpressure and cancellation are independent of RPC (1.3519ms)
gateway-web	Run pnpm test	2026-10-08T08:06:54.4006070Z ✔ the data plane is strict, frozen, and keeps task truth outside the transport session (0.9863ms)
gateway-web	Run pnpm test	2026-10-08T08:06:54.4006728Z ✔ canonical envelopes are decided by own keys on a plain record (0.4646ms)
gateway-web	Run pnpm test	2026-10-08T08:06:54.4007352Z ✔ reference fields are text, so a cyclic object cannot reach the freezer (0.6982ms)
gateway-web	Run pnpm test	2026-10-08T08:06:54.4008019Z ✔ an object-valued action reference cannot turn a retry into a different action (0.6307ms)
gateway-web	Run pnpm test	2026-10-08T08:06:54.4008638Z ✔ a malformed caller instant is refused as a typed error (1.2079ms)
gateway-web	Run pnpm test	2026-10-08T08:06:54.4009202Z ✔ a deadline is judged at the registry clock and bounded by policy (1.0116ms)
gateway-web	Run pnpm test	2026-10-08T08:06:54.4009855Z ✔ a sweep cannot expire a command before its deadline by naming a later instant (0.2453ms)
gateway-web	Run pnpm test	2026-10-08T08:06:54.4010578Z ✔ a contiguous replay never reports a phantom gap, and its resume point is validated (0.8373ms)
gateway-web	Run pnpm test	2026-10-08T08:06:54.4011272Z ✔ an execution result must be terminal and must carry a real result reference (0.6066ms)
gateway-web	Run pnpm test	2026-10-08T08:06:54.4011868Z ✔ a retry may only replay the result its own command produced (0.4053ms)
gateway-web	Run pnpm test	2026-10-08T08:06:54.4012449Z ✔ a reused command id may not silently change the subject it addresses (0.3829ms)
gateway-web	Run pnpm test	2026-10-08T08:06:54.4013250Z ✔ stream accounting cannot run backwards or exceed the configured window (0.6305ms)
gateway-web	Run pnpm test	2026-10-08T08:06:54.4013820Z ✔ a replayed setup envelope cannot clobber live state (0.5941ms)
gateway-web	Run pnpm test	2026-10-08T08:06:54.4014453Z ✔ data and control paths declare their arguments instead of swallowing envelope tags (0.4022ms)
gateway-web	Run pnpm test	2026-10-08T08:06:54.4015669Z ✔ HARNESS-RUNNABLE 1: the reproduction harness imports only Node builtins, so no install is needed (3.1286ms)
gateway-web	Run pnpm test	2026-10-08T08:06:54.4017037Z ✔ HARNESS-RUNNABLE 2: the token comes from a FILE, never from the command line (0.4784ms)
gateway-web	Run pnpm test	2026-10-08T08:06:54.4017811Z ✔ HARNESS-RUNNABLE 3: the software identity is OBSERVED from the checkout, never hardcoded (0.7417ms)
gateway-web	Run pnpm test	2026-10-08T08:06:54.4018657Z ✔ HARNESS-RUNNABLE 4: the mesh is the devices the runs named, not every node the City had registered (0.3595ms)
gateway-web	Run pnpm test	2026-10-08T08:06:54.4019521Z ✔ TRACE-LOOKUP 1: a record outside the RETAINED WINDOW is still resolved from the durable store (29.6556ms)
gateway-web	Run pnpm test	2026-10-08T08:06:54.4020345Z ✔ TRACE-LOOKUP 2: the City exposes it owner-only, and a bad request is a 400 rather than a 500 (147.9857ms)
gateway-web	Run pnpm test	2026-10-08T08:06:54.4477848Z ✔ gateway Set of self addresses excludes unlabelled self but retains a same-port neighbour (1.1616ms)
gateway-web	Run pnpm test	2026-10-08T08:06:54.4479962Z ✔ shipped browser keeps live self first, hides offline rows, shows measured platform and restores pairing (2455.3381ms)
gateway-web	Run pnpm test	2026-10-08T08:06:54.4482492Z ✔ a stale host alias never hides the live host or replaces its execution target (1.0143ms)
gateway-web	Run pnpm test	2026-10-08T08:06:54.4483791Z ✔ kernel versions do not invent a Windows edition or future macOS product version (0.4165ms)
gateway-web	Run pnpm test	2026-10-08T08:06:54.4705914Z ✔ V1 the operating system is named from product evidence rather than ambiguous NT builds (1.4521ms)
gateway-web	Run pnpm test	2026-10-08T08:06:54.4707530Z ✔ V2 the architecture is spelled out, and unknown parts are omitted rather than printed (0.2382ms)
gateway-web	Run pnpm test	2026-10-08T08:06:54.4709150Z ✔ V3 the fact set read from a host carries name, release, architecture, hostname and runtime (0.4249ms)
gateway-web	Run pnpm test	2026-10-08T08:06:54.4711133Z ✔ V4 opening a City does NOT claim the host is online, and does not list the host node twice (0.6131ms)
gateway-web	Run pnpm test	2026-10-08T08:06:54.4712845Z ✔ V5 the host node is recognised by hostname, not by id equality (0.5057ms)
gateway-web	Run pnpm test	2026-10-08T08:06:54.4714033Z ✔ V6 a connected surface is what makes a member present (0.2115ms)
gateway-web	Run pnpm test	2026-10-08T08:06:54.4715072Z ✔ V7 a City never treats its own advertisement as a neighbour (0.4ms)
gateway-web	Run pnpm test	2026-10-08T08:06:54.4716334Z ✔ V8 the connect list keeps one row per machine and never takes a discovery duplicate of self (1.5687ms)
gateway-web	Run pnpm test	2026-10-08T08:06:54.4717818Z ✔ V10 an EMPTY host id is replaced by a real one, so no undefined member can appear (2308.006ms)
gateway-web	Run pnpm test	2026-10-08T08:06:54.4719709Z ✔ V11 the Devices surface is rendered by the shipped predicate, not by an inline copy (2.4934ms)
gateway-web	Run pnpm test	2026-10-08T08:06:54.4721290Z ✔ V9 a pairing session restored after a reload still carries its QR markup and code (2.3828ms)
gateway-web	Run pnpm test	2026-10-08T08:06:54.5649517Z ✔ Alien independently constructs all workbook negative cases and restart seed consistency (404.9206ms)
gateway-web	Run pnpm test	2026-10-08T08:06:54.5651705Z ✔ a manifest with only a movable branch must not pass exact software provenance validation (119.7925ms)
gateway-web	Run pnpm test	2026-10-08T08:06:54.6882300Z ✔ two equal host references are one physical host, not a TWO_HOST_MESH (125.0229ms)
gateway-web	Run pnpm test	2026-10-08T08:06:54.7745577Z ✔ an experiment can be listed, validated, registered, inspected, seeded — without ever being run (158.8568ms)
gateway-web	Run pnpm test	2026-10-08T08:06:54.8145913Z ✔ the research routes require the control credential: a worker cannot certify the experiment it runs (39.9779ms)
gateway-web	Run pnpm test	2026-10-08T08:06:54.8701141Z ✔ an invalid manifest is refused with every issue at once, and the rejection is stored as evidence (56.479ms)
gateway-web	Run pnpm test	2026-10-08T08:06:54.9388408Z ✔ manifests survive a gateway restart, and a broken file is reported instead of silently dropped (66.5578ms)
gateway-web	Run pnpm test	2026-10-08T08:06:54.9404583Z ✔ the registry itself refuses task-domain keys and never offers an update (3.9624ms)
gateway-web	Run pnpm test	2026-10-08T08:06:58.9515704Z ✔ CEX790 Web reports validated but unfiled registration and degraded store (3785.8398ms)
gateway-web	Run pnpm test	2026-10-08T08:07:06.6111556Z ✔ Web Research discovers imports validates registers and inspects canonical experiments without running (7659.8117ms)
gateway-web	Run pnpm test	2026-10-08T08:07:10.6757267Z ✔ a failed list refresh cannot hide a successful canonical registration (4064.8008ms)
gateway-web	Run pnpm test	2026-10-08T08:07:11.5138786Z ✔ REX801 store guard: a file where research (the registry parent) belongs cannot stop the City (267.54ms)
gateway-web	Run pnpm test	2026-10-08T08:07:11.5144903Z ✔ REX801 store guard: a file where research/experiments (the registry itself) belongs cannot stop the City (186.6341ms)
gateway-web	Run pnpm test	2026-10-08T08:07:11.5147530Z ✔ REX802 a delayed response cannot remove offline guidance or replace another page (3164.3639ms)
gateway-web	Run pnpm test	2026-10-08T08:07:11.5149441Z Error: CONTROLLED_COMMIT_FAILURE
gateway-web	Run pnpm test	2026-10-08T08:07:11.5150626Z     at file:///D:/a/utopia/utopia/tests/rex802-gateway.test.mjs:4:360
gateway-web	Run pnpm test	2026-10-08T08:07:11.5152620Z     at Store.atomic (file:///D:/a/utopia/utopia/services/dev-gateway/store.mjs:106:62)
gateway-web	Run pnpm test	2026-10-08T08:07:11.5153822Z     at app.store.atomic (file:///D:/a/utopia/utopia/tests/rex802-gateway.test.mjs:4:337)
gateway-web	Run pnpm test	2026-10-08T08:07:11.5154919Z     at atomicWithTrace (file:///D:/a/utopia/utopia/services/dev-gateway/server.mjs:238:93)
gateway-web	Run pnpm test	2026-10-08T08:07:11.5156253Z     at createCityTask (file:///D:/a/utopia/utopia/services/dev-gateway/server.mjs:535:12)
gateway-web	Run pnpm test	2026-10-08T08:07:11.5158270Z     at Server.<anonymous> (file:///D:/a/utopia/utopia/services/dev-gateway/server.mjs:1255:13)
gateway-web	Run pnpm test	2026-10-08T08:07:11.5159627Z     at process.processTicksAndRejections (node:internal/process/task_queues:104:5)
gateway-web	Run pnpm test	2026-10-08T08:07:11.5161083Z ✔ REX802 rolled-back canonical events never enter the trace (49.521ms)
gateway-web	Run pnpm test	2026-10-08T08:07:11.5162422Z ✔ REX802 member Web surface exposes explicit owner-required guidance (5261.673ms)
gateway-web	Run pnpm test	2026-10-08T08:07:11.5163980Z ✔ REX802 records only supplied resource samples, preserves zero and declared source time (42.4163ms)
gateway-web	Run pnpm test	2026-10-08T08:07:11.5165867Z ✔ REX802 real Gateway records task references and Web Advanced exposes recording/provenance without secrets (3612.0837ms)
gateway-web	Run pnpm test	2026-10-08T08:07:11.5167772Z ✔ REX802 failing collector cannot break real Gateway task/health and reports partial failure (46.7527ms)
gateway-web	Run pnpm test	2026-10-08T08:07:11.5169379Z ✔ REX802 external resource clocks cannot change canonical sequence time ordering (16.4291ms)
gateway-web	Run pnpm test	2026-10-08T08:07:11.5177863Z ✔ REX802 broken observation clock remains a contained failure (0.981ms)
gateway-web	Run pnpm test	2026-10-08T08:07:11.5182817Z ✔ REX802 rejects an oversized existing file before rotating or modifying it (64.0961ms)
gateway-web	Run pnpm test	2026-10-08T08:07:11.5184952Z ✔ REX802 rotation remains explicit after restart and restores bounded previous records (31.7437ms)
gateway-web	Run pnpm test	2026-10-08T08:07:11.5187493Z ✔ REX802 pure normalization binds clocks/provenance and retains unknown metrics (2.2394ms)
gateway-web	Run pnpm test	2026-10-08T08:07:11.5190929Z ✔ REX802 canonical tap drops arbitrary payload and credentials; explicit measured zero remains zero (0.4581ms)
gateway-web	Run pnpm test	2026-10-08T08:07:11.5193282Z ✔ REX802 recognizes missing, duplicate, reordered and stale timestamp observations (0.4805ms)
gateway-web	Run pnpm test	2026-10-08T08:07:11.5195008Z ✔ REX802 storage raw-to-normalized replay is reproducible and restart starts new epoch (65.9278ms)
gateway-web	Run pnpm test	2026-10-08T08:07:11.5197079Z ✔ REX802 collector failures and queue bounds are explicit without throwing into callers (6.5521ms)
gateway-web	Run pnpm test	2026-10-08T08:07:11.5198930Z ✔ REX802 hung storage is bounded; queue drop and close do not block indefinitely (47.2976ms)
gateway-web	Run pnpm test	2026-10-08T08:07:11.5200584Z ✔ REX802 early capture waits for restored watermark before normalization (10.5896ms)
gateway-web	Run pnpm test	2026-10-08T08:07:11.5202309Z ✔ REX802 supports rule lifecycle, supervision quality and semantic integration without invented defaults (12.1264ms)
gateway-web	Run pnpm test	2026-10-08T08:07:11.5204309Z ✔ REX803 adversarial R-1: a blocked receipt store degrades the campaign surface instead of failing it (195.7877ms)
gateway-web	Run pnpm test	2026-10-08T08:07:11.5206184Z ✔ REX803 adversarial R-2: a canonical task cancelled from outside the campaign is CANCELLED, not FAILED (192.2788ms)
gateway-web	Run pnpm test	2026-10-08T08:07:11.5207943Z ✔ REX803 Alien: malformed interrupted state degrades instead of preventing construction (22.6112ms)
gateway-web	Run pnpm test	2026-10-08T08:07:11.5209843Z ✔ REX803 Alien: resume cannot rename the scenario while executing the old campaign (3.631ms)
gateway-web	Run pnpm test	2026-10-08T08:07:11.5211711Z ✔ REX803 Alien: a timed-out run keeps its own cleanup scope after the next run begins (105.2767ms)
gateway-web	Run pnpm test	2026-10-08T08:07:11.5219369Z ✔ REX803 Alien: contradictory run measurement cannot manufacture an early successful stop (5.9386ms)
gateway-web	Run pnpm test	2026-10-08T08:07:11.5221406Z ✔ REX803 campaigns: every repetition is a real canonical task, and the receipt accounts for all of them (295.5363ms)
gateway-web	Run pnpm test	2026-10-08T08:07:11.5223139Z ✔ REX803 campaigns: the surface is owner-only, and every refusal is typed (62.5993ms)
gateway-web	Run pnpm test	2026-10-08T08:07:11.5224790Z ✔ REX803 campaigns: the topology gate is measured against live refs, and its refusal states what was missing (37.8689ms)
gateway-web	Run pnpm test	2026-10-08T08:07:11.5226379Z ✔ REX803 campaigns: stopping cancels the canonical task the run had already created (142.7731ms)
gateway-web	Run pnpm test	2026-10-08T08:07:11.5228167Z ✔ REX803 web: the owner runs a real campaign and every repetition without a measurement shows its reason (5505.4798ms)
gateway-web	Run pnpm test	2026-10-08T08:07:11.5230291Z ✔ REX803 web: a member is told the campaign surface is the owner's, and is offered no controls (3746.6013ms)
gateway-web	Run pnpm test	2026-10-08T08:07:11.5232434Z ✔ critic: unavailable topology on resume preserves original unfinished campaign (216.0034ms)
gateway-web	Run pnpm test	2026-10-08T08:07:11.5234553Z ✔ critic: resume readiness checks persisted execution context (4.9829ms)
gateway-web	Run pnpm test	2026-10-08T08:07:11.5236116Z ✔ critic: malformed persisted bounds cannot bypass resumed repetition and timeout limits (6.3404ms)
gateway-web	Run pnpm test	2026-10-08T08:07:11.5238748Z ✔ critic: bounded close uses elapsed wall time with frozen research clock (134.2734ms)
gateway-web	Run pnpm test	2026-10-08T08:07:11.5240578Z ✔ REX803 seeds: a run seed is a pure function of the campaign seed and the index (1.2664ms)
gateway-web	Run pnpm test	2026-10-08T08:07:11.5242675Z ✔ REX803 campaign: N repetitions yield exactly N measured outcomes, and warmup is run but never measured (30.8267ms)
gateway-web	Run pnpm test	2026-10-08T08:07:11.5244382Z ✔ REX803 campaign: a timeout and a failure are absences WITH reasons, never silent gaps (56.2406ms)
gateway-web	Run pnpm test	2026-10-08T08:07:11.5245967Z ✔ REX803 campaign: stopping cancels the runs that never happened, each with the operator reason (42.7398ms)
gateway-web	Run pnpm test	2026-10-08T08:07:11.5247541Z ✔ REX803 campaign: an unfinished campaign is refused unless resuming is asked for explicitly (74.835ms)
gateway-web	Run pnpm test	2026-10-08T08:07:11.5249302Z ✔ REX803 campaign: unknown scenarios, bad repetitions, a busy runner and an unready topology are typed refusals (18.3629ms)
gateway-web	Run pnpm test	2026-10-08T08:07:11.5251457Z ✔ REX803 stop: the cleanups a run registered are fired, so a stop reaches the work and not only the bookkeeping (39.8993ms)
gateway-web	Run pnpm test	2026-10-08T08:07:11.5253293Z ✔ REX803 timeout: a run that never answers is torn down, and its cleanup failure is stated rather than hidden (75.9046ms)
gateway-web	Run pnpm test	2026-10-08T08:07:11.5255253Z ✔ REX803 restart: a campaign left RUNNING by a dead process is recovered as INTERRUPTED, named, and optionally resumed (12.5029ms)
gateway-web	Run pnpm test	2026-10-08T08:07:11.5257179Z ✔ REX803 resume: abandoning an unfinished campaign is an explicit act, and it is recorded on the replacement (18.8678ms)
gateway-web	Run pnpm test	2026-10-08T08:07:11.5259085Z ✔ REX803 limits: declared stop conditions end the campaign early, and every unrun repetition is SKIPPED with that reason (104.4157ms)
gateway-web	Run pnpm test	2026-10-08T08:07:11.5260833Z ✔ REX803 receipts: a finished campaign is filed once and the next campaign cannot overwrite it (43.2469ms)
gateway-web	Run pnpm test	2026-10-08T08:07:11.5262362Z ✔ REX803 L6: the receipt list is ordered by AGE, not by a random identifier in the filename (11.1675ms)
gateway-web	Run pnpm test	2026-10-08T08:07:11.5263723Z ✔ REX803 L1b: the receipt list says how many campaigns exist beyond the bound (10.2756ms)
gateway-web	Run pnpm test	2026-10-08T08:07:11.5265083Z ✔ REX803 L7: a runner that has been closed refuses new work instead of starting a campaign (3.4087ms)
gateway-web	Run pnpm test	2026-10-08T08:07:11.5266566Z ✔ REX803 positive control: a normal campaign still plans, measures and files exactly once (27.1147ms)
gateway-web	Run pnpm test	2026-10-08T08:07:11.5268267Z ✔ REX803 rehearsal: with TWO workers every repetition is TARGETED by its derived seed, not left to claim order (608.3345ms)
gateway-web	Run pnpm test	2026-10-08T08:07:11.5270258Z ✔ REX803 rehearsal: the observed assignment equals the declared rule, and both workers are used (312.3682ms)
gateway-web	Run pnpm test	2026-10-08T08:07:11.5272024Z ✔ fault confirmation, live canonical target and bounded duration required (52.7504ms)
gateway-web	Run pnpm test	2026-10-08T08:07:11.5273389Z ✔ heartbeat loss refuses only targeted heartbeats, stop and expiry restore requests (91.0348ms)
gateway-web	Run pnpm test	2026-10-08T08:07:11.5274243Z ✔ provider unavailable refuses targeted claim and records measured recovery after stop (14.7759ms)
gateway-web	Run pnpm test	2026-10-08T08:07:11.5275242Z ✔ delayed report releases immediately on emergency stop without blocking unrelated requests (22.0032ms)
gateway-web	Run pnpm test	2026-10-08T08:07:11.5276759Z ✔ duplicate event affects observation only and is absent after emergency stop (26.9197ms)
gateway-web	Run pnpm test	2026-10-08T08:07:11.5278143Z ✔ restart disables persisted activation and never resumes fault silently (34.0021ms)
gateway-web	Run pnpm test	2026-10-08T08:07:11.5279412Z ✔ unexercised or stopped fault cannot receive unrelated future detection or recovery measurements (6.7025ms)
gateway-web	Run pnpm test	2026-10-08T08:07:11.5280309Z ✔ expired fault persistence failure cannot turn normal canonical observation into an error (6.5413ms)
gateway-web	Run pnpm test	2026-10-08T08:07:14.8990254Z ✔ four fault classes change real Gateway boundaries and emergency stop restores canonical requests (4578.1461ms)
gateway-web	Run pnpm test	2026-10-08T08:07:14.9346814Z ✔ REX804 repair guard: an unreadable fault receipt is reported and never prevents the City from starting (356.956ms)
gateway-web	Run pnpm test	2026-10-08T08:07:14.9350047Z ✔ REX804 repair guard: a receipt with no fault identity is reported as broken, not adopted without identity (111.2296ms)
gateway-web	Run pnpm test	2026-10-08T08:07:14.9354722Z ✔ REX804 unavailable receipt directory is disclosed and refuses injection without affecting observation (10.2358ms)
gateway-web	Run pnpm test	2026-10-08T08:07:14.9356749Z ✔ REX804 Web discloses unavailable fault store and prevents injection while normal task creation works (2921.7899ms)
gateway-web	Run pnpm test	2026-10-08T08:07:15.9863158Z ✔ Research Danger Zone requires explicit confirmation and offers real emergency stop (3604.151ms)
gateway-web	Run pnpm test	2026-10-08T08:07:16.7954710Z ✔ REX805 real canonical original/replay/ablation preserve selected seed and change target policy only (479.615ms)
gateway-web	Run pnpm test	2026-10-08T08:07:16.7956617Z ✔ REX805 replay API is Owner-only and lists truthful bounded mechanism support (56.6079ms)
gateway-web	Run pnpm test	2026-10-08T08:07:16.7958600Z ✔ REX805 an unbounded HTTP campaign remains comparable after runner normalizes absent limits (227.1449ms)
gateway-web	Run pnpm test	2026-10-08T08:07:16.7982564Z ✔ REX805 replay preserves selected seed and input with fresh identities and untouched source (11.642ms)
gateway-web	Run pnpm test	2026-10-08T08:07:16.7985156Z ✔ REX805 alternate-device ablation changes actual target selection and records exact mechanism (1.8836ms)
gateway-web	Run pnpm test	2026-10-08T08:07:16.8030349Z ✔ REX805 unsupported, ambiguous and ineffective ablations are refused before creating experiments (2.3407ms)
gateway-web	Run pnpm test	2026-10-08T08:07:16.8033201Z ✔ REX805 corrupt source identity, seed, measured outcome and index cannot be laundered into replay (1.6716ms)
gateway-web	Run pnpm test	2026-10-08T08:07:16.8051558Z ✔ REX805 comparisons expose policy difference and reject changed source material (2.4464ms)
gateway-web	Run pnpm test	2026-10-08T08:07:16.8054494Z ✔ REX805 registry persistence failure refuses execution while retaining original (0.7219ms)
gateway-web	Run pnpm test	2026-10-08T08:07:16.8063376Z ✔ REX805 unavailable fault conditions and undeclared request switches are refused explicitly (0.6832ms)
gateway-web	Run pnpm test	2026-10-08T08:07:16.8065329Z ✔ REX805 reviewer R1: replay of ablation preserves effective policy and re-ablation refuses (2.1949ms)
gateway-web	Run pnpm test	2026-10-08T08:07:16.8067555Z ✔ REX805 reviewer R2: comparison cannot certify controlled-input or recorded-placement drift (4.7101ms)
gateway-web	Run pnpm test	2026-10-08T08:07:16.8069517Z ✔ REX805 reviewer R3: inconsistent measured source placement refuses before registration (0.6604ms)
gateway-web	Run pnpm test	2026-10-08T08:07:16.8072843Z ✔ REX805 single selected run adjusts the declared success stop without losing failure bounds (1.2353ms)
gateway-web	Run pnpm test	2026-10-08T08:07:16.8077839Z ✔ REX805 comparisons reject fabricated lineage and jointly changed registered references (5.0607ms)
gateway-web	Run pnpm test	2026-10-08T08:07:16.8083918Z ✔ REX805 selected index1 preserves original derived seed under new run index0 (19.7452ms)
gateway-web	Run pnpm test	2026-10-08T08:07:16.8087974Z ✔ REX805 offset is bounded, typed and checked before creating work (4.1299ms)
gateway-web	Run pnpm test	2026-10-08T08:07:16.8127095Z ✔ REX805 interrupted recovery and resume retain offset and refuse offset drift (16.9577ms)
gateway-web	Run pnpm test	2026-10-08T08:07:20.7153812Z ✔ REX805 Web owner selects recorded run and executes real replay/ablation from Research (4442.9657ms)
gateway-web	Run pnpm test	2026-10-08T08:07:26.3282063Z ✔ REX805 Web switching source discards a delayed comparison from the previous selection (5614.0423ms)
gateway-web	Run pnpm test	2026-10-08T08:07:26.3457161Z ✔ REX806 S1: the owner can read the artifact export and its preview (137.0567ms)
gateway-web	Run pnpm test	2026-10-08T08:07:26.3458573Z ✔ REX806 S2: a member session cannot read the artifact export (112.5057ms)
gateway-web	Run pnpm test	2026-10-08T08:07:26.3459793Z ✔ REX806 S3: the CSV surface matches the module and stays table-ready (37.6356ms)
gateway-web	Run pnpm test	2026-10-08T08:07:26.3460905Z ✔ REX806 S4: the preview is bounded and says so (30.2756ms)
gateway-web	Run pnpm test	2026-10-08T08:07:26.3462017Z ✔ REX806 S5: an export with nothing behind it is refused by name (26.3054ms)
gateway-web	Run pnpm test	2026-10-08T08:07:26.3463502Z ✔ REX806 S6: the owner download retains the enrolled member identities (66.6122ms)
gateway-web	Run pnpm test	2026-10-08T08:07:26.3464930Z ✔ REX806 S7: corrupt receipt loss remains visible in full, preview and CSV responses (75.4531ms)
gateway-web	Run pnpm test	2026-10-08T08:07:26.3466653Z ✔ REX806 S8: a 51-receipt City labels its bounded download as partial (125.7496ms)
gateway-web	Run pnpm test	2026-10-08T08:07:26.3467993Z ✔ REX806 S9: corruption between the receipt listing and detail keeps the readable study (48.6506ms)
gateway-web	Run pnpm test	2026-10-08T08:07:26.3469797Z ✔ REX806 verifier accepts justified unavailable completion after canonical task loss (396.2096ms)
gateway-web	Run pnpm test	2026-10-08T08:07:26.3471240Z ✔ REX806 verifier accepts the published six-decimal failure rate precision (405.4652ms)
gateway-web	Run pnpm test	2026-10-08T08:07:26.3472604Z ✔ REX806 verifier accepts justified unavailable rates for an all-refused study (470.0732ms)
gateway-web	Run pnpm test	2026-10-08T08:07:26.3473757Z ✔ REX806 V1: the verifier passes an untampered artifact (364.5572ms)
gateway-web	Run pnpm test	2026-10-08T08:07:26.3475100Z ✔ REX806 verifier accepts real duplicate canonical execution outside the selected run task (110.0502ms)
gateway-web	Run pnpm test	2026-10-08T08:07:26.3476564Z ✔ REX806 verifier rejects a fabricated duplicate count with valid integrity hashes (148.1997ms)
gateway-web	Run pnpm test	2026-10-08T08:07:26.3477963Z ✔ REX806 verifier rejects task associations outside the canonical source pointers (109.8502ms)
gateway-web	Run pnpm test	2026-10-08T08:07:26.3479443Z ✔ REX806 verifier rejects counting one canonical task twice even when metrics agree (111.9093ms)
gateway-web	Run pnpm test	2026-10-08T08:07:26.3480555Z ✔ REX806 V2: a tampered metric value is caught (103.0428ms)
gateway-web	Run pnpm test	2026-10-08T08:07:26.3481498Z ✔ REX806 V3: an emptied NOT_MEASURED reason is caught (148.4331ms)
gateway-web	Run pnpm test	2026-10-08T08:07:26.3482382Z ✔ REX806 V4: a missing section is caught (198.071ms)
gateway-web	Run pnpm test	2026-10-08T08:07:26.3483285Z ✔ REX806 V5: a changed dataset timestamp is caught (111.8217ms)
gateway-web	Run pnpm test	2026-10-08T08:07:26.3484506Z ✔ REX806 V6: a fabricated intervention count is caught (109.7113ms)
gateway-web	Run pnpm test	2026-10-08T08:07:26.3485796Z ✔ REX806 missing canonical tasks remain counted rather than being filtered from convergence (3.9539ms)
gateway-web	Run pnpm test	2026-10-08T08:07:26.3487110Z ✔ REX806 A1: the artifact carries every section the workbook names (2.8797ms)
gateway-web	Run pnpm test	2026-10-08T08:07:26.3488505Z ✔ REX806 A2: every named metric appears, with a value and provenance or NOT_MEASURED and a reason (0.9902ms)
gateway-web	Run pnpm test	2026-10-08T08:07:26.3489806Z ✔ REX806 A3: an unobserved intervention window is NOT_MEASURED, never 0 (0.6236ms)
gateway-web	Run pnpm test	2026-10-08T08:07:26.3490787Z ✔ REX806 A4: an export with no real campaign is refused (0.5662ms)
gateway-web	Run pnpm test	2026-10-08T08:07:26.3491952Z ✔ REX806 A5: the evaluator refuses a value with no provenance and NOT_MEASURED with no reason (0.9636ms)
gateway-web	Run pnpm test	2026-10-08T08:07:26.3493244Z ✔ REX806 A6: every dataset row carries a raw pointer and a seed-placement verdict (0.3988ms)
gateway-web	Run pnpm test	2026-10-08T08:07:26.3494415Z ✔ REX806 A7: checksums cover the exact bytes and change when a byte changes (2.0551ms)
gateway-web	Run pnpm test	2026-10-08T08:07:26.3495720Z ✔ REX806 A8: the paper-ready table leads with G3/G4 and keeps their NOT_MEASURED reasons visible (0.7593ms)
gateway-web	Run pnpm test	2026-10-08T08:07:26.3497434Z ✔ REX806 A9: the artifact separates statistics from narrative and refuses the autonomy inference (0.7282ms)
gateway-web	Run pnpm test	2026-10-08T08:07:26.3499507Z ✔ REX806 A10: richer campaign data does not conjure Owner-side metrics (0.6002ms)
gateway-web	Run pnpm test	2026-10-08T08:07:26.3500621Z ✔ REX806 A11: warmup runs are classified separately from failures (0.3643ms)
gateway-web	Run pnpm test	2026-10-08T08:07:26.3501701Z ✔ REX806 A12: a refused campaign stays visible as undelivered planned runs (0.6032ms)
gateway-web	Run pnpm test	2026-10-08T08:07:26.3503214Z ✔ REX806 A13: an ablation placement is judged against its policy, and the seed comparison is kept separately (0.4384ms)
gateway-web	Run pnpm test	2026-10-08T08:07:26.3505002Z ✔ REX806 CLI retains canonical deviceId members in the downloaded topology (337.9615ms)
gateway-web	Run pnpm test	2026-10-08T08:07:26.3506598Z ✔ REX806 CLI partial download itself names an unreadable receipt without requiring terminal output (511.2964ms)
gateway-web	Run pnpm test	2026-10-08T08:07:26.3508081Z ✔ REX806 CLI partial download itself names the latest missing receipt (663.1183ms)
gateway-web	Run pnpm test	2026-10-08T08:07:26.3509284Z ✔ REX806 CLI exposes a known truncated receipt window as partial (238.0639ms)
gateway-web	Run pnpm test	2026-10-08T08:07:26.3510507Z ✔ REX806 CLI survives an unreadable detail after a readable listing (224.7876ms)
gateway-web	Run pnpm test	2026-10-08T08:07:31.5870314Z ✔ REX807 S9: the surface refuses to exist if any advanced control could be triggered without confirmation (3.504ms)
gateway-web	Run pnpm test	2026-10-08T08:07:31.5994600Z ✔ REX807 S10: the client confirmation rule refuses anything except the exact token the gateway enforces (317.9746ms)
gateway-web	Run pnpm test	2026-10-08T08:07:31.6142073Z ✔ REX807 S11: in a real browser a wrong confirmation injects nothing, and the exact token then injects (5736.1983ms)
gateway-web	Run pnpm test	2026-10-08T08:07:31.6344778Z ✔ REX807 S12: the Owner downloads the research artifact from the page, with no API call and no console (5481.9126ms)
gateway-web	Run pnpm test	2026-10-08T08:07:31.6369129Z ✔ REX807 S1: the primary labels are human summaries, and raw identifiers are folded into Diagnostics (3.2222ms)
gateway-web	Run pnpm test	2026-10-08T08:07:31.6422319Z ✔ REX807 S2: fault injection is a Danger Zone control that requires confirmation and is not open by default (0.6284ms)
gateway-web	Run pnpm test	2026-10-08T08:07:31.6451203Z ✔ REX807 S3: errors, exclusions and incomplete metrics stay visible with their reasons (0.421ms)
gateway-web	Run pnpm test	2026-10-08T08:07:31.6472432Z ✔ REX807 S4: a payload field this view does not place is reported, never silently dropped (1.032ms)
gateway-web	Run pnpm test	2026-10-08T08:07:31.6503917Z ✔ REX807 S5: the research entry is secondary and the primary surfaces stay clean (0.8054ms)
gateway-web	Run pnpm test	2026-10-08T08:07:31.6546309Z ✔ REX807 S6: nothing INTERNAL_ONLY is rendered as a user control (0.3809ms)
gateway-web	Run pnpm test	2026-10-08T08:07:31.6610977Z ✔ REX807 S7: the same payload renders in zh-CN with real translation, not English fallback (0.4103ms)
gateway-web	Run pnpm test	2026-10-08T08:07:31.6760670Z ✔ REX807 S8: the rendered page folds identifiers, keeps the technical layer collapsed, and surfaces alerts (24.6026ms)
gateway-web	Run pnpm test	2026-10-08T08:07:33.3305711Z ✔ REX807 shipped CSV bytes equal the gateway metricsCsv rather than its JSON envelope (8092.1507ms)
gateway-web	Run pnpm test	2026-10-08T08:07:33.3307395Z ✔ REX807 shipped metrics and source disclosures come from the held artifact (2474.4335ms)
gateway-web	Run pnpm test	2026-10-08T08:07:33.3308875Z ✔ REX807 a real admitted member never receives an owner export claim or enabled export (2082.4057ms)
gateway-web	Run pnpm test	2026-10-08T08:07:35.6203074Z ✔ REX807 failed campaign read stays visibly unknown, then a successful refresh clears it (2287.3816ms)
gateway-web	Run pnpm test	2026-10-08T08:07:37.9796691Z ✔ REX807 actual gateway unfinished and bounded history remain visible (2361.0762ms)
gateway-web	Run pnpm test	2026-10-08T08:07:41.4930352Z ✔ REX807 actual campaign storage failure cannot render an idle run (3513.7009ms)
gateway-web	Run pnpm test	2026-10-08T08:07:43.8753355Z ✔ REX807 the primary-surface guard runs on the shipped page, not only inside its own test (2378.6997ms)
gateway-web	Run pnpm test	2026-10-08T08:07:52.8780382Z ✔ complete evidence and two-device independent execution can return zero (675.3388ms)
gateway-web	Run pnpm test	2026-10-08T08:07:52.8813405Z ✔ a measured run names its run state and its task state separately (563.7485ms)
gateway-web	Run pnpm test	2026-10-08T08:07:52.8815522Z ✔ does not return zero for a numeric package metric whose recomputation is null (481.7852ms)
gateway-web	Run pnpm test	2026-10-08T08:07:52.8817455Z ✔ does not return zero for a missing required metric row (384.5611ms)
gateway-web	Run pnpm test	2026-10-08T08:07:52.8818710Z ✔ does not return zero for a nonnumeric measured metric (411.1293ms)
gateway-web	Run pnpm test	2026-10-08T08:07:52.8821018Z ✔ does not return zero for an independent campaign that failed (1047.4996ms)
gateway-web	Run pnpm test	2026-10-08T08:07:52.8822564Z ✔ does not return zero for an independent campaign with missing repetitions (381.386ms)
gateway-web	Run pnpm test	2026-10-08T08:07:52.8824060Z ✔ does not return zero for a trace comparison that could not read any evidence (310.5502ms)
gateway-web	Run pnpm test	2026-10-08T08:07:52.8825873Z ✔ does not return zero for a measured run whose canonical task did not complete (307.7916ms)
gateway-web	Run pnpm test	2026-10-08T08:07:52.8827461Z ✔ STUDY-INSTRUMENT 1: the study script lives in the tree and runs from a bare checkout (2.237ms)
gateway-web	Run pnpm test	2026-10-08T08:07:52.8828971Z ✔ STUDY-INSTRUMENT 2: nothing about one deployment is baked into the study (0.3758ms)
gateway-web	Run pnpm test	2026-10-08T08:07:52.8830959Z ✔ STUDY-INSTRUMENT 3: a deliberate skip is NOT_RUN, and never counted as a failure (0.1898ms)
gateway-web	Run pnpm test	2026-10-08T08:07:52.8834262Z ✔ STUDY-INSTRUMENT 4: the replay source is chosen so the ablation can demonstrate its mechanism (0.2325ms)
gateway-web	Run pnpm test	2026-10-08T08:07:52.8836581Z ✔ STUDY-INSTRUMENT 5: the manifest declares the software identity the study OBSERVED, never a remembered one (0.2246ms)
gateway-web	Run pnpm test	2026-10-08T08:07:52.8840690Z ✔ STUDY-INSTRUMENT 6: a checkout nobody can attribute is refused before the City is touched (159.7091ms)
gateway-web	Run pnpm test	2026-10-08T08:07:52.8842616Z ✔ STUDY-INSTRUMENT 7: the experiment id is fresh, so the study can be run twice on one day (0.1882ms)
gateway-web	Run pnpm test	2026-10-08T08:07:52.8846904Z ✔ STUDY-INSTRUMENT 8: an experiment the City refuses is REPORTED, not a native abort (830.2316ms)
gateway-web	Run pnpm test	2026-10-08T08:07:52.9117282Z ✔ RS-203: the correlation carries BOTH devices and asserts that they may differ (3.7368ms)
gateway-web	Run pnpm test	2026-10-08T08:07:52.9118803Z ✔ RS-203: a handoff moves the execution device and never the interaction device (0.5185ms)
gateway-web	Run pnpm test	2026-10-08T08:07:52.9120472Z ✔ RS-203: DUPLICATE messages are ignored rather than applied twice (0.8387ms)
gateway-web	Run pnpm test	2026-10-08T08:07:52.9122120Z ✔ RS-203: OUT-OF-ORDER progress is refused and cannot move the state backwards (0.2763ms)
gateway-web	Run pnpm test	2026-10-08T08:07:52.9130275Z ✔ RS-203: an event after a terminal state is LATE and does not resurrect the run (0.3352ms)
gateway-web	Run pnpm test	2026-10-08T08:07:52.9131807Z ✔ RS-203: every kind maps to a DECLARED canonical state and a DECLARED return channel (0.4901ms)
gateway-web	Run pnpm test	2026-10-08T08:07:52.9136205Z ✔ RS-203: canonical state advances for each terminal kind, and terminal is sticky (0.7365ms)
gateway-web	Run pnpm test	2026-10-08T08:07:52.9138189Z ✔ RS-203: a result that CANNOT reach the user is never reported as truthful success (0.4272ms)
gateway-web	Run pnpm test	2026-10-08T08:07:52.9139557Z ✔ RS-203: a resolver that THROWS degrades rather than propagating into the caller (0.56ms)
gateway-web	Run pnpm test	2026-10-08T08:07:52.9141439Z ✔ RS-203: a projected success reports where it landed (1.2571ms)
gateway-web	Run pnpm test	2026-10-08T08:07:52.9147377Z ✔ RS-203: unknown correlations, unknown kinds and bad sequences are refused with typed codes (1.2271ms)
gateway-web	Run pnpm test	2026-10-08T08:07:52.9148877Z ✔ RS-203: the bridge refuses to be constructed without an injected surface resolver (0.3276ms)
gateway-web	Run pnpm test	2026-10-08T08:07:52.9154878Z ✔ RS-203: a STATUS event reports without moving the state (0.1929ms)
gateway-web	Run pnpm test	2026-10-08T08:07:52.9156001Z ✔ RS-203: the contract version is declared (0.1321ms)
gateway-web	Run pnpm test	2026-10-08T08:07:52.9157082Z ✔ RS-203 scenario 1: remote execution START is correlated before anything is returned (0.2271ms)
gateway-web	Run pnpm test	2026-10-08T08:07:52.9158402Z ✔ RS-203 scenario 2: PROGRESS returns on the PROGRESS channel and moves the run to RUNNING (0.2805ms)
gateway-web	Run pnpm test	2026-10-08T08:07:52.9159727Z ✔ RS-203 scenario 3: WAITING FOR USER is reachable, and is cleared the same way it is set (0.2769ms)
gateway-web	Run pnpm test	2026-10-08T08:07:52.9192701Z ✔ RS-203 scenario 3b: attention on a non-STATUS kind is REFUSED rather than guessed (0.3341ms)
gateway-web	Run pnpm test	2026-10-08T08:07:52.9194208Z ✔ RS-203 scenario 4: SUCCESS lands truthfully only when it actually reached the user (0.3062ms)
gateway-web	Run pnpm test	2026-10-08T08:07:52.9199038Z ✔ RS-203 scenario 5: FAILURE is terminal and reports no success (0.193ms)
gateway-web	Run pnpm test	2026-10-08T08:07:52.9200601Z ✔ RS-203 scenario 6: CANCEL is terminal and sticky against later events (0.351ms)
gateway-web	Run pnpm test	2026-10-08T08:07:52.9202793Z ✔ RS-203 scenario 7: DEVICE DISCONNECT degrades knowledge without moving the run or claiming success (0.3456ms)
gateway-web	Run pnpm test	2026-10-08T08:07:52.9209405Z ✔ RS-203 scenario 8: RECOVERY clears the degraded state and the run can still finish (0.3988ms)
gateway-web	Run pnpm test	2026-10-08T08:07:52.9211010Z ✔ RS-203 scenario 8b: a disconnect AFTER a terminal result changes nothing about it (0.2153ms)
gateway-web	Run pnpm test	2026-10-08T08:07:52.9212247Z ✔ RS-203: the full eight-situation walk leaves the counters consistent (0.3453ms)
gateway-web	Run pnpm test	2026-10-08T08:07:52.9213388Z ✔ RS-203 step 3: a request is delivered to the CURRENT authorized surface (0.5422ms)
gateway-web	Run pnpm test	2026-10-08T08:07:52.9214533Z ✔ RS-203 step 3: an answer from the current authorized surface is accepted (0.4821ms)
gateway-web	Run pnpm test	2026-10-08T08:07:52.9215793Z ✔ RS-203 step 3: an answer from ANY OTHER device is REFUSED, however well-informed it is (0.2677ms)
gateway-web	Run pnpm test	2026-10-08T08:07:52.9221889Z ✔ RS-203 step 3: when the surface MOVED, the answer must come from where the user now is (0.3127ms)
gateway-web	Run pnpm test	2026-10-08T08:07:52.9223913Z ✔ RS-203 step 3: an answer cannot arrive when NO surface is authorized (0.4757ms)
gateway-web	Run pnpm test	2026-10-08T08:07:52.9225174Z ✔ RS-203 step 3: OFFLINE asks are HELD with a reason and a recovery path, not dropped or failed (0.3844ms)
gateway-web	Run pnpm test	2026-10-08T08:07:52.9227851Z ✔ RS-203 step 3: TIMEOUT is explained and recoverable, and is NEVER a failure (0.4555ms)
gateway-web	Run pnpm test	2026-10-08T08:07:52.9229182Z ✔ RS-203 step 3: a timeout cannot retract an answer that already arrived (0.435ms)
gateway-web	Run pnpm test	2026-10-08T08:07:52.9230469Z ✔ RS-203 step 3: a double answer is refused rather than silently overwriting the first (0.3662ms)
gateway-web	Run pnpm test	2026-10-08T08:07:52.9231791Z ✔ RS-203 step 3: only RESPOND is accepted, and only APPROVE or DENY decide (0.5887ms)
gateway-web	Run pnpm test	2026-10-08T08:07:52.9233270Z ✔ RS-203 step 3: a HANDOFF does not move where the user is asked (0.2677ms)
gateway-web	Run pnpm test	2026-10-08T08:07:52.9234380Z ✔ RS-203 step 3: the codes are declared, not invented at the throw site (0.1716ms)
gateway-web	Run pnpm test	2026-10-08T08:07:52.9235658Z ✔ RS-203 step 4: the flat EXCLUSION_REASONS list is CLASSIFIED, and every reason has an axis (1.4332ms)
gateway-web	Run pnpm test	2026-10-08T08:07:52.9239210Z ✔ RS-203 step 4: a DEVICE outage is classified as DEVICE and nothing else (0.5921ms)
gateway-web	Run pnpm test	2026-10-08T08:07:52.9240441Z ✔ RS-203 step 4: a PROVIDER outage is classified as PROVIDER and nothing else (0.1754ms)
gateway-web	Run pnpm test	2026-10-08T08:07:52.9241707Z ✔ RS-203 step 4: an INPUT problem is NEITHER a device nor a provider fault (0.2419ms)
gateway-web	Run pnpm test	2026-10-08T08:07:52.9244150Z ✔ RS-203 step 4: an UNKNOWN reason is reported, not silently dropped (0.4626ms)
gateway-web	Run pnpm test	2026-10-08T08:07:52.9245376Z ✔ RS-203 step 4: a DEVICE fallback does NOT implicate the provider (1.3617ms)
gateway-web	Run pnpm test	2026-10-08T08:07:52.9246440Z ✔ RS-203 step 4: a PROVIDER fallback does NOT implicate the device (0.2589ms)
gateway-web	Run pnpm test	2026-10-08T08:07:52.9247621Z ✔ RS-203 step 4: an eligible alternate is offered for a DEVICE outage, but the cause is still named (0.2337ms)
gateway-web	Run pnpm test	2026-10-08T08:07:52.9249243Z ✔ RS-203 step 4: MIXED causes are NOT collapsed to one, and no single cause is claimed (0.3386ms)
gateway-web	Run pnpm test	2026-10-08T08:07:52.9251047Z ✔ RS-203 step 4: the reason codes SURVIVE into the plan rather than being paraphrased away (0.2442ms)
gateway-web	Run pnpm test	2026-10-08T08:07:52.9255055Z ✔ RS-203 step 4: with nothing unavailable the plan claims no cause at all (0.1875ms)
gateway-web	Run pnpm test	2026-10-08T08:07:52.9259981Z ✔ RS-203 step 4: planning against an unknown correlation is refused (0.2621ms)
gateway-web	Run pnpm test	2026-10-08T08:07:52.9262132Z ✔ RS-203 step 5: a remote result is bound to its provenance, including WHICH device produced it (0.3791ms)
gateway-web	Run pnpm test	2026-10-08T08:07:52.9273218Z ✔ RS-203 step 5: the provenance is IMMUTABLE once bound, so a result cannot be re-attributed (0.2298ms)
gateway-web	Run pnpm test	2026-10-08T08:07:52.9279134Z ✔ RS-203 step 5: the summary key set is EXACTLY the declared set - stability by construction (0.2627ms)
gateway-web	Run pnpm test	2026-10-08T08:07:52.9280711Z ✔ RS-203 step 5: the summary NEVER carries the evidence, the digests or the routing identifiers (0.3111ms)
gateway-web	Run pnpm test	2026-10-08T08:07:52.9282667Z ✔ RS-203 step 5: whether evidence EXISTS is presentable, without saying what it is (0.173ms)
gateway-web	Run pnpm test	2026-10-08T08:07:52.9284901Z ✔ RS-203 step 5: the summary is STABLE across state changes - same shape, always (0.1894ms)
gateway-web	Run pnpm test	2026-10-08T08:07:52.9286261Z ✔ RS-203 step 5: the summary still tells the truth about a degraded and a finished run (1.363ms)
gateway-web	Run pnpm test	2026-10-08T08:07:52.9289570Z ✔ RS-203 step 5: binding against an unknown correlation is refused (0.3201ms)
gateway-web	Run pnpm test	2026-10-08T08:07:52.9290874Z ✔ RS-203 step 5: the declared field list is frozen, so it cannot be widened at runtime (0.183ms)
gateway-web	Run pnpm test	2026-10-08T08:07:52.9292249Z ✔ RS-290: the mapping COVERS every source vocabulary exactly - no gap and no stale extra (2.5135ms)
gateway-web	Run pnpm test	2026-10-08T08:07:52.9293705Z ✔ RS-290: the presentation vocabulary is CLOSED - every target is a declared term with a class (0.4573ms)
gateway-web	Run pnpm test	2026-10-08T08:07:52.9294973Z ✔ RS-290: the four UNKNOWN senses stay FOUR distinct terms - the polysemy fix (0.2253ms)
gateway-web	Run pnpm test	2026-10-08T08:07:52.9296163Z ✔ RS-290: the SAME meaning reached through different components MERGES to one term (0.2721ms)
gateway-web	Run pnpm test	2026-10-08T08:07:52.9306698Z ✔ RS-290: the STRUCTURAL and RESOURCE partition is PRESERVED, which a naive merge would destroy (0.3861ms)
gateway-web	Run pnpm test	2026-10-08T08:07:52.9308193Z ✔ RS-290: an unmapped or unknown source THROWS rather than yielding undefined (0.5569ms)
gateway-web	Run pnpm test	2026-10-08T08:07:52.9313172Z ✔ RS-290: presentState always yields a declared presentation state (0.3194ms)
gateway-web	Run pnpm test	2026-10-08T08:07:52.9315281Z ✔ RS-290: the action and state vocabularies are closed sets of the shapes step 3 names (0.1852ms)
gateway-web	Run pnpm test	2026-10-08T08:07:52.9316782Z ✔ RS-290: a selectable provider renders RUNNING with CANCEL and no choice demanded (0.6183ms)
gateway-web	Run pnpm test	2026-10-08T08:07:52.9318197Z ✔ RS-290: a pool that is only BUSY does NOT demand a choice, because waiting can help (0.4408ms)
gateway-web	Run pnpm test	2026-10-08T08:07:52.9320979Z ✔ RS-290: a structurally refused pool DOES demand a choice, and does not offer waiting (0.3177ms)
gateway-web	Run pnpm test	2026-10-08T08:07:52.9322550Z ✔ RS-290 F1: a raw word that COLLIDES with a term name is still mapped by its VOCABULARY (0.3525ms)
gateway-web	Run pnpm test	2026-10-08T08:07:52.9324003Z ✔ RS-290 F1: the guard needs PROVENANCE - bare words and bare terms are both refused (0.8079ms)
gateway-web	Run pnpm test	2026-10-08T08:07:52.9325988Z ✔ RS-290 F2: a terminal outcome OUTRANKS waitingUser, so a failure is never masked (0.3739ms)
gateway-web	Run pnpm test	2026-10-08T08:07:52.9327373Z ✔ RS-290 F3: FRESHNESS.STALE and FRESHNESS.UNKNOWN stay DISTINCT terms (0.2077ms)
gateway-web	Run pnpm test	2026-10-08T08:07:52.9328853Z ✔ RS-290 F3: NO collapse of two meanings onto one term goes UNDECLARED - quantified over the table (0.8608ms)
gateway-web	Run pnpm test	2026-10-08T08:07:52.9346523Z ✔ RS-290: no path FABRICATES success - COMPLETED needs an explicit terminal flag (0.2295ms)
gateway-web	Run pnpm test	2026-10-08T08:07:52.9348986Z ✔ RS-290: the route stage drives the state through its own vocabulary, and only where it should (0.2298ms)
gateway-web	Run pnpm test	2026-10-08T08:07:52.9351845Z ✔ RS-290: every DTO output is inside the declared vocabularies (0.3936ms)
gateway-web	Run pnpm test	2026-10-08T08:07:52.9354818Z ✔ RS-290 matrix: concurrent submissions cannot double-execute, and the pool still reports a reason (1.2453ms)
gateway-web	Run pnpm test	2026-10-08T08:07:52.9357087Z ✔ RS-290 matrix: a saturated device is routed around, and the projection says WAITING not CHOOSE (0.9549ms)
gateway-web	Run pnpm test	2026-10-08T08:07:52.9358652Z ✔ RS-290 matrix: lease transfer is holder-only and the old holder cannot resume reassigned work (0.2591ms)
gateway-web	Run pnpm test	2026-10-08T08:07:52.9365542Z ✔ RS-290 matrix: a disconnect degrades truthfully and recovery restores, through the projection (0.5841ms)
gateway-web	Run pnpm test	2026-10-08T08:07:52.9367865Z ✔ RS-290 matrix: a flapping pool does not move the work, and the rescan is event-driven (0.5756ms)
gateway-web	Run pnpm test	2026-10-08T08:07:52.9371030Z ✔ RS-290 matrix: availability, routing and return compose into ONE stable presentation contract (18.9383ms)
gateway-web	Run pnpm test	2026-10-08T08:07:52.9372439Z ✔ successful live transport cannot mask broken offline product behavior (1.0849ms)
gateway-web	Run pnpm test	2026-10-08T08:07:52.9377334Z ✔ CPU uses elapsed counters and unavailable disk remains null (7.5186ms)
gateway-web	Run pnpm test	2026-10-08T08:07:52.9378416Z ✔ disabled sampler never reads host counters (0.3755ms)
gateway-web	Run pnpm test	2026-10-08T08:07:52.9379886Z ✔ counter reset does not fabricate CPU load and cached sample keeps its timestamp (0.6231ms)
gateway-web	Run pnpm test	2026-10-08T08:07:52.9381232Z ✔ native filesystem volume measurement is finite and internally consistent (8.535ms)
gateway-web	Run pnpm test	2026-10-08T08:07:52.9382589Z ✔ validator accepts unavailable sampler metrics but rejects invalid numeric measurements (1.0924ms)
gateway-web	Run pnpm test	2026-10-08T08:08:00.0568060Z ✔ theme artifact retention is bounded and restart removes abandoned sandbox work (56.3465ms)
gateway-web	Run pnpm test	2026-10-08T08:08:00.0578683Z ✔ D9 Bridge builds retained sandbox artifacts with canonical bounded results and typed refusal (15802.8911ms)
gateway-web	Run pnpm test	2026-10-08T08:08:00.0583601Z ✔ Windows Theme Build uses real prompt, observation, fallback controls and digest summary (10088.2474ms)
gateway-web	Run pnpm test	2026-10-08T08:08:00.4700952Z ✔ unavailable artifact storage yields a terminal typed failure, not orphaned RUNNING history (1249.3072ms)
gateway-web	Run pnpm test	2026-10-08T08:08:00.4974349Z ✔ the redesigned-shell fixture really is the zero-sized-label shape (3.1346ms)
gateway-web	Run pnpm test	2026-10-08T08:08:00.4976596Z ✔ a bare first-match label lookup selects a zero-bounds node, which is the original defect (0.4307ms)
gateway-web	Run pnpm test	2026-10-08T08:08:00.4978744Z ✔ no sized nav label exists on the shipped shell, so a size filter ALONE would leave nothing to tap (1.151ms)
gateway-web	Run pnpm test	2026-10-08T08:08:00.4980347Z ✔ the active tab has no clickable node, so clickable ordinal alone is unstable (0.6873ms)
gateway-web	Run pnpm test	2026-10-08T08:08:00.4982200Z ✔ targets are paired to labels in document order, giving a page-independent index (0.4474ms)
gateway-web	Run pnpm test	2026-10-08T08:08:00.4983535Z ✔ resolveRoute reaches Home from the Devices page via the paired target (0.4854ms)
gateway-web	Run pnpm test	2026-10-08T08:08:00.4984777Z ✔ the nav band excludes page content that happens to be clickable (0.4955ms)
gateway-web	Run pnpm test	2026-10-08T08:08:00.4985861Z ✔ a sized heading is not mistaken for a nav target (1.9971ms)
gateway-web	Run pnpm test	2026-10-08T08:08:00.4987132Z ✔ resolveRoute prefers a sized label inside the band, preserving the earlier shell (0.9373ms)
gateway-web	Run pnpm test	2026-10-08T08:08:00.4988455Z ✔ the two shells are distinguished rather than one being assumed (0.877ms)
gateway-web	Run pnpm test	2026-10-08T08:08:00.4989644Z ✔ an unresolvable tree returns null rather than a zero-bounds node (0.244ms)
gateway-web	Run pnpm test	2026-10-08T08:08:00.4990851Z ✔ the task pilot creates its evidence directory before writing into it (0.423ms)
gateway-web	Run pnpm test	2026-10-08T08:08:00.4992021Z ✔ task pilot imports a usable sized nodeByLabel selector (0.5141ms)
gateway-web	Run pnpm test	2026-10-08T08:08:00.4993332Z ✔ UXI-390: every supported action is bound to a handler branch AND a client method (3.2873ms)
gateway-web	Run pnpm test	2026-10-08T08:08:00.4994730Z ✔ UXI-390: no handler branch is unreachable dead code that looks like a handler (1.5122ms)
gateway-web	Run pnpm test	2026-10-08T08:08:00.4996990Z ✔ UXI-390: the per-provider Choose control sends THAT row ref, and cannot send a blank one (0.3571ms)
gateway-web	Run pnpm test	2026-10-08T08:08:00.4999588Z ✔ UXI-390: CHOOSE_PROVIDER is NOT an action-row action - that is the trap Mech named (0.3017ms)
gateway-web	Run pnpm test	2026-10-08T08:08:00.5001125Z ✔ UXI-390 C-1: the Advanced disclosure is named with the Web pack's own words on Android (3.2436ms)
gateway-web	Run pnpm test	2026-10-08T08:08:00.5003708Z ✔ UXI-390 C-2: a disabled control states its reason in the Web pack's own words (5.4119ms)
gateway-web	Run pnpm test	2026-10-08T08:08:00.5005237Z ✔ UXI-391: the City really has FIVE requestable task types - the premise the old record denied (3.7192ms)
gateway-web	Run pnpm test	2026-10-08T08:08:00.5007147Z ✔ UXI-391: a MISSING load dimension is not zero, and one observed dimension is enough (0.8256ms)
gateway-web	Run pnpm test	2026-10-08T08:08:00.5008712Z ✔ UXI-391: the BINDING dimension is the maximum OBSERVED one, not an average over five (0.3244ms)
gateway-web	Run pnpm test	2026-10-08T08:08:00.5010462Z ✔ UXI-391: telemetry produces the vector honestly - measured dimensions only, null when nothing is measured (0.4677ms)
gateway-web	Run pnpm test	2026-10-08T08:08:00.5012102Z ✔ UXI-391: the bridge transfers ONLY on ALTERNATE_DEVICE, and moves ownership once (1.2412ms)
gateway-web	Run pnpm test	2026-10-08T08:08:00.5013622Z ✔ UXI-391: a stale holder cannot hand on work it no longer owns, and a disabled path refuses (0.3551ms)
gateway-web	Run pnpm test	2026-10-08T08:08:00.5015484Z ✔ UXI-391: only the reserved device - and never a stale holder - may claim a moved task (0.4305ms)
gateway-web	Run pnpm test	2026-10-08T08:08:00.5017010Z ✔ UXI-391: a pending handoff is REMOTE_HANDOFF on the surface, from the task record (3.2124ms)
gateway-web	Run pnpm test	2026-10-08T08:08:00.5018811Z ✔ UXI-391: the planner decision is exposed WITH the chosen device, and routeStageFor stays a thin read (1.6131ms)
gateway-web	Run pnpm test	2026-10-08T08:08:00.5019792Z ✔ UXI-391: the term and the route agree about the SAME candidate - the defect this task is about (0.8561ms)
gateway-web	Run pnpm test	2026-10-08T08:08:00.5020716Z ✔ a City with no Workbench starts, serves and executes: the seam adds no startup dependency (194.8693ms)
gateway-web	Run pnpm test	2026-10-08T08:08:00.5021548Z ✔ the port and the live route reach the same claim decision on the same facts (78.3502ms)
gateway-web	Run pnpm test	2026-10-08T08:08:00.5022343Z ✔ an offline named device is withheld by the port exactly as the route withholds it (83.8941ms)
gateway-web	Run pnpm test	2026-10-08T08:08:00.5023197Z ✔ the City exposes which backend placed the work, and only STANDARD_DEVICES is ever enabled (63.9598ms)
gateway-web	Run pnpm test	2026-10-08T08:08:00.5024081Z ✔ STANDARD_DEVICES is the enabled long-term default and claims exactly the profile it wraps (2.7009ms)
gateway-web	Run pnpm test	2026-10-08T08:08:00.5024997Z ✔ fleet readiness distinguishes "no device at all" from "devices present, none accepting work" (3.1866ms)
gateway-web	Run pnpm test	2026-10-08T08:08:00.5025923Z ✔ an endpoint row is a truthful view: offline, capability-less and sharing-off are different facts (0.7986ms)
gateway-web	Run pnpm test	2026-10-08T08:08:00.5026842Z ✔ claim reproduces the frozen decision for every negative control the pre-seam route covered (4.7898ms)
gateway-web	Run pnpm test	2026-10-08T08:08:00.5027816Z ✔ report keeps the same transitions, the same refusals and the same event names (1.5839ms)
gateway-web	Run pnpm test	2026-10-08T08:08:00.5028638Z ✔ dispatch and control refuse honestly instead of pretending the endpoint is ready (1.4845ms)
gateway-web	Run pnpm test	2026-10-08T08:08:00.5029486Z ✔ a probe failure is reported as UNKNOWN rather than being allowed to crash a status read (0.4007ms)
gateway-web	Run pnpm test	2026-10-08T08:08:00.5030280Z ✔ the port refuses to be constructed without the facts it must not invent (0.509ms)
gateway-web	Run pnpm test	2026-10-08T08:08:00.5030997Z ✔ review: dispatch cannot bypass strict target or handoff reservation (0.5858ms)
gateway-web	Run pnpm test	2026-10-08T08:08:00.5031791Z ✔ review: dispatch cannot transfer an already running task to a different free endpoint (0.4682ms)
gateway-web	Run pnpm test	2026-10-08T08:08:00.5032625Z ✔ review: claim readiness does not say ready when sharing is disabled or endpoint busy (0.353ms)
gateway-web	Run pnpm test	2026-10-08T08:08:00.5033445Z ✔ review: endpoint readiness and dispatch honor injected canonical Core acceptance (0.3265ms)
gateway-web	Run pnpm test	2026-10-08T08:08:00.5034404Z ✔ a node registered with the old payload still registers, claims and completes, and gains a descriptor (187.2231ms)
gateway-web	Run pnpm test	2026-10-08T08:08:00.5035416Z ✔ the descriptor is computed at read time, so a sharing change and fresh telemetry are reflected at once (52.6733ms)
gateway-web	Run pnpm test	2026-10-08T08:08:00.5036405Z ✔ an unknown node has no descriptor, and a control surface is never among the node descriptors (31.6824ms)
gateway-web	Run pnpm test	2026-10-08T08:08:00.5037172Z ✔ strict target still outranks every generic descriptor fact (65.4107ms)
gateway-web	Run pnpm test	2026-10-08T08:08:00.5038321Z ✔ WBC602 review: explicit malformed roles cannot manufacture an execution identity (3.5832ms)
gateway-web	Run pnpm test	2026-10-08T08:08:00.5039175Z ✔ WBC602 review: absent GPU/network observations are unknown, not hardware absence (1.1833ms)
gateway-web	Run pnpm test	2026-10-08T08:08:00.5040067Z ✔ WBC602 review: platform mismatch and measured zero accelerators are distinguished from unknown (0.9016ms)
gateway-web	Run pnpm test	2026-10-08T08:08:00.5040908Z ✔ WBC602 review: malformed requirement arrays yield typed contract refusals (0.4678ms)
gateway-web	Run pnpm test	2026-10-08T08:08:00.5041616Z ✔ WBC602 review: busy endpoint cannot advertise accepting work (174.4811ms)
gateway-web	Run pnpm test	2026-10-08T08:08:00.5042440Z ✔ WBC602 review: explicitly declared multiple worker roles survive real registration and restart (72.9135ms)
gateway-web	Run pnpm test	2026-10-08T08:08:00.5043448Z ✔ agent construction has no I/O; drain prevents new claim; canary uses canonical state and result (276.8706ms)
gateway-web	Run pnpm test	2026-10-08T08:08:00.5044347Z ✔ crash and restart use canonical interruption refusal rather than duplicate execution (88.7135ms)
gateway-web	Run pnpm test	2026-10-08T08:08:00.5045200Z ✔ unknown protocol and unavailable adapter are typed refusals without a startup loop (2.6738ms)
gateway-web	Run pnpm test	2026-10-08T08:08:00.5046281Z ✔ executor failure after progress remains canonical FAILED and drain permits held completion (93.5171ms)
gateway-web	Run pnpm test	2026-10-08T08:08:00.5047117Z ✔ cancel aborts held executor and late result never replaces terminal state (53.2468ms)
gateway-web	Run pnpm test	2026-10-08T08:08:00.5047923Z ✔ delayed old-task cancel cannot abort a later task or admit work while control pending (12.9203ms)
gateway-web	Run pnpm test	2026-10-08T08:08:00.5048798Z ✔ stop during unresolved claim refuses busy and preserves assignment for subsequent stop (15.8681ms)
gateway-web	Run pnpm test	2026-10-08T08:08:00.5049750Z ✔ explicit bounded pool adapter executes canonical canary, then absent pool leaves standard work usable (67.1309ms)
gateway-web	Run pnpm test	2026-10-08T08:08:00.5050654Z ✔ pool registers dormant without adapter or I/O and refuses direct or registry work (3.8761ms)
gateway-web	Run pnpm test	2026-10-08T08:08:00.5051501Z ✔ explicit pool narrows canonical endpoints by membership, role and descriptor readiness (1.8525ms)
gateway-web	Run pnpm test	2026-10-08T08:08:00.5052275Z ✔ enabled pool with missing canonical adapter fails typed unavailable (0.3388ms)
gateway-web	Run pnpm test	2026-10-08T08:08:00.5052984Z ✔ pool control must not cancel work held by an unrelated standard endpoint (0.36ms)
gateway-web	Run pnpm test	2026-10-08T08:08:00.5053755Z ✔ WBC604 profile: STANDARD_DEVICES is the default and is always an available rollback (8.3796ms)
gateway-web	Run pnpm test	2026-10-08T08:08:00.5054601Z ✔ WBC604 profile: a not-ready switch is REFUSED with a typed code and writes nothing at all (3.8355ms)
gateway-web	Run pnpm test	2026-10-08T08:08:00.5055508Z ✔ WBC604 profile: a ready switch activates, persists, and survives a restart (3.998ms)
gateway-web	Run pnpm test	2026-10-08T08:08:00.5057590Z ✔ WBC604 profile: an untrustworthy persisted value recovers to the safe default instead of being obeyed (4.5554ms)
gateway-web	Run pnpm test	2026-10-08T08:08:00.5058956Z ✔ WBC604 profile: unknown profiles and no-op changes are answered distinctly, never silently (1.6554ms)
gateway-web	Run pnpm test	2026-10-08T08:08:00.5059847Z ✔ WBC604 profile: rollback returns to STANDARD_DEVICES even after the pool disappears (2.8412ms)
gateway-web	Run pnpm test	2026-10-08T08:08:00.5060762Z ✔ WBC604 hybrid: an explicit strict target outranks every general rule and is never reinterpreted (0.504ms)
gateway-web	Run pnpm test	2026-10-08T08:08:00.5061803Z ✔ WBC604 hybrid: a hard capability requirement outranks load, and validation work goes to a validation node (0.3612ms)
gateway-web	Run pnpm test	2026-10-08T08:08:00.5062705Z ✔ WBC604 hybrid: a legacy task that declares nothing keeps the compatible default (0.4124ms)
gateway-web	Run pnpm test	2026-10-08T08:08:00.5063491Z ✔ WBC604 hybrid: an untrusted node is never a candidate, whatever its capacity (0.3152ms)
gateway-web	Run pnpm test	2026-10-08T08:08:00.5064439Z ✔ WBC604 fail-safe: a persisted profile whose backend is no longer ready degrades to the rollback profile (8.6954ms)
gateway-web	Run pnpm test	2026-10-08T08:08:00.5065403Z ✔ WBC604 fail-safe: a change never leaves the persisted file disagreeing with the running profile (5.283ms)
gateway-web	Run pnpm test	2026-10-08T08:08:00.5066329Z ✔ WBC604 fail-safe: changing or rolling back the profile never rewrites canonical task truth (112.366ms)
gateway-web	Run pnpm test	2026-10-08T08:08:00.5067209Z ✔ WBC604 fail-safe: readiness is re-read on every question, never cached into a stale answer (3.2398ms)
gateway-web	Run pnpm test	2026-10-08T08:08:00.5068093Z ✔ WBC604 route: the City reports its profile, refuses an absent pool, and can always roll back (325.8032ms)
gateway-web	Run pnpm test	2026-10-08T08:08:00.5069079Z ✔ WBC604 route: a persisted selection is what the restarted City runs (51.8138ms)
gateway-web	Run pnpm test	2026-10-08T08:08:00.5069787Z ✔ locale contract: supported tokens, fallback and first-run detection (1.9714ms)
gateway-web	Run pnpm test	2026-10-08T08:08:00.5070503Z ✔ both language packs cover every message key with matching placeholders (4.6846ms)
gateway-web	Run pnpm test	2026-10-08T08:08:00.5071172Z ✔ every fixed Web UI string is present in the language packs (0.8392ms)
gateway-web	Run pnpm test	2026-10-08T08:08:00.5071817Z ✔ protocol tokens and City Control state names are never translated (19.3758ms)
gateway-web	Run pnpm test	2026-10-08T08:08:00.5072447Z ✔ web assets only use message keys that exist in the packs (5.1966ms)
gateway-web	Run pnpm test	2026-10-08T08:08:00.5073059Z ✔ badge state and display label stay separate in every locale (2.8769ms)
gateway-web	Run pnpm test	2026-10-08T08:08:00.5073834Z ✔ applyTranslations and setLocale update the document without touching storage contracts (0.8651ms)
gateway-web	Run pnpm test	2026-10-08T08:08:00.5074636Z ✔ translation fills placeholders and time formatting follows the locale (32.5829ms)
gateway-web	Run pnpm test	2026-10-08T08:08:00.5075439Z ✔ Web Settings language switch, persistence and protocol stability (real browser) (5272.3879ms)
gateway-web	Run pnpm test	2026-10-08T08:08:00.5076214Z ✔ an invite names the City it belongs to, which is the whole point of the form (1.4609ms)
gateway-web	Run pnpm test	2026-10-08T08:08:00.5076952Z ✔ a bare credential is NOT an invite - it cannot say which City it belongs to (0.1973ms)
gateway-web	Run pnpm test	2026-10-08T08:08:00.5077618Z ✔ junk does not throw, it returns null (1.128ms)
gateway-web	Run pnpm test	2026-10-08T08:08:00.5078534Z ✔ an invite without a host is refused rather than half-understood (0.2092ms)
gateway-web	Run pnpm test	2026-10-08T08:08:00.5079110Z ✔ trailing slashes and origins compare cleanly (0.5231ms)
gateway-web	Run pnpm test	2026-10-08T08:08:00.5079648Z ✔ the invite survives a round trip through a URL fragment (0.3101ms)
gateway-web	Run pnpm test	2026-10-08T08:08:00.5080403Z ✔ REGRESSION: a PARSED invite handed back in must still resolve, not become "[object Object]" (0.2457ms)
gateway-web	Run pnpm test	2026-10-08T08:08:00.5081239Z ✔ UXI-301: the adapter table agrees with the contract EXACTLY, in both directions (2.0119ms)
gateway-web	Run pnpm test	2026-10-08T08:08:00.5082066Z ✔ UXI-301: severity cannot contradict the contract class where the class carries meaning (0.3945ms)
gateway-web	Run pnpm test	2026-10-08T08:08:00.5082780Z ✔ UXI-301: every referenced key exists in BOTH locale packs (1.4844ms)
gateway-web	Run pnpm test	2026-10-08T08:08:00.5083449Z ✔ UXI-301: every state and every action renders real copy, not a fallback key (0.8866ms)
gateway-web	Run pnpm test	2026-10-08T08:08:00.5084194Z ✔ UXI-301: zh-CN renders different copy from en, so the locale is really applied (0.32ms)
gateway-web	Run pnpm test	2026-10-08T08:08:00.5084926Z ✔ UXI-301: a non-permitted provider is never selectable or interactive (0.3174ms)
gateway-web	Run pnpm test	2026-10-08T08:08:00.5085683Z ✔ UXI-301: the adapter forces unselectable even when the DTO LIES about selectable (0.1813ms)
gateway-web	Run pnpm test	2026-10-08T08:08:00.5086425Z ✔ UXI-301: NO raw scheduler vocabulary leaks into the default view model (0.8792ms)
gateway-web	Run pnpm test	2026-10-08T08:08:00.5087146Z ✔ UXI-301: the leak rule survives every provider term the contract can produce (0.5361ms)
gateway-web	Run pnpm test	2026-10-08T08:08:00.5087922Z ✔ UXI-301: raw vocabulary IS reachable, but only through the explicit advanced block (0.5811ms)
gateway-web	Run pnpm test	2026-10-08T08:08:00.5088713Z ✔ UXI-301: the adapter never fabricates success and never claims to have chosen (0.3011ms)
gateway-web	Run pnpm test	2026-10-08T08:08:00.5089420Z ✔ UXI-301: an unknown state or term THROWS rather than rendering blank (0.6175ms)
gateway-web	Run pnpm test	2026-10-08T08:08:00.5090222Z ✔ UXI-301: the adapter does not recompute selection - it reports the contract decision unchanged (0.2752ms)
gateway-web	Run pnpm test	2026-10-08T08:08:00.5091067Z ✔ UXI-301: the view model is frozen, so a renderer cannot mutate presentation truth (0.2787ms)
gateway-web	Run pnpm test	2026-10-08T08:08:00.5091800Z ✔ UXI-301: real registry vocabulary flows end to end into user language (0.2558ms)
gateway-web	Run pnpm test	2026-10-08T08:08:00.5092540Z ✔ UXI-301 panel: a state renders in user language, not as a token (4.651ms)
gateway-web	Run pnpm test	2026-10-08T08:08:00.5093760Z ✔ UXI-301 panel: NO raw scheduler vocabulary appears in the default HTML (1.9794ms)
gateway-web	Run pnpm test	2026-10-08T08:08:00.5094622Z ✔ UXI-301 panel: an unavailable provider is visible with its reason and is NOT a control (0.7649ms)
gateway-web	Run pnpm test	2026-10-08T08:08:00.5095709Z ✔ UXI-301 panel: a submitting action carries its token for wiring and its LABEL in user language (0.8212ms)
gateway-web	Run pnpm test	2026-10-08T08:08:00.5096614Z ✔ UXI-301 panel: the provider choice lives on the ROW and names a candidate the feed offered (0.8148ms)
gateway-web	Run pnpm test	2026-10-08T08:08:00.5097431Z ✔ UXI-301 panel: with nothing available to switch to, the instruction says so (0.5224ms)
gateway-web	Run pnpm test	2026-10-08T08:08:00.5098568Z ✔ UXI-301 panel: a decision is asked for only when the feed requires one (0.5271ms)
gateway-web	Run pnpm test	2026-10-08T08:08:00.5099379Z ✔ UXI-301 panel: technical detail appears ONLY behind the explicit Advanced disclosure (0.5744ms)
gateway-web	Run pnpm test	2026-10-08T08:08:00.5100153Z ✔ UXI-301 panel: an unreported feed never looks like a healthy or idle one (0.6447ms)
gateway-web	Run pnpm test	2026-10-08T08:08:00.5100829Z ✔ UXI-301 panel: all text is escaped, including ids from the feed (0.4727ms)
gateway-web	Run pnpm test	2026-10-08T08:08:00.5101431Z ✔ UXI-301 panel: the panel renders in zh-CN as well as en (0.538ms)
gateway-web	Run pnpm test	2026-10-08T08:08:00.5102063Z ✔ UXI-301 panel: every copy key the panel uses exists in both locale packs (2.6955ms)
gateway-web	Run pnpm test	2026-10-08T08:08:00.5102937Z ✔ Windows history loads detail explicitly, retains it across snapshots and fences late selections (4157.9117ms)
gateway-web	Run pnpm test	2026-10-08T08:08:00.5103859Z ✔ Windows Services invokes real document, knowledge, skill, evidence and theme adapters (7866.8908ms)
gateway-web	Run pnpm test	2026-10-08T08:08:00.5104779Z ✔ SURFACE-PERSIST 1: a City event cannot close the agent-job Danger Zone or drop what was typed (2183.7336ms)
gateway-web	Run pnpm test	2026-10-08T08:08:00.5105857Z ✔ SURFACE-PERSIST 2: same for the remote-operation surface, which shares the same rebuild path (2211.115ms)
gateway-web	Run pnpm test	2026-10-08T08:08:00.5106642Z ✔ renderTerminal returns the terminal controller, not a boolean (1.6317ms)
gateway-web	Run pnpm test	2026-10-08T08:08:00.5107314Z ✔ every terminal page renders, and the page actually follows the shell (2.7981ms)
gateway-web	Run pnpm test	2026-10-08T08:08:00.5107961Z ✔ the Ask / Do page does not duplicate any id owned by the shell (1.3015ms)
gateway-web	Run pnpm test	2026-10-08T08:08:00.5108523Z ✔ no id is duplicated anywhere in the shell document (0.3353ms)
gateway-web	Run pnpm test	2026-10-08T08:08:00.5109150Z ✔ the terminal module never attaches a second submit path to the shell bar (0.8828ms)
gateway-web	Run pnpm test	2026-10-08T08:08:00.5109825Z ✔ the shell bar is a real form so Enter submits it once, natively (0.7764ms)
gateway-web	Run pnpm test	2026-10-08T08:08:02.4866592Z ✔ Web Devices and ephemeral pairing share the authoritative Gateway (3503.8556ms)
gateway-web	Run pnpm test	2026-10-08T08:08:13.9399951Z ✔ Web freshness, device detail, node offline and pairing expiry (11453.4571ms)
gateway-web	Run pnpm test	2026-10-08T08:08:13.9581196Z ✔ Web control creates a real task and shows durable result (3872.7459ms)
gateway-web	Run pnpm test	2026-10-08T08:08:13.9585187Z ℹ tests 2057
gateway-web	Run pnpm test	2026-10-08T08:08:13.9585535Z ℹ suites 0
gateway-web	Run pnpm test	2026-10-08T08:08:13.9585775Z ℹ pass 2054
gateway-web	Run pnpm test	2026-10-08T08:08:13.9585961Z ℹ fail 0
gateway-web	Run pnpm test	2026-10-08T08:08:13.9586153Z ℹ cancelled 0
gateway-web	Run pnpm test	2026-10-08T08:08:13.9586351Z ℹ skipped 3
gateway-web	Run pnpm test	2026-10-08T08:08:13.9586528Z ℹ todo 0
gateway-web	Run pnpm test	2026-10-08T08:08:13.9586740Z ℹ duration_ms 265973.9007
gateway-web	Run node scripts/verify-promotion-history.mjs	﻿2026-10-08T08:08:14.1200497Z ##[group]Run node scripts/verify-promotion-history.mjs
gateway-web	Run node scripts/verify-promotion-history.mjs	2026-10-08T08:08:14.1201061Z ^[[36;1mnode scripts/verify-promotion-history.mjs^[[0m
gateway-web	Run node scripts/verify-promotion-history.mjs	2026-10-08T08:08:14.1282336Z shell: C:\Program Files\PowerShell\7\pwsh.EXE -command ". '{0}'"
gateway-web	Run node scripts/verify-promotion-history.mjs	2026-10-08T08:08:14.1282681Z env:
gateway-web	Run node scripts/verify-promotion-history.mjs	2026-10-08T08:08:14.1282933Z   PNPM_HOME: C:\Users\runneradmin\setup-pnpm\node_modules\.bin
gateway-web	Run node scripts/verify-promotion-history.mjs	2026-10-08T08:08:14.1283769Z ##[endgroup]
gateway-web	Run node scripts/verify-promotion-history.mjs	2026-10-08T08:08:16.4197002Z promotion history:
gateway-web	Run node scripts/verify-promotion-history.mjs	2026-10-08T08:08:16.4199746Z   OK   document-intake-lab: 165e2664ad4e -> e3d6bbd9dd91 -> city/09-planning-knowledge/02-document-intake/ingestion-core
gateway-web	Run node scripts/verify-promotion-history.mjs	2026-10-08T08:08:16.4201422Z   OK   document-readers-lab: e9a4c2370544 -> 6a95bf4502f1 -> city/09-planning-knowledge/02-document-intake/document-readers
gateway-web	Run node scripts/verify-promotion-history.mjs	2026-10-08T08:08:16.4202948Z   OK   evidence-engine-lab: ec4202f774a9 -> e1dcfd73e9b3 -> city/06-research/01-research-institute/evidence-engine
gateway-web	Run node scripts/verify-promotion-history.mjs	2026-10-08T08:08:16.4204438Z   OK   knowledge-core-lab: 01f932bd2aad -> b82fcfd0f153 -> city/09-planning-knowledge/01-knowledge-service/knowledge-core
gateway-web	Run node scripts/verify-promotion-history.mjs	2026-10-08T08:08:16.4205446Z   OK   skill-discovery-lab: b4dff8150312 -> 48494263d755 -> city/02-engineering/02-worker-gateway/skill-intake
gateway-web	Run node scripts/verify-promotion-history.mjs	2026-10-08T08:08:16.4206276Z   OK   skill-intake-lab: 1ba5b4809f05 -> 140287250ef1 -> city/02-engineering/02-worker-gateway/skill-intake
gateway-web	Run node scripts/verify-promotion-history.mjs	2026-10-08T08:08:16.4207191Z   OK   theme-builder-lab: 3ff7d805f043 -> 74c277cbc2a4 -> city/11-entertainment/01-entertainment-centre/theme-engine
gateway-web	Run node scripts/verify-promotion-history.mjs	2026-10-08T08:08:16.4208084Z   OK   theme-engine-lab: 9819ed7a4a21 -> a18b1e80b740 -> city/11-entertainment/01-entertainment-centre/theme-engine
gateway-web	Run node scripts/verify-promotion-history.mjs	2026-10-08T08:08:16.4208973Z   OK   theme-package-lab: 95d958ddacc6 -> 5d1abecdc38a -> city/11-entertainment/01-entertainment-centre/theme-engine
gateway-web	Run node scripts/verify-promotion-history.mjs	2026-10-08T08:08:16.4209871Z   OK   yaml-intake-lab: b6d7733c9272 -> e068d58ee890 -> city/09-planning-knowledge/02-document-intake/ingestion-core
gateway-web	Run node scripts/verify-promotion-history.mjs	2026-10-08T08:08:16.4210672Z promotion-history: 10 record(s) verified against local Git history at 944f47dd6c7e
gateway-web	Run node --test apps/rooms/tests/*.test.mjs	﻿2026-10-08T08:08:16.5464240Z ##[group]Run node --test apps/rooms/tests/*.test.mjs
gateway-web	Run node --test apps/rooms/tests/*.test.mjs	2026-10-08T08:08:16.5464691Z ^[[36;1mnode --test apps/rooms/tests/*.test.mjs^[[0m
gateway-web	Run node --test apps/rooms/tests/*.test.mjs	2026-10-08T08:08:16.5536489Z shell: C:\Program Files\PowerShell\7\pwsh.EXE -command ". '{0}'"
gateway-web	Run node --test apps/rooms/tests/*.test.mjs	2026-10-08T08:08:16.5536838Z env:
gateway-web	Run node --test apps/rooms/tests/*.test.mjs	2026-10-08T08:08:16.5537083Z   PNPM_HOME: C:\Users\runneradmin\setup-pnpm\node_modules\.bin
gateway-web	Run node --test apps/rooms/tests/*.test.mjs	2026-10-08T08:08:16.5537395Z ##[endgroup]
gateway-web	Run node --test apps/rooms/tests/*.test.mjs	2026-10-08T08:08:17.1867765Z ✔ bookmark room creates, edits and deletes bookmarks (138.1411ms)
gateway-web	Run node --test apps/rooms/tests/*.test.mjs	2026-10-08T08:08:17.2157055Z ✔ bookmark room accepts only absolute http(s) URLs (48.2262ms)
gateway-web	Run node --test apps/rooms/tests/*.test.mjs	2026-10-08T08:08:17.2356058Z ✔ bookmark title falls back to the URL and search covers url and note (19.6212ms)
gateway-web	Run node --test apps/rooms/tests/*.test.mjs	2026-10-08T08:08:17.2654553Z ✔ bookmark export/import replaces the collection and rejects bad payloads (29.1852ms)
gateway-web	Run node --test apps/rooms/tests/*.test.mjs	2026-10-08T08:08:17.2872518Z ✔ bookmark data is durable across a hub restart (21.431ms)
gateway-web	Run node --test apps/rooms/tests/*.test.mjs	2026-10-08T08:08:20.3248378Z ✔ calendar room creates, edits and deletes a dated event (193.3005ms)
gateway-web	Run node --test apps/rooms/tests/*.test.mjs	2026-10-08T08:08:20.3250939Z ✔ calendar room validates dates and times (50.2625ms)
gateway-web	Run node --test apps/rooms/tests/*.test.mjs	2026-10-08T08:08:20.3252055Z ✔ calendar groups events into today, upcoming and past in order (1.5506ms)
gateway-web	Run node --test apps/rooms/tests/*.test.mjs	2026-10-08T08:08:20.3253219Z ✔ calendar scope filters today and upcoming over HTTP (22.9297ms)
gateway-web	Run node --test apps/rooms/tests/*.test.mjs	2026-10-08T08:08:20.3254415Z ✔ calendar export/import replaces events and data survives a restart (30.8414ms)
gateway-web	Run node --test apps/rooms/tests/*.test.mjs	2026-10-08T08:08:20.3442778Z ✔ checklist room creates lists and items with progress (174.5736ms)
gateway-web	Run node --test apps/rooms/tests/*.test.mjs	2026-10-08T08:08:20.3444331Z ✔ checklist items can be reordered and deleted (66.3492ms)
gateway-web	Run node --test apps/rooms/tests/*.test.mjs	2026-10-08T08:08:20.3447275Z ✔ checklist clear-completed removes only done items (31.6514ms)
gateway-web	Run node --test apps/rooms/tests/*.test.mjs	2026-10-08T08:08:20.3448531Z ✔ checklist data is durable across a hub restart (22.5352ms)
gateway-web	Run node --test apps/rooms/tests/*.test.mjs	2026-10-08T08:08:20.3451802Z ✔ checklist room avoids City Control task vocabulary (2.345ms)
gateway-web	Run node --test apps/rooms/tests/*.test.mjs	2026-10-08T08:08:20.4301282Z ✔ csv parser handles quotes, escaped quotes and embedded newlines (2.945ms)
gateway-web	Run node --test apps/rooms/tests/*.test.mjs	2026-10-08T08:08:20.4353007Z ✔ csv summary reports columns, rows and truncation (0.4841ms)
gateway-web	Run node --test apps/rooms/tests/*.test.mjs	2026-10-08T08:08:20.4375451Z ✔ json parse reports a position for invalid input (2.789ms)
gateway-web	Run node --test apps/rooms/tests/*.test.mjs	2026-10-08T08:08:20.5470099Z ✔ data lab pretty prints and minifies over HTTP (123.2618ms)
gateway-web	Run node --test apps/rooms/tests/*.test.mjs	2026-10-08T08:08:20.5673065Z ✔ data lab returns a structured error for invalid json and parses valid json (19.8312ms)
gateway-web	Run node --test apps/rooms/tests/*.test.mjs	2026-10-08T08:08:20.6242981Z ✔ data lab csv preview endpoint works and rejects broken csv (54.8823ms)
gateway-web	Run node --test apps/rooms/tests/*.test.mjs	2026-10-08T08:08:20.6623305Z ✔ decision room records a question with options and opens as OPEN (156.5111ms)
gateway-web	Run node --test apps/rooms/tests/*.test.mjs	2026-10-08T08:08:20.6625007Z ✔ decision room appends options and keeps selected option ids stable (32.3462ms)
gateway-web	Run node --test apps/rooms/tests/*.test.mjs	2026-10-08T08:08:20.6875108Z ✔ decision room decide and revisit transitions (32.1299ms)
gateway-web	Run node --test apps/rooms/tests/*.test.mjs	2026-10-08T08:08:20.7245884Z ✔ decision room searches and filters by status (36.8817ms)
gateway-web	Run node --test apps/rooms/tests/*.test.mjs	2026-10-08T08:08:20.7618582Z ✔ decision export/import replaces data, validates payloads and survives a restart (37.0261ms)
gateway-web	Run node --test apps/rooms/tests/*.test.mjs	2026-10-08T08:08:23.7767173Z ✔ focus room exposes presets and completes a real short session (188.1599ms)
gateway-web	Run node --test apps/rooms/tests/*.test.mjs	2026-10-08T08:08:23.7768858Z ✔ focus room records an interrupted session honestly after a reload (35.3437ms)
gateway-web	Run node --test apps/rooms/tests/*.test.mjs	2026-10-08T08:08:23.7769813Z ✔ focus room validates session input (24.4784ms)
gateway-web	Run node --test apps/rooms/tests/*.test.mjs	2026-10-08T08:08:23.7770654Z ✔ focus room deletes a session and keeps the rest (35.8404ms)
gateway-web	Run node --test apps/rooms/tests/*.test.mjs	2026-10-08T08:08:23.7771795Z ✔ focus summary counts today using local dates and sessions are durable (23.402ms)
gateway-web	Run node --test apps/rooms/tests/*.test.mjs	2026-10-08T08:08:23.7905864Z ✔ hash room digest matches Node crypto for fixed inputs (74.2244ms)
gateway-web	Run node --test apps/rooms/tests/*.test.mjs	2026-10-08T08:08:23.7907262Z ✔ hash room compares an expected digest and reports match or mismatch (20.1584ms)
gateway-web	Run node --test apps/rooms/tests/*.test.mjs	2026-10-08T08:08:23.7908608Z ✔ hash room rejects unknown algorithms and writes nothing to runtime (12.5052ms)
gateway-web	Run node --test apps/rooms/tests/*.test.mjs	2026-10-08T08:08:23.7909775Z ✔ room store writes schemaVersion/updatedAt/data and survives a reload (13.7511ms)
gateway-web	Run node --test apps/rooms/tests/*.test.mjs	2026-10-08T08:08:23.7910895Z ✔ room store rejects a wrong schemaVersion and a non-object root (6.3675ms)
gateway-web	Run node --test apps/rooms/tests/*.test.mjs	2026-10-08T08:08:23.7912009Z ✔ store mutations are serialized so concurrent writes do not lose items (29.3597ms)
gateway-web	Run node --test apps/rooms/tests/*.test.mjs	2026-10-08T08:08:23.7915492Z ✔ shared helpers normalize text, tags and collection CRUD (6.5007ms)
gateway-web	Run node --test apps/rooms/tests/*.test.mjs	2026-10-08T08:08:23.7916139Z ✔ hub serves health, the room catalog and the product shell on loopback (81.4729ms)
gateway-web	Run node --test apps/rooms/tests/*.test.mjs	2026-10-08T08:08:23.7916825Z ✔ hub rejects unknown rooms and unknown routes without touching other rooms (15.6931ms)
gateway-web	Run node --test apps/rooms/tests/*.test.mjs	2026-10-08T08:08:23.7917632Z ✔ static serving never escapes the configured root (3.9974ms)
gateway-web	Run node --test apps/rooms/tests/*.test.mjs	2026-10-08T08:08:23.7918487Z ✔ room data files are isolated: clearing one room leaves the others intact (32.8132ms)
gateway-web	Run node --test apps/rooms/tests/*.test.mjs	2026-10-08T08:08:23.7919120Z ✔ hub configuration defaults to port 4320 and loopback only (0.6629ms)
gateway-web	Run node --test apps/rooms/tests/*.test.mjs	2026-10-08T08:08:23.7919717Z ✔ all ten local rooms are LOCAL_PRODUCT and carry null donor metadata (1.6474ms)
gateway-web	Run node --test apps/rooms/tests/*.test.mjs	2026-10-08T08:08:23.7920338Z ✔ every incubating room declares a full donor and promotion contract (0.7243ms)
gateway-web	Run node --test apps/rooms/tests/*.test.mjs	2026-10-08T08:08:23.7921025Z ✔ lifecycle defaults and metadata projection follow the §5.2 contract (0.2782ms)
gateway-web	Run node --test apps/rooms/tests/*.test.mjs	2026-10-08T08:08:23.7921690Z ✔ a promoted room leaves the active catalog but stays known to Git history (0.3917ms)
gateway-web	Run node --test apps/rooms/tests/*.test.mjs	2026-10-08T08:08:23.7922311Z ✔ promotion records are validated and rejected when malformed (13.4417ms)
gateway-web	Run node --test apps/rooms/tests/*.test.mjs	2026-10-08T08:08:23.7922988Z ✔ promotion cross-checks catch an unknown room, an active room and a path mismatch (0.5882ms)
gateway-web	Run node --test apps/rooms/tests/*.test.mjs	2026-10-08T08:08:23.7923633Z ✔ hub exposes lifecycle metadata and the promotion record set (64.5825ms)
gateway-web	Run node --test apps/rooms/tests/*.test.mjs	2026-10-08T08:08:24.6155668Z ✔ knowledge room creates, lists, edits and deletes entries over HTTP (92.3014ms)
gateway-web	Run node --test apps/rooms/tests/*.test.mjs	2026-10-08T08:08:24.6157006Z ✔ knowledge entries survive a hub restart (17.3823ms)
gateway-web	Run node --test apps/rooms/tests/*.test.mjs	2026-10-08T08:08:24.6158089Z ✔ knowledge search covers title, body and tags and is case-insensitive (19.3806ms)
gateway-web	Run node --test apps/rooms/tests/*.test.mjs	2026-10-08T08:08:24.6159449Z ✔ knowledge export bundle carries format, schemaVersion and full entries (10.3107ms)
gateway-web	Run node --test apps/rooms/tests/*.test.mjs	2026-10-08T08:08:24.6160780Z ✔ knowledge import replaces data and rejects malformed bundles whole (22.0002ms)
gateway-web	Run node --test apps/rooms/tests/*.test.mjs	2026-10-08T08:08:24.6161984Z ✔ knowledge entries are ordered newest-updated first (47.2946ms)
gateway-web	Run node --test apps/rooms/tests/*.test.mjs	2026-10-08T08:08:24.6280754Z ✔ a relocated promotion keeps its historical target and names its authority (10.2086ms)
gateway-web	Run node --test apps/rooms/tests/*.test.mjs	2026-10-08T08:08:24.6281518Z ✔ every promotion record still names a landing point under city/ (4.9541ms)
gateway-web	Run node --test apps/rooms/tests/*.test.mjs	2026-10-08T08:08:27.0358341Z ✔ prompt library creates a prompt and derives its variables (89.7988ms)
gateway-web	Run node --test apps/rooms/tests/*.test.mjs	2026-10-08T08:08:27.0360396Z ✔ prompt rendering fills known variables and reports the missing ones (22.0171ms)
gateway-web	Run node --test apps/rooms/tests/*.test.mjs	2026-10-08T08:08:27.0362033Z ✔ prompt values persist with the prompt and are reused as defaults (21.4259ms)
gateway-web	Run node --test apps/rooms/tests/*.test.mjs	2026-10-08T08:08:27.0363415Z ✔ prompt search covers title, template and note (25.4078ms)
gateway-web	Run node --test apps/rooms/tests/*.test.mjs	2026-10-08T08:08:27.0364656Z ✔ prompt export/import replaces the library and the room never calls an AI provider (30.7419ms)
gateway-web	Run node --test apps/rooms/tests/*.test.mjs	2026-10-08T08:08:27.0496245Z ✔ text stats count characters, words and lines (1.8447ms)
gateway-web	Run node --test apps/rooms/tests/*.test.mjs	2026-10-08T08:08:27.0497275Z ✔ whitespace and blank-line operations are deterministic (0.4323ms)
gateway-web	Run node --test apps/rooms/tests/*.test.mjs	2026-10-08T08:08:27.0497846Z ✔ sort and dedupe behave predictably (0.5319ms)
gateway-web	Run node --test apps/rooms/tests/*.test.mjs	2026-10-08T08:08:27.0498305Z ✔ case operations cover upper, lower and title (0.3417ms)
gateway-web	Run node --test apps/rooms/tests/*.test.mjs	2026-10-08T08:08:27.0498805Z ✔ line diff reports added, removed and identical lines (0.6601ms)
gateway-web	Run node --test apps/rooms/tests/*.test.mjs	2026-10-08T08:08:27.0499394Z ✔ text workshop serves transforms over HTTP and persists nothing (106.5305ms)
gateway-web	Run node --test apps/rooms/tests/*.test.mjs	2026-10-08T08:08:27.0502149Z ℹ tests 69
gateway-web	Run node --test apps/rooms/tests/*.test.mjs	2026-10-08T08:08:27.0502457Z ℹ suites 0
gateway-web	Run node --test apps/rooms/tests/*.test.mjs	2026-10-08T08:08:27.0503126Z ℹ pass 69
gateway-web	Run node --test apps/rooms/tests/*.test.mjs	2026-10-08T08:08:27.0503611Z ℹ fail 0
gateway-web	Run node --test apps/rooms/tests/*.test.mjs	2026-10-08T08:08:27.0503921Z ℹ cancelled 0
gateway-web	Run node --test apps/rooms/tests/*.test.mjs	2026-10-08T08:08:27.0504161Z ℹ skipped 0
gateway-web	Run node --test apps/rooms/tests/*.test.mjs	2026-10-08T08:08:27.0504349Z ℹ todo 0
gateway-web	Run node --test apps/rooms/tests/*.test.mjs	2026-10-08T08:08:27.0504565Z ℹ duration_ms 10169.5286
gateway-web	Run node city/test-all.mjs	﻿2026-10-08T08:08:27.1805857Z ##[group]Run node city/test-all.mjs
gateway-web	Run node city/test-all.mjs	2026-10-08T08:08:27.1806249Z ^[[36;1mnode city/test-all.mjs^[[0m
gateway-web	Run node city/test-all.mjs	2026-10-08T08:08:27.1879186Z shell: C:\Program Files\PowerShell\7\pwsh.EXE -command ". '{0}'"
gateway-web	Run node city/test-all.mjs	2026-10-08T08:08:27.1879546Z env:
gateway-web	Run node city/test-all.mjs	2026-10-08T08:08:27.1879810Z   PNPM_HOME: C:\Users\runneradmin\setup-pnpm\node_modules\.bin
gateway-web	Run node city/test-all.mjs	2026-10-08T08:08:27.1880134Z ##[endgroup]
gateway-web	Run node city/test-all.mjs	2026-10-08T08:08:27.5276490Z city: running 123 test file(s)
gateway-web	Run node city/test-all.mjs	2026-10-08T08:08:27.5278309Z   00-foundation/01-city-core/audit-ledger/tests/decision-ledger.test.mjs
gateway-web	Run node city/test-all.mjs	2026-10-08T08:08:27.5280087Z   00-foundation/01-city-core/audit-ledger/tests/guardian-gate.test.mjs
gateway-web	Run node city/test-all.mjs	2026-10-08T08:08:27.5281589Z   00-foundation/01-city-core/audit-ledger/tests/recovery.test.mjs
gateway-web	Run node city/test-all.mjs	2026-10-08T08:08:27.5282146Z   00-foundation/01-city-core/fleet-routing/tests/adaptive-routing.test.mjs
gateway-web	Run node city/test-all.mjs	2026-10-08T08:08:27.5283907Z   00-foundation/01-city-core/fleet-routing/tests/capability-routing.test.mjs
gateway-web	Run node city/test-all.mjs	2026-10-08T08:08:27.5284974Z   00-foundation/01-city-core/fleet-routing/tests/coverage.test.mjs
gateway-web	Run node city/test-all.mjs	2026-10-08T08:08:27.5285592Z   00-foundation/01-city-core/fleet-routing/tests/fleet.test.mjs
gateway-web	Run node city/test-all.mjs	2026-10-08T08:08:27.5286071Z   00-foundation/01-city-core/fleet-routing/tests/hysteresis.test.mjs
gateway-web	Run node city/test-all.mjs	2026-10-08T08:08:27.5286560Z   00-foundation/01-city-core/fleet-routing/tests/pressure.test.mjs
gateway-web	Run node city/test-all.mjs	2026-10-08T08:08:27.5287041Z   00-foundation/01-city-core/fleet-routing/tests/rescan.test.mjs
gateway-web	Run node city/test-all.mjs	2026-10-08T08:08:27.5287913Z   00-foundation/01-city-core/fleet-routing/tests/routing-sequence.test.mjs
gateway-web	Run node city/test-all.mjs	2026-10-08T08:08:27.5288504Z   00-foundation/01-city-core/root-authority/tests/guard.test.mjs
gateway-web	Run node city/test-all.mjs	2026-10-08T08:08:27.5288996Z   00-foundation/01-city-core/root-authority/tests/protected-surface.test.mjs
gateway-web	Run node city/test-all.mjs	2026-10-08T08:08:27.5289526Z   00-foundation/01-city-core/task-lifecycle/tests/task-lifecycle.test.mjs
gateway-web	Run node city/test-all.mjs	2026-10-08T08:08:27.5290112Z   00-foundation/02-city-node-network/device-identity/tests/device-identity.test.mjs
gateway-web	Run node city/test-all.mjs	2026-10-08T08:08:27.5291152Z   00-foundation/02-city-node-network/pairing-trust/tests/pairing-trust.test.mjs
gateway-web	Run node city/test-all.mjs	2026-10-08T08:08:27.5292296Z   00-foundation/03-capability-fabric/capability-fabric/tests/capability-fabric.test.mjs
gateway-web	Run node city/test-all.mjs	2026-10-08T08:08:27.5292980Z   00-foundation/03-capability-fabric/capability-fabric/tests/v03-derivation-parity.test.mjs
gateway-web	Run node city/test-all.mjs	2026-10-08T08:08:27.5293559Z   00-foundation/05-control-centre/theme-engine/tests/d9-core.test.mjs
gateway-web	Run node city/test-all.mjs	2026-10-08T08:08:27.5294038Z   00-foundation/05-control-centre/theme-engine/tests/d9-parity.test.mjs
gateway-web	Run node city/test-all.mjs	2026-10-08T08:08:27.5294539Z   00-foundation/05-control-centre/theme-engine/tests/theme-engine.test.mjs
gateway-web	Run node city/test-all.mjs	2026-10-08T08:08:27.5295056Z   00-foundation/05-control-centre/theme-engine/tests/theme-package.test.mjs
gateway-web	Run node city/test-all.mjs	2026-10-08T08:08:27.5295630Z   02-engineering/01-project-foreman/project-foreman/tests/adapters-autonomy.test.mjs
gateway-web	Run node city/test-all.mjs	2026-10-08T08:08:27.5296307Z   02-engineering/01-project-foreman/project-foreman/tests/donor/engineering-checkpoint.test.mjs
gateway-web	Run node city/test-all.mjs	2026-10-08T08:08:27.5297477Z   02-engineering/01-project-foreman/project-foreman/tests/donor/engineering-context.test.mjs
gateway-web	Run node city/test-all.mjs	2026-10-08T08:08:27.5298955Z   02-engineering/01-project-foreman/project-foreman/tests/donor/engineering-cross-volume-cleanup.test.mjs
gateway-web	Run node city/test-all.mjs	2026-10-08T08:08:27.5300376Z   02-engineering/01-project-foreman/project-foreman/tests/donor/engineering-plan.test.mjs
gateway-web	Run node city/test-all.mjs	2026-10-08T08:08:27.5302047Z   02-engineering/01-project-foreman/project-foreman/tests/donor/engineering-process-identity.test.mjs
gateway-web	Run node city/test-all.mjs	2026-10-08T08:08:27.5303508Z   02-engineering/01-project-foreman/project-foreman/tests/donor/engineering-process-real.test.mjs
gateway-web	Run node city/test-all.mjs	2026-10-08T08:08:27.5304958Z   02-engineering/01-project-foreman/project-foreman/tests/donor/engineering-recovery-journal.test.mjs
gateway-web	Run node city/test-all.mjs	2026-10-08T08:08:27.5306433Z   02-engineering/01-project-foreman/project-foreman/tests/donor/engineering-recovery-schema.test.mjs
gateway-web	Run node city/test-all.mjs	2026-10-08T08:08:27.5307921Z   02-engineering/01-project-foreman/project-foreman/tests/donor/engineering-scenarios-autonomy.test.mjs
gateway-web	Run node city/test-all.mjs	2026-10-08T08:08:27.5309325Z   02-engineering/01-project-foreman/project-foreman/tests/donor/engineering-scenarios.test.mjs
gateway-web	Run node city/test-all.mjs	2026-10-08T08:08:27.5313642Z   02-engineering/01-project-foreman/project-foreman/tests/donor/engineering-verifier.test.mjs
gateway-web	Run node city/test-all.mjs	2026-10-08T08:08:27.5315015Z   02-engineering/01-project-foreman/project-foreman/tests/donor/engineering-wiring-lock.test.mjs
gateway-web	Run node city/test-all.mjs	2026-10-08T08:08:27.5316403Z   02-engineering/01-project-foreman/project-foreman/tests/donor-boss/recovery-model.test.mjs
gateway-web	Run node city/test-all.mjs	2026-10-08T08:08:27.5317638Z   02-engineering/01-project-foreman/project-foreman/tests/failure-recovery.test.mjs
gateway-web	Run node city/test-all.mjs	2026-10-08T08:08:27.5318774Z   02-engineering/01-project-foreman/project-foreman/tests/plan-parity.test.mjs
gateway-web	Run node city/test-all.mjs	2026-10-08T08:08:27.5319855Z   02-engineering/01-project-foreman/project-foreman/tests/recovery.test.mjs
gateway-web	Run node city/test-all.mjs	2026-10-08T08:08:27.5321191Z   02-engineering/01-project-foreman/project-foreman/tests/supervisor.test.mjs
gateway-web	Run node city/test-all.mjs	2026-10-08T08:08:27.5322557Z   02-engineering/01-project-foreman/project-foreman/tests/verification.test.mjs
gateway-web	Run node city/test-all.mjs	2026-10-08T08:08:27.5323668Z   02-engineering/02-worker-gateway/provider-adapter/tests/provider-state.test.mjs
gateway-web	Run node city/test-all.mjs	2026-10-08T08:08:27.5324736Z   02-engineering/02-worker-gateway/provider-adapter/tests/runtime.test.mjs
gateway-web	Run node city/test-all.mjs	2026-10-08T08:08:27.5325763Z   02-engineering/02-worker-gateway/provider-resilience/tests/circuit-breaker.test.mjs
gateway-web	Run node city/test-all.mjs	2026-10-08T08:08:27.5326958Z   02-engineering/02-worker-gateway/provider-resilience/tests/provider-outcome.test.mjs
gateway-web	Run node city/test-all.mjs	2026-10-08T08:08:27.5328101Z   02-engineering/02-worker-gateway/skill-intake/tests/catalog-semantics.test.mjs
gateway-web	Run node city/test-all.mjs	2026-10-08T08:08:27.5329103Z   02-engineering/02-worker-gateway/skill-intake/tests/skill-discovery.test.mjs
gateway-web	Run node city/test-all.mjs	2026-10-08T08:08:27.5330052Z   02-engineering/02-worker-gateway/skill-intake/tests/skill-intake.test.mjs
gateway-web	Run node city/test-all.mjs	2026-10-08T08:08:27.5330992Z   02-engineering/02-worker-gateway/worker-runner/tests/runner.test.mjs
gateway-web	Run node city/test-all.mjs	2026-10-08T08:08:27.5331976Z   02-engineering/02-worker-gateway/worker-task-contract/tests/lifecycle.test.mjs
gateway-web	Run node city/test-all.mjs	2026-10-08T08:08:27.5333073Z   02-engineering/03-host-health-station/host-health-station/tests/differential.test.mjs
gateway-web	Run node city/test-all.mjs	2026-10-08T08:08:27.5334310Z   02-engineering/03-host-health-station/host-health-station/tests/host-health-station.test.mjs
gateway-web	Run node city/test-all.mjs	2026-10-08T08:08:27.5335556Z   02-engineering/04-restart-recovery-station/checkpoint-gate/tests/checkpoint-gate.test.mjs
gateway-web	Run node city/test-all.mjs	2026-10-08T08:08:27.5336697Z   02-engineering/04-restart-recovery-station/restart-lock/tests/restart-lock.test.mjs
gateway-web	Run node city/test-all.mjs	2026-10-08T08:08:27.5337761Z   02-engineering/04-restart-recovery-station/restart-protocol/tests/canonical-json.test.mjs
gateway-web	Run node city/test-all.mjs	2026-10-08T08:08:27.5338946Z   02-engineering/04-restart-recovery-station/restart-protocol/tests/request-validator.test.mjs
gateway-web	Run node city/test-all.mjs	2026-10-08T08:08:27.5340124Z   02-engineering/04-restart-recovery-station/restart-ticket/tests/ticket.test.mjs
gateway-web	Run node city/test-all.mjs	2026-10-08T08:08:27.5341631Z   02-engineering/05-city-self-health-check/city-self-health-check/tests/boundaries.test.mjs
gateway-web	Run node city/test-all.mjs	2026-10-08T08:08:27.5342938Z   02-engineering/05-city-self-health-check/city-self-health-check/tests/health-check.test.mjs
gateway-web	Run node city/test-all.mjs	2026-10-08T08:08:27.5344151Z   06-research/01-research-institute/evidence-engine/tests/evidence-engine.test.mjs
gateway-web	Run node city/test-all.mjs	2026-10-08T08:08:27.5345260Z   06-research/01-research-institute/research-manuscript/tests/figures.test.mjs
gateway-web	Run node city/test-all.mjs	2026-10-08T08:08:27.5346344Z   06-research/01-research-institute/research-manuscript/tests/manuscript.test.mjs
gateway-web	Run node city/test-all.mjs	2026-10-08T08:08:27.5347422Z   06-research/01-research-institute/research-protocol/tests/command.test.mjs
gateway-web	Run node city/test-all.mjs	2026-10-08T08:08:27.5348460Z   06-research/01-research-institute/research-protocol/tests/contract.test.mjs
gateway-web	Run node city/test-all.mjs	2026-10-08T08:08:27.5349495Z   06-research/01-research-institute/research-protocol/tests/contracts.test.mjs
gateway-web	Run node city/test-all.mjs	2026-10-08T08:08:27.5350480Z   06-research/01-research-institute/research-protocol/tests/ir.test.mjs
gateway-web	Run node city/test-all.mjs	2026-10-08T08:08:27.5351470Z   06-research/01-research-institute/research-protocol/tests/protocol.test.mjs
gateway-web	Run node city/test-all.mjs	2026-10-08T08:08:27.5352511Z   06-research/01-research-institute/research-protocol/tests/roles.test.mjs
gateway-web	Run node city/test-all.mjs	2026-10-08T08:08:27.5353588Z   06-research/01-research-institute/research-provenance/tests/bibliography.test.mjs
gateway-web	Run node city/test-all.mjs	2026-10-08T08:08:27.5355650Z   06-research/01-research-institute/research-provenance/tests/citation.test.mjs
gateway-web	Run node city/test-all.mjs	2026-10-08T08:08:27.5356669Z   06-research/01-research-institute/research-provenance/tests/contracts.test.mjs
gateway-web	Run node city/test-all.mjs	2026-10-08T08:08:27.5357642Z   06-research/01-research-institute/research-provenance/tests/input.test.mjs
gateway-web	Run node city/test-all.mjs	2026-10-08T08:08:27.5358592Z   06-research/01-research-institute/research-review/tests/adjudicate.test.mjs
gateway-web	Run node city/test-all.mjs	2026-10-08T08:08:27.5359575Z   06-research/01-research-institute/research-review/tests/capability-registry.test.mjs
gateway-web	Run node city/test-all.mjs	2026-10-08T08:08:27.5360558Z   06-research/01-research-institute/research-review/tests/contracts.test.mjs
gateway-web	Run node city/test-all.mjs	2026-10-08T08:08:27.5361797Z   06-research/01-research-institute/research-review/tests/index.test.mjs
gateway-web	Run node city/test-all.mjs	2026-10-08T08:08:27.5362926Z   06-research/01-research-institute/research-review/tests/levela.test.mjs
gateway-web	Run node city/test-all.mjs	2026-10-08T08:08:27.5363797Z   06-research/01-research-institute/research-review/tests/levelb.test.mjs
gateway-web	Run node city/test-all.mjs	2026-10-08T08:08:27.5364662Z   06-research/01-research-institute/research-review/tests/review.test.mjs
gateway-web	Run node city/test-all.mjs	2026-10-08T08:08:27.5365538Z   06-research/01-research-institute/research-statistics/tests/battery.test.mjs
gateway-web	Run node city/test-all.mjs	2026-10-08T08:08:27.5366460Z   06-research/01-research-institute/research-statistics/tests/statistics.test.mjs
gateway-web	Run node city/test-all.mjs	2026-10-08T08:08:27.5367487Z   09-planning-knowledge/01-knowledge-service/knowledge-core/tests/knowledge-core.test.mjs
gateway-web	Run node city/test-all.mjs	2026-10-08T08:08:27.5368553Z   09-planning-knowledge/02-document-intake/document-readers/tests/document-readers.test.mjs
gateway-web	Run node city/test-all.mjs	2026-10-08T08:08:27.5369541Z   09-planning-knowledge/02-document-intake/document-readers/tests/docx.test.mjs
gateway-web	Run node city/test-all.mjs	2026-10-08T08:08:27.5370479Z   09-planning-knowledge/02-document-intake/document-readers/tests/engines.test.mjs
gateway-web	Run node city/test-all.mjs	2026-10-08T08:08:27.5371410Z   09-planning-knowledge/02-document-intake/document-readers/tests/pdf.test.mjs
gateway-web	Run node city/test-all.mjs	2026-10-08T08:08:27.5372341Z   09-planning-knowledge/02-document-intake/document-readers/tests/xlsx.test.mjs
gateway-web	Run node city/test-all.mjs	2026-10-08T08:08:27.5373373Z   09-planning-knowledge/02-document-intake/ingestion-core/tests/ingestion-core.test.mjs
gateway-web	Run node city/test-all.mjs	2026-10-08T08:08:27.5374372Z   09-planning-knowledge/02-document-intake/ingestion-core/tests/yaml-intake.test.mjs
gateway-web	Run node city/test-all.mjs	2026-10-08T08:08:27.5375409Z   09-planning-knowledge/02-document-intake/ingestion-core/tests/yaml-parser.test.mjs
gateway-web	Run node city/test-all.mjs	2026-10-08T08:08:27.5376509Z   10-automation/01-computer-use-runtime/backend-surface/tests/action-readiness.test.mjs
gateway-web	Run node city/test-all.mjs	2026-10-08T08:08:27.5377700Z   10-automation/01-computer-use-runtime/backend-surface/tests/computer-recovery.test.mjs
gateway-web	Run node city/test-all.mjs	2026-10-08T08:08:27.5378776Z   10-automation/01-computer-use-runtime/backend-surface/tests/dom-page.test.mjs
gateway-web	Run node city/test-all.mjs	2026-10-08T08:08:27.5379835Z   10-automation/01-computer-use-runtime/backend-surface/tests/permission.test.mjs
gateway-web	Run node city/test-all.mjs	2026-10-08T08:08:27.5380944Z   10-automation/01-computer-use-runtime/backend-surface/tests/provider-dom-surface.test.mjs
gateway-web	Run node city/test-all.mjs	2026-10-08T08:08:27.5382475Z   10-automation/01-computer-use-runtime/backend-surface/tests/semantic.test.mjs
gateway-web	Run node city/test-all.mjs	2026-10-08T08:08:27.5383528Z   10-automation/01-computer-use-runtime/backend-surface/tests/ui-surface.test.mjs
gateway-web	Run node city/test-all.mjs	2026-10-08T08:08:27.5384543Z   10-automation/01-computer-use-runtime/bounded-run/tests/health.test.mjs
gateway-web	Run node city/test-all.mjs	2026-10-08T08:08:27.5385567Z   10-automation/01-computer-use-runtime/bounded-run/tests/identity.test.mjs
gateway-web	Run node city/test-all.mjs	2026-10-08T08:08:27.5386479Z   10-automation/01-computer-use-runtime/bounded-run/tests/index.test.mjs
gateway-web	Run node city/test-all.mjs	2026-10-08T08:08:27.5387380Z   10-automation/01-computer-use-runtime/bounded-run/tests/reconnect.test.mjs
gateway-web	Run node city/test-all.mjs	2026-10-08T08:08:27.5388382Z   10-automation/01-computer-use-runtime/bounded-run/tests/recovery.test.mjs
gateway-web	Run node city/test-all.mjs	2026-10-08T08:08:27.5389393Z   10-automation/01-computer-use-runtime/bounded-run/tests/resources.test.mjs
gateway-web	Run node city/test-all.mjs	2026-10-08T08:08:27.5390467Z   10-automation/01-computer-use-runtime/bounded-run/tests/stabilization.test.mjs
gateway-web	Run node city/test-all.mjs	2026-10-08T08:08:27.5391472Z   10-automation/01-computer-use-runtime/bounded-run/tests/stall.test.mjs
gateway-web	Run node city/test-all.mjs	2026-10-08T08:08:27.5392445Z   10-automation/01-computer-use-runtime/bounded-run/tests/state-machine.test.mjs
gateway-web	Run node city/test-all.mjs	2026-10-08T08:08:27.5393696Z   10-automation/01-computer-use-runtime/execution-contract/tests/action.test.mjs
gateway-web	Run node city/test-all.mjs	2026-10-08T08:08:27.5394768Z   10-automation/01-computer-use-runtime/execution-contract/tests/contract.test.mjs
gateway-web	Run node city/test-all.mjs	2026-10-08T08:08:27.5395811Z   10-automation/01-computer-use-runtime/execution-contract/tests/contracts.test.mjs
gateway-web	Run node city/test-all.mjs	2026-10-08T08:08:27.5396910Z   10-automation/01-computer-use-runtime/execution-contract/tests/criteria.test.mjs
gateway-web	Run node city/test-all.mjs	2026-10-08T08:08:27.5397508Z   10-automation/01-computer-use-runtime/execution-contract/tests/errors.test.mjs
gateway-web	Run node city/test-all.mjs	2026-10-08T08:08:27.5398069Z   10-automation/01-computer-use-runtime/execution-contract/tests/parity.test.mjs
gateway-web	Run node city/test-all.mjs	2026-10-08T08:08:27.5398633Z   10-automation/01-computer-use-runtime/routing-safety/tests/evidence.test.mjs
gateway-web	Run node city/test-all.mjs	2026-10-08T08:08:27.5400039Z   10-automation/01-computer-use-runtime/routing-safety/tests/modal.test.mjs
gateway-web	Run node city/test-all.mjs	2026-10-08T08:08:27.5400586Z   10-automation/01-computer-use-runtime/routing-safety/tests/routing.test.mjs
gateway-web	Run node city/test-all.mjs	2026-10-08T08:08:27.5401129Z   10-automation/01-computer-use-runtime/routing-safety/tests/safety.test.mjs
gateway-web	Run node city/test-all.mjs	2026-10-08T08:08:27.5401656Z   10-automation/01-computer-use-runtime/target-guard/tests/target.test.mjs
gateway-web	Run node city/test-all.mjs	2026-10-08T08:08:27.5402208Z   10-automation/01-computer-use-runtime/world-verification/tests/miss.test.mjs
gateway-web	Run node city/test-all.mjs	2026-10-08T08:08:27.5402758Z   10-automation/01-computer-use-runtime/world-verification/tests/observer.test.mjs
gateway-web	Run node city/test-all.mjs	2026-10-08T08:08:27.5403331Z   10-automation/01-computer-use-runtime/world-verification/tests/progress.test.mjs
gateway-web	Run node city/test-all.mjs	2026-10-08T08:08:27.5403912Z   10-automation/01-computer-use-runtime/world-verification/tests/verification.test.mjs
gateway-web	Run node city/test-all.mjs	2026-10-08T08:08:27.5404520Z   10-automation/01-computer-use-runtime/world-verification/tests/world-state.test.mjs
gateway-web	Run node city/test-all.mjs	2026-10-08T08:08:27.5404945Z   tests/manifest.test.mjs
gateway-web	Run node city/test-all.mjs	2026-10-08T08:08:27.7387335Z ✔ a well-formed entry validates and keeps every field (2.9032ms)
gateway-web	Run node city/test-all.mjs	2026-10-08T08:08:27.7414793Z ✔ the donor bounds are enforced one for one (1.6681ms)
gateway-web	Run node city/test-all.mjs	2026-10-08T08:08:27.7440612Z ✔ append is immutable and refuses to overwrite an existing decision (0.5179ms)
gateway-web	Run node city/test-all.mjs	2026-10-08T08:08:27.7492253Z ✔ appendAllToLedger appends in order and stops at the first bad entry (0.5069ms)
gateway-web	Run node city/test-all.mjs	2026-10-08T08:08:27.7531055Z ✔ summarizeLedger counts by source and outcome and reports rollbacks (0.4848ms)
gateway-web	Run node city/test-all.mjs	2026-10-08T08:08:27.7540839Z ✔ entriesForTask returns that task history in ledger order (0.3068ms)
gateway-web	Run node city/test-all.mjs	2026-10-08T08:08:27.7786717Z ✔ the donor vocabulary is seven checks plus four theme checks (2.9031ms)
gateway-web	Run node city/test-all.mjs	2026-10-08T08:08:27.7797955Z ✔ no observations means NOT_RUN, not a pass, and release is blocked (1.4224ms)
gateway-web	Run node city/test-all.mjs	2026-10-08T08:08:27.7845833Z ✔ a fully evidenced candidate is released with every check named (0.7321ms)
gateway-web	Run node city/test-all.mjs	2026-10-08T08:08:27.7849304Z ✔ a partial context reports exactly what is still owed (0.355ms)
gateway-web	Run node city/test-all.mjs	2026-10-08T08:08:27.7864085Z ✔ a removal check that could not run is NOT_RUN, never PASS (0.3949ms)
gateway-web	Run node city/test-all.mjs	2026-10-08T08:08:27.7872154Z ✔ unapproved removals fail the destructive-change check and name the kind (1.6721ms)
gateway-web	Run node city/test-all.mjs	2026-10-08T08:08:27.7990550Z ✔ coverage below 100% fails and reports the ratio (0.6462ms)
gateway-web	Run node city/test-all.mjs	2026-10-08T08:08:27.7994649Z ✔ an empty goal fails even when requirements are listed (0.3369ms)
gateway-web	Run node city/test-all.mjs	2026-10-08T08:08:27.7998783Z ✔ a deliverable with no serving requirement fails the goal check (0.3784ms)
gateway-web	Run node city/test-all.mjs	2026-10-08T08:08:27.7999810Z ✔ scope violations and refusals fail the scope check (0.6449ms)
gateway-web	Run node city/test-all.mjs	2026-10-08T08:08:27.8001039Z ✔ an empty evidence ledger fails completeness even with nothing outstanding (0.374ms)
gateway-web	Run node city/test-all.mjs	2026-10-08T08:08:27.8002231Z ✔ an Owner override must be lexically reflected in the work (0.678ms)
gateway-web	Run node city/test-all.mjs	2026-10-08T08:08:27.8003490Z ✔ a touched theme lane requires the four theme checks even when nothing was read (0.3348ms)
gateway-web	Run node city/test-all.mjs	2026-10-08T08:08:27.8006147Z ✔ readable theme packages produce real theme verdicts (0.6173ms)
gateway-web	Run node city/test-all.mjs	2026-10-08T08:08:27.8007441Z ✔ a non-built-in theme with diagnostics is not judged on built-in integrity (0.2598ms)
gateway-web	Run node city/test-all.mjs	2026-10-08T08:08:27.8015263Z ✔ termsOf keeps runs of four or more alphanumerics and deduplicates (0.277ms)
gateway-web	Run node city/test-all.mjs	2026-10-08T08:08:27.8016982Z ✔ the result factories shape their inputs (0.9741ms)
gateway-web	Run node city/test-all.mjs	2026-10-08T08:08:27.8019175Z ✔ the §33 vocabularies are declared exactly as the donor declares them (3.3317ms)
gateway-web	Run node city/test-all.mjs	2026-10-08T08:08:27.8020720Z ✔ every class the donor can produce is classified with its own confidence, severity and reason (3.926ms)
gateway-web	Run node city/test-all.mjs	2026-10-08T08:08:27.8022483Z ✔ the ladder is decided most-authoritative-first, not by whichever pattern is easiest (0.438ms)
gateway-web	Run node city/test-all.mjs	2026-10-08T08:08:27.8023918Z ✔ a rule whose host-verified precondition is absent does not fire (1.7854ms)
gateway-web	Run node city/test-all.mjs	2026-10-08T08:08:27.8025279Z ✔ a gate that failed with no signature is classified from the gate itself (0.4882ms)
gateway-web	Run node city/test-all.mjs	2026-10-08T08:08:27.8026892Z ✔ an observation with no signal at all is UNKNOWN, not the most convenient class (0.3396ms)
gateway-web	Run node city/test-all.mjs	2026-10-08T08:08:27.8040903Z ✔ an unlisted TS error code is a dependency when no module was confirmed missing (0.2735ms)
gateway-web	Run node city/test-all.mjs	2026-10-08T08:08:27.8042437Z ✔ the classifier reads the provider fields, not only the detail (0.2353ms)
gateway-web	Run node city/test-all.mjs	2026-10-08T08:08:27.8044007Z ✔ a plan exists for every class, walks the whole ladder, and always ends at the Hard Blocker (1.8797ms)
gateway-web	Run node city/test-all.mjs	2026-10-08T08:08:27.8047010Z ✔ an inapplicable step keeps its donor reason rather than being dropped (0.681ms)
gateway-web	Run node city/test-all.mjs	2026-10-08T08:08:27.8048698Z ✔ a TERMINAL failure has no applicable step but the Hard Blocker, and is never planned for retry (0.6059ms)
gateway-web	Run node city/test-all.mjs	2026-10-08T08:08:27.8050057Z ✔ the THEME class carries §33.2's own ladder (0.2709ms)
gateway-web	Run node city/test-all.mjs	2026-10-08T08:08:27.8051518Z ✔ progress offers the next step while its budget remains, and moves on at the exact boundary (0.4965ms)
gateway-web	Run node city/test-all.mjs	2026-10-08T08:08:27.8053465Z ✔ the ladder is not advisory: a later step is never offered while a cheaper one has budget (0.4027ms)
gateway-web	Run node city/test-all.mjs	2026-10-08T08:08:27.8056688Z ✔ a PASS still spends the budget, because the run advances on attempts made (0.3427ms)
gateway-web	Run node city/test-all.mjs	2026-10-08T08:08:27.8058716Z ✔ a class with no applicable step reports the reason for its first skipped step (0.2404ms)
gateway-web	Run node city/test-all.mjs	2026-10-08T08:08:27.8060082Z ✔ the shape helpers construct the donor shapes and copy their lists (0.5152ms)
gateway-web	Run node city/test-all.mjs	2026-10-08T08:08:27.8061685Z ✔ the shape validators refuse a field that lies about its type, without inventing new rules (2.0763ms)
gateway-web	Run node city/test-all.mjs	2026-10-08T08:08:27.8063188Z ✔ the ported functions refuse a classification that is not one of §33.1's classes (0.2458ms)
gateway-web	Run node city/test-all.mjs	2026-10-08T08:08:27.8818284Z ✔ the policy constants are the donor constants (2.3048ms)
gateway-web	Run node city/test-all.mjs	2026-10-08T08:08:27.8846532Z ✔ clamp01 clamps the range and treats a non-finite value as zero (0.2941ms)
gateway-web	Run node city/test-all.mjs	2026-10-08T08:08:27.8863457Z ✔ expectedUtility scores the neutral prior exactly (0.4712ms)
gateway-web	Run node city/test-all.mjs	2026-10-08T08:08:27.8870563Z ✔ expectedUtility charges the latency term only when latency is defined (0.2872ms)
gateway-web	Run node city/test-all.mjs	2026-10-08T08:08:27.8873386Z ✔ expectedUtility charges the resource term only when it is defined (0.3276ms)
gateway-web	Run node city/test-all.mjs	2026-10-08T08:08:27.8885846Z ✔ expectedUtility clamps every out-of-range input (0.2365ms)
gateway-web	Run node city/test-all.mjs	2026-10-08T08:08:27.8893737Z ✔ expectedUtility rounds to four decimals with Number(toFixed(4)) (0.3477ms)
gateway-web	Run node city/test-all.mjs	2026-10-08T08:08:27.8895359Z ✔ the adaptive value shapes validate scores, decisions and rerank results (1.8818ms)
gateway-web	Run node city/test-all.mjs	2026-10-08T08:08:27.9068708Z ✔ the routing vocabulary is the donor vocabulary, with an unobserved default (2.2488ms)
gateway-web	Run node city/test-all.mjs	2026-10-08T08:08:27.9070418Z ✔ states that cannot accept work are excluded with their reason (0.5182ms)
gateway-web	Run node city/test-all.mjs	2026-10-08T08:08:27.9072168Z ✔ blocked never lists a capability exclusion, even when both exclusion kinds occur (0.3248ms)
gateway-web	Run node city/test-all.mjs	2026-10-08T08:08:27.9073720Z ✔ a missing requirement is named in full, and an unobserved state is UNKNOWN (0.3584ms)
gateway-web	Run node city/test-all.mjs	2026-10-08T08:08:27.9075241Z ✔ candidate order is preserved and empty requirements admit state-eligible candidates (0.2338ms)
gateway-web	Run node city/test-all.mjs	2026-10-08T08:08:27.9076798Z ✔ self-inspection reports every capability in the donor order from observed facts only (0.5635ms)
gateway-web	Run node city/test-all.mjs	2026-10-08T08:08:27.9079451Z ✔ an unobserved web-AI provider and an absent GPU are never READY (0.339ms)
gateway-web	Run node city/test-all.mjs	2026-10-08T08:08:27.9081280Z ✔ compute FAILED fails the node, memory DEGRADED degrades it, READY needs neither (0.4739ms)
gateway-web	Run node city/test-all.mjs	2026-10-08T08:08:27.9084269Z ✔ inspectNode derives the verdicts and the node state once, from one record (0.5661ms)
gateway-web	Run node city/test-all.mjs	2026-10-08T08:08:27.9085789Z ✔ the self-inspection value shapes validate observed records (2.649ms)
gateway-web	Run node city/test-all.mjs	2026-10-08T08:08:27.9184056Z ✔ RS-202 scenario: several devices submitting at once cannot double-execute the same subject (1.9039ms)
gateway-web	Run node city/test-all.mjs	2026-10-08T08:08:27.9202267Z ✔ RS-202 scenario: a RETRY is idempotent while a second device on the same work is not (0.2743ms)
gateway-web	Run node city/test-all.mjs	2026-10-08T08:08:27.9224595Z ✔ RS-202 scenario: a heavily loaded device is paused while its peers stay eligible (1.4423ms)
gateway-web	Run node city/test-all.mjs	2026-10-08T08:08:27.9232320Z ✔ RS-202 scenario: a congested provider session is queued or diverted, never terminal (0.7434ms)
gateway-web	Run node city/test-all.mjs	2026-10-08T08:08:27.9268359Z ✔ RS-202 scenario: a device that drops offline is unreachable, and its return wakes the re-scan (12.2766ms)
gateway-web	Run node city/test-all.mjs	2026-10-08T08:08:27.9275689Z ✔ RS-202 scenario: a claim survives a dropout by TRANSFER, and the old holder cannot retry it (0.919ms)
gateway-web	Run node city/test-all.mjs	2026-10-08T08:08:27.9301597Z ✔ RS-202 scenario: an eligible set going 0 -> 1 is a TEMPORARY absence that then wakes on an event (2.2827ms)
gateway-web	Run node city/test-all.mjs	2026-10-08T08:08:27.9310083Z ✔ RS-202 scenario: a flapping pool cannot move work that is already claimed (0.979ms)
gateway-web	Run node city/test-all.mjs	2026-10-08T08:08:28.0070658Z ✔ the heartbeat windows are the donor constants (2.4855ms)
gateway-web	Run node city/test-all.mjs	2026-10-08T08:08:28.0084962Z ✔ node state is derived from the heartbeat age at exact boundaries (0.4208ms)
gateway-web	Run node city/test-all.mjs	2026-10-08T08:08:28.0091609Z ✔ work is accepted by state and by every required capability, never by assumption (0.4138ms)
gateway-web	Run node city/test-all.mjs	2026-10-08T08:08:28.0095878Z ✔ first-fit routing walks nodes in join order and records the placement (0.6696ms)
gateway-web	Run node city/test-all.mjs	2026-10-08T08:08:28.0103096Z ✔ no eligible node queues the task with an honest note instead of a placement (0.3733ms)
gateway-web	Run node city/test-all.mjs	2026-10-08T08:08:28.0123692Z ✔ dropout leaves unrelated and completed work untouched, by identity (0.5519ms)
gateway-web	Run node city/test-all.mjs	2026-10-08T08:08:28.0126161Z ✔ checkpointed work transfers back to the queue with its checkpoint (0.4364ms)
gateway-web	Run node city/test-all.mjs	2026-10-08T08:08:28.0127686Z ✔ replay-safe work is reassigned; unsafe work fails without bumping attempts (0.311ms)
gateway-web	Run node city/test-all.mjs	2026-10-08T08:08:28.0142645Z ✔ dropout resolves each assignment independently in one pass (0.4441ms)
gateway-web	Run node city/test-all.mjs	2026-10-08T08:08:28.0144350Z ✔ the value shape validators accept honest records and refuse invented ones (1.5014ms)
gateway-web	Run node city/test-all.mjs	2026-10-08T08:08:28.0345343Z ✔ RS-202: the first selection is ADOPTED immediately, because a non-flap should not pay latency (1.9482ms)
gateway-web	Run node city/test-all.mjs	2026-10-08T08:08:28.0361221Z ✔ RS-202: a single different reading never moves work - persistence is required (1.3678ms)
gateway-web	Run node city/test-all.mjs	2026-10-08T08:08:28.0410824Z ✔ RS-202: two consecutive confirmations satisfy persistence but the DWELL still suppresses (0.6499ms)
gateway-web	Run node city/test-all.mjs	2026-10-08T08:08:28.0412830Z ✔ RS-202: past the dwell a persistent alternative switches, exactly once (0.4563ms)
gateway-web	Run node city/test-all.mjs	2026-10-08T08:08:28.0427386Z ✔ RS-202: an ALTERNATING pool never earns a switch - the anti-flap case itself (0.3423ms)
gateway-web	Run node city/test-all.mjs	2026-10-08T08:08:28.0470248Z ✔ RS-202: with nothing eligible the decision HOLDS rather than moving to nothing (0.3461ms)
gateway-web	Run node city/test-all.mjs	2026-10-08T08:08:28.0488764Z ✔ RS-202: subjects are damped independently, so one task cannot suppress another (0.2784ms)
gateway-web	Run node city/test-all.mjs	2026-10-08T08:08:28.0494777Z ✔ RS-202: the damping policy and decision vocabulary are inspectable, and flapping is measurable (2.1597ms)
gateway-web	Run node city/test-all.mjs	2026-10-08T08:08:28.0499541Z ✔ RS-202: load is a VECTOR and a full vector yields a known pressure (3.4739ms)
gateway-web	Run node city/test-all.mjs	2026-10-08T08:08:28.0510513Z ✔ RS-202: a partial load vector is reported as PARTIAL, with the unobserved dimensions named (0.4424ms)
gateway-web	Run node city/test-all.mjs	2026-10-08T08:08:28.0519196Z ✔ RS-202: an absent or empty load vector is UNKNOWN, never zero (0.407ms)
gateway-web	Run node city/test-all.mjs	2026-10-08T08:08:28.0527299Z ✔ RS-202: a single saturated dimension BINDS, so idle dimensions cannot dilute it (0.7421ms)
gateway-web	Run node city/test-all.mjs	2026-10-08T08:08:28.0529415Z ✔ RS-202: UNKNOWN load makes a device INELIGIBLE - absence is not spare capacity (0.3186ms)
gateway-web	Run node city/test-all.mjs	2026-10-08T08:08:28.0535278Z ✔ RS-202: load at or above the pause threshold pauses placement (0.2789ms)
gateway-web	Run node city/test-all.mjs	2026-10-08T08:08:28.0541487Z ✔ RS-202: a user-disabled device is refused, and an unreadable enablement is refused too (0.418ms)
gateway-web	Run node city/test-all.mjs	2026-10-08T08:08:28.0547677Z ✔ RS-202: eligibility precedence is ordered, so the reported reason is the actionable one (0.6408ms)
gateway-web	Run node city/test-all.mjs	2026-10-08T08:08:28.0557326Z ✔ RS-202: refusing and unreachable states come from the fleet/presence vocabularies, not a new one (0.436ms)
gateway-web	Run node city/test-all.mjs	2026-10-08T08:08:28.0559345Z ✔ RS-202: session and provider concurrency ceilings are enforced independently (0.5684ms)
gateway-web	Run node city/test-all.mjs	2026-10-08T08:08:28.0567168Z ✔ RS-202: a reachable but BUSY device is momentarily unsuitable rather than ineligible (0.2859ms)
gateway-web	Run node city/test-all.mjs	2026-10-08T08:08:28.0568796Z ✔ RS-202: policy exclusion is reported as policy rather than hidden behind a resource reason (0.2317ms)
gateway-web	Run node city/test-all.mjs	2026-10-08T08:08:28.0572600Z ✔ RS-202: every verdict is explainable - it carries its reasons and the evidence for them (0.3146ms)
gateway-web	Run node city/test-all.mjs	2026-10-08T08:08:28.0576476Z ✔ RS-202: the pressure input bundle exposes all six named factors in one place (0.3884ms)
gateway-web	Run node city/test-all.mjs	2026-10-08T08:08:28.0586342Z ✔ RS-202: eligibility stays a SCHEDULABILITY decision and never touches permission or trust (1.5712ms)
gateway-web	Run node city/test-all.mjs	2026-10-08T08:08:28.1148582Z ✔ RS-202: an already-eligible key resolves IMMEDIATELY without waiting at all (1.5383ms)
gateway-web	Run node city/test-all.mjs	2026-10-08T08:08:28.1178491Z ✔ RS-202: an EVENT wake is the primary mechanism, and it beats the ceiling (7.7621ms)
gateway-web	Run node city/test-all.mjs	2026-10-08T08:08:28.1194945Z ✔ RS-202: a signal that changes NOTHING must not wake the waiter - the re-scan-storm guard (2.107ms)
gateway-web	Run node city/test-all.mjs	2026-10-08T08:08:28.1645106Z ✔ RS-202: the CEILING is a backstop that prompts a re-scan instead of hanging forever (42.2655ms)
gateway-web	Run node city/test-all.mjs	2026-10-08T08:08:28.1667501Z ✔ RS-202: the default ceiling is the 20-minute policy figure and is a bound, not an interval (1.7242ms)
gateway-web	Run node city/test-all.mjs	2026-10-08T08:08:28.1672126Z ✔ RS-202: signals are scoped to their key, so one pool cannot wake another pool waiters (2.3701ms)
gateway-web	Run node city/test-all.mjs	2026-10-08T08:08:28.1683075Z ✔ RS-202: a predicate that throws degrades to not-eligible instead of breaking the main path (1.9751ms)
gateway-web	Run node city/test-all.mjs	2026-10-08T08:08:28.1700648Z ✔ RS-202: cancellation resolves every waiter and reports that no re-scan is required (1.351ms)
gateway-web	Run node city/test-all.mjs	2026-10-08T08:08:28.1928392Z ✔ RS-202: no wake path can ever report a terminal failure (22.5018ms)
gateway-web	Run node city/test-all.mjs	2026-10-08T08:08:28.2092507Z ✔ RS-202: an eligible current device runs DIRECTLY, without offering anything (2.4641ms)
gateway-web	Run node city/test-all.mjs	2026-10-08T08:08:28.2095526Z ✔ RS-202: an unavailable current device produces a SWITCH OFFER that is data, not an action (0.4016ms)
gateway-web	Run node city/test-all.mjs	2026-10-08T08:08:28.2097034Z ✔ RS-202: the offer is made BEFORE any queueing, so the user gets the choice first (0.5801ms)
gateway-web	Run node city/test-all.mjs	2026-10-08T08:08:28.2098429Z ✔ RS-202: after a declined switch the sequence diverts to an eligible alternate device (0.3949ms)
gateway-web	Run node city/test-all.mjs	2026-10-08T08:08:28.2100518Z ✔ RS-202: with no spare candidate the sequence QUEUES with a bounded, event-driven deadline (0.5922ms)
gateway-web	Run node city/test-all.mjs	2026-10-08T08:08:28.2101754Z ✔ RS-202: TRANSIENT no-resource is never a terminal failure (0.3236ms)
gateway-web	Run node city/test-all.mjs	2026-10-08T08:08:28.2102970Z ✔ RS-202: ineligibility and temporary absence are DIFFERENT facts, not one bucket (0.5019ms)
gateway-web	Run node city/test-all.mjs	2026-10-08T08:08:28.2104247Z ✔ RS-202: an empty pool is an absence of candidates rather than a refusal of them (0.2079ms)
gateway-web	Run node city/test-all.mjs	2026-10-08T08:08:28.2105569Z ✔ RS-202: retry is bounded and reaching the bound still does not end the task (0.4828ms)
gateway-web	Run node city/test-all.mjs	2026-10-08T08:08:28.2106821Z ✔ RS-202: the result always returns to the ORIGIN device on every path (0.5831ms)
gateway-web	Run node city/test-all.mjs	2026-10-08T08:08:28.2108110Z ✔ RS-202: the stage vocabulary is ordered as data, and the reason sets do not overlap (1.1643ms)
gateway-web	Run node city/test-all.mjs	2026-10-08T08:08:28.2124849Z ✔ the composition rule is fixed: escape beats protected beats clean (4.7492ms)
gateway-web	Run node city/test-all.mjs	2026-10-08T08:08:28.2126256Z ✔ assessPaths treats anything unresolvable as an escape, never as unprotected (1.7268ms)
gateway-web	Run node city/test-all.mjs	2026-10-08T08:08:28.2127553Z ✔ a rename is classified on both endpoints and a delete like a write (3.0581ms)
gateway-web	Run node city/test-all.mjs	2026-10-08T08:08:28.2128739Z ✔ assessChangeSet reads repo-relative diff names and skips blanks (1.2289ms)
gateway-web	Run node city/test-all.mjs	2026-10-08T08:08:28.2130226Z ✔ reasons list at most five escapes and at most ten protected hits (0.8498ms)
gateway-web	Run node city/test-all.mjs	2026-10-08T08:08:28.2131354Z ✔ patterns() is the compiled surface in order, immutable manifest first (1.4218ms)
gateway-web	Run node city/test-all.mjs	2026-10-08T08:08:28.2133588Z ✔ one-shot assessment needs a resolver too, and the guard is deterministic (0.6833ms)
gateway-web	Run node city/test-all.mjs	2026-10-08T08:08:28.2134837Z ✔ the guard carries no fs, realpath or CODEOWNERS loading of its own (13.144ms)
gateway-web	Run node city/test-all.mjs	2026-10-08T08:08:28.2524582Z ✔ the classifier compiles only the patterns the caller supplies (8.283ms)
gateway-web	Run node city/test-all.mjs	2026-10-08T08:08:28.2534864Z ✔ the CODEOWNERS subset grammar matches exactly the vectors the donor documents (2.078ms)
gateway-web	Run node city/test-all.mjs	2026-10-08T08:08:28.2542308Z ✔ a directory pattern protects the entry itself and everything beneath it (0.4959ms)
gateway-web	Run node city/test-all.mjs	2026-10-08T08:08:28.2548137Z ✔ a bare double-star pattern behaves as the donor implements it (0.6375ms)
gateway-web	Run node city/test-all.mjs	2026-10-08T08:08:28.2553644Z ✔ matching is case-insensitive by default and can be tightened (0.501ms)
gateway-web	Run node city/test-all.mjs	2026-10-08T08:08:28.2558081Z ✔ one rule per path, and a repeated path is counted once (0.3661ms)
gateway-web	Run node city/test-all.mjs	2026-10-08T08:08:28.2566232Z ✔ the rename/delete evidence contract: `also` is assessed as well as `paths` (0.2773ms)
gateway-web	Run node city/test-all.mjs	2026-10-08T08:08:28.2572221Z ✔ normalizeRepoPath accepts repo-relative input and refuses anything that escapes (0.3144ms)
gateway-web	Run node city/test-all.mjs	2026-10-08T08:08:28.2579008Z ✔ absolute paths, escapes and non-strings become escapes, never silent passes (0.7336ms)
gateway-web	Run node city/test-all.mjs	2026-10-08T08:08:28.2584649Z ✔ CODEOWNERS parsing keeps only patterns that carry an owner (0.7837ms)
gateway-web	Run node city/test-all.mjs	2026-10-08T08:08:28.3191935Z ✔ the declared lifecycle is the donor order and ends in the terminal state (6.8109ms)
gateway-web	Run node city/test-all.mjs	2026-10-08T08:08:28.3195793Z ✔ every edge table entry agrees with the declared order and the event tables (0.6582ms)
gateway-web	Run node city/test-all.mjs	2026-10-08T08:08:28.3203701Z ✔ the lifecycle walks forward one declared state at a time and never jumps (3.5137ms)
gateway-web	Run node city/test-all.mjs	2026-10-08T08:08:28.3209552Z ✔ ACCEPTED cannot be left by any event, including REPAIR (0.5433ms)
gateway-web	Run node city/test-all.mjs	2026-10-08T08:08:28.3223721Z ✔ a refused event keeps the current state and reports the allowed set (0.4975ms)
gateway-web	Run node city/test-all.mjs	2026-10-08T08:08:28.3226838Z ✔ REPAIR moves exactly one step back and is reported as a repair (0.3436ms)
gateway-web	Run node city/test-all.mjs	2026-10-08T08:08:28.3233496Z ✔ CANDIDATE is reachable but is not a release (2.1261ms)
gateway-web	Run node city/test-all.mjs	2026-10-08T08:08:28.3239371Z ✔ a record built without a clock is deterministic and copies its inputs (0.4201ms)
gateway-web	Run node city/test-all.mjs	2026-10-08T08:08:28.3243163Z ✔ candidateIdFor is stable and independent of requirement order (2.8153ms)
gateway-web	Run node city/test-all.mjs	2026-10-08T08:08:28.3250377Z ✔ lifecycleStep validates its shape instead of accepting a nameless step (1.6024ms)
gateway-web	Run node city/test-all.mjs	2026-10-08T08:08:28.3256734Z ✔ the walker refuses unknown states and events rather than guessing (0.3409ms)
gateway-web	Run node city/test-all.mjs	2026-10-08T08:08:28.3703090Z ✔ an IP or hostname change does not change device_id (9.2278ms)
gateway-web	Run node city/test-all.mjs	2026-10-08T08:08:28.3708527Z ✔ metadata is declared non-authoritative and device_id is not derived from it (0.7414ms)
gateway-web	Run node city/test-all.mjs	2026-10-08T08:08:28.3710543Z ✔ a device with no network observation at all is valid (network is not required for identity) (1.1536ms)
gateway-web	Run node city/test-all.mjs	2026-10-08T08:08:28.3721419Z ✔ rename changes display metadata without changing authority (1.642ms)
gateway-web	Run node city/test-all.mjs	2026-10-08T08:08:28.3724247Z ✔ rename does not mutate the document it was given (0.4695ms)
gateway-web	Run node city/test-all.mjs	2026-10-08T08:08:28.3725447Z ✔ two devices may share a display name: a name is never an identity (0.4658ms)
gateway-web	Run node city/test-all.mjs	2026-10-08T08:08:28.3726838Z ✔ an empty or non-string rename is refused (1.9441ms)
gateway-web	Run node city/test-all.mjs	2026-10-08T08:08:28.3728585Z ✔ key rotation moves activeKeyId and demotes the previous key to ROTATED history (1.0972ms)
gateway-web	Run node city/test-all.mjs	2026-10-08T08:08:28.3747666Z ✔ a rotated key is no longer authority even though it is still recorded (0.9518ms)
gateway-web	Run node city/test-all.mjs	2026-10-08T08:08:28.3768461Z ✔ a device always has exactly one active key and it always exists (0.6513ms)
gateway-web	Run node city/test-all.mjs	2026-10-08T08:08:28.3769476Z ✔ a duplicate key handle is refused (0.3443ms)
gateway-web	Run node city/test-all.mjs	2026-10-08T08:08:28.3789641Z ✔ revoking the active key is refused; a rotated key may be revoked (0.6676ms)
gateway-web	Run node city/test-all.mjs	2026-10-08T08:08:28.3791482Z ✔ a retired device cannot rotate a key (0.3846ms)
gateway-web	Run node city/test-all.mjs	2026-10-08T08:08:28.3792955Z ✔ retirement is terminal and recorded with its instant (0.3664ms)
gateway-web	Run node city/test-all.mjs	2026-10-08T08:08:28.3795434Z ✔ a reinstall mints a new installation_id and does not inherit the logical device (1.4335ms)
gateway-web	Run node city/test-all.mjs	2026-10-08T08:08:28.3864801Z ✔ an unbound reinstalled installation can do nothing until it is explicitly rebound (0.8192ms)
gateway-web	Run node city/test-all.mjs	2026-10-08T08:08:28.3867000Z ✔ rebinding requires explicit proof and refuses to invent it (0.8494ms)
gateway-web	Run node city/test-all.mjs	2026-10-08T08:08:28.3879379Z ✔ an explicit rebind binds the reinstalled installation to the surviving logical device (0.4587ms)
gateway-web	Run node city/test-all.mjs	2026-10-08T08:08:28.3881415Z ✔ an installation already bound to one device cannot be re-pointed at another (0.3215ms)
gateway-web	Run node city/test-all.mjs	2026-10-08T08:08:28.3884918Z ✔ a reinstall must actually mint new identities (0.7898ms)
gateway-web	Run node city/test-all.mjs	2026-10-08T08:08:28.3894191Z ✔ enrollment refuses to create a bound installation without a device (0.2254ms)
gateway-web	Run node city/test-all.mjs	2026-10-08T08:08:28.3902070Z ✔ a credential presented from a different physical instance is detected as a clone (0.3101ms)
gateway-web	Run node city/test-all.mjs	2026-10-08T08:08:28.3906390Z ✔ a matching presentation is accepted (0.2099ms)
gateway-web	Run node city/test-all.mjs	2026-10-08T08:08:28.3915292Z ✔ a wrong credential is reported as a mismatch, not as a clone (0.2347ms)
gateway-web	Run node city/test-all.mjs	2026-10-08T08:08:28.3921930Z ✔ an unknown installation id is refused before anything else is considered (0.2849ms)
gateway-web	Run node city/test-all.mjs	2026-10-08T08:08:28.3930100Z ✔ a malformed presentation is refused without throwing (0.5238ms)
gateway-web	Run node city/test-all.mjs	2026-10-08T08:08:28.3944514Z ✔ quarantining a cloned installation is terminal and cannot be undone by the clone (0.5818ms)
gateway-web	Run node city/test-all.mjs	2026-10-08T08:08:28.3953582Z ✔ a retired installation is refused even when the credential still matches (0.4181ms)
gateway-web	Run node city/test-all.mjs	2026-10-08T08:08:28.3958368Z ✔ a retired installation cannot be quarantined, so history is not rewritten (0.3044ms)
gateway-web	Run node city/test-all.mjs	2026-10-08T08:08:28.3961663Z ✔ a population scan finds two records sharing one installation identity under two instances (0.5797ms)
gateway-web	Run node city/test-all.mjs	2026-10-08T08:08:28.3963230Z ✔ a population scan finds one installation identity carrying two credential fingerprints (1.2687ms)
gateway-web	Run node city/test-all.mjs	2026-10-08T08:08:28.3964475Z ✔ a population scan reports nothing for a healthy population (0.3285ms)
gateway-web	Run node city/test-all.mjs	2026-10-08T08:08:28.3965605Z ✔ a population scan refuses a malformed record instead of ignoring it (0.3446ms)
gateway-web	Run node city/test-all.mjs	2026-10-08T08:08:28.3966771Z ✔ a missing MAC does not block a valid pairing path (0.6196ms)
gateway-web	Run node city/test-all.mjs	2026-10-08T08:08:28.3968378Z ✔ a randomised MAC does not block a valid pairing path (0.3141ms)
gateway-web	Run node city/test-all.mjs	2026-10-08T08:08:28.3969730Z ✔ MAC randomisation is recognised from the locally-administered bit, not from a guess (0.1805ms)
gateway-web	Run node city/test-all.mjs	2026-10-08T08:08:28.3971104Z ✔ MAC formatting, case and separators are normalised and never rejected (0.1558ms)
gateway-web	Run node city/test-all.mjs	2026-10-08T08:08:28.3972304Z ✔ multiple NICs are all representable and none of them is privileged (0.1764ms)
gateway-web	Run node city/test-all.mjs	2026-10-08T08:08:28.3977578Z ✔ spoofed MAC evidence alone cannot impersonate a trusted node (0.1802ms)
gateway-web	Run node city/test-all.mjs	2026-10-08T08:08:28.3981760Z ✔ MAC never enters an authority-bearing field of a device document (0.6161ms)
gateway-web	Run node city/test-all.mjs	2026-10-08T08:08:28.3983525Z ✔ the document discriminators keep a device and an installation distinguishable (0.2646ms)
gateway-web	Run node city/test-all.mjs	2026-10-08T08:08:28.3996362Z ✔ a wrong schema version is refused by both validators (0.7058ms)
gateway-web	Run node city/test-all.mjs	2026-10-08T08:08:28.3997865Z ✔ malformed device records are refused with a specific code (0.6854ms)
gateway-web	Run node city/test-all.mjs	2026-10-08T08:08:28.3999455Z ✔ malformed installation records are refused with a specific code (0.6629ms)
gateway-web	Run node city/test-all.mjs	2026-10-08T08:08:28.4004110Z ✔ the assert helpers throw with the validator code attached (0.1973ms)
gateway-web	Run node city/test-all.mjs	2026-10-08T08:08:28.4005905Z ✔ a v1 document migrates to itself and is reported as unmigrated (0.3016ms)
gateway-web	Run node city/test-all.mjs	2026-10-08T08:08:28.4007414Z ✔ a live gateway node row upgrades to a v1 device identity (0.2247ms)
gateway-web	Run node city/test-all.mjs	2026-10-08T08:08:28.4013880Z ✔ a legacy row with no key material yields a placeholder reference, not an invented key (0.4628ms)
gateway-web	Run node city/test-all.mjs	2026-10-08T08:08:28.4041333Z ✔ an unknown future schema version is refused rather than guessed at (0.224ms)
gateway-web	Run node city/test-all.mjs	2026-10-08T08:08:28.4043284Z ✔ a legacy row whose id is not a device identity is refused (0.2102ms)
gateway-web	Run node city/test-all.mjs	2026-10-08T08:08:28.4044715Z ✔ a migration requires an instant because it must not read the clock itself (0.1918ms)
gateway-web	Run node city/test-all.mjs	2026-10-08T08:08:28.4062441Z ✔ canonical serialisation is independent of key insertion order (0.7343ms)
gateway-web	Run node city/test-all.mjs	2026-10-08T08:08:28.4074010Z ✔ a rename changes the digest but not the device id (0.4773ms)
gateway-web	Run node city/test-all.mjs	2026-10-08T08:08:28.4075507Z ✔ the serialised identity is a JSON document carrying exactly the declared fields (0.3719ms)
gateway-web	Run node city/test-all.mjs	2026-10-08T08:08:28.4082236Z ✔ a credential secret never appears in a serialised installation document (0.4063ms)
gateway-web	Run node city/test-all.mjs	2026-10-08T08:08:28.4088497Z ✔ credential fingerprints are reproducible and secret-specific (0.323ms)
gateway-web	Run node city/test-all.mjs	2026-10-08T08:08:28.4089789Z ✔ a secret is refused everywhere a fingerprint is offered in its place (0.2195ms)
gateway-web	Run node city/test-all.mjs	2026-10-08T08:08:28.4091169Z ✔ minting refuses entropy that is not exactly 16 bytes (0.4084ms)
gateway-web	Run node city/test-all.mjs	2026-10-08T08:08:28.4092659Z ✔ minted ids carry their type prefix and 32 hex digits (0.176ms)
gateway-web	Run node city/test-all.mjs	2026-10-08T08:08:28.4095666Z ✔ minting is pure: the same entropy yields the same id, different entropy does not (0.183ms)
gateway-web	Run node city/test-all.mjs	2026-10-08T08:08:28.4098507Z ✔ randomEntropy produces 16 usable bytes each call (0.5757ms)
gateway-web	Run node city/test-all.mjs	2026-10-08T08:08:28.4101182Z ✔ instants are parameters and a bad instant is refused with a code (0.3851ms)
gateway-web	Run node city/test-all.mjs	2026-10-08T08:08:28.4114541Z ✔ the metadata builder tolerates a partial observation set (0.1962ms)
gateway-web	Run node city/test-all.mjs	2026-10-08T08:08:28.4115838Z ✔ the exported vocabularies are frozen and internally consistent (0.2381ms)
gateway-web	Run node city/test-all.mjs	2026-10-08T08:08:28.4120487Z ✔ every lifecycle refusal raised by the ladder is a declared rejection code (0.8224ms)
gateway-web	Run node city/test-all.mjs	2026-10-08T08:08:28.4122174Z ✔ C1 a retired device cannot present key authority (0.2341ms)
gateway-web	Run node city/test-all.mjs	2026-10-08T08:08:28.4123501Z ✔ C2 a migrated legacy placeholder key is identity, never authentication (0.4339ms)
gateway-web	Run node city/test-all.mjs	2026-10-08T08:08:28.4126471Z ✔ C2 every v1 key must state a known material kind (0.1677ms)
gateway-web	Run node city/test-all.mjs	2026-10-08T08:08:28.4127648Z ✔ C3 a reinstall must mint a new installation credential (0.5731ms)
gateway-web	Run node city/test-all.mjs	2026-10-08T08:08:28.4129132Z ✔ C4 a population scan finds one credential shared by two installation identities (0.6887ms)
gateway-web	Run node city/test-all.mjs	2026-10-08T08:08:28.4130753Z ✔ C5 a quarantined installation can be retired and keeps its quarantine evidence (0.4926ms)
gateway-web	Run node city/test-all.mjs	2026-10-08T08:08:28.4132446Z ✔ C5 a reinstall from a quarantined installation works and preserves the quarantine record (0.3949ms)
gateway-web	Run node city/test-all.mjs	2026-10-08T08:08:28.4134263Z ✔ C5 a quarantine block is legal only on a quarantined or already-quarantined-retired record (0.3465ms)
gateway-web	Run node city/test-all.mjs	2026-10-08T08:08:28.4146540Z ✔ C6 MAC pairing evidence accepts one address, several, or none, and refuses other shapes (0.3528ms)
gateway-web	Run node city/test-all.mjs	2026-10-08T08:08:28.4152440Z ✔ C6 every correction refusal code is declared in the rejection vocabulary (0.1385ms)
gateway-web	Run node city/test-all.mjs	2026-10-08T08:08:28.4553810Z ✔ every join entry point feeds the same pairing state machine (11.8479ms)
gateway-web	Run node city/test-all.mjs	2026-10-08T08:08:28.4556436Z ✔ a Bluetooth bootstrap and a remote invite end in the same TRUSTED record (3.5371ms)
gateway-web	Run node city/test-all.mjs	2026-10-08T08:08:28.4558797Z ✔ possession of an invite or proximity never becomes trust on its own (1.0118ms)
gateway-web	Run node city/test-all.mjs	2026-10-08T08:08:28.4573095Z ✔ both sides present stable fingerprints, and the confirmation is bound to them (1.3198ms)
gateway-web	Run node city/test-all.mjs	2026-10-08T08:08:28.4576756Z ✔ a preview that carries a different fingerprint than the key exchange is refused (0.54ms)
gateway-web	Run node city/test-all.mjs	2026-10-08T08:08:28.4578325Z ✔ both sides reporting the same fingerprint is refused: a pairing needs two peers (0.3744ms)
gateway-web	Run node city/test-all.mjs	2026-10-08T08:08:28.4586305Z ✔ a replayed bootstrap nonce is refused, so an observed handshake cannot be reused (0.5556ms)
gateway-web	Run node city/test-all.mjs	2026-10-08T08:08:28.4588404Z ✔ a confirmation token is single-use even across sessions (1.1418ms)
gateway-web	Run node city/test-all.mjs	2026-10-08T08:08:28.4600264Z ✔ a wrong confirmation token is refused and the session stays open (0.7686ms)
gateway-web	Run node city/test-all.mjs	2026-10-08T08:08:28.4605944Z ✔ a session past its deadline cannot advance, whatever the caller tries (0.7335ms)
gateway-web	Run node city/test-all.mjs	2026-10-08T08:08:28.4607360Z ✔ expiry is a fact about the clock, not something a caller can assert (0.4274ms)
gateway-web	Run node city/test-all.mjs	2026-10-08T08:08:28.4617240Z ✔ failed-pair cleanup retires exactly the overdue sessions and nothing else (0.4298ms)
gateway-web	Run node city/test-all.mjs	2026-10-08T08:08:28.4620462Z ✔ the transition table is respected and terminal states are terminal (0.5693ms)
gateway-web	Run node city/test-all.mjs	2026-10-08T08:08:28.4621994Z ✔ reject, cancel and fail are distinct recorded outcomes (0.6568ms)
gateway-web	Run node city/test-all.mjs	2026-10-08T08:08:28.4625164Z ✔ a revoked device cannot reconnect with its old credentials (1.2151ms)
gateway-web	Run node city/test-all.mjs	2026-10-08T08:08:28.4661295Z ✔ a lost device loses every trust it holds, and re-pairing needs an explicit decision (1.4825ms)
gateway-web	Run node city/test-all.mjs	2026-10-08T08:08:28.4662994Z ✔ a refusal never leaves the session changed (0.7609ms)
gateway-web	Run node city/test-all.mjs	2026-10-08T08:08:28.4669419Z ✔ a pairing can be refused at any phase, and the refusal is recorded (0.7168ms)
gateway-web	Run node city/test-all.mjs	2026-10-08T08:08:28.4759956Z ✔ a quarantined device is refused, and a second trust for one device is refused (0.7692ms)
gateway-web	Run node city/test-all.mjs	2026-10-08T08:08:28.4761922Z ✔ a rotated credential stops working and the refusal names the reason (0.5174ms)
gateway-web	Run node city/test-all.mjs	2026-10-08T08:08:28.4763540Z ✔ an unknown device, a wrong fingerprint and a wrong credential are all refused distinctly (0.4012ms)
gateway-web	Run node city/test-all.mjs	2026-10-08T08:08:28.4765154Z ✔ a trust role change is explicit, auditable and transfers no capability (0.7974ms)
gateway-web	Run node city/test-all.mjs	2026-10-08T08:08:28.4766533Z ✔ a trust role is a classification, never a capability grant (1.1885ms)
gateway-web	Run node city/test-all.mjs	2026-10-08T08:08:28.4772098Z ✔ local MAC evidence may warn a human but never blocks or grants (0.3014ms)
gateway-web	Run node city/test-all.mjs	2026-10-08T08:08:28.4774644Z ✔ a missing or randomised MAC does not obstruct pairing (0.4438ms)
gateway-web	Run node city/test-all.mjs	2026-10-08T08:08:28.4775826Z ✔ MAC evidence can never be turned into trust (0.1528ms)
gateway-web	Run node city/test-all.mjs	2026-10-08T08:08:28.4777127Z ✔ the audit log proves every state transition without carrying key material (1.688ms)
gateway-web	Run node city/test-all.mjs	2026-10-08T08:08:28.4778656Z ✔ the leak scanner really detects a leak, so its clean answer means something (0.1848ms)
gateway-web	Run node city/test-all.mjs	2026-10-08T08:08:28.4779733Z ✔ the audit log is bounded (1.554ms)
gateway-web	Run node city/test-all.mjs	2026-10-08T08:08:28.4780740Z ✔ a session document round-trips through validation and refuses malformed input (0.7569ms)
gateway-web	Run node city/test-all.mjs	2026-10-08T08:08:28.4782112Z ✔ a trust record round-trips through validation and refuses malformed input (0.8255ms)
gateway-web	Run node city/test-all.mjs	2026-10-08T08:08:28.4783430Z ✔ a peer session document can be inspected without an authority (0.5945ms)
gateway-web	Run node city/test-all.mjs	2026-10-08T08:08:28.4784528Z ✔ the authority refuses structural nonsense instead of guessing (0.7061ms)
gateway-web	Run node city/test-all.mjs	2026-10-08T08:08:28.4785468Z ✔ confirmation requires a named human actor (1.31ms)
gateway-web	Run node city/test-all.mjs	2026-10-08T08:08:28.4786522Z ✔ a trust id and a credential must be well formed before any trust exists (0.637ms)
gateway-web	Run node city/test-all.mjs	2026-10-08T08:08:28.4787685Z ✔ minting is pure and refuses entropy that is not 16 bytes (0.7296ms)
gateway-web	Run node city/test-all.mjs	2026-10-08T08:08:28.4788752Z ✔ randomEntropy produces 16 usable bytes each call (0.5076ms)
gateway-web	Run node city/test-all.mjs	2026-10-08T08:08:28.4789831Z ✔ the exported vocabularies are frozen and internally consistent (0.2744ms)
gateway-web	Run node city/test-all.mjs	2026-10-08T08:08:28.4791011Z ✔ C1 a trusted session is final: expiry and cleanup never rewrite it (0.6463ms)
gateway-web	Run node city/test-all.mjs	2026-10-08T08:08:28.4792254Z ✔ C2 a live re-pair supersedes the previous trust instead of leaving two (0.8144ms)
gateway-web	Run node city/test-all.mjs	2026-10-08T08:08:28.4794094Z ✔ C2 the superseded credential and the replacement credential are both cut off by revocation (0.6481ms)
gateway-web	Run node city/test-all.mjs	2026-10-08T08:08:28.4795501Z ✔ C2 two live records for one device are reported, never silently resolved (0.3102ms)
gateway-web	Run node city/test-all.mjs	2026-10-08T08:08:28.4796785Z ✔ C3 a preview that claims MAC authority, or names a foreign device, is refused (0.4624ms)
gateway-web	Run node city/test-all.mjs	2026-10-08T08:08:28.4797895Z ✔ C3 the authority records its own copy of the preview (0.6125ms)
gateway-web	Run node city/test-all.mjs	2026-10-08T08:08:28.4798888Z ✔ C3 the trusted device must be the device the human was shown (0.5784ms)
gateway-web	Run node city/test-all.mjs	2026-10-08T08:08:28.4799994Z ✔ C4 wrong confirmation tokens are bounded and then fail the session (0.9906ms)
gateway-web	Run node city/test-all.mjs	2026-10-08T08:08:28.4801281Z ✔ C4 re-requesting a different token is refused, and a decoy preview is never success (0.5574ms)
gateway-web	Run node city/test-all.mjs	2026-10-08T08:08:28.4802471Z ✔ C5 a refused startSession does not burn the challenge (0.3385ms)
gateway-web	Run node city/test-all.mjs	2026-10-08T08:08:28.4803412Z ✔ C5 the MAC mismatch flag must be a real boolean (0.5306ms)
gateway-web	Run node city/test-all.mjs	2026-10-08T08:08:28.5356917Z ✔ a capability resolves by name, never by provider identity (6.4677ms)
gateway-web	Run node city/test-all.mjs	2026-10-08T08:08:28.5358852Z ✔ a missing required capability is recorded as a miss and emits, an optional one only records (1.6729ms)
gateway-web	Run node city/test-all.mjs	2026-10-08T08:08:28.5366155Z ✔ a required-capability gate names every capability nothing provides (0.9895ms)
gateway-web	Run node city/test-all.mjs	2026-10-08T08:08:28.5372677Z ✔ one capability has exactly one owner, and a second owner is refused at registration (2.0786ms)
gateway-web	Run node city/test-all.mjs	2026-10-08T08:08:28.5375216Z ✔ the same owner re-registering its own capability is an update, not a conflict (0.3492ms)
gateway-web	Run node city/test-all.mjs	2026-10-08T08:08:28.5380711Z ✔ priority orders providers and the order is total, not insertion order (30.0279ms)
gateway-web	Run node city/test-all.mjs	2026-10-08T08:08:28.5382702Z ✔ a provider that does not say what it can do is refused (0.7907ms)
gateway-web	Run node city/test-all.mjs	2026-10-08T08:08:28.5470098Z ✔ unloading an owner revokes everything it provided, and the miss says why (0.6611ms)
gateway-web	Run node city/test-all.mjs	2026-10-08T08:08:28.5473607Z ✔ revoking one capability is owner-checked (0.4621ms)
gateway-web	Run node city/test-all.mjs	2026-10-08T08:08:28.5476703Z ✔ the lookup log is bounded and returned as copies (1.192ms)
gateway-web	Run node city/test-all.mjs	2026-10-08T08:08:28.5478267Z ✔ the four lifecycle questions stay separate and the derived state has a fixed order (1.1199ms)
gateway-web	Run node city/test-all.mjs	2026-10-08T08:08:28.5484360Z ✔ a disabled provider is refused a load unless forced, and a second load is a no-op (0.4925ms)
gateway-web	Run node city/test-all.mjs	2026-10-08T08:08:28.5487410Z ✔ a duplicate owner is refused and an unknown owner is a coded refusal, never a throw (0.2733ms)
gateway-web	Run node city/test-all.mjs	2026-10-08T08:08:28.5489124Z ✔ a throwing health probe is contained and never escapes (0.2946ms)
gateway-web	Run node city/test-all.mjs	2026-10-08T08:08:28.5490468Z ✔ an unasked or unparseable health answer stays UNKNOWN, never HEALTHY (0.2825ms)
gateway-web	Run node city/test-all.mjs	2026-10-08T08:08:28.5494891Z ✔ unloading releases the capability and resets the restart budget (0.4292ms)
gateway-web	Run node city/test-all.mjs	2026-10-08T08:08:28.5497248Z ✔ a provider fault is recorded at its declared level and contains the provider (0.8495ms)
gateway-web	Run node city/test-all.mjs	2026-10-08T08:08:28.5500620Z ✔ the health reaction ladder is the donor order: fatal stops, soft ignores, then budget (0.3187ms)
gateway-web	Run node city/test-all.mjs	2026-10-08T08:08:28.5502107Z ✔ the aggregate verdict is blocked, degraded or healthy and names the providers (0.6695ms)
gateway-web	Run node city/test-all.mjs	2026-10-08T08:08:28.5503527Z ✔ a runtime-layer fault is never evidence about the provider (0.916ms)
gateway-web	Run node city/test-all.mjs	2026-10-08T08:08:28.5507018Z ✔ an explicit refusal inside a successful call is semantic, not a runtime failure (0.2223ms)
gateway-web	Run node city/test-all.mjs	2026-10-08T08:08:28.5508937Z ✔ a deterministic verification or format failure outranks provider behaviour (0.2002ms)
gateway-web	Run node city/test-all.mjs	2026-10-08T08:08:28.5510570Z ✔ an unobservable success is UNCLASSIFIED rather than a fabricated completion (0.1614ms)
gateway-web	Run node city/test-all.mjs	2026-10-08T08:08:28.5512408Z ✔ the classifier walks completion coverage, drift and quality in the donor order (0.2689ms)
gateway-web	Run node city/test-all.mjs	2026-10-08T08:08:28.5513607Z ✔ goal drift is reported, never rewritten (1.6114ms)
gateway-web	Run node city/test-all.mjs	2026-10-08T08:08:28.5516159Z ✔ an evaluator revision is appended and never overwrites the original (0.3096ms)
gateway-web	Run node city/test-all.mjs	2026-10-08T08:08:28.5517447Z ✔ the provider lifecycle is two named states with an explicit autoResume flag (0.297ms)
gateway-web	Run node city/test-all.mjs	2026-10-08T08:08:28.5521544Z ✔ the runtime outcome maps to a recovery action and a provider update (0.3605ms)
gateway-web	Run node city/test-all.mjs	2026-10-08T08:08:28.5524329Z ✔ the City lifecycle maps onto a routing state and availability is lifecycle-derived (0.8012ms)
gateway-web	Run node city/test-all.mjs	2026-10-08T08:08:28.5529331Z ✔ hard eligibility excludes failed, disabled, recovering and unknown candidates and tracks degraded ones (0.4475ms)
gateway-web	Run node city/test-all.mjs	2026-10-08T08:08:28.5532287Z ✔ an invocation validates the operation against the provider allowlist before any work runs (1.2302ms)
gateway-web	Run node city/test-all.mjs	2026-10-08T08:08:28.5533796Z ✔ a capability whose owner is not accepted answers BRIDGE_PENDING and runs nothing (0.3915ms)
gateway-web	Run node city/test-all.mjs	2026-10-08T08:08:28.5536309Z ✔ a completed invocation carries a stable digest of its canonical result (1.4986ms)
gateway-web	Run node city/test-all.mjs	2026-10-08T08:08:28.5540431Z ✔ a typed error survives, an unknown throw becomes ADAPTER_UNAVAILABLE, and an oversized result is refused (8.0218ms)
gateway-web	Run node city/test-all.mjs	2026-10-08T08:08:28.5542302Z ✔ concurrency is bounded so one caller cannot exhaust the process (0.7749ms)
gateway-web	Run node city/test-all.mjs	2026-10-08T08:08:28.5545137Z ✔ a restart marks in-flight invocations INTERRUPTED rather than leaving them running (0.7582ms)
gateway-web	Run node city/test-all.mjs	2026-10-08T08:08:28.5547458Z ✔ a learned ranking may reorder the approved candidates and nothing else (1.0298ms)
gateway-web	Run node city/test-all.mjs	2026-10-08T08:08:28.5549349Z ✔ the fabric reports only the capabilities that exist and revokes with their owner (0.64ms)
gateway-web	Run node city/test-all.mjs	2026-10-08T08:08:28.5552056Z ✔ the invocation list is bounded and a summary never leaks the stored result (0.803ms)
gateway-web	Run node city/test-all.mjs	2026-10-08T08:08:28.5553444Z ✔ rendering a lock sorts ids so an unchanged composition keeps the same bytes (0.3036ms)
gateway-web	Run node city/test-all.mjs	2026-10-08T08:08:28.5554909Z ✔ the parser refuses what it does not understand instead of guessing (0.6338ms)
gateway-web	Run node city/test-all.mjs	2026-10-08T08:08:28.5556842Z ✔ drift is an exact owner/version set diff with a reason naming every class (0.6786ms)
gateway-web	Run node city/test-all.mjs	2026-10-08T08:08:28.5591656Z ✔ an absent lock is not drift, an empty write is refused, and enforcement is opt-in (36.9491ms)
gateway-web	Run node city/test-all.mjs	2026-10-08T08:08:28.5596379Z ✔ the fabric contract exposes the donors' vocabulary without inventing new terms (0.3527ms)
gateway-web	Run node city/test-all.mjs	2026-10-08T08:08:28.5818533Z ✔ the live bridgeState derivation is identical to the accepted V0.3 rule for every lifecycle mixture (23.7151ms)
gateway-web	Run node city/test-all.mjs	2026-10-08T08:08:28.5820725Z ✔ the live cityLifecycle derivation is identical to the accepted V0.3 rule for every backed capability (4.3361ms)
gateway-web	Run node city/test-all.mjs	2026-10-08T08:08:28.5822537Z ✔ the empty-moduleRefs case differs from the old rule and is unreachable from the live registry (0.3519ms)
gateway-web	Run node city/test-all.mjs	2026-10-08T08:08:28.8979909Z ✔ same prompt gives byte-stable offline intent; explicit styles change the design (10.9972ms)
gateway-web	Run node city/test-all.mjs	2026-10-08T08:08:28.8985915Z ✔ observation bounds and critical regions constrain placement; missing observation is truthful (5.6034ms)
gateway-web	Run node city/test-all.mjs	2026-10-08T08:08:28.9001360Z ✔ procedural pixels are deterministic and character alpha has real content bounds (114.0992ms)
gateway-web	Run node city/test-all.mjs	2026-10-08T08:08:28.9104051Z ✔ valid injected image is measured and accepted; bad image retries then falls back (159.9366ms)
gateway-web	Run node city/test-all.mjs	2026-10-08T08:08:40.7667907Z ✔ timeout retries and falls back; invalid fallback disables only its asset (141.0392ms)
gateway-web	Run node city/test-all.mjs	2026-10-08T08:08:40.7676692Z ✔ pixel-invalid image falls back and protected surface never calls an image generator (71.1838ms)
gateway-web	Run node city/test-all.mjs	2026-10-08T08:08:40.7681016Z ✔ pixel validator refuses opaque characters, flat images, dimension drift and budgets (58.7597ms)
gateway-web	Run node city/test-all.mjs	2026-10-08T08:08:40.7685804Z ✔ builder validates then atomically publishes a stable self-contained sandbox package (6672.7858ms)
gateway-web	Run node city/test-all.mjs	2026-10-08T08:08:40.7687884Z ✔ builder refuses escape, existing output, protected writes, excess overlay and partial failure (2220.6913ms)
gateway-web	Run node city/test-all.mjs	2026-10-08T08:08:40.7689656Z ✔ disabled planned assets leave no resurrected token or dangling persona reference (2570.2106ms)
gateway-web	Run node city/test-all.mjs	2026-10-08T08:08:40.7699560Z ✔ empty or malformed observations cannot claim an observed plan (2.9113ms)
gateway-web	Run node city/test-all.mjs	2026-10-08T08:08:40.7724887Z ✔ rejection after final image sizing still retries then tries procedural fallback (135.9378ms)
gateway-web	Run node city/test-all.mjs	2026-10-08T08:08:40.7907628Z ✔ pinned donor intent, token and slot decisions match four frozen oracle vectors (34.3932ms)
gateway-web	Run node city/test-all.mjs	2026-10-08T08:08:40.7910300Z ✔ pinned donor plan vocabulary, asset requests and protected write semantics are preserved (8.0554ms)
gateway-web	Run node city/test-all.mjs	2026-10-08T08:08:40.7912049Z ✔ three original procedural PNG digests, alpha/bounds and pixel verdicts match donor (369.632ms)
gateway-web	Run node city/test-all.mjs	2026-10-08T08:08:40.7913336Z ✔ colour parsing matches the donor grammar (5.1042ms)
gateway-web	Run node city/test-all.mjs	2026-10-08T08:08:40.7914407Z ✔ colour conversion and alpha compositing match the donor (1.1173ms)
gateway-web	Run node city/test-all.mjs	2026-10-08T08:08:40.7915628Z ✔ contrast, readability and shading match the donor thresholds (1.5534ms)
gateway-web	Run node city/test-all.mjs	2026-10-08T08:08:40.7916838Z ✔ the palette ramp is deterministic and stays inside the gamut (0.9352ms)
gateway-web	Run node city/test-all.mjs	2026-10-08T08:08:40.7920375Z ✔ PNG encoding round-trips through the independent decoder (4.9938ms)
gateway-web	Run node city/test-all.mjs	2026-10-08T08:08:40.7922357Z ✔ PNG encoding rejects impossible images instead of producing them (1.1394ms)
gateway-web	Run node city/test-all.mjs	2026-10-08T08:08:40.7924709Z ✔ the swatch builder is deterministic and honours alpha (1.604ms)
gateway-web	Run node city/test-all.mjs	2026-10-08T08:08:40.7927964Z ✔ the module is self-contained: built-ins only, no donor checkout dependency (16.6016ms)
gateway-web	Run node city/test-all.mjs	2026-10-08T08:08:40.7930958Z ✔ provenance stays honest: DONOR.json pins the donor and records the adaptation (5.4328ms)
gateway-web	Run node city/test-all.mjs	2026-10-08T08:08:40.7934577Z ✔ the contract keeps the safety semantics and drops the donor product nouns (3.1274ms)
gateway-web	Run node city/test-all.mjs	2026-10-08T08:08:40.7936978Z ✔ the write gate refuses a protected surface and never throws (5.0795ms)
gateway-web	Run node city/test-all.mjs	2026-10-08T08:08:40.7940711Z ✔ the validator accepts a conforming package and fails closed on every check (21.9026ms)
gateway-web	Run node city/test-all.mjs	2026-10-08T08:08:40.7943153Z ✔ readability and animation are measured, never assumed (1.1592ms)
gateway-web	Run node city/test-all.mjs	2026-10-08T08:08:40.7945191Z ✔ the procedural asset factory is deterministic and palette-sensitive (715.4313ms)
gateway-web	Run node city/test-all.mjs	2026-10-08T08:08:40.7946548Z ✔ the module is self-contained: built-ins only, no donor checkout dependency (17.7132ms)
gateway-web	Run node city/test-all.mjs	2026-10-08T08:08:40.7947854Z ✔ provenance stays honest: DONOR.json records all three waves of this module (1.8904ms)
gateway-web	Run node city/test-all.mjs	2026-10-08T08:08:40.7949359Z ✔ every shipped adapter exposes the interface discovery calls (1.9612ms)
gateway-web	Run node city/test-all.mjs	2026-10-08T08:08:40.7950868Z ✔ defaultAdapters keeps the donor specificity order exactly (1.1215ms)
gateway-web	Run node city/test-all.mjs	2026-10-08T08:08:40.7960138Z ✔ OPERATIONS and CONFIDENCE carry the donor values exactly, and match discovery (0.2622ms)
gateway-web	Run node city/test-all.mjs	2026-10-08T08:08:40.7965834Z ✔ every adapter abstains on an empty directory, and only the generic fallback claims it (1.6144ms)
gateway-web	Run node city/test-all.mjs	2026-10-08T08:08:40.7968947Z ✔ each adapter detects its own ecosystem with the donor score and evidence (3.2412ms)
gateway-web	Run node city/test-all.mjs	2026-10-08T08:08:40.7971001Z ✔ an unreadable directory is nothing to detect, not a crash (1.5582ms)
gateway-web	Run node city/test-all.mjs	2026-10-08T08:08:40.7972222Z ✔ every discovered command has the donor shape and a known operation name (35.3234ms)
gateway-web	Run node city/test-all.mjs	2026-10-08T08:08:40.7973249Z ✔ adapters.mjs can never execute anything (0.8225ms)
gateway-web	Run node city/test-all.mjs	2026-10-08T08:08:40.7974309Z ✔ answering detection and commands leaves the project directory untouched (3.7694ms)
gateway-web	Run node city/test-all.mjs	2026-10-08T08:08:40.7975655Z ✔ the package manager is chosen from the lockfile, in the donor precedence order (21.454ms)
gateway-web	Run node city/test-all.mjs	2026-10-08T08:08:40.7977127Z ✔ the test command prefers a declared script over a framework config over the convention (12.5987ms)
gateway-web	Run node city/test-all.mjs	2026-10-08T08:08:40.7978650Z ✔ a declared TypeScript configuration supplies a build command only when none is declared (7.7906ms)
gateway-web	Run node city/test-all.mjs	2026-10-08T08:08:40.7980004Z ✔ every declared Node script is carried over with its own evidence string (4.4689ms)
gateway-web	Run node city/test-all.mjs	2026-10-08T08:08:40.7981374Z ✔ the generic fallback claims nothing it cannot see and labels every guess inferred (7.2014ms)
gateway-web	Run node city/test-all.mjs	2026-10-08T08:08:40.7982688Z ✔ every non-Node command template is the donor string, label and evidence (19.9187ms)
gateway-web	Run node city/test-all.mjs	2026-10-08T08:08:40.7983971Z ✔ a repository with Cargo.toml and package.json is a Rust project, not Node (7.3182ms)
gateway-web	Run node city/test-all.mjs	2026-10-08T08:08:40.7985438Z ✔ the episode phase vocabulary, terminal set, work phases and parkable phases are the donor lists (0.4755ms)
gateway-web	Run node city/test-all.mjs	2026-10-08T08:08:40.7987000Z ✔ every legal transition is allowed and every other move is refused with the donor reason (2.3526ms)
gateway-web	Run node city/test-all.mjs	2026-10-08T08:08:40.7988643Z ✔ an unknown phase is refused by name, at construction and at the move (0.6566ms)
gateway-web	Run node city/test-all.mjs	2026-10-08T08:08:40.7989772Z ✔ a terminal episode can force a teardown but cannot walk on (0.2709ms)
gateway-web	Run node city/test-all.mjs	2026-10-08T08:08:40.7990907Z ✔ the machine reports its phase, its allowed moves and a bounded history (0.3303ms)
gateway-web	Run node city/test-all.mjs	2026-10-08T08:08:40.7992038Z ✔ the autonomy vocabulary and its budgets are the donor values (0.173ms)
gateway-web	Run node city/test-all.mjs	2026-10-08T08:08:40.7993186Z ✔ a boolean may arrive as a spelling, and anything unstated stays unstated (0.2753ms)
gateway-web	Run node city/test-all.mjs	2026-10-08T08:08:40.7994459Z ✔ autonomy resolves runtime default < contract override < explicit run option (0.5978ms)
gateway-web	Run node city/test-all.mjs	2026-10-08T08:08:40.7995755Z ✔ a disabled controller never continues, whatever the evidence says (0.4211ms)
gateway-web	Run node city/test-all.mjs	2026-10-08T08:08:40.7996889Z ✔ completion, cancellation and a block are terminal for autonomy (0.253ms)
gateway-web	Run node city/test-all.mjs	2026-10-08T08:08:40.7998717Z ✔ the continuation budget is consumed and exhausted with the donor numbers (0.5591ms)
gateway-web	Run node city/test-all.mjs	2026-10-08T08:08:40.7999939Z ✔ the step budget is consumed and exhausted with the donor numbers (0.1961ms)
gateway-web	Run node city/test-all.mjs	2026-10-08T08:08:40.8001341Z ✔ a round that changed nothing is not continued, and says exactly why (0.2039ms)
gateway-web	Run node city/test-all.mjs	2026-10-08T08:08:40.8002516Z ✔ progress is a mutation, a changed file or a passed verification level (0.38ms)
gateway-web	Run node city/test-all.mjs	2026-10-08T08:08:40.8004043Z ✔ the controller keeps a bounded decision trail and reports its own state (1.4559ms)
gateway-web	Run node city/test-all.mjs	2026-10-08T08:08:40.8005311Z ✔ the donor never consults FINAL_REASONS, and the port keeps that behaviour (0.1743ms)
gateway-web	Run node city/test-all.mjs	2026-10-08T08:08:40.8006743Z ✔ discovery finds commands for a real Node project through the lazily loaded adapter set (8.5107ms)
gateway-web	Run node city/test-all.mjs	2026-10-08T08:08:40.8008092Z ✔ the fix template builds all six steps from the discovered command table (7.5552ms)
gateway-web	Run node city/test-all.mjs	2026-10-08T08:08:40.8009494Z ✔ without an adapter set the same repository still produces the empty table the gap described (5.0851ms)
gateway-web	Run node city/test-all.mjs	2026-10-08T08:08:40.8011893Z ﹣ the adapter port agrees with the donor module for every adapter and fixture (0.0892ms) # donor checkout absent at D:\a\utopia\utopia\.runtime\evidence\mission-book\MB-004\donor-hns\app\engineering
gateway-web	Run node city/test-all.mjs	2026-10-08T08:08:40.8015207Z ﹣ the autonomy port agrees with the donor module decision by decision (0.1282ms) # donor checkout absent at D:\a\utopia\utopia\.runtime\evidence\mission-book\MB-004\donor-hns\app\engineering
gateway-web	Run node city/test-all.mjs	2026-10-08T08:08:40.8018158Z ﹣ the episode port agrees with the donor module transition by transition (0.0883ms) # donor checkout absent at D:\a\utopia\utopia\.runtime\evidence\mission-book\MB-004\donor-hns\app\engineering
gateway-web	Run node city/test-all.mjs	2026-10-08T08:08:40.8019865Z ▶ checkpoint-10 §33.1 failure classification
gateway-web	Run node city/test-all.mjs	2026-10-08T08:08:40.8020910Z   ✔ covers at least the twelve classes the plan names (1.1894ms)
gateway-web	Run node city/test-all.mjs	2026-10-08T08:08:40.8021845Z   ✔ classifies from the tool's own output, not from a guess (1.07ms)
gateway-web	Run node city/test-all.mjs	2026-10-08T08:08:40.8022675Z   ✔ reports the signals that decided the class (0.2014ms)
gateway-web	Run node city/test-all.mjs	2026-10-08T08:08:40.8023521Z   ✔ never reclassifies a refusal as something retryable (0.2664ms)
gateway-web	Run node city/test-all.mjs	2026-10-08T08:08:40.8024532Z   ✔ refuses a dependency class when the host verified the module is present (0.2632ms)
gateway-web	Run node city/test-all.mjs	2026-10-08T08:08:40.8025592Z   ✔ classifies a scope refusal as a workspace failure (0.2786ms)
gateway-web	Run node city/test-all.mjs	2026-10-08T08:08:40.8026556Z   ✔ classifies theme and visual failures from their own evidence (1.3174ms)
gateway-web	Run node city/test-all.mjs	2026-10-08T08:08:40.8027486Z   ✔ says UNKNOWN rather than guessing when nothing matched (0.4291ms)
gateway-web	Run node city/test-all.mjs	2026-10-08T08:08:40.8028450Z ✔ checkpoint-10 §33.1 failure classification (6.8306ms)
gateway-web	Run node city/test-all.mjs	2026-10-08T08:08:40.8029201Z ▶ checkpoint-10 §33.2 recovery order
gateway-web	Run node city/test-all.mjs	2026-10-08T08:08:40.8029920Z   ✔ is the plan's order, ending at the Hard Blocker (1.016ms)
gateway-web	Run node city/test-all.mjs	2026-10-08T08:08:40.8030819Z   ✔ lists every step with a reason, applicable or not (0.7601ms)
gateway-web	Run node city/test-all.mjs	2026-10-08T08:08:40.8031956Z   ✔ goes straight to the Hard Blocker for a prohibited action and forbids HNS (0.3797ms)
gateway-web	Run node city/test-all.mjs	2026-10-08T08:08:40.8033086Z   ✔ sends an auth failure to the Owner instead of retrying (0.251ms)
gateway-web	Run node city/test-all.mjs	2026-10-08T08:08:40.8033851Z   ✔ gives a theme failure its own §33.2 ladder (0.2921ms)
gateway-web	Run node city/test-all.mjs	2026-10-08T08:08:40.8034694Z   ✔ will not reach HNS while a cheaper applicable step has budget left (0.3968ms)
gateway-web	Run node city/test-all.mjs	2026-10-08T08:08:40.8035717Z   ✔ escalates to the Hard Blocker once every applicable step is exhausted (0.2582ms)
gateway-web	Run node city/test-all.mjs	2026-10-08T08:08:40.8036641Z   ✔ treats a prohibited failure as immediately hard-blocked (0.1898ms)
gateway-web	Run node city/test-all.mjs	2026-10-08T08:08:40.8037396Z ✔ checkpoint-10 §33.2 recovery order (4.2266ms)
gateway-web	Run node city/test-all.mjs	2026-10-08T08:08:40.8038095Z ▶ checkpoint-10 §33.3 HNS positioning and the mandatory gap
gateway-web	Run node city/test-all.mjs	2026-10-08T08:08:40.8038923Z   ✔ allows a first fallback but always produces a CapabilityGap (0.3128ms)
gateway-web	Run node city/test-all.mjs	2026-10-08T08:08:40.8039965Z   ✔ refuses a fallback with no named missing capability — and still records the gap (0.7763ms)
gateway-web	Run node city/test-all.mjs	2026-10-08T08:08:40.8041207Z   ✔ refuses to delegate a prohibited action to HNS (0.1351ms)
gateway-web	Run node city/test-all.mjs	2026-10-08T08:08:40.8042328Z   ✔ stops HNS becoming a permanent crutch after the consecutive ceiling (0.1976ms)
gateway-web	Run node city/test-all.mjs	2026-10-08T08:08:40.8043195Z   ✔ raises the gap's severity with its frequency (0.2376ms)
gateway-web	Run node city/test-all.mjs	2026-10-08T08:08:40.8044014Z   ✔ records only the four §33.3 roles, and never without a gap (0.3662ms)
gateway-web	Run node city/test-all.mjs	2026-10-08T08:08:40.8045069Z ✔ checkpoint-10 §33.3 HNS positioning and the mandatory gap (2.294ms)
gateway-web	Run node city/test-all.mjs	2026-10-08T08:08:40.8046080Z ✔ a checkpoint round-trips through disk with every saved field intact (8.7173ms)
gateway-web	Run node city/test-all.mjs	2026-10-08T08:08:40.8047694Z ✔ the checkpoint directory defaults under the root option instead of a hardcoded path (1.0683ms)
gateway-web	Run node city/test-all.mjs	2026-10-08T08:08:40.8049509Z ✔ recovery checkpoints preserve the full recovery descriptor and assign the first sequence (6.6524ms)
gateway-web	Run node city/test-all.mjs	2026-10-08T08:08:40.8051696Z ✔ checkpoint writes refuse a descriptor whose digest no longer matches its plan (1.4945ms)
gateway-web	Run node city/test-all.mjs	2026-10-08T08:08:40.8053382Z ✔ the latest recovery checkpoint follows checkpointSeq when the wall clock moves backward (6.8834ms)
gateway-web	Run node city/test-all.mjs	2026-10-08T08:08:40.8055540Z ✔ retention prunes old recovery sequences, never the newest sequence after a clock rollback (14.0679ms)
gateway-web	Run node city/test-all.mjs	2026-10-08T08:08:40.8057390Z ✔ a corrupt checkpoint is skipped and latest() still returns the newest good one (9.3973ms)
gateway-web	Run node city/test-all.mjs	2026-10-08T08:08:40.8058820Z ✔ a half-written temporary file is never read as a checkpoint (3.731ms)
gateway-web	Run node city/test-all.mjs	2026-10-08T08:08:40.8067189Z ✔ list() is newest first and prune() keeps at most maxFiles checkpoints per episode (19.4037ms)
gateway-web	Run node city/test-all.mjs	2026-10-08T08:08:40.8068590Z ✔ save() enforces maxFiles by itself and leaves no temporary files behind (15.3081ms)
gateway-web	Run node city/test-all.mjs	2026-10-08T08:08:40.8069750Z ✔ remove() discards one episode and leaves the others alone (7.8345ms)
gateway-web	Run node city/test-all.mjs	2026-10-08T08:08:40.8071220Z ✔ latest() returns null — never throws — for a missing directory, an unknown episode and corrupt-only files (3.6294ms)
gateway-web	Run node city/test-all.mjs	2026-10-08T08:08:40.8072726Z ✔ truncateOutput keeps the head, the tail and the region around the first error (5.3522ms)
gateway-web	Run node city/test-all.mjs	2026-10-08T08:08:40.8074191Z ✔ truncateOutput reports no region when nothing matches, and leaves a small output alone (0.3201ms)
gateway-web	Run node city/test-all.mjs	2026-10-08T08:08:40.8076006Z ✔ summarizeTestOutput extracts the failure summary, failed cases, traces, last lines and artifacts (3.1504ms)
gateway-web	Run node city/test-all.mjs	2026-10-08T08:08:40.8077427Z ✔ summarizeTestOutput bounds a huge suite and says it truncated (33.6432ms)
gateway-web	Run node city/test-all.mjs	2026-10-08T08:08:40.8078363Z ✔ verifyResume resumes an unchanged world (224.5709ms)
gateway-web	Run node city/test-all.mjs	2026-10-08T08:08:40.8079108Z ✔ verifyResume restarts when HEAD moved (107.5591ms)
gateway-web	Run node city/test-all.mjs	2026-10-08T08:08:40.8080046Z ✔ verifyResume restarts when a manifest drifted under the same HEAD (160.1826ms)
gateway-web	Run node city/test-all.mjs	2026-10-08T08:08:40.8081888Z ✔ verifyResume refuses when the workspace is gone or is a different workspace (221.6364ms)
gateway-web	Run node city/test-all.mjs	2026-10-08T08:08:40.8084529Z ✔ a pending mutation whose effect is already on disk resumes as already-complete (169.775ms)
gateway-web	Run node city/test-all.mjs	2026-10-08T08:08:40.8086160Z ✔ a pending mutation that conflicts with the file on disk forces a restart (152.0287ms)
gateway-web	Run node city/test-all.mjs	2026-10-08T08:08:40.8087517Z ✔ verifyResume will not resume over a pending mutation it cannot re-check (150.3972ms)
gateway-web	Run node city/test-all.mjs	2026-10-08T08:08:40.8088631Z ✔ missing owned processes are reported, and the checkpoint is still resumable (151.216ms)
gateway-web	Run node city/test-all.mjs	2026-10-08T08:08:40.8090342Z ✔ verifyResume only inspects: nothing on disk changes (207.7ms)
gateway-web	Run node city/test-all.mjs	2026-10-08T08:08:40.8091451Z ✔ verifyResume restarts when there is no checkpoint at all (49.6552ms)
gateway-web	Run node city/test-all.mjs	2026-10-08T08:08:40.8092798Z ✔ a live context holds only the six step fields and is replaced, not accumulated (3.875ms)
gateway-web	Run node city/test-all.mjs	2026-10-08T08:08:40.8094124Z ✔ snapshot().live is a copy: a caller cannot change what the context remembers (0.4282ms)
gateway-web	Run node city/test-all.mjs	2026-10-08T08:08:40.8095265Z ✔ clearLive removes the named keys and leaves the rest alone (0.5439ms)
gateway-web	Run node city/test-all.mjs	2026-10-08T08:08:40.8096578Z ✔ after 1000 observations the evidence ring is capped and the retained byte count stops growing (7.8551ms)
gateway-web	Run node city/test-all.mjs	2026-10-08T08:08:40.8098115Z ✔ every ring is bounded: verifications, decisions, process milestones and changed files (3.2602ms)
gateway-web	Run node city/test-all.mjs	2026-10-08T08:08:40.8099888Z ✔ a failed verification is a blocker, and the next passing run clears it (0.6879ms)
gateway-web	Run node city/test-all.mjs	2026-10-08T08:08:40.8102083Z ✔ a resolved decision completes the plan step it names, and a failed one becomes a blocker (0.5888ms)
gateway-web	Run node city/test-all.mjs	2026-10-08T08:08:40.8103373Z ✔ an owned process milestone plans a step and its completion closes the step (0.5239ms)
gateway-web	Run node city/test-all.mjs	2026-10-08T08:08:40.8105437Z ✔ the summary is generated from the bounded layers and is not truncated when it fits (0.9502ms)
gateway-web	Run node city/test-all.mjs	2026-10-08T08:08:40.8106652Z ✔ a summary reports truncated when the budget forces it to cut (2.0386ms)
gateway-web	Run node city/test-all.mjs	2026-10-08T08:08:40.8107997Z ✔ summarize accepts an inventory produced by the supervisor, not only this context (0.5148ms)
gateway-web	Run node city/test-all.mjs	2026-10-08T08:08:40.8109420Z ✔ snapshot reports its own limits and byte count, and two contexts share no state (0.3905ms)
gateway-web	Run node city/test-all.mjs	2026-10-08T08:08:40.8112768Z ✔ a very long observation is clipped before it is retained, so one entry cannot blow the budget (0.4586ms)
gateway-web	Run node city/test-all.mjs	2026-10-08T08:08:40.8128340Z ﹣ a Windows volume-GUID alias is accepted as the same non-reparse work root (1.5156ms) # cross-volume tests require a temp root on a volume separate from C:\Users\RUNNER~1\AppData\Local\Temp\cross-volume-work-root-TEvufW
gateway-web	Run node city/test-all.mjs	2026-10-08T08:08:40.8132139Z ﹣ a task-owned off-volume directory is registered with an ownership marker and removed only at terminal cleanup (0.2909ms) # cross-volume tests require a temp root on a volume separate from C:\Users\RUNNER~1\AppData\Local\Temp\cross-volume-work-root-TEvufW
gateway-web	Run node city/test-all.mjs	2026-10-08T08:08:40.8137721Z ﹣ a pre-existing directory sentinel cannot be registered or deleted (0.2673ms) # cross-volume tests require a temp root on a volume separate from C:\Users\RUNNER~1\AppData\Local\Temp\cross-volume-work-root-TEvufW
gateway-web	Run node city/test-all.mjs	2026-10-08T08:08:40.8141156Z ﹣ a mismatched ownership marker blocks cleanup and reports the exact residual (0.2357ms) # cross-volume tests require a temp root on a volume separate from C:\Users\RUNNER~1\AppData\Local\Temp\cross-volume-work-root-TEvufW
gateway-web	Run node city/test-all.mjs	2026-10-08T08:08:40.8145442Z ﹣ an unregistered foreign file inside an owned directory blocks recursive cleanup (0.3407ms) # cross-volume tests require a temp root on a volume separate from C:\Users\RUNNER~1\AppData\Local\Temp\cross-volume-work-root-TEvufW
gateway-web	Run node city/test-all.mjs	2026-10-08T08:08:40.8148951Z ﹣ a task-owned file is removed exactly without deleting its containing directory (0.2532ms) # cross-volume tests require a temp root on a volume separate from C:\Users\RUNNER~1\AppData\Local\Temp\cross-volume-work-root-TEvufW
gateway-web	Run node city/test-all.mjs	2026-10-08T08:08:40.8156428Z ﹣ a symlink/reparse entry inside a registered root blocks recursive deletion (0.2844ms) # cross-volume tests require a temp root on a volume separate from C:\Users\RUNNER~1\AppData\Local\Temp\cross-volume-work-root-TEvufW
gateway-web	Run node city/test-all.mjs	2026-10-08T08:08:40.8160141Z ﹣ a locked registered child preserves its parent marker and cleanup debt retries after the handle closes (0.4393ms) # cross-volume tests require a temp root on a volume separate from C:\Users\RUNNER~1\AppData\Local\Temp\cross-volume-work-root-TEvufW
gateway-web	Run node city/test-all.mjs	2026-10-08T08:08:40.8162471Z ✔ a fix goal shows the failing test failing before anything patches code (5.2297ms)
gateway-web	Run node city/test-all.mjs	2026-10-08T08:08:40.8163558Z ✔ a bug wording alone selects the repair template (1.0088ms)
gateway-web	Run node city/test-all.mjs	2026-10-08T08:08:40.8164448Z ✔ a build goal builds and then verifies (1.0722ms)
gateway-web	Run node city/test-all.mjs	2026-10-08T08:08:40.8165402Z ✔ a refactor goal runs the affected tests after the patch (0.4721ms)
gateway-web	Run node city/test-all.mjs	2026-10-08T08:08:40.8166443Z ✔ a dependency goal installs, builds, tests and verifies (1.3827ms)
gateway-web	Run node city/test-all.mjs	2026-10-08T08:08:40.8167506Z ✔ the plan skips an unavailable command and records why in reasons (0.3521ms)
gateway-web	Run node city/test-all.mjs	2026-10-08T08:08:40.8168758Z ✔ a template step whose command discovery did not provide is reported in reasons (0.6082ms)
gateway-web	Run node city/test-all.mjs	2026-10-08T08:08:40.8170125Z ✔ a bounded plan refuses to grow past contract.maxSteps and says what it dropped (1.0691ms)
gateway-web	Run node city/test-all.mjs	2026-10-08T08:08:40.8171258Z ✔ the default budget is the documented 40 steps (0.3593ms)
gateway-web	Run node city/test-all.mjs	2026-10-08T08:08:40.8172215Z ✔ no step may outlive the episode budget the contract declares (0.6558ms)
gateway-web	Run node city/test-all.mjs	2026-10-08T08:08:40.8173606Z ✔ every step carries a closed kind, an operation the supervisor knows and the evidence it records (0.5077ms)
gateway-web	Run node city/test-all.mjs	2026-10-08T08:08:40.8175581Z ✔ a test step expects a zero exit code and no failing tests (0.3037ms)
gateway-web	Run node city/test-all.mjs	2026-10-08T08:08:40.8176890Z ✔ the reproduce step expects the failure, because that is the evidence a repair needs (0.4693ms)
gateway-web	Run node city/test-all.mjs	2026-10-08T08:08:40.8179403Z ✔ an explicit contract plan wins over the inferred template (0.2555ms)
gateway-web	Run node city/test-all.mjs	2026-10-08T08:08:40.8180715Z ✔ an explicit step of an unknown kind is rejected and recorded, not silently kept (0.2962ms)
gateway-web	Run node city/test-all.mjs	2026-10-08T08:08:40.8181998Z ✔ an explicit step naming an operation the supervisor cannot run is refused (0.3657ms)
gateway-web	Run node city/test-all.mjs	2026-10-08T08:08:40.8188466Z ✔ a contract plan that omits reproduce is kept, and the missing regression evidence is recorded (0.2133ms)
gateway-web	Run node city/test-all.mjs	2026-10-08T08:08:40.8190100Z ✔ an explicit step is normalized: operation, command, args, cwd, expects, timeout and evidence (0.5218ms)
gateway-web	Run node city/test-all.mjs	2026-10-08T08:08:40.8191438Z ✔ an explicit step may write its arguments as one string (0.3119ms)
gateway-web	Run node city/test-all.mjs	2026-10-08T08:08:40.8192544Z ✔ an explicit command carries the discovered arguments of its kind (0.2874ms)
gateway-web	Run node city/test-all.mjs	2026-10-08T08:08:40.8193612Z ✔ a step that does not run a command carries a null operation (0.2817ms)
gateway-web	Run node city/test-all.mjs	2026-10-08T08:08:40.8194896Z ✔ the module-level nextStep and advance read and move the same cursor the plan methods do (0.4853ms)
gateway-web	Run node city/test-all.mjs	2026-10-08T08:08:40.8196588Z ✔ nextStep returns the cursor step and skips the steps already complete (0.2604ms)
gateway-web	Run node city/test-all.mjs	2026-10-08T08:08:40.8197997Z ✔ restorePlan restores the exact serialized steps and starts after the verified prefix (0.9895ms)
gateway-web	Run node city/test-all.mjs	2026-10-08T08:08:40.8199310Z ✔ the cursor refuses to advance a step that is not the current one (0.2347ms)
gateway-web	Run node city/test-all.mjs	2026-10-08T08:08:40.8200508Z ✔ advance records the outcome and refuses a step that was already settled (0.2751ms)
gateway-web	Run node city/test-all.mjs	2026-10-08T08:08:40.8201735Z ✔ the completed history is bounded at twice the step budget (0.3387ms)
gateway-web	Run node city/test-all.mjs	2026-10-08T08:08:40.8202949Z ✔ an optional step may be recorded as failed without moving the cursor backwards (0.4862ms)
gateway-web	Run node city/test-all.mjs	2026-10-08T08:08:40.8204652Z ✔ a plan built from a goal with no discoverable command keeps only the steps that run no command and says why (0.2356ms)
gateway-web	Run node city/test-all.mjs	2026-10-08T08:08:40.8207240Z ✔ expectsMet judges a step outcome against the expectation it declares (0.2073ms)
gateway-web	Run node city/test-all.mjs	2026-10-08T08:08:40.8208878Z ✔ an unusable expects object is reported rather than silently ignored (0.2774ms)
gateway-web	Run node city/test-all.mjs	2026-10-08T08:08:40.8210276Z ✔ the plan kind vocabulary is closed and frozen (0.154ms)
gateway-web	Run node city/test-all.mjs	2026-10-08T08:08:40.8211903Z ✔ an owner contains a stable process identity in addition to its PID (1.9626ms)
gateway-web	Run node city/test-all.mjs	2026-10-08T08:08:40.8213191Z ✔ a matching process-creation identity proves the owner is live (0.3515ms)
gateway-web	Run node city/test-all.mjs	2026-10-08T08:08:40.8215133Z ✔ a reused PID with a different process identity is stale, but an unknown probe stays unknown (0.3033ms)
gateway-web	Run node city/test-all.mjs	2026-10-08T08:08:40.8217680Z ✔ an unverified runtime-start fallback never becomes a false stale proof when an OS probe later succeeds (0.2429ms)
gateway-web	Run node city/test-all.mjs	2026-10-08T08:08:40.8219509Z ✔ a real command runs end to end through the real supervisor registry (160.9235ms)
gateway-web	Run node city/test-all.mjs	2026-10-08T08:08:40.8221632Z ✔ mutation intent is durably observed before the filesystem effect, then settled after it (8.9816ms)
gateway-web	Run node city/test-all.mjs	2026-10-08T08:08:40.8223440Z ✔ a failed pre-effect checkpoint blocks the write and leaves the target untouched (1.4831ms)
gateway-web	Run node city/test-all.mjs	2026-10-08T08:08:40.8225247Z ✔ a restored pending mutation is reconciled from disk without applying it again (4.6675ms)
gateway-web	Run node city/test-all.mjs	2026-10-08T08:08:40.8226422Z ✔ plan digests are canonical across object key order (2.4796ms)
gateway-web	Run node city/test-all.mjs	2026-10-08T08:08:40.8227663Z ✔ the supported recovery descriptor validates as a complete replay-safe envelope (1.3928ms)
gateway-web	Run node city/test-all.mjs	2026-10-08T08:08:40.8228901Z ✔ a plan edited after checkpointing fails the digest gate (0.4628ms)
gateway-web	Run node city/test-all.mjs	2026-10-08T08:08:40.8229927Z ✔ unsupported descriptor and plan versions fail closed (1.6923ms)
gateway-web	Run node city/test-all.mjs	2026-10-08T08:08:40.8231082Z ✔ a cursor cannot move beyond the contiguous verified or intentionally skipped prefix (0.446ms)
gateway-web	Run node city/test-all.mjs	2026-10-08T08:08:40.8233820Z ✔ an expired original deadline and an unknown lifecycle state are rejected (0.4098ms)
gateway-web	Run node city/test-all.mjs	2026-10-08T08:08:40.8236801Z ✔ cross-volume cleanup registrations are bound to episode, work volume, type and state (1.4102ms)
gateway-web	Run node city/test-all.mjs	2026-10-08T08:08:40.8238306Z ✔ autonomy authority: runtime default < contract override < explicit run option (2.7784ms)
gateway-web	Run node city/test-all.mjs	2026-10-08T08:08:40.8239667Z ✔ autonomy continues only with new evidence, and never past its own bounds (1.5573ms)
gateway-web	Run node city/test-all.mjs	2026-10-08T08:08:40.8241846Z ✔ scenario A: a failing unit test is reproduced, repaired and verified with fresh evidence (1075.302ms)
gateway-web	Run node city/test-all.mjs	2026-10-08T08:08:40.8243378Z ✔ a repair that does not work is not retried blind, and the episode fails with evidence (1102.7597ms)
gateway-web	Run node city/test-all.mjs	2026-10-08T08:08:40.8244926Z ✔ scenario J: a nearly expired episode does not start new work and reports what it has (1029.8484ms)
gateway-web	Run node city/test-all.mjs	2026-10-08T08:08:40.8246291Z ✔ the package entry point runs one episode and returns the report (1008.4678ms)
gateway-web	Run node city/test-all.mjs	2026-10-08T08:08:40.8247673Z ✔ a run resolves the level command, appends the focus and goes through the supervisor (4.2509ms)
gateway-web	Run node city/test-all.mjs	2026-10-08T08:08:40.8248941Z ✔ a focus is not appended to a command that does not accept one (0.454ms)
gateway-web	Run node city/test-all.mjs	2026-10-08T08:08:40.8250112Z ✔ a level with no discovered command reports the refusal instead of guessing one (0.4992ms)
gateway-web	Run node city/test-all.mjs	2026-10-08T08:08:40.8251528Z ✔ a non-zero exit is classified from the output and is not a success (3.4709ms)
gateway-web	Run node city/test-all.mjs	2026-10-08T08:08:40.8252600Z ✔ a timeout is a failure with the timeout class (0.7944ms)
gateway-web	Run node city/test-all.mjs	2026-10-08T08:08:40.8253594Z ✔ a killed process is not a success even when it exited zero (1.0643ms)
gateway-web	Run node city/test-all.mjs	2026-10-08T08:08:40.8254498Z ✔ a signalled exit is not a success (0.4391ms)
gateway-web	Run node city/test-all.mjs	2026-10-08T08:08:40.8255480Z ✔ every run carries a timeout and truncates the output it retains (0.4686ms)
gateway-web	Run node city/test-all.mjs	2026-10-08T08:08:40.8257022Z ✔ a refused start is reported as a failure rather than thrown (0.6032ms)
gateway-web	Run node city/test-all.mjs	2026-10-08T08:08:40.8258164Z ✔ runLevels stops at the first level that breaks and names it (1.3353ms)
gateway-web	Run node city/test-all.mjs	2026-10-08T08:08:40.8259231Z ✔ satisfied() is false when the full level never ran (0.6007ms)
gateway-web	Run node city/test-all.mjs	2026-10-08T08:08:40.8260471Z ✔ satisfied() is true only with fresh passing evidence at every required level (0.5645ms)
gateway-web	Run node city/test-all.mjs	2026-10-08T08:08:40.8262220Z ✔ satisfied() is false when the full level evidence predates a mutation (0.7806ms)
gateway-web	Run node city/test-all.mjs	2026-10-08T08:08:40.8263998Z ✔ satisfied() honours sinceAt and sinceMs against the clock (0.6888ms)
gateway-web	Run node city/test-all.mjs	2026-10-08T08:08:40.8266633Z ✔ invalidate marks the levels stale and makes the gate refuse (1.0318ms)
gateway-web	Run node city/test-all.mjs	2026-10-08T08:08:40.8268778Z ✔ noteMutation bounds freshness for a verifier that has no mutation log (0.3901ms)
gateway-web	Run node city/test-all.mjs	2026-10-08T08:08:40.8270051Z ✔ evidence() reports when each level last ran and whether it is fresh (0.3656ms)
gateway-web	Run node city/test-all.mjs	2026-10-08T08:08:40.8271163Z ✔ freshAt() with no level answers when anything was last verified (0.3574ms)
gateway-web	Run node city/test-all.mjs	2026-10-08T08:08:40.8272678Z ✔ parseTestSummary reads node --test TAP-ish output (0.2135ms)
gateway-web	Run node city/test-all.mjs	2026-10-08T08:08:40.8273657Z ✔ parseTestSummary reads Jest and Vitest output (0.4504ms)
gateway-web	Run node city/test-all.mjs	2026-10-08T08:08:40.8274997Z ✔ parseTestSummary reads pytest output (0.3301ms)
gateway-web	Run node city/test-all.mjs	2026-10-08T08:08:40.8275904Z ✔ parseTestSummary reads cargo test output (0.3447ms)
gateway-web	Run node city/test-all.mjs	2026-10-08T08:08:40.8277198Z ✔ parseTestSummary returns null for junk and never throws (0.192ms)
gateway-web	Run node city/test-all.mjs	2026-10-08T08:08:40.8278863Z ✔ a workspace is locked while an episode runs, and never stolen from a live owner (8.7347ms)
gateway-web	Run node city/test-all.mjs	2026-10-08T08:08:40.8280475Z ✔ the §33.1 vocabulary is the donor's closed set of thirteen classes (3.2507ms)
gateway-web	Run node city/test-all.mjs	2026-10-08T08:08:40.8281546Z ✔ every failure class is selected by its own exact input (2.6701ms)
gateway-web	Run node city/test-all.mjs	2026-10-08T08:08:40.8283050Z ✔ an unknown-class input selects no pattern and the signals stay empty (0.3567ms)
gateway-web	Run node city/test-all.mjs	2026-10-08T08:08:40.8284970Z ✔ a non-zero exit with a runtime code but no prose is still classified (0.2955ms)
gateway-web	Run node city/test-all.mjs	2026-10-08T08:08:40.8286283Z ✔ a policy refusal is decided before any prose, even a retryable-looking one (0.4045ms)
gateway-web	Run node city/test-all.mjs	2026-10-08T08:08:40.8287429Z ✔ a policy refusal is also decided before a runtime code (0.2708ms)
gateway-web	Run node city/test-all.mjs	2026-10-08T08:08:40.8289381Z ✔ AUTH is decided before RATE_LIMIT when the output carries both (0.1419ms)
gateway-web	Run node city/test-all.mjs	2026-10-08T08:08:40.8301510Z ✔ PROVIDER_PAGE is decided before the generic BUILD wording in a provider log (0.1957ms)
gateway-web	Run node city/test-all.mjs	2026-10-08T08:08:40.8303103Z ✔ DEPENDENCY is decided before BUILD, but only when the host agrees the module is absent (0.4133ms)
gateway-web	Run node city/test-all.mjs	2026-10-08T08:08:40.8304458Z ✔ DEPENDENCY reports the verified missing modules in its signals (0.4557ms)
gateway-web	Run node city/test-all.mjs	2026-10-08T08:08:40.8305659Z ✔ ENVIRONMENT is decided before BUILD and before the generic test wording (0.2064ms)
gateway-web	Run node city/test-all.mjs	2026-10-08T08:08:40.8306971Z ✔ WORKSPACE is decided from the host fact, and requires() is what gates it (0.2544ms)
gateway-web	Run node city/test-all.mjs	2026-10-08T08:08:40.8308178Z ✔ THEME needs a diagnostic or an unknown gate, not the wording alone (0.2747ms)
gateway-web	Run node city/test-all.mjs	2026-10-08T08:08:40.8309296Z ✔ UI needs the visual fact or one of the three interface gates (0.2155ms)
gateway-web	Run node city/test-all.mjs	2026-10-08T08:08:40.8310308Z ✔ BUILD is decided before TEST when the output carries both (0.1469ms)
gateway-web	Run node city/test-all.mjs	2026-10-08T08:08:40.8311388Z ✔ BUILD is decided before TRANSIENT when a failed build times out (0.1253ms)
gateway-web	Run node city/test-all.mjs	2026-10-08T08:08:40.8312914Z ✔ TEST is decided before TRANSIENT when a failing test also times out (0.1424ms)
gateway-web	Run node city/test-all.mjs	2026-10-08T08:08:40.8314377Z ✔ a gate with no recognisable signature is still evidence, and BENCHMARK is honestly UNKNOWN (0.3192ms)
gateway-web	Run node city/test-all.mjs	2026-10-08T08:08:40.8315748Z ✔ the §33.2 recovery order is the donor's and ends at the Hard Blocker (0.1489ms)
gateway-web	Run node city/test-all.mjs	2026-10-08T08:08:40.8316742Z ✔ the theme ladder is the donor's three steps (0.1152ms)
gateway-web	Run node city/test-all.mjs	2026-10-08T08:08:40.8317808Z ✔ a plan lists every step with a reason and always ends at the Hard Blocker (0.4502ms)
gateway-web	Run node city/test-all.mjs	2026-10-08T08:08:40.8319049Z ✔ every class plans the donor's budgets, and only those steps are applicable (0.5766ms)
gateway-web	Run node city/test-all.mjs	2026-10-08T08:08:40.8321096Z ✔ a representative failure of each class offers the donor's first step (0.3938ms)
gateway-web	Run node city/test-all.mjs	2026-10-08T08:08:40.8322298Z ✔ inapplicable steps are listed with the donor's own reason (0.2029ms)
gateway-web	Run node city/test-all.mjs	2026-10-08T08:08:40.8323456Z ✔ a prohibited action goes straight to the Hard Blocker and forbids HNS (0.1841ms)
gateway-web	Run node city/test-all.mjs	2026-10-08T08:08:40.8324646Z ✔ an auth failure is handed to the Owner and cannot use HNS (0.1613ms)
gateway-web	Run node city/test-all.mjs	2026-10-08T08:08:40.8325775Z ✔ a workspace failure escalates the granted scope to the Owner (0.1547ms)
gateway-web	Run node city/test-all.mjs	2026-10-08T08:08:40.8326943Z ✔ only THEME and WORKSPACE and AUTH and TERMINAL carry requires_owner (0.2541ms)
gateway-web	Run node city/test-all.mjs	2026-10-08T08:08:40.8328130Z ✔ a theme failure carries the §33.2 theme ladder and its diagnostic (0.2123ms)
gateway-web	Run node city/test-all.mjs	2026-10-08T08:08:40.8330435Z ✔ a fresh plan offers its first step with the donor's attempt reason (0.2554ms)
gateway-web	Run node city/test-all.mjs	2026-10-08T08:08:40.8336891Z ✔ a step is re-offered until its budget is used, and not beyond (0.3423ms)
gateway-web	Run node city/test-all.mjs	2026-10-08T08:08:40.8337991Z ✔ a NOT_APPLICABLE attempt does not consume the budget (0.208ms)
gateway-web	Run node city/test-all.mjs	2026-10-08T08:08:40.8339116Z ✔ HNS is never offered while a cheaper applicable step has budget left (0.1781ms)
gateway-web	Run node city/test-all.mjs	2026-10-08T08:08:40.8340370Z ✔ the BUILD ladder is consumed and then terminates at the Hard Blocker (0.3156ms)
gateway-web	Run node city/test-all.mjs	2026-10-08T08:08:40.8341808Z ✔ the DEPENDENCY ladder walks LOCAL_RECOVERY, ALTERNATE_INTERNAL_PATH, HNS, then blocks (0.2377ms)
gateway-web	Run node city/test-all.mjs	2026-10-08T08:08:40.8343209Z ✔ the RATE_LIMIT ladder is the donor's order with the donor's budgets (0.1721ms)
gateway-web	Run node city/test-all.mjs	2026-10-08T08:08:40.8344554Z ✔ a prohibited failure is immediately hard-blocked with the "no step applies" reason (0.137ms)
gateway-web	Run node city/test-all.mjs	2026-10-08T08:08:40.8346221Z ✔ a TRANSIENT ladder exhausts at the native retry and its local repair (0.1903ms)
gateway-web	Run node city/test-all.mjs	2026-10-08T08:08:40.8347461Z ✔ the same observation yields an identical classification and plan (0.2489ms)
gateway-web	Run node city/test-all.mjs	2026-10-08T08:08:40.8348638Z ✔ classifying does not mutate the observation it was given (0.1576ms)
gateway-web	Run node city/test-all.mjs	2026-10-08T08:08:40.8350438Z ✔ planRecovery refuses a malformed or unknown failure class (0.734ms)
gateway-web	Run node city/test-all.mjs	2026-10-08T08:08:40.8351979Z ✔ planRecovery does not mutate or upgrade the classification it was given (0.1895ms)
gateway-web	Run node city/test-all.mjs	2026-10-08T08:08:40.8353536Z ✔ the HNS role vocabulary is the donor's four roles (0.1085ms)
gateway-web	Run node city/test-all.mjs	2026-10-08T08:08:40.8354640Z ✔ a first fallback is allowed and always produces a CapabilityGap (0.3818ms)
gateway-web	Run node city/test-all.mjs	2026-10-08T08:08:40.8356840Z ✔ a fallback with no named missing capability is refused and still records the gap (1.0682ms)
gateway-web	Run node city/test-all.mjs	2026-10-08T08:08:40.8358081Z ✔ a prohibited action may not be delegated to HNS (0.1959ms)
gateway-web	Run node city/test-all.mjs	2026-10-08T08:08:40.8359256Z ✔ HNS stops being a crutch at the consecutive ceiling and the gap goes HIGH (0.3146ms)
gateway-web	Run node city/test-all.mjs	2026-10-08T08:08:40.8360571Z ✔ the gap severity rises with its frequency, and TERMINAL is always CRITICAL (0.7091ms)
gateway-web	Run node city/test-all.mjs	2026-10-08T08:08:40.8361913Z ✔ every usage is recorded with its gap, and a gapless or unknown role is refused (0.4942ms)
gateway-web	Run node city/test-all.mjs	2026-10-08T08:08:40.8363242Z ✔ the failure vocabulary and its action policy are closed and complete (3.8494ms)
gateway-web	Run node city/test-all.mjs	2026-10-08T08:08:40.8364783Z ✔ classification follows the donor order: timeout flag, then typed code, then patterns, then unknown (2.6714ms)
gateway-web	Run node city/test-all.mjs	2026-10-08T08:08:40.8366382Z ✔ the pattern table keeps the donor order, so an ambiguous message resolves the donor way (0.3335ms)
gateway-web	Run node city/test-all.mjs	2026-10-08T08:08:40.8367810Z ✔ the failure signature ignores what changes between two runs of the same failure (0.4411ms)
gateway-web	Run node city/test-all.mjs	2026-10-08T08:08:40.8369168Z ✔ the repair tracker refuses a blind retry and a repeated hypothesis (1.6422ms)
gateway-web	Run node city/test-all.mjs	2026-10-08T08:08:40.8371966Z ﹣ the failure module agrees with the donor module field by field (0.163ms) # donor checkout absent; fetch DS-Hns @ eeb57ca5 into .runtime/evidence/mission-book/MB-004/donor-hns to run the differential check
gateway-web	Run node city/test-all.mjs	2026-10-08T08:08:40.8378834Z ✔ the step vocabulary is closed and every kind is fully described (0.4225ms)
gateway-web	Run node city/test-all.mjs	2026-10-08T08:08:40.8380402Z ✔ templates keep the donor order, and a repair always shows the failure first (1.2109ms)
gateway-web	Run node city/test-all.mjs	2026-10-08T08:08:40.8382304Z ✔ a step outside the vocabulary is refused, and a command-bearing step with no command names what it needed (0.7797ms)
gateway-web	Run node city/test-all.mjs	2026-10-08T08:08:40.8384153Z ✔ an unusable expects falls back to the exit code and says so (0.8959ms)
gateway-web	Run node city/test-all.mjs	2026-10-08T08:08:40.8385543Z ✔ expects evaluation treats a reproduce step as the one whose success is a failure (0.7082ms)
gateway-web	Run node city/test-all.mjs	2026-10-08T08:08:40.8386663Z ✔ the cursor only moves forward, one step at a time (1.5056ms)
gateway-web	Run node city/test-all.mjs	2026-10-08T08:08:40.8387584Z ✔ the plan is bounded and every dropped step is explained (0.6474ms)
gateway-web	Run node city/test-all.mjs	2026-10-08T08:08:40.8388799Z ✔ a repair that could not build its reproduce step records the missing regression evidence (0.3792ms)
gateway-web	Run node city/test-all.mjs	2026-10-08T08:08:40.8390305Z ✔ an explicit contract plan always wins, and its missing reproduce step is recorded not corrected (0.4652ms)
gateway-web	Run node city/test-all.mjs	2026-10-08T08:08:40.8391615Z ✔ a step may not outlive the episode deadline it was clamped to (0.3104ms)
gateway-web	Run node city/test-all.mjs	2026-10-08T08:08:40.8392948Z ✔ an optional step may be skipped, and a non-optional one may not (0.5963ms)
gateway-web	Run node city/test-all.mjs	2026-10-08T08:08:40.8394078Z ✔ restorePlan refuses a cursor that skips a step without verified evidence (1.4226ms)
gateway-web	Run node city/test-all.mjs	2026-10-08T08:08:40.8395152Z ✔ command splitting respects quoting and argument inheritance (0.591ms)
gateway-web	Run node city/test-all.mjs	2026-10-08T08:08:40.8396362Z ✔ a focus is appended to the operation it belongs to, and only to the steps that take one (0.2515ms)
gateway-web	Run node city/test-all.mjs	2026-10-08T08:08:40.8406600Z ﹣ the discovery module agrees with the donor module field by field (0.0651ms) # donor checkout absent; fetch DS-Hns @ eeb57ca5 into .runtime/evidence/mission-book/MB-004/donor-hns to run the differential check
gateway-web	Run node city/test-all.mjs	2026-10-08T08:08:40.8409073Z ✔ the plan digest is a sha256 of the canonical plan and is stable under key order (4.431ms)
gateway-web	Run node city/test-all.mjs	2026-10-08T08:08:40.8410238Z ✔ the plan digest is sensitive to every part of the plan it covers (1.169ms)
gateway-web	Run node city/test-all.mjs	2026-10-08T08:08:40.8411476Z ✔ a valid recovery descriptor returns a deep copy with the lifecycle state defaulted (2.4173ms)
gateway-web	Run node city/test-all.mjs	2026-10-08T08:08:40.8413043Z ✔ every structural refusal of the recovery descriptor is a closed code (5.4168ms)
gateway-web	Run node city/test-all.mjs	2026-10-08T08:08:40.8414974Z ✔ the cursor must sit exactly after its contiguous verified or optional-skipped prefix (0.7704ms)
gateway-web	Run node city/test-all.mjs	2026-10-08T08:08:40.8416857Z ✔ the descriptor episode id must match the checkpoint that carries it, and the executor must match the run (0.5687ms)
gateway-web	Run node city/test-all.mjs	2026-10-08T08:08:40.8418381Z ✔ the cleanup terminal state is only legal on an active or cleanup-blocked episode (0.7796ms)
gateway-web	Run node city/test-all.mjs	2026-10-08T08:08:40.8420793Z ✔ cross-volume registrations are bound to the episode, work volume, type, state and unique canonical path (3.8134ms)
gateway-web	Run node city/test-all.mjs	2026-10-08T08:08:40.8422400Z ✔ a checkpoint is written whole or not at all, and a killed writer leaves nothing readable (9.8665ms)
gateway-web	Run node city/test-all.mjs	2026-10-08T08:08:40.8423821Z ✔ the default checkpoint directory hangs off the root option and keeps five files (2.9799ms)
gateway-web	Run node city/test-all.mjs	2026-10-08T08:08:40.8428646Z ✔ retention keeps the newest recovery sequences per episode and prune is idempotent (30.7999ms)
gateway-web	Run node city/test-all.mjs	2026-10-08T08:08:40.8430073Z ✔ the newest recovery sequence wins even after the wall clock moves backwards (27.9183ms)
gateway-web	Run node city/test-all.mjs	2026-10-08T08:08:40.8431428Z ✔ a checkpoint write refuses a descriptor that fails validation and stays off disk (1.165ms)
gateway-web	Run node city/test-all.mjs	2026-10-08T08:08:40.8432777Z ✔ a checkpoint round-trips through disk and remove() clears one episode only (34.2425ms)
gateway-web	Run node city/test-all.mjs	2026-10-08T08:08:40.8434165Z ✔ verifyResume is a read-only gate: it resumes, restarts or refuses and changes nothing (204.7391ms)
gateway-web	Run node city/test-all.mjs	2026-10-08T08:08:40.8435706Z ✔ verifyResume distinguishes a working tree that moved from a plan that no longer means anything (114.2791ms)
gateway-web	Run node city/test-all.mjs	2026-10-08T08:08:40.8439143Z ✔ verifyResume re-checks unsettled mutations against disk and never replays them (211.7627ms)
gateway-web	Run node city/test-all.mjs	2026-10-08T08:08:40.8440674Z ✔ verifyResume reports missing owned processes and never turns "cannot tell" into a restart (161.4777ms)
gateway-web	Run node city/test-all.mjs	2026-10-08T08:08:40.8442399Z ✔ the recovery index records a checkpoint, refuses regression and refuses a duplicate sequence (16.006ms)
gateway-web	Run node city/test-all.mjs	2026-10-08T08:08:40.8443871Z ✔ the recovery index refuses a missing, foreign, symlinked or incompatible checkpoint (9.6908ms)
gateway-web	Run node city/test-all.mjs	2026-10-08T08:08:40.8445225Z ✔ a path-safety refusal needs no live index, and a symlinked checkpoint is refused (3.5293ms)
gateway-web	Run node city/test-all.mjs	2026-10-08T08:08:40.8446694Z ✔ reconcileIndex rebuilds the index, blocks duplicates and keeps a valid descriptor diagnostic (16.2952ms)
gateway-web	Run node city/test-all.mjs	2026-10-08T08:08:40.8448271Z ✔ reconcileIndex blocks duplicate files claiming one sequence and preserves terminal states (17.0456ms)
gateway-web	Run node city/test-all.mjs	2026-10-08T08:08:40.8450064Z ✔ a terminal episode cannot be re-activated by a checkpoint write, and only a repair-authorized newer checkpoint clears a block (21.4359ms)
gateway-web	Run node city/test-all.mjs	2026-10-08T08:08:40.8451668Z ✔ automatic recovery attempts are bounded and exhausted attempts persist the block (12.506ms)
gateway-web	Run node city/test-all.mjs	2026-10-08T08:08:40.8453066Z ✔ a live owner blocks a second claim, and a stale owner is replaced only with identity proof (18.7189ms)
gateway-web	Run node city/test-all.mjs	2026-10-08T08:08:40.8454360Z ✔ a corrupt claim blocks automatic recovery instead of being overwritten (11.1765ms)
gateway-web	Run node city/test-all.mjs	2026-10-08T08:08:40.8455705Z ✔ a workspace lock excludes a second writer, reports staleness and never steals a live lock (9.1282ms)
gateway-web	Run node city/test-all.mjs	2026-10-08T08:08:40.8457103Z ✔ a dead owner is reported stale and reclaimed only when the caller passes stealStale (4.8027ms)
gateway-web	Run node city/test-all.mjs	2026-10-08T08:08:40.8458595Z ✔ a disabled lock and an unheld heartbeat are the only quiet paths (1.1593ms)
gateway-web	Run node city/test-all.mjs	2026-10-08T08:08:40.8460769Z ✔ mutation intent is durably observed before the effect and settled after it (2.6603ms)
gateway-web	Run node city/test-all.mjs	2026-10-08T08:08:40.8463044Z ✔ a failed pre-effect journal blocks the write and a post-effect journal failure is only a warning (2.3577ms)
gateway-web	Run node city/test-all.mjs	2026-10-08T08:08:40.8464984Z ✔ a content-hash mismatch is detected and a conflicting file is never overwritten on resume (2.6308ms)
gateway-web	Run node city/test-all.mjs	2026-10-08T08:08:40.8467794Z ✔ a restored pending mutation is reconciled from disk without being applied again, and a malformed journal is refused (4.0141ms)
gateway-web	Run node city/test-all.mjs	2026-10-08T08:08:40.8472419Z ✔ a mutation may not escape the workspace or touch a file the user had already changed (4.5829ms)
gateway-web	Run node city/test-all.mjs	2026-10-08T08:08:40.8474351Z ✔ move, mkdir, delete, ring bounding and the changed-file manifest behave as recorded (6.1527ms)
gateway-web	Run node city/test-all.mjs	2026-10-08T08:08:40.8475865Z ✔ the workspace is explicit and unverifiable paths are refused, never guessed (100.0047ms)
gateway-web	Run node city/test-all.mjs	2026-10-08T08:08:40.8477267Z ✔ a fingerprint detects drift under the same HEAD and names each reason once (12.9974ms)
gateway-web	Run node city/test-all.mjs	2026-10-08T08:08:40.8478863Z ✔ the snapshot reads the project surface, and git absence is a reported fact (70.3452ms)
gateway-web	Run node city/test-all.mjs	2026-10-08T08:08:40.8480219Z ✔ porcelain parsing keeps renamed targets, conflicts and both change sides (0.5574ms)
gateway-web	Run node city/test-all.mjs	2026-10-08T08:08:40.8481605Z ✔ the repository hashes the same content the same way and reads a bounded file (2.2871ms)
gateway-web	Run node city/test-all.mjs	2026-10-08T08:08:40.8482804Z ✔ an owner carries a process identity alongside its PID (918.1136ms)
gateway-web	Run node city/test-all.mjs	2026-10-08T08:08:40.8492238Z ✔ a matching creation identity proves the owner live, a different one is stale and an unknown probe stays unknown (0.5361ms)
gateway-web	Run node city/test-all.mjs	2026-10-08T08:08:40.8494123Z ✔ the OS creation-identity probe answers known=false on a non-Windows host and for an invalid PID (455.0854ms)
gateway-web	Run node city/test-all.mjs	2026-10-08T08:08:57.3883894Z ✔ the episode lifecycle: verify, discover, plan, patch, verify, COMPLETED (1063.8334ms)
gateway-web	Run node city/test-all.mjs	2026-10-08T08:08:57.3885959Z ✔ a repair that does not work is not retried blind, and the episode fails with evidence (1041.031ms)
gateway-web	Run node city/test-all.mjs	2026-10-08T08:08:57.3888031Z ✔ a caller may cancel the episode at a step boundary, and it reports CANCELLED (970.9813ms)
gateway-web	Run node city/test-all.mjs	2026-10-08T08:08:57.3890610Z ✔ a transient failure is not retried blind: the attempt is recorded first, so the loop blocks (976.3763ms)
gateway-web	Run node city/test-all.mjs	2026-10-08T08:08:57.3893961Z ✔ a filesystem failure blocks rather than looping (981.2386ms)
gateway-web	Run node city/test-all.mjs	2026-10-08T08:08:57.3898610Z ✔ a resource ceiling (degrade) blocks rather than looping, as a reconnect does (2066.8379ms)
gateway-web	Run node city/test-all.mjs	2026-10-08T08:08:57.3904264Z ✔ the documented repair tracker is what makes the retry arm unreachable (donor defect) (1.0764ms)
gateway-web	Run node city/test-all.mjs	2026-10-08T08:08:57.3909133Z ✔ a repair already ruled blind stalls instead of repeating the same patch (1073.3154ms)
gateway-web	Run node city/test-all.mjs	2026-10-08T08:08:57.3912107Z ✔ the repair budget is spent -> a stall, not another round (1086.8865ms)
gateway-web	Run node city/test-all.mjs	2026-10-08T08:08:57.3916007Z ✔ the deadline bands gate new work: a nearly expired episode verifies and reports (1017.0166ms)
gateway-web	Run node city/test-all.mjs	2026-10-08T08:08:57.3918820Z ✔ the episode budget defaults match the donor exactly (0.3978ms)
gateway-web	Run node city/test-all.mjs	2026-10-08T08:08:57.3921903Z ✔ the module surface the rest of the runtime imports is exactly the donor's (1.3414ms)
gateway-web	Run node city/test-all.mjs	2026-10-08T08:08:57.3924457Z ✔ the donor constants the port must not drift from (0.8128ms)
gateway-web	Run node city/test-all.mjs	2026-10-08T08:08:57.3929028Z ✔ a repair is proven before it is patched: reproduce precedes patch end to end (1178.9199ms)
gateway-web	Run node city/test-all.mjs	2026-10-08T08:08:57.3930940Z ✔ a killed process is never a success, even when it exited zero (1003.8772ms)
gateway-web	Run node city/test-all.mjs	2026-10-08T08:08:57.3935377Z ✔ a timed-out process is a failure with the timeout class, never a success (1015.815ms)
gateway-web	Run node city/test-all.mjs	2026-10-08T08:08:57.3968682Z ✔ the completion gate refuses: the required tests, the unresolved failure, the build, the lint (3954.3171ms)
gateway-web	Run node city/test-all.mjs	2026-10-08T08:08:57.3970543Z ✔ the completion gate refuses a workspace that is no longer the one it was given (419.8248ms)
gateway-web	Run node city/test-all.mjs	2026-10-08T08:08:57.4030815Z ✔ the lock is not stolen from a live owner (674.707ms)
gateway-web	Run node city/test-all.mjs	2026-10-08T08:08:57.4032390Z ✔ the user's uncommitted work is never overwritten (1802.6422ms)
gateway-web	Run node city/test-all.mjs	2026-10-08T08:08:57.4034079Z ✔ a workspace that does not exist is BLOCKED, and is not conjured into being by the lock (2.1412ms)
gateway-web	Run node city/test-all.mjs	2026-10-08T08:08:57.4034876Z ✔ the episode checkpoints its plan, its cursor and its phase as it walks (1548.2981ms)
gateway-web	Run node city/test-all.mjs	2026-10-08T08:08:57.4035899Z ✔ the public entry point is the same loop, and builds the same supervisor (633.0496ms)
gateway-web	Run node city/test-all.mjs	2026-10-08T08:08:57.4246478Z ✔ the ladder is frozen, ordered weakest first, and every level is recognised (4.1377ms)
gateway-web	Run node city/test-all.mjs	2026-10-08T08:08:57.4248396Z ✔ commandFor answers which command a level would run without running it (0.8507ms)
gateway-web	Run node city/test-all.mjs	2026-10-08T08:08:57.4249959Z ✔ a level with no focused command falls back to the broader test command (1.2005ms)
gateway-web	Run node city/test-all.mjs	2026-10-08T08:08:57.4251506Z ✔ a run resolves the level command, appends the focus and goes through the supervisor (0.8755ms)
gateway-web	Run node city/test-all.mjs	2026-10-08T08:08:57.4253311Z ✔ a focus is not appended to a command that does not accept one (0.3878ms)
gateway-web	Run node city/test-all.mjs	2026-10-08T08:08:57.4254763Z ✔ a focusedTest command accepts a focus even when it does not declare one (0.3174ms)
gateway-web	Run node city/test-all.mjs	2026-10-08T08:08:57.4256544Z ✔ a declared command keeps its own arguments and its own cwd (0.9796ms)
gateway-web	Run node city/test-all.mjs	2026-10-08T08:08:57.4257736Z ✔ a level with no discovered command reports the refusal instead of guessing one (0.5549ms)
gateway-web	Run node city/test-all.mjs	2026-10-08T08:08:57.4259133Z ✔ an unknown level and an empty command are refusals that are still recorded (0.6941ms)
gateway-web	Run node city/test-all.mjs	2026-10-08T08:08:57.4260390Z ✔ a non-zero exit is classified from the output and is not a success (2.3336ms)
gateway-web	Run node city/test-all.mjs	2026-10-08T08:08:57.4261360Z ✔ a timeout is a failure with the timeout class (0.657ms)
gateway-web	Run node city/test-all.mjs	2026-10-08T08:08:57.4262289Z ✔ a killed process is not a success even when it exited zero (0.6929ms)
gateway-web	Run node city/test-all.mjs	2026-10-08T08:08:57.4263115Z ✔ a signalled exit is not a success (0.4317ms)
gateway-web	Run node city/test-all.mjs	2026-10-08T08:08:57.4264257Z ✔ a successful run is never left without a reason slot: ok runs carry reason null and failure null (0.2624ms)
gateway-web	Run node city/test-all.mjs	2026-10-08T08:08:57.4265409Z ✔ every run carries a timeout and truncates the output it retains (0.477ms)
gateway-web	Run node city/test-all.mjs	2026-10-08T08:08:57.4266470Z ✔ a refused start is reported as a failure rather than thrown (0.3824ms)
gateway-web	Run node city/test-all.mjs	2026-10-08T08:08:57.4267726Z ✔ a supervisor that starts nothing, or cannot be awaited, is a failure and not a crash (0.4641ms)
gateway-web	Run node city/test-all.mjs	2026-10-08T08:08:57.4269023Z ✔ the waiter wins over the start record for exit code, signal and duration (0.2619ms)
gateway-web	Run node city/test-all.mjs	2026-10-08T08:08:57.4270404Z ✔ an entry record is used when the waiter is silent, including stdout+stderr concatenation (0.3556ms)
gateway-web	Run node city/test-all.mjs	2026-10-08T08:08:57.4271649Z ✔ runLevels stops at the first level that breaks and names it (0.647ms)
gateway-web	Run node city/test-all.mjs	2026-10-08T08:08:57.4273240Z ✔ runLevels with no argument climbs the levels this verifier requires (0.4683ms)
gateway-web	Run node city/test-all.mjs	2026-10-08T08:08:57.4274340Z ✔ satisfied() is false when the full level never ran (0.4917ms)
gateway-web	Run node city/test-all.mjs	2026-10-08T08:08:57.4275515Z ✔ satisfied() is true only with fresh passing evidence at every required level (0.351ms)
gateway-web	Run node city/test-all.mjs	2026-10-08T08:08:57.4276601Z ✔ satisfied() refuses a level that ran and did not pass (0.2638ms)
gateway-web	Run node city/test-all.mjs	2026-10-08T08:08:57.4279638Z ✔ satisfied() is false when the full level evidence predates a mutation (0.5097ms)
gateway-web	Run node city/test-all.mjs	2026-10-08T08:08:57.4280844Z ✔ satisfied() honours sinceAt and sinceMs against the clock (0.4496ms)
gateway-web	Run node city/test-all.mjs	2026-10-08T08:08:57.4283195Z ✔ satisfied() with an explicit level set answers only for those levels (0.2301ms)
gateway-web	Run node city/test-all.mjs	2026-10-08T08:08:57.4284344Z ✔ invalidate marks the levels stale and makes the gate refuse (1.0288ms)
gateway-web	Run node city/test-all.mjs	2026-10-08T08:08:57.4285445Z ✔ invalidate drops only the evidence at or before its own timestamp (0.3167ms)
gateway-web	Run node city/test-all.mjs	2026-10-08T08:08:57.4287575Z ✔ noteMutation bounds freshness for a verifier that has no mutation log (0.3444ms)
gateway-web	Run node city/test-all.mjs	2026-10-08T08:08:57.4288760Z ✔ noteMutation keeps the newest time and counts every note (0.1979ms)
gateway-web	Run node city/test-all.mjs	2026-10-08T08:08:57.4289912Z ✔ evidence() reports when each level last ran and whether it is fresh (0.2758ms)
gateway-web	Run node city/test-all.mjs	2026-10-08T08:08:57.4291186Z ✔ freshAt() with no level answers when anything was last verified (0.414ms)
gateway-web	Run node city/test-all.mjs	2026-10-08T08:08:57.4292520Z ✔ freshAt(level) refuses a level that never ran, failed, or aged out (0.2058ms)
gateway-web	Run node city/test-all.mjs	2026-10-08T08:08:57.4294211Z ✔ setDiscovery points the verifier at a new command table without rebuilding it (0.1966ms)
gateway-web	Run node city/test-all.mjs	2026-10-08T08:08:57.4295557Z ✔ the audit trail is bounded and every recorded run has the same shape (0.4011ms)
gateway-web	Run node city/test-all.mjs	2026-10-08T08:08:57.4306554Z ✔ createVerifier refuses to exist without a supervisor or a workspace (0.7226ms)
gateway-web	Run node city/test-all.mjs	2026-10-08T08:08:57.4308254Z ✔ the workspace and required levels are exposed without letting a caller mutate them (0.1898ms)
gateway-web	Run node city/test-all.mjs	2026-10-08T08:08:57.4312318Z ✔ the default truncation seam resolves the sibling checkpoint module and bounds real output (6.2319ms)
gateway-web	Run node city/test-all.mjs	2026-10-08T08:08:57.4319096Z ✔ parseTestSummary reads node --test TAP-ish output (0.1441ms)
gateway-web	Run node city/test-all.mjs	2026-10-08T08:08:57.4337281Z ✔ parseTestSummary reads Jest and Vitest output (0.4029ms)
gateway-web	Run node city/test-all.mjs	2026-10-08T08:08:57.4338325Z ✔ parseTestSummary reads pytest output (0.2725ms)
gateway-web	Run node city/test-all.mjs	2026-10-08T08:08:57.4339150Z ✔ parseTestSummary reads cargo test output (0.2766ms)
gateway-web	Run node city/test-all.mjs	2026-10-08T08:08:57.4340124Z ✔ parseTestSummary returns null for junk and never throws (0.152ms)
gateway-web	Run node city/test-all.mjs	2026-10-08T08:08:57.4342047Z ✔ a summary field that is absent stays null and is never guessed at zero (0.3714ms)
gateway-web	Run node city/test-all.mjs	2026-10-08T08:08:57.4343410Z ✔ pytest reports at least one failure when the run failed without naming a count (0.1415ms)
gateway-web	Run node city/test-all.mjs	2026-10-08T08:08:57.4344959Z ✔ cargo reports at least one failure when the summary says FAILED but the count is elsewhere (0.1211ms)
gateway-web	Run node city/test-all.mjs	2026-10-08T08:08:57.4346318Z ✔ a Jest line that names no recognised clause is not a summary at all (0.1097ms)
gateway-web	Run node city/test-all.mjs	2026-10-08T08:08:57.4347649Z ✔ the summary parsers can be called on their own and each refuses foreign output (0.2126ms)
gateway-web	Run node city/test-all.mjs	2026-10-08T08:08:57.4348757Z ✔ splitCommand keeps a quoted argument together (0.1744ms)
gateway-web	Run node city/test-all.mjs	2026-10-08T08:08:57.4349932Z ✔ the refusal vocabulary is frozen and carries the donor's exact nine reasons (0.1872ms)
gateway-web	Run node city/test-all.mjs	2026-10-08T08:08:57.4351217Z ✔ an episode that meets every gate is COMPLETED with no reasons (0.7513ms)
gateway-web	Run node city/test-all.mjs	2026-10-08T08:08:57.4352324Z ✔ gate 1 — unsatisfied criteria refuse with the criteria reason (0.228ms)
gateway-web	Run node city/test-all.mjs	2026-10-08T08:08:57.4353593Z ✔ gate 1 — an unknown criterion is not a satisfied one, even when satisfied is true (0.2116ms)
gateway-web	Run node city/test-all.mjs	2026-10-08T08:08:57.4354895Z ✔ gate 1 — a missing criteria evaluation is a refusal, not an assumption (0.1604ms)
gateway-web	Run node city/test-all.mjs	2026-10-08T08:08:57.4356137Z ✔ gate 2 — a required level that never ran refuses with its name (0.1924ms)
gateway-web	Run node city/test-all.mjs	2026-10-08T08:08:57.4357279Z ✔ gate 2 — a required level that ran and failed refuses with its name (0.2021ms)
gateway-web	Run node city/test-all.mjs	2026-10-08T08:08:57.4358585Z ✔ gate 2 — a contract that declares its own levels is believed over the default (0.2771ms)
gateway-web	Run node city/test-all.mjs	2026-10-08T08:08:57.4360112Z ✔ gate 2 — the donor's "no test level" escape hatch is unreachable, and that is preserved (0.4228ms)
gateway-web	Run node city/test-all.mjs	2026-10-08T08:08:57.4362368Z ✔ gate 2 — requiredTestLevels mirrors the contract declaration (0.1635ms)
gateway-web	Run node city/test-all.mjs	2026-10-08T08:08:57.4363785Z ✔ gate 3 — evidence older than the last change is not fresh (0.1514ms)
gateway-web	Run node city/test-all.mjs	2026-10-08T08:08:57.4365581Z ✔ gate 3 — evidence at or after the last change is fresh, and a level without a timestamp is not judged (0.1738ms)
gateway-web	Run node city/test-all.mjs	2026-10-08T08:08:57.4367903Z ✔ gate 3 — a freshness window expires evidence against the clock (0.2228ms)
gateway-web	Run node city/test-all.mjs	2026-10-08T08:08:57.4369854Z ✔ gate 3 — the window is not consulted at all when there is no last-change timestamp (0.1649ms)
gateway-web	Run node city/test-all.mjs	2026-10-08T08:08:57.4373085Z ✔ gate 4 — a required build that did not run or pass refuses, and both spellings of the flag work (0.2755ms)
gateway-web	Run node city/test-all.mjs	2026-10-08T08:08:57.4376196Z ✔ gate 5 — a required lint that did not run or pass refuses, and both spellings of the flag work (0.2188ms)
gateway-web	Run node city/test-all.mjs	2026-10-08T08:08:57.4378941Z ✔ gate 6 — an unresolved critical failure refuses and only the first ten are carried (0.4195ms)
gateway-web	Run node city/test-all.mjs	2026-10-08T08:08:57.4381252Z ✔ gate 6 — the gate judges the list it is handed, and the caller does the filtering (0.4013ms)
gateway-web	Run node city/test-all.mjs	2026-10-08T08:08:57.4383733Z ✔ unresolvedFailures keeps exactly the donor's critical classes (0.364ms)
gateway-web	Run node city/test-all.mjs	2026-10-08T08:08:57.4385642Z ✔ gate 7 — a workspace that is no longer valid refuses with its own reason (0.2519ms)
gateway-web	Run node city/test-all.mjs	2026-10-08T08:08:57.4386923Z ✔ gate 7 — a workspace check is only made when one is supplied, and ok:true passes (0.2247ms)
gateway-web	Run node city/test-all.mjs	2026-10-08T08:08:57.4388150Z ✔ gate 8 — a leak count above zero refuses and names the offenders (0.4321ms)
gateway-web	Run node city/test-all.mjs	2026-10-08T08:08:57.4392312Z ✔ gate 9 — an episode that verified nothing is not a completed episode (0.2259ms)
gateway-web	Run node city/test-all.mjs	2026-10-08T08:08:57.4393448Z ✔ gate 9 — a command history alone is enough to have run something (0.1696ms)
gateway-web	Run node city/test-all.mjs	2026-10-08T08:08:57.4394503Z ✔ every refusal is reported at once, in the donor's gate order (0.2856ms)
gateway-web	Run node city/test-all.mjs	2026-10-08T08:08:57.4395568Z ✔ the durable verdict is deterministic for the same input and clock (0.2826ms)
gateway-web	Run node city/test-all.mjs	2026-10-08T08:08:57.4396813Z ✔ the durable verdict has a stable shape whether it completes or refuses (0.2732ms)
gateway-web	Run node city/test-all.mjs	2026-10-08T08:08:57.4397957Z ✔ collectLeaks asks each component and reports counts, not verdicts (0.5789ms)
gateway-web	Run node city/test-all.mjs	2026-10-08T08:08:57.4399336Z ✔ workspaceStillValid asks the filesystem, and a missing root is a refusal with the real error (1.6215ms)
gateway-web	Run node city/test-all.mjs	2026-10-08T08:08:57.4401042Z ✔ the forbidden list and the default policy are frozen with the donor's contents (0.1557ms)
gateway-web	Run node city/test-all.mjs	2026-10-08T08:08:57.4402250Z ✔ every destructive command is refused before it reaches the shell (308.8369ms)
gateway-web	Run node city/test-all.mjs	2026-10-08T08:08:57.4403376Z ✔ an allowed verb is executed and answers with the real exit code (391.1623ms)
gateway-web	Run node city/test-all.mjs	2026-10-08T08:08:57.4404492Z ✔ status separates untracked, staged, modified and conflicted files (1477.526ms)
gateway-web	Run node city/test-all.mjs	2026-10-08T08:08:57.4405754Z ✔ status reports the failure instead of pretending the tree is clean (45.9357ms)
gateway-web	Run node city/test-all.mjs	2026-10-08T08:08:57.4407290Z ✔ head reports the branch, the sha and whether HEAD is detached (858.6713ms)
gateway-web	Run node city/test-all.mjs	2026-10-08T08:08:57.4408360Z ✔ diff is bounded and the staged diff is the cached one (742.1104ms)
gateway-web	Run node city/test-all.mjs	2026-10-08T08:08:57.4409760Z ✔ stage takes explicit paths only, and refuses an empty list (393.046ms)
gateway-web	Run node city/test-all.mjs	2026-10-08T08:08:57.4413647Z ✔ commit refuses by default, refuses without a message, and works only when the contract allows it (979.8201ms)
gateway-web	Run node city/test-all.mjs	2026-10-08T08:08:57.4415460Z ✔ a commit with nothing staged fails on git's own refusal, not on a rewritten one (673.7921ms)
gateway-web	Run node city/test-all.mjs	2026-10-08T08:08:57.4416745Z ✔ push and merge are refused unless the contract says otherwise (348.3272ms)
gateway-web	Run node city/test-all.mjs	2026-10-08T08:08:57.4417864Z ✔ drift names exactly what moved since the baseline (1598.605ms)
gateway-web	Run node city/test-all.mjs	2026-10-08T08:08:57.4418907Z ✔ the command history is bounded to the last two hundred entries (11684.5073ms)
gateway-web	Run node city/test-all.mjs	2026-10-08T08:08:57.4419856Z ✔ the exported vocabularies are the donor's (0.2103ms)
gateway-web	Run node city/test-all.mjs	2026-10-08T08:08:57.4420791Z ✔ an incomplete registry identity is refused at construction (4.7338ms)
gateway-web	Run node city/test-all.mjs	2026-10-08T08:08:57.4422045Z ✔ a registry that failed to initialize refuses every operation with the same error (1.4093ms)
gateway-web	Run node city/test-all.mjs	2026-10-08T08:08:57.4423624Z ✔ a scratch path on the work volume is not cross-volume material, and the path is judged before the purpose (1.656ms)
gateway-web	Run node city/test-all.mjs	2026-10-08T08:08:57.4424879Z ✔ cleanup is a no-op until the episode is terminal (1.5529ms)
gateway-web	Run node city/test-all.mjs	2026-10-08T08:08:57.4425918Z ✔ a cleaned registry with nothing registered proves an empty cleanup (1.3924ms)
gateway-web	Run node city/test-all.mjs	2026-10-08T08:08:57.4427092Z ✔ retrying cleanup debt is the terminal cleanup under its own reason (1.2841ms)
gateway-web	Run node city/test-all.mjs	2026-10-08T08:08:57.4428380Z ✔ a restored registration is validated against the episode, the work root and its own type (28.9159ms)
gateway-web	Run node city/test-all.mjs	2026-10-08T08:08:57.4430409Z ✔ the registry deep-copies what it hands out, so a caller cannot edit its own ledger (1.1217ms)
gateway-web	Run node city/test-all.mjs	2026-10-08T08:08:57.4432513Z ✔ §41 CR-01 a compiler failure parses into a step, a diagnostic and an exit code (1.5725ms)
gateway-web	Run node city/test-all.mjs	2026-10-08T08:08:57.4434017Z ✔ §41 CR-02 a test failure parses into the failing test name and keeps the assertion (0.3044ms)
gateway-web	Run node city/test-all.mjs	2026-10-08T08:08:57.4435171Z ✔ the exit-code wrapper is never mistaken for an assertion (0.3529ms)
gateway-web	Run node city/test-all.mjs	2026-10-08T08:08:57.4436594Z ✔ a second assertion for the same test becomes an annotation, not an overwrite (0.2797ms)
gateway-web	Run node city/test-all.mjs	2026-10-08T08:08:57.4437779Z ✔ an assertion with no pending test is an annotation (0.2592ms)
gateway-web	Run node city/test-all.mjs	2026-10-08T08:08:57.4438728Z ✔ the alternate diagnostic form is read too (0.2156ms)
gateway-web	Run node city/test-all.mjs	2026-10-08T08:08:57.4439659Z ✔ commands are de-duplicated and ANSI colour is stripped (0.2901ms)
gateway-web	Run node city/test-all.mjs	2026-10-08T08:08:57.4440982Z ✔ the annotation list is capped at twenty exit-code lines (0.2573ms)
gateway-web	Run node city/test-all.mjs	2026-10-08T08:08:57.4443954Z ✔ the twenty-line cap does not apply to assertion lines, and the donor does not pretend it does (0.2629ms)
gateway-web	Run node city/test-all.mjs	2026-10-08T08:08:57.4445767Z ✔ a log with nothing recognisable parses honestly empty and invents no cause (0.3436ms)
gateway-web	Run node city/test-all.mjs	2026-10-08T08:08:57.4446801Z ✔ log_bytes counts UTF-8 bytes, not characters (0.6846ms)
gateway-web	Run node city/test-all.mjs	2026-10-08T08:08:57.4447860Z ✔ the signature identifies the failure and moves when the failure moves (0.4391ms)
gateway-web	Run node city/test-all.mjs	2026-10-08T08:08:57.4449026Z ✔ the signature is a sha256 of the donor's exact identity payload (0.2733ms)
gateway-web	Run node city/test-all.mjs	2026-10-08T08:08:57.4450420Z ✔ CI could not start is reported as infrastructure, not as a code failure (0.2802ms)
gateway-web	Run node city/test-all.mjs	2026-10-08T08:08:57.4451479Z ✔ a recognisable failure is never called infrastructure (0.2942ms)
gateway-web	Run node city/test-all.mjs	2026-10-08T08:08:57.4452805Z ✔ §41 CR-03 a compiler failure is BUILD and its local gate is the typecheck (4.779ms)
gateway-web	Run node city/test-all.mjs	2026-10-08T08:08:57.4454475Z ✔ §41 CR-03 a test failure is TEST with the unit gate (1.1472ms)
gateway-web	Run node city/test-all.mjs	2026-10-08T08:08:57.4455831Z ✔ the local gate table is the donor's, and an unmappable class has no gate at all (0.2979ms)
gateway-web	Run node city/test-all.mjs	2026-10-08T08:08:57.4457044Z ✔ §41 CR-05 a prohibited CI failure goes straight to the Hard Blocker (0.6479ms)
gateway-web	Run node city/test-all.mjs	2026-10-08T08:08:57.4458189Z ✔ the loop is bounded by §33.2's budgets, not by a counter invented here (1.2753ms)
gateway-web	Run node city/test-all.mjs	2026-10-08T08:08:57.4459224Z ✔ a NOT_APPLICABLE attempt does not spend a recovery budget (0.3279ms)
gateway-web	Run node city/test-all.mjs	2026-10-08T08:08:57.4460168Z ✔ a class with no local gate is a retry, and the plan says so (0.9524ms)
gateway-web	Run node city/test-all.mjs	2026-10-08T08:08:57.4461169Z ✔ §41 CR-04 only a green CI read counts, and a failed read is not a pass (0.256ms)
gateway-web	Run node city/test-all.mjs	2026-10-08T08:08:57.4462126Z ✔ §41 the loop ends at PASS, at a Hard Blocker, or not yet (0.2881ms)
gateway-web	Run node city/test-all.mjs	2026-10-08T08:08:57.4463114Z ✔ the CI-repair plan is deterministic for the same log and attempts (0.4438ms)
gateway-web	Run node city/test-all.mjs	2026-10-08T08:08:57.4464199Z ✔ ci-repair needs no clock, no filesystem and no network to decide (0.1942ms)
gateway-web	Run node city/test-all.mjs	2026-10-08T08:08:57.4465555Z ✔ the correctable field list is the donor's eight text fields, and excludes the structured evidence (0.6063ms)
gateway-web	Run node city/test-all.mjs	2026-10-08T08:08:57.4466984Z ✔ a correction replaces only its own field and leaves the rest of the draft alone (0.2635ms)
gateway-web	Run node city/test-all.mjs	2026-10-08T08:08:57.4468221Z ✔ the latest correction per field wins, whatever order the list arrives in (0.1776ms)
gateway-web	Run node city/test-all.mjs	2026-10-08T08:08:57.4469438Z ✔ two corrections with the same timestamp resolve to the later one in the list (0.1435ms)
gateway-web	Run node city/test-all.mjs	2026-10-08T08:08:57.4470897Z ✔ several fields can be corrected at once, each from its own latest entry (0.1958ms)
gateway-web	Run node city/test-all.mjs	2026-10-08T08:08:57.4472244Z ✔ a blank correction is ignored, and a draft nobody corrected is returned unchanged by identity (0.3915ms)
gateway-web	Run node city/test-all.mjs	2026-10-08T08:08:57.4473881Z ✔ a blank correction for one field does not suppress a real correction for another (0.2252ms)
gateway-web	Run node city/test-all.mjs	2026-10-08T08:08:57.4476825Z ✔ the donor does not filter corrections by cluster key (0.158ms)
gateway-web	Run node city/test-all.mjs	2026-10-08T08:08:57.4478069Z ✔ fields the draft does not have are carried through untouched (0.2278ms)
gateway-web	Run node city/test-all.mjs	2026-10-08T08:08:57.4479066Z ✔ applying the same corrections twice is deterministic (0.1873ms)
gateway-web	Run node city/test-all.mjs	2026-10-08T08:08:57.4480018Z ✔ the action sets and the state vocabulary are the donor sets (2.6016ms)
gateway-web	Run node city/test-all.mjs	2026-10-08T08:08:57.4480854Z ✔ every AUTO_ACTION waits and auto-resumes (0.3902ms)
gateway-web	Run node city/test-all.mjs	2026-10-08T08:08:57.4481670Z ✔ every PAUSED_ACTION pauses and must not auto-resume (0.2443ms)
gateway-web	Run node city/test-all.mjs	2026-10-08T08:08:57.4482536Z ✔ an action in neither set is ACTIVE and auto-resumes (0.4399ms)
gateway-web	Run node city/test-all.mjs	2026-10-08T08:08:57.4483549Z ✔ a falsy reason falls back to that state default, a real reason is kept (0.3371ms)
gateway-web	Run node city/test-all.mjs	2026-10-08T08:08:57.4484459Z ✔ retryAt is present only when it was defined (0.407ms)
gateway-web	Run node city/test-all.mjs	2026-10-08T08:08:57.4485418Z ✔ updatedAt is the injected clock in ISO form, and the clock is required (0.8935ms)
gateway-web	Run node city/test-all.mjs	2026-10-08T08:08:57.4486617Z ✔ pausedForProvider pauses, never auto-resumes and never writes a deadline (0.4889ms)
gateway-web	Run node city/test-all.mjs	2026-10-08T08:08:57.4487548Z ✔ the three labels are the donor labels (0.5278ms)
gateway-web	Run node city/test-all.mjs	2026-10-08T08:08:57.4488515Z ✔ providerStateRecord validates the donor shape instead of repairing it (0.7588ms)
gateway-web	Run node city/test-all.mjs	2026-10-08T08:08:57.4490138Z ✔ the availability vocabulary is the donor ten, in the donor order (3.2948ms)
gateway-web	Run node city/test-all.mjs	2026-10-08T08:08:57.4491242Z ✔ isRuntimeAvailable: exactly one of the ten values is available (0.2663ms)
gateway-web	Run node city/test-all.mjs	2026-10-08T08:08:57.4492371Z ✔ isRuntimeAvailable refuses a value outside the ten-value vocabulary (0.6183ms)
gateway-web	Run node city/test-all.mjs	2026-10-08T08:08:57.4493536Z ✔ unsupportedRuntime keeps the donor identity and capability defaults (0.6117ms)
gateway-web	Run node city/test-all.mjs	2026-10-08T08:08:57.4494940Z ✔ unsupportedRuntime.healthCheck reports UNSUPPORTED with the donor message and injected time (1.3698ms)
gateway-web	Run node city/test-all.mjs	2026-10-08T08:08:57.4496306Z ✔ unsupportedRuntime.execute refuses permanently and is not retryable (0.9121ms)
gateway-web	Run node city/test-all.mjs	2026-10-08T08:08:57.4497623Z ✔ providerRuntimeAdapter refuses an id without the web: prefix, with the donor message (0.7323ms)
gateway-web	Run node city/test-all.mjs	2026-10-08T08:08:57.4499026Z ✔ providerRuntimeAdapter accepts a web: id and declares kind web (0.267ms)
gateway-web	Run node city/test-all.mjs	2026-10-08T08:08:57.4501530Z ✔ providerRuntimeAdapter merges the donor all-seven-role default with no override (0.4978ms)
gateway-web	Run node city/test-all.mjs	2026-10-08T08:08:57.4503056Z ✔ providerRuntimeAdapter applies a partial override and keeps the untouched defaults (0.7721ms)
gateway-web	Run node city/test-all.mjs	2026-10-08T08:08:57.4504270Z ✔ healthCheck and execute delegate to the injected hooks (1.7894ms)
gateway-web	Run node city/test-all.mjs	2026-10-08T08:08:57.4505322Z ✔ cancel delegates to the hook and resolves when no hook is supplied (0.4339ms)
gateway-web	Run node city/test-all.mjs	2026-10-08T08:08:57.4506500Z ✔ a missing healthCheck/execute hook fails at the call, not at construction (0.4562ms)
gateway-web	Run node city/test-all.mjs	2026-10-08T08:08:57.4507809Z ✔ runtimeRequest copies the donor fields and keeps optionals absent when not supplied (0.606ms)
gateway-web	Run node city/test-all.mjs	2026-10-08T08:08:57.4509085Z ✔ runtimeFailure keeps the donor field shapes and the conditional retryAt (0.4267ms)
gateway-web	Run node city/test-all.mjs	2026-10-08T08:08:57.4510830Z ✔ runtimeResult keeps the four statuses and the optional donor fields (0.7308ms)
gateway-web	Run node city/test-all.mjs	2026-10-08T08:08:57.4512136Z ✔ provider usage never invents a number the provider did not report (0.2586ms)
gateway-web	Run node city/test-all.mjs	2026-10-08T08:08:57.4676719Z ✔ runtimeHealth and runtimeMetrics are validated, not repaired (0.3477ms)
gateway-web	Run node city/test-all.mjs	2026-10-08T08:08:57.4708755Z ✔ the module reads no ambient clock, environment or randomness (19.2ms)
gateway-web	Run node city/test-all.mjs	2026-10-08T08:08:57.4709789Z ✔ an unknown runtime is CLOSED and is never listed (3.8465ms)
gateway-web	Run node city/test-all.mjs	2026-10-08T08:08:57.4710748Z ✔ the donor defaults are a threshold of 3 and a 60 s cooldown (1.1547ms)
gateway-web	Run node city/test-all.mjs	2026-10-08T08:08:57.4711791Z ✔ failureThreshold is clamped to 1..20 and a non-integer throws (1.2569ms)
gateway-web	Run node city/test-all.mjs	2026-10-08T08:08:57.4712859Z ✔ cooldownMs is clamped to 1..604800000 and a non-integer throws (1.5333ms)
gateway-web	Run node city/test-all.mjs	2026-10-08T08:08:57.4713864Z ✔ the clock is the caller’s, and there is no built-in one (0.4501ms)
gateway-web	Run node city/test-all.mjs	2026-10-08T08:08:57.4714928Z ✔ CLOSED reaches OPEN exactly at the failure threshold, and not before (0.4967ms)
gateway-web	Run node city/test-all.mjs	2026-10-08T08:08:57.4715983Z ✔ isOpen is true only while the reported state is OPEN (0.3119ms)
gateway-web	Run node city/test-all.mjs	2026-10-08T08:08:57.4716875Z ✔ HALF_OPEN appears exactly at the cooldown boundary (0.3741ms)
gateway-web	Run node city/test-all.mjs	2026-10-08T08:08:57.4718020Z ✔ a failure while OPEN inside the cooldown stays OPEN and leaves openedAt unchanged (0.5231ms)
gateway-web	Run node city/test-all.mjs	2026-10-08T08:08:57.4719283Z ✔ HALF_OPEN admits at most one probe, and the probe counter is per runtime (0.8873ms)
gateway-web	Run node city/test-all.mjs	2026-10-08T08:08:57.4720482Z ✔ a verified success closes the breaker and clears the streak and the probe (0.7624ms)
gateway-web	Run node city/test-all.mjs	2026-10-08T08:08:57.4721817Z ✔ a verified success also closes a record that is still stored OPEN but past its cooldown (0.3174ms)
gateway-web	Run node city/test-all.mjs	2026-10-08T08:08:57.4724284Z ✔ a failed probe reopens with a fresh cooldown and the streak at the threshold (0.2995ms)
gateway-web	Run node city/test-all.mjs	2026-10-08T08:08:57.4725557Z ✔ cancelProbe frees a consumed probe without changing breaker state (0.3875ms)
gateway-web	Run node city/test-all.mjs	2026-10-08T08:08:57.4728455Z ✔ reset removes the record and the probe, so the runtime is CLOSED again (0.484ms)
gateway-web	Run node city/test-all.mjs	2026-10-08T08:08:57.4730006Z ✔ list reports each runtime’s current state and streak (0.5859ms)
gateway-web	Run node city/test-all.mjs	2026-10-08T08:08:57.4731102Z ✔ a snapshot restores exactly, and the effective options travel with it (0.3555ms)
gateway-web	Run node city/test-all.mjs	2026-10-08T08:08:57.4732148Z ✔ a malformed snapshot throws instead of being repaired (0.7585ms)
gateway-web	Run node city/test-all.mjs	2026-10-08T08:08:57.4733507Z ✔ the value-level calls return new state and never mutate the state they were given (0.521ms)
gateway-web	Run node city/test-all.mjs	2026-10-08T08:08:57.4734612Z ✔ only the six provider-technical kinds trip the breaker (0.2092ms)
gateway-web	Run node city/test-all.mjs	2026-10-08T08:08:57.4735467Z ✔ one broken runtime does not disturb another (0.1519ms)
gateway-web	Run node city/test-all.mjs	2026-10-08T08:08:57.4736275Z ✔ an option that cannot be an integer fails closed (0.2857ms)
gateway-web	Run node city/test-all.mjs	2026-10-08T08:08:57.4737254Z ✔ a caller-supplied file path is not part of this module’s shape (0.1541ms)
gateway-web	Run node city/test-all.mjs	2026-10-08T08:08:57.4738321Z ✔ covers all 11 semantic outcomes with a continuous axis mapping (2.2909ms)
gateway-web	Run node city/test-all.mjs	2026-10-08T08:08:57.4739359Z ✔ A02: runtime SUCCESS + normal completion ⇒ FULL_COMPLETION (1.1249ms)
gateway-web	Run node city/test-all.mjs	2026-10-08T08:08:57.4740598Z ✔ A03: runtime SUCCESS + explicit refusal ⇒ HARD_REFUSAL without being a runtime failure (0.1841ms)
gateway-web	Run node city/test-all.mjs	2026-10-08T08:08:57.4741819Z ✔ A04: partial completion and partial refusal are distinguishable (0.2856ms)
gateway-web	Run node city/test-all.mjs	2026-10-08T08:08:57.4742907Z ✔ A05: runtime TIMEOUT ⇒ UNCLASSIFIED with no restriction penalty (0.3322ms)
gateway-web	Run node city/test-all.mjs	2026-10-08T08:08:57.4743891Z ✔ A06: AUTH_REQUIRED ⇒ no capability/restriction penalty (0.2839ms)
gateway-web	Run node city/test-all.mjs	2026-10-08T08:08:57.4744776Z ✔ A07: PAGE_CHANGED ⇒ no semantic negative evidence (0.2564ms)
gateway-web	Run node city/test-all.mjs	2026-10-08T08:08:57.4747007Z ✔ A08: goal drift is recorded when the worker silently changes scope (1.4699ms)
gateway-web	Run node city/test-all.mjs	2026-10-08T08:08:57.4748408Z ✔ format failure is distinguished from provider restriction (0.2887ms)
gateway-web	Run node city/test-all.mjs	2026-10-08T08:08:57.4749571Z ✔ deterministic verification failure outranks provider behaviour signals (0.3423ms)
gateway-web	Run node city/test-all.mjs	2026-10-08T08:08:57.4750835Z ✔ an unobservable success is UNCLASSIFIED rather than a fabricated completion (0.2751ms)
gateway-web	Run node city/test-all.mjs	2026-10-08T08:08:57.4751840Z ✔ classifies runtime codes as non-semantic (0.2808ms)
gateway-web	Run node city/test-all.mjs	2026-10-08T08:08:57.4752886Z ✔ a SUCCESS that also carries a non-semantic code is still not model behaviour (0.2252ms)
gateway-web	Run node city/test-all.mjs	2026-10-08T08:08:57.4754090Z ✔ a runtime failure with no listed code is still excluded, and says so (0.1974ms)
gateway-web	Run node city/test-all.mjs	2026-10-08T08:08:57.4755260Z ✔ selection precedence between the non-failure signals is the donor’s (0.5706ms)
gateway-web	Run node city/test-all.mjs	2026-10-08T08:08:57.4756396Z ✔ an injected evaluator version is stamped on every classification (0.2787ms)
gateway-web	Run node city/test-all.mjs	2026-10-08T08:08:57.4757594Z ✔ detectGoalDrift reports scope-change markers and unaddressed deliverables (0.9704ms)
gateway-web	Run node city/test-all.mjs	2026-10-08T08:08:57.4758911Z ✔ createEvaluationRevision appends a revision without overwriting the original (0.2642ms)
gateway-web	Run node city/test-all.mjs	2026-10-08T08:08:57.4760050Z ✔ semanticEvaluation validates and copies an evaluation (1.3344ms)
gateway-web	Run node city/test-all.mjs	2026-10-08T08:08:57.4761238Z ✔ catalog describes source resolution and preview without promising installation (13.886ms)
gateway-web	Run node city/test-all.mjs	2026-10-08T08:08:57.4762278Z ✔ GitHub reference parsing matches the donor (4.2498ms)
gateway-web	Run node city/test-all.mjs	2026-10-08T08:08:57.4763244Z ✔ archive planning and the resolution plan match the donor ordering (0.9889ms)
gateway-web	Run node city/test-all.mjs	2026-10-08T08:08:57.4764388Z ✔ a resolved plan is offline only: no download happens and none is planned (0.4388ms)
gateway-web	Run node city/test-all.mjs	2026-10-08T08:08:57.4765610Z ✔ the tiered scanner resolves bundles, collections, siblings and flat files (13.5095ms)
gateway-web	Run node city/test-all.mjs	2026-10-08T08:08:57.4766745Z ✔ the scanner is deterministic over an injected in-memory tree (6.6248ms)
gateway-web	Run node city/test-all.mjs	2026-10-08T08:08:57.4767951Z ✔ a scanned skill is validated by this module's own parser (5.4154ms)
gateway-web	Run node city/test-all.mjs	2026-10-08T08:08:57.4769069Z ✔ the curated catalog searches offline and degrades a failed live search (22.6255ms)
gateway-web	Run node city/test-all.mjs	2026-10-08T08:08:57.4770252Z ✔ the module never writes a runtime file and never installs or downloads (15.4506ms)
gateway-web	Run node city/test-all.mjs	2026-10-08T08:08:57.4771229Z ✔ skill name grammar matches the donor (2.023ms)
gateway-web	Run node city/test-all.mjs	2026-10-08T08:08:57.4772242Z ✔ frontmatter parsing reads the donor subset (metadata, whenToUse, invocation) (2.5314ms)
gateway-web	Run node city/test-all.mjs	2026-10-08T08:08:57.4773410Z ✔ malformed frontmatter is rejected with a reason, never guessed (0.4541ms)
gateway-web	Run node city/test-all.mjs	2026-10-08T08:08:57.4774669Z ✔ rendering round-trips through the parser like the donor (0.6669ms)
gateway-web	Run node city/test-all.mjs	2026-10-08T08:08:57.4776671Z ✔ the highest-level analysis accepts a valid document and rejects an oversized one (1.2734ms)
gateway-web	Run node city/test-all.mjs	2026-10-08T08:08:57.4778395Z ✔ the tar reader lists regular files and directories like the donor (2.663ms)
gateway-web	Run node city/test-all.mjs	2026-10-08T08:08:57.4779428Z ✔ traversal and absolute paths are refused (1.1288ms)
gateway-web	Run node city/test-all.mjs	2026-10-08T08:08:57.4780425Z ✔ symlinks, hardlinks and devices are refused, never accepted (1.4776ms)
gateway-web	Run node city/test-all.mjs	2026-10-08T08:08:57.4781659Z ✔ byte and entry caps stop a zip-bomb sized archive and a flood of entries (3.0356ms)
gateway-web	Run node city/test-all.mjs	2026-10-08T08:08:57.4782775Z ✔ gzip is detected and decompressed transparently (2.152ms)
gateway-web	Run node city/test-all.mjs	2026-10-08T08:08:57.4783815Z ✔ a corrupt header checksum is refused instead of being misread (0.4715ms)
gateway-web	Run node city/test-all.mjs	2026-10-08T08:08:57.4785082Z ✔ the module is self-contained: built-ins only, no donor checkout dependency (17.483ms)
gateway-web	Run node city/test-all.mjs	2026-10-08T08:08:57.4786497Z ✔ provenance stays honest: DONOR.json pins the donor and records the adaptation (2.7205ms)
gateway-web	Run node city/test-all.mjs	2026-10-08T08:08:57.4787802Z ✔ dshBin keeps the donor path shape and follows the injected app root (1.7565ms)
gateway-web	Run node city/test-all.mjs	2026-10-08T08:08:57.4788905Z ✔ nodeExecutable is the donor rule env.DSH_NODE || node (0.299ms)
gateway-web	Run node city/test-all.mjs	2026-10-08T08:08:57.4790091Z ✔ childEnv sets exactly the donor keys, with the donor defaults and order (1.136ms)
gateway-web	Run node city/test-all.mjs	2026-10-08T08:08:57.4791398Z ✔ childEnv never mutates the ambient environment and returns a fresh object (0.3314ms)
gateway-web	Run node city/test-all.mjs	2026-10-08T08:08:57.4792910Z ✔ childEnv lets the ambient mode variables win over the defaults, and spreads overrides last (0.3178ms)
gateway-web	Run node city/test-all.mjs	2026-10-08T08:08:57.4794840Z ✔ startJob builds the donor argv, cwd, stdio and pipes, and returns {child, pid, logFile} (0.7249ms)
gateway-web	Run node city/test-all.mjs	2026-10-08T08:08:57.4795989Z ✔ startJob honours an explicit logFile (0.4104ms)
gateway-web	Run node city/test-all.mjs	2026-10-08T08:08:57.4797187Z ✔ startJob passes permissionMode through as DSH_PERMISSION_MODE, and omits it otherwise (1.5226ms)
gateway-web	Run node city/test-all.mjs	2026-10-08T08:08:57.4798616Z ✔ startJob pipes into the log stream it opened, so the child records to that file (0.6165ms)
gateway-web	Run node city/test-all.mjs	2026-10-08T08:08:57.4799869Z ✔ killTree spawns taskkill.exe with the donor argv for a numeric pid (0.4908ms)
gateway-web	Run node city/test-all.mjs	2026-10-08T08:08:57.4801190Z ✔ killTree stringifies a non-numeric pid and spawns nothing for a falsy one (0.3165ms)
gateway-web	Run node city/test-all.mjs	2026-10-08T08:08:57.4802535Z ✔ killTree swallows a synchronous spawn throw, as the donor empty catch did (0.5189ms)
gateway-web	Run node city/test-all.mjs	2026-10-08T08:08:57.4803840Z ✔ index.mjs re-exports the runner factory and the closed vocabularies (0.2653ms)
gateway-web	Run node city/test-all.mjs	2026-10-08T08:08:57.4805138Z ✔ the module is self-contained: built-ins only, no donor checkout dependency (17.2154ms)
gateway-web	Run node city/test-all.mjs	2026-10-08T08:08:57.4806458Z ✔ provenance stays honest: DONOR.json pins the donor and records the deferrals (2.0573ms)
gateway-web	Run node city/test-all.mjs	2026-10-08T08:08:57.4807651Z ✔ the contract carries the donor vocabulary, in the donor order (4.1045ms)
gateway-web	Run node city/test-all.mjs	2026-10-08T08:08:57.4808953Z ✔ factories copy on construct: mutating a result never touches the vocabulary (0.4544ms)
gateway-web	Run node city/test-all.mjs	2026-10-08T08:08:57.4810284Z ✔ validators refuse invalid input instead of turning it into valid input (0.4944ms)
gateway-web	Run node city/test-all.mjs	2026-10-08T08:08:57.4811521Z ✔ every status lands in exactly one of the three status classes (0.4116ms)
gateway-web	Run node city/test-all.mjs	2026-10-08T08:08:57.4812537Z ✔ normalizeStatus trims and upper-cases (0.3247ms)
gateway-web	Run node city/test-all.mjs	2026-10-08T08:08:57.4828883Z ✔ terminalState classifies all six persisted spellings and refuses the rest (0.3381ms)
gateway-web	Run node city/test-all.mjs	2026-10-08T08:08:57.4830304Z ✔ persistedStatusFor keeps the persisted vocabulary backward compatible (0.3329ms)
gateway-web	Run node city/test-all.mjs	2026-10-08T08:08:57.4831589Z ✔ statusLabel names the three canonical states and falls back to Terminated (1.3359ms)
gateway-web	Run node city/test-all.mjs	2026-10-08T08:08:57.4832669Z ✔ firstLine returns the first non-empty trimmed line (0.7045ms)
gateway-web	Run node city/test-all.mjs	2026-10-08T08:08:57.4833778Z ✔ truncate collapses whitespace and reserves one character for the ellipsis (0.9641ms)
gateway-web	Run node city/test-all.mjs	2026-10-08T08:08:57.4834842Z ✔ taskDisplayName walks the donor candidate order (0.9125ms)
gateway-web	Run node city/test-all.mjs	2026-10-08T08:08:57.4836978Z ✔ errorSummary joins code and message, degrades to JSON, and never throws (0.5509ms)
gateway-web	Run node city/test-all.mjs	2026-10-08T08:08:57.4838402Z ✔ shortResult formats Xs / Xm Ys / Xh Ym and refuses incomplete tasks (0.33ms)
gateway-web	Run node city/test-all.mjs	2026-10-08T08:08:57.4839617Z ✔ terminalEpoch truncates a positive instant and collapses everything else to 0 (0.3008ms)
gateway-web	Run node city/test-all.mjs	2026-10-08T08:08:57.4841039Z ✔ terminalKey is <id>#<state>#<epoch>, including the epoch-0 case (0.7069ms)
gateway-web	Run node city/test-all.mjs	2026-10-08T08:08:57.4844388Z ✔ buildTerminalEvent builds the full COMPLETED payload (0.6266ms)
gateway-web	Run node city/test-all.mjs	2026-10-08T08:08:57.4845533Z ✔ buildTerminalEvent builds the full FAILED_FINAL payload with its error (0.3235ms)
gateway-web	Run node city/test-all.mjs	2026-10-08T08:08:57.4847733Z ✔ buildTerminalEvent keeps the null-vs-zero distinctions of the donor (0.654ms)
gateway-web	Run node city/test-all.mjs	2026-10-08T08:08:57.4848971Z ✔ buildTerminalEvent defaults the source and lets the caller override it (1.7099ms)
gateway-web	Run node city/test-all.mjs	2026-10-08T08:08:57.4850296Z ✔ buildTerminalEvent takes its clock as a parameter and is deterministic without one (0.4396ms)
gateway-web	Run node city/test-all.mjs	2026-10-08T08:08:57.4851626Z ✔ buildTerminalEvent falls back to CANCELLED and carries the reason verbatim (0.2801ms)
gateway-web	Run node city/test-all.mjs	2026-10-08T08:08:57.4852820Z ✔ buildTerminalEvent tolerates a non-task and always names one (0.2023ms)
gateway-web	Run node city/test-all.mjs	2026-10-08T08:08:57.4853786Z ✔ index.mjs is the one export site for this module (0.2086ms)
gateway-web	Run node city/test-all.mjs	2026-10-08T08:08:57.4856471Z ﹣ the port matches the compiled donor on every scripted and seeded scenario (2.1944ms) # donor build absent at D:\a\utopia\utopia\.runtime\evidence\mission-book\MB-005\donor-health\lib\index.js; build it per the header of this file to run the differential parity check
gateway-web	Run node city/test-all.mjs	2026-10-08T08:08:57.4858846Z ✔ the canonical registry is sorted, unique, complete and prototype-safe (4.9181ms)
gateway-web	Run node city/test-all.mjs	2026-10-08T08:08:57.4860044Z ✔ hard physical bounds are declared exactly where the donor declared them (0.2657ms)
gateway-web	Run node city/test-all.mjs	2026-10-08T08:08:57.4861364Z ✔ the dimension dispatch table covers every canonical metric with two named exceptions (0.295ms)
gateway-web	Run node city/test-all.mjs	2026-10-08T08:08:57.4862641Z ✔ the three shipped preset documents are the documents the code builds (2.7175ms)
gateway-web	Run node city/test-all.mjs	2026-10-08T08:08:57.4863775Z ✔ ramp endpoints come from polarity, never from the written order (0.349ms)
gateway-web	Run node city/test-all.mjs	2026-10-08T08:08:57.4864870Z ✔ the ramp is linear, rounded to an integer, and clamped at both ends (0.2884ms)
gateway-web	Run node city/test-all.mjs	2026-10-08T08:08:57.4866287Z ✔ a lower-is-worse band ramps the other way and tolerates either written order (0.2231ms)
gateway-web	Run node city/test-all.mjs	2026-10-08T08:08:57.4867516Z ✔ an unknown value scores null and levels as unknown, never as none (0.2247ms)
gateway-web	Run node city/test-all.mjs	2026-10-08T08:08:57.4868478Z ✔ the level boundaries are exactly 0 / 35 / 65 / 85 (0.435ms)
gateway-web	Run node city/test-all.mjs	2026-10-08T08:08:57.4869588Z ✔ the sustain gate holds a spike at zero and opens exactly at the configured duration (0.5388ms)
gateway-web	Run node city/test-all.mjs	2026-10-08T08:08:57.4870801Z ✔ band identity is derived the same way the store times it (0.3619ms)
gateway-web	Run node city/test-all.mjs	2026-10-08T08:08:57.4871914Z ✔ a ratio above 1 and at most 1.5 clamps to 1 with a violation, not a rejection (0.6828ms)
gateway-web	Run node city/test-all.mjs	2026-10-08T08:08:57.4872903Z ✔ a ratio above 1.5 is rejected as above_hard_max (0.205ms)
gateway-web	Run node city/test-all.mjs	2026-10-08T08:08:57.4873929Z ✔ impossible physical values are rejected below and above the hard bound (0.424ms)
gateway-web	Run node city/test-all.mjs	2026-10-08T08:08:57.4883356Z ✔ a value just outside the hard bound is snapped rather than rejected (the 1e-9 tolerance) (0.3698ms)
gateway-web	Run node city/test-all.mjs	2026-10-08T08:08:57.4885327Z ✔ non-numbers, NaN and Infinity are violations and the survivors come back name-sorted (0.3541ms)
gateway-web	Run node city/test-all.mjs	2026-10-08T08:08:57.4887097Z ✔ a non-canonical metric name is a violation, and an absent metric is never invented (0.2403ms)
gateway-web	Run node city/test-all.mjs	2026-10-08T08:08:57.4888878Z ✔ window statistics are exact, and a metric with no data has null statistics rather than zeros (3.4301ms)
gateway-web	Run node city/test-all.mjs	2026-10-08T08:08:57.4890227Z ✔ the raw retention floor is raised to the longest configured window (1.2609ms)
gateway-web	Run node city/test-all.mjs	2026-10-08T08:08:57.4891336Z ✔ band timing restarts on a band change and on leaving every band (0.5037ms)
gateway-web	Run node city/test-all.mjs	2026-10-08T08:08:57.4893067Z ✔ recording a bag declares band identity, so the sustain gate times the data not the question (0.689ms)
gateway-web	Run node city/test-all.mjs	2026-10-08T08:08:57.4894464Z ✔ the store is bounded: raw points and buckets are pruned by construction (14.2222ms)
gateway-web	Run node city/test-all.mjs	2026-10-08T08:08:57.4896073Z ✔ daily summaries are per local calendar day, weighted by sample count, metrics sorted (6.3649ms)
gateway-web	Run node city/test-all.mjs	2026-10-08T08:08:57.4898207Z ✔ a sustained leak is a trusted worsening trend with an exact slope and R² (1.4534ms)
gateway-web	Run node city/test-all.mjs	2026-10-08T08:08:57.4901120Z ✔ noise is not trusted, and polarity decides which direction is worsening (1.0177ms)
gateway-web	Run node city/test-all.mjs	2026-10-08T08:08:57.4911725Z ✔ the trend gates produce unknown rather than a guess (0.3779ms)
gateway-web	Run node city/test-all.mjs	2026-10-08T08:08:57.4913661Z ✔ past the raw horizon the aggregate buckets take over, and the summary says so (0.6364ms)
gateway-web	Run node city/test-all.mjs	2026-10-08T08:08:57.4915077Z ✔ trend formatting keeps the donor precision asymmetry (0.1649ms)
gateway-web	Run node city/test-all.mjs	2026-10-08T08:08:57.4916738Z ✔ missing telemetry is not health: an unmeasured dimension is unknown with a null score (1.746ms)
gateway-web	Run node city/test-all.mjs	2026-10-08T08:08:57.4918615Z ✔ the weight of a missing dimension is redistributed, and the redistribution is published as coverage (1.7079ms)
gateway-web	Run node city/test-all.mjs	2026-10-08T08:08:57.4920645Z ✔ with nothing measured at all the pressure is null and the coverage is zero (0.6415ms)
gateway-web	Run node city/test-all.mjs	2026-10-08T08:08:57.4922361Z ✔ the worst metric leads: a dimension score is half weighted mean, half worst member (1.6025ms)
gateway-web	Run node city/test-all.mjs	2026-10-08T08:08:57.4923832Z ✔ a single critical metric is not averaged away by calm ones, and no known metric means null (1.2622ms)
gateway-web	Run node city/test-all.mjs	2026-10-08T08:08:57.4925122Z ✔ the time dimension is the uptime ramp from 8 hours to 336 hours (1.0416ms)
gateway-web	Run node city/test-all.mjs	2026-10-08T08:08:57.4926294Z ✔ a configured metric with no band and no trend is collected but never scored (0.4886ms)
gateway-web	Run node city/test-all.mjs	2026-10-08T08:08:57.4927865Z ✔ the trend term is added on top of the band score and normalised by the band span (2.2943ms)
gateway-web	Run node city/test-all.mjs	2026-10-08T08:08:57.4929175Z ✔ drivers are produced only at 35 or above, and their contribution is weighted down (1.6177ms)
gateway-web	Run node city/test-all.mjs	2026-10-08T08:08:57.4930488Z ✔ driver codes are dimension-flavoured, and a trend-led driver is a slope code (1.5096ms)
gateway-web	Run node city/test-all.mjs	2026-10-08T08:08:57.4931731Z ✔ the ladder maps pressure onto actions at the exact default thresholds (2.516ms)
gateway-web	Run node city/test-all.mjs	2026-10-08T08:08:57.4932842Z ✔ every candidate carries its driver codes and a coverage tag (0.2776ms)
gateway-web	Run node city/test-all.mjs	2026-10-08T08:08:57.4936637Z ✔ hysteresis holds the action in force until pressure falls through its own exit band (0.4666ms)
gateway-web	Run node city/test-all.mjs	2026-10-08T08:08:57.4938028Z ✔ a series that oscillates around the enter threshold never oscillates the action (0.4247ms)
gateway-web	Run node city/test-all.mjs	2026-10-08T08:08:57.4939355Z ✔ debounce delays a new high-risk level for exactly the configured evaluations (0.6105ms)
gateway-web	Run node city/test-all.mjs	2026-10-08T08:08:57.4940869Z ✔ dwell slows a low-level transition for exactly the configured duration, and never the first crossing (0.3668ms)
gateway-web	Run node city/test-all.mjs	2026-10-08T08:08:57.4942363Z ✔ the three cooldown buckets and their balanced durations map exactly as documented (0.2828ms)
gateway-web	Run node city/test-all.mjs	2026-10-08T08:08:57.4947123Z ✔ a suppressed repeat is suppressed but a suppressed de-escalation is only delayed (0.4506ms)
gateway-web	Run node city/test-all.mjs	2026-10-08T08:08:57.4948476Z ✔ the state machine names a gated restart instead of forgetting it (0.5581ms)
gateway-web	Run node city/test-all.mjs	2026-10-08T08:08:57.4949766Z ✔ the restart gate downgrades to PAUSE_NEW_WORK and names every blocking reason (0.5357ms)
gateway-web	Run node city/test-all.mjs	2026-10-08T08:08:57.4951379Z ✔ the configuration can forbid a restart, and the reason says so (0.2467ms)
gateway-web	Run node city/test-all.mjs	2026-10-08T08:08:57.4952604Z ✔ the urgent override skips the window, and level 4 alone may override the safe point (0.3544ms)
gateway-web	Run node city/test-all.mjs	2026-10-08T08:08:57.4954242Z ✔ wall-clock parsing is strict and the occurrence boundaries are inclusive (0.7091ms)
gateway-web	Run node city/test-all.mjs	2026-10-08T08:08:57.4955586Z ✔ a wrapping window is handled, and clockWithin is start-inclusive end-exclusive (0.1963ms)
gateway-web	Run node city/test-all.mjs	2026-10-08T08:08:57.4957001Z ✔ the maintenance picture reports every phase, and an exhausted deferral still says go (1.1249ms)
gateway-web	Run node city/test-all.mjs	2026-10-08T08:08:57.4958339Z ✔ window arithmetic is local-calendar based, so it survives a day boundary (0.3114ms)
gateway-web	Run node city/test-all.mjs	2026-10-08T08:08:57.4960284Z ✔ safe points fold worst-first, and an unanswered question is not a yes (52.188ms)
gateway-web	Run node city/test-all.mjs	2026-10-08T08:08:57.4961580Z ✔ safePointRequired: false skips the question instead of answering it badly (6.6681ms)
gateway-web	Run node city/test-all.mjs	2026-10-08T08:08:57.4963153Z ✔ a registered safe point gates the request through the real scheduler (25.1566ms)
gateway-web	Run node city/test-all.mjs	2026-10-08T08:08:57.4965113Z ✔ the level-to-action mapping reaches the right adapter and always as a request (8.2155ms)
gateway-web	Run node city/test-all.mjs	2026-10-08T08:08:57.4966737Z ✔ a system request always acknowledges the reboot, and only that rung does (1.7264ms)
gateway-web	Run node city/test-all.mjs	2026-10-08T08:08:57.4968498Z ✔ the engine only ever calls the documented adapter methods, so an action cannot become an effect (1.1473ms)
gateway-web	Run node city/test-all.mjs	2026-10-08T08:08:57.4970082Z ✔ the cooldown starts on the attempt, so a long critical run is bounded to a few requests (245.7998ms)
gateway-web	Run node city/test-all.mjs	2026-10-08T08:08:57.4971839Z ✔ a throwing restart adapter never stops the loop and never becomes a request storm (21.4158ms)
gateway-web	Run node city/test-all.mjs	2026-10-08T08:08:57.4973222Z ✔ an unavailable capability reports a refusal rather than throwing or acting (2.5474ms)
gateway-web	Run node city/test-all.mjs	2026-10-08T08:08:57.4974356Z ✔ disabled configuration samples nothing at all (0.5031ms)
gateway-web	Run node city/test-all.mjs	2026-10-08T08:08:57.4975526Z ✔ the ingest seam records violations and never tracks a rejected metric (0.4658ms)
gateway-web	Run node city/test-all.mjs	2026-10-08T08:08:57.4977178Z ✔ per-window history is exposed for one metric and coverage stays honest (0.9942ms)
gateway-web	Run node city/test-all.mjs	2026-10-08T08:08:57.4978863Z ✔ provider failures are isolated, backed off exponentially, and reported (8.4455ms)
gateway-web	Run node city/test-all.mjs	2026-10-08T08:08:57.4980242Z ✔ a disabled provider and a per-provider flag are both skipped in sorted order (0.624ms)
gateway-web	Run node city/test-all.mjs	2026-10-08T08:08:57.4981460Z ✔ the decision log keeps a bounded, append-only ring, newest last (0.8896ms)
gateway-web	Run node city/test-all.mjs	2026-10-08T08:08:57.4983104Z ✔ the on-disk log is a JSONL envelope, read back, tolerant of a torn line, and rotates (16.8693ms)
gateway-web	Run node city/test-all.mjs	2026-10-08T08:08:57.4984671Z ✔ an unwritable log directory is reported instead of thrown (0.9579ms)
gateway-web	Run node city/test-all.mjs	2026-10-08T08:08:57.4985985Z ✔ the stats file is read first-match-wins, with unknown keys reported and staleness named (4.0766ms)
gateway-web	Run node city/test-all.mjs	2026-10-08T08:08:57.4987450Z ✔ the command-probe grammar ignores what it cannot trust and reports what it cannot parse (0.5785ms)
gateway-web	Run node city/test-all.mjs	2026-10-08T08:08:57.4988800Z ✔ a command probe with an empty argv refuses instead of executing anything (0.279ms)
gateway-web	Run node city/test-all.mjs	2026-10-08T08:08:57.4990156Z ✔ the built-in provider graph follows the configuration without reading the OS (1.4148ms)
gateway-web	Run node city/test-all.mjs	2026-10-08T08:08:57.4991887Z ✔ the text report never claims that an unknown is healthy and renders goldens exactly (4.1145ms)
gateway-web	Run node city/test-all.mjs	2026-10-08T08:08:57.4993395Z ✔ the machine payload serialises without an undefined, and keeps the donor key names (1.5392ms)
gateway-web	Run node city/test-all.mjs	2026-10-08T08:08:57.4994940Z ✔ a rejected settings document is refused loudly and leaves the configuration in force (0.9025ms)
gateway-web	Run node city/test-all.mjs	2026-10-08T08:08:57.4996396Z ✔ a bad configuration is rejected loudly but the caller can keep running on balanced (1.3957ms)
gateway-web	Run node city/test-all.mjs	2026-10-08T08:08:57.4997554Z ✔ the module ships no process-control primitive of any kind (10.7206ms)
gateway-web	Run node city/test-all.mjs	2026-10-08T08:08:57.4999713Z ✔ the only outbound capability is a bounded action request, and no exported function can stop a process (3.4912ms)
gateway-web	Run node city/test-all.mjs	2026-10-08T08:08:57.5001745Z ✔ the real OS-backed providers are optional: nothing in the module builds one on its own (2.478ms)
gateway-web	Run node city/test-all.mjs	2026-10-08T08:08:57.5002878Z ✔ the unbound port cannot verify anything, and acknowledges nothing (4.5982ms)
gateway-web	Run node city/test-all.mjs	2026-10-08T08:08:57.5004627Z ✔ available is false exactly when the bound port is an unbound one (0.5356ms)
gateway-web	Run node city/test-all.mjs	2026-10-08T08:08:57.5008551Z ✔ a required checkpoint authorizes only when it is safe AND completed (1.3155ms)
gateway-web	Run node city/test-all.mjs	2026-10-08T08:08:57.5010000Z ✔ a checkpoint that is NOT required always authorizes, and says so when it was not safe (1.6681ms)
gateway-web	Run node city/test-all.mjs	2026-10-08T08:08:57.5011956Z ✔ a throwing port becomes checkpoint_threw and never authorizes (1.3058ms)
gateway-web	Run node city/test-all.mjs	2026-10-08T08:08:57.5013480Z ✔ a slow port is bounded by a real timeout, and authorizes nothing (25.8958ms)
gateway-web	Run node city/test-all.mjs	2026-10-08T08:08:57.5014468Z ✔ timeoutMs <= 0 means no timeout at all (124.9929ms)
gateway-web	Run node city/test-all.mjs	2026-10-08T08:08:57.5015539Z ✔ elapsedMs is measured from the injected clock, not from the wall clock (1.2517ms)
gateway-web	Run node city/test-all.mjs	2026-10-08T08:08:57.5016742Z ✔ the contracts validate and copy every value they hand back (1.3904ms)
gateway-web	Run node city/test-all.mjs	2026-10-08T08:08:57.5018222Z ✔ the module is self-contained: timers are the only ambient dependency (6.9019ms)
gateway-web	Run node city/test-all.mjs	2026-10-08T08:08:57.5019642Z ✔ the outcome shape has one declaration: this gate imports it from the shared layer (1.8647ms)
gateway-web	Run node city/test-all.mjs	2026-10-08T08:08:57.5021748Z ✔ the lock vocabulary and the declared transition table are the donor vocabulary (3.4715ms)
gateway-web	Run node city/test-all.mjs	2026-10-08T08:08:57.5023119Z ✔ every declared edge is accepted, and no declared edge is missing (3.856ms)
gateway-web	Run node city/test-all.mjs	2026-10-08T08:08:57.5024450Z ✔ an undeclared edge is refused with the donor detail and leaves the state alone (0.6405ms)
gateway-web	Run node city/test-all.mjs	2026-10-08T08:08:57.5026590Z ✔ entering REQUESTED needs a holder, and only IDLE -> REQUESTED sets it (0.4012ms)
gateway-web	Run node city/test-all.mjs	2026-10-08T08:08:57.5027918Z ✔ history is bounded by maxHistory and drops the oldest record first (0.995ms)
gateway-web	Run node city/test-all.mjs	2026-10-08T08:08:57.5029228Z ✔ release forces IDLE from every working state, and is null when already idle (0.7848ms)
gateway-web	Run node city/test-all.mjs	2026-10-08T08:08:57.5031448Z ✔ heldForMs reads the injected clock, and requestState names each lock state (0.6807ms)
gateway-web	Run node city/test-all.mjs	2026-10-08T08:08:57.5032633Z ✔ transitions returns a copy, and the lock object is frozen (0.7033ms)
gateway-web	Run node city/test-all.mjs	2026-10-08T08:08:57.5033882Z ✔ the vocabularies have one declaration: this module imports them from the shared layer (16.4235ms)
gateway-web	Run node city/test-all.mjs	2026-10-08T08:08:57.5035330Z ✔ the module is self-contained: no donor checkout, no ambient clock, no runtime dependency (3.391ms)
gateway-web	Run node city/test-all.mjs	2026-10-08T08:08:57.5036550Z ✔ sorts object keys by code unit, independently of insertion order (2.0042ms)
gateway-web	Run node city/test-all.mjs	2026-10-08T08:08:57.5037635Z ✔ drops undefined object values and renders array positions as null (0.2332ms)
gateway-web	Run node city/test-all.mjs	2026-10-08T08:08:57.5038710Z ✔ recurses through nested objects and arrays, keeping array order (0.2968ms)
gateway-web	Run node city/test-all.mjs	2026-10-08T08:08:57.5039627Z ✔ emits no whitespace and JSON-quotes every key (1.8689ms)
gateway-web	Run node city/test-all.mjs	2026-10-08T08:08:57.5040591Z ✔ passes non-objects through JSON.stringify with the null fallback (0.3171ms)
gateway-web	Run node city/test-all.mjs	2026-10-08T08:08:57.5041738Z ✔ produces a pinned canonical form and sha256 digest for one fixed document (0.752ms)
gateway-web	Run node city/test-all.mjs	2026-10-08T08:08:57.5042932Z ✔ the digest is stable when the same document is built in another key order (0.2809ms)
gateway-web	Run node city/test-all.mjs	2026-10-08T08:08:57.5044057Z ✔ a different value is a different digest, so the pin is load-bearing (0.2552ms)
gateway-web	Run node city/test-all.mjs	2026-10-08T08:08:57.5044978Z ✔ accepts a complete request and normalizes it (4.4411ms)
gateway-web	Run node city/test-all.mjs	2026-10-08T08:08:57.5045871Z ✔ refuses a non-object with the donor message for its type (0.3592ms)
gateway-web	Run node city/test-all.mjs	2026-10-08T08:08:57.5047229Z ✔ refuses each missing or blank string field with a field-specific message (0.4374ms)
gateway-web	Run node city/test-all.mjs	2026-10-08T08:08:57.5048465Z ✔ refuses an unknown mode, a non-boolean checkpoint flag and an unknown priority (0.4217ms)
gateway-web	Run node city/test-all.mjs	2026-10-08T08:08:57.5049592Z ✔ defaults priority to normal and the acknowledgement to false (0.3033ms)
gateway-web	Run node city/test-all.mjs	2026-10-08T08:08:57.5050652Z ✔ defaults createdAt to the epoch and refuses a non-string createdAt (0.272ms)
gateway-web	Run node city/test-all.mjs	2026-10-08T08:08:57.5051741Z ✔ trims surrounding whitespace instead of accepting it as content (0.2627ms)
gateway-web	Run node city/test-all.mjs	2026-10-08T08:08:57.5052732Z ✔ enforces each MAX_* bound at its limit and one past it (0.4159ms)
gateway-web	Run node city/test-all.mjs	2026-10-08T08:08:57.5053694Z ✔ refuses control characters by name, after the bound check (0.3905ms)
gateway-web	Run node city/test-all.mjs	2026-10-08T08:08:57.5054657Z ✔ refuses everything when disabled, after the shape check (0.4233ms)
gateway-web	Run node city/test-all.mjs	2026-10-08T08:08:57.5056291Z ✔ refuses an unknown source and names the allowed ones (0.2746ms)
gateway-web	Run node city/test-all.mjs	2026-10-08T08:08:57.5057336Z ✔ refuses a priority the deployment does not accept (0.28ms)
gateway-web	Run node city/test-all.mjs	2026-10-08T08:08:57.5058156Z ✔ refuses a disabled mode (0.7202ms)
gateway-web	Run node city/test-all.mjs	2026-10-08T08:08:57.5059087Z ✔ refuses a system restart unless it is permitted and acknowledged (0.3623ms)
gateway-web	Run node city/test-all.mjs	2026-10-08T08:08:57.5060444Z ✔ refuses while the crash-loop breaker is tripped (0.2167ms)
gateway-web	Run node city/test-all.mjs	2026-10-08T08:08:57.5061511Z ✔ refuses a duplicate request id only when duplicate suppression is on (0.3674ms)
gateway-web	Run node city/test-all.mjs	2026-10-08T08:08:57.5062450Z ✔ refuses while another restart is in flight (0.2643ms)
gateway-web	Run node city/test-all.mjs	2026-10-08T08:08:57.5063383Z ✔ refuses inside a cooldown and reports the rounded remaining time (0.4482ms)
gateway-web	Run node city/test-all.mjs	2026-10-08T08:08:57.5064374Z ✔ refuses when a required checkpoint cannot be verified (0.2216ms)
gateway-web	Run node city/test-all.mjs	2026-10-08T08:08:57.5065755Z ✔ refuses when no supervisor has been seen, because exiting is not restarting (0.2414ms)
gateway-web	Run node city/test-all.mjs	2026-10-08T08:08:57.5067171Z ✔ runs the ladder in the donor order: the cheapest refusal wins (0.4872ms)
gateway-web	Run node city/test-all.mjs	2026-10-08T08:08:57.5068066Z ✔ documents every code the ladder can raise (0.303ms)
gateway-web	Run node city/test-all.mjs	2026-10-08T08:08:57.5068791Z ✔ builds a refusal with no request attached (0.151ms)
gateway-web	Run node city/test-all.mjs	2026-10-08T08:08:57.5069663Z ✔ fingerprints the six fingerprinted fields and nothing else (1.2914ms)
gateway-web	Run node city/test-all.mjs	2026-10-08T08:08:57.5070496Z ✔ the vocabularies are frozen donor data (0.2541ms)
gateway-web	Run node city/test-all.mjs	2026-10-08T08:08:57.5071392Z ✔ a contract factory refuses invalid input instead of repairing it (1.537ms)
gateway-web	Run node city/test-all.mjs	2026-10-08T08:08:57.5072478Z ✔ a contract factory copies, freezes and carries only declared fields (1.132ms)
gateway-web	Run node city/test-all.mjs	2026-10-08T08:08:57.5073593Z ✔ the three seams are separate, and only the shutdown port asks the host (0.5201ms)
gateway-web	Run node city/test-all.mjs	2026-10-08T08:08:57.5074755Z ✔ the pinned digest is the donor digest, recomputed field by field (3.5618ms)
gateway-web	Run node city/test-all.mjs	2026-10-08T08:08:57.5075786Z ✔ a built ticket round-trips through the verification ladder (1.6681ms)
gateway-web	Run node city/test-all.mjs	2026-10-08T08:08:57.5076984Z ✔ the builder fills the schema version and computes the checksum over every other field (0.5544ms)
gateway-web	Run node city/test-all.mjs	2026-10-08T08:08:57.5078214Z ✔ the digest is reproducible and independent of key insertion order (0.8223ms)
gateway-web	Run node city/test-all.mjs	2026-10-08T08:08:57.5079362Z ✔ sha256 is the donor digest spelling: sha256:<hex>, 64 lowercase hex digits (0.5887ms)
gateway-web	Run node city/test-all.mjs	2026-10-08T08:08:57.5080270Z ✔ rejection missing: no document at all (0.3035ms)
gateway-web	Run node city/test-all.mjs	2026-10-08T08:08:57.5081365Z ✔ rejection malformed: a document that is not an object (0.3373ms)
gateway-web	Run node city/test-all.mjs	2026-10-08T08:08:57.5088724Z ✔ the donor's malformed rung is exactly `typeof candidate !== 'object'` (0.3183ms)
gateway-web	Run node city/test-all.mjs	2026-10-08T08:08:57.5090126Z ✔ a short or extra-fielded document is judged by the checksum rung, as in the donor (1.9313ms)
gateway-web	Run node city/test-all.mjs	2026-10-08T08:08:57.5091330Z ✔ rejection schema_version: a document from another schema (0.6493ms)
gateway-web	Run node city/test-all.mjs	2026-10-08T08:08:57.5092744Z ✔ rejection checksum: tampering with one field after the build (1.2679ms)
gateway-web	Run node city/test-all.mjs	2026-10-08T08:08:57.5093836Z ✔ rejection expired: an unparsable or past expiry (0.5101ms)
gateway-web	Run node city/test-all.mjs	2026-10-08T08:08:57.5094870Z ✔ rejection wrong_pid: only when the caller supplies an expected pid (0.5734ms)
gateway-web	Run node city/test-all.mjs	2026-10-08T08:08:57.5095955Z ✔ the ladder is the donor's six rungs, and no seventh can fire (1.3981ms)
gateway-web	Run node city/test-all.mjs	2026-10-08T08:08:57.5096946Z ✔ the ladder stops at the first rung, in the donor order (0.4602ms)
gateway-web	Run node city/test-all.mjs	2026-10-08T08:08:57.5097996Z ✔ the builder throws only where the donor's own date construction throws (2.5472ms)
gateway-web	Run node city/test-all.mjs	2026-10-08T08:08:57.5099141Z ✔ the ticket factory never turns an invalid document into a valid one (0.8285ms)
gateway-web	Run node city/test-all.mjs	2026-10-08T08:08:57.5100048Z ✔ emptyLedger() has the donor shape exactly (0.3239ms)
gateway-web	Run node city/test-all.mjs	2026-10-08T08:08:57.5100843Z ✔ the contract vocabulary is the donor vocabulary (0.4019ms)
gateway-web	Run node city/test-all.mjs	2026-10-08T08:08:57.8614921Z ✔ malformed YAML is retained as a finding without raw contents (969.9727ms)
gateway-web	Run node city/test-all.mjs	2026-10-08T08:08:57.8616381Z ✔ an exact-SHA empty runtime snapshot cannot turn unobserved domains healthy (953.4004ms)
gateway-web	Run node city/test-all.mjs	2026-10-08T08:08:57.8617848Z ✔ duplicate accepted ancestors are cached and all processing respects cooperative deadline (1012.1787ms)
gateway-web	Run node city/test-all.mjs	2026-10-08T08:08:57.8619400Z ✔ stale runtime SHA cannot mark a capability online (911.1505ms)
gateway-web	Run node city/test-all.mjs	2026-10-08T08:08:57.8620426Z ✔ unsafe registry path never reads outside the repository (944.6581ms)
gateway-web	Run node city/test-all.mjs	2026-10-08T08:08:57.8621561Z ✔ case evidence is mandatory before quarterly proposal can be routed (1.7614ms)
gateway-web	Run node city/test-all.mjs	2026-10-08T08:08:57.8622945Z ✔ case text values minimize credentials before hashing and prototype kinds cannot route (0.9938ms)
gateway-web	Run node city/test-all.mjs	2026-10-08T08:08:57.8624501Z ✔ externally signed unsafe history is rejected and quarterly rationale values are minimized (1.5343ms)
gateway-web	Run node city/test-all.mjs	2026-10-08T08:08:57.8627441Z ✔ registry directory references resolve existing tracked sources without false dead records (989.8257ms)
gateway-web	Run node city/test-all.mjs	2026-10-08T08:08:57.8629186Z ✔ credential paths a real machine carries are refused by name, reported as refused, and never hashed (1076.8816ms)
gateway-web	Run node city/test-all.mjs	2026-10-08T08:08:57.8631102Z ✔ redaction covers AWS-style key ids and PEM bodies, not only GitHub tokens and password pairs (952.0333ms)
gateway-web	Run node city/test-all.mjs	2026-10-08T08:08:57.8632697Z ✔ canonical tolerant frontmatter normalizes quoted booleans and colon-bearing notes (955.8949ms)
gateway-web	Run node city/test-all.mjs	2026-10-08T08:08:57.8634193Z ✔ topology module census identifies dead manifest paths and retains rule debt unknowns (1491.0315ms)
gateway-web	Run node city/test-all.mjs	2026-10-08T08:08:57.8635392Z ✔ CLI rejects output inside either inspected checkout (1228.6595ms)
gateway-web	Run node city/test-all.mjs	2026-10-08T08:08:57.8637050Z ✔ report and manifest checksums verify persisted output without acceptance (1443.6632ms)
gateway-web	Run node city/test-all.mjs	2026-10-08T08:08:57.8638451Z ✔ whole-series runner rejects output junction into inspected source before writing (1277.4224ms)
gateway-web	Run node city/test-all.mjs	2026-10-08T08:09:00.3154748Z ✔ whole-series runner detects a clean head change during replay despite green commands (2453.5175ms)
gateway-web	Run node city/test-all.mjs	2026-10-08T08:09:00.5138904Z warning: in the working copy of 'services/demo.mjs', LF will be replaced by CRLF the next time Git touches it
gateway-web	Run node city/test-all.mjs	2026-10-08T08:09:00.5142861Z warning: in the working copy of 'mission-book/mission-group/example/WB.md', LF will be replaced by CRLF the next time Git touches it
gateway-web	Run node city/test-all.mjs	2026-10-08T08:09:00.5173887Z ✔ CHK990-01 small check obeys a hard file budget and discloses partial coverage (1805.5469ms)
gateway-web	Run node city/test-all.mjs	2026-10-08T08:09:00.5178033Z warning: in the working copy of 'services/demo.mjs', LF will be replaced by CRLF the next time Git touches it
gateway-web	Run node city/test-all.mjs	2026-10-08T08:09:00.5187994Z warning: in the working copy of 'mission-book/mission-group/example/WB.md', LF will be replaced by CRLF the next time Git touches it
gateway-web	Run node city/test-all.mjs	2026-10-08T08:09:00.5190091Z warning: in the working copy of 'services/demo.mjs', LF will be replaced by CRLF the next time Git touches it
gateway-web	Run node city/test-all.mjs	2026-10-08T08:09:00.5193043Z warning: in the working copy of 'services/new.mjs', LF will be replaced by CRLF the next time Git touches it
gateway-web	Run node city/test-all.mjs	2026-10-08T08:09:00.5211891Z ✔ CHK990-02 full census reverse-discovers an unregistered API and a dependency cycle (1795.5295ms)
gateway-web	Run node city/test-all.mjs	2026-10-08T08:09:00.5230280Z warning: in the working copy of 'services/demo.mjs', LF will be replaced by CRLF the next time Git touches it
gateway-web	Run node city/test-all.mjs	2026-10-08T08:09:00.5267113Z warning: in the working copy of 'mission-book/mission-group/example/WB.md', LF will be replaced by CRLF the next time Git touches it
gateway-web	Run node city/test-all.mjs	2026-10-08T08:09:00.5281481Z ✔ CHK990-03 health report never modifies repository state or grants repair authority (1161.3875ms)
gateway-web	Run node city/test-all.mjs	2026-10-08T08:09:00.5285532Z warning: in the working copy of 'services/demo.mjs', LF will be replaced by CRLF the next time Git touches it
gateway-web	Run node city/test-all.mjs	2026-10-08T08:09:00.5288568Z warning: in the working copy of 'mission-book/mission-group/example/WB.md', LF will be replaced by CRLF the next time Git touches it
gateway-web	Run node city/test-all.mjs	2026-10-08T08:09:01.2036526Z ✔ CHK990-04 suspended workbook cannot become active truth (1198.3174ms)
gateway-web	Run node city/test-all.mjs	2026-10-08T08:09:01.3778345Z warning: in the working copy of 'services/demo.mjs', LF will be replaced by CRLF the next time Git touches it
gateway-web	Run node city/test-all.mjs	2026-10-08T08:09:02.5029753Z warning: in the working copy of 'mission-book/mission-group/example/WB.md', LF will be replaced by CRLF the next time Git touches it
gateway-web	Run node city/test-all.mjs	2026-10-08T08:09:04.1267708Z ✔ CHK990-05 self model returns unknown runtime and not measured blast radius (2918.8501ms)
gateway-web	Run node city/test-all.mjs	2026-10-08T08:09:04.1272298Z ✔ CHK990-06 diagnosis preserves multiple hypotheses and missing evidence (0.5126ms)
gateway-web	Run node city/test-all.mjs	2026-10-08T08:09:04.1275261Z ✔ CHK990-07 case revisions retain original hypothesis and detect tampering (1.8908ms)
gateway-web	Run node city/test-all.mjs	2026-10-08T08:09:04.1281483Z ✔ CHK990-08 all six BLG gaps can retain reference or supersede without migration (0.2423ms)
gateway-web	Run node city/test-all.mjs	2026-10-08T08:09:04.1284281Z ✔ CHK990-09 candidate routing never gains execution authority from verified episodes (0.4782ms)
gateway-web	Run node city/test-all.mjs	2026-10-08T08:09:04.1288116Z ✔ CHK990-10 routes every supported domain and defers unknown owner (0.4841ms)
gateway-web	Run node city/test-all.mjs	2026-10-08T08:09:04.1293168Z ✔ CHK990-11 promotion and rollback require explicit external authority and full safety ladder (0.1518ms)
gateway-web	Run node city/test-all.mjs	2026-10-08T08:09:04.5205302Z warning: in the working copy of 'services/demo.mjs', LF will be replaced by CRLF the next time Git touches it
gateway-web	Run node city/test-all.mjs	2026-10-08T08:09:05.3432983Z warning: in the working copy of 'mission-book/mission-group/example/WB.md', LF will be replaced by CRLF the next time Git touches it
gateway-web	Run node city/test-all.mjs	2026-10-08T08:09:05.9154796Z ✔ CHK990-12 overhead is measurable and runtime seam remains offline and redacted (1788.5577ms)
gateway-web	Run node city/test-all.mjs	2026-10-08T08:09:05.9301041Z ✔ the contract keeps the donor vocabulary and nothing else (5.4363ms)
gateway-web	Run node city/test-all.mjs	2026-10-08T08:09:05.9302656Z ✔ the manifest is sorted, hashed and rooted deterministically (21.6154ms)
gateway-web	Run node city/test-all.mjs	2026-10-08T08:09:05.9304632Z ✔ a stored hash that no longer matches fails closed instead of re-hashing (1.8723ms)
gateway-web	Run node city/test-all.mjs	2026-10-08T08:09:05.9306556Z ✔ structured claims drive the claim statuses exactly as the donor decides them (3.6065ms)
gateway-web	Run node city/test-all.mjs	2026-10-08T08:09:05.9308068Z ✔ PASS needs every provider, no dispute and no blocking claim; nothing else passes (1.6128ms)
gateway-web	Run node city/test-all.mjs	2026-10-08T08:09:05.9309322Z ✔ the bundle is deterministic when the ids and clock are injected (0.677ms)
gateway-web	Run node city/test-all.mjs	2026-10-08T08:09:05.9310500Z ✔ rehydration addresses only the unresolved claims and calls nobody (1.8431ms)
gateway-web	Run node city/test-all.mjs	2026-10-08T08:09:05.9311658Z ✔ the module is self-contained: no Boss runtime, no donor checkout (20.1982ms)
gateway-web	Run node city/test-all.mjs	2026-10-08T08:09:05.9313082Z ✔ the frozen figure vocabulary keeps the donor defaults and bounds (3.2932ms)
gateway-web	Run node city/test-all.mjs	2026-10-08T08:09:05.9314769Z ✔ a concrete chart is emitted byte for byte (0.9786ms)
gateway-web	Run node city/test-all.mjs	2026-10-08T08:09:05.9315725Z ✔ the chart is deterministic, and its digest is pinned at full length (1.1063ms)
gateway-web	Run node city/test-all.mjs	2026-10-08T08:09:05.9316800Z ✔ rows and labels stay bounded at the donor limits (0.7555ms)
gateway-web	Run node city/test-all.mjs	2026-10-08T08:09:05.9317620Z ✔ user-controlled text is escaped for SVG (0.3717ms)
gateway-web	Run node city/test-all.mjs	2026-10-08T08:09:05.9318593Z ✔ options and defaults flow through without changing the donor rules (0.3683ms)
gateway-web	Run node city/test-all.mjs	2026-10-08T08:09:05.9319609Z ✔ edge inputs render exactly as the donor renders them (0.2891ms)
gateway-web	Run node city/test-all.mjs	2026-10-08T08:09:05.9320719Z ✔ figureForRuns is the donor wrapper: name runs.svg, title passed through (1.6425ms)
gateway-web	Run node city/test-all.mjs	2026-10-08T08:09:05.9321873Z ✔ the figure factories validate, freeze, copy and never repair (1.9694ms)
gateway-web	Run node city/test-all.mjs	2026-10-08T08:09:05.9322952Z ✔ the manuscript vocabulary keeps the donor order and membership (2.0457ms)
gateway-web	Run node city/test-all.mjs	2026-10-08T08:09:05.9324172Z ✔ the six section briefs carry the donor purposes, claim ids and evidence ids (0.7394ms)
gateway-web	Run node city/test-all.mjs	2026-10-08T08:09:05.9326976Z ✔ the evidence check fails on a missing id and on an out-of-scope reference (0.5256ms)
gateway-web	Run node city/test-all.mjs	2026-10-08T08:09:05.9329186Z ✔ the evidence check keeps the donor token grammar and the 20-id cap (0.6184ms)
gateway-web	Run node city/test-all.mjs	2026-10-08T08:09:05.9331307Z ✔ §18 sufficiency reports the exact unmet obligations in declaration order (3.2209ms)
gateway-web	Run node city/test-all.mjs	2026-10-08T08:09:05.9333766Z ✔ §19 anti-premature-closure names every undiscussed claim and evidence id (0.7706ms)
gateway-web	Run node city/test-all.mjs	2026-10-08T08:09:05.9336639Z ✔ §19 reports a results section that no discussion interprets (0.2908ms)
gateway-web	Run node city/test-all.mjs	2026-10-08T08:09:05.9338319Z ✔ the LaTeX table is emitted byte for byte, with the donor escapes (0.7328ms)
gateway-web	Run node city/test-all.mjs	2026-10-08T08:09:05.9340632Z ✔ the Markdown table mirrors the same rows, with its own escaping rules (0.7269ms)
gateway-web	Run node city/test-all.mjs	2026-10-08T08:09:05.9342098Z ✔ the §21.2 visual-evidence verdict keeps the donor reason string (0.5027ms)
gateway-web	Run node city/test-all.mjs	2026-10-08T08:09:05.9344833Z ✔ the donor plan validator keeps its exact refusal messages (0.8739ms)
gateway-web	Run node city/test-all.mjs	2026-10-08T08:09:05.9346900Z ✔ the manuscript factories validate, freeze, copy and never repair (2.9159ms)
gateway-web	Run node city/test-all.mjs	2026-10-08T08:09:05.9348913Z ✔ the allow-list names the donor executable families and strips path and Windows suffixes (2.9674ms)
gateway-web	Run node city/test-all.mjs	2026-10-08T08:09:05.9350284Z ✔ the command gate accepts a complete spec (2.8743ms)
gateway-web	Run node city/test-all.mjs	2026-10-08T08:09:05.9351631Z ✔ the command gate refuses with the donor messages, in the donor order (1.195ms)
gateway-web	Run node city/test-all.mjs	2026-10-08T08:09:05.9440977Z ✔ a bare executable outside the allow-list is still a valid spec: the donor does not mix the two gates (0.3323ms)
gateway-web	Run node city/test-all.mjs	2026-10-08T08:09:05.9455372Z ✔ a section prompt is bound to the frozen contract and lists only its claims (2.8715ms)
gateway-web	Run node city/test-all.mjs	2026-10-08T08:09:05.9460123Z ✔ a section that would rewrite the frozen goal is refused with the donor reason (0.3841ms)
gateway-web	Run node city/test-all.mjs	2026-10-08T08:09:05.9463292Z ✔ the sufficiency gate needs evidence, runs, citations and a review (0.655ms)
gateway-web	Run node city/test-all.mjs	2026-10-08T08:09:05.9466053Z ✔ the sufficiency gate keeps the donor accounting exactly (0.4732ms)
gateway-web	Run node city/test-all.mjs	2026-10-08T08:09:05.9468278Z ✔ the frozen vocabularies keep the donor members and order (3.8948ms)
gateway-web	Run node city/test-all.mjs	2026-10-08T08:09:05.9470721Z ✔ every vocabulary array is frozen (1.8732ms)
gateway-web	Run node city/test-all.mjs	2026-10-08T08:09:05.9471842Z ✔ the research budget and scope factories copy and refuse with the donor messages (1.9032ms)
gateway-web	Run node city/test-all.mjs	2026-10-08T08:09:05.9473361Z ✔ the research IR factory keeps the donor validation order and messages (1.3061ms)
gateway-web	Run node city/test-all.mjs	2026-10-08T08:09:05.9475502Z ✔ the protocol factory validates the scientific core and copies (1.9221ms)
gateway-web	Run node city/test-all.mjs	2026-10-08T08:09:05.9485161Z ✔ the amendment factory refuses non-frozen fields and missing reasons (0.7538ms)
gateway-web	Run node city/test-all.mjs	2026-10-08T08:09:05.9486781Z ✔ the research contract factory is a strict gate and copies the lists (0.8103ms)
gateway-web	Run node city/test-all.mjs	2026-10-08T08:09:05.9489100Z ✔ the research command spec factory keeps the donor allow-list text and limits (1.1999ms)
gateway-web	Run node city/test-all.mjs	2026-10-08T08:09:05.9490652Z ✔ index.mjs is the one export site and exposes exactly the ported surface (0.662ms)
gateway-web	Run node city/test-all.mjs	2026-10-08T08:09:05.9492685Z ✔ the module is self-contained and pure: nothing outside its directory, no clock, no randomness (26.6129ms)
gateway-web	Run node city/test-all.mjs	2026-10-08T08:09:05.9495683Z ✔ the transition graph is the donor table and covers every state (3.2201ms)
gateway-web	Run node city/test-all.mjs	2026-10-08T08:09:05.9498126Z ✔ the main flow advances in the plan order and stops at READY (0.3879ms)
gateway-web	Run node city/test-all.mjs	2026-10-08T08:09:05.9500332Z ✔ a control state has no successor unless control transitions are allowed (0.4366ms)
gateway-web	Run node city/test-all.mjs	2026-10-08T08:09:05.9502200Z ✔ canAdvance refuses FAILED, READY and the two waiting states (0.3091ms)
gateway-web	Run node city/test-all.mjs	2026-10-08T08:09:05.9503784Z ✔ the IR gate accepts a complete IR and refuses with the donor messages (2.5388ms)
gateway-web	Run node city/test-all.mjs	2026-10-08T08:09:05.9506470Z ✔ the canonical form sorts keys recursively and hashes through the injected digest (1.8706ms)
gateway-web	Run node city/test-all.mjs	2026-10-08T08:09:05.9508264Z ✔ the scientific core is the donor field set, exclusion rule optional (1.2634ms)
gateway-web	Run node city/test-all.mjs	2026-10-08T08:09:05.9510329Z ✔ diffProtocol reports a silent change only for a differing frozen field (0.7889ms)
gateway-web	Run node city/test-all.mjs	2026-10-08T08:09:05.9513025Z ✔ the amendment gate refuses with the donor messages and accepts a frozen-field change (0.8627ms)
gateway-web	Run node city/test-all.mjs	2026-10-08T08:09:05.9515748Z ✔ a declared baseline is honoured, an unknown source becomes implementation-declared (0.6636ms)
gateway-web	Run node city/test-all.mjs	2026-10-08T08:09:05.9518260Z ✔ with no declared baseline the host infers a named provenance and records why (0.3744ms)
gateway-web	Run node city/test-all.mjs	2026-10-08T08:09:05.9519749Z ✔ every stage routes to the donor role, and only to a declared role (1.2956ms)
gateway-web	Run node city/test-all.mjs	2026-10-08T08:09:05.9521279Z ✔ every stage expects the donor artifact kind, and only a declared kind (0.2908ms)
gateway-web	Run node city/test-all.mjs	2026-10-08T08:09:05.9522807Z ✔ an unknown stage is not rejected here: the donor lookup yields undefined (0.1503ms)
gateway-web	Run node city/test-all.mjs	2026-10-08T08:09:05.9524469Z ✔ a stage artifact is a typed skeleton with a deterministic id (1.1331ms)
gateway-web	Run node city/test-all.mjs	2026-10-08T08:09:05.9525959Z ✔ the clock is an injected parameter and its default is the deterministic epoch (1.0037ms)
gateway-web	Run node city/test-all.mjs	2026-10-08T08:09:05.9527997Z ✔ the summary is truncated to 500 characters and the payload is copied (0.228ms)
gateway-web	Run node city/test-all.mjs	2026-10-08T08:09:05.9530801Z ✔ a verified record renders as the donor renders it, field for field (3.1315ms)
gateway-web	Run node city/test-all.mjs	2026-10-08T08:09:05.9532801Z ✔ the entry key is the sanitised id, with the donor fallbacks (0.4638ms)
gateway-web	Run node city/test-all.mjs	2026-10-08T08:09:05.9534955Z ✔ author and title fall back exactly where the donor falls back, and nowhere else (0.439ms)
gateway-web	Run node city/test-all.mjs	2026-10-08T08:09:05.9538754Z ✔ only the four verified statuses are included, and nothing is deduplicated (0.606ms)
gateway-web	Run node city/test-all.mjs	2026-10-08T08:09:05.9582293Z ✔ referencesBib writes the count header, the blank-line separation and the placeholder (1.0364ms)
gateway-web	Run node city/test-all.mjs	2026-10-08T08:09:05.9591119Z ✔ the bibliography renders records and validates nothing, exactly as the donor does (0.8871ms)
gateway-web	Run node city/test-all.mjs	2026-10-08T08:09:05.9595979Z ✔ the ladder returns exactly the status the evidence reaches, in the donor order (3.9359ms)
gateway-web	Run node city/test-all.mjs	2026-10-08T08:09:05.9597772Z ✔ a primary claim is refused while any citation is UNSUPPORTED (0.5722ms)
gateway-web	Run node city/test-all.mjs	2026-10-08T08:09:05.9606839Z ✔ the audit summarises the records it was given, without inventing citations (0.7012ms)
gateway-web	Run node city/test-all.mjs	2026-10-08T08:09:05.9608230Z ✔ the frozen vocabularies are the donor ladder and status sets, frozen (2.8543ms)
gateway-web	Run node city/test-all.mjs	2026-10-08T08:09:05.9609755Z ✔ citationRecord validates first and copies, so a validated record cannot be mutated through the caller (0.9728ms)
gateway-web	Run node city/test-all.mjs	2026-10-08T08:09:05.9611337Z ✔ citationRecord never repairs the input it refuses, and never rewrites what it accepts (3.0783ms)
gateway-web	Run node city/test-all.mjs	2026-10-08T08:09:05.9612815Z ✔ humanResearchInput validates with the donor rules and copies the arrays it is given (0.5878ms)
gateway-web	Run node city/test-all.mjs	2026-10-08T08:09:05.9614270Z ✔ validateHumanResearchInput refuses with the donor messages, in the donor order (2.7006ms)
gateway-web	Run node city/test-all.mjs	2026-10-08T08:09:05.9615747Z ✔ the module set is self-contained: no runtime, no clock, no randomness, no sibling import (12.901ms)
gateway-web	Run node city/test-all.mjs	2026-10-08T08:09:05.9617388Z ✔ the run id is the question slug plus injected entropy, never a timestamp (4.443ms)
gateway-web	Run node city/test-all.mjs	2026-10-08T08:09:05.9618742Z ✔ humanResearchToIR builds the donor IR, with the donor defaults and the injected clock (4.1348ms)
gateway-web	Run node city/test-all.mjs	2026-10-08T08:09:05.9620101Z ✔ the input rules are the donor rules, reachable through the exported validator (1.1346ms)
gateway-web	Run node city/test-all.mjs	2026-10-08T08:09:05.9621450Z ✔ the constructor factories carry the adjudication shapes, and the default is one vote (2.9908ms)
gateway-web	Run node city/test-all.mjs	2026-10-08T08:09:05.9622716Z ✔ only the votes bound to the evidence claim are counted (0.2872ms)
gateway-web	Run node city/test-all.mjs	2026-10-08T08:09:05.9623842Z ✔ adoption needs both evidence flags: evidence outranks any number of votes (0.4808ms)
gateway-web	Run node city/test-all.mjs	2026-10-08T08:09:05.9625242Z ✔ with decisive evidence, the required-vote threshold decides, at and either side of it (0.4646ms)
gateway-web	Run node city/test-all.mjs	2026-10-08T08:09:05.9626423Z ✔ a non-supporting stance never counts as concurrence (0.3198ms)
gateway-web	Run node city/test-all.mjs	2026-10-08T08:09:05.9627531Z ✔ verifiedCitations is declared but never read, exactly as in the donor (0.3019ms)
gateway-web	Run node city/test-all.mjs	2026-10-08T08:09:05.9628842Z ✔ the plan carries every registered capability, in registry order, and nothing else (2.5519ms)
gateway-web	Run node city/test-all.mjs	2026-10-08T08:09:05.9629983Z ✔ an empty profile needs exactly the always-on five (0.5274ms)
gateway-web	Run node city/test-all.mjs	2026-10-08T08:09:05.9631016Z ✔ bindsCitations is a truthiness test, exactly as the donor has it (0.3846ms)
gateway-web	Run node city/test-all.mjs	2026-10-08T08:09:05.9632394Z ✔ a formal protocol needs the methodology critic, and nothing else beyond the always-on five (0.2987ms)
gateway-web	Run node city/test-all.mjs	2026-10-08T08:09:05.9633727Z ✔ quantitative experiments drive the quantitative capability set (0.2942ms)
gateway-web	Run node city/test-all.mjs	2026-10-08T08:09:05.9635092Z ✔ hasArchitecture is a Boolean() test and hasMultipleReviewers is a strict === true test (0.3961ms)
gateway-web	Run node city/test-all.mjs	2026-10-08T08:09:05.9636696Z ✔ every registry row is the donor row, and every planned status is a refused-or-accepted donor status (0.497ms)
gateway-web	Run node city/test-all.mjs	2026-10-08T08:09:05.9638530Z ✔ the refusal path refuses anything that is not a donor capability status (1.0719ms)
gateway-web	Run node city/test-all.mjs	2026-10-08T08:09:05.9639843Z ✔ the frozen vocabularies are the donor vocabularies in the donor order (2.3399ms)
gateway-web	Run node city/test-all.mjs	2026-10-08T08:09:05.9641153Z ✔ the capability registry is byte-identical to the donor and pinned by digest (0.8304ms)
gateway-web	Run node city/test-all.mjs	2026-10-08T08:09:05.9642651Z ✔ the thresholds are the donor thresholds, pinned exactly (0.2271ms)
gateway-web	Run node city/test-all.mjs	2026-10-08T08:09:05.9643741Z ✔ the factories copy on construct and enforce the declared shape (2.0924ms)
gateway-web	Run node city/test-all.mjs	2026-10-08T08:09:05.9644967Z ✔ candidateQuestion enforces the donor limit and copies the optional fields (0.4982ms)
gateway-web	Run node city/test-all.mjs	2026-10-08T08:09:05.9646311Z ✔ validateCandidateQuestion is the donor check: exact messages and order (0.5561ms)
gateway-web	Run node city/test-all.mjs	2026-10-08T08:09:05.9648002Z ✔ validateLevelAPlan is the donor check: exact messages, order and boundaries (0.7623ms)
gateway-web	Run node city/test-all.mjs	2026-10-08T08:09:05.9649540Z ✔ isResearchCapabilityStatus refuses anything that is not a donor status (0.2923ms)
gateway-web	Run node city/test-all.mjs	2026-10-08T08:09:05.9650768Z ✔ index.mjs is the single export site, and its surface is pinned (2.6593ms)
gateway-web	Run node city/test-all.mjs	2026-10-08T08:09:05.9653243Z ✔ the module is self-contained and pure: only relative imports, no clock, no randomness, no environment (14.2767ms)
gateway-web	Run node city/test-all.mjs	2026-10-08T08:09:05.9654674Z ✔ no new delayed-learning or Machine Intelligence research direction was added (8.4019ms)
gateway-web	Run node city/test-all.mjs	2026-10-08T08:09:05.9655941Z ✔ the donor levela -> levelb value edge is preserved, and never reversed (7.6447ms)
gateway-web	Run node city/test-all.mjs	2026-10-08T08:09:05.9657006Z ✔ the novelty review scores exactly the donor arithmetic (2.8259ms)
gateway-web	Run node city/test-all.mjs	2026-10-08T08:09:05.9658125Z ✔ the A/B value edge is real: falsifiability is worth exactly +2 feasibility (0.3671ms)
gateway-web	Run node city/test-all.mjs	2026-10-08T08:09:05.9659187Z ✔ noveltyReview adds no validation rung of its own (0.2365ms)
gateway-web	Run node city/test-all.mjs	2026-10-08T08:09:05.9660142Z ✔ levelAGate decides at 2.0 on each score, novelty first (0.4923ms)
gateway-web	Run node city/test-all.mjs	2026-10-08T08:09:05.9661286Z ✔ buildExperimentSpec clamps, defaults and stamps, with the clock injected (0.6007ms)
gateway-web	Run node city/test-all.mjs	2026-10-08T08:09:05.9662647Z ✔ validateLevelAPlan is reachable from the levela module and the export site alike (0.1756ms)
gateway-web	Run node city/test-all.mjs	2026-10-08T08:09:05.9663925Z ✔ the Level-A plan gate reports the donor messages at every boundary (0.7181ms)
gateway-web	Run node city/test-all.mjs	2026-10-08T08:09:05.9665440Z ✔ isFalsifiable requires both flags and uses the donor truthiness test (1.6028ms)
gateway-web	Run node city/test-all.mjs	2026-10-08T08:09:05.9666991Z ✔ selectFalsifiableQuestion rejects with the donor reason and never drops a candidate (1.5442ms)
gateway-web	Run node city/test-all.mjs	2026-10-08T08:09:05.9668846Z ✔ a selection with nothing ready distinguishes "no candidates" from "no falsifiable candidate" (0.3554ms)
gateway-web	Run node city/test-all.mjs	2026-10-08T08:09:05.9670447Z ✔ ranking is novelty + feasibility with a ?? 0 default, and a tie keeps the earlier candidate (0.5435ms)
gateway-web	Run node city/test-all.mjs	2026-10-08T08:09:05.9671788Z ✔ the donor candidate check runs before selection, with its exact messages (0.7208ms)
gateway-web	Run node city/test-all.mjs	2026-10-08T08:09:05.9672963Z ✔ the review module re-exports the donor role vocabulary unchanged (2.7258ms)
gateway-web	Run node city/test-all.mjs	2026-10-08T08:09:05.9674254Z ✔ respondToObjections appends, replaces in place, and refuses an unknown objection (0.9813ms)
gateway-web	Run node city/test-all.mjs	2026-10-08T08:09:05.9675622Z ✔ reviewRoundSettled reports open objections and violations, in objection order (0.7147ms)
gateway-web	Run node city/test-all.mjs	2026-10-08T08:09:05.9676881Z ✔ metaReview approves only a settled round whose revisions landed (0.4732ms)
gateway-web	Run node city/test-all.mjs	2026-10-08T08:09:05.9678031Z ✔ metaReview reads revisedSections directly, exactly as the donor does (0.783ms)
gateway-web	Run node city/test-all.mjs	2026-10-08T08:09:05.9679256Z ✔ publicationReady reports the four publication gates in the donor order (0.73ms)
gateway-web	Run node city/test-all.mjs	2026-10-08T08:09:05.9680619Z ✔ the frozen vocabularies are exactly the donor five domains, five statuses and seven gates (3.5722ms)
gateway-web	Run node city/test-all.mjs	2026-10-08T08:09:05.9681981Z ✔ the contracts validate the declared shapes and never repair an invalid value (1.5108ms)
gateway-web	Run node city/test-all.mjs	2026-10-08T08:09:05.9683248Z ✔ READY passes only with the full §34 artifact chain and an approving review (0.8324ms)
gateway-web	Run node city/test-all.mjs	2026-10-08T08:09:05.9684573Z ✔ REJECTED is a PASS only when the evidence is complete and the hypothesis unsupported (0.5029ms)
gateway-web	Run node city/test-all.mjs	2026-10-08T08:09:05.9685848Z ✔ REPLICATION_FAILED is a PASS only when the failure is actually recorded (0.3967ms)
gateway-web	Run node city/test-all.mjs	2026-10-08T08:09:05.9686978Z ✔ INCONCLUSIVE needs only execution evidence and statistics (0.2931ms)
gateway-web	Run node city/test-all.mjs	2026-10-08T08:09:05.9688387Z ✔ INSUFFICIENT_EVIDENCE needs only a protocol and an execution trail (0.372ms)
gateway-web	Run node city/test-all.mjs	2026-10-08T08:09:05.9689708Z ✔ an undeclared terminal status reaches the donor last branch rather than being gated (0.3055ms)
gateway-web	Run node city/test-all.mjs	2026-10-08T08:09:05.9691243Z ✔ the battery declares one honest scenario per domain and scores every path (0.6513ms)
gateway-web	Run node city/test-all.mjs	2026-10-08T08:09:05.9692580Z ✔ runResearchBattery reports the donor verdicts and reason strings in scenario order (0.8815ms)
gateway-web	Run node city/test-all.mjs	2026-10-08T08:09:05.9693972Z ✔ the battery module imports only its siblings and stays free of the donor runtime (16.1898ms)
gateway-web	Run node city/test-all.mjs	2026-10-08T08:09:05.9695238Z ✔ mean and median reproduce the donor arithmetic and its empty-sample NaN (3.098ms)
gateway-web	Run node city/test-all.mjs	2026-10-08T08:09:05.9696648Z ✔ standardDeviation switches between sample and population exactly at its declared boundaries (0.3468ms)
gateway-web	Run node city/test-all.mjs	2026-10-08T08:09:05.9697769Z ✔ describe packages the donor four fields (0.4469ms)
gateway-web	Run node city/test-all.mjs	2026-10-08T08:09:05.9699763Z ✔ confidenceInterval is the normal approximation with the donor default z (0.5737ms)
gateway-web	Run node city/test-all.mjs	2026-10-08T08:09:05.9700997Z ✔ mulberry32 is the donor LCG: seed-normalised, reproducible and bounded (0.5753ms)
gateway-web	Run node city/test-all.mjs	2026-10-08T08:09:05.9702345Z ✔ bootstrapCi resamples deterministically at the donor defaults and alpha indices (16.2219ms)
gateway-web	Run node city/test-all.mjs	2026-10-08T08:09:05.9703418Z ✔ effectSize is the donor's pooled Cohen's d (0.5854ms)
gateway-web	Run node city/test-all.mjs	2026-10-08T08:09:05.9704435Z ✔ oneSampleEffectSize is (mean − baseline) / sd and NaN when underpowered (0.4055ms)
gateway-web	Run node city/test-all.mjs	2026-10-08T08:09:05.9705633Z ✔ oneSamplePermutationP is the seeded sign-permutation fraction (19.595ms)
gateway-web	Run node city/test-all.mjs	2026-10-08T08:09:05.9706909Z ✔ permutationP keeps the donor's paired and unpaired paths, seeds and boundaries (37.1806ms)
gateway-web	Run node city/test-all.mjs	2026-10-08T08:09:05.9708473Z ✔ proportion refuses a non-positive denominator instead of inventing a number (0.3382ms)
gateway-web	Run node city/test-all.mjs	2026-10-08T08:09:05.9712079Z ✔ every pinned literal is verbatim node -e output at full precision (0.4582ms)
gateway-web	Run node city/test-all.mjs	2026-10-08T08:09:05.9713576Z ✔ the module is pure: no clock, no randomness beyond the seed, no io (21.8893ms)
gateway-web	Run node city/test-all.mjs	2026-10-08T08:09:05.9715345Z ✔ trust ordering and query filters match the donor (10.7537ms)
gateway-web	Run node city/test-all.mjs	2026-10-08T08:09:05.9716974Z ✔ retrieval is trust-ordered, recency-broken and within the character budget (28.8652ms)
gateway-web	Run node city/test-all.mjs	2026-10-08T08:09:05.9719033Z ✔ taxonomy and the deterministic domain router match the donor (2.0616ms)
gateway-web	Run node city/test-all.mjs	2026-10-08T08:09:05.9720314Z ✔ goal reranking prefers relevance, then trust, then recency (0.6201ms)
gateway-web	Run node city/test-all.mjs	2026-10-08T08:09:05.9721907Z ✔ planRetrieval combines routing, reranking and the budget in one call (0.7756ms)
gateway-web	Run node city/test-all.mjs	2026-10-08T08:09:05.9723430Z ✔ supersession and conflict metadata is reported honestly (0.7837ms)
gateway-web	Run node city/test-all.mjs	2026-10-08T08:09:05.9724968Z ✔ the module is self-contained: built-ins only, no Boss store dependency (17.3869ms)
gateway-web	Run node city/test-all.mjs	2026-10-08T08:09:05.9726659Z ✔ provenance stays honest: DONOR.json pins the donor and records the adaptation (1.7173ms)
gateway-web	Run node city/test-all.mjs	2026-10-08T08:09:05.9728252Z ✔ every sample is a real document of its kind, built in memory (32.25ms)
gateway-web	Run node city/test-all.mjs	2026-10-08T08:09:05.9729795Z ✔ the three adapters decode their own sample with the real engines (601.3992ms)
gateway-web	Run node city/test-all.mjs	2026-10-08T08:09:05.9731391Z ✔ a refused document fails closed in every adapter, with its own code (1.1416ms)
gateway-web	Run node city/test-all.mjs	2026-10-08T08:09:05.9732967Z ✔ every adapter carries the same fail-closed default limits shape (0.2473ms)
gateway-web	Run node city/test-all.mjs	2026-10-08T08:09:05.9734137Z ✔ default limits and typed error match the donor (2.9351ms)
gateway-web	Run node city/test-all.mjs	2026-10-08T08:09:05.9735718Z ✔ converter seam extracts, splits paragraphs, maps headings/bullets and truncates (1.5407ms)
gateway-web	Run node city/test-all.mjs	2026-10-08T08:09:05.9737491Z ✔ html converter seam maps h1..h6 and list items, and truncates on its own budget (1.3651ms)
gateway-web	Run node city/test-all.mjs	2026-10-08T08:09:05.9739511Z ✔ guards fail closed before any converter runs (1.0214ms)
gateway-web	Run node city/test-all.mjs	2026-10-08T08:09:05.9740399Z ✔ a ZIP that is not a DOCX is CORRUPT_DOCX, not a crash (170.2281ms)
gateway-web	Run node city/test-all.mjs	2026-10-08T08:09:05.9741521Z ✔ real engine: mammoth parses the synthetic DOCX through the bridge (110.1919ms)
gateway-web	Run node city/test-all.mjs	2026-10-08T08:09:05.9742797Z ✔ paragraph splitting counts characters and paragraphs exactly as the donor (0.4874ms)
gateway-web	Run node city/test-all.mjs	2026-10-08T08:09:05.9743916Z ✔ quarantine: docx.mjs imports only the engine seam and node: builtins (3.6341ms)
gateway-web	Run node city/test-all.mjs	2026-10-08T08:09:05.9766096Z ✔ every engine is named in one module and resolves from the city tree (15.626ms)
gateway-web	Run node city/test-all.mjs	2026-10-08T08:09:05.9767314Z ✔ the engines really load and expose what the readers need (422.3071ms)
gateway-web	Run node city/test-all.mjs	2026-10-08T08:09:05.9768322Z ✔ a missing install is an installation problem, not a broken document (0.2419ms)
gateway-web	Run node city/test-all.mjs	2026-10-08T08:09:05.9769215Z ✔ limits and verbosity mirror the donor exactly (2.5696ms)
gateway-web	Run node city/test-all.mjs	2026-10-08T08:09:05.9769913Z ✔ PdfError carries its name and code (0.398ms)
gateway-web	Run node city/test-all.mjs	2026-10-08T08:09:05.9770897Z ✔ inspectPdfHeader accepts a real PDF and rejects other payloads with typed errors (0.8554ms)
gateway-web	Run node city/test-all.mjs	2026-10-08T08:09:05.9772070Z ✔ extractPdf decodes a synthetic one-page PDF through the real engine (298.6739ms)
gateway-web	Run node city/test-all.mjs	2026-10-08T08:09:05.9773125Z ✔ extractPdf honours the page cap and warns about the unread pages (16.432ms)
gateway-web	Run node city/test-all.mjs	2026-10-08T08:09:05.9775019Z ✔ extractPdf fails closed on a truncated or corrupt document (7.7342ms)
gateway-web	Run node city/test-all.mjs	2026-10-08T08:09:05.9776085Z ✔ extractPdf rejects over-limit bytes before the engine is consulted (0.3684ms)
gateway-web	Run node city/test-all.mjs	2026-10-08T08:09:05.9777046Z ✔ extractPdf is deterministic for identical bytes (11.587ms)
gateway-web	Run node city/test-all.mjs	2026-10-08T08:09:05.9777774Z ✔ the port keeps its engine quarantine (9.6028ms)
gateway-web	Run node city/test-all.mjs	2026-10-08T08:09:05.9778690Z ✔ a sheet with shared strings extracts the expected rows, part and used range (26.5877ms)
gateway-web	Run node city/test-all.mjs	2026-10-08T08:09:05.9780262Z ✔ the markdown rendering is a real table with a header row and a separator row (2.8294ms)
gateway-web	Run node city/test-all.mjs	2026-10-08T08:09:05.9781366Z ✔ the synthetic package is a real ZIP the engine itself can open (2.9913ms)
gateway-web	Run node city/test-all.mjs	2026-10-08T08:09:05.9782493Z ✔ a formula without a cached value warns and is never given an invented result (2.9717ms)
gateway-web	Run node city/test-all.mjs	2026-10-08T08:09:05.9783517Z ✔ two extractions of the same bytes are deeply equal (3.4804ms)
gateway-web	Run node city/test-all.mjs	2026-10-08T08:09:05.9784794Z ✔ sheets beyond limits.maxSheets are reported, not silently dropped (2.3405ms)
gateway-web	Run node city/test-all.mjs	2026-10-08T08:09:05.9786038Z ✔ a payload that is not a ZIP fails closed as NOT_XLSX (a truncated one as CORRUPT_XLSX) (7.9377ms)
gateway-web	Run node city/test-all.mjs	2026-10-08T08:09:05.9787410Z ✔ an archive above limits.maxEntries or limits.maxBytes fails closed as TOO_LARGE (2.1315ms)
gateway-web	Run node city/test-all.mjs	2026-10-08T08:09:05.9788656Z ✔ an entry expanding above limits.maxEntryBytes fails closed as TOO_LARGE (3.8827ms)
gateway-web	Run node city/test-all.mjs	2026-10-08T08:09:05.9790422Z ✔ DEFAULT_XLSX_LIMITS carries the donor pin and is frozen (0.3618ms)
gateway-web	Run node city/test-all.mjs	2026-10-08T08:09:05.9791942Z ✔ the reader is quarantined: the engine seam and the core, never fflate (15.3394ms)
gateway-web	Run node city/test-all.mjs	2026-10-08T08:09:05.9797706Z ✔ encoding detection follows BOMs, validates UTF-8 and refuses to guess silently (2.2819ms)
gateway-web	Run node city/test-all.mjs	2026-10-08T08:09:05.9801555Z ✔ markdown and plain text split into offset-preserving sections (1.9497ms)
gateway-web	Run node city/test-all.mjs	2026-10-08T08:09:05.9803042Z ✔ JSON, JSON Lines and structured sections match the donor (54.4241ms)
gateway-web	Run node city/test-all.mjs	2026-10-08T08:09:05.9804467Z ✔ CSV and TSV parsing matches the donor, including quoted fields and limits (1.6873ms)
gateway-web	Run node city/test-all.mjs	2026-10-08T08:09:05.9805655Z ✔ XML helpers decode entities and extract text runs exactly once (1.2899ms)
gateway-web	Run node city/test-all.mjs	2026-10-08T08:09:05.9806799Z ✔ format detection names the parser, including the completed YAML branch (0.4072ms)
gateway-web	Run node city/test-all.mjs	2026-10-08T08:09:05.9808051Z ✔ the module carries no parser of its own: the YAML package stays behind the seam (11.718ms)
gateway-web	Run node city/test-all.mjs	2026-10-08T08:09:05.9809273Z ✔ provenance stays honest: DONOR.json records both waves of this module (1.6817ms)
gateway-web	Run node city/test-all.mjs	2026-10-08T08:09:05.9810458Z ✔ the extension decides the order, and the YAML branch is a real format now (2.9244ms)
gateway-web	Run node city/test-all.mjs	2026-10-08T08:09:05.9811606Z ✔ a .yaml document is parsed as YAML with nested maps and sequences (55.2402ms)
gateway-web	Run node city/test-all.mjs	2026-10-08T08:09:05.9812660Z ✔ the non-YAML fallback is reported, exactly as the donor does (1.5794ms)
gateway-web	Run node city/test-all.mjs	2026-10-08T08:09:05.9813725Z ✔ invalid input fails closed with one reason and the parser detail (16.4503ms)
gateway-web	Run node city/test-all.mjs	2026-10-08T08:09:05.9814732Z ✔ the intake is deterministic, and every guard is real (8.2368ms)
gateway-web	Run node city/test-all.mjs	2026-10-08T08:09:05.9816602Z ✔ the module never names the package outside the seam (9.5711ms)
gateway-web	Run node city/test-all.mjs	2026-10-08T08:09:05.9817685Z ✔ the dependency is quarantined in one file and resolves from the city tree (57.7707ms)
gateway-web	Run node city/test-all.mjs	2026-10-08T08:09:05.9819074Z ✔ a YAML document parses into plain data, including nested maps and sequences (12.0285ms)
gateway-web	Run node city/test-all.mjs	2026-10-08T08:09:05.9820294Z ✔ a malformed document fails closed with a typed error carrying the reason (2.8951ms)
gateway-web	Run node city/test-all.mjs	2026-10-08T08:09:05.9821376Z ✔ the limits are real: size and alias count are both bounded (5.4029ms)
gateway-web	Run node city/test-all.mjs	2026-10-08T08:09:05.9822449Z ✔ a missing package is an installation problem, not an invalid document (1.2588ms)
gateway-web	Run node city/test-all.mjs	2026-10-08T08:09:05.9823627Z ✔ the ordered gate chain is the donor's seven-value literal, in order, frozen (3.5071ms)
gateway-web	Run node city/test-all.mjs	2026-10-08T08:09:05.9825162Z ✔ a fully-ready probe is ready with no blockers and echoes the caller's facts (0.4088ms)
gateway-web	Run node city/test-all.mjs	2026-10-08T08:09:05.9826348Z ✔ a non-ready DOM blocks with exactly the failing gates, in gate order (0.2805ms)
gateway-web	Run node city/test-all.mjs	2026-10-08T08:09:05.9827474Z ✔ an empty probe is ready: absence of every fact is 'unknown ⇒ pass' (0.1572ms)
gateway-web	Run node city/test-all.mjs	2026-10-08T08:09:05.9828469Z ✔ each gate blocks only on its own explicit failing fact (0.5746ms)
gateway-web	Run node city/test-all.mjs	2026-10-08T08:09:05.9829510Z ✔ blockers accumulate in gate order across all seven gates at once (0.1915ms)
gateway-web	Run node city/test-all.mjs	2026-10-08T08:09:05.9830551Z ✔ post-action verification never assumes a change happened (0.1859ms)
gateway-web	Run node city/test-all.mjs	2026-10-08T08:09:05.9831669Z ✔ bounded escalation: bounded retry → selector refresh → alternate strategy (0.182ms)
gateway-web	Run node city/test-all.mjs	2026-10-08T08:09:05.9832891Z ✔ the retry bounds are the donor's arithmetic for every maxBoundedRetries (0.3569ms)
gateway-web	Run node city/test-all.mjs	2026-10-08T08:09:05.9834174Z ✔ the read and mutation action lists are the donor's literals, in order, frozen (1.9434ms)
gateway-web	Run node city/test-all.mjs	2026-10-08T08:09:05.9835378Z ✔ §26 every CU_REPAIR need is classified from the donor's phrase sets (0.9012ms)
gateway-web	Run node city/test-all.mjs	2026-10-08T08:09:05.9836491Z ✔ §26 every HUMAN_REQUIRED phrase gates the page away from CU repair (0.3141ms)
gateway-web	Run node city/test-all.mjs	2026-10-08T08:09:05.9840180Z ✔ §26 NOT_REPAIRABLE is the fallthrough: unknown failures are never guessed into a mutation (0.1874ms)
gateway-web	Run node city/test-all.mjs	2026-10-08T08:09:05.9842426Z ✔ §26 classification lowercases the reason with toLocaleLowerCase, as the donor does (0.2398ms)
gateway-web	Run node city/test-all.mjs	2026-10-08T08:09:05.9844331Z ✔ §24 tierForTarget maps every kind to the donor's tier, unknown kinds to 6 (0.2278ms)
gateway-web	Run node city/test-all.mjs	2026-10-08T08:09:05.9846237Z ✔ §28 geometryTargetValid only guards ICON and POINT, and needs truthy finite frameRevisionAt + boundedRegion (0.3274ms)
gateway-web	Run node city/test-all.mjs	2026-10-08T08:09:05.9848754Z ✔ §26 READY: a SEND plan is read_page → click_control → verify_state with a revisioned ICON affordance (0.4661ms)
gateway-web	Run node city/test-all.mjs	2026-10-08T08:09:05.9850690Z ✔ §26 READY: an INPUT plan inserts submit when the submit grant is present (0.2215ms)
gateway-web	Run node city/test-all.mjs	2026-10-08T08:09:05.9852596Z ✔ §26 the INPUT chain is still READY without the submit grant (3 steps is the donor's floor) (0.3502ms)
gateway-web	Run node city/test-all.mjs	2026-10-08T08:09:05.9854781Z ✔ §26 DRIFT and STRUCTURE plans are ROLE-targeted and never geometry (0.3201ms)
gateway-web	Run node city/test-all.mjs	2026-10-08T08:09:05.9856759Z ✔ §26 DENIED when the required mutation grant is missing, naming the action (fail closed) (0.306ms)
gateway-web	Run node city/test-all.mjs	2026-10-08T08:09:05.9858800Z ✔ §28 UNCERTAIN when the ICON affordance has no usable frame revision (the now === 0 default) (1.4505ms)
gateway-web	Run node city/test-all.mjs	2026-10-08T08:09:05.9860726Z ✔ DEFECT PINNED: the read_page denial branch of buildRepairPlan is unreachable (0.4445ms)
gateway-web	Run node city/test-all.mjs	2026-10-08T08:09:05.9863092Z ✔ §29 grantedComputerActions maps only exact computer:<action> entries, trimming surrounding space (0.5856ms)
gateway-web	Run node city/test-all.mjs	2026-10-08T08:09:05.9864926Z ✔ §29 a granted read action alone never unlocks a mutation (0.214ms)
gateway-web	Run node city/test-all.mjs	2026-10-08T08:09:05.9866633Z ✔ §25 verdictForOutcome is VERIFIED only when the post-condition was observed (0.1378ms)
gateway-web	Run node city/test-all.mjs	2026-10-08T08:09:05.9868487Z ✔ DEFECT PINNED: verdictForOutcome can never return its exported ACTED status (0.2633ms)
gateway-web	Run node city/test-all.mjs	2026-10-08T08:09:05.9870186Z ✔ §38 planSummary reports steps, actions and only a present reason, in the donor's key order (0.52ms)
gateway-web	Run node city/test-all.mjs	2026-10-08T08:09:05.9871881Z ✔ DOM_TARGET_PREFIX is the donor's literal and the read/mutation sets are its neighbours (2.8178ms)
gateway-web	Run node city/test-all.mjs	2026-10-08T08:09:05.9875815Z ✔ parseDomTarget returns the parsed fields and undefined for non-dom or unparsable targets (0.6025ms)
gateway-web	Run node city/test-all.mjs	2026-10-08T08:09:05.9878079Z ✔ parseDomTarget throws on a malformed providerId and accepts the [a-zA-Z0-9_-] class (1.1008ms)
gateway-web	Run node city/test-all.mjs	2026-10-08T08:09:05.9880210Z ✔ supports: dom: targets with a selector for mutations and reads, nothing else (0.529ms)
gateway-web	Run node city/test-all.mjs	2026-10-08T08:09:05.9882376Z ✔ supports does not throw on a malformed providerId (the parse it uses is the lenient one) (0.3276ms)
gateway-web	Run node city/test-all.mjs	2026-10-08T08:09:05.9884731Z ✔ readinessScript is the donor's probe: found / visible / enabled / stableSamples from the live page (1.5368ms)
gateway-web	Run node city/test-all.mjs	2026-10-08T08:09:05.9886748Z ✔ readyOrBlocked returns null when the first probe is ready and probes exactly once (0.6113ms)
gateway-web	Run node city/test-all.mjs	2026-10-08T08:09:05.9888725Z ✔ readyOrBlocked uses the donor's default of 2 attempts and reports the last block reason (0.3277ms)
gateway-web	Run node city/test-all.mjs	2026-10-08T08:09:05.9891090Z ✔ readinessAttempts is honoured as a lower bound of 1, and the retry stops as soon as a probe is ready (0.8964ms)
gateway-web	Run node city/test-all.mjs	2026-10-08T08:09:05.9893390Z ✔ a null/undefined probe answer is treated as no facts, which is ready ('unknown ⇒ pass') (0.4107ms)
gateway-web	Run node city/test-all.mjs	2026-10-08T08:09:05.9895709Z ✔ the retry interval only delays when it is positive, and the page ref reaches every probe (12.7105ms)
gateway-web	Run node city/test-all.mjs	2026-10-08T08:09:05.9897454Z ✔ execute refuses an action without a dom: selector (0.5664ms)
gateway-web	Run node city/test-all.mjs	2026-10-08T08:09:05.9899009Z ✔ execute reports a supported-but-unhandled action as UNSUPPORTED (0.251ms)
gateway-web	Run node city/test-all.mjs	2026-10-08T08:09:05.9900823Z ✔ click_control reports SUCCESS on ok and FAILED with the surface's reason otherwise (0.3058ms)
gateway-web	Run node city/test-all.mjs	2026-10-08T08:09:05.9902768Z ✔ enter_text reports the donor's three outcomes: sent, not-found, unsupported-element (0.3898ms)
gateway-web	Run node city/test-all.mjs	2026-10-08T08:09:05.9904633Z ✔ submit reports SUCCESS on ok and FAILED with the surface's reason otherwise (0.2712ms)
gateway-web	Run node city/test-all.mjs	2026-10-08T08:09:05.9906145Z ✔ read_page returns the text as evidence (0.3002ms)
gateway-web	Run node city/test-all.mjs	2026-10-08T08:09:05.9907771Z ✔ DEFECT PINNED: read_page lacks the `?? { ok: false }` guard the other branches have (0.1772ms)
gateway-web	Run node city/test-all.mjs	2026-10-08T08:09:05.9909452Z ✔ verify_state checks expected ?? value against the page text (0.2093ms)
gateway-web	Run node city/test-all.mjs	2026-10-08T08:09:05.9911196Z ✔ DEFECT PINNED: verify_state with no expected AND no value is a free SUCCESS (0.1529ms)
gateway-web	Run node city/test-all.mjs	2026-10-08T08:09:05.9913014Z ✔ scripts embed JSON-escaped selectors and values, so nothing can break out (0.3532ms)
gateway-web	Run node city/test-all.mjs	2026-10-08T08:09:05.9914515Z ✔ a dom: providerId is forwarded to the page surface, and a provider-less target sends no page ref (0.2157ms)
gateway-web	Run node city/test-all.mjs	2026-10-08T08:09:05.9916111Z ✔ a surface that rejects is caught and truncated to 300 characters (0.2978ms)
gateway-web	Run node city/test-all.mjs	2026-10-08T08:09:05.9917374Z ✔ DEFECT PINNED: an invalid providerId rejects execute() instead of returning FAILED (0.3498ms)
gateway-web	Run node city/test-all.mjs	2026-10-08T08:09:05.9918894Z ✔ DEFECT PINNED: a JSON scalar in a dom: target destructures to all-undefined, and null is UNSUPPORTED (0.1973ms)
gateway-web	Run node city/test-all.mjs	2026-10-08T08:09:05.9920294Z ✔ preflightReadiness is OFF by default: a mutation proceeds without any probe (0.121ms)
gateway-web	Run node city/test-all.mjs	2026-10-08T08:09:05.9921691Z ✔ preflightReadiness probes before a mutation and refuses it while the page is not ready (0.187ms)
gateway-web	Run node city/test-all.mjs	2026-10-08T08:09:05.9923015Z ✔ preflightReadiness lets a ready page through and then performs the action (0.153ms)
gateway-web	Run node city/test-all.mjs	2026-10-08T08:09:05.9924255Z ✔ preflightReadiness applies to the three mutations only, never to a read (0.2774ms)
gateway-web	Run node city/test-all.mjs	2026-10-08T08:09:05.9925853Z ✔ the preflight probe carries the target's provider page ref (0.1404ms)
gateway-web	Run node city/test-all.mjs	2026-10-08T08:09:05.9927730Z ✔ the abort signal is accepted and ignored, exactly as the donor does (0.2439ms)
gateway-web	Run node city/test-all.mjs	2026-10-08T08:09:05.9929029Z ✔ the permission vocabulary is the donor's five kinds and four security classes, frozen (2.1253ms)
gateway-web	Run node city/test-all.mjs	2026-10-08T08:09:05.9930107Z ✔ EMPTY_MANIFEST is the donor's five empty scopes (0.5182ms)
gateway-web	Run node city/test-all.mjs	2026-10-08T08:09:05.9931187Z ✔ manifestAllows: an empty allow list denies everything, even a perfect match (0.3018ms)
gateway-web	Run node city/test-all.mjs	2026-10-08T08:09:05.9933531Z ✔ manifestAllows: an exact allow entry is allowed, a non-entry is not (0.1875ms)
gateway-web	Run node city/test-all.mjs	2026-10-08T08:09:05.9934735Z ✔ manifestAllows: an entry without a trailing slash is also a directory prefix (0.376ms)
gateway-web	Run node city/test-all.mjs	2026-10-08T08:09:05.9935825Z ✔ manifestAllows: a deny entry outranks any allow entry (0.3008ms)
gateway-web	Run node city/test-all.mjs	2026-10-08T08:09:05.9937067Z ✔ DEFECT PINNED: a trailing-slash entry is not equivalent to the bare entry (0.6136ms)
gateway-web	Run node city/test-all.mjs	2026-10-08T08:09:05.9938135Z ✔ manifestAllows reads only the scope it was asked about (0.1691ms)
gateway-web	Run node city/test-all.mjs	2026-10-08T08:09:05.9939422Z ✔ manifestNarrow reports task allow entries the workspace does not allow, as kind:allow:entry (0.4679ms)
gateway-web	Run node city/test-all.mjs	2026-10-08T08:09:05.9940739Z ✔ DEFECT PINNED: manifestNarrow never reports an over-broad task deny (0.4948ms)
gateway-web	Run node city/test-all.mjs	2026-10-08T08:09:05.9942015Z ✔ desktopMutationGate always allows the four read actions, with no manifest at all (0.3774ms)
gateway-web	Run node city/test-all.mjs	2026-10-08T08:09:05.9943356Z ✔ desktopMutationGate denies a mutation when there is no manifest (fails closed) (0.2613ms)
gateway-web	Run node city/test-all.mjs	2026-10-08T08:09:05.9944716Z ✔ desktopMutationGate denies a mutation when the manifest has no side-effect allow (0.2061ms)
gateway-web	Run node city/test-all.mjs	2026-10-08T08:09:05.9946554Z ✔ desktopMutationGate allows a mutation only when its computer:<action> entry is allow-listed (0.3044ms)
gateway-web	Run node city/test-all.mjs	2026-10-08T08:09:05.9947954Z ✔ desktopMutationGate lets a deny entry beat an allow entry for the same key (0.2558ms)
gateway-web	Run node city/test-all.mjs	2026-10-08T08:09:05.9949566Z ✔ a side-effect prefix entry cannot grant a computer: key, because the entry separator is / and the key separator is : (0.2038ms)
gateway-web	Run node city/test-all.mjs	2026-10-08T08:09:05.9950963Z ✔ DEFECT PINNED: a permitted verdict carries no reason key at all (0.2626ms)
gateway-web	Run node city/test-all.mjs	2026-10-08T08:09:05.9952108Z ✔ the read set and the mutation check are the only two paths through the gate (0.3295ms)
gateway-web	Run node city/test-all.mjs	2026-10-08T08:09:05.9953359Z ✔ evaluates scripts on the named provider WebContentsView and returns its value (3.0837ms)
gateway-web	Run node city/test-all.mjs	2026-10-08T08:09:05.9954690Z ✔ fails closed when the provider pane is closed, crashed, or the target is ambiguous (1.2457ms)
gateway-web	Run node city/test-all.mjs	2026-10-08T08:09:05.9956058Z ✔ a providerId that was never open reports the same 'not open' message as a closed one (0.3471ms)
gateway-web	Run node city/test-all.mjs	2026-10-08T08:09:05.9957190Z ✔ a destroyed pane short-circuits before the crash check (0.2589ms)
gateway-web	Run node city/test-all.mjs	2026-10-08T08:09:05.9958201Z ✔ returns real page content when the named provider pane is open (0.3008ms)
gateway-web	Run node city/test-all.mjs	2026-10-08T08:09:05.9959394Z ✔ the accessor is called freshly per lookup, so a pane that opens later is found (0.4771ms)
gateway-web	Run node city/test-all.mjs	2026-10-08T08:09:05.9960563Z ✔ only the script reaches executeJavaScript, with no extra argument (3.3064ms)
gateway-web	Run node city/test-all.mjs	2026-10-08T08:09:05.9961570Z ✔ a rejecting executeJavaScript propagates unchanged (0.3243ms)
gateway-web	Run node city/test-all.mjs	2026-10-08T08:09:05.9962619Z ✔ the composed surface drives the DOM backend end to end over a fake pane (0.6451ms)
gateway-web	Run node city/test-all.mjs	2026-10-08T08:09:05.9963752Z ✔ the nine action names are the donor's line-1 union, in order, frozen (1.8604ms)
gateway-web	Run node city/test-all.mjs	2026-10-08T08:09:05.9964915Z ✔ the six unconditional action names are accepted with just a name and target (0.387ms)
gateway-web	Run node city/test-all.mjs	2026-10-08T08:09:05.9966345Z ✔ every one of the nine action names passes the membership check itself (0.2274ms)
gateway-web	Run node city/test-all.mjs	2026-10-08T08:09:05.9967282Z ✔ a fully-populated action is accepted (0.2837ms)
gateway-web	Run node city/test-all.mjs	2026-10-08T08:09:05.9968463Z ✔ Invalid semantic action: a missing value, an unknown name, a bad or missing target, unknown keys (1.1133ms)
gateway-web	Run node city/test-all.mjs	2026-10-08T08:09:05.9969913Z ✔ Invalid semantic value: value/expected must be strings of at most 100000 characters (0.4398ms)
gateway-web	Run node city/test-all.mjs	2026-10-08T08:09:05.9971020Z ✔ Text value required: enter_text needs a string value (0.4716ms)
gateway-web	Run node city/test-all.mjs	2026-10-08T08:09:05.9972145Z ✔ Expected state required: verify_state and wait_for_state need expected or value (0.3785ms)
gateway-web	Run node city/test-all.mjs	2026-10-08T08:09:05.9973294Z ✔ Invalid semantic timeout: only finite numbers in [1, 120000] (0.4191ms)
gateway-web	Run node city/test-all.mjs	2026-10-08T08:09:05.9974276Z ✔ precedence: the first failing check is the one reported (0.3117ms)
gateway-web	Run node city/test-all.mjs	2026-10-08T08:09:05.9975313Z ✔ computerIntent opens the three apps it names, in both languages (1.4036ms)
gateway-web	Run node city/test-all.mjs	2026-10-08T08:09:05.9976288Z ✔ computerIntent reads the four fixed read commands (0.3085ms)
gateway-web	Run node city/test-all.mjs	2026-10-08T08:09:05.9977884Z ✔ computerIntent parameterises the terminal-log and browser-state forms (0.6021ms)
gateway-web	Run node city/test-all.mjs	2026-10-08T08:09:05.9979061Z ✔ computerIntent parses the desktop {…} JSON form and validates it (0.3812ms)
gateway-web	Run node city/test-all.mjs	2026-10-08T08:09:05.9980564Z ✔ DEFECT PINNED: a malformed desktop {…} body throws SyntaxError, it is not turned into undefined (0.1827ms)
gateway-web	Run node city/test-all.mjs	2026-10-08T08:09:05.9981885Z ✔ computerIntent returns undefined for anything it does not recognise (0.2435ms)
gateway-web	Run node city/test-all.mjs	2026-10-08T08:09:05.9983149Z ✔ DEFECT PINNED: the Chinese VS Code status form needs the donor's exact ASCII space (0.1842ms)
gateway-web	Run node city/test-all.mjs	2026-10-08T08:09:05.9984413Z ✔ the surface id vocabulary is the donor's 23 ids in the donor's order, frozen (2.9498ms)
gateway-web	Run node city/test-all.mjs	2026-10-08T08:09:05.9985442Z ✔ the registry version string is the donor's literal (0.1424ms)
gateway-web	Run node city/test-all.mjs	2026-10-08T08:09:05.9986667Z ✔ the eleven surface categories are the donor's, in order (0.2146ms)
gateway-web	Run node city/test-all.mjs	2026-10-08T08:09:05.9987795Z ✔ the §10 token groups are the donor's five groups and 31 names, in order (0.5012ms)
gateway-web	Run node city/test-all.mjs	2026-10-08T08:09:05.9988934Z ✔ tokenGroupOf resolves each group and rejects a token in no group (0.2802ms)
gateway-web	Run node city/test-all.mjs	2026-10-08T08:09:05.9990032Z ✔ knownToken accepts the §10 names and the six extras, nothing else (0.3032ms)
gateway-web	Run node city/test-all.mjs	2026-10-08T08:09:05.9991225Z ✔ defaultSurfaceContracts covers every §9 surface exactly once, in id order (1.2806ms)
gateway-web	Run node city/test-all.mjs	2026-10-08T08:09:05.9992667Z ✔ every contract row carries the donor's category, allowedProperties, defaultTokens and fallback (0.5438ms)
gateway-web	Run node city/test-all.mjs	2026-10-08T08:09:05.9994129Z ✔ the two fallback notes are the donor's strings and only BORDER/DIVIDER/SCROLLBAR inherit (0.4623ms)
gateway-web	Run node city/test-all.mjs	2026-10-08T08:09:05.9995397Z ✔ every contract reads only known tokens and allows at least one property (0.5301ms)
gateway-web	Run node city/test-all.mjs	2026-10-08T08:09:05.9996895Z ✔ defaultSurfaceContracts returns fresh arrays and fallback objects each call (0.3566ms)
gateway-web	Run node city/test-all.mjs	2026-10-08T08:09:05.9998115Z ✔ surfaceById finds a contract by id and returns undefined otherwise (0.2475ms)
gateway-web	Run node city/test-all.mjs	2026-10-08T08:09:05.9999435Z ✔ §9.1 an allowed property with a literal or a declared token is accepted, property normalised (0.949ms)
gateway-web	Run node city/test-all.mjs	2026-10-08T08:09:06.0000620Z ✔ §9.1 an unknown surface fails closed with UNKNOWN_SURFACE (0.2458ms)
gateway-web	Run node city/test-all.mjs	2026-10-08T08:09:06.0001722Z ✔ §9.1 a property the surface does not allow fails closed with UNKNOWN_PROPERTY (0.1973ms)
gateway-web	Run node city/test-all.mjs	2026-10-08T08:09:06.0002960Z ✔ §9.1 an empty value fails closed with EMPTY_VALUE, checked after the property (0.2175ms)
gateway-web	Run node city/test-all.mjs	2026-10-08T08:09:06.0004091Z ✔ §20 unsafe values fail closed with UNSAFE_VALUE, in pattern order (0.4846ms)
gateway-web	Run node city/test-all.mjs	2026-10-08T08:09:06.0005383Z ✔ DEFECT PINNED: the unsafe patterns match their substring anywhere, including benign values (0.221ms)
gateway-web	Run node city/test-all.mjs	2026-10-08T08:09:06.0006689Z ✔ DEFECT PINNED: the §10 token scan is var()-only and stops at an underscore (1.7756ms)
gateway-web	Run node city/test-all.mjs	2026-10-08T08:09:06.0007876Z ✔ DEFECT PINNED: LOCKED_SURFACE is unreachable with the donor's SEEDS table (0.2876ms)
gateway-web	Run node city/test-all.mjs	2026-10-08T08:09:06.0009020Z ✔ validateUISurfaceRegistry accepts a complete, honest registry (0.3824ms)
gateway-web	Run node city/test-all.mjs	2026-10-08T08:09:06.0010270Z ✔ validateUISurfaceRegistry reports every missing surface contract, in seed order (0.17ms)
gateway-web	Run node city/test-all.mjs	2026-10-08T08:09:06.0011857Z ✔ validateUISurfaceRegistry reports duplicate ids, empty properties, empty tokens and undeclared tokens (0.302ms)
gateway-web	Run node city/test-all.mjs	2026-10-08T08:09:06.0013488Z ✔ validateUISurfaceRegistry enforces the unbound list in both directions (0.4715ms)
gateway-web	Run node city/test-all.mjs	2026-10-08T08:09:06.0014635Z ✔ validateUISurfaceRegistry refuses an evidence-free binding (0.2278ms)
gateway-web	Run node city/test-all.mjs	2026-10-08T08:09:06.0015819Z ✔ summarizeUISurfaceRegistry reports every summary field from the registry (0.2404ms)
gateway-web	Run node city/test-all.mjs	2026-10-08T08:09:06.0017534Z ✔ summarizeUISurfaceRegistry counts bound surfaces and declared tokens, and copies its arrays (0.1799ms)
gateway-web	Run node city/test-all.mjs	2026-10-08T08:09:06.0018654Z ✔ the status vocabulary is the donor three (2.5314ms)
gateway-web	Run node city/test-all.mjs	2026-10-08T08:09:06.0019534Z ✔ the block reasons are the donor five, with the donor strings (0.217ms)
gateway-web	Run node city/test-all.mjs	2026-10-08T08:09:06.0020715Z ✔ the capability → controller table is the donor ten, and it is not the routing table (0.3122ms)
gateway-web	Run node city/test-all.mjs	2026-10-08T08:09:06.0022618Z ✔ controllerIdsFor maps a capability to its controllers and passes an unknown name through (0.287ms)
gateway-web	Run node city/test-all.mjs	2026-10-08T08:09:06.0024024Z ✔ capabilityIsUsable accepts a capability or a controller id and needs a real hit (0.3721ms)
gateway-web	Run node city/test-all.mjs	2026-10-08T08:09:06.0025205Z ✔ a healthy snapshot is healthy, and it echoes the donor fields (0.8279ms)
gateway-web	Run node city/test-all.mjs	2026-10-08T08:09:06.0026268Z ✔ the default snapshot is healthy but empty, with the donor defaults (0.2416ms)
gateway-web	Run node city/test-all.mjs	2026-10-08T08:09:06.0027361Z ✔ an explicitly degraded probe is degraded while staying available (0.2954ms)
gateway-web	Run node city/test-all.mjs	2026-10-08T08:09:06.0028596Z ✔ an unavailable controller is degraded, unusable and takes the runtime to degraded (0.3382ms)
gateway-web	Run node city/test-all.mjs	2026-10-08T08:09:06.0030054Z ✔ a null controller entry is unavailable, and `available` is only false when it is literally false (0.3895ms)
gateway-web	Run node city/test-all.mjs	2026-10-08T08:09:06.0031355Z ✔ a dead channel the contract does not need still degrades the runtime (0.4008ms)
gateway-web	Run node city/test-all.mjs	2026-10-08T08:09:06.0032522Z ✔ BLOCK_REASONS.WORKSPACE_UNAVAILABLE is derived from the workspace guard (0.4209ms)
gateway-web	Run node city/test-all.mjs	2026-10-08T08:09:06.0033980Z ✔ BLOCK_REASONS.ALL_CAPABILITIES_UNAVAILABLE is derived only when every allowed capability is gone (0.5137ms)
gateway-web	Run node city/test-all.mjs	2026-10-08T08:09:06.0035549Z ✔ BLOCK_REASONS.RESOURCE_CEILING is derived from the evidence snapshot and the process capacity (0.5372ms)
gateway-web	Run node city/test-all.mjs	2026-10-08T08:09:06.0037387Z ✔ BLOCK_REASONS.SAFETY_UNAVAILABLE and STATE_INTEGRITY_UNCERTAIN are derived from their flags (0.3034ms)
gateway-web	Run node city/test-all.mjs	2026-10-08T08:09:06.0038875Z ✔ every block reason can appear at once, in the donor order, and blocked outranks degraded (0.3021ms)
gateway-web	Run node city/test-all.mjs	2026-10-08T08:09:06.0040182Z ✔ status is blocked, then degraded, then healthy — in that order of precedence (0.2326ms)
gateway-web	Run node city/test-all.mjs	2026-10-08T08:09:06.0041506Z ✔ capabilityVerdict answers the four donor cases, including the unclaimed capability (0.5621ms)
gateway-web	Run node city/test-all.mjs	2026-10-08T08:09:06.0042852Z ✔ capabilityVerdict judges the degraded flag on every controller the table names (0.2215ms)
gateway-web	Run node city/test-all.mjs	2026-10-08T08:09:06.0044130Z ✔ a snapshot built by buildHealthSnapshot feeds capabilityVerdict unchanged (0.222ms)
gateway-web	Run node city/test-all.mjs	2026-10-08T08:09:06.0045305Z ✔ stabilization re-exports the target-guard room's own revalidate (1.411ms)
gateway-web	Run node city/test-all.mjs	2026-10-08T08:09:06.0046274Z ✔ the barrel re-exports that same revalidate binding (0.334ms)
gateway-web	Run node city/test-all.mjs	2026-10-08T08:09:06.0047254Z ✔ recovery uses the routing-safety room's own channel plan table (1.2681ms)
gateway-web	Run node city/test-all.mjs	2026-10-08T08:09:06.0048396Z ✔ the routing-safety room's fallbackChannels is the function that answers (0.3951ms)
gateway-web	Run node city/test-all.mjs	2026-10-08T08:09:06.0049570Z ✔ the sibling-owned bindings are the donor's algorithms, not lookalikes (1.6448ms)
gateway-web	Run node city/test-all.mjs	2026-10-08T08:09:06.0050627Z ✔ every donor export is re-exported, and each one is defined (1.404ms)
gateway-web	Run node city/test-all.mjs	2026-10-08T08:09:06.0051634Z ✔ the re-exported names are the same bindings the modules define (1.3007ms)
gateway-web	Run node city/test-all.mjs	2026-10-08T08:09:06.0052640Z ✔ MODULES exposes the seven modules plus the local contracts (0.812ms)
gateway-web	Run node city/test-all.mjs	2026-10-08T08:09:06.0053717Z ✔ the four closed vocabularies are the donor values, through the barrel (0.4564ms)
gateway-web	Run node city/test-all.mjs	2026-10-08T08:09:06.0054938Z ✔ one deterministic step clock is shared by every module that needed a default (0.6079ms)
gateway-web	Run node city/test-all.mjs	2026-10-08T08:09:06.0056160Z ✔ the ported modules read the local contracts rather than a sibling import (0.8147ms)
gateway-web	Run node city/test-all.mjs	2026-10-08T08:09:06.0057448Z ✔ the outcome vocabulary and the donor default budget (2.5344ms)
gateway-web	Run node city/test-all.mjs	2026-10-08T08:09:06.0058512Z ✔ no reattach function is exhausted with zero attempts (0.391ms)
gateway-web	Run node city/test-all.mjs	2026-10-08T08:09:06.0059408Z ✔ one attempt below the bound connects on the first try (0.4793ms)
gateway-web	Run node city/test-all.mjs	2026-10-08T08:09:06.0060565Z ✔ the budget is spent per channel and per step: at, just below and just above the bound (0.6014ms)
gateway-web	Run node city/test-all.mjs	2026-10-08T08:09:06.0061866Z ✔ a channel that never comes back is exhausted after exactly maxAttempts attempts (0.4958ms)
gateway-web	Run node city/test-all.mjs	2026-10-08T08:09:06.0063033Z ✔ the backoff is bounded, and a one-attempt budget never spends it (0.4964ms)
gateway-web	Run node city/test-all.mjs	2026-10-08T08:09:06.0064137Z ✔ a reattach that throws is a failed attempt, and the message is carried (0.4563ms)
gateway-web	Run node city/test-all.mjs	2026-10-08T08:09:06.0065281Z ✔ an undefined reattach result counts as attached, a bare false does not (0.5593ms)
gateway-web	Run node city/test-all.mjs	2026-10-08T08:09:06.0067076Z ✔ a fresh step resets the budget but not the event log (0.3987ms)
gateway-web	Run node city/test-all.mjs	2026-10-08T08:09:06.0067890Z ✔ the event log is bounded at 100 entries (2.0075ms)
gateway-web	Run node city/test-all.mjs	2026-10-08T08:09:06.0068665Z ✔ the transport codes are exactly the donor four (0.1937ms)
gateway-web	Run node city/test-all.mjs	2026-10-08T08:09:06.0069873Z ✔ isTransportFailure classifies the donor codes, the raw transport messages and nothing else (0.4581ms)
gateway-web	Run node city/test-all.mjs	2026-10-08T08:09:06.0071170Z ✔ channelOfError prefers the error-named channel and never guesses (0.2166ms)
gateway-web	Run node city/test-all.mjs	2026-10-08T08:09:06.0072401Z ✔ channelHintFor reads the last route, then the capability map, and never guesses (0.2349ms)
gateway-web	Run node city/test-all.mjs	2026-10-08T08:09:06.0073518Z ✔ exhaustedError is the donor RECONNECT_EXHAUSTED failure (0.5334ms)
gateway-web	Run node city/test-all.mjs	2026-10-08T08:09:06.0074437Z ✔ the policy exposes the donor RECONNECT vocabulary (0.123ms)
gateway-web	Run node city/test-all.mjs	2026-10-08T08:09:06.0075231Z ✔ channel recovery needs a reconnect policy (0.8236ms)
gateway-web	Run node city/test-all.mjs	2026-10-08T08:09:06.0076317Z ✔ recover reattaches through the controller, then proves it with a fresh observation (0.975ms)
gateway-web	Run node city/test-all.mjs	2026-10-08T08:09:06.0077471Z ✔ recover fails when no controller implements the channel (0.3469ms)
gateway-web	Run node city/test-all.mjs	2026-10-08T08:09:06.0078522Z ✔ a controller that still reports unavailable spends the whole budget (0.3257ms)
gateway-web	Run node city/test-all.mjs	2026-10-08T08:09:06.0079546Z ✔ a probe with no reason falls back to the donor sentence (0.2552ms)
gateway-web	Run node city/test-all.mjs	2026-10-08T08:09:06.0080568Z ✔ a reattached channel with an unobservable state is context_invalid (0.7318ms)
gateway-web	Run node city/test-all.mjs	2026-10-08T08:09:06.0081655Z ✔ a contract that is no longer valid after the reconnect is exhausted (0.491ms)
gateway-web	Run node city/test-all.mjs	2026-10-08T08:09:06.0082724Z ✔ recover without an observer or a validity check still reconnects (0.2254ms)
gateway-web	Run node city/test-all.mjs	2026-10-08T08:09:06.0083711Z ✔ recover defaults a missing channel name to "unknown" (0.3393ms)
gateway-web	Run node city/test-all.mjs	2026-10-08T08:09:06.0084722Z ✔ a controller with no probe or facts is reattached on the host's word (0.2873ms)
gateway-web	Run node city/test-all.mjs	2026-10-08T08:09:06.0085729Z ✔ channel recovery exposes the donor attribution helpers (0.1448ms)
gateway-web	Run node city/test-all.mjs	2026-10-08T08:09:06.0086609Z ✔ the default clock and delay are deterministic (0.2757ms)
gateway-web	Run node city/test-all.mjs	2026-10-08T08:09:06.0087817Z ✔ the documented rungs are the donor seven, in order (3.2288ms)
gateway-web	Run node city/test-all.mjs	2026-10-08T08:09:06.0089071Z ✔ the verdict vocabulary is the donor five and VERDICT_BY_STEP has exactly the donor four keys (0.3332ms)
gateway-web	Run node city/test-all.mjs	2026-10-08T08:09:06.0090262Z ✔ USER_ACTION_CODES is the donor nine, in the donor order (0.1955ms)
gateway-web	Run node city/test-all.mjs	2026-10-08T08:09:06.0091324Z ✔ every USER_ACTION_CODE is checked before the retry rung and is terminal (0.7095ms)
gateway-web	Run node city/test-all.mjs	2026-10-08T08:09:06.0092435Z ✔ rung 0 wins over the retry rung even when a retry would be allowed (0.1909ms)
gateway-web	Run node city/test-all.mjs	2026-10-08T08:09:06.0093456Z ✔ a non-retryable failure fails without spending the ladder (0.1958ms)
gateway-web	Run node city/test-all.mjs	2026-10-08T08:09:06.0094490Z ✔ the explicit retryable override is honoured in both directions (0.2837ms)
gateway-web	Run node city/test-all.mjs	2026-10-08T08:09:06.0095728Z ✔ an absent error is retryable, and an error with no code fails by its code-less message (0.3011ms)
gateway-web	Run node city/test-all.mjs	2026-10-08T08:09:06.0097084Z ✔ the attempt counts down against the action retry policy, not the controller default (1.1007ms)
gateway-web	Run node city/test-all.mjs	2026-10-08T08:09:06.0098339Z ✔ the retry rung escalates the visual level only after the first attempt (0.5093ms)
gateway-web	Run node city/test-all.mjs	2026-10-08T08:09:06.0099472Z ✔ nextVisualLevel climbs one rung and stops at the injected ceiling (0.3958ms)
gateway-web	Run node city/test-all.mjs	2026-10-08T08:09:06.0100701Z ✔ the cooldown signals are the donor mapping, de-duplicated (0.4693ms)
gateway-web	Run node city/test-all.mjs	2026-10-08T08:09:06.0101841Z ✔ the alternative rung converts the same intent to the cheapest untried channel (0.366ms)
gateway-web	Run node city/test-all.mjs	2026-10-08T08:09:06.0103047Z ✔ the alternative rung is skipped when the action forbids an alternative (0.2654ms)
gateway-web	Run node city/test-all.mjs	2026-10-08T08:09:06.0104291Z ✔ the alternative rung is skipped when the retry policy is absent (donor condition) (0.2706ms)
gateway-web	Run node city/test-all.mjs	2026-10-08T08:09:06.0105432Z ✔ the replan rung reports, and runs out at maxStallRecoveries (0.4323ms)
gateway-web	Run node city/test-all.mjs	2026-10-08T08:09:06.0106562Z ✔ an action that cannot be converted names the action type on the replan rung (0.2805ms)
gateway-web	Run node city/test-all.mjs	2026-10-08T08:09:06.0107992Z ✔ a CLICK with no target still converts, because vision click pixels (0.1545ms)
gateway-web	Run node city/test-all.mjs	2026-10-08T08:09:06.0109812Z ✔ the round budget is checked before every other rung and defaults to attemptsAllowed + 2 (0.1659ms)
gateway-web	Run node city/test-all.mjs	2026-10-08T08:09:06.0110940Z ✔ decisions() returns every decision in order, as a copy (0.1786ms)
gateway-web	Run node city/test-all.mjs	2026-10-08T08:09:06.0111750Z ✔ the controller reports its own bounds (0.1815ms)
gateway-web	Run node city/test-all.mjs	2026-10-08T08:09:06.0112882Z ✔ stallStep walks the donor ladder one rung at a time and ends terminal at fail_with_context (0.3798ms)
gateway-web	Run node city/test-all.mjs	2026-10-08T08:09:06.0114102Z ✔ stallStep clamps an out-of-range index to the ends of the ladder (0.2375ms)
gateway-web	Run node city/test-all.mjs	2026-10-08T08:09:06.0115067Z ✔ a fractional stall index throws the donor TypeError (0.603ms)
gateway-web	Run node city/test-all.mjs	2026-10-08T08:09:06.0115883Z ✔ mapType is the donor intent × channel table (0.1261ms)
gateway-web	Run node city/test-all.mjs	2026-10-08T08:09:06.0116955Z ✔ alternativeAction is null for a null action and picks the intent per action type (0.1606ms)
gateway-web	Run node city/test-all.mjs	2026-10-08T08:09:06.0118211Z ✔ alternativeAction never offers dom or accessibility for a visual target (0.1638ms)
gateway-web	Run node city/test-all.mjs	2026-10-08T08:09:06.0119471Z ✔ alternativeAction respects the contract capabilities and the used channel (0.1713ms)
gateway-web	Run node city/test-all.mjs	2026-10-08T08:09:06.0120806Z ✔ alternativeAction prefers the cheapest remaining channel and builds the gui point (0.2253ms)
gateway-web	Run node city/test-all.mjs	2026-10-08T08:09:06.0122225Z ✔ alternativeController reads the channel from either shape and answers null otherwise (0.1056ms)
gateway-web	Run node city/test-all.mjs	2026-10-08T08:09:06.0123602Z ✔ exhaustedError is the donor PLAN_EXHAUSTED failure carrying the decision context (0.5222ms)
gateway-web	Run node city/test-all.mjs	2026-10-08T08:09:06.0124953Z ✔ a decision is stamped with the injected clock, and the default clock is a step clock (0.1621ms)
gateway-web	Run node city/test-all.mjs	2026-10-08T08:09:06.0126113Z ✔ the donor constants are 60s TTL and the five small ceilings (3.3466ms)
gateway-web	Run node city/test-all.mjs	2026-10-08T08:09:06.0127183Z ✔ classifyRetention answers every donor verdict from the reason text (0.6198ms)
gateway-web	Run node city/test-all.mjs	2026-10-08T08:09:06.0128643Z ✔ classifyRetention answers its undocumented cases as the donor does (0.367ms)
gateway-web	Run node city/test-all.mjs	2026-10-08T08:09:06.0129792Z ✔ classifyRetention answers its `undefined` case: no argument at all (0.2483ms)
gateway-web	Run node city/test-all.mjs	2026-10-08T08:09:06.0130930Z ✔ registerScreenshot answers the donor `keep`, which is always true (0.934ms)
gateway-web	Run node city/test-all.mjs	2026-10-08T08:09:06.0132179Z ✔ classifyRetention stays a method on the budget, with the module function identity (0.2113ms)
gateway-web	Run node city/test-all.mjs	2026-10-08T08:09:06.0133485Z ✔ an expired transient is dropped on the next enforcement, and a live one is not (0.3983ms)
gateway-web	Run node city/test-all.mjs	2026-10-08T08:09:06.0134526Z ✔ a kept failure capture is never expired by the TTL (0.3091ms)
gateway-web	Run node city/test-all.mjs	2026-10-08T08:09:06.0135572Z ✔ the count ceiling evicts a transient before the oldest retained evidence (0.5368ms)
gateway-web	Run node city/test-all.mjs	2026-10-08T08:09:06.0136796Z ✔ the byte ceiling evicts the oldest first, even when both entries are retained (0.5661ms)
gateway-web	Run node city/test-all.mjs	2026-10-08T08:09:06.0138287Z ✔ the count eviction leaves the donor mark on the entry it tagged and dropped (0.3379ms)
gateway-web	Run node city/test-all.mjs	2026-10-08T08:09:06.0139573Z ✔ the byte ceiling does not guard on the donor mark, but never re-drops the same entry (0.3451ms)
gateway-web	Run node city/test-all.mjs	2026-10-08T08:09:06.0140629Z ✔ pressure is kept as the last five eviction events (0.3812ms)
gateway-web	Run node city/test-all.mjs	2026-10-08T08:09:06.0141726Z ✔ atCeiling needs a drop and then real pressure, exactly as the donor defines it (0.4917ms)
gateway-web	Run node city/test-all.mjs	2026-10-08T08:09:06.0143186Z ✔ the ring buffer keeps the newest `capacity` items and reports its capacity (0.5244ms)
gateway-web	Run node city/test-all.mjs	2026-10-08T08:09:06.0145206Z ✔ the injected limits override every default, and the snapshot echoes them (0.2791ms)
gateway-web	Run node city/test-all.mjs	2026-10-08T08:09:06.0146506Z ✔ the default clock is a deterministic step clock, so a TTL cannot expire by surprise (0.2544ms)
gateway-web	Run node city/test-all.mjs	2026-10-08T08:09:06.0147802Z ✔ a capture with no bytes and no reason is still recorded with the donor defaults (0.3043ms)
gateway-web	Run node city/test-all.mjs	2026-10-08T08:09:06.0148822Z ✔ the donor vocabulary is eight signals, in order (2.7726ms)
gateway-web	Run node city/test-all.mjs	2026-10-08T08:09:06.0149803Z ✔ the donor aliases map every hyphenated name, including "animation" (0.3139ms)
gateway-web	Run node city/test-all.mjs	2026-10-08T08:09:06.0151026Z ✔ normalizeSignals starts from every signal false and accumulates unknown names (0.4678ms)
gateway-web	Run node city/test-all.mjs	2026-10-08T08:09:06.0152456Z ✔ normalizeSignals accepts the hyphenated array recovery emits, canonical names and unknowns (0.3308ms)
gateway-web	Run node city/test-all.mjs	2026-10-08T08:09:06.0154384Z ✔ normalizeSignals accepts an object, including a mixed one, and only reports truthy unknowns (0.2284ms)
gateway-web	Run node city/test-all.mjs	2026-10-08T08:09:06.0155718Z ✔ the dynamic cooldown starts at the base and adds one step per active signal (0.4216ms)
gateway-web	Run node city/test-all.mjs	2026-10-08T08:09:06.0157017Z ✔ the dynamic cooldown climbs in the donor signal order and stops at the soft ceiling (0.2919ms)
gateway-web	Run node city/test-all.mjs	2026-10-08T08:09:06.0158229Z ✔ a pending navigation jumps the cooldown to the navigation budget (0.2938ms)
gateway-web	Run node city/test-all.mjs	2026-10-08T08:09:06.0159408Z ✔ the escalate flag uses the hard ceiling, and the injected limits are honoured (0.5847ms)
gateway-web	Run node city/test-all.mjs	2026-10-08T08:09:06.0160656Z ✔ signalInputs turns a signal set into the cooldown input, carrying the reasons (0.5515ms)
gateway-web	Run node city/test-all.mjs	2026-10-08T08:09:06.0161774Z ✔ stabilitySignals reports the donor reasons, and only them (0.8274ms)
gateway-web	Run node city/test-all.mjs	2026-10-08T08:09:06.0163396Z ✔ detectSignals expands the same reasons into the named vocabulary (0.4488ms)
gateway-web	Run node city/test-all.mjs	2026-10-08T08:09:06.0164594Z ✔ postActionSignals reads only the receipt and the two observations (0.5299ms)
gateway-web	Run node city/test-all.mjs	2026-10-08T08:09:06.0165731Z ✔ settle returns stable on the first observation when nothing is moving (0.8787ms)
gateway-web	Run node city/test-all.mjs	2026-10-08T08:09:06.0166812Z ✔ settle spends the bounded minimum before the first observation (0.3137ms)
gateway-web	Run node city/test-all.mjs	2026-10-08T08:09:06.0167821Z ✔ settle clamps a minimum above the ceiling to the ceiling (0.3305ms)
gateway-web	Run node city/test-all.mjs	2026-10-08T08:09:06.0168876Z ✔ settle answers reobserve for a stale target and for one that vanished (0.4682ms)
gateway-web	Run node city/test-all.mjs	2026-10-08T08:09:06.0170213Z ✔ settle reports the donor `updated` verdict when the refreshed coordinate is the only change (0.5684ms)
gateway-web	Run node city/test-all.mjs	2026-10-08T08:09:06.0171602Z ✔ settle answers wait_state when the ceiling is reached while the UI keeps changing (0.3657ms)
gateway-web	Run node city/test-all.mjs	2026-10-08T08:09:06.0172840Z ✔ settle merges the caller-carried signals into every cooldown it spends (0.2462ms)
gateway-web	Run node city/test-all.mjs	2026-10-08T08:09:06.0173958Z ✔ waitFor polls until the condition holds and reports what it saw (0.4136ms)
gateway-web	Run node city/test-all.mjs	2026-10-08T08:09:06.0175018Z ✔ waitFor times out at its ceiling and is bounded, not unbounded (0.2482ms)
gateway-web	Run node city/test-all.mjs	2026-10-08T08:09:06.0176092Z ✔ grace is bounded by the grace ceiling and reflects the action budget (0.3751ms)
gateway-web	Run node city/test-all.mjs	2026-10-08T08:09:06.0177255Z ✔ afterAction returns quiet once the minimum is spent and nothing is pending (0.534ms)
gateway-web	Run node city/test-all.mjs	2026-10-08T08:09:06.0178315Z ✔ afterAction ends the moment the effect is observable (0.2484ms)
gateway-web	Run node city/test-all.mjs	2026-10-08T08:09:06.0180055Z ✔ afterAction is bounded by the grace ceiling when the world never settles (0.3568ms)
gateway-web	Run node city/test-all.mjs	2026-10-08T08:09:06.0182387Z ✔ afterAction ignores a landed check that throws, as the donor does (0.3593ms)
gateway-web	Run node city/test-all.mjs	2026-10-08T08:09:06.0183799Z ✔ the trace holds the most recent notes and is bounded (0.3968ms)
gateway-web	Run node city/test-all.mjs	2026-10-08T08:09:06.0185541Z ✔ the stabilizer exposes the donor limits, thresholds and vocabulary (0.2094ms)
gateway-web	Run node city/test-all.mjs	2026-10-08T08:09:06.0186700Z ✔ the default clock is deterministic and never reads a wall clock (0.5908ms)
gateway-web	Run node city/test-all.mjs	2026-10-08T08:09:06.0187923Z ✔ the injected thresholds drive the settle verdicts (0.5043ms)
gateway-web	Run node city/test-all.mjs	2026-10-08T08:09:06.0189884Z ✔ the donor ladder is eight rungs, in order, each with its exact description (3.0437ms)
gateway-web	Run node city/test-all.mjs	2026-10-08T08:09:06.0191651Z ✔ the donor thresholds are 3 consecutive actions and 2 recoveries (0.3508ms)
gateway-web	Run node city/test-all.mjs	2026-10-08T08:09:06.0194040Z ✔ the stall fires exactly at the third consecutive action without progress, not before (0.5617ms)
gateway-web	Run node city/test-all.mjs	2026-10-08T08:09:06.0195822Z ✔ a meaningful change resets the streak and clears stalledSince (0.3406ms)
gateway-web	Run node city/test-all.mjs	2026-10-08T08:09:06.0197531Z ✔ an explicit meaningful flag overrides changed, in both directions (0.3756ms)
gateway-web	Run node city/test-all.mjs	2026-10-08T08:09:06.0199505Z ✔ a changed signature is progress even with no meaningful change, but only once a signature is known (0.3633ms)
gateway-web	Run node city/test-all.mjs	2026-10-08T08:09:06.0201338Z ✔ the record shape is the donor shape, with its own defaults (0.4201ms)
gateway-web	Run node city/test-all.mjs	2026-10-08T08:09:06.0203005Z ✔ the detector accepts injected thresholds and thresholds them exactly (0.4504ms)
gateway-web	Run node city/test-all.mjs	2026-10-08T08:09:06.0204743Z ✔ every recovery is counted and the ladder ends at maxRecoveries (0.4295ms)
gateway-web	Run node city/test-all.mjs	2026-10-08T08:09:06.0207426Z ✔ reset clears the streak and the signature but keeps the recovery count (0.578ms)
gateway-web	Run node city/test-all.mjs	2026-10-08T08:09:06.0208884Z ✔ history is a bounded copy: 250 records keep the newest 200 (0.6322ms)
gateway-web	Run node city/test-all.mjs	2026-10-08T08:09:06.0210721Z ✔ the default clock is deterministic: no wall clock is read (0.3243ms)
gateway-web	Run node city/test-all.mjs	2026-10-08T08:09:06.0212309Z ✔ the donor machine is fifteen states and two terminal states (2.1563ms)
gateway-web	Run node city/test-all.mjs	2026-10-08T08:09:06.0213970Z ✔ the transition table is the donor table, edge for edge and in order (0.5982ms)
gateway-web	Run node city/test-all.mjs	2026-10-08T08:09:06.0215441Z ✔ every ordered state pair is exactly as legal as CU_TRANSITIONS says (6.2557ms)
gateway-web	Run node city/test-all.mjs	2026-10-08T08:09:06.0217216Z ✔ an unknown state is STATE_INVALID from canTransition, transition and force (0.4269ms)
gateway-web	Run node city/test-all.mjs	2026-10-08T08:09:06.0218915Z ✔ an unknown initial state is STATE_INVALID and names the state (0.3221ms)
gateway-web	Run node city/test-all.mjs	2026-10-08T08:09:06.0220600Z ✔ force bypasses the edge table but is labelled forced in the history (0.3532ms)
gateway-web	Run node city/test-all.mjs	2026-10-08T08:09:06.0222264Z ✔ isTerminal is true only for COMPLETED and FAILED (0.453ms)
gateway-web	Run node city/test-all.mjs	2026-10-08T08:09:06.0224034Z ✔ the reason carried into a transition is the previous meta reason when meta omits one (0.3794ms)
gateway-web	Run node city/test-all.mjs	2026-10-08T08:09:06.0225809Z ✔ a transition listener sees the edge and can never break the run (0.6687ms)
gateway-web	Run node city/test-all.mjs	2026-10-08T08:09:06.0227328Z ✔ path, previous, reset and the history copy (0.6215ms)
gateway-web	Run node city/test-all.mjs	2026-10-08T08:09:06.0228697Z ✔ a custom initial state starts the path there (0.306ms)
gateway-web	Run node city/test-all.mjs	2026-10-08T08:09:06.0230658Z ✔ the default clock is a deterministic step clock (0.268ms)
gateway-web	Run node city/test-all.mjs	2026-10-08T08:09:06.0232200Z ✔ the action type set, expected-effect and parameter vocabularies are exactly the donor lists (3.3951ms)
gateway-web	Run node city/test-all.mjs	2026-10-08T08:09:06.0233915Z ✔ a bare action type and the documented envelope both normalize to one action object (2.1568ms)
gateway-web	Run node city/test-all.mjs	2026-10-08T08:09:06.0235799Z ✔ unsupported and non-object actions fail with the donor ACTION_INVALID shape (1.5757ms)
gateway-web	Run node city/test-all.mjs	2026-10-08T08:09:06.0238226Z ✔ parameters are collected in donor order, with keys/args coercion and the raw timeout kept alongside the resolved one (0.476ms)
gateway-web	Run node city/test-all.mjs	2026-10-08T08:09:06.0240081Z ✔ preconditions default to the donor tri-state (0.2602ms)
gateway-web	Run node city/test-all.mjs	2026-10-08T08:09:06.0241945Z ✔ stabilization is clamped into the donor band and rejects an inverted window (0.5033ms)
gateway-web	Run node city/test-all.mjs	2026-10-08T08:09:06.0243832Z ✔ expected effects normalize into one closed shape and reject unknown keys (0.9126ms)
gateway-web	Run node city/test-all.mjs	2026-10-08T08:09:06.0245579Z ✔ retry budgets clamp to the donor 0..5 attempt window without rounding (0.247ms)
gateway-web	Run node city/test-all.mjs	2026-10-08T08:09:06.0247312Z ✔ destructive is normalized into the donor kind list, defaulting to DELETE (0.6819ms)
gateway-web	Run node city/test-all.mjs	2026-10-08T08:09:06.0249544Z ✔ validation rejects an action that is missing the thing it must act on (0.9675ms)
gateway-web	Run node city/test-all.mjs	2026-10-08T08:09:06.0251866Z ✔ the donor `any` fallback to the resolved target lets a DOM_TYPE through without text (preserved donor defect) (0.3517ms)
gateway-web	Run node city/test-all.mjs	2026-10-08T08:09:06.0253825Z ✔ requiresTarget is the donor action list plus any resolved target (0.5915ms)
gateway-web	Run node city/test-all.mjs	2026-10-08T08:09:06.0255766Z ✔ describeAction is log-safe: targets labelled, secrets redacted, long payloads truncated (0.6824ms)
gateway-web	Run node city/test-all.mjs	2026-10-08T08:09:06.0258064Z ✔ destructiveKinds derives DELETE/FORMAT/INSTALL/PUBLISH from structured and shell actions (0.673ms)
gateway-web	Run node city/test-all.mjs	2026-10-08T08:09:06.0260822Z ✔ the target ladder vocabulary is the donor list, cheapest and most stable first (0.1999ms)
gateway-web	Run node city/test-all.mjs	2026-10-08T08:09:06.0262721Z ✔ normalizeTarget accepts the donor shapes and records kinds, rank and primaryKind (1.5796ms)
gateway-web	Run node city/test-all.mjs	2026-10-08T08:09:06.0264626Z ✔ the donor reads a bare lowercase word as a CSS selector (preserved donor defect) (0.1788ms)
gateway-web	Run node city/test-all.mjs	2026-10-08T08:09:06.0266516Z ✔ normalizeTarget rejects malformed targets with the donor TARGET_INVALID messages (0.6476ms)
gateway-web	Run node city/test-all.mjs	2026-10-08T08:09:06.0268324Z ✔ describeTarget labels the target the way the execution log reads it (0.1504ms)
gateway-web	Run node city/test-all.mjs	2026-10-08T08:09:06.0270281Z ✔ a minimal contract is the donor default document, field for field (2.7928ms)
gateway-web	Run node city/test-all.mjs	2026-10-08T08:09:06.0271607Z ✔ a contract must be an object and must carry a goal (1.6228ms)
gateway-web	Run node city/test-all.mjs	2026-10-08T08:09:06.0273465Z ✔ capabilities are a closed vocabulary: deduplicated, never guessed (0.6884ms)
gateway-web	Run node city/test-all.mjs	2026-10-08T08:09:06.0275124Z ✔ the destructive mode is a closed vocabulary that fails loud instead of defaulting open (0.6466ms)
gateway-web	Run node city/test-all.mjs	2026-10-08T08:09:06.0277618Z ✔ safety posture keeps the donor defaults and normalizes forbidden targets through the target model (1.4942ms)
gateway-web	Run node city/test-all.mjs	2026-10-08T08:09:06.0279105Z ✔ limits are clamped to the donor windows and fall back to the effective options (0.4111ms)
gateway-web	Run node city/test-all.mjs	2026-10-08T08:09:06.0280991Z ✔ vision retention is a closed vocabulary and screenshot ceilings keep the donor defaults (0.3752ms)
gateway-web	Run node city/test-all.mjs	2026-10-08T08:09:06.0282977Z ✔ autonomy is opt-in and the workspace never invents a cwd (0.5622ms)
gateway-web	Run node city/test-all.mjs	2026-10-08T08:09:06.0284517Z ✔ success criteria are normalized up front, so a bad criterion fails at contract time (0.7352ms)
gateway-web	Run node city/test-all.mjs	2026-10-08T08:09:06.0286611Z ✔ plan steps are normalized into donor envelopes and invalid actions are wrapped as PLAN_INVALID (2.0049ms)
gateway-web	Run node city/test-all.mjs	2026-10-08T08:09:06.0288745Z ✔ the donor plan step keeps the contract retry limit out of its actions (preserved donor defect) (0.3677ms)
gateway-web	Run node city/test-all.mjs	2026-10-08T08:09:06.0290622Z ✔ capability assertion fails closed with the donor codes and messages (0.5593ms)
gateway-web	Run node city/test-all.mjs	2026-10-08T08:09:06.0292441Z ✔ declared destructive kinds are filtered against the closed donor families (0.3636ms)
gateway-web	Run node city/test-all.mjs	2026-10-08T08:09:06.0293933Z ✔ describeContract is a log-safe summary, never the plan payload (0.6837ms)
gateway-web	Run node city/test-all.mjs	2026-10-08T08:09:06.0295758Z ✔ the resolved config block is an explicit parameter, replacing the donor file read (0.432ms)
gateway-web	Run node city/test-all.mjs	2026-10-08T08:09:06.0297482Z ✔ the action surface is the donor closed list, in donor order (2.0401ms)
gateway-web	Run node city/test-all.mjs	2026-10-08T08:09:06.0298981Z ✔ capability routing covers every action and uses the donor capability names (0.1788ms)
gateway-web	Run node city/test-all.mjs	2026-10-08T08:09:06.0300811Z ✔ the route ladder is cheapest-first and the controller map is the donor map (0.2436ms)
gateway-web	Run node city/test-all.mjs	2026-10-08T08:09:06.0303232Z ✔ the state machine, its transitions and its terminal states are the donor lists (0.3605ms)
gateway-web	Run node city/test-all.mjs	2026-10-08T08:09:06.0304864Z ✔ verification kinds, verdicts and screenshot levels are the donor values (0.2797ms)
gateway-web	Run node city/test-all.mjs	2026-10-08T08:09:06.0307168Z ✔ capabilities, destructive kinds/modes, retention, step results and run status are the donor lists (0.225ms)
gateway-web	Run node city/test-all.mjs	2026-10-08T08:09:06.0309216Z ✔ timing, movement, stall, retry and contract defaults keep the donor thresholds (0.3108ms)
gateway-web	Run node city/test-all.mjs	2026-10-08T08:09:06.0311194Z ✔ resolveComputerUseOptions with no config block is exactly the donor default resolution (0.7118ms)
gateway-web	Run node city/test-all.mjs	2026-10-08T08:09:06.0313112Z ✔ the config block is the middle layer: defaults, then block, then overrides (0.5009ms)
gateway-web	Run node city/test-all.mjs	2026-10-08T08:09:06.0314919Z ✔ positive limits accept integers only and otherwise keep the shipped default (0.6798ms)
gateway-web	Run node city/test-all.mjs	2026-10-08T08:09:06.0317044Z ✔ an unknown destructive mode falls back to confirm instead of widening the gate (0.3303ms)
gateway-web	Run node city/test-all.mjs	2026-10-08T08:09:06.0318928Z ✔ capability lists are filtered without de-duplication, and a non-array keeps the shipped list by identity (0.2596ms)
gateway-web	Run node city/test-all.mjs	2026-10-08T08:09:06.0320507Z ✔ the filesystem escape hatches are strict booleans (0.252ms)
gateway-web	Run node city/test-all.mjs	2026-10-08T08:09:06.0322935Z ✔ timing values are rounded and clamped into the donor bands (0.375ms)
gateway-web	Run node city/test-all.mjs	2026-10-08T08:09:06.0324530Z ✔ target movement is copied unsmoothed, and a null override reads as 0 (donor quirk) (0.3061ms)
gateway-web	Run node city/test-all.mjs	2026-10-08T08:09:06.0325864Z ✔ the stall threshold comes from the config block, never from a zero override (0.2804ms)
gateway-web	Run node city/test-all.mjs	2026-10-08T08:09:06.0327134Z ✔ a null config block still throws the donor TypeError (preserved donor defect) (0.6296ms)
gateway-web	Run node city/test-all.mjs	2026-10-08T08:09:06.0328337Z ✔ the criterion vocabulary is the donor closed list, in donor order (1.8033ms)
gateway-web	Run node city/test-all.mjs	2026-10-08T08:09:06.0329671Z ✔ a bare string is a custom criterion, normalized criteria carry kindAlias and a description (0.4421ms)
gateway-web	Run node city/test-all.mjs	2026-10-08T08:09:06.0331566Z ✔ the donor alias only applies to `type`, so `kind: "file"` survives unexpanded (preserved donor defect) (0.6455ms)
gateway-web	Run node city/test-all.mjs	2026-10-08T08:09:06.0332910Z ✔ an object criterion must be plain and must name a supported kind (0.6768ms)
gateway-web	Run node city/test-all.mjs	2026-10-08T08:09:06.0334277Z ✔ negation is coerced to a boolean and only stored when the author wrote it (0.2908ms)
gateway-web	Run node city/test-all.mjs	2026-10-08T08:09:06.0335317Z ✔ all/any nest their criteria and refuse an empty list (0.5903ms)
gateway-web	Run node city/test-all.mjs	2026-10-08T08:09:06.0336673Z ✔ the donor describes an `of`-shaped all/any before it expands it, so it crashes (preserved donor defect) (0.7078ms)
gateway-web	Run node city/test-all.mjs	2026-10-08T08:09:06.0338000Z ✔ normalizeCriteria accepts a list, a single entry, or nothing (0.3267ms)
gateway-web	Run node city/test-all.mjs	2026-10-08T08:09:06.0339005Z ✔ every criterion kind has the donor description string (0.6135ms)
gateway-web	Run node city/test-all.mjs	2026-10-08T08:09:06.0339973Z ✔ evaluation is per-kind and reads only the injected facts (3.7999ms)
gateway-web	Run node city/test-all.mjs	2026-10-08T08:09:06.0341242Z ✔ missing evidence is unknown, never true, and the result shape is the donor shape (0.3972ms)
gateway-web	Run node city/test-all.mjs	2026-10-08T08:09:06.0342455Z ✔ negate flips a known verdict and leaves an unknown verdict unknown (0.1778ms)
gateway-web	Run node city/test-all.mjs	2026-10-08T08:09:06.0343553Z ✔ all/any combine child verdicts with the donor three-valued rules (0.6686ms)
gateway-web	Run node city/test-all.mjs	2026-10-08T08:09:06.0344771Z ✔ a custom criterion consults the custom fact or the named check function (0.222ms)
gateway-web	Run node city/test-all.mjs	2026-10-08T08:09:06.0346046Z ✔ no criteria means satisfied and skipped — the donor completion rule (0.3972ms)
gateway-web	Run node city/test-all.mjs	2026-10-08T08:09:06.0347460Z ✔ evaluateCriteria reports per-criterion results and treats unknown as not satisfied (0.5123ms)
gateway-web	Run node city/test-all.mjs	2026-10-08T08:09:06.0349095Z ✔ an already-normalized array is used as-is, so a raw object keeps its raw kind (preserved donor defect) (0.1758ms)
gateway-web	Run node city/test-all.mjs	2026-10-08T08:09:06.0350920Z ✔ CODES holds every donor member, in donor order, with the donor values (3.0503ms)
gateway-web	Run node city/test-all.mjs	2026-10-08T08:09:06.0352009Z ✔ the two donor aliases stay aliases, not copies (0.1417ms)
gateway-web	Run node city/test-all.mjs	2026-10-08T08:09:06.0352994Z ✔ defaultRetryable is the donor table and nothing wider (0.3553ms)
gateway-web	Run node city/test-all.mjs	2026-10-08T08:09:06.0354300Z ✔ ComputerUseError carries code, message, details, retryability and fault boundary (0.555ms)
gateway-web	Run node city/test-all.mjs	2026-10-08T08:09:06.0356051Z ✔ the message falls back to the code, and empty fault fields become null (0.2441ms)
gateway-web	Run node city/test-all.mjs	2026-10-08T08:09:06.0357446Z ✔ an explicit retryable detail wins over the default table, coerced to boolean (0.2195ms)
gateway-web	Run node city/test-all.mjs	2026-10-08T08:09:06.0358694Z ✔ toJSON is the log shape, with details redacted and no extra keys (0.4137ms)
gateway-web	Run node city/test-all.mjs	2026-10-08T08:09:06.0359876Z ✔ redaction matches the donor key pattern, recursively, and only on keys (0.4426ms)
gateway-web	Run node city/test-all.mjs	2026-10-08T08:09:06.0361271Z ✔ redaction turns any non-plain object into its enumerable entries (preserved donor defect) (0.6229ms)
gateway-web	Run node city/test-all.mjs	2026-10-08T08:09:06.0362372Z ✔ fail() is the donor constructor shorthand (0.8081ms)
gateway-web	Run node city/test-all.mjs	2026-10-08T08:09:06.0363455Z ✔ every module is pure ESM: no fs, network, clock, randomness, env, cwd or require (12.1834ms)
gateway-web	Run node city/test-all.mjs	2026-10-08T08:09:06.0364684Z ✔ every JSDoc header names its donor file and the frozen commit (7.3841ms)
gateway-web	Run node city/test-all.mjs	2026-10-08T08:09:06.0365731Z ✔ the barrel exposes exactly the donor-derived public surface (1.655ms)
gateway-web	Run node city/test-all.mjs	2026-10-08T08:09:06.0366799Z ✔ the DONOR.json record matches the manifest assignment exactly (7.9306ms)
gateway-web	Run node city/test-all.mjs	2026-10-08T08:09:06.0368128Z ✔ a contract built through the barrel composes with criteria evaluation and typed failures (6.5047ms)
gateway-web	Run node city/test-all.mjs	2026-10-08T08:09:06.0369539Z ✔ the options resolver is reachable from the barrel and honours an explicit block (0.4243ms)
gateway-web	Run node city/test-all.mjs	2026-10-08T08:09:06.0371005Z ✔ the grade and risk vocabularies and their orders are the donor ones (3.7022ms)
gateway-web	Run node city/test-all.mjs	2026-10-08T08:09:06.0372017Z ✔ the risk action sets are the donor lists, in order (0.3415ms)
gateway-web	Run node city/test-all.mjs	2026-10-08T08:09:06.0372988Z ✔ no action may be in both the high-risk and the low-risk list (0.2532ms)
gateway-web	Run node city/test-all.mjs	2026-10-08T08:09:06.0374024Z ✔ classifyRisk with no action is standard with the donor reason (0.5016ms)
gateway-web	Run node city/test-all.mjs	2026-10-08T08:09:06.0374931Z ✔ classifyRisk grades a low-risk action low (1.6249ms)
gateway-web	Run node city/test-all.mjs	2026-10-08T08:09:06.0376101Z ✔ classifyRisk grades a named side effect high (0.3093ms)
gateway-web	Run node city/test-all.mjs	2026-10-08T08:09:06.0377155Z ✔ classifyRisk grades an interactive desktop or browser action standard (0.3399ms)
gateway-web	Run node city/test-all.mjs	2026-10-08T08:09:06.0378300Z ✔ a declared destructive kind is critical whatever the type is (0.3446ms)
gateway-web	Run node city/test-all.mjs	2026-10-08T08:09:06.0379860Z ✔ a destructive array is filtered to the donor vocabulary, and an empty one does not raise the risk (0.4494ms)
gateway-web	Run node city/test-all.mjs	2026-10-08T08:09:06.0381239Z ✔ destructive:true raises the risk on its own and records the donor reason (0.513ms)
gateway-web	Run node city/test-all.mjs	2026-10-08T08:09:06.0382447Z ✔ a destructive description or target name raises the risk to critical (0.3801ms)
gateway-web	Run node city/test-all.mjs	2026-10-08T08:09:06.0383763Z ✔ the donor keyword table is scanned in order and every field of the target is searched (0.4431ms)
gateway-web	Run node city/test-all.mjs	2026-10-08T08:09:06.0385091Z ✔ the declared kinds and the keyword reason are recorded together, kinds last (0.1941ms)
gateway-web	Run node city/test-all.mjs	2026-10-08T08:09:06.0386150Z ✔ a keyword boundary needs a non-letter on each side (0.2357ms)
gateway-web	Run node city/test-all.mjs	2026-10-08T08:09:06.0387261Z ✔ a modal dismissal is low risk even when its own text names a destructive effect (0.2324ms)
gateway-web	Run node city/test-all.mjs	2026-10-08T08:09:06.0388521Z ✔ gradeEvidence refuses to grade anything that did not succeed (0.4415ms)
gateway-web	Run node city/test-all.mjs	2026-10-08T08:09:06.0389708Z ✔ a controller-declared strength wins, and the strongest entry is taken (0.3131ms)
gateway-web	Run node city/test-all.mjs	2026-10-08T08:09:06.0390927Z ✔ a single unrecognised declared strength discards the whole declaration (0.1642ms)
gateway-web	Run node city/test-all.mjs	2026-10-08T08:09:06.0392152Z ✔ the specific verification kinds grade strong and carry the donor reason (0.2656ms)
gateway-web	Run node city/test-all.mjs	2026-10-08T08:09:06.0393208Z ✔ state, focus and visual observations grade medium (0.2484ms)
gateway-web	Run node city/test-all.mjs	2026-10-08T08:09:06.0394190Z ✔ a declared expected effect that held upgrades the observation (0.2741ms)
gateway-web	Run node city/test-all.mjs	2026-10-08T08:09:06.0395322Z ✔ the declared effect is read from the action when the input does not say (0.1915ms)
gateway-web	Run node city/test-all.mjs	2026-10-08T08:09:06.0396255Z ✔ a bare change detection grades weak (0.2245ms)
gateway-web	Run node city/test-all.mjs	2026-10-08T08:09:06.0397075Z ✔ an unknown or absent verification kind grades weak (0.1934ms)
gateway-web	Run node city/test-all.mjs	2026-10-08T08:09:06.0398427Z ✔ a strong kind outranks a declared strength because it is checked first only when no entry declares one (0.1594ms)
gateway-web	Run node city/test-all.mjs	2026-10-08T08:09:06.0399883Z ✔ assess fails immediately when the verdict is not success, whatever the risk (0.2883ms)
gateway-web	Run node city/test-all.mjs	2026-10-08T08:09:06.0401826Z ✔ a low-risk action clears the bar with weak evidence (0.1297ms)
gateway-web	Run node city/test-all.mjs	2026-10-08T08:09:06.0403971Z ✔ a standard-risk action needs medium evidence: just below fails, just above passes (0.1665ms)
gateway-web	Run node city/test-all.mjs	2026-10-08T08:09:06.0406164Z ✔ a high-risk action needs strong evidence: just below fails, just above passes (0.2404ms)
gateway-web	Run node city/test-all.mjs	2026-10-08T08:09:06.0407502Z ✔ a critical action without a declared effect is refused even with strong evidence (0.2763ms)
gateway-web	Run node city/test-all.mjs	2026-10-08T08:09:06.0409414Z ✔ a critical action clears the bar only with strong evidence and a declared effect (0.3566ms)
gateway-web	Run node city/test-all.mjs	2026-10-08T08:09:06.0411264Z ✔ the risk bar is not satisfied by a higher risk alone: the grade must reach it (0.223ms)
gateway-web	Run node city/test-all.mjs	2026-10-08T08:09:06.0413217Z ✔ FILE_DELETE is high risk, not critical: it is not in the keyword table and declares no kinds (0.4508ms)
gateway-web	Run node city/test-all.mjs	2026-10-08T08:09:06.0415440Z ✔ a modal dismissal is the one critical-risk exemption from declaring an effect (0.2751ms)
gateway-web	Run node city/test-all.mjs	2026-10-08T08:09:06.0417425Z ✔ an explicit declaredEffect argument satisfies the critical declaration requirement (0.228ms)
gateway-web	Run node city/test-all.mjs	2026-10-08T08:09:06.0419491Z ✔ assess concatenates the grade reasons before the risk reasons (0.1837ms)
gateway-web	Run node city/test-all.mjs	2026-10-08T08:09:06.0421133Z ✔ a critical-risk action is only reached through a declared kind, a true flag or a keyword (0.2446ms)
gateway-web	Run node city/test-all.mjs	2026-10-08T08:09:06.0424801Z ✔ classifyControl follows the donor table order for every label branch (3.6956ms)
gateway-web	Run node city/test-all.mjs	2026-10-08T08:09:06.0426849Z ✔ classifyControl trims its input, and non-string labels are stringified (1.2414ms)
gateway-web	Run node city/test-all.mjs	2026-10-08T08:09:06.0428868Z ✔ the destructive table wins over every later table for the same label (0.1702ms)
gateway-web	Run node city/test-all.mjs	2026-10-08T08:09:06.0430566Z ✔ the donor reasons for one label of each class are exact (0.3274ms)
gateway-web	Run node city/test-all.mjs	2026-10-08T08:09:06.0432053Z ✔ the label tables are the donor tables, entry by entry (0.3505ms)
gateway-web	Run node city/test-all.mjs	2026-10-08T08:09:06.0433398Z ✔ classifyModal classifies every control and counts the classes (0.5179ms)
gateway-web	Run node city/test-all.mjs	2026-10-08T08:09:06.0435158Z ✔ classifyModal falls back to name/text for the label and null for absent fields (0.2636ms)
gateway-web	Run node city/test-all.mjs	2026-10-08T08:09:06.0437612Z ✔ a destructive message is recognised from message or text, first table entry first (0.1747ms)
gateway-web	Run node city/test-all.mjs	2026-10-08T08:09:06.0439418Z ✔ a dialog with no controls asks the user and carries the message kind (0.5768ms)
gateway-web	Run node city/test-all.mjs	2026-10-08T08:09:06.0441164Z ✔ a safe dismissal is always preferred, even beside a destructive control (0.6647ms)
gateway-web	Run node city/test-all.mjs	2026-10-08T08:09:06.0443451Z ✔ a forbidden contract refuses a destructive confirmation and names the kinds (0.3228ms)
gateway-web	Run node city/test-all.mjs	2026-10-08T08:09:06.0445246Z ✔ a destructive control without a declared matching effect asks the user (0.3679ms)
gateway-web	Run node city/test-all.mjs	2026-10-08T08:09:06.0447006Z ✔ a matched effect but no safety authorization still asks the user (0.2366ms)
gateway-web	Run node city/test-all.mjs	2026-10-08T08:09:06.0448727Z ✔ all three conditions together authorize pressing the destructive control (0.2094ms)
gateway-web	Run node city/test-all.mjs	2026-10-08T08:09:06.0451044Z ✔ the kind set is the action kinds, then the control kinds, then the message kind, and the reason lists them all (0.2058ms)
gateway-web	Run node city/test-all.mjs	2026-10-08T08:09:06.0453127Z ✔ a positive confirmation needs a declared effect or a declared destructive kind (0.1878ms)
gateway-web	Run node city/test-all.mjs	2026-10-08T08:09:06.0455008Z ✔ a positive confirmation is reached only after the destructive and safe tables (0.2156ms)
gateway-web	Run node city/test-all.mjs	2026-10-08T08:09:06.0457042Z ✔ an acknowledgement is pressed only when the dialog is harmless (0.3607ms)
gateway-web	Run node city/test-all.mjs	2026-10-08T08:09:06.0458180Z ✔ an unclassifiable dialog asks the user and lists the labels it saw (0.3087ms)
gateway-web	Run node city/test-all.mjs	2026-10-08T08:09:06.0459346Z ✔ destructiveAllowed allows everything except an explicit forbidden mode (0.1675ms)
gateway-web	Run node city/test-all.mjs	2026-10-08T08:09:06.0460962Z ✔ isDestructiveKind is the donor vocabulary check (0.1925ms)
gateway-web	Run node city/test-all.mjs	2026-10-08T08:09:06.0462940Z ✔ planModal classifies candidates, drops disabled ones and reports the chosen ref (0.682ms)
gateway-web	Run node city/test-all.mjs	2026-10-08T08:09:06.0464951Z ✔ planModal on an empty input asks the user with the donor reason (0.2357ms)
gateway-web	Run node city/test-all.mjs	2026-10-08T08:09:06.0466454Z ✔ planModal drops every disabled control and reports the surface it chose (0.2454ms)
gateway-web	Run node city/test-all.mjs	2026-10-08T08:09:06.0468682Z ✔ planModal forwards its context, so the destructive decision still needs all three conditions (0.2915ms)
gateway-web	Run node city/test-all.mjs	2026-10-08T08:09:06.0470547Z ✔ CHANNEL_PLANS is the donor plan table, action type by action type (2.8659ms)
gateway-web	Run node city/test-all.mjs	2026-10-08T08:09:06.0472280Z ✔ every plan channel has a capability and a controller, exactly as declared (0.5177ms)
gateway-web	Run node city/test-all.mjs	2026-10-08T08:09:06.0474005Z ✔ fallbackChannels returns a copy, never the frozen plan itself (0.2672ms)
gateway-web	Run node city/test-all.mjs	2026-10-08T08:09:06.0475824Z ✔ channelRank is the index in the donor cost ladder, and the ladder length when unknown (0.3054ms)
gateway-web	Run node city/test-all.mjs	2026-10-08T08:09:06.0477548Z ✔ isBrowserAction matches only BROWSER_ and DOM_ prefixes (0.2825ms)
gateway-web	Run node city/test-all.mjs	2026-10-08T08:09:06.0479158Z ✔ an unknown action type is refused with the donor reason and code (0.7153ms)
gateway-web	Run node city/test-all.mjs	2026-10-08T08:09:06.0480908Z ✔ CLICK resolves to the DOM with the donor reason and an ordered alternative list (0.6906ms)
gateway-web	Run node city/test-all.mjs	2026-10-08T08:09:06.0483302Z ✔ a contract that withholds the winning capability records the refusal and moves on (0.4431ms)
gateway-web	Run node city/test-all.mjs	2026-10-08T08:09:06.0485213Z ✔ an unavailable controller is described with the donor label and host reason (1.5728ms)
gateway-web	Run node city/test-all.mjs	2026-10-08T08:09:06.0487151Z ✔ pageReady is not consulted on the api channel: a navigation still routes to the api (0.5135ms)
gateway-web	Run node city/test-all.mjs	2026-10-08T08:09:06.0489507Z ✔ a channel that is available but unsuited reports the unsuitability reason (0.6114ms)
gateway-web	Run node city/test-all.mjs	2026-10-08T08:09:06.0491331Z ✔ an unavailable channel is reported before an unsuited one on the same action (0.2854ms)
gateway-web	Run node city/test-all.mjs	2026-10-08T08:09:06.0493699Z ✔ the accessibility channel accepts FOCUS without a resolved point, and CLICK is not in its plan list (0.4056ms)
gateway-web	Run node city/test-all.mjs	2026-10-08T08:09:06.0495750Z ✔ an accessibility node resolves through the ax source (0.2805ms)
gateway-web	Run node city/test-all.mjs	2026-10-08T08:09:06.0497095Z ✔ TYPE prefers the DOM, then accessibility, then coordinates (0.3325ms)
gateway-web	Run node city/test-all.mjs	2026-10-08T08:09:06.0498643Z ✔ point and vision channels carry the donor reasons (0.3195ms)
gateway-web	Run node city/test-all.mjs	2026-10-08T08:09:06.0500442Z ✔ OPEN_APP reaches the shell channel and the api channel is measured against browser availability (0.1946ms)
gateway-web	Run node city/test-all.mjs	2026-10-08T08:09:06.0502619Z ✔ availability entries are available unless explicitly set to false (0.3611ms)
gateway-web	Run node city/test-all.mjs	2026-10-08T08:09:06.0504056Z ✔ every routing reason is the donor string, reached through its own channel (0.682ms)
gateway-web	Run node city/test-all.mjs	2026-10-08T08:09:06.0505711Z ✔ TYPING_ACTIONS and POINTING_ACTIONS are the donor sets (4.8612ms)
gateway-web	Run node city/test-all.mjs	2026-10-08T08:09:06.0507308Z ✔ the destructive gate classifies a harmless action as allowed (0.9787ms)
gateway-web	Run node city/test-all.mjs	2026-10-08T08:09:06.0509129Z ✔ a destructive action with no contract falls back to confirm and records the exact reason (0.4187ms)
gateway-web	Run node city/test-all.mjs	2026-10-08T08:09:06.0511282Z ✔ a forbidden contract refuses with DESTRUCTIVE_FORBIDDEN and the exact reason (0.303ms)
gateway-web	Run node city/test-all.mjs	2026-10-08T08:09:06.0513418Z ✔ an allowed contract lets a destructive action through with no confirmation flag (0.3141ms)
gateway-web	Run node city/test-all.mjs	2026-10-08T08:09:06.0515261Z ✔ a shell command is classified by the donor patterns (1.2972ms)
gateway-web	Run node city/test-all.mjs	2026-10-08T08:09:06.0516898Z ✔ an action that declares its own destructive kinds keeps them verbatim (0.3059ms)
gateway-web	Run node city/test-all.mjs	2026-10-08T08:09:06.0518414Z ✔ the options contract is the fallback when the call carries no contract (0.2555ms)
gateway-web	Run node city/test-all.mjs	2026-10-08T08:09:06.0520733Z ✔ assertActionAllowed throws DESTRUCTIVE_NEEDS_CONFIRMATION when the host supplies no confirm callback (1.2098ms)
gateway-web	Run node city/test-all.mjs	2026-10-08T08:09:06.0523473Z ✔ assertActionAllowed throws DESTRUCTIVE_FORBIDDEN before it ever asks for confirmation (0.73ms)
gateway-web	Run node city/test-all.mjs	2026-10-08T08:09:06.0525606Z ✔ assertActionAllowed returns the decision for a harmless action and for an already-confirmed one (0.7861ms)
gateway-web	Run node city/test-all.mjs	2026-10-08T08:09:06.0528007Z ✔ the confirmation callback path is ported but no host supplies one (unreachable by construction) (0.3481ms)
gateway-web	Run node city/test-all.mjs	2026-10-08T08:09:06.0529902Z ✔ a refused confirmation throws SAFETY_REFUSED with the donor message (0.3427ms)
gateway-web	Run node city/test-all.mjs	2026-10-08T08:09:06.0531637Z ✔ decisions() is an audit trail of every decision, with the injected clock (0.4578ms)
gateway-web	Run node city/test-all.mjs	2026-10-08T08:09:06.0533176Z ✔ checkWindow skips every non-pointing action (0.2427ms)
gateway-web	Run node city/test-all.mjs	2026-10-08T08:09:06.0534907Z ✔ checkWindow checks ACCESSIBILITY_INVOKE too even though it is not a pointing action (0.3779ms)
gateway-web	Run node city/test-all.mjs	2026-10-08T08:09:06.0536932Z ✔ checkWindow allows the expected foreground window and records its handle as a string (0.2106ms)
gateway-web	Run node city/test-all.mjs	2026-10-08T08:09:06.0539309Z ✔ an unobservable foreground refuses a coordinate click with WINDOW_MISMATCH and the donor reason (0.1759ms)
gateway-web	Run node city/test-all.mjs	2026-10-08T08:09:06.0541144Z ✔ an unobservable world refuses with the same code and reason (0.1944ms)
gateway-web	Run node city/test-all.mjs	2026-10-08T08:09:06.0543115Z ✔ a different foreground window is refused, naming the observed title and pid (0.2084ms)
gateway-web	Run node city/test-all.mjs	2026-10-08T08:09:06.0544853Z ✔ an action with no window expectation skips the foreground check (0.1633ms)
gateway-web	Run node city/test-all.mjs	2026-10-08T08:09:06.0546397Z ✔ the foreground toggle is read from the guard options, never from the call context (0.2279ms)
gateway-web	Run node city/test-all.mjs	2026-10-08T08:09:06.0547598Z ✔ assertWindowAllowed throws the window decision code and details (0.5063ms)
gateway-web	Run node city/test-all.mjs	2026-10-08T08:09:06.0549076Z ✔ checkFocus skips every non-typing action (0.4321ms)
gateway-web	Run node city/test-all.mjs	2026-10-08T08:09:06.0550569Z ✔ a verified focus receipt is trusted without consulting the world (0.4839ms)
gateway-web	Run node city/test-all.mjs	2026-10-08T08:09:06.0552242Z ✔ typing with no target and no focus is refused with FOCUS_MISMATCH (0.1849ms)
gateway-web	Run node city/test-all.mjs	2026-10-08T08:09:06.0554152Z ✔ typing with no target but a focused element is allowed from the world (0.2024ms)
gateway-web	Run node city/test-all.mjs	2026-10-08T08:09:06.0555778Z ✔ a targeted type with no focus is refused, naming the target (0.2388ms)
gateway-web	Run node city/test-all.mjs	2026-10-08T08:09:06.0557433Z ✔ focus on the wrong element is refused with the donor detail fields (0.4051ms)
gateway-web	Run node city/test-all.mjs	2026-10-08T08:09:06.0558789Z ✔ focus on any reference the target resolves to is accepted (0.1453ms)
gateway-web	Run node city/test-all.mjs	2026-10-08T08:09:06.0560890Z ✔ a semantic target resolves refs by name containment, and an unrelated pool cannot prove focus (0.3198ms)
gateway-web	Run node city/test-all.mjs	2026-10-08T08:09:06.0563059Z ✔ the focus toggle is honoured from the guard options, unlike the window toggle (0.3355ms)
gateway-web	Run node city/test-all.mjs	2026-10-08T08:09:06.0564944Z ✔ assertFocusAllowed throws FOCUS_MISMATCH with the focused ref in the details (0.5993ms)
gateway-web	Run node city/test-all.mjs	2026-10-08T08:09:06.0567077Z ✔ inspectModals reports every open blocking dialog with the donor defaults (0.6024ms)
gateway-web	Run node city/test-all.mjs	2026-10-08T08:09:06.0568871Z ✔ a dialog is blocking unless it is explicitly blocking:false or open:false (0.1703ms)
gateway-web	Run node city/test-all.mjs	2026-10-08T08:09:06.0570475Z ✔ inspectModals with no dialogs, no world and a non-list dialogs field never blocks (0.125ms)
gateway-web	Run node city/test-all.mjs	2026-10-08T08:09:06.0572557Z ✔ assertNoBlockingModal throws MODAL_BLOCKING and joins the dialog texts (0.2965ms)
gateway-web	Run node city/test-all.mjs	2026-10-08T08:09:06.0574515Z ✔ redactAction redacts typed text, values, keys, stdin and env keys (0.594ms)
gateway-web	Run node city/test-all.mjs	2026-10-08T08:09:06.0575832Z ✔ redactAction masks single-character keys only for a sensitive action (0.1638ms)
gateway-web	Run node city/test-all.mjs	2026-10-08T08:09:06.0577084Z ✔ redactAction redacts secret-looking parameter keys through redactDetails (0.1582ms)
gateway-web	Run node city/test-all.mjs	2026-10-08T08:09:06.0578376Z ✔ redactAction keeps a harmless action readable and leaves the input untouched (0.2134ms)
gateway-web	Run node city/test-all.mjs	2026-10-08T08:09:06.0579459Z ✔ redactText removes inline secrets and bearer tokens (0.2283ms)
gateway-web	Run node city/test-all.mjs	2026-10-08T08:09:06.0580425Z ✔ matchesWindow is the donor field-by-field comparison (0.1903ms)
gateway-web	Run node city/test-all.mjs	2026-10-08T08:09:06.0581562Z ✔ matchesWindow compares class names case-insensitively but handles exactly (0.1857ms)
gateway-web	Run node city/test-all.mjs	2026-10-08T08:09:06.0582815Z ✔ the ladder is the donor ladder: seven kinds, ranks 1..7, labels unchanged (5.8972ms)
gateway-web	Run node city/test-all.mjs	2026-10-08T08:09:06.0583954Z ✔ both target refusals are non-retryable and carry the donor fields (1.9642ms)
gateway-web	Run node city/test-all.mjs	2026-10-08T08:09:06.0585111Z ✔ a string target is trimmed and split between selector and semantic text (0.5599ms)
gateway-web	Run node city/test-all.mjs	2026-10-08T08:09:06.0586236Z ✔ an empty or blank string target is refused with the donor message (0.8551ms)
gateway-web	Run node city/test-all.mjs	2026-10-08T08:09:06.0587411Z ✔ a non-string, non-object, non-array target is refused with the donor message (0.622ms)
gateway-web	Run node city/test-all.mjs	2026-10-08T08:09:06.0589164Z ✔ an object with no addressing rung is refused with the donor message and the raw target (0.8276ms)
gateway-web	Run node city/test-all.mjs	2026-10-08T08:09:06.0590490Z ✔ selector, dom_selector, page/tab, ref and description survive normalization (0.7285ms)
gateway-web	Run node city/test-all.mjs	2026-10-08T08:09:06.0591741Z ✔ accessibility accepts the raw spellings, the nested form and the ax alias (0.7737ms)
gateway-web	Run node city/test-all.mjs	2026-10-08T08:09:06.0593087Z ✔ a name alone is not an accessibility query: it is a refusal, not a silent semantic match (0.7339ms)
gateway-web	Run node city/test-all.mjs	2026-10-08T08:09:06.0594806Z ✔ bbox accepts the x/y/width/height, left/top and w/h spellings and normalizes the order (1.2346ms)
gateway-web	Run node city/test-all.mjs	2026-10-08T08:09:06.0596092Z ✔ point accepts point, coordinate, coordinates and a bare x/y pair (1.2179ms)
gateway-web	Run node city/test-all.mjs	2026-10-08T08:09:06.0597138Z ✔ window accepts a string title or the structured reference (0.6687ms)
gateway-web	Run node city/test-all.mjs	2026-10-08T08:09:06.0598370Z ✔ visual accepts paint, template, template_path and the flat paint/template spellings (0.5772ms)
gateway-web	Run node city/test-all.mjs	2026-10-08T08:09:06.0599603Z ✔ targetKinds reports every addressing mode present, best first (0.2427ms)
gateway-web	Run node city/test-all.mjs	2026-10-08T08:09:06.0600736Z ✔ a window is only a rung of its own when nothing else addresses the target (0.2486ms)
gateway-web	Run node city/test-all.mjs	2026-10-08T08:09:06.0601776Z ✔ rank is the best rung and primaryKind is that same rung (0.2021ms)
gateway-web	Run node city/test-all.mjs	2026-10-08T08:09:06.0603048Z ✔ a candidate list carries the union of its candidates kinds, best first (0.6095ms)
gateway-web	Run node city/test-all.mjs	2026-10-08T08:09:06.0604266Z ✔ describeTarget writes the donor label for every rung and never invents one (0.4285ms)
gateway-web	Run node city/test-all.mjs	2026-10-08T08:09:06.0605946Z ✔ the donor precedence of describeTarget is selector, accessibility, semantic, window, visual, bbox, point (0.2719ms)
gateway-web	Run node city/test-all.mjs	2026-10-08T08:09:06.0607243Z ✔ containsPoint is inclusive on both edges and corners (0.2626ms)
gateway-web	Run node city/test-all.mjs	2026-10-08T08:09:06.0608576Z ✔ centerOf rounds to whole pixels and distance rounds to two decimals (0.4541ms)
gateway-web	Run node city/test-all.mjs	2026-10-08T08:09:06.0609894Z ✔ rung 1: selector resolves from a resolver, from world.controls and from visibleTargets (0.8642ms)
gateway-web	Run node city/test-all.mjs	2026-10-08T08:09:06.0611264Z ✔ rung 2: accessibility resolves by ref, from the ax tree and from the page controls (0.9089ms)
gateway-web	Run node city/test-all.mjs	2026-10-08T08:09:06.0612482Z ✔ rung 3: semantic matches on the concatenated element text and on role (1.0509ms)
gateway-web	Run node city/test-all.mjs	2026-10-08T08:09:06.0613642Z ✔ rung 4: window resolves from world.windows through the donor predicate (0.6553ms)
gateway-web	Run node city/test-all.mjs	2026-10-08T08:09:06.0614924Z ✔ rung 5: bbox matches the element containing the rect centre, both edges inclusive (0.5266ms)
gateway-web	Run node city/test-all.mjs	2026-10-08T08:09:06.0616185Z ✔ rung 6: visual is never resolved from world state, only through a resolver (0.4533ms)
gateway-web	Run node city/test-all.mjs	2026-10-08T08:09:06.0617433Z ✔ rung 7: point resolves inside a bbox, then falls back to a synthetic 1x1 target (0.568ms)
gateway-web	Run node city/test-all.mjs	2026-10-08T08:09:06.0618669Z ✔ the ladder is walked in rank order and every rung is recorded until one hits (0.5848ms)
gateway-web	Run node city/test-all.mjs	2026-10-08T08:09:06.0620046Z ✔ a candidate list is the ladder written by hand: candidates first, in order, then the wrapper (0.5885ms)
gateway-web	Run node city/test-all.mjs	2026-10-08T08:09:06.0621515Z ✔ a resolver that throws degrades the ladder: the reason is recorded and the next rung runs (0.3651ms)
gateway-web	Run node city/test-all.mjs	2026-10-08T08:09:06.0622690Z ✔ an error without a code records its message as the reason (0.2937ms)
gateway-web	Run node city/test-all.mjs	2026-10-08T08:09:06.0623806Z ✔ a missing resolver function degrades to the world state instead of failing (0.4829ms)
gateway-web	Run node city/test-all.mjs	2026-10-08T08:09:06.0625183Z ✔ resolved descriptors carry the donor fields, including the disabled/visible derivation (0.3905ms)
gateway-web	Run node city/test-all.mjs	2026-10-08T08:09:06.0626639Z ✔ resolveTarget refuses a missing target and reports a missing one with the donor message (0.3471ms)
gateway-web	Run node city/test-all.mjs	2026-10-08T08:09:06.0627923Z ✔ the not-found error quotes the donor label and every attempted rung (0.3176ms)
gateway-web	Run node city/test-all.mjs	2026-10-08T08:09:06.0629522Z ✔ a world is optional: an absent world is an empty one, and visibleTargets merge after controls (0.3815ms)
gateway-web	Run node city/test-all.mjs	2026-10-08T08:09:06.0630995Z ✔ matchesAccessibility: substring by default, exact on request, and each field can refuse (0.4541ms)
gateway-web	Run node city/test-all.mjs	2026-10-08T08:09:06.0632431Z ✔ matchesSemantic: text, label, placeholder, name and role, with the donor precedence (0.4511ms)
gateway-web	Run node city/test-all.mjs	2026-10-08T08:09:06.0634142Z ✔ matchesWindow: handle and processId are typed equality, className and title are substrings (0.3425ms)
gateway-web	Run node city/test-all.mjs	2026-10-08T08:09:06.0635569Z ✔ revalidate with no previous or no current resolution reports unknown and missing (0.3852ms)
gateway-web	Run node city/test-all.mjs	2026-10-08T08:09:06.0637040Z ✔ revalidate re-reads the thresholds from whatever it is given, falling back to the donor values (0.4901ms)
gateway-web	Run node city/test-all.mjs	2026-10-08T08:09:06.0638275Z ✔ revalidate: just below, exactly at and just above stablePx (1.1583ms)
gateway-web	Run node city/test-all.mjs	2026-10-08T08:09:06.0639533Z ✔ revalidate: just below, exactly at and just above updatePx (0.2881ms)
gateway-web	Run node city/test-all.mjs	2026-10-08T08:09:06.0640707Z ✔ a beyond-tolerance move is stale for the reason that matches the node identity (0.3091ms)
gateway-web	Run node city/test-all.mjs	2026-10-08T08:09:06.0641992Z ✔ revalidate returns the donor shape for each verdict, with the donor key order (0.2946ms)
gateway-web	Run node city/test-all.mjs	2026-10-08T08:09:06.0643146Z ✔ revalidate uses the bbox centre when a resolution has no point (0.239ms)
gateway-web	Run node city/test-all.mjs	2026-10-08T08:09:06.0644339Z ✔ revalidate compares node identity, and a different node defaults to the donor threshold (0.1839ms)
gateway-web	Run node city/test-all.mjs	2026-10-08T08:09:06.0645588Z ✔ the different-node rule needs two real refs and follows the caller updatePx (0.2182ms)
gateway-web	Run node city/test-all.mjs	2026-10-08T08:09:06.0647014Z ✔ a resolution with the same identity but no geometry is stable; without identity it is unknown (0.2333ms)
gateway-web	Run node city/test-all.mjs	2026-10-08T08:09:06.0648961Z ✔ DEFECT 1: a semantic target that carries no text, label, name or placeholder describes itself as "undefined" (0.2396ms)
gateway-web	Run node city/test-all.mjs	2026-10-08T08:09:06.0650800Z ✔ DEFECT 2: a semantic-only target with no text fields matches EVERY element the world holds (0.2265ms)
gateway-web	Run node city/test-all.mjs	2026-10-08T08:09:06.0652492Z ✔ DEFECT 3: a candidate wrapper re-walks a candidate kind with no query, and only the predicate stops a false hit (0.7325ms)
gateway-web	Run node city/test-all.mjs	2026-10-08T08:09:06.0654200Z ✔ DEFECT 4: the synthetic point box is anchored at the point, so its rounded centre is one pixel away (0.4023ms)
gateway-web	Run node city/test-all.mjs	2026-10-08T08:09:06.0655763Z ✔ DEFECT 5: window.className is equality, not a substring, while window.title is a substring (1.5333ms)
gateway-web	Run node city/test-all.mjs	2026-10-08T08:09:06.0657167Z ✔ DEFECT 6: a beyond-tolerance move without a ref anywhere is reported as a different node (0.2153ms)
gateway-web	Run node city/test-all.mjs	2026-10-08T08:09:06.0658512Z ✔ DEFECT 7: distance() propagates NaN instead of refusing a missing coordinate (0.1735ms)
gateway-web	Run node city/test-all.mjs	2026-10-08T08:09:06.0660323Z ✔ DEFECT 8: Number(null) is 0, so an explicit null threshold is treated as 0 rather than as absent (0.1917ms)
gateway-web	Run node city/test-all.mjs	2026-10-08T08:09:06.0661850Z ✔ DEFECT 9: an empty window or visual object is still a rung, because compact() keeps the container (0.5827ms)
gateway-web	Run node city/test-all.mjs	2026-10-08T08:09:06.0663391Z ✔ DEFECT 10: the flat trigger list has a typo that costs `template_path`, and page is never a rung (0.7821ms)
gateway-web	Run node city/test-all.mjs	2026-10-08T08:09:06.0664872Z ✔ DEFECT 11: a truthy non-integer accessibility index is silently dropped, and 0 is kept (0.2316ms)
gateway-web	Run node city/test-all.mjs	2026-10-08T08:09:06.0666391Z ✔ DEFECT 12: a false-named exact is still a substring match, because `exact` needs the boolean true (0.1634ms)
gateway-web	Run node city/test-all.mjs	2026-10-08T08:09:06.0667927Z ✔ DEFECT 13: buildResolved prefers an explicit disabled/visible only when that field is present (0.2482ms)
gateway-web	Run node city/test-all.mjs	2026-10-08T08:09:06.0669561Z ✔ DEFECT 14: exact-match accessibility still ignores an empty-string automationId expectation on the node (0.2679ms)
gateway-web	Run node city/test-all.mjs	2026-10-08T08:09:06.0670910Z ✔ MISS_SIGNALS is the donor list, in the donor order, frozen (11.3653ms)
gateway-web	Run node city/test-all.mjs	2026-10-08T08:09:06.0672371Z ✔ PRESERVED DONOR DEFECT: a missing observation returns a `no_observation` signal that is not in MISS_SIGNALS (0.8097ms)
gateway-web	Run node city/test-all.mjs	2026-10-08T08:09:06.0674030Z ✔ controller_reported_noop comes from a failed, retryable receipt or an explicit controller miss (3.8353ms)
gateway-web	Run node city/test-all.mjs	2026-10-08T08:09:06.0676167Z ✔ no_state_change is raised when nothing meaningful moved and the evidence did not move either (1.5628ms)
gateway-web	Run node city/test-all.mjs	2026-10-08T08:09:06.0678282Z ✔ evidence that moved suppresses no_state_change even when no meaningful field did (0.3645ms)
gateway-web	Run node city/test-all.mjs	2026-10-08T08:09:06.0680719Z ✔ a failed verification contributes expected_event_missing, focus_unchanged and control_state_unchanged (0.5287ms)
gateway-web	Run node city/test-all.mjs	2026-10-08T08:09:06.0683254Z ✔ focus_unchanged also comes from a focus action that left the focused ref alone (0.3493ms)
gateway-web	Run node city/test-all.mjs	2026-10-08T08:09:06.0685302Z ✔ active_element_unchanged is raised for a typing action and is too soft to carry a miss on its own (0.4864ms)
gateway-web	Run node city/test-all.mjs	2026-10-08T08:09:06.0687504Z ✔ visual_identical only carries a miss when the evidence did not move (0.5926ms)
gateway-web	Run node city/test-all.mjs	2026-10-08T08:09:06.0689294Z ✔ the confidence ladder is low for no signal, medium for one and high for more (0.5102ms)
gateway-web	Run node city/test-all.mjs	2026-10-08T08:09:06.0690948Z ✔ signals are reported once each, in the donor order (0.3698ms)
gateway-web	Run node city/test-all.mjs	2026-10-08T08:09:06.0692663Z ✔ detectMiss is deterministic across two identical calls (0.4403ms)
gateway-web	Run node city/test-all.mjs	2026-10-08T08:09:06.0694632Z ✔ PRESERVED DONOR DEFECT: a controller without a probe() is reported unavailable even when snapshot() works (7.3058ms)
gateway-web	Run node city/test-all.mjs	2026-10-08T08:09:06.0696735Z ✔ a probe that throws or answers available:false skips the source without an error record (1.5096ms)
gateway-web	Run node city/test-all.mjs	2026-10-08T08:09:06.0698226Z ✔ a snapshot that throws degrades the source, records a note and lands in the error ring (0.8252ms)
gateway-web	Run node city/test-all.mjs	2026-10-08T08:09:06.0699908Z ✔ a source that exceeds the window is reported unavailable with the donor message (15.4953ms)
gateway-web	Run node city/test-all.mjs	2026-10-08T08:09:06.0700921Z ✔ a snapshot returning null or undefined is an unavailable source, not a crash (1.0455ms)
gateway-web	Run node city/test-all.mjs	2026-10-08T08:09:06.0702043Z ✔ the accessibility walk is opt-out through context.ax (0.8725ms)
gateway-web	Run node city/test-all.mjs	2026-10-08T08:09:06.0702950Z ✔ system events are computed from consecutive observations and accumulate until drained (2.1711ms)
gateway-web	Run node city/test-all.mjs	2026-10-08T08:09:06.0704145Z ✔ file events join the system events, and a broken file controller degrades the system source (1.747ms)
gateway-web	Run node city/test-all.mjs	2026-10-08T08:09:06.0705552Z ✔ watchFile pushes watched events into the stream and calls the callback (0.6044ms)
gateway-web	Run node city/test-all.mjs	2026-10-08T08:09:06.0706516Z ✔ the observer passes the world its sources produced, including their notes and sources map (1.0927ms)
gateway-web	Run node city/test-all.mjs	2026-10-08T08:09:06.0707870Z ✔ with no clock injected the world is stamped with the port default, not the wall clock (0.8445ms)
gateway-web	Run node city/test-all.mjs	2026-10-08T08:09:06.0708905Z ✔ the observation is deterministic across two identical calls with the same injected clock (1.6472ms)
gateway-web	Run node city/test-all.mjs	2026-10-08T08:09:06.0710359Z ✔ PROGRESS_KINDS, PROGRESS_KIND_LIST and EVIDENCE_KINDS are the donor vocabulary, frozen (4.46ms)
gateway-web	Run node city/test-all.mjs	2026-10-08T08:09:06.0711659Z ✔ verified-effect is accepted only on a success verdict whose evidence kind proves the effect landed (1.3599ms)
gateway-web	Run node city/test-all.mjs	2026-10-08T08:09:06.0713084Z ✔ PRESERVED DONOR DEFECT: the verified-effect claim reads `detail.kind`, never the verifier's `verificationKind` (0.3514ms)
gateway-web	Run node city/test-all.mjs	2026-10-08T08:09:06.0714264Z ✔ an unknown progress kind is refused (0.5218ms)
gateway-web	Run node city/test-all.mjs	2026-10-08T08:09:06.0729628Z ✔ subprocess-exit needs an exit, and an exit without a code only counts when signalled (0.3167ms)
gateway-web	Run node city/test-all.mjs	2026-10-08T08:09:06.0730660Z ✔ file-operation needs `verified: true`, and criteria-satisfied needs `satisfied: true` (0.3004ms)
gateway-web	Run node city/test-all.mjs	2026-10-08T08:09:06.0731607Z ✔ state-transition needs a state, and refuses a state the run was already in (0.2593ms)
gateway-web	Run node city/test-all.mjs	2026-10-08T08:09:06.0732568Z ✔ a heartbeat and an issued action are never progress; only progress() moves lastProgressAt (0.7727ms)
gateway-web	Run node city/test-all.mjs	2026-10-08T08:09:06.0733573Z ✔ status reports the stall-facing view, falling back to lastActionAt before any progress (0.6033ms)
gateway-web	Run node city/test-all.mjs	2026-10-08T08:09:06.0734693Z ✔ noOp counts a repeated identical signature and flags repetition at the repeat window (0.7197ms)
gateway-web	Run node city/test-all.mjs	2026-10-08T08:09:06.0735989Z ✔ recorded progress clears the no-op streak and forgets the last no-op signature (0.332ms)
gateway-web	Run node city/test-all.mjs	2026-10-08T08:09:06.0736848Z ✔ history is a bounded copy of the ring, defaulting to 200 records (0.7148ms)
gateway-web	Run node city/test-all.mjs	2026-10-08T08:09:06.0737605Z ✔ with no clock injected the tracker records null instants instead of reading the wall clock (0.3051ms)
gateway-web	Run node city/test-all.mjs	2026-10-08T08:09:06.0738646Z ✔ progress counts only verified effects: a failed or unproven verification never advances progress (5.1557ms)
gateway-web	Run node city/test-all.mjs	2026-10-08T08:09:06.0739655Z ✔ the tracker is deterministic across two identical runs with the same injected clock (0.6536ms)
gateway-web	Run node city/test-all.mjs	2026-10-08T08:09:06.0740613Z ✔ a controller that reported failure settles the verdict without reading the world (4.0345ms)
gateway-web	Run node city/test-all.mjs	2026-10-08T08:09:06.0741484Z ✔ with no declared effect: a first observation is unknown, never a success (1.7418ms)
gateway-web	Run node city/test-all.mjs	2026-10-08T08:09:06.0742522Z ✔ with no declared effect: the DOM revision is evidence for the digest but is deliberately not a meaningful field (0.9534ms)
gateway-web	Run node city/test-all.mjs	2026-10-08T08:09:06.0743375Z ✔ with no declared effect: a missing observation on either side is unknown, never a verdict (0.372ms)
gateway-web	Run node city/test-all.mjs	2026-10-08T08:09:06.0744215Z ✔ with no declared effect: receipt signals are appended and receipt.changed can carry the verdict (0.5963ms)
gateway-web	Run node city/test-all.mjs	2026-10-08T08:09:06.0745109Z ✔ any mode: one observed effect is success, none observed is failure (2.5742ms)
gateway-web	Run node city/test-all.mjs	2026-10-08T08:09:06.0745845Z ✔ any mode: unknown only when nothing at all was checkable, otherwise a checked failure wins (0.8007ms)
gateway-web	Run node city/test-all.mjs	2026-10-08T08:09:06.0746753Z ✔ all mode is declared by expectedEffect.mode, not by the `all` key alone (1.1587ms)
gateway-web	Run node city/test-all.mjs	2026-10-08T08:09:06.0747662Z ✔ the declared mode wins over the action default, and neither beats an explicit effectMode (0.7078ms)
gateway-web	Run node city/test-all.mjs	2026-10-08T08:09:06.0748578Z ✔ the dominant kind follows the donor order, and a failed effect keeps its kind (0.8979ms)
gateway-web	Run node city/test-all.mjs	2026-10-08T08:09:06.0749487Z ✔ an effect shape the donor does not know is unknown and names its keys (0.4712ms)
gateway-web	Run node city/test-all.mjs	2026-10-08T08:09:06.0750672Z ✔ PRESERVED DONOR DEFECT: collectEffects reads `any`/`all` as arrays only, so an effectMode of `all` over a non-array declaration checks nothing (0.4343ms)
gateway-web	Run node city/test-all.mjs	2026-10-08T08:09:06.0752436Z ✔ PRESERVED DONOR DEFECT: target_appears/target_disappears always report "could not be located" because the donor calls targetPresent(action, after) (0.4891ms)
gateway-web	Run node city/test-all.mjs	2026-10-08T08:09:06.0753602Z ✔ implied state: FOCUS and SWITCH_WINDOW are verified against the window that is in front (0.504ms)
gateway-web	Run node city/test-all.mjs	2026-10-08T08:09:06.0754597Z ✔ implied state: a window action without a target window falls through to the world-change check (0.3626ms)
gateway-web	Run node city/test-all.mjs	2026-10-08T08:09:06.0755941Z ✔ implied state: CLOSE_WINDOW is verified by the window being gone (0.3789ms)
gateway-web	Run node city/test-all.mjs	2026-10-08T08:09:06.0756878Z ✔ effect: event is found by type or name, failed without an observation, unknown with no after world (0.2391ms)
gateway-web	Run node city/test-all.mjs	2026-10-08T08:09:06.0757804Z ✔ effect: dom_mutated compares the DOM revision, and needs one on both sides (0.318ms)
gateway-web	Run node city/test-all.mjs	2026-10-08T08:09:06.0758714Z ✔ effect: navigation and url_changed compare URLs, and url_matches is a lowercase substring (0.4227ms)
gateway-web	Run node city/test-all.mjs	2026-10-08T08:09:06.0759687Z ✔ effect: toast and text_appears read controls, the accessibility tree, then the DOM (0.9227ms)
gateway-web	Run node city/test-all.mjs	2026-10-08T08:09:06.0760662Z ✔ effect: text_disappears is ok when the text is gone, failed while it is visible (0.2173ms)
gateway-web	Run node city/test-all.mjs	2026-10-08T08:09:06.0761534Z ✔ effect: control_state_changed compares the target control field by field (0.7252ms)
gateway-web	Run node city/test-all.mjs	2026-10-08T08:09:06.0762448Z ✔ effect: value_equals prefers the focused element value, then the target control value (0.7399ms)
gateway-web	Run node city/test-all.mjs	2026-10-08T08:09:06.0763356Z ✔ effect: checked_equals reads the checkbox state and is unknown without one (0.4757ms)
gateway-web	Run node city/test-all.mjs	2026-10-08T08:09:06.0764210Z ✔ effect: focus_changed and window_changed compare the two observations (0.3916ms)
gateway-web	Run node city/test-all.mjs	2026-10-08T08:09:06.0765065Z ✔ effect: file facts are unknown without the controller and otherwise answered (1.007ms)
gateway-web	Run node city/test-all.mjs	2026-10-08T08:09:06.0765812Z ✔ effect: process facts read the recorded shell result (1.0623ms)
gateway-web	Run node city/test-all.mjs	2026-10-08T08:09:06.0766475Z ✔ effect: visual_change needs the vision controller and can answer unknown (1.9234ms)
gateway-web	Run node city/test-all.mjs	2026-10-08T08:09:06.0767377Z ✔ findControl resolves a target by ref, selector, semantic text or accessibility name (0.903ms)
gateway-web	Run node city/test-all.mjs	2026-10-08T08:09:06.0768402Z ✔ PRESERVED DONOR DEFECT: targetPresent only answers null when the world has no controls AND no ax array (0.17ms)
gateway-web	Run node city/test-all.mjs	2026-10-08T08:09:06.0769331Z ✔ verifyFactsFrom digests the state with the same evidence digest (0.4142ms)
gateway-web	Run node city/test-all.mjs	2026-10-08T08:09:06.0770193Z ✔ the verdict is always one of exactly three values and every call is deterministic (0.6351ms)
gateway-web	Run node city/test-all.mjs	2026-10-08T08:09:06.0770934Z ✔ the injected clock is the only source of checkedAt (1.4661ms)
gateway-web	Run node city/test-all.mjs	2026-10-08T08:09:06.0771687Z ✔ the pinned world carries the donor shape: foreground, targets, sources, notes (5.8712ms)
gateway-web	Run node city/test-all.mjs	2026-10-08T08:09:06.0772669Z ✔ the pinned world digest is the donor sha1 of the pinned stable string, 16 characters (1.0526ms)
gateway-web	Run node city/test-all.mjs	2026-10-08T08:09:06.0773559Z ✔ the donor-hash world pins the donor signature and the donor evidence digest (0.5461ms)
gateway-web	Run node city/test-all.mjs	2026-10-08T08:09:06.0774736Z ✔ with no injected digest the port computes the donor sha1, and an injected digest replaces it (1.0359ms)
gateway-web	Run node city/test-all.mjs	2026-10-08T08:09:06.0776243Z ✔ stableStringify sorts object keys, keeps array order and renders null and undefined alike (0.3322ms)
gateway-web	Run node city/test-all.mjs	2026-10-08T08:09:06.0777229Z ✔ signatureOf is the donor sha1 truncated to 16 characters and survives a failing digest (0.3733ms)
gateway-web	Run node city/test-all.mjs	2026-10-08T08:09:06.0778128Z ✔ a missing captured time takes the port default instead of the wall clock (2.355ms)
gateway-web	Run node city/test-all.mjs	2026-10-08T08:09:06.0779031Z ✔ a missing source is recorded as unavailable with its reason, never replaced by a guess (0.8495ms)
gateway-web	Run node city/test-all.mjs	2026-10-08T08:09:06.0779987Z ✔ ax falls back from browser to desktop, controls are filtered, dialogs are concatenated (0.9065ms)
gateway-web	Run node city/test-all.mjs	2026-10-08T08:09:06.0781588Z ✔ the foreground window is taken from desktop.foreground or from the first foreground window (2.6431ms)
gateway-web	Run node city/test-all.mjs	2026-10-08T08:09:06.0782495Z ✔ a focused ref with no matching control is described by ref alone (1.1443ms)
gateway-web	Run node city/test-all.mjs	2026-10-08T08:09:06.0783321Z ✔ computeConfidence follows the donor weights and rounds to two places (0.8265ms)
gateway-web	Run node city/test-all.mjs	2026-10-08T08:09:06.0784209Z ✔ meaningfulChange reports a first observation and a lost observation (1.7765ms)
gateway-web	Run node city/test-all.mjs	2026-10-08T08:09:06.0785020Z ✔ meaningfulChange reports no change for two identical observations (0.4838ms)
gateway-web	Run node city/test-all.mjs	2026-10-08T08:09:06.0785980Z ✔ every MEANINGFUL_FIELDS member is a boundary: changing it alone is the only reported change (12.7102ms)
gateway-web	Run node city/test-all.mjs	2026-10-08T08:09:06.0786792Z ✔ MEANINGFUL_FIELDS is the donor list, in the donor order, frozen (1.3336ms)
gateway-web	Run node city/test-all.mjs	2026-10-08T08:09:06.0788064Z ✔ PRESERVED DONOR DEFECT: the world never populates lastActionType/lastActionResult, so lastAction is invisible to meaningfulChange (0.4594ms)
gateway-web	Run node city/test-all.mjs	2026-10-08T08:09:06.0789331Z ✔ meaningfulChange compares fields individually, and undefined against a value is a change (1.9932ms)
gateway-web	Run node city/test-all.mjs	2026-10-08T08:09:06.0790350Z ✔ meaningfulChange ignores DOM revision churn, which evidenceDigest does not (1.7911ms)
gateway-web	Run node city/test-all.mjs	2026-10-08T08:09:06.0791329Z ✔ evidenceDigest follows the event stream and the focused value, and is null without a world (1.1307ms)
gateway-web	Run node city/test-all.mjs	2026-10-08T08:09:06.0792214Z ✔ two identical calls build the same world and the same digest (1.8823ms)
gateway-web	Run node city/test-all.mjs	2026-10-08T08:09:06.0793062Z ✔ parts.notes is copied and capped at 20, summarizeWorldState caps its notes at 5 (0.5221ms)
gateway-web	Run node city/test-all.mjs	2026-10-08T08:09:06.0793954Z ✔ summarizeWorldState is the compact donor summary, and null for no world (0.9172ms)
gateway-web	Run node city/test-all.mjs	2026-10-08T08:09:06.0794810Z ✔ discardWorldState returns the summary and empties the world in place (0.633ms)
gateway-web	Run node city/test-all.mjs	2026-10-08T08:09:06.0795728Z ✔ a world with every source degraded still records what it can, and its confidence says so (0.3533ms)
gateway-web	Run node city/test-all.mjs	2026-10-08T08:09:06.0796649Z ✔ the real manifest describes exactly the districts and modules that exist (15.2693ms)
gateway-web	Run node city/test-all.mjs	2026-10-08T08:09:06.0797263Z ✔ the manifest and the city tree agree on what exists (12.9154ms)
gateway-web	Run node city/test-all.mjs	2026-10-08T08:09:06.0797967Z ✔ mission-book incubators are named and provenanced, and Room Pack incubators are not disguised (3.3855ms)
gateway-web	Run node city/test-all.mjs	2026-10-08T08:09:06.0799005Z ✔ a mission-book migration incubator proves a donor; a programme-task incubator proves it has none (27.5507ms)
gateway-web	Run node city/test-all.mjs	2026-10-08T08:09:06.0799919Z ✔ the manifest rejects malformed hierarchy, paths and lifecycles (9.3105ms)
gateway-web	Run node city/test-all.mjs	2026-10-08T08:09:06.0800814Z ✔ module directories and lifecycles must not contradict each other (47.8872ms)
gateway-web	Run node city/test-all.mjs	2026-10-08T08:09:06.0801662Z ✔ loadManifest reports an unreadable manifest instead of guessing (5.1213ms)
gateway-web	Run node city/test-all.mjs	2026-10-08T08:09:06.0802455Z ✔ city/test-all.mjs discovers module tests without shell globs (27.0688ms)
gateway-web	Run node city/test-all.mjs	2026-10-08T08:09:06.0802846Z ℹ tests 2013
gateway-web	Run node city/test-all.mjs	2026-10-08T08:09:06.0803117Z ℹ suites 3
gateway-web	Run node city/test-all.mjs	2026-10-08T08:09:06.0803389Z ℹ pass 1999
gateway-web	Run node city/test-all.mjs	2026-10-08T08:09:06.0803571Z ℹ fail 0
gateway-web	Run node city/test-all.mjs	2026-10-08T08:09:06.0803753Z ℹ cancelled 0
gateway-web	Run node city/test-all.mjs	2026-10-08T08:09:06.0804104Z ℹ skipped 14
gateway-web	Run node city/test-all.mjs	2026-10-08T08:09:06.0804331Z ℹ todo 0
gateway-web	Run node city/test-all.mjs	2026-10-08T08:09:06.0804587Z ℹ duration_ms 38368.0665
gateway-web	Run pnpm check:docs	﻿2026-10-08T08:09:06.1535143Z ##[group]Run pnpm check:docs
gateway-web	Run pnpm check:docs	2026-10-08T08:09:06.1535620Z ^[[36;1mpnpm check:docs^[[0m
gateway-web	Run pnpm check:docs	2026-10-08T08:09:06.1627940Z shell: C:\Program Files\PowerShell\7\pwsh.EXE -command ". '{0}'"
gateway-web	Run pnpm check:docs	2026-10-08T08:09:06.1628292Z env:
gateway-web	Run pnpm check:docs	2026-10-08T08:09:06.1628944Z   PNPM_HOME: C:\Users\runneradmin\setup-pnpm\node_modules\.bin
gateway-web	Run pnpm check:docs	2026-10-08T08:09:06.1629268Z ##[endgroup]
gateway-web	Run pnpm check:docs	2026-10-08T08:09:07.0375741Z $ node scripts/check-bilingual.mjs
gateway-web	Run pnpm check:docs	2026-10-08T08:09:07.1406447Z docs: PAIR_STATUS = SYNCHRONIZED
gateway-web	Run pnpm check:docs	2026-10-08T08:09:07.1489849Z evidence: PAIR_STATUS = SYNCHRONIZED
gateway-web	Run pnpm check:docs	2026-10-08T08:09:07.1525263Z data-records: PAIR_STATUS = SYNCHRONIZED
gateway-web	Post Run pnpm/action-setup@v4	﻿2026-10-08T08:09:07.4121621Z Post job cleanup.
gateway-web	Post Run pnpm/action-setup@v4	2026-10-08T08:09:07.6302238Z Pruning is unnecessary.
gateway-web	Post Run actions/setup-node@v4	﻿2026-10-08T08:09:07.6912998Z Post job cleanup.
gateway-web	Post Run actions/setup-node@v4	2026-10-08T08:09:07.9241593Z (node:9740) [DEP0040] DeprecationWarning: The `punycode` module is deprecated. Please use a userland alternative instead.
gateway-web	Post Run actions/setup-node@v4	2026-10-08T08:09:07.9243150Z (Use `node --trace-deprecation ...` to show where the warning was created)
gateway-web	Post Run actions/checkout@v4	﻿2026-10-08T08:09:07.9638701Z Post job cleanup.
gateway-web	Post Run actions/checkout@v4	2026-10-08T08:09:08.2264094Z [command]"C:\Program Files\Git\bin\git.exe" version
gateway-web	Post Run actions/checkout@v4	2026-10-08T08:09:08.2574462Z git version 2.55.0.windows.5
gateway-web	Post Run actions/checkout@v4	2026-10-08T08:09:08.2654923Z Temporarily overriding HOME='D:\a\_temp\1755db33-aafe-46ed-b543-35ff0a1af923' before making global git config changes
gateway-web	Post Run actions/checkout@v4	2026-10-08T08:09:08.2658018Z Adding repository directory to the temporary git global config as a safe directory
gateway-web	Post Run actions/checkout@v4	2026-10-08T08:09:08.2670483Z [command]"C:\Program Files\Git\bin\git.exe" config --global --add safe.directory D:\a\utopia\utopia
gateway-web	Post Run actions/checkout@v4	2026-10-08T08:09:08.3085744Z [command]"C:\Program Files\Git\bin\git.exe" config --local --name-only --get-regexp core\.sshCommand
gateway-web	Post Run actions/checkout@v4	2026-10-08T08:09:08.3446821Z [command]"C:\Program Files\Git\bin\git.exe" submodule foreach --recursive "sh -c \"git config --local --name-only --get-regexp 'core\.sshCommand' && git config --local --unset-all 'core.sshCommand' || :\""
gateway-web	Post Run actions/checkout@v4	2026-10-08T08:09:09.1642755Z [command]"C:\Program Files\Git\bin\git.exe" config --local --name-only --get-regexp http\.https\:\/\/github\.com\/\.extraheader
gateway-web	Post Run actions/checkout@v4	2026-10-08T08:09:09.2058851Z http.https://github.com/.extraheader
gateway-web	Post Run actions/checkout@v4	2026-10-08T08:09:09.2126256Z [command]"C:\Program Files\Git\bin\git.exe" config --local --unset-all http.https://github.com/.extraheader
gateway-web	Post Run actions/checkout@v4	2026-10-08T08:09:09.2603218Z [command]"C:\Program Files\Git\bin\git.exe" submodule foreach --recursive "sh -c \"git config --local --name-only --get-regexp 'http\.https\:\/\/github\.com\/\.extraheader' && git config --local --unset-all 'http.https://github.com/.extraheader' || :\""
gateway-web	Post Run actions/checkout@v4	2026-10-08T08:09:10.2617939Z [command]"C:\Program Files\Git\bin\git.exe" config --local --name-only --get-regexp ^includeIf\.gitdir:
gateway-web	Post Run actions/checkout@v4	2026-10-08T08:09:10.3063433Z [command]"C:\Program Files\Git\bin\git.exe" submodule foreach --recursive "git config --local --show-origin --name-only --get-regexp remote.origin.url"
gateway-web	Complete job	﻿2026-10-08T08:09:10.9613798Z Cleaning up orphan processes
gateway-web	Complete job	2026-10-08T08:09:11.0110132Z ##[warning]Node.js 20 is deprecated. The following actions target Node.js 20 but are being forced to run on Node.js 24: actions/checkout@v4, actions/setup-node@v4, pnpm/action-setup@v4. For more information see: https://github.blog/changelog/2025-09-19-deprecation-of-node-20-on-github-actions-runners/
