android	Set up job	﻿2026-10-07T01:44:49.1814944Z Current runner version: '2.337.0'
android	Set up job	2026-10-07T01:44:49.1843382Z ##[group]Runner Image Provisioner
android	Set up job	2026-10-07T01:44:49.1844430Z Hosted Compute Agent
android	Set up job	2026-10-07T01:44:49.1845058Z Version: 20260901.588
android	Set up job	2026-10-07T01:44:49.1845707Z Commit: f88ec8081b781fac6c440065ac7ff9e710ce3d0b
android	Set up job	2026-10-07T01:44:49.1846569Z Build Date: 2026-09-01T19:56:44Z
android	Set up job	2026-10-07T01:44:49.1847513Z Worker ID: {78da2062-ffe3-4f7f-861d-d519614bf21c}
android	Set up job	2026-10-07T01:44:49.1848424Z Azure Region: northcentralus
android	Set up job	2026-10-07T01:44:49.1849093Z ##[endgroup]
android	Set up job	2026-10-07T01:44:49.1850501Z ##[group]Operating System
android	Set up job	2026-10-07T01:44:49.1851260Z Ubuntu
android	Set up job	2026-10-07T01:44:49.1851823Z 24.04.5
android	Set up job	2026-10-07T01:44:49.1852478Z LTS
android	Set up job	2026-10-07T01:44:49.1853037Z ##[endgroup]
android	Set up job	2026-10-07T01:44:49.1853618Z ##[group]Runner Image
android	Set up job	2026-10-07T01:44:49.1854294Z Image: ubuntu-24.04
android	Set up job	2026-10-07T01:44:49.1854900Z Version: 20260927.320.1
android	Set up job	2026-10-07T01:44:49.1856026Z Included Software: https://github.com/actions/runner-images/blob/ubuntu24/20260927.320/images/ubuntu/Ubuntu2404-Readme.md
android	Set up job	2026-10-07T01:44:49.1858111Z Image Release: https://github.com/actions/runner-images/releases/tag/ubuntu24%2F20260927.320
android	Set up job	2026-10-07T01:44:49.1859194Z ##[endgroup]
android	Set up job	2026-10-07T01:44:49.1860484Z ##[group]GITHUB_TOKEN Permissions
android	Set up job	2026-10-07T01:44:49.1863057Z Contents: read
android	Set up job	2026-10-07T01:44:49.1863717Z Metadata: read
android	Set up job	2026-10-07T01:44:49.1864289Z Packages: read
android	Set up job	2026-10-07T01:44:49.1864972Z ##[endgroup]
android	Set up job	2026-10-07T01:44:49.1867057Z Secret source: Actions
android	Set up job	2026-10-07T01:44:49.1868528Z Cache mode: write
android	Set up job	2026-10-07T01:44:49.1869579Z Prepare workflow directory
android	Set up job	2026-10-07T01:44:49.2202521Z Prepare all required actions
android	Set up job	2026-10-07T01:44:49.2250035Z Getting action download info
android	Set up job	2026-10-07T01:44:49.5003873Z Download action repository 'actions/checkout@v4' (SHA:11d5960a326750d5838078e36cf38b85af677262)
android	Set up job	2026-10-07T01:44:49.6157255Z Download action repository 'actions/setup-java@v4' (SHA:cf277c60eb25467037889841efdb72551f06f6c3)
android	Set up job	2026-10-07T01:44:50.0853256Z Download action repository 'android-actions/setup-android@v3' (SHA:9fc6c4e9069bf8d3d10b2204b1fb8f6ef7065407)
android	Set up job	2026-10-07T01:44:50.3351326Z Download action repository 'gradle/actions@v4' (SHA:ed408507eac070d1f99cc633dbcf757c94c7933a)
android	Set up job	2026-10-07T01:44:51.3896406Z Download action repository 'actions/upload-artifact@v4' (SHA:ea165f8d65b6e75b540449e92b4886f43607fa02)
android	Set up job	2026-10-07T01:44:51.6135257Z Complete job name: android
android	Run actions/checkout@v4	﻿2026-10-07T01:44:51.6885737Z ##[group]Run actions/checkout@v4
android	Run actions/checkout@v4	2026-10-07T01:44:51.6886550Z with:
android	Run actions/checkout@v4	2026-10-07T01:44:51.6887042Z   repository: zhiheng-zhang-Mera/utopia
android	Run actions/checkout@v4	2026-10-07T01:44:51.6890326Z   token: ***
android	Run actions/checkout@v4	2026-10-07T01:44:51.6890738Z   ssh-strict: true
android	Run actions/checkout@v4	2026-10-07T01:44:51.6891256Z   ssh-user: git
android	Run actions/checkout@v4	2026-10-07T01:44:51.6891663Z   persist-credentials: true
android	Run actions/checkout@v4	2026-10-07T01:44:51.6892154Z   clean: true
android	Run actions/checkout@v4	2026-10-07T01:44:51.6892577Z   sparse-checkout-cone-mode: true
android	Run actions/checkout@v4	2026-10-07T01:44:51.6893036Z   fetch-depth: 1
android	Run actions/checkout@v4	2026-10-07T01:44:51.6893477Z   fetch-tags: false
android	Run actions/checkout@v4	2026-10-07T01:44:51.6893892Z   show-progress: true
android	Run actions/checkout@v4	2026-10-07T01:44:51.6894272Z   lfs: false
android	Run actions/checkout@v4	2026-10-07T01:44:51.6894778Z   submodules: false
android	Run actions/checkout@v4	2026-10-07T01:44:51.6895186Z   set-safe-directory: true
android	Run actions/checkout@v4	2026-10-07T01:44:51.6895722Z   allow-unsafe-pr-checkout: false
android	Run actions/checkout@v4	2026-10-07T01:44:51.6896467Z ##[endgroup]
android	Run actions/checkout@v4	2026-10-07T01:44:51.8005868Z Syncing repository: zhiheng-zhang-Mera/utopia
android	Run actions/checkout@v4	2026-10-07T01:44:51.8008576Z ##[group]Getting Git version info
android	Run actions/checkout@v4	2026-10-07T01:44:51.8009330Z Working directory is '/home/runner/work/utopia/utopia'
android	Run actions/checkout@v4	2026-10-07T01:44:51.8010492Z [command]/usr/bin/git version
android	Run actions/checkout@v4	2026-10-07T01:44:51.8078796Z git version 2.55.0
android	Run actions/checkout@v4	2026-10-07T01:44:51.8099953Z ##[endgroup]
android	Run actions/checkout@v4	2026-10-07T01:44:51.8127823Z Temporarily overriding HOME='/home/runner/work/_temp/9b3bfaaf-aad1-4d63-935a-90788025ee33' before making global git config changes
android	Run actions/checkout@v4	2026-10-07T01:44:51.8129731Z Adding repository directory to the temporary git global config as a safe directory
android	Run actions/checkout@v4	2026-10-07T01:44:51.8139312Z [command]/usr/bin/git config --global --add safe.directory /home/runner/work/utopia/utopia
android	Run actions/checkout@v4	2026-10-07T01:44:51.8200617Z Deleting the contents of '/home/runner/work/utopia/utopia'
android	Run actions/checkout@v4	2026-10-07T01:44:51.8206270Z ##[group]Initializing the repository
android	Run actions/checkout@v4	2026-10-07T01:44:51.8211071Z [command]/usr/bin/git init /home/runner/work/utopia/utopia
android	Run actions/checkout@v4	2026-10-07T01:44:51.8312332Z hint: Using 'master' as the name for the initial branch. This default branch name
android	Run actions/checkout@v4	2026-10-07T01:44:51.8313357Z hint: will change to "main" in Git 3.0. To configure the initial branch name
android	Run actions/checkout@v4	2026-10-07T01:44:51.8314121Z hint: to use in all of your new repositories, which will suppress this warning,
android	Run actions/checkout@v4	2026-10-07T01:44:51.8314583Z hint: call:
android	Run actions/checkout@v4	2026-10-07T01:44:51.8314830Z hint:
android	Run actions/checkout@v4	2026-10-07T01:44:51.8315199Z hint: 	git config --global init.defaultBranch <name>
android	Run actions/checkout@v4	2026-10-07T01:44:51.8315590Z hint:
android	Run actions/checkout@v4	2026-10-07T01:44:51.8315955Z hint: Names commonly chosen instead of 'master' are 'main', 'trunk' and
android	Run actions/checkout@v4	2026-10-07T01:44:51.8316519Z hint: 'development'. The just-created branch can be renamed via this command:
android	Run actions/checkout@v4	2026-10-07T01:44:51.8317019Z hint:
android	Run actions/checkout@v4	2026-10-07T01:44:51.8317440Z hint: 	git branch -m <name>
android	Run actions/checkout@v4	2026-10-07T01:44:51.8317744Z hint:
android	Run actions/checkout@v4	2026-10-07T01:44:51.8318140Z hint: Disable this message with "git config set advice.defaultBranchName false"
android	Run actions/checkout@v4	2026-10-07T01:44:51.8323199Z Initialized empty Git repository in /home/runner/work/utopia/utopia/.git/
android	Run actions/checkout@v4	2026-10-07T01:44:51.8332696Z [command]/usr/bin/git remote add origin https://github.com/zhiheng-zhang-Mera/utopia
android	Run actions/checkout@v4	2026-10-07T01:44:51.8381254Z ##[endgroup]
android	Run actions/checkout@v4	2026-10-07T01:44:51.8381908Z ##[group]Disabling automatic garbage collection
android	Run actions/checkout@v4	2026-10-07T01:44:51.8385936Z [command]/usr/bin/git config --local gc.auto 0
android	Run actions/checkout@v4	2026-10-07T01:44:51.8418096Z ##[endgroup]
android	Run actions/checkout@v4	2026-10-07T01:44:51.8418622Z ##[group]Setting up auth
android	Run actions/checkout@v4	2026-10-07T01:44:51.8425748Z [command]/usr/bin/git config --local --name-only --get-regexp core\.sshCommand
android	Run actions/checkout@v4	2026-10-07T01:44:51.8460857Z [command]/usr/bin/git submodule foreach --recursive sh -c "git config --local --name-only --get-regexp 'core\.sshCommand' && git config --local --unset-all 'core.sshCommand' || :"
android	Run actions/checkout@v4	2026-10-07T01:44:51.8837174Z [command]/usr/bin/git config --local --name-only --get-regexp http\.https\:\/\/github\.com\/\.extraheader
android	Run actions/checkout@v4	2026-10-07T01:44:51.8877001Z [command]/usr/bin/git submodule foreach --recursive sh -c "git config --local --name-only --get-regexp 'http\.https\:\/\/github\.com\/\.extraheader' && git config --local --unset-all 'http.https://github.com/.extraheader' || :"
android	Run actions/checkout@v4	2026-10-07T01:44:51.9126438Z [command]/usr/bin/git config --local --name-only --get-regexp ^includeIf\.gitdir:
android	Run actions/checkout@v4	2026-10-07T01:44:51.9165193Z [command]/usr/bin/git submodule foreach --recursive git config --local --show-origin --name-only --get-regexp remote.origin.url
android	Run actions/checkout@v4	2026-10-07T01:44:51.9406882Z [command]/usr/bin/git config --local http.https://github.com/.extraheader AUTHORIZATION: basic ***
android	Run actions/checkout@v4	2026-10-07T01:44:51.9450470Z ##[endgroup]
android	Run actions/checkout@v4	2026-10-07T01:44:51.9451314Z ##[group]Fetching the repository
android	Run actions/checkout@v4	2026-10-07T01:44:51.9461287Z [command]/usr/bin/git -c protocol.version=2 fetch --no-tags --prune --no-recurse-submodules --depth=1 origin +998440c7772cc032d012b457c2a59cd1059826c0:refs/remotes/origin/pcf/full-flow-alien-pending-verification-20261007
android	Run actions/checkout@v4	2026-10-07T01:44:53.1899300Z From https://github.com/zhiheng-zhang-Mera/utopia
android	Run actions/checkout@v4	2026-10-07T01:44:53.1900284Z  * [new ref]         998440c7772cc032d012b457c2a59cd1059826c0 -> origin/pcf/full-flow-alien-pending-verification-20261007
android	Run actions/checkout@v4	2026-10-07T01:44:53.1904762Z ##[endgroup]
android	Run actions/checkout@v4	2026-10-07T01:44:53.1905450Z ##[group]Determining the checkout info
android	Run actions/checkout@v4	2026-10-07T01:44:53.1908463Z ##[endgroup]
android	Run actions/checkout@v4	2026-10-07T01:44:53.1916579Z [command]/usr/bin/git sparse-checkout disable
android	Run actions/checkout@v4	2026-10-07T01:44:53.1972112Z [command]/usr/bin/git config --local --unset-all extensions.worktreeConfig
android	Run actions/checkout@v4	2026-10-07T01:44:53.2005898Z ##[group]Checking out the ref
android	Run actions/checkout@v4	2026-10-07T01:44:53.2011084Z [command]/usr/bin/git checkout --progress --force -B pcf/full-flow-alien-pending-verification-20261007 refs/remotes/origin/pcf/full-flow-alien-pending-verification-20261007
android	Run actions/checkout@v4	2026-10-07T01:44:53.3754548Z Switched to a new branch 'pcf/full-flow-alien-pending-verification-20261007'
android	Run actions/checkout@v4	2026-10-07T01:44:53.3759237Z branch 'pcf/full-flow-alien-pending-verification-20261007' set up to track 'origin/pcf/full-flow-alien-pending-verification-20261007'.
android	Run actions/checkout@v4	2026-10-07T01:44:53.3769827Z ##[endgroup]
android	Run actions/checkout@v4	2026-10-07T01:44:53.3821971Z [command]/usr/bin/git log -1 --format=%H
android	Run actions/checkout@v4	2026-10-07T01:44:53.3851673Z 998440c7772cc032d012b457c2a59cd1059826c0
android	Run actions/setup-java@v4	﻿2026-10-07T01:44:53.4150959Z ##[group]Run actions/setup-java@v4
android	Run actions/setup-java@v4	2026-10-07T01:44:53.4151306Z with:
android	Run actions/setup-java@v4	2026-10-07T01:44:53.4151533Z   distribution: temurin
android	Run actions/setup-java@v4	2026-10-07T01:44:53.4151771Z   java-version: 21
android	Run actions/setup-java@v4	2026-10-07T01:44:53.4151999Z   java-package: jdk
android	Run actions/setup-java@v4	2026-10-07T01:44:53.4152236Z   check-latest: false
android	Run actions/setup-java@v4	2026-10-07T01:44:53.4152479Z   server-id: github
android	Run actions/setup-java@v4	2026-10-07T01:44:53.4152743Z   server-username: GITHUB_ACTOR
android	Run actions/setup-java@v4	2026-10-07T01:44:53.4153022Z   server-password: GITHUB_TOKEN
android	Run actions/setup-java@v4	2026-10-07T01:44:53.4153288Z   overwrite-settings: true
android	Run actions/setup-java@v4	2026-10-07T01:44:53.4153534Z   job-status: success
android	Run actions/setup-java@v4	2026-10-07T01:44:53.4156046Z   token: ***
android	Run actions/setup-java@v4	2026-10-07T01:44:53.4156271Z ##[endgroup]
android	Run actions/setup-java@v4	2026-10-07T01:44:53.5811640Z ##[warning]setup-java v4 is deprecated and will no longer receive updates. Please migrate to actions/setup-java@v5.
android	Run actions/setup-java@v4	2026-10-07T01:44:53.5818586Z ##[group]Installed distributions
android	Run actions/setup-java@v4	2026-10-07T01:44:53.6019272Z Resolved Java 21.0.12+1 from tool-cache
android	Run actions/setup-java@v4	2026-10-07T01:44:53.6019842Z Setting Java 21.0.12+1 as the default
android	Run actions/setup-java@v4	2026-10-07T01:44:53.6029445Z (node:2313) [DEP0040] DeprecationWarning: The `punycode` module is deprecated. Please use a userland alternative instead.
android	Run actions/setup-java@v4	2026-10-07T01:44:53.6030733Z (Use `node --trace-deprecation ...` to show where the warning was created)
android	Run actions/setup-java@v4	2026-10-07T01:44:53.6033279Z Creating toolchains.xml for JDK version 21 from temurin
android	Run actions/setup-java@v4	2026-10-07T01:44:53.6101869Z Writing to /home/runner/.m2/toolchains.xml
android	Run actions/setup-java@v4	2026-10-07T01:44:53.6102535Z 
android	Run actions/setup-java@v4	2026-10-07T01:44:53.6105321Z Java configuration:
android	Run actions/setup-java@v4	2026-10-07T01:44:53.6105604Z   Distribution: temurin
android	Run actions/setup-java@v4	2026-10-07T01:44:53.6105854Z   Version: 21.0.12+1
android	Run actions/setup-java@v4	2026-10-07T01:44:53.6106201Z   Path: /opt/hostedtoolcache/Java_Temurin-Hotspot_jdk/21.0.12-1/x64
android	Run actions/setup-java@v4	2026-10-07T01:44:53.6106690Z 
android	Run actions/setup-java@v4	2026-10-07T01:44:53.6107050Z ##[endgroup]
android	Run actions/setup-java@v4	2026-10-07T01:44:53.6126146Z Creating settings.xml with server-id: github
android	Run actions/setup-java@v4	2026-10-07T01:44:53.6148810Z Writing to /home/runner/.m2/settings.xml
android	Run android-actions/setup-android@v3	﻿2026-10-07T01:44:53.6332877Z ##[group]Run android-actions/setup-android@v3
android	Run android-actions/setup-android@v3	2026-10-07T01:44:53.6333228Z with:
android	Run android-actions/setup-android@v3	2026-10-07T01:44:53.6333454Z   packages: platform-tools
android	Run android-actions/setup-android@v3	2026-10-07T01:44:53.6333742Z   log-accepted-android-sdk-licenses: false
android	Run android-actions/setup-android@v3	2026-10-07T01:44:53.6334055Z   cmdline-tools-version: 12266719
android	Run android-actions/setup-android@v3	2026-10-07T01:44:53.6334346Z   accept-android-sdk-licenses: true
android	Run android-actions/setup-android@v3	2026-10-07T01:44:53.6334613Z env:
android	Run android-actions/setup-android@v3	2026-10-07T01:44:53.6334924Z   JAVA_HOME: /opt/hostedtoolcache/Java_Temurin-Hotspot_jdk/21.0.12-1/x64
android	Run android-actions/setup-android@v3	2026-10-07T01:44:53.6335422Z   JAVA_HOME_21_X64: /opt/hostedtoolcache/Java_Temurin-Hotspot_jdk/21.0.12-1/x64
android	Run android-actions/setup-android@v3	2026-10-07T01:44:53.6335818Z ##[endgroup]
android	Run android-actions/setup-android@v3	2026-10-07T01:44:53.7295904Z Found preinstalled sdkmanager in /usr/local/lib/android/sdk/cmdline-tools/latest with following source.properties:
android	Run android-actions/setup-android@v3	2026-10-07T01:44:53.7296983Z Pkg.Revision=12.0
android	Run android-actions/setup-android@v3	2026-10-07T01:44:53.7297619Z Pkg.Path=cmdline-tools;12.0
android	Run android-actions/setup-android@v3	2026-10-07T01:44:53.7298134Z Pkg.Desc=Android SDK Command-line Tools
android	Run android-actions/setup-android@v3	2026-10-07T01:44:53.7298501Z 
android	Run android-actions/setup-android@v3	2026-10-07T01:44:53.7298690Z Wrong version in preinstalled sdkmanager
android	Run android-actions/setup-android@v3	2026-10-07T01:44:53.7299773Z Downloading commandline tools from https://dl.google.com/android/repository/commandlinetools-linux-12266719_latest.zip
android	Run android-actions/setup-android@v3	2026-10-07T01:44:54.6129181Z [command]/usr/bin/unzip -o -q /home/runner/work/_temp/31cca8a8-b8b4-4ca7-80d1-952e7dc6fb3d
android	Run android-actions/setup-android@v3	2026-10-07T01:44:55.4845882Z Accepting Android SDK licenses
android	Run android-actions/setup-android@v3	2026-10-07T01:45:02.6606316Z [command]/usr/local/lib/android/sdk/cmdline-tools/16.0/bin/sdkmanager platform-tools
android	Run android-actions/setup-android@v3	2026-10-07T01:45:03.4123493Z Loading package information...                                                  
android	Run android-actions/setup-android@v3	2026-10-07T01:45:03.5053738Z Loading local repository...                                                     
android	Run android-actions/setup-android@v3	2026-10-07T01:45:03.5055176Z [                                       ] 3% Loading local repository...        
android	Run android-actions/setup-android@v3	2026-10-07T01:45:03.5092430Z [                                       ] 3% Fetch remote repository...         
android	Run android-actions/setup-android@v3	2026-10-07T01:45:03.8539224Z [=                                      ] 3% Fetch remote repository...         
android	Run android-actions/setup-android@v3	2026-10-07T01:45:03.9222315Z [=                                      ] 4% Fetch remote repository...         
android	Run android-actions/setup-android@v3	2026-10-07T01:45:03.9720181Z [=                                      ] 5% Fetch remote repository...         
android	Run android-actions/setup-android@v3	2026-10-07T01:45:04.0218671Z [==                                     ] 5% Fetch remote repository...         
android	Run android-actions/setup-android@v3	2026-10-07T01:45:04.0964077Z [==                                     ] 6% Fetch remote repository...         
android	Run android-actions/setup-android@v3	2026-10-07T01:45:04.1778618Z [==                                     ] 7% Fetch remote repository...         
android	Run android-actions/setup-android@v3	2026-10-07T01:45:04.1781418Z [==                                     ] 7% Computing updates...               
android	Run android-actions/setup-android@v3	2026-10-07T01:45:04.1864396Z [===                                    ] 8% Computing updates...               
android	Run android-actions/setup-android@v3	2026-10-07T01:45:04.1940799Z [===                                    ] 10% Computing updates...              
android	Run android-actions/setup-android@v3	2026-10-07T01:45:04.1960981Z [=======================================] 100% Computing updates...             
android	Run android-actions/setup-android@v3	2026-10-07T01:45:04.1961458Z 
android	Run sdkmanager 'platforms;android-36' 'build-tools;36.0.0'	﻿2026-10-07T01:45:04.2382207Z ##[group]Run sdkmanager 'platforms;android-36' 'build-tools;36.0.0'
android	Run sdkmanager 'platforms;android-36' 'build-tools;36.0.0'	2026-10-07T01:45:04.2382751Z ^[[36;1msdkmanager 'platforms;android-36' 'build-tools;36.0.0'^[[0m
android	Run sdkmanager 'platforms;android-36' 'build-tools;36.0.0'	2026-10-07T01:45:04.2632968Z shell: /usr/bin/bash -e {0}
android	Run sdkmanager 'platforms;android-36' 'build-tools;36.0.0'	2026-10-07T01:45:04.2633274Z env:
android	Run sdkmanager 'platforms;android-36' 'build-tools;36.0.0'	2026-10-07T01:45:04.2633604Z   JAVA_HOME: /opt/hostedtoolcache/Java_Temurin-Hotspot_jdk/21.0.12-1/x64
android	Run sdkmanager 'platforms;android-36' 'build-tools;36.0.0'	2026-10-07T01:45:04.2634119Z   JAVA_HOME_21_X64: /opt/hostedtoolcache/Java_Temurin-Hotspot_jdk/21.0.12-1/x64
android	Run sdkmanager 'platforms;android-36' 'build-tools;36.0.0'	2026-10-07T01:45:04.2634539Z   ANDROID_HOME: /usr/local/lib/android/sdk
android	Run sdkmanager 'platforms;android-36' 'build-tools;36.0.0'	2026-10-07T01:45:04.2634849Z   ANDROID_SDK_ROOT: /usr/local/lib/android/sdk
android	Run sdkmanager 'platforms;android-36' 'build-tools;36.0.0'	2026-10-07T01:45:04.2635139Z ##[endgroup]
android	Run sdkmanager 'platforms;android-36' 'build-tools;36.0.0'	2026-10-07T01:45:05.0384015Z Loading package information...                                                  
android	Run sdkmanager 'platforms;android-36' 'build-tools;36.0.0'	2026-10-07T01:45:05.1261298Z Loading local repository...                                                     
android	Run sdkmanager 'platforms;android-36' 'build-tools;36.0.0'	2026-10-07T01:45:05.1263503Z [                                       ] 3% Loading local repository...        
android	Run sdkmanager 'platforms;android-36' 'build-tools;36.0.0'	2026-10-07T01:45:05.1296119Z [                                       ] 3% Fetch remote repository...         
android	Run sdkmanager 'platforms;android-36' 'build-tools;36.0.0'	2026-10-07T01:45:05.4302921Z [=                                      ] 3% Fetch remote repository...         
android	Run sdkmanager 'platforms;android-36' 'build-tools;36.0.0'	2026-10-07T01:45:05.5504502Z [=                                      ] 4% Fetch remote repository...         
android	Run sdkmanager 'platforms;android-36' 'build-tools;36.0.0'	2026-10-07T01:45:05.5871275Z [=                                      ] 5% Fetch remote repository...         
android	Run sdkmanager 'platforms;android-36' 'build-tools;36.0.0'	2026-10-07T01:45:05.6384517Z [==                                     ] 5% Fetch remote repository...         
android	Run sdkmanager 'platforms;android-36' 'build-tools;36.0.0'	2026-10-07T01:45:05.7271184Z [==                                     ] 6% Fetch remote repository...         
android	Run sdkmanager 'platforms;android-36' 'build-tools;36.0.0'	2026-10-07T01:45:05.8069017Z [==                                     ] 7% Fetch remote repository...         
android	Run sdkmanager 'platforms;android-36' 'build-tools;36.0.0'	2026-10-07T01:45:05.8098681Z [==                                     ] 7% Computing updates...               
android	Run sdkmanager 'platforms;android-36' 'build-tools;36.0.0'	2026-10-07T01:45:05.8190677Z [===                                    ] 8% Computing updates...               
android	Run sdkmanager 'platforms;android-36' 'build-tools;36.0.0'	2026-10-07T01:45:05.8260284Z [===                                    ] 10% Computing updates...              
android	Run sdkmanager 'platforms;android-36' 'build-tools;36.0.0'	2026-10-07T01:45:05.8268195Z [=======================================] 100% Computing updates...             
android	Run sdkmanager 'platforms;android-36' 'build-tools;36.0.0'	2026-10-07T01:45:05.8268823Z 
android	Run gradle/actions/setup-gradle@v4	﻿2026-10-07T01:45:05.8676197Z ##[group]Run gradle/actions/setup-gradle@v4
android	Run gradle/actions/setup-gradle@v4	2026-10-07T01:45:05.8676532Z with:
android	Run gradle/actions/setup-gradle@v4	2026-10-07T01:45:05.8676746Z   cache-disabled: false
android	Run gradle/actions/setup-gradle@v4	2026-10-07T01:45:05.8676989Z   cache-read-only: true
android	Run gradle/actions/setup-gradle@v4	2026-10-07T01:45:05.8677219Z   cache-write-only: false
android	Run gradle/actions/setup-gradle@v4	2026-10-07T01:45:05.8677639Z   cache-overwrite-existing: false
android	Run gradle/actions/setup-gradle@v4	2026-10-07T01:45:05.8677911Z   cache-cleanup: on-success
android	Run gradle/actions/setup-gradle@v4	2026-10-07T01:45:05.8678209Z   gradle-home-cache-includes: caches
android	Run gradle/actions/setup-gradle@v4	notifications
android	Run gradle/actions/setup-gradle@v4	
android	Run gradle/actions/setup-gradle@v4	2026-10-07T01:45:05.8678536Z   add-job-summary: always
android	Run gradle/actions/setup-gradle@v4	2026-10-07T01:45:05.8678800Z   add-job-summary-as-pr-comment: never
android	Run gradle/actions/setup-gradle@v4	2026-10-07T01:45:05.8679089Z   dependency-graph: disabled
android	Run gradle/actions/setup-gradle@v4	2026-10-07T01:45:05.8679580Z   dependency-graph-report-dir: dependency-graph-reports
android	Run gradle/actions/setup-gradle@v4	2026-10-07T01:45:05.8679955Z   dependency-graph-continue-on-failure: true
android	Run gradle/actions/setup-gradle@v4	2026-10-07T01:45:05.8680262Z   build-scan-publish: false
android	Run gradle/actions/setup-gradle@v4	2026-10-07T01:45:05.8680511Z   validate-wrappers: true
android	Run gradle/actions/setup-gradle@v4	2026-10-07T01:45:05.8680766Z   allow-snapshot-wrappers: false
android	Run gradle/actions/setup-gradle@v4	2026-10-07T01:45:05.8681053Z   gradle-home-cache-strict-match: false
android	Run gradle/actions/setup-gradle@v4	2026-10-07T01:45:05.8681399Z   workflow-job-context: null
android	Run gradle/actions/setup-gradle@v4	2026-10-07T01:45:05.8683933Z   github-token: ***
android	Run gradle/actions/setup-gradle@v4	2026-10-07T01:45:05.8684162Z env:
android	Run gradle/actions/setup-gradle@v4	2026-10-07T01:45:05.8684483Z   JAVA_HOME: /opt/hostedtoolcache/Java_Temurin-Hotspot_jdk/21.0.12-1/x64
android	Run gradle/actions/setup-gradle@v4	2026-10-07T01:45:05.8684977Z   JAVA_HOME_21_X64: /opt/hostedtoolcache/Java_Temurin-Hotspot_jdk/21.0.12-1/x64
android	Run gradle/actions/setup-gradle@v4	2026-10-07T01:45:05.8685382Z   ANDROID_HOME: /usr/local/lib/android/sdk
android	Run gradle/actions/setup-gradle@v4	2026-10-07T01:45:05.8685688Z   ANDROID_SDK_ROOT: /usr/local/lib/android/sdk
android	Run gradle/actions/setup-gradle@v4	2026-10-07T01:45:05.8685972Z ##[endgroup]
android	Run gradle/actions/setup-gradle@v4	2026-10-07T01:45:06.1958284Z Merged default JDK locations into /home/runner/.m2/toolchains.xml
android	Run gradle/actions/setup-gradle@v4	2026-10-07T01:45:06.1960248Z ##[group]Restore Gradle state from cache
android	Run gradle/actions/setup-gradle@v4	2026-10-07T01:45:06.3066314Z Cache hit for restore-key: gradle-home-v1|Linux-X64|android[1b8766f93310b93e84da98e473f7fc1d]-cc799234e7daa3d8ccfde5673b9d07ccb2376742
android	Run gradle/actions/setup-gradle@v4	2026-10-07T01:45:06.6678436Z Received 713949 of 713949 (100.0%), 2.7 MBs/sec
android	Run gradle/actions/setup-gradle@v4	2026-10-07T01:45:06.6679723Z Cache Size: ~1 MB (713949 B)
android	Run gradle/actions/setup-gradle@v4	2026-10-07T01:45:06.6706623Z [command]/usr/bin/tar -xf /home/runner/work/_temp/39848551-bcca-49fe-ae35-5f6ebac935dc/cache.tzst -P -C /home/runner/work/utopia/utopia --use-compress-program unzstd
android	Run gradle/actions/setup-gradle@v4	2026-10-07T01:45:06.7512881Z Cache restored successfully
android	Run gradle/actions/setup-gradle@v4	2026-10-07T01:45:06.7518035Z Restored cache entry with key gradle-home-v1|Linux-X64|android[1b8766f93310b93e84da98e473f7fc1d]-998440c7772cc032d012b457c2a59cd1059826c0 to /home/runner/.gradle/caches,/home/runner/.gradle/notifications,/home/runner/.gradle/.setup-gradle in 554ms
android	Run gradle/actions/setup-gradle@v4	2026-10-07T01:45:06.8605183Z Cache hit for: gradle-kotlin-dsl-v1-baf76ed15e589610ff45f4aa41b8b419
android	Run gradle/actions/setup-gradle@v4	2026-10-07T01:45:06.8640612Z Cache hit for: gradle-instrumented-jars-v1-cd73d25b7cd3f1d494b489ad26f0525e
android	Run gradle/actions/setup-gradle@v4	2026-10-07T01:45:06.8664230Z Cache hit for: gradle-wrapper-zips-v1-5ae5d3da5e8e0c748d04bcdd9bc97bdb
android	Run gradle/actions/setup-gradle@v4	2026-10-07T01:45:06.8670767Z Cache hit for: gradle-groovy-dsl-v1-e2ec42d797cb4be2d747722e2d84dca9
android	Run gradle/actions/setup-gradle@v4	2026-10-07T01:45:06.8717705Z Cache hit for: gradle-generated-gradle-jars-v1-4434c59050703a48bf14168622b59891
android	Run gradle/actions/setup-gradle@v4	2026-10-07T01:45:06.8811501Z Cache hit for: gradle-transforms-v1-04f8cebaf638925c63d29d619f7661ad
android	Run gradle/actions/setup-gradle@v4	2026-10-07T01:45:06.8930724Z Cache hit for: gradle-dependencies-v1-710a3b371db75b163f0594fc4e68cd08
android	Run gradle/actions/setup-gradle@v4	2026-10-07T01:45:07.2085254Z Received 122618 of 122618 (100.0%), 0.5 MBs/sec
android	Run gradle/actions/setup-gradle@v4	2026-10-07T01:45:07.2085948Z Cache Size: ~0 MB (122618 B)
android	Run gradle/actions/setup-gradle@v4	2026-10-07T01:45:07.2089613Z Received 102570 of 102570 (100.0%), 0.5 MBs/sec
android	Run gradle/actions/setup-gradle@v4	2026-10-07T01:45:07.2090188Z Cache Size: ~0 MB (102570 B)
android	Run gradle/actions/setup-gradle@v4	2026-10-07T01:45:07.2121077Z [command]/usr/bin/tar -xf /home/runner/work/_temp/5e8ce32a-9c2e-4c52-b2d0-222e962991f2/cache.tzst -P -C /home/runner/work/utopia/utopia --use-compress-program unzstd
android	Run gradle/actions/setup-gradle@v4	2026-10-07T01:45:07.2157465Z [command]/usr/bin/tar -xf /home/runner/work/_temp/6ad4fe3e-531e-4554-af5f-612777efb168/cache.tzst -P -C /home/runner/work/utopia/utopia --use-compress-program unzstd
android	Run gradle/actions/setup-gradle@v4	2026-10-07T01:45:07.2405030Z Cache restored successfully
android	Run gradle/actions/setup-gradle@v4	2026-10-07T01:45:07.2449476Z Restored cache entry with key gradle-instrumented-jars-v1-cd73d25b7cd3f1d494b489ad26f0525e to /home/runner/.gradle/caches/jars-*/*/ in 489ms
android	Run gradle/actions/setup-gradle@v4	2026-10-07T01:45:07.2700781Z Received 195227 of 195227 (100.0%), 0.6 MBs/sec
android	Run gradle/actions/setup-gradle@v4	2026-10-07T01:45:07.2708751Z Cache Size: ~0 MB (195227 B)
android	Run gradle/actions/setup-gradle@v4	2026-10-07T01:45:07.2753171Z Cache restored successfully
android	Run gradle/actions/setup-gradle@v4	2026-10-07T01:45:07.2761638Z Restored cache entry with key gradle-kotlin-dsl-v1-baf76ed15e589610ff45f4aa41b8b419 to /home/runner/.gradle/caches/*/kotlin-dsl/accessors/*/,/home/runner/.gradle/caches/*/kotlin-dsl/scripts/*/ in 522ms
android	Run gradle/actions/setup-gradle@v4	2026-10-07T01:45:07.2781708Z [command]/usr/bin/tar -xf /home/runner/work/_temp/f9315bdb-c03b-456e-91d5-cbfe90903437/cache.tzst -P -C /home/runner/work/utopia/utopia --use-compress-program unzstd
android	Run gradle/actions/setup-gradle@v4	2026-10-07T01:45:07.3156195Z Cache restored successfully
android	Run gradle/actions/setup-gradle@v4	2026-10-07T01:45:07.3223478Z Restored cache entry with key gradle-groovy-dsl-v1-e2ec42d797cb4be2d747722e2d84dca9 to /home/runner/.gradle/caches/*/groovy-dsl/*/ in 569ms
android	Run gradle/actions/setup-gradle@v4	2026-10-07T01:45:07.7370741Z Received 41093001 of 41093001 (100.0%), 50.2 MBs/sec
android	Run gradle/actions/setup-gradle@v4	2026-10-07T01:45:07.7371967Z Cache Size: ~39 MB (41093001 B)
android	Run gradle/actions/setup-gradle@v4	2026-10-07T01:45:07.8185886Z [command]/usr/bin/tar -xf /home/runner/work/_temp/064fa5a3-5264-4b0f-ad0d-af6ab87b3916/cache.tzst -P -C /home/runner/work/utopia/utopia --use-compress-program unzstd
android	Run gradle/actions/setup-gradle@v4	2026-10-07T01:45:07.9719300Z Received 79691776 of 136713466 (58.3%), 75.5 MBs/sec
android	Run gradle/actions/setup-gradle@v4	2026-10-07T01:45:08.0183132Z Received 88080384 of 138115156 (63.8%), 80.5 MBs/sec
android	Run gradle/actions/setup-gradle@v4	2026-10-07T01:45:08.0501915Z Received 46137344 of 218837890 (21.1%), 43.0 MBs/sec
android	Run gradle/actions/setup-gradle@v4	2026-10-07T01:45:08.2202278Z Cache restored successfully
android	Run gradle/actions/setup-gradle@v4	2026-10-07T01:45:08.2243568Z Restored cache entry with key gradle-generated-gradle-jars-v1-4434c59050703a48bf14168622b59891 to /home/runner/.gradle/caches/8.14.3/generated-gradle-jars/gradle-api-8.14.3.jar in 1472ms
android	Run gradle/actions/setup-gradle@v4	2026-10-07T01:45:08.4034351Z Received 136713466 of 136713466 (100.0%), 90.6 MBs/sec
android	Run gradle/actions/setup-gradle@v4	2026-10-07T01:45:08.4036143Z Cache Size: ~130 MB (136713466 B)
android	Run gradle/actions/setup-gradle@v4	2026-10-07T01:45:08.4241479Z [command]/usr/bin/tar -xf /home/runner/work/_temp/1f6f57e1-7ff8-4434-9301-de5d95c47206/cache.tzst -P -C /home/runner/work/utopia/utopia --use-compress-program unzstd
android	Run gradle/actions/setup-gradle@v4	2026-10-07T01:45:08.4868930Z Received 138115156 of 138115156 (100.0%), 87.2 MBs/sec
android	Run gradle/actions/setup-gradle@v4	2026-10-07T01:45:08.4878244Z Cache Size: ~132 MB (138115156 B)
android	Run gradle/actions/setup-gradle@v4	2026-10-07T01:45:08.5121837Z [command]/usr/bin/tar -xf /home/runner/work/_temp/e6148a30-63bf-4e92-88c0-d2ef2e21a898/cache.tzst -P -C /home/runner/work/utopia/utopia --use-compress-program unzstd
android	Run gradle/actions/setup-gradle@v4	2026-10-07T01:45:08.7226485Z Cache restored successfully
android	Run gradle/actions/setup-gradle@v4	2026-10-07T01:45:08.7450579Z Restored cache entry with key gradle-wrapper-zips-v1-5ae5d3da5e8e0c748d04bcdd9bc97bdb to /home/runner/.gradle/wrapper/dists/gradle-8.14.3-bin/cv11ve7ro1n3o1j4so8xd9n66 in 1990ms
android	Run gradle/actions/setup-gradle@v4	2026-10-07T01:45:09.0534439Z Received 218837890 of 218837890 (100.0%), 102.9 MBs/sec
android	Run gradle/actions/setup-gradle@v4	2026-10-07T01:45:09.0537461Z Cache Size: ~209 MB (218837890 B)
android	Run gradle/actions/setup-gradle@v4	2026-10-07T01:45:09.0681397Z [command]/usr/bin/tar -xf /home/runner/work/_temp/80e1fc5c-b36b-433f-9fa6-a87cd0e29622/cache.tzst -P -C /home/runner/work/utopia/utopia --use-compress-program unzstd
android	Run gradle/actions/setup-gradle@v4	2026-10-07T01:45:09.5149732Z Cache restored successfully
android	Run gradle/actions/setup-gradle@v4	2026-10-07T01:45:09.5280392Z Restored cache entry with key gradle-dependencies-v1-710a3b371db75b163f0594fc4e68cd08 to /home/runner/.gradle/caches/modules-*/files-*/*/*/*/* in 2775ms
android	Run gradle/actions/setup-gradle@v4	2026-10-07T01:45:09.8038357Z Cache restored successfully
android	Run gradle/actions/setup-gradle@v4	2026-10-07T01:45:09.8103778Z Restored cache entry with key gradle-transforms-v1-04f8cebaf638925c63d29d619f7661ad to /home/runner/.gradle/caches/transforms-4/*/,/home/runner/.gradle/caches/*/transforms/*/ in 3057ms
android	Run gradle/actions/setup-gradle@v4	2026-10-07T01:45:09.8174990Z ##[endgroup]
android	Run gradle/actions/setup-gradle@v4	2026-10-07T01:45:09.8447191Z ##[group]All Gradle Wrapper jars are valid
android	Run gradle/actions/setup-gradle@v4	2026-10-07T01:45:09.8448763Z ✓ Found known Gradle Wrapper JAR files:
android	Run gradle/actions/setup-gradle@v4	2026-10-07T01:45:09.8449656Z   7d3a4ac4de1c32b59bc6a4eb8ecb8e612ccd0cf1ae1e99f66902da64df296172 apps/android/gradle/wrapper/gradle-wrapper.jar
android	Run gradle/actions/setup-gradle@v4	2026-10-07T01:45:09.8450493Z ##[endgroup]
android	Run bash gradlew :app:testDebugUnitTest :app:assembleDebug --console=plain	﻿2026-10-07T01:45:09.8635221Z ##[group]Run bash gradlew :app:testDebugUnitTest :app:assembleDebug --console=plain
android	Run bash gradlew :app:testDebugUnitTest :app:assembleDebug --console=plain	2026-10-07T01:45:09.8635951Z ^[[36;1mbash gradlew :app:testDebugUnitTest :app:assembleDebug --console=plain^[[0m
android	Run bash gradlew :app:testDebugUnitTest :app:assembleDebug --console=plain	2026-10-07T01:45:09.8704597Z shell: /usr/bin/bash -e {0}
android	Run bash gradlew :app:testDebugUnitTest :app:assembleDebug --console=plain	2026-10-07T01:45:09.8704924Z env:
android	Run bash gradlew :app:testDebugUnitTest :app:assembleDebug --console=plain	2026-10-07T01:45:09.8705302Z   JAVA_HOME: /opt/hostedtoolcache/Java_Temurin-Hotspot_jdk/21.0.12-1/x64
android	Run bash gradlew :app:testDebugUnitTest :app:assembleDebug --console=plain	2026-10-07T01:45:09.8705869Z   JAVA_HOME_21_X64: /opt/hostedtoolcache/Java_Temurin-Hotspot_jdk/21.0.12-1/x64
android	Run bash gradlew :app:testDebugUnitTest :app:assembleDebug --console=plain	2026-10-07T01:45:09.8706347Z   ANDROID_HOME: /usr/local/lib/android/sdk
android	Run bash gradlew :app:testDebugUnitTest :app:assembleDebug --console=plain	2026-10-07T01:45:09.8706711Z   ANDROID_SDK_ROOT: /usr/local/lib/android/sdk
android	Run bash gradlew :app:testDebugUnitTest :app:assembleDebug --console=plain	2026-10-07T01:45:09.8707093Z   GRADLE_ACTION_ID: gradle/actions/setup-gradle
android	Run bash gradlew :app:testDebugUnitTest :app:assembleDebug --console=plain	2026-10-07T01:45:09.8707679Z   GRADLE_USER_HOME: /home/runner/.gradle
android	Run bash gradlew :app:testDebugUnitTest :app:assembleDebug --console=plain	2026-10-07T01:45:09.8708238Z   GRADLE_BUILD_ACTION_SETUP_COMPLETED: true
android	Run bash gradlew :app:testDebugUnitTest :app:assembleDebug --console=plain	2026-10-07T01:45:09.8708597Z   GRADLE_BUILD_ACTION_CACHE_RESTORED: true
android	Run bash gradlew :app:testDebugUnitTest :app:assembleDebug --console=plain	2026-10-07T01:45:09.8709108Z   DEVELOCITY_INJECTION_INIT_SCRIPT_NAME: gradle-actions.inject-develocity.init.gradle
android	Run bash gradlew :app:testDebugUnitTest :app:assembleDebug --console=plain	2026-10-07T01:45:09.8709713Z   DEVELOCITY_INJECTION_CUSTOM_VALUE: gradle-actions
android	Run bash gradlew :app:testDebugUnitTest :app:assembleDebug --console=plain	2026-10-07T01:45:09.8710095Z   GITHUB_DEPENDENCY_GRAPH_ENABLED: false
android	Run bash gradlew :app:testDebugUnitTest :app:assembleDebug --console=plain	2026-10-07T01:45:09.8710421Z ##[endgroup]
android	Run bash gradlew :app:testDebugUnitTest :app:assembleDebug --console=plain	2026-10-07T01:45:10.7565159Z Starting a Gradle Daemon (subsequent builds will be faster)
android	Run bash gradlew :app:testDebugUnitTest :app:assembleDebug --console=plain	2026-10-07T01:45:21.8590837Z > Task :app:checkKotlinGradlePluginConfigurationErrors SKIPPED
android	Run bash gradlew :app:testDebugUnitTest :app:assembleDebug --console=plain	2026-10-07T01:45:21.8612004Z > Task :app:preBuild UP-TO-DATE
android	Run bash gradlew :app:testDebugUnitTest :app:assembleDebug --console=plain	2026-10-07T01:45:21.8613278Z > Task :app:preDebugBuild UP-TO-DATE
android	Run bash gradlew :app:testDebugUnitTest :app:assembleDebug --console=plain	2026-10-07T01:45:22.2542882Z > Task :app:generateDebugResValues
android	Run bash gradlew :app:testDebugUnitTest :app:assembleDebug --console=plain	2026-10-07T01:45:22.2566877Z > Task :app:checkDebugAarMetadata
android	Run bash gradlew :app:testDebugUnitTest :app:assembleDebug --console=plain	2026-10-07T01:45:22.3535418Z > Task :app:mapDebugSourceSetPaths
android	Run bash gradlew :app:testDebugUnitTest :app:assembleDebug --console=plain	2026-10-07T01:45:22.3536633Z > Task :app:generateDebugResources
android	Run bash gradlew :app:testDebugUnitTest :app:assembleDebug --console=plain	2026-10-07T01:45:23.4536065Z > Task :app:packageDebugResources
android	Run bash gradlew :app:testDebugUnitTest :app:assembleDebug --console=plain	2026-10-07T01:45:26.3559080Z > Task :app:createDebugCompatibleScreenManifests
android	Run bash gradlew :app:testDebugUnitTest :app:assembleDebug --console=plain	2026-10-07T01:45:26.3578330Z > Task :app:extractDeepLinksDebug
android	Run bash gradlew :app:testDebugUnitTest :app:assembleDebug --console=plain	2026-10-07T01:45:26.4535424Z > Task :app:mergeDebugResources
android	Run bash gradlew :app:testDebugUnitTest :app:assembleDebug --console=plain	2026-10-07T01:45:26.4538875Z > Task :app:parseDebugLocalResources
android	Run bash gradlew :app:testDebugUnitTest :app:assembleDebug --console=plain	2026-10-07T01:45:26.6543271Z > Task :app:processDebugMainManifest
android	Run bash gradlew :app:testDebugUnitTest :app:assembleDebug --console=plain	2026-10-07T01:45:26.7544624Z > Task :app:processDebugManifest
android	Run bash gradlew :app:testDebugUnitTest :app:assembleDebug --console=plain	2026-10-07T01:45:26.7568769Z > Task :app:preDebugUnitTestBuild UP-TO-DATE
android	Run bash gradlew :app:testDebugUnitTest :app:assembleDebug --console=plain	2026-10-07T01:45:26.7569768Z > Task :app:javaPreCompileDebug
android	Run bash gradlew :app:testDebugUnitTest :app:assembleDebug --console=plain	2026-10-07T01:45:26.7570716Z > Task :app:processDebugManifestForPackage
android	Run bash gradlew :app:testDebugUnitTest :app:assembleDebug --console=plain	2026-10-07T01:45:26.7594702Z > Task :app:javaPreCompileDebugUnitTest
android	Run bash gradlew :app:testDebugUnitTest :app:assembleDebug --console=plain	2026-10-07T01:45:26.9546135Z > Task :app:mergeDebugNativeDebugMetadata NO-SOURCE
android	Run bash gradlew :app:testDebugUnitTest :app:assembleDebug --console=plain	2026-10-07T01:45:26.9588980Z > Task :app:mergeDebugShaders
android	Run bash gradlew :app:testDebugUnitTest :app:assembleDebug --console=plain	2026-10-07T01:45:26.9629139Z > Task :app:compileDebugShaders NO-SOURCE
android	Run bash gradlew :app:testDebugUnitTest :app:assembleDebug --console=plain	2026-10-07T01:45:26.9659395Z > Task :app:generateDebugAssets UP-TO-DATE
android	Run bash gradlew :app:testDebugUnitTest :app:assembleDebug --console=plain	2026-10-07T01:45:26.9672774Z > Task :app:mergeDebugAssets
android	Run bash gradlew :app:testDebugUnitTest :app:assembleDebug --console=plain	2026-10-07T01:45:26.9687938Z > Task :app:compressDebugAssets
android	Run bash gradlew :app:testDebugUnitTest :app:assembleDebug --console=plain	2026-10-07T01:45:26.9723539Z > Task :app:desugarDebugFileDependencies
android	Run bash gradlew :app:testDebugUnitTest :app:assembleDebug --console=plain	2026-10-07T01:45:27.1588642Z > Task :app:mergeDebugJniLibFolders
android	Run bash gradlew :app:testDebugUnitTest :app:assembleDebug --console=plain	2026-10-07T01:45:27.1610063Z > Task :app:checkDebugDuplicateClasses
android	Run bash gradlew :app:testDebugUnitTest :app:assembleDebug --console=plain	2026-10-07T01:45:27.2538811Z > Task :app:mergeDebugNativeLibs
android	Run bash gradlew :app:testDebugUnitTest :app:assembleDebug --console=plain	2026-10-07T01:45:27.3568812Z > Task :app:processDebugResources
android	Run bash gradlew :app:testDebugUnitTest :app:assembleDebug --console=plain	2026-10-07T01:45:28.1549035Z > Task :app:mergeLibDexDebug
android	Run bash gradlew :app:testDebugUnitTest :app:assembleDebug --console=plain	2026-10-07T01:45:28.1607743Z 
android	Run bash gradlew :app:testDebugUnitTest :app:assembleDebug --console=plain	2026-10-07T01:45:28.1657065Z > Task :app:stripDebugDebugSymbols
android	Run bash gradlew :app:testDebugUnitTest :app:assembleDebug --console=plain	2026-10-07T01:45:28.1758975Z Unable to strip the following libraries, packaging them as they are: libandroidx.graphics.path.so. Run with --info option to learn more.
android	Run bash gradlew :app:testDebugUnitTest :app:assembleDebug --console=plain	2026-10-07T01:45:29.7634428Z 
android	Run bash gradlew :app:testDebugUnitTest :app:assembleDebug --console=plain	2026-10-07T01:45:29.7658558Z > Task :app:validateSigningDebug
android	Run bash gradlew :app:testDebugUnitTest :app:assembleDebug --console=plain	2026-10-07T01:45:29.7728140Z > Task :app:writeDebugAppMetadata
android	Run bash gradlew :app:testDebugUnitTest :app:assembleDebug --console=plain	2026-10-07T01:45:29.7728894Z > Task :app:writeDebugSigningConfigVersions
android	Run bash gradlew :app:testDebugUnitTest :app:assembleDebug --console=plain	2026-10-07T01:45:36.7534860Z > Task :app:mergeExtDexDebug
android	Run bash gradlew :app:testDebugUnitTest :app:assembleDebug --console=plain	2026-10-07T01:45:54.8539209Z 
android	Run bash gradlew :app:testDebugUnitTest :app:assembleDebug --console=plain	2026-10-07T01:45:54.8559312Z > Task :app:compileDebugKotlin
android	Run bash gradlew :app:testDebugUnitTest :app:assembleDebug --console=plain	2026-10-07T01:45:54.8561766Z w: file:///home/runner/work/utopia/utopia/apps/android/app/src/main/java/city/utopia/control/AutoZoomCaptureActivity.kt:24:31 'val isZoomSupported: Boolean' is deprecated. Deprecated in Java.
android	Run bash gradlew :app:testDebugUnitTest :app:assembleDebug --console=plain	2026-10-07T01:45:54.8580276Z w: file:///home/runner/work/utopia/utopia/apps/android/app/src/main/java/city/utopia/control/AutoZoomCaptureActivity.kt:24:59 'val zoomRatios: (Mutable)List<Int!>!' is deprecated. Deprecated in Java.
android	Run bash gradlew :app:testDebugUnitTest :app:assembleDebug --console=plain	2026-10-07T01:45:54.8583195Z w: file:///home/runner/work/utopia/utopia/apps/android/app/src/main/java/city/utopia/control/AutoZoomCaptureActivity.kt:25:51 'val maxZoom: Int' is deprecated. Deprecated in Java.
android	Run bash gradlew :app:testDebugUnitTest :app:assembleDebug --console=plain	2026-10-07T01:45:54.8598751Z w: file:///home/runner/work/utopia/utopia/apps/android/app/src/main/java/city/utopia/control/AutoZoomCaptureActivity.kt:27:48 'var zoom: Int' is deprecated. Deprecated in Java.
android	Run bash gradlew :app:testDebugUnitTest :app:assembleDebug --console=plain	2026-10-07T01:45:54.8628898Z w: file:///home/runner/work/utopia/utopia/apps/android/app/src/main/java/city/utopia/control/AutoZoomCaptureActivity.kt:28:36 'var zoom: Int' is deprecated. Deprecated in Java.
android	Run bash gradlew :app:testDebugUnitTest :app:assembleDebug --console=plain	2026-10-07T01:45:54.8632546Z w: file:///home/runner/work/utopia/utopia/apps/android/app/src/main/java/city/utopia/control/AutoZoomCaptureActivity.kt:31:62 'val isZoomSupported: Boolean' is deprecated. Deprecated in Java.
android	Run bash gradlew :app:testDebugUnitTest :app:assembleDebug --console=plain	2026-10-07T01:45:54.8635737Z w: file:///home/runner/work/utopia/utopia/apps/android/app/src/main/java/city/utopia/control/AutoZoomCaptureActivity.kt:34:36 'var focusMode: String!' is deprecated. Deprecated in Java.
android	Run bash gradlew :app:testDebugUnitTest :app:assembleDebug --console=plain	2026-10-07T01:45:54.8639447Z w: file:///home/runner/work/utopia/utopia/apps/android/app/src/main/java/city/utopia/control/CityDiscovery.kt:31:94 'fun resolveService(p0: NsdServiceInfo!, p1: NsdManager.ResolveListener!): Unit' is deprecated. Deprecated in Java.
android	Run bash gradlew :app:testDebugUnitTest :app:assembleDebug --console=plain	2026-10-07T01:45:54.8642792Z w: file:///home/runner/work/utopia/utopia/apps/android/app/src/main/java/city/utopia/control/CityDiscovery.kt:33:382 'var host: InetAddress!' is deprecated. Deprecated in Java.
android	Run bash gradlew :app:testDebugUnitTest :app:assembleDebug --console=plain	2026-10-07T01:45:54.8646670Z w: file:///home/runner/work/utopia/utopia/apps/android/app/src/main/java/city/utopia/control/Devices.kt:39:66 Java type mismatch: inferred type is 'Nothing?', but 'String' was expected.
android	Run bash gradlew :app:testDebugUnitTest :app:assembleDebug --console=plain	2026-10-07T01:45:54.8651176Z w: file:///home/runner/work/utopia/utopia/apps/android/app/src/main/java/city/utopia/control/Devices.kt:44:58 Java type mismatch: inferred type is 'Nothing?', but 'String' was expected.
android	Run bash gradlew :app:testDebugUnitTest :app:assembleDebug --console=plain	2026-10-07T01:45:54.8654622Z w: file:///home/runner/work/utopia/utopia/apps/android/app/src/main/java/city/utopia/control/MainActivity.kt:170:389 Only safe (?.) or non-null asserted (!!.) calls are allowed on a nullable receiver of type 'Any?'.
android	Run bash gradlew :app:testDebugUnitTest :app:assembleDebug --console=plain	2026-10-07T01:45:54.8658512Z w: file:///home/runner/work/utopia/utopia/apps/android/app/src/main/java/city/utopia/control/MainActivity.kt:170:495 Only safe (?.) or non-null asserted (!!.) calls are allowed on a nullable receiver of type 'Any?'.
android	Run bash gradlew :app:testDebugUnitTest :app:assembleDebug --console=plain	2026-10-07T01:45:54.9535545Z 
android	Run bash gradlew :app:testDebugUnitTest :app:assembleDebug --console=plain	2026-10-07T01:45:54.9563476Z > Task :app:compileDebugJavaWithJavac NO-SOURCE
android	Run bash gradlew :app:testDebugUnitTest :app:assembleDebug --console=plain	2026-10-07T01:45:54.9618127Z > Task :app:processDebugJavaRes
android	Run bash gradlew :app:testDebugUnitTest :app:assembleDebug --console=plain	2026-10-07T01:45:55.0536217Z > Task :app:bundleDebugClassesToRuntimeJar
android	Run bash gradlew :app:testDebugUnitTest :app:assembleDebug --console=plain	2026-10-07T01:45:55.0537209Z > Task :app:bundleDebugClassesToCompileJar
android	Run bash gradlew :app:testDebugUnitTest :app:assembleDebug --console=plain	2026-10-07T01:46:00.5556659Z > Task :app:dexBuilderDebug
android	Run bash gradlew :app:testDebugUnitTest :app:assembleDebug --console=plain	2026-10-07T01:46:01.1539099Z > Task :app:mergeDebugGlobalSynthetics
android	Run bash gradlew :app:testDebugUnitTest :app:assembleDebug --console=plain	2026-10-07T01:46:01.6578778Z > Task :app:mergeProjectDexDebug
android	Run bash gradlew :app:testDebugUnitTest :app:assembleDebug --console=plain	2026-10-07T01:46:02.4548841Z > Task :app:mergeDebugJavaResource
android	Run bash gradlew :app:testDebugUnitTest :app:assembleDebug --console=plain	2026-10-07T01:46:03.3535432Z > Task :app:packageDebug
android	Run bash gradlew :app:testDebugUnitTest :app:assembleDebug --console=plain	2026-10-07T01:46:03.3580198Z > Task :app:createDebugApkListingFileRedirect
android	Run bash gradlew :app:testDebugUnitTest :app:assembleDebug --console=plain	2026-10-07T01:46:03.3608428Z > Task :app:assembleDebug
android	Run bash gradlew :app:testDebugUnitTest :app:assembleDebug --console=plain	2026-10-07T01:46:04.1558997Z > Task :app:compileDebugUnitTestKotlin
android	Run bash gradlew :app:testDebugUnitTest :app:assembleDebug --console=plain	2026-10-07T01:46:04.1560539Z > Task :app:compileDebugUnitTestJavaWithJavac NO-SOURCE
android	Run bash gradlew :app:testDebugUnitTest :app:assembleDebug --console=plain	2026-10-07T01:46:04.1604638Z > Task :app:processDebugUnitTestJavaRes
android	Run bash gradlew :app:testDebugUnitTest :app:assembleDebug --console=plain	2026-10-07T01:46:05.3538649Z > Task :app:testDebugUnitTest
android	Run bash gradlew :app:testDebugUnitTest :app:assembleDebug --console=plain	2026-10-07T01:46:05.4542053Z gradle/actions: Writing build results to /home/runner/work/_temp/.gradle-actions/build-results/__run_2-1791337514505.json
android	Run bash gradlew :app:testDebugUnitTest :app:assembleDebug --console=plain	2026-10-07T01:46:05.4576821Z 
android	Run bash gradlew :app:testDebugUnitTest :app:assembleDebug --console=plain	2026-10-07T01:46:05.4577707Z BUILD SUCCESSFUL in 55s
android	Run bash gradlew :app:testDebugUnitTest :app:assembleDebug --console=plain	2026-10-07T01:46:05.4578577Z 41 actionable tasks: 41 executed
android	Run actions/upload-artifact@v4	﻿2026-10-07T01:46:05.7835807Z ##[group]Run actions/upload-artifact@v4
android	Run actions/upload-artifact@v4	2026-10-07T01:46:05.7836193Z with:
android	Run actions/upload-artifact@v4	2026-10-07T01:46:05.7836469Z   name: utopia-debug-apk
android	Run actions/upload-artifact@v4	2026-10-07T01:46:05.7836863Z   path: apps/android/app/build/outputs/apk/debug/app-debug.apk
android	Run actions/upload-artifact@v4	2026-10-07T01:46:05.7837469Z   if-no-files-found: warn
android	Run actions/upload-artifact@v4	2026-10-07T01:46:05.7837914Z   compression-level: 6
android	Run actions/upload-artifact@v4	2026-10-07T01:46:05.7838206Z   overwrite: false
android	Run actions/upload-artifact@v4	2026-10-07T01:46:05.7838489Z   include-hidden-files: false
android	Run actions/upload-artifact@v4	2026-10-07T01:46:05.7838794Z env:
android	Run actions/upload-artifact@v4	2026-10-07T01:46:05.7839157Z   JAVA_HOME: /opt/hostedtoolcache/Java_Temurin-Hotspot_jdk/21.0.12-1/x64
android	Run actions/upload-artifact@v4	2026-10-07T01:46:05.7839718Z   JAVA_HOME_21_X64: /opt/hostedtoolcache/Java_Temurin-Hotspot_jdk/21.0.12-1/x64
android	Run actions/upload-artifact@v4	2026-10-07T01:46:05.7840186Z   ANDROID_HOME: /usr/local/lib/android/sdk
android	Run actions/upload-artifact@v4	2026-10-07T01:46:05.7840757Z   ANDROID_SDK_ROOT: /usr/local/lib/android/sdk
android	Run actions/upload-artifact@v4	2026-10-07T01:46:05.7841138Z   GRADLE_ACTION_ID: gradle/actions/setup-gradle
android	Run actions/upload-artifact@v4	2026-10-07T01:46:05.7841513Z   GRADLE_USER_HOME: /home/runner/.gradle
android	Run actions/upload-artifact@v4	2026-10-07T01:46:05.7841873Z   GRADLE_BUILD_ACTION_SETUP_COMPLETED: true
android	Run actions/upload-artifact@v4	2026-10-07T01:46:05.7842276Z   GRADLE_BUILD_ACTION_CACHE_RESTORED: true
android	Run actions/upload-artifact@v4	2026-10-07T01:46:05.7842775Z   DEVELOCITY_INJECTION_INIT_SCRIPT_NAME: gradle-actions.inject-develocity.init.gradle
android	Run actions/upload-artifact@v4	2026-10-07T01:46:05.7843313Z   DEVELOCITY_INJECTION_CUSTOM_VALUE: gradle-actions
android	Run actions/upload-artifact@v4	2026-10-07T01:46:05.7843689Z   GITHUB_DEPENDENCY_GRAPH_ENABLED: false
android	Run actions/upload-artifact@v4	2026-10-07T01:46:05.7844016Z ##[endgroup]
android	Run actions/upload-artifact@v4	2026-10-07T01:46:05.9485523Z (node:2916) [DEP0040] DeprecationWarning: The `punycode` module is deprecated. Please use a userland alternative instead.
android	Run actions/upload-artifact@v4	2026-10-07T01:46:05.9487006Z (Use `node --trace-deprecation ...` to show where the warning was created)
android	Run actions/upload-artifact@v4	2026-10-07T01:46:05.9532354Z With the provided path, there will be 1 file uploaded
android	Run actions/upload-artifact@v4	2026-10-07T01:46:05.9538012Z Artifact name is valid!
android	Run actions/upload-artifact@v4	2026-10-07T01:46:05.9539006Z Root directory input is valid!
android	Run actions/upload-artifact@v4	2026-10-07T01:46:06.1937981Z Beginning upload of artifact content to blob storage
android	Run actions/upload-artifact@v4	2026-10-07T01:46:06.4789104Z (node:2916) [DEP0169] DeprecationWarning: `url.parse()` behavior is not standardized and prone to errors that have security implications. Use the WHATWG URL API instead. CVEs are not issued for `url.parse()` vulnerabilities.
android	Run actions/upload-artifact@v4	2026-10-07T01:46:06.8124553Z Uploaded bytes 8388608
android	Run actions/upload-artifact@v4	2026-10-07T01:46:06.8694108Z Uploaded bytes 10210037
android	Run actions/upload-artifact@v4	2026-10-07T01:46:06.9005918Z Finished uploading artifact content to blob storage!
android	Run actions/upload-artifact@v4	2026-10-07T01:46:06.9007576Z SHA256 digest of uploaded artifact zip is a5a2c3d4379060605e767fd66800ed25cecd41bf2f6aa184475c90fe2f73e060
android	Run actions/upload-artifact@v4	2026-10-07T01:46:06.9009134Z Finalizing artifact upload
android	Run actions/upload-artifact@v4	2026-10-07T01:46:07.1266025Z Artifact utopia-debug-apk.zip successfully finalized. Artifact ID 11455767293
android	Run actions/upload-artifact@v4	2026-10-07T01:46:07.1267696Z Artifact utopia-debug-apk has been successfully uploaded! Final size is 10210037 bytes. Artifact ID is 11455767293
android	Run actions/upload-artifact@v4	2026-10-07T01:46:07.1274015Z Artifact download URL: https://github.com/zhiheng-zhang-Mera/utopia/actions/runs/37558609818/artifacts/11455767293
android	Post Run gradle/actions/setup-gradle@v4	﻿2026-10-07T01:46:07.1517922Z Post job cleanup.
android	Post Run gradle/actions/setup-gradle@v4	2026-10-07T01:46:07.4108728Z In post-action step
android	Post Run gradle/actions/setup-gradle@v4	2026-10-07T01:46:07.4119413Z Cache is read-only: will not save state for use in subsequent builds.
android	Post Run gradle/actions/setup-gradle@v4	2026-10-07T01:46:07.4125187Z Generating Job Summary
android	Post Run gradle/actions/setup-gradle@v4	2026-10-07T01:46:07.4151405Z Completed post-action step
android	Post Run actions/setup-java@v4	﻿2026-10-07T01:46:07.4454046Z Post job cleanup.
android	Post Run actions/setup-java@v4	2026-10-07T01:46:07.5798759Z (node:2941) [DEP0040] DeprecationWarning: The `punycode` module is deprecated. Please use a userland alternative instead.
android	Post Run actions/setup-java@v4	2026-10-07T01:46:07.5800238Z (Use `node --trace-deprecation ...` to show where the warning was created)
android	Post Run actions/checkout@v4	﻿2026-10-07T01:46:07.6021757Z Post job cleanup.
android	Post Run actions/checkout@v4	2026-10-07T01:46:07.6904151Z [command]/usr/bin/git version
android	Post Run actions/checkout@v4	2026-10-07T01:46:07.6949874Z git version 2.55.0
android	Post Run actions/checkout@v4	2026-10-07T01:46:07.6990738Z Temporarily overriding HOME='/home/runner/work/_temp/4413abd5-4ca6-4b17-bceb-a7cf1c73edd3' before making global git config changes
android	Post Run actions/checkout@v4	2026-10-07T01:46:07.6991910Z Adding repository directory to the temporary git global config as a safe directory
android	Post Run actions/checkout@v4	2026-10-07T01:46:07.6997453Z [command]/usr/bin/git config --global --add safe.directory /home/runner/work/utopia/utopia
android	Post Run actions/checkout@v4	2026-10-07T01:46:07.7036971Z [command]/usr/bin/git config --local --name-only --get-regexp core\.sshCommand
android	Post Run actions/checkout@v4	2026-10-07T01:46:07.7072751Z [command]/usr/bin/git submodule foreach --recursive sh -c "git config --local --name-only --get-regexp 'core\.sshCommand' && git config --local --unset-all 'core.sshCommand' || :"
android	Post Run actions/checkout@v4	2026-10-07T01:46:07.7343513Z [command]/usr/bin/git config --local --name-only --get-regexp http\.https\:\/\/github\.com\/\.extraheader
android	Post Run actions/checkout@v4	2026-10-07T01:46:07.7379988Z http.https://github.com/.extraheader
android	Post Run actions/checkout@v4	2026-10-07T01:46:07.7393919Z [command]/usr/bin/git config --local --unset-all http.https://github.com/.extraheader
android	Post Run actions/checkout@v4	2026-10-07T01:46:07.7429515Z [command]/usr/bin/git submodule foreach --recursive sh -c "git config --local --name-only --get-regexp 'http\.https\:\/\/github\.com\/\.extraheader' && git config --local --unset-all 'http.https://github.com/.extraheader' || :"
android	Post Run actions/checkout@v4	2026-10-07T01:46:07.7700170Z [command]/usr/bin/git config --local --name-only --get-regexp ^includeIf\.gitdir:
android	Post Run actions/checkout@v4	2026-10-07T01:46:07.7738779Z [command]/usr/bin/git submodule foreach --recursive git config --local --show-origin --name-only --get-regexp remote.origin.url
android	Complete job	﻿2026-10-07T01:46:07.8156413Z Cleaning up orphan processes
android	Complete job	2026-10-07T01:46:07.8471800Z Terminate orphan process: pid (2694) (java)
android	Complete job	2026-10-07T01:46:07.8521459Z Terminate orphan process: pid (2807) (java)
android	Complete job	2026-10-07T01:46:07.8556100Z ##[warning]Node.js 20 is deprecated. The following actions target Node.js 20 but are being forced to run on Node.js 24: actions/checkout@v4, actions/setup-java@v4, actions/upload-artifact@v4, android-actions/setup-android@v3, gradle/actions/setup-gradle@v4. For more information see: https://github.blog/changelog/2025-09-19-deprecation-of-node-20-on-github-actions-runners/
gateway-web	Set up job	﻿2026-10-07T01:44:50.1319335Z Current runner version: '2.337.0'
gateway-web	Set up job	2026-10-07T01:44:50.1383813Z ##[group]Runner Image Provisioner
gateway-web	Set up job	2026-10-07T01:44:50.1385269Z Hosted Compute Agent
gateway-web	Set up job	2026-10-07T01:44:50.1386303Z Version: 20260901.588
gateway-web	Set up job	2026-10-07T01:44:50.1390421Z Commit: f88ec8081b781fac6c440065ac7ff9e710ce3d0b
gateway-web	Set up job	2026-10-07T01:44:50.1391571Z Build Date: 2026-09-01T19:56:44Z
gateway-web	Set up job	2026-10-07T01:44:50.1392855Z Worker ID: {477d5d84-08ea-4d64-845a-8c2898d9f25c}
gateway-web	Set up job	2026-10-07T01:44:50.1393903Z Azure Region: eastus
gateway-web	Set up job	2026-10-07T01:44:50.1394744Z ##[endgroup]
gateway-web	Set up job	2026-10-07T01:44:50.1397629Z ##[group]Operating System
gateway-web	Set up job	2026-10-07T01:44:50.1398688Z Microsoft Windows Server 2025
gateway-web	Set up job	2026-10-07T01:44:50.1399635Z 10.0.26100
gateway-web	Set up job	2026-10-07T01:44:50.1400420Z Datacenter
gateway-web	Set up job	2026-10-07T01:44:50.1401277Z ##[endgroup]
gateway-web	Set up job	2026-10-07T01:44:50.1402109Z ##[group]Runner Image
gateway-web	Set up job	2026-10-07T01:44:50.1403025Z Image: windows-2025-vs2026
gateway-web	Set up job	2026-10-07T01:44:50.1403967Z Version: 20260925.250.1
gateway-web	Set up job	2026-10-07T01:44:50.1405907Z Included Software: https://github.com/actions/runner-images/blob/win25-vs2026/20260925.250/images/windows/Windows2025-VS2026-Readme.md
gateway-web	Set up job	2026-10-07T01:44:50.1409553Z Image Release: https://github.com/actions/runner-images/releases/tag/win25-vs2026%2F20260925.250
gateway-web	Set up job	2026-10-07T01:44:50.1411257Z ##[endgroup]
gateway-web	Set up job	2026-10-07T01:44:50.1413658Z ##[group]GITHUB_TOKEN Permissions
gateway-web	Set up job	2026-10-07T01:44:50.1416565Z Contents: read
gateway-web	Set up job	2026-10-07T01:44:50.1417442Z Metadata: read
gateway-web	Set up job	2026-10-07T01:44:50.1418289Z Packages: read
gateway-web	Set up job	2026-10-07T01:44:50.1419126Z ##[endgroup]
gateway-web	Set up job	2026-10-07T01:44:50.1422443Z Secret source: Actions
gateway-web	Set up job	2026-10-07T01:44:50.1423901Z Cache mode: write
gateway-web	Set up job	2026-10-07T01:44:50.1425066Z Prepare workflow directory
gateway-web	Set up job	2026-10-07T01:44:50.1913606Z Prepare all required actions
gateway-web	Set up job	2026-10-07T01:44:50.1983035Z Getting action download info
gateway-web	Set up job	2026-10-07T01:44:50.4024171Z Download action repository 'actions/checkout@v4' (SHA:11d5960a326750d5838078e36cf38b85af677262)
gateway-web	Set up job	2026-10-07T01:44:50.5745966Z Download action repository 'actions/setup-node@v4' (SHA:49933ea5288caeca8642d1e84afbd3f7d6820020)
gateway-web	Set up job	2026-10-07T01:44:50.8716179Z Download action repository 'pnpm/action-setup@v4' (SHA:b906affcce14559ad1aafd4ab0e942779e9f58b1)
gateway-web	Set up job	2026-10-07T01:44:51.7490073Z Complete job name: gateway-web
gateway-web	Run actions/checkout@v4	﻿2026-10-07T01:44:51.9822050Z ##[group]Run actions/checkout@v4
gateway-web	Run actions/checkout@v4	2026-10-07T01:44:51.9823943Z with:
gateway-web	Run actions/checkout@v4	2026-10-07T01:44:51.9824427Z   fetch-depth: 0
gateway-web	Run actions/checkout@v4	2026-10-07T01:44:51.9824986Z   repository: zhiheng-zhang-Mera/utopia
gateway-web	Run actions/checkout@v4	2026-10-07T01:44:51.9832809Z   token: ***
gateway-web	Run actions/checkout@v4	2026-10-07T01:44:51.9833295Z   ssh-strict: true
gateway-web	Run actions/checkout@v4	2026-10-07T01:44:51.9833791Z   ssh-user: git
gateway-web	Run actions/checkout@v4	2026-10-07T01:44:51.9834304Z   persist-credentials: true
gateway-web	Run actions/checkout@v4	2026-10-07T01:44:51.9834881Z   clean: true
gateway-web	Run actions/checkout@v4	2026-10-07T01:44:51.9835399Z   sparse-checkout-cone-mode: true
gateway-web	Run actions/checkout@v4	2026-10-07T01:44:51.9836065Z   fetch-tags: false
gateway-web	Run actions/checkout@v4	2026-10-07T01:44:51.9836587Z   show-progress: true
gateway-web	Run actions/checkout@v4	2026-10-07T01:44:51.9837567Z   lfs: false
gateway-web	Run actions/checkout@v4	2026-10-07T01:44:51.9838091Z   submodules: false
gateway-web	Run actions/checkout@v4	2026-10-07T01:44:51.9838615Z   set-safe-directory: true
gateway-web	Run actions/checkout@v4	2026-10-07T01:44:51.9839257Z   allow-unsafe-pr-checkout: false
gateway-web	Run actions/checkout@v4	2026-10-07T01:44:51.9840310Z ##[endgroup]
gateway-web	Run actions/checkout@v4	2026-10-07T01:44:52.2256055Z Syncing repository: zhiheng-zhang-Mera/utopia
gateway-web	Run actions/checkout@v4	2026-10-07T01:44:52.2260094Z ##[group]Getting Git version info
gateway-web	Run actions/checkout@v4	2026-10-07T01:44:52.2261548Z Working directory is 'D:\a\utopia\utopia'
gateway-web	Run actions/checkout@v4	2026-10-07T01:44:52.3479044Z [command]"C:\Program Files\Git\bin\git.exe" version
gateway-web	Run actions/checkout@v4	2026-10-07T01:44:52.8933134Z git version 2.55.0.windows.5
gateway-web	Run actions/checkout@v4	2026-10-07T01:44:52.8998423Z ##[endgroup]
gateway-web	Run actions/checkout@v4	2026-10-07T01:44:52.9021028Z Temporarily overriding HOME='D:\a\_temp\c394c987-28dd-4ea3-87cf-47377d64a173' before making global git config changes
gateway-web	Run actions/checkout@v4	2026-10-07T01:44:52.9023296Z Adding repository directory to the temporary git global config as a safe directory
gateway-web	Run actions/checkout@v4	2026-10-07T01:44:52.9034540Z [command]"C:\Program Files\Git\bin\git.exe" config --global --add safe.directory D:\a\utopia\utopia
gateway-web	Run actions/checkout@v4	2026-10-07T01:44:53.1424006Z Deleting the contents of 'D:\a\utopia\utopia'
gateway-web	Run actions/checkout@v4	2026-10-07T01:44:53.1431418Z ##[group]Initializing the repository
gateway-web	Run actions/checkout@v4	2026-10-07T01:44:53.1441542Z [command]"C:\Program Files\Git\bin\git.exe" init D:\a\utopia\utopia
gateway-web	Run actions/checkout@v4	2026-10-07T01:44:53.3514372Z Initialized empty Git repository in D:/a/utopia/utopia/.git/
gateway-web	Run actions/checkout@v4	2026-10-07T01:44:53.3623661Z [command]"C:\Program Files\Git\bin\git.exe" remote add origin https://github.com/zhiheng-zhang-Mera/utopia
gateway-web	Run actions/checkout@v4	2026-10-07T01:44:53.5509212Z ##[endgroup]
gateway-web	Run actions/checkout@v4	2026-10-07T01:44:53.5511197Z ##[group]Disabling automatic garbage collection
gateway-web	Run actions/checkout@v4	2026-10-07T01:44:53.5519999Z [command]"C:\Program Files\Git\bin\git.exe" config --local gc.auto 0
gateway-web	Run actions/checkout@v4	2026-10-07T01:44:53.7103359Z ##[endgroup]
gateway-web	Run actions/checkout@v4	2026-10-07T01:44:53.7105787Z ##[group]Setting up auth
gateway-web	Run actions/checkout@v4	2026-10-07T01:44:53.7121558Z [command]"C:\Program Files\Git\bin\git.exe" config --local --name-only --get-regexp core\.sshCommand
gateway-web	Run actions/checkout@v4	2026-10-07T01:44:53.8950443Z [command]"C:\Program Files\Git\bin\git.exe" submodule foreach --recursive "sh -c \"git config --local --name-only --get-regexp 'core\.sshCommand' && git config --local --unset-all 'core.sshCommand' || :\""
gateway-web	Run actions/checkout@v4	2026-10-07T01:44:55.6948217Z [command]"C:\Program Files\Git\bin\git.exe" config --local --name-only --get-regexp http\.https\:\/\/github\.com\/\.extraheader
gateway-web	Run actions/checkout@v4	2026-10-07T01:44:55.7313962Z [command]"C:\Program Files\Git\bin\git.exe" submodule foreach --recursive "sh -c \"git config --local --name-only --get-regexp 'http\.https\:\/\/github\.com\/\.extraheader' && git config --local --unset-all 'http.https://github.com/.extraheader' || :\""
gateway-web	Run actions/checkout@v4	2026-10-07T01:44:56.3412671Z [command]"C:\Program Files\Git\bin\git.exe" config --local --name-only --get-regexp ^includeIf\.gitdir:
gateway-web	Run actions/checkout@v4	2026-10-07T01:44:56.3743648Z [command]"C:\Program Files\Git\bin\git.exe" submodule foreach --recursive "git config --local --show-origin --name-only --get-regexp remote.origin.url"
gateway-web	Run actions/checkout@v4	2026-10-07T01:44:56.9734691Z [command]"C:\Program Files\Git\bin\git.exe" config --local http.https://github.com/.extraheader "AUTHORIZATION: basic ***"
gateway-web	Run actions/checkout@v4	2026-10-07T01:44:57.0083209Z ##[endgroup]
gateway-web	Run actions/checkout@v4	2026-10-07T01:44:57.0083694Z ##[group]Fetching the repository
gateway-web	Run actions/checkout@v4	2026-10-07T01:44:57.0099458Z [command]"C:\Program Files\Git\bin\git.exe" -c protocol.version=2 fetch --prune --no-recurse-submodules origin +refs/heads/*:refs/remotes/origin/* +refs/tags/*:refs/tags/*
gateway-web	Run actions/checkout@v4	2026-10-07T01:44:58.6113167Z From https://github.com/zhiheng-zhang-Mera/utopia
gateway-web	Run actions/checkout@v4	2026-10-07T01:44:58.6118625Z  * [new branch]      cex/CEX-701-Alien-codex-device-recovery -> origin/cex/CEX-701-Alien-codex-device-recovery
gateway-web	Run actions/checkout@v4	2026-10-07T01:44:58.6119415Z  * [new branch]      cex/CEX-702-Alien-codex-alternate-device -> origin/cex/CEX-702-Alien-codex-alternate-device
gateway-web	Run actions/checkout@v4	2026-10-07T01:44:58.6120223Z  * [new branch]      cex/CEX-703-Alien-codex-capability-catalog -> origin/cex/CEX-703-Alien-codex-capability-catalog
gateway-web	Run actions/checkout@v4	2026-10-07T01:44:58.6121535Z  * [new branch]      cex/CEX-704-Alien-codex-native-owner-onboarding -> origin/cex/CEX-704-Alien-codex-native-owner-onboarding
gateway-web	Run actions/checkout@v4	2026-10-07T01:44:58.6122879Z  * [new branch]      cex/CEX-705-Alien-codex-native-members -> origin/cex/CEX-705-Alien-codex-native-members
gateway-web	Run actions/checkout@v4	2026-10-07T01:44:58.6123947Z  * [new branch]      cex/CEX-790-mech-final-audit -> origin/cex/CEX-790-mech-final-audit
gateway-web	Run actions/checkout@v4	2026-10-07T01:44:58.6125467Z  * [new branch]      feat/mech-join-worker-without-node-token -> origin/feat/mech-join-worker-without-node-token
gateway-web	Run actions/checkout@v4	2026-10-07T01:44:58.6126633Z  * [new branch]      integration/CEX-790-Alien-20261006 -> origin/integration/CEX-790-Alien-20261006
gateway-web	Run actions/checkout@v4	2026-10-07T01:44:58.6127980Z  * [new branch]      integration/MON-accepted-head-mech-preflight -> origin/integration/MON-accepted-head-mech-preflight
gateway-web	Run actions/checkout@v4	2026-10-07T01:44:58.6129200Z  * [new branch]      integration/REX-803-804-mech-preflight -> origin/integration/REX-803-804-mech-preflight
gateway-web	Run actions/checkout@v4	2026-10-07T01:44:58.6130582Z  * [new branch]      integration/REX-803-804-mech-preflight-with-evidence-repair -> origin/integration/REX-803-804-mech-preflight-with-evidence-repair
gateway-web	Run actions/checkout@v4	2026-10-07T01:44:58.6132115Z  * [new branch]      integration/REX-805-candidate-mech-preflight -> origin/integration/REX-805-candidate-mech-preflight
gateway-web	Run actions/checkout@v4	2026-10-07T01:44:58.6133428Z  * [new branch]      integration/REX-805-repaired-mech-preflight -> origin/integration/REX-805-repaired-mech-preflight
gateway-web	Run actions/checkout@v4	2026-10-07T01:44:58.6135849Z  * [new branch]      integration/REX-accepted-heads-mech-preflight -> origin/integration/REX-accepted-heads-mech-preflight
gateway-web	Run actions/checkout@v4	2026-10-07T01:44:58.6137812Z  * [new branch]      integration/REX-accepted-heads-mech-preflight-with-evidence-repair -> origin/integration/REX-accepted-heads-mech-preflight-with-evidence-repair
gateway-web	Run actions/checkout@v4	2026-10-07T01:44:58.6140193Z  * [new branch]      join/JOIN-590-merged-main-physical-acceptance -> origin/join/JOIN-590-merged-main-physical-acceptance
gateway-web	Run actions/checkout@v4	2026-10-07T01:44:58.6141288Z  * [new branch]      main                      -> origin/main
gateway-web	Run actions/checkout@v4	2026-10-07T01:44:58.6142046Z  * [new branch]      mech/standalone-city-lifecycle -> origin/mech/standalone-city-lifecycle
gateway-web	Run actions/checkout@v4	2026-10-07T01:44:58.6143074Z  * [new branch]      merge/REX-series-mech-owner-window -> origin/merge/REX-series-mech-owner-window
gateway-web	Run actions/checkout@v4	2026-10-07T01:44:58.6144136Z  * [new branch]      mon/MON-901-Alien-codex-observation -> origin/mon/MON-901-Alien-codex-observation
gateway-web	Run actions/checkout@v4	2026-10-07T01:44:58.6145275Z  * [new branch]      mon/MON-902-mech-overview-graph -> origin/mon/MON-902-mech-overview-graph
gateway-web	Run actions/checkout@v4	2026-10-07T01:44:58.6146309Z  * [new branch]      mon/MON-903-mech-decision-overlay -> origin/mon/MON-903-mech-decision-overlay
gateway-web	Run actions/checkout@v4	2026-10-07T01:44:58.6147227Z  * [new branch]      mon/MON-990-Alien-20261006 -> origin/mon/MON-990-Alien-20261006
gateway-web	Run actions/checkout@v4	2026-10-07T01:44:58.6148351Z  * [new branch]      pcf/PCF-700-mech-ownership-and-reality-audit -> origin/pcf/PCF-700-mech-ownership-and-reality-audit
gateway-web	Run actions/checkout@v4	2026-10-07T01:44:58.6149647Z  * [new branch]      pcf/PCF-701-mech-live-resource-telemetry -> origin/pcf/PCF-701-mech-live-resource-telemetry
gateway-web	Run actions/checkout@v4	2026-10-07T01:44:58.6151031Z  * [new branch]      pcf/full-flow-alien-pending-verification-20261007 -> origin/pcf/full-flow-alien-pending-verification-20261007
gateway-web	Run actions/checkout@v4	2026-10-07T01:44:58.6152128Z  * [new branch]      pcf/series-mech           -> origin/pcf/series-mech
gateway-web	Run actions/checkout@v4	2026-10-07T01:44:58.6153076Z  * [new branch]      probe/REX-803-mech-two-worker-rehearsal -> origin/probe/REX-803-mech-two-worker-rehearsal
gateway-web	Run actions/checkout@v4	2026-10-07T01:44:58.6154181Z  * [new branch]      repair/MON-903-mech-honest-metrics -> origin/repair/MON-903-mech-honest-metrics
gateway-web	Run actions/checkout@v4	2026-10-07T01:44:58.6155425Z  * [new branch]      repair/MON-903-mech-honest-metrics-on-review-head -> origin/repair/MON-903-mech-honest-metrics-on-review-head
gateway-web	Run actions/checkout@v4	2026-10-07T01:44:58.6158035Z  * [new branch]      repair/PCF-701-alien-windows-cpu-20261007 -> origin/repair/PCF-701-alien-windows-cpu-20261007
gateway-web	Run actions/checkout@v4	2026-10-07T01:44:58.6159168Z  * [new branch]      repair/REX-801-mech-store-guard -> origin/repair/REX-801-mech-store-guard
gateway-web	Run actions/checkout@v4	2026-10-07T01:44:58.6160347Z  * [new branch]      repair/REX-803-mech-receipt-order-and-close -> origin/repair/REX-803-mech-receipt-order-and-close
gateway-web	Run actions/checkout@v4	2026-10-07T01:44:58.6161951Z  * [new branch]      repair/REX-804-mech-fault-store-guard-on-current-main -> origin/repair/REX-804-mech-fault-store-guard-on-current-main
gateway-web	Run actions/checkout@v4	2026-10-07T01:44:58.6162730Z  * [new branch]      repair/REX-804-mech-minimal -> origin/repair/REX-804-mech-minimal
gateway-web	Run actions/checkout@v4	2026-10-07T01:44:58.6163429Z  * [new branch]      repair/REX-804-mech-test-evidence-outside-repo -> origin/repair/REX-804-mech-test-evidence-outside-repo
gateway-web	Run actions/checkout@v4	2026-10-07T01:44:58.6164385Z  * [new branch]      repair/REX-806-alien-members-and-partial-provenance-20261007 -> origin/repair/REX-806-alien-members-and-partial-provenance-20261007
gateway-web	Run actions/checkout@v4	2026-10-07T01:44:58.6165485Z  * [new branch]      repair/REX-806-alien-missing-task-and-bounded-window-20261007 -> origin/repair/REX-806-alien-missing-task-and-bounded-window-20261007
gateway-web	Run actions/checkout@v4	2026-10-07T01:44:58.6166499Z  * [new branch]      repair/REX-806-mech-exporter-missing-receipt-detection -> origin/repair/REX-806-mech-exporter-missing-receipt-detection
gateway-web	Run actions/checkout@v4	2026-10-07T01:44:58.6167389Z  * [new branch]      repair/REX-806-mech-exporter-refusal-exit-code -> origin/repair/REX-806-mech-exporter-refusal-exit-code
gateway-web	Run actions/checkout@v4	2026-10-07T01:44:58.6168216Z  * [new branch]      repair/REX-806-mech-exporter-unreadable-receipt -> origin/repair/REX-806-mech-exporter-unreadable-receipt
gateway-web	Run actions/checkout@v4	2026-10-07T01:44:58.6169234Z  * [new branch]      repair/WBC-604-mech-profile-persist-first -> origin/repair/WBC-604-mech-profile-persist-first
gateway-web	Run actions/checkout@v4	2026-10-07T01:44:58.6170110Z  * [new branch]      repair/WBC-604-mech-profile-persist-first-on-current-main -> origin/repair/WBC-604-mech-profile-persist-first-on-current-main
gateway-web	Run actions/checkout@v4	2026-10-07T01:44:58.6171096Z  * [new branch]      repair/capability-bridge-mech-artifact-store-guard -> origin/repair/capability-bridge-mech-artifact-store-guard
gateway-web	Run actions/checkout@v4	2026-10-07T01:44:58.6171991Z  * [new branch]      repair/mech-city-store-diagnostic-on-current-main -> origin/repair/mech-city-store-diagnostic-on-current-main
gateway-web	Run actions/checkout@v4	2026-10-07T01:44:58.6173109Z  * [new branch]      repair/mech-readme-city-install-step -> origin/repair/mech-readme-city-install-step
gateway-web	Run actions/checkout@v4	2026-10-07T01:44:58.6173780Z  * [new branch]      repair/mech-relay-rate-probe-burst -> origin/repair/mech-relay-rate-probe-burst
gateway-web	Run actions/checkout@v4	2026-10-07T01:44:58.6174353Z  * [new branch]      review/CEX-701-mech-review -> origin/review/CEX-701-mech-review
gateway-web	Run actions/checkout@v4	2026-10-07T01:44:58.6174853Z  * [new branch]      review/CEX-702-mech-review -> origin/review/CEX-702-mech-review
gateway-web	Run actions/checkout@v4	2026-10-07T01:44:58.6175719Z  * [new branch]      review/CEX-703-mech-review -> origin/review/CEX-703-mech-review
gateway-web	Run actions/checkout@v4	2026-10-07T01:44:58.6176504Z  * [new branch]      review/CEX-704-mech-review -> origin/review/CEX-704-mech-review
gateway-web	Run actions/checkout@v4	2026-10-07T01:44:58.6177000Z  * [new branch]      review/CEX-705-mech-review -> origin/review/CEX-705-mech-review
gateway-web	Run actions/checkout@v4	2026-10-07T01:44:58.6177711Z  * [new branch]      review/JOIN-590-Alien-codex -> origin/review/JOIN-590-Alien-codex
gateway-web	Run actions/checkout@v4	2026-10-07T01:44:58.6178216Z  * [new branch]      review/MON-901-mech-review -> origin/review/MON-901-mech-review
gateway-web	Run actions/checkout@v4	2026-10-07T01:44:58.6178717Z  * [new branch]      review/MON-902-Alien-20261006 -> origin/review/MON-902-Alien-20261006
gateway-web	Run actions/checkout@v4	2026-10-07T01:44:58.6179421Z  * [new branch]      review/MON-903-Alien-20261006 -> origin/review/MON-903-Alien-20261006
gateway-web	Run actions/checkout@v4	2026-10-07T01:44:58.6179949Z  * [new branch]      review/MON-990-Mech-20261006 -> origin/review/MON-990-Mech-20261006
gateway-web	Run actions/checkout@v4	2026-10-07T01:44:58.6180990Z  * [new branch]      review/PCF-700-alien-20261007 -> origin/review/PCF-700-alien-20261007
gateway-web	Run actions/checkout@v4	2026-10-07T01:44:58.6181597Z  * [new branch]      review/REX-801-Alien-codex -> origin/review/REX-801-Alien-codex
gateway-web	Run actions/checkout@v4	2026-10-07T01:44:58.6182374Z  * [new branch]      review/REX-802-mech-review -> origin/review/REX-802-mech-review
gateway-web	Run actions/checkout@v4	2026-10-07T01:44:58.6183153Z  * [new branch]      review/REX-803-Alien-20261006 -> origin/review/REX-803-Alien-20261006
gateway-web	Run actions/checkout@v4	2026-10-07T01:44:58.6183839Z  * [new branch]      review/REX-804-mech-review -> origin/review/REX-804-mech-review
gateway-web	Run actions/checkout@v4	2026-10-07T01:44:58.6184549Z  * [new branch]      review/WBC-601-Alien-codex -> origin/review/WBC-601-Alien-codex
gateway-web	Run actions/checkout@v4	2026-10-07T01:44:58.6185041Z  * [new branch]      review/WBC-602-Alien-codex -> origin/review/WBC-602-Alien-codex
gateway-web	Run actions/checkout@v4	2026-10-07T01:44:58.6186032Z  * [new branch]      rex/REX-801-experiment-manifest-registry -> origin/rex/REX-801-experiment-manifest-registry
gateway-web	Run actions/checkout@v4	2026-10-07T01:44:58.6186791Z  * [new branch]      rex/REX-802-Alien-codex-trace-foundation -> origin/rex/REX-802-Alien-codex-trace-foundation
gateway-web	Run actions/checkout@v4	2026-10-07T01:44:58.6187477Z  * [new branch]      rex/REX-803-Alien-codex-scenario -> origin/rex/REX-803-Alien-codex-scenario
gateway-web	Run actions/checkout@v4	2026-10-07T01:44:58.6188070Z  * [new branch]      rex/REX-803-mech-scenario-runner -> origin/rex/REX-803-mech-scenario-runner
gateway-web	Run actions/checkout@v4	2026-10-07T01:44:58.6188636Z  * [new branch]      rex/REX-804-Alien-codex-faults -> origin/rex/REX-804-Alien-codex-faults
gateway-web	Run actions/checkout@v4	2026-10-07T01:44:58.6189233Z  * [new branch]      rex/REX-805-alien-replay-ablation -> origin/rex/REX-805-alien-replay-ablation
gateway-web	Run actions/checkout@v4	2026-10-07T01:44:58.6189853Z  * [new branch]      rex/REX-806-mech-metrics-and-export -> origin/rex/REX-806-mech-metrics-and-export
gateway-web	Run actions/checkout@v4	2026-10-07T01:44:58.6190547Z  * [new branch]      rex/REX-807-mech-research-control-surface -> origin/rex/REX-807-mech-research-control-surface
gateway-web	Run actions/checkout@v4	2026-10-07T01:44:58.6191252Z  * [new branch]      test/mech-startup-store-family-guard -> origin/test/mech-startup-store-family-guard
gateway-web	Run actions/checkout@v4	2026-10-07T01:44:58.6192111Z  * [new branch]      wbc/WBC-601-execution-backend-contract -> origin/wbc/WBC-601-execution-backend-contract
gateway-web	Run actions/checkout@v4	2026-10-07T01:44:58.6192715Z  * [new branch]      wbc/WBC-602-node-descriptor -> origin/wbc/WBC-602-node-descriptor
gateway-web	Run actions/checkout@v4	2026-10-07T01:44:58.6193294Z  * [new branch]      wbc/WBC-603-Alien-codex-worker-pool -> origin/wbc/WBC-603-Alien-codex-worker-pool
gateway-web	Run actions/checkout@v4	2026-10-07T01:44:58.6193979Z  * [new branch]      wbc/WBC-604-mech-execution-profile-switch -> origin/wbc/WBC-604-mech-execution-profile-switch
gateway-web	Run actions/checkout@v4	2026-10-07T01:44:58.6194715Z  * [new tag]         archive/2026-10-04/codex/city-members-host-roles -> archive/2026-10-04/codex/city-members-host-roles
gateway-web	Run actions/checkout@v4	2026-10-07T01:44:58.6195479Z  * [new tag]         archive/2026-10-04/codex/city-names-host-preflight -> archive/2026-10-04/codex/city-names-host-preflight
gateway-web	Run actions/checkout@v4	2026-10-07T01:44:58.6196229Z  * [new tag]         archive/2026-10-04/codex/pairing-discovery-ux -> archive/2026-10-04/codex/pairing-discovery-ux
gateway-web	Run actions/checkout@v4	2026-10-07T01:44:58.6196996Z  * [new tag]         archive/2026-10-04/codex/single-host-city-remote-login -> archive/2026-10-04/codex/single-host-city-remote-login
gateway-web	Run actions/checkout@v4	2026-10-07T01:44:58.6197791Z  * [new tag]         archive/2026-10-04/evidence/MESH-301-mech-receipts -> archive/2026-10-04/evidence/MESH-301-mech-receipts
gateway-web	Run actions/checkout@v4	2026-10-07T01:44:58.6198574Z  * [new tag]         archive/2026-10-04/feat/launcher-and-shareable-invite -> archive/2026-10-04/feat/launcher-and-shareable-invite
gateway-web	Run actions/checkout@v4	2026-10-07T01:44:58.6199390Z  * [new tag]         archive/2026-10-04/feat/primary-city-and-connect-entry -> archive/2026-10-04/feat/primary-city-and-connect-entry
gateway-web	Run actions/checkout@v4	2026-10-07T01:44:58.6200231Z  * [new tag]         archive/2026-10-04/fix/device-pilot-harness-integration -> archive/2026-10-04/fix/device-pilot-harness-integration
gateway-web	Run actions/checkout@v4	2026-10-07T01:44:58.6201064Z  * [new tag]         archive/2026-10-04/fix/device-pilot-process-identity -> archive/2026-10-04/fix/device-pilot-process-identity
gateway-web	Run actions/checkout@v4	2026-10-07T01:44:58.6201871Z  * [new tag]         archive/2026-10-04/fix/device-pilot-route-from-source -> archive/2026-10-04/fix/device-pilot-route-from-source
gateway-web	Run actions/checkout@v4	2026-10-07T01:44:58.6202733Z  * [new tag]         archive/2026-10-04/integration/alien-codex-history-20261004 -> archive/2026-10-04/integration/alien-codex-history-20261004
gateway-web	Run actions/checkout@v4	2026-10-07T01:44:58.6203668Z  * [new tag]         archive/2026-10-04/integration/join-502-nearby -> archive/2026-10-04/integration/join-502-nearby
gateway-web	Run actions/checkout@v4	2026-10-07T01:44:58.6204467Z  * [new tag]         archive/2026-10-04/join/JOIN-501-pairing-session-lifecycle -> archive/2026-10-04/join/JOIN-501-pairing-session-lifecycle
gateway-web	Run actions/checkout@v4	2026-10-07T01:44:58.6205356Z  * [new tag]         archive/2026-10-04/join/JOIN-502-nearby-discovery-approval -> archive/2026-10-04/join/JOIN-502-nearby-discovery-approval
gateway-web	Run actions/checkout@v4	2026-10-07T01:44:58.6206755Z  * [new tag]         archive/2026-10-04/join/JOIN-503-device-enrollment-and-tokenless-reconnect -> archive/2026-10-04/join/JOIN-503-device-enrollment-and-tokenless-reconnect
gateway-web	Run actions/checkout@v4	2026-10-07T01:44:58.6207730Z  * [new tag]         archive/2026-10-04/join/JOIN-503-edenrollment-repair -> archive/2026-10-04/join/JOIN-503-edenrollment-repair
gateway-web	Run actions/checkout@v4	2026-10-07T01:44:58.6208449Z  * [new tag]         archive/2026-10-04/mesh/MESH-301-three-end -> archive/2026-10-04/mesh/MESH-301-three-end
gateway-web	Run actions/checkout@v4	2026-10-07T01:44:58.6209177Z  * [new tag]         archive/2026-10-04/review/JOIN-501-mech-formal-review -> archive/2026-10-04/review/JOIN-501-mech-formal-review
gateway-web	Run actions/checkout@v4	2026-10-07T01:44:58.6209995Z  * [new tag]         archive/2026-10-04/review/JOIN-502-alien-formal-review -> archive/2026-10-04/review/JOIN-502-alien-formal-review
gateway-web	Run actions/checkout@v4	2026-10-07T01:44:58.6210819Z  * [new tag]         archive/2026-10-04/review/JOIN-503-mech-formal-review -> archive/2026-10-04/review/JOIN-503-mech-formal-review
gateway-web	Run actions/checkout@v4	2026-10-07T01:44:58.6211611Z  * [new tag]         archive/2026-10-04/review/MESH-301-mech-formal-review -> archive/2026-10-04/review/MESH-301-mech-formal-review
gateway-web	Run actions/checkout@v4	2026-10-07T01:44:58.6212339Z  * [new tag]         archive/2026-10-04/rs/RS-201-dynamic-ai-pool -> archive/2026-10-04/rs/RS-201-dynamic-ai-pool
gateway-web	Run actions/checkout@v4	2026-10-07T01:44:58.6213818Z  * [new tag]         archive/2026-10-04/rs/RS-202-multi-device-concurrency -> archive/2026-10-04/rs/RS-202-multi-device-concurrency
gateway-web	Run actions/checkout@v4	2026-10-07T01:44:58.6214660Z  * [new tag]         archive/2026-10-04/rs/RS-203-cross-device-return-recovery -> archive/2026-10-04/rs/RS-203-cross-device-return-recovery
gateway-web	Run actions/checkout@v4	2026-10-07T01:44:58.6215519Z  * [new tag]         archive/2026-10-04/rs/RS-290-scheduling-baseline-freeze -> archive/2026-10-04/rs/RS-290-scheduling-baseline-freeze
gateway-web	Run actions/checkout@v4	2026-10-07T01:44:58.6216364Z  * [new tag]         archive/2026-10-04/ui/UI-000-visual-direction-candidates -> archive/2026-10-04/ui/UI-000-visual-direction-candidates
gateway-web	Run actions/checkout@v4	2026-10-07T01:44:58.6217134Z  * [new tag]         archive/2026-10-04/ui/UI-101-web-product-shell -> archive/2026-10-04/ui/UI-101-web-product-shell
gateway-web	Run actions/checkout@v4	2026-10-07T01:44:58.6217870Z  * [new tag]         archive/2026-10-04/ui/UI-102-android-product-shell -> archive/2026-10-04/ui/UI-102-android-product-shell
gateway-web	Run actions/checkout@v4	2026-10-07T01:44:58.6218648Z  * [new tag]         archive/2026-10-04/ui/UI-103-rooms-visual-unification -> archive/2026-10-04/ui/UI-103-rooms-visual-unification
gateway-web	Run actions/checkout@v4	2026-10-07T01:44:58.6219404Z  * [new tag]         archive/2026-10-04/ui/UI-190-ui-baseline-freeze -> archive/2026-10-04/ui/UI-190-ui-baseline-freeze
gateway-web	Run actions/checkout@v4	2026-10-07T01:44:58.6220238Z  * [new tag]         archive/2026-10-04/uxi/UXI-301-scheduler-status-into-product-ui -> archive/2026-10-04/uxi/UXI-301-scheduler-status-into-product-ui
gateway-web	Run actions/checkout@v4	2026-10-07T01:44:58.6221141Z  * [new tag]         archive/2026-10-04/uxi/UXI-390-final-product-acceptance -> archive/2026-10-04/uxi/UXI-390-final-product-acceptance
gateway-web	Run actions/checkout@v4	2026-10-07T01:44:58.6221961Z  * [new tag]         archive/2026-10-04/uxi/UXI-391-remote-handoff-closeout -> archive/2026-10-04/uxi/UXI-391-remote-handoff-closeout
gateway-web	Run actions/checkout@v4	2026-10-07T01:44:58.6222784Z  * [new tag]         archive/2026-10-05/fix/Alien-codex-host-inventory-retry -> archive/2026-10-05/fix/Alien-codex-host-inventory-retry
gateway-web	Run actions/checkout@v4	2026-10-07T01:44:58.6223690Z  * [new tag]         archive/2026-10-05/fix/Alien-codex-pairing-city-neutral-lockout -> archive/2026-10-05/fix/Alien-codex-pairing-city-neutral-lockout
gateway-web	Run actions/checkout@v4	2026-10-07T01:44:58.6224366Z  * [new tag]         archive/BA-001            -> archive/BA-001
gateway-web	Run actions/checkout@v4	2026-10-07T01:44:58.6225207Z  * [new tag]         archive/BA-002            -> archive/BA-002
gateway-web	Run actions/checkout@v4	2026-10-07T01:44:58.6225537Z  * [new tag]         archive/BA-003            -> archive/BA-003
gateway-web	Run actions/checkout@v4	2026-10-07T01:44:58.6226259Z  * [new tag]         archive/BA-004            -> archive/BA-004
gateway-web	Run actions/checkout@v4	2026-10-07T01:44:58.6226604Z  * [new tag]         archive/BA-005            -> archive/BA-005
gateway-web	Run actions/checkout@v4	2026-10-07T01:44:58.6226928Z  * [new tag]         archive/BA-006            -> archive/BA-006
gateway-web	Run actions/checkout@v4	2026-10-07T01:44:58.6227250Z  * [new tag]         archive/BA-007            -> archive/BA-007
gateway-web	Run actions/checkout@v4	2026-10-07T01:44:58.6227575Z  * [new tag]         archive/BA-008            -> archive/BA-008
gateway-web	Run actions/checkout@v4	2026-10-07T01:44:58.6227905Z  * [new tag]         archive/BA-009            -> archive/BA-009
gateway-web	Run actions/checkout@v4	2026-10-07T01:44:58.6228235Z  * [new tag]         archive/EM-001            -> archive/EM-001
gateway-web	Run actions/checkout@v4	2026-10-07T01:44:58.6228572Z  * [new tag]         archive/EM-002            -> archive/EM-002
gateway-web	Run actions/checkout@v4	2026-10-07T01:44:58.6228896Z  * [new tag]         archive/EM-003            -> archive/EM-003
gateway-web	Run actions/checkout@v4	2026-10-07T01:44:58.6229222Z  * [new tag]         archive/EM-004            -> archive/EM-004
gateway-web	Run actions/checkout@v4	2026-10-07T01:44:58.6229544Z  * [new tag]         archive/EM-005            -> archive/EM-005
gateway-web	Run actions/checkout@v4	2026-10-07T01:44:58.6229868Z  * [new tag]         archive/EM-006            -> archive/EM-006
gateway-web	Run actions/checkout@v4	2026-10-07T01:44:58.6230190Z  * [new tag]         archive/EM-007            -> archive/EM-007
gateway-web	Run actions/checkout@v4	2026-10-07T01:44:58.6230519Z  * [new tag]         archive/EM-008            -> archive/EM-008
gateway-web	Run actions/checkout@v4	2026-10-07T01:44:58.6230842Z  * [new tag]         archive/EM-009            -> archive/EM-009
gateway-web	Run actions/checkout@v4	2026-10-07T01:44:58.6231168Z  * [new tag]         archive/EM-010            -> archive/EM-010
gateway-web	Run actions/checkout@v4	2026-10-07T01:44:58.6231497Z  * [new tag]         archive/EM-011            -> archive/EM-011
gateway-web	Run actions/checkout@v4	2026-10-07T01:44:58.6231819Z  * [new tag]         archive/EM-012            -> archive/EM-012
gateway-web	Run actions/checkout@v4	2026-10-07T01:44:58.6232396Z  * [new tag]         archive/EM-013            -> archive/EM-013
gateway-web	Run actions/checkout@v4	2026-10-07T01:44:58.6232740Z  * [new tag]         archive/GAI-001           -> archive/GAI-001
gateway-web	Run actions/checkout@v4	2026-10-07T01:44:58.6293749Z  * [new tag]         archive/GAI-002           -> archive/GAI-002
gateway-web	Run actions/checkout@v4	2026-10-07T01:44:58.6294655Z  * [new tag]         archive/GAI-003           -> archive/GAI-003
gateway-web	Run actions/checkout@v4	2026-10-07T01:44:58.6295263Z  * [new tag]         archive/GAI-004           -> archive/GAI-004
gateway-web	Run actions/checkout@v4	2026-10-07T01:44:58.6295785Z  * [new tag]         archive/GAI-005           -> archive/GAI-005
gateway-web	Run actions/checkout@v4	2026-10-07T01:44:58.6296350Z  * [new tag]         archive/GAI-006           -> archive/GAI-006
gateway-web	Run actions/checkout@v4	2026-10-07T01:44:58.6297259Z  * [new tag]         archive/GAI-007           -> archive/GAI-007
gateway-web	Run actions/checkout@v4	2026-10-07T01:44:58.6297828Z  * [new tag]         archive/GAI-008           -> archive/GAI-008
gateway-web	Run actions/checkout@v4	2026-10-07T01:44:58.6298386Z  * [new tag]         archive/GAI-009           -> archive/GAI-009
gateway-web	Run actions/checkout@v4	2026-10-07T01:44:58.6298959Z  * [new tag]         archive/RF-001            -> archive/RF-001
gateway-web	Run actions/checkout@v4	2026-10-07T01:44:58.6299565Z  * [new tag]         archive/RF-002            -> archive/RF-002
gateway-web	Run actions/checkout@v4	2026-10-07T01:44:58.6300157Z  * [new tag]         archive/RF-003            -> archive/RF-003
gateway-web	Run actions/checkout@v4	2026-10-07T01:44:58.6300789Z  * [new tag]         archive/RF-004            -> archive/RF-004
gateway-web	Run actions/checkout@v4	2026-10-07T01:44:58.6301380Z  * [new tag]         archive/RF-005            -> archive/RF-005
gateway-web	Run actions/checkout@v4	2026-10-07T01:44:58.6301965Z  * [new tag]         archive/RF-006            -> archive/RF-006
gateway-web	Run actions/checkout@v4	2026-10-07T01:44:58.6302557Z  * [new tag]         archive/RF-007            -> archive/RF-007
gateway-web	Run actions/checkout@v4	2026-10-07T01:44:58.6303142Z  * [new tag]         archive/RF-008            -> archive/RF-008
gateway-web	Run actions/checkout@v4	2026-10-07T01:44:58.6303726Z  * [new tag]         archive/RF-009            -> archive/RF-009
gateway-web	Run actions/checkout@v4	2026-10-07T01:44:58.6304317Z  * [new tag]         archive/RF-010            -> archive/RF-010
gateway-web	Run actions/checkout@v4	2026-10-07T01:44:58.6305136Z  * [new tag]         archive/alien/capability-bridge-v0.3 -> archive/alien/capability-bridge-v0.3
gateway-web	Run actions/checkout@v4	2026-10-07T01:44:58.6306194Z  * [new tag]         archive/alien/v0.3-hardening-repair -> archive/alien/v0.3-hardening-repair
gateway-web	Run actions/checkout@v4	2026-10-07T01:44:58.6307134Z  * [new tag]         archive/alien/wave2-repair-v1 -> archive/alien/wave2-repair-v1
gateway-web	Run actions/checkout@v4	2026-10-07T01:44:58.6308364Z  * [new tag]         archive/alien/wave3-theme-build -> archive/alien/wave3-theme-build
gateway-web	Run actions/checkout@v4	2026-10-07T01:44:58.6309588Z  * [new tag]         archive/codex/alien-device-center-connectivity-v0.2 -> archive/codex/alien-device-center-connectivity-v0.2
gateway-web	Run actions/checkout@v4	2026-10-07T01:44:58.6310652Z  * [new tag]         archive/codex/product-v0  -> archive/codex/product-v0
gateway-web	Run actions/checkout@v4	2026-10-07T01:44:58.6311485Z  * [new tag]         archive/docs/v02-acceptance-links -> archive/docs/v02-acceptance-links
gateway-web	Run actions/checkout@v4	2026-10-07T01:44:58.6312175Z  * [new tag]         archive/infra/mission-evolution-bootstrap -> archive/infra/mission-evolution-bootstrap
gateway-web	Run actions/checkout@v4	2026-10-07T01:44:58.6312840Z  * [new tag]         archive/mech/city-implementation-v1 -> archive/mech/city-implementation-v1
gateway-web	Run actions/checkout@v4	2026-10-07T01:44:58.6313403Z  * [new tag]         archive/mech/d9-theme-builder -> archive/mech/d9-theme-builder
gateway-web	Run actions/checkout@v4	2026-10-07T01:44:58.6313948Z  * [new tag]         archive/mech/donor-document-intake-v1 -> archive/mech/donor-document-intake-v1
gateway-web	Run actions/checkout@v4	2026-10-07T01:44:58.6314545Z  * [new tag]         archive/mech/donor-knowledge-core-v1 -> archive/mech/donor-knowledge-core-v1
gateway-web	Run actions/checkout@v4	2026-10-07T01:44:58.6315107Z  * [new tag]         archive/mech/donor-skill-intake-v1 -> archive/mech/donor-skill-intake-v1
gateway-web	Run actions/checkout@v4	2026-10-07T01:44:58.6315661Z  * [new tag]         archive/mech/donor-theme-engine-v1 -> archive/mech/donor-theme-engine-v1
gateway-web	Run actions/checkout@v4	2026-10-07T01:44:58.6316177Z  * [new tag]         archive/mech/knowledge-room-k0 -> archive/mech/knowledge-room-k0
gateway-web	Run actions/checkout@v4	2026-10-07T01:44:58.6316678Z  * [new tag]         archive/mech/room-incubation-v1 -> archive/mech/room-incubation-v1
gateway-web	Run actions/checkout@v4	2026-10-07T01:44:58.6317565Z  * [new tag]         archive/mech/room-pack-v1 -> archive/mech/room-pack-v1
gateway-web	Run actions/checkout@v4	2026-10-07T01:44:58.6318061Z  * [new tag]         archive/mech/wave1-closeout-repair -> archive/mech/wave1-closeout-repair
gateway-web	Run actions/checkout@v4	2026-10-07T01:44:58.6318848Z  * [new tag]         archive/mech/wave3-road-activation -> archive/mech/wave3-road-activation
gateway-web	Run actions/checkout@v4	2026-10-07T01:44:58.6319333Z  * [new tag]         archive/mech/web-i18n-v1  -> archive/mech/web-i18n-v1
gateway-web	Run actions/checkout@v4	2026-10-07T01:44:58.6319888Z  * [new tag]         archive/merge/butler-assistant-integration -> archive/merge/butler-assistant-integration
gateway-web	Run actions/checkout@v4	2026-10-07T01:44:58.6320614Z  * [new tag]         archive/merge/engineering-manager-integration -> archive/merge/engineering-manager-integration
gateway-web	Run actions/checkout@v4	2026-10-07T01:44:58.6321351Z  * [new tag]         archive/merge/general-ai-gateway-integration -> archive/merge/general-ai-gateway-integration
gateway-web	Run actions/checkout@v4	2026-10-07T01:44:58.6322026Z  * [new tag]         archive/merge/remote-fabric-integration -> archive/merge/remote-fabric-integration
gateway-web	Run actions/checkout@v4	2026-10-07T01:44:58.6322584Z  * [new tag]         archive/mission/MB-001-core-os -> archive/mission/MB-001-core-os
gateway-web	Run actions/checkout@v4	2026-10-07T01:44:58.6323144Z  * [new tag]         archive/mission/MB-002-capability-fabric -> archive/mission/MB-002-capability-fabric
gateway-web	Run actions/checkout@v4	2026-10-07T01:44:58.6323760Z  * [new tag]         archive/mission/MB-003-worker-gateway -> archive/mission/MB-003-worker-gateway
gateway-web	Run actions/checkout@v4	2026-10-07T01:44:58.6324354Z  * [new tag]         archive/mission/MB-004-project-foreman -> archive/mission/MB-004-project-foreman
gateway-web	Run actions/checkout@v4	2026-10-07T01:44:58.6324917Z  * [new tag]         archive/mission/MB-005-host-health -> archive/mission/MB-005-host-health
gateway-web	Run actions/checkout@v4	2026-10-07T01:44:58.6325506Z  * [new tag]         archive/mission/MB-006-restart-recovery -> archive/mission/MB-006-restart-recovery
gateway-web	Run actions/checkout@v4	2026-10-07T01:44:58.6326136Z  * [new tag]         archive/mission/MB-007-research-institute -> archive/mission/MB-007-research-institute
gateway-web	Run actions/checkout@v4	2026-10-07T01:44:58.6326731Z  * [new tag]         archive/mission/MB-008-computer-use -> archive/mission/MB-008-computer-use
gateway-web	Run actions/checkout@v4	2026-10-07T01:44:58.6327304Z  * [new tag]         archive/mission/MB-009-theme-relocation -> archive/mission/MB-009-theme-relocation
gateway-web	Run actions/checkout@v4	2026-10-07T01:44:58.6327871Z  * [new tag]         archive/mission/MB-010-node-fabric -> archive/mission/MB-010-node-fabric
gateway-web	Run actions/checkout@v4	2026-10-07T01:44:58.6328374Z  * [new tag]         archive/mission/MB-011-customs -> archive/mission/MB-011-customs
gateway-web	Run actions/checkout@v4	2026-10-07T01:44:58.6329069Z  * [new tag]         archive/mission/MB-012-runtime-compliance -> archive/mission/MB-012-runtime-compliance
gateway-web	Run actions/checkout@v4	2026-10-07T01:44:58.6329751Z  * [new tag]         archive/product/upt-pre-assistant-closeout -> archive/product/upt-pre-assistant-closeout
gateway-web	Run actions/checkout@v4	2026-10-07T01:44:58.6330459Z  * [new tag]         archive/repair/MB-007-owner-override-finalize -> archive/repair/MB-007-owner-override-finalize
gateway-web	Run actions/checkout@v4	2026-10-07T01:44:58.6331062Z  * [new tag]         utopia-donor-wave1-closed-v1 -> utopia-donor-wave1-closed-v1
gateway-web	Run actions/checkout@v4	2026-10-07T01:44:58.6331504Z  * [new tag]         utopia-v0.3-hardening     -> utopia-v0.3-hardening
gateway-web	Run actions/checkout@v4	2026-10-07T01:44:58.6331876Z  * [new tag]         utopia-wave3              -> utopia-wave3
gateway-web	Run actions/checkout@v4	2026-10-07T01:44:58.6332219Z  * [new tag]         v0.1.0-product            -> v0.1.0-product
gateway-web	Run actions/checkout@v4	2026-10-07T01:44:58.6332666Z  * [new tag]         v0.2.0-device-center-connectivity -> v0.2.0-device-center-connectivity
gateway-web	Run actions/checkout@v4	2026-10-07T01:44:58.6333978Z [command]"C:\Program Files\Git\bin\git.exe" branch --list --remote origin/pcf/full-flow-alien-pending-verification-20261007
gateway-web	Run actions/checkout@v4	2026-10-07T01:44:58.6678297Z   origin/pcf/full-flow-alien-pending-verification-20261007
gateway-web	Run actions/checkout@v4	2026-10-07T01:44:58.6727924Z [command]"C:\Program Files\Git\bin\git.exe" rev-parse refs/remotes/origin/pcf/full-flow-alien-pending-verification-20261007
gateway-web	Run actions/checkout@v4	2026-10-07T01:44:58.7004558Z 998440c7772cc032d012b457c2a59cd1059826c0
gateway-web	Run actions/checkout@v4	2026-10-07T01:44:58.7044614Z ##[endgroup]
gateway-web	Run actions/checkout@v4	2026-10-07T01:44:58.7045065Z ##[group]Determining the checkout info
gateway-web	Run actions/checkout@v4	2026-10-07T01:44:58.7046741Z ##[endgroup]
gateway-web	Run actions/checkout@v4	2026-10-07T01:44:58.7056861Z [command]"C:\Program Files\Git\bin\git.exe" sparse-checkout disable
gateway-web	Run actions/checkout@v4	2026-10-07T01:44:58.7542060Z [command]"C:\Program Files\Git\bin\git.exe" config --local --unset-all extensions.worktreeConfig
gateway-web	Run actions/checkout@v4	2026-10-07T01:44:58.7878312Z ##[group]Checking out the ref
gateway-web	Run actions/checkout@v4	2026-10-07T01:44:58.7889855Z [command]"C:\Program Files\Git\bin\git.exe" checkout --progress --force -B pcf/full-flow-alien-pending-verification-20261007 refs/remotes/origin/pcf/full-flow-alien-pending-verification-20261007
gateway-web	Run actions/checkout@v4	2026-10-07T01:44:59.4559315Z Switched to a new branch 'pcf/full-flow-alien-pending-verification-20261007'
gateway-web	Run actions/checkout@v4	2026-10-07T01:44:59.4633627Z branch 'pcf/full-flow-alien-pending-verification-20261007' set up to track 'origin/pcf/full-flow-alien-pending-verification-20261007'.
gateway-web	Run actions/checkout@v4	2026-10-07T01:44:59.4705950Z ##[endgroup]
gateway-web	Run actions/checkout@v4	2026-10-07T01:44:59.5164204Z [command]"C:\Program Files\Git\bin\git.exe" log -1 --format=%H
gateway-web	Run actions/checkout@v4	2026-10-07T01:44:59.5458089Z 998440c7772cc032d012b457c2a59cd1059826c0
gateway-web	Run actions/setup-node@v4	﻿2026-10-07T01:44:59.5959025Z ##[group]Run actions/setup-node@v4
gateway-web	Run actions/setup-node@v4	2026-10-07T01:44:59.5959372Z with:
gateway-web	Run actions/setup-node@v4	2026-10-07T01:44:59.5959553Z   node-version: 24
gateway-web	Run actions/setup-node@v4	2026-10-07T01:44:59.5959770Z   always-auth: false
gateway-web	Run actions/setup-node@v4	2026-10-07T01:44:59.5959963Z   check-latest: false
gateway-web	Run actions/setup-node@v4	2026-10-07T01:44:59.5962453Z   token: ***
gateway-web	Run actions/setup-node@v4	2026-10-07T01:44:59.5962643Z ##[endgroup]
gateway-web	Run actions/setup-node@v4	2026-10-07T01:44:59.8280791Z Found in cache @ C:\hostedtoolcache\windows\node\24.21.0\x64
gateway-web	Run actions/setup-node@v4	2026-10-07T01:44:59.8288456Z (node:5436) [DEP0040] DeprecationWarning: The `punycode` module is deprecated. Please use a userland alternative instead.
gateway-web	Run actions/setup-node@v4	2026-10-07T01:44:59.8289266Z (Use `node --trace-deprecation ...` to show where the warning was created)
gateway-web	Run actions/setup-node@v4	2026-10-07T01:44:59.8292924Z ##[group]Environment details
gateway-web	Run actions/setup-node@v4	2026-10-07T01:45:05.1421934Z node: v24.21.0
gateway-web	Run actions/setup-node@v4	2026-10-07T01:45:05.1422404Z npm: 11.19.0
gateway-web	Run actions/setup-node@v4	2026-10-07T01:45:05.1423123Z yarn: 1.22.22
gateway-web	Run actions/setup-node@v4	2026-10-07T01:45:05.1424626Z ##[endgroup]
gateway-web	Run pnpm/action-setup@v4	﻿2026-10-07T01:45:05.1766862Z ##[group]Run pnpm/action-setup@v4
gateway-web	Run pnpm/action-setup@v4	2026-10-07T01:45:05.1767212Z with:
gateway-web	Run pnpm/action-setup@v4	2026-10-07T01:45:05.1767385Z   version: 11.19.0
gateway-web	Run pnpm/action-setup@v4	2026-10-07T01:45:05.1767570Z   dest: ~/setup-pnpm
gateway-web	Run pnpm/action-setup@v4	2026-10-07T01:45:05.1767765Z   run_install: null
gateway-web	Run pnpm/action-setup@v4	2026-10-07T01:45:05.1767939Z   cache: false
gateway-web	Run pnpm/action-setup@v4	2026-10-07T01:45:05.1768130Z   cache_dependency_path: pnpm-lock.yaml
gateway-web	Run pnpm/action-setup@v4	2026-10-07T01:45:05.1768400Z   package_json_file: package.json
gateway-web	Run pnpm/action-setup@v4	2026-10-07T01:45:05.1768635Z   standalone: false
gateway-web	Run pnpm/action-setup@v4	2026-10-07T01:45:05.1768816Z ##[endgroup]
gateway-web	Run pnpm/action-setup@v4	2026-10-07T01:45:05.3819048Z ##[group]Running self-installer...
gateway-web	Run pnpm/action-setup@v4	2026-10-07T01:45:05.8698407Z (node:9800) [DEP0169] DeprecationWarning: `url.parse()` behavior is not standardized and prone to errors that have security implications. Use the WHATWG URL API instead. CVEs are not issued for `url.parse()` vulnerabilities.
gateway-web	Run pnpm/action-setup@v4	2026-10-07T01:45:05.8700447Z (Use `node --trace-deprecation ...` to show where the warning was created)
gateway-web	Run pnpm/action-setup@v4	2026-10-07T01:45:06.1343343Z Progress: resolved 1, reused 0, downloaded 0, added 0
gateway-web	Run pnpm/action-setup@v4	2026-10-07T01:45:06.1488852Z Packages: +1
gateway-web	Run pnpm/action-setup@v4	2026-10-07T01:45:06.1489594Z +
gateway-web	Run pnpm/action-setup@v4	2026-10-07T01:45:07.7396709Z Progress: resolved 1, reused 0, downloaded 1, added 0
gateway-web	Run pnpm/action-setup@v4	2026-10-07T01:45:08.3475602Z Progress: resolved 1, reused 0, downloaded 1, added 1, done
gateway-web	Run pnpm/action-setup@v4	2026-10-07T01:45:08.4333016Z 
gateway-web	Run pnpm/action-setup@v4	2026-10-07T01:45:08.4333935Z dependencies:
gateway-web	Run pnpm/action-setup@v4	2026-10-07T01:45:08.4334429Z + pnpm 11.19.0 (12.9.1 is available)
gateway-web	Run pnpm/action-setup@v4	2026-10-07T01:45:08.4334743Z 
gateway-web	Run pnpm/action-setup@v4	2026-10-07T01:45:08.4495769Z Done in 2.8s
gateway-web	Run pnpm/action-setup@v4	2026-10-07T01:45:08.4743459Z ##[endgroup]
gateway-web	Run pnpm/action-setup@v4	2026-10-07T01:45:08.4744127Z Installation Completed!
gateway-web	Run pnpm install --frozen-lockfile	﻿2026-10-07T01:45:08.5081360Z ##[group]Run pnpm install --frozen-lockfile
gateway-web	Run pnpm install --frozen-lockfile	2026-10-07T01:45:08.5082013Z ^[[36;1mpnpm install --frozen-lockfile^[[0m
gateway-web	Run pnpm install --frozen-lockfile	2026-10-07T01:45:08.8403805Z shell: C:\Program Files\PowerShell\7\pwsh.EXE -command ". '{0}'"
gateway-web	Run pnpm install --frozen-lockfile	2026-10-07T01:45:08.8404960Z env:
gateway-web	Run pnpm install --frozen-lockfile	2026-10-07T01:45:08.8405308Z   PNPM_HOME: C:\Users\runneradmin\setup-pnpm\node_modules\.bin
gateway-web	Run pnpm install --frozen-lockfile	2026-10-07T01:45:08.8405929Z ##[endgroup]
gateway-web	Run pnpm install --frozen-lockfile	2026-10-07T01:45:10.7285679Z ? Verifying lockfile against supply-chain policies (39 entries)...
gateway-web	Run pnpm install --frozen-lockfile	2026-10-07T01:45:10.7364271Z Lockfile is up to date, resolution step is skipped
gateway-web	Run pnpm install --frozen-lockfile	2026-10-07T01:45:10.9637049Z Progress: resolved 1, reused 0, downloaded 0, added 0
gateway-web	Run pnpm install --frozen-lockfile	2026-10-07T01:45:10.9780723Z Packages: +38
gateway-web	Run pnpm install --frozen-lockfile	2026-10-07T01:45:10.9782745Z ++++++++++++++++++++++++++++++++++++++
gateway-web	Run pnpm install --frozen-lockfile	2026-10-07T01:45:11.6166606Z Packages are hard linked from the content-addressable store to the virtual store.
gateway-web	Run pnpm install --frozen-lockfile	2026-10-07T01:45:11.6169911Z   Content-addressable store is at: D:\.pnpm-store\v11
gateway-web	Run pnpm install --frozen-lockfile	2026-10-07T01:45:11.6170622Z   Virtual store is at:             node_modules/.pnpm
gateway-web	Run pnpm install --frozen-lockfile	2026-10-07T01:45:11.8344296Z Progress: resolved 38, reused 0, downloaded 38, added 38, done
gateway-web	Run pnpm install --frozen-lockfile	2026-10-07T01:45:11.8622397Z ✓ Lockfile passes supply-chain policies (39 entries in 1.1s)
gateway-web	Run pnpm install --frozen-lockfile	2026-10-07T01:45:11.9033141Z 
gateway-web	Run pnpm install --frozen-lockfile	2026-10-07T01:45:11.9033687Z dependencies:
gateway-web	Run pnpm install --frozen-lockfile	2026-10-07T01:45:11.9033987Z + bonjour-service 1.4.4
gateway-web	Run pnpm install --frozen-lockfile	2026-10-07T01:45:11.9034223Z + qrcode 1.5.4
gateway-web	Run pnpm install --frozen-lockfile	2026-10-07T01:45:11.9034416Z + ws 8.18.3
gateway-web	Run pnpm install --frozen-lockfile	2026-10-07T01:45:11.9034523Z 
gateway-web	Run pnpm install --frozen-lockfile	2026-10-07T01:45:11.9034605Z devDependencies:
gateway-web	Run pnpm install --frozen-lockfile	2026-10-07T01:45:11.9035169Z + playwright 1.55.1
gateway-web	Run pnpm install --frozen-lockfile	2026-10-07T01:45:11.9035378Z 
gateway-web	Run pnpm install --frozen-lockfile	2026-10-07T01:45:11.9196005Z Done in 2.5s using pnpm v11.19.0
gateway-web	Run pnpm --dir city install --frozen-lockfile	﻿2026-10-07T01:45:12.1402111Z ##[group]Run pnpm --dir city install --frozen-lockfile
gateway-web	Run pnpm --dir city install --frozen-lockfile	2026-10-07T01:45:12.1402597Z ^[[36;1mpnpm --dir city install --frozen-lockfile^[[0m
gateway-web	Run pnpm --dir city install --frozen-lockfile	2026-10-07T01:45:12.1476977Z shell: C:\Program Files\PowerShell\7\pwsh.EXE -command ". '{0}'"
gateway-web	Run pnpm --dir city install --frozen-lockfile	2026-10-07T01:45:12.1477354Z env:
gateway-web	Run pnpm --dir city install --frozen-lockfile	2026-10-07T01:45:12.1477610Z   PNPM_HOME: C:\Users\runneradmin\setup-pnpm\node_modules\.bin
gateway-web	Run pnpm --dir city install --frozen-lockfile	2026-10-07T01:45:12.1477928Z ##[endgroup]
gateway-web	Run pnpm --dir city install --frozen-lockfile	2026-10-07T01:45:13.0313362Z ? Verifying lockfile against supply-chain policies (41 entries)...
gateway-web	Run pnpm --dir city install --frozen-lockfile	2026-10-07T01:45:13.0380695Z Lockfile is up to date, resolution step is skipped
gateway-web	Run pnpm --dir city install --frozen-lockfile	2026-10-07T01:45:13.1233726Z Progress: resolved 1, reused 0, downloaded 0, added 0
gateway-web	Run pnpm --dir city install --frozen-lockfile	2026-10-07T01:45:13.1434605Z Packages: +31
gateway-web	Run pnpm --dir city install --frozen-lockfile	2026-10-07T01:45:13.1469225Z +++++++++++++++++++++++++++++++
gateway-web	Run pnpm --dir city install --frozen-lockfile	2026-10-07T01:45:13.7933876Z ✓ Lockfile passes supply-chain policies (41 entries in 760ms)
gateway-web	Run pnpm --dir city install --frozen-lockfile	2026-10-07T01:45:13.8604192Z Packages are hard linked from the content-addressable store to the virtual store.
gateway-web	Run pnpm --dir city install --frozen-lockfile	2026-10-07T01:45:13.8605472Z   Content-addressable store is at: D:\.pnpm-store\v11
gateway-web	Run pnpm --dir city install --frozen-lockfile	2026-10-07T01:45:13.8606408Z   Virtual store is at:             node_modules/.pnpm
gateway-web	Run pnpm --dir city install --frozen-lockfile	2026-10-07T01:45:14.1249193Z Progress: resolved 31, reused 0, downloaded 30, added 30
gateway-web	Run pnpm --dir city install --frozen-lockfile	2026-10-07T01:45:14.2051136Z Progress: resolved 31, reused 0, downloaded 31, added 31, done
gateway-web	Run pnpm --dir city install --frozen-lockfile	2026-10-07T01:45:14.2556072Z 
gateway-web	Run pnpm --dir city install --frozen-lockfile	2026-10-07T01:45:14.2556627Z dependencies:
gateway-web	Run pnpm --dir city install --frozen-lockfile	2026-10-07T01:45:14.2556980Z + fflate 0.8.3
gateway-web	Run pnpm --dir city install --frozen-lockfile	2026-10-07T01:45:14.2557276Z + mammoth 1.12.2
gateway-web	Run pnpm --dir city install --frozen-lockfile	2026-10-07T01:45:14.2557495Z + pdfjs-dist 6.3.289
gateway-web	Run pnpm --dir city install --frozen-lockfile	2026-10-07T01:45:14.2557696Z + yaml 2.9.0
gateway-web	Run pnpm --dir city install --frozen-lockfile	2026-10-07T01:45:14.2557806Z 
gateway-web	Run pnpm --dir city install --frozen-lockfile	2026-10-07T01:45:14.2725251Z Done in 1.7s using pnpm v11.19.0
gateway-web	Run pnpm test	﻿2026-10-07T01:45:14.4339890Z ##[group]Run pnpm test
gateway-web	Run pnpm test	2026-10-07T01:45:14.4340227Z ^[[36;1mpnpm test^[[0m
gateway-web	Run pnpm test	2026-10-07T01:45:14.4413581Z shell: C:\Program Files\PowerShell\7\pwsh.EXE -command ". '{0}'"
gateway-web	Run pnpm test	2026-10-07T01:45:14.4414079Z env:
gateway-web	Run pnpm test	2026-10-07T01:45:14.4414401Z   PNPM_HOME: C:\Users\runneradmin\setup-pnpm\node_modules\.bin
gateway-web	Run pnpm test	2026-10-07T01:45:14.4414732Z ##[endgroup]
gateway-web	Run pnpm test	2026-10-07T01:45:15.3165399Z $ node --test tests/*.test.mjs
gateway-web	Run pnpm test	2026-10-07T01:45:15.5699832Z ✔ UXI-301 android: the Kotlin term table equals the contract EXACTLY, in both directions (8.1731ms)
gateway-web	Run pnpm test	2026-10-07T01:45:15.5704110Z ✔ UXI-301 android: the Kotlin state and action tables equal the contract (0.6528ms)
gateway-web	Run pnpm test	2026-10-07T01:45:15.5708334Z ✔ UXI-301 android: Kotlin severity agrees with the contract class wherever the class carries meaning (0.4669ms)
gateway-web	Run pnpm test	2026-10-07T01:45:15.5778722Z ✔ UXI-301 android: the parity guard would actually fail on drift (0.4139ms)
gateway-web	Run pnpm test	2026-10-07T01:45:15.5782581Z ✔ UXI-390: Android action wiring equals the web surface wiring map (1.0738ms)
gateway-web	Run pnpm test	2026-10-07T01:45:15.5916160Z ✔ Android UI evidence parser preserves single-quoted JSON and double-quoted attributes (8.0576ms)
gateway-web	Run pnpm test	2026-10-07T01:45:15.6157260Z ✔ a committed record from one embodiment is visible to another embodiment of the same assistant (5.897ms)
gateway-web	Run pnpm test	2026-10-07T01:45:15.6162026Z ✔ two embodiments keep different local context while sharing one authoritative identity (2.0326ms)
gateway-web	Run pnpm test	2026-10-07T01:45:15.6164183Z ✔ disconnecting one embodiment does not terminate the assistant while another remains (1.0292ms)
gateway-web	Run pnpm test	2026-10-07T01:45:15.6180418Z ✔ embodiment-local transient state never leaks into shared state unless promoted (2.3461ms)
gateway-web	Run pnpm test	2026-10-07T01:45:15.6182342Z ✔ concurrent promotion attempts are settled by revision checks, not last-writer-wins (1.0325ms)
gateway-web	Run pnpm test	2026-10-07T01:45:15.6186870Z ✔ promotion is idempotent and rejects key reuse with a different payload (0.8941ms)
gateway-web	Run pnpm test	2026-10-07T01:45:15.6195757Z ✔ authoritative state never holds user identity, authority or raw secrets (1.3422ms)
gateway-web	Run pnpm test	2026-10-07T01:45:15.6198259Z ✔ disclosure is limited by audience and requested scopes (1.3152ms)
gateway-web	Run pnpm test	2026-10-07T01:45:15.6208348Z ✔ recovery keeps the logical assistant and its durable records across a restart (1.2558ms)
gateway-web	Run pnpm test	2026-10-07T01:45:15.6210629Z ✔ a process restart refuses old sessions and stale local scratch as authority (1.6751ms)
gateway-web	Run pnpm test	2026-10-07T01:45:15.6228444Z ✔ in-process recovery expires live sessions until the device re-fetches authority (1.7022ms)
gateway-web	Run pnpm test	2026-10-07T01:45:15.6241573Z ✔ one expired embodiment does not disturb the other embodiments of the same assistant (0.6969ms)
gateway-web	Run pnpm test	2026-10-07T01:45:15.6261233Z ✔ the assistant profile port is a versioned seam with a deterministic double (0.937ms)
gateway-web	Run pnpm test	2026-10-07T01:45:15.6274890Z ✔ core contract flags state the one-identity-many-projections invariant (0.3902ms)
gateway-web	Run pnpm test	2026-10-07T01:45:15.6276329Z ✔ authority and user-identity state cannot be promoted under a different spelling (0.8207ms)
gateway-web	Run pnpm test	2026-10-07T01:45:15.6277783Z ✔ a raw secret cannot be promoted under a plural or camelCase spelling (0.4704ms)
gateway-web	Run pnpm test	2026-10-07T01:45:15.6279118Z ✔ an embodiment reference from a previous epoch never names a live embodiment (0.6984ms)
gateway-web	Run pnpm test	2026-10-07T01:45:15.6281104Z ✔ a tampered snapshot cannot install authority, a secret, an unpromotable scope or an unknown audience as truth (2.0238ms)
gateway-web	Run pnpm test	2026-10-07T01:45:15.6282687Z ✔ a retry carrying a different payload is refused, not silently replayed (0.5181ms)
gateway-web	Run pnpm test	2026-10-07T01:45:15.7032337Z ✔ two assistants hold different duties and proactivity over one authorized user context (7.2057ms)
gateway-web	Run pnpm test	2026-10-07T01:45:15.7048361Z ✔ out-of-duty requests are refused or delegated without changing permissions (1.3679ms)
gateway-web	Run pnpm test	2026-10-07T01:45:15.7080435Z ✔ effective permission is the four-axis intersection and a lease never substitutes for it (2.7892ms)
gateway-web	Run pnpm test	2026-10-07T01:45:15.7082021Z ✔ a handoff to a less-privileged assistant stays less privileged (1.0223ms)
gateway-web	Run pnpm test	2026-10-07T01:45:15.7083424Z ✔ permission is recomputed after handoff, device change, reconnect and capability change (1.3208ms)
gateway-web	Run pnpm test	2026-10-07T01:45:15.7084786Z ✔ proactivity levels bound initiative and notification audiences (1.1062ms)
gateway-web	Run pnpm test	2026-10-07T01:45:15.7102822Z ✔ the policy engine is strict, frozen, observable and independent (1.882ms)
gateway-web	Run pnpm test	2026-10-07T01:45:15.7104011Z ✔ the deployment policy is validated and its ceiling cannot be removed (0.5104ms)
gateway-web	Run pnpm test	2026-10-07T01:45:15.7105209Z ✔ the confirmation floor comes from the deployment policy, not from the assistant (0.7151ms)
gateway-web	Run pnpm test	2026-10-07T01:45:15.7106451Z ✔ notification audiences are a list of references, not a substring match (0.7335ms)
gateway-web	Run pnpm test	2026-10-07T01:45:15.7110975Z ✔ a handoff payload cannot carry authority whatever its shape (1.6098ms)
gateway-web	Run pnpm test	2026-10-07T01:45:15.7118252Z ✔ the assistant axis is the registry own duty policy and the Core axes say so (0.7755ms)
gateway-web	Run pnpm test	2026-10-07T01:45:15.7119564Z ✔ an uninterpretable instant is refused rather than recorded (0.6664ms)
gateway-web	Run pnpm test	2026-10-07T01:45:15.7120665Z ✔ the duty gate is about the action, and a named duty only narrows it (0.6658ms)
gateway-web	Run pnpm test	2026-10-07T01:45:15.7121911Z ✔ a handoff carries the capability factor and reports relative privilege honestly (0.4896ms)
gateway-web	Run pnpm test	2026-10-07T01:45:15.7126184Z ✔ a lease must be unexpired and held here to count as execution safety (0.7321ms)
gateway-web	Run pnpm test	2026-10-07T01:45:15.7128290Z ✔ a recomputation supersedes the decisions it replaces, and ids are registry scoped (1.0063ms)
gateway-web	Run pnpm test	2026-10-07T01:45:15.7363487Z ✔ embodiment events are the canonical Assistant model and transport stays non-canonical (6.901ms)
gateway-web	Run pnpm test	2026-10-07T01:45:15.7371399Z ✔ contradictory commands from two devices cannot produce two exclusive side effects (4.3502ms)
gateway-web	Run pnpm test	2026-10-07T01:45:15.7399586Z ✔ retries and replays with the same action key never duplicate the external side effect (1.7148ms)
gateway-web	Run pnpm test	2026-10-07T01:45:15.7401912Z ✔ lease expiry, revocation and reassignment are authoritative and observable (9.5917ms)
gateway-web	Run pnpm test	2026-10-07T01:45:15.7407760Z ✔ after a disconnect nothing resumes on a stale local lease (4.8622ms)
gateway-web	Run pnpm test	2026-10-07T01:45:15.7420806Z ✔ output routing respects availability, foreground and privacy without broadcasting (1.4169ms)
gateway-web	Run pnpm test	2026-10-07T01:45:15.7455189Z ✔ the bus is strict, frozen and free of ambient state (1.2147ms)
gateway-web	Run pnpm test	2026-10-07T01:45:15.7457021Z ✔ the canonical contract allow-list is decided by own keys (0.4725ms)
gateway-web	Run pnpm test	2026-10-07T01:45:15.7458340Z ✔ a caller instant must be real, not merely well shaped (0.7589ms)
gateway-web	Run pnpm test	2026-10-07T01:45:15.7459548Z ✔ the bus policy bounds are validated rather than trusted (1.058ms)
gateway-web	Run pnpm test	2026-10-07T01:45:15.7460922Z ✔ a reconnecting device never revives a lease another holder has taken over (0.8611ms)
gateway-web	Run pnpm test	2026-10-07T01:45:15.7462443Z ✔ an action key stays the same action across renewal and reassignment (0.5739ms)
gateway-web	Run pnpm test	2026-10-07T01:45:15.7463808Z ✔ renewal retires the previous lease reference instead of aliasing it (0.8607ms)
gateway-web	Run pnpm test	2026-10-07T01:45:15.7465283Z ✔ authority is never anonymous: acting on a lease needs the holder it names (0.7001ms)
gateway-web	Run pnpm test	2026-10-07T01:45:15.7481746Z ✔ an expired lease cannot be revived with a backdated instant (1.1742ms)
gateway-web	Run pnpm test	2026-10-07T01:45:15.7487089Z ✔ reconciliation requires an authoritative lease inventory (0.9424ms)
gateway-web	Run pnpm test	2026-10-07T01:45:15.7494892Z ✔ routing never delivers to a device the bus knows is disconnected (0.4766ms)
gateway-web	Run pnpm test	2026-10-07T01:45:15.7496269Z ✔ staleness and replay absorption do not depend on an optional command reference (0.7808ms)
gateway-web	Run pnpm test	2026-10-07T01:45:15.7497631Z ✔ a refused reconciliation grants no authority (0.7954ms)
gateway-web	Run pnpm test	2026-10-07T01:45:15.7499070Z ✔ the canonical event carries the declared identity and transport correlation (0.5302ms)
gateway-web	Run pnpm test	2026-10-07T01:45:15.7500388Z ✔ an envelope field is validated and used exactly once (0.4434ms)
gateway-web	Run pnpm test	2026-10-07T01:45:15.7501815Z ✔ exclusivity is a boolean grant, not a truthy flag (0.6073ms)
gateway-web	Run pnpm test	2026-10-07T01:45:15.7503018Z ✔ an instant helper that guards decisions is not shape-only (0.2393ms)
gateway-web	Run pnpm test	2026-10-07T01:45:15.8148270Z ✔ an embodiment descriptor references Remote Fabric identity and never mints its own (8.8678ms)
gateway-web	Run pnpm test	2026-10-07T01:45:15.8206418Z ✔ a device without cross-device identity is representable, and says so (0.7456ms)
gateway-web	Run pnpm test	2026-10-07T01:45:15.8213576Z ✔ descriptor vocabularies are closed and unknown values are refused (1.7921ms)
gateway-web	Run pnpm test	2026-10-07T01:45:15.8222849Z ✔ one logical assistant inhabits PC and Android at the same time (1.787ms)
gateway-web	Run pnpm test	2026-10-07T01:45:15.8240940Z ✔ a device refuses a second simultaneous foreground assistant (1.8137ms)
gateway-web	Run pnpm test	2026-10-07T01:45:15.8290498Z ✔ detaching the foreground assistant releases the binding (0.7369ms)
gateway-web	Run pnpm test	2026-10-07T01:45:15.8330221Z ✔ foreground A->B switches cleanly and releases the outgoing local context (1.5445ms)
gateway-web	Run pnpm test	2026-10-07T01:45:15.8333918Z ✔ a stale foreground view cannot take the device over (0.9348ms)
gateway-web	Run pnpm test	2026-10-07T01:45:15.8339952Z ✔ a foreground switch leaves an unrelated background task owned, executing and uncancelled (19.32ms)
gateway-web	Run pnpm test	2026-10-07T01:45:15.8357263Z ✔ device-local context stays per-device and never becomes authoritative (1.6949ms)
gateway-web	Run pnpm test	2026-10-07T01:45:15.8362651Z ✔ binding reconstructs from authoritative state after a restart (3.0825ms)
gateway-web	Run pnpm test	2026-10-07T01:45:15.8364228Z ✔ a reconnecting device is refused when its local belief disagrees with authority (1.1651ms)
gateway-web	Run pnpm test	2026-10-07T01:45:15.8366115Z ✔ one assistant on many devices keeps each device independent (0.5346ms)
gateway-web	Run pnpm test	2026-10-07T01:45:15.8368910Z ✔ duplicate device identity and unknown embodiments are refused (1.3179ms)
gateway-web	Run pnpm test	2026-10-07T01:45:15.8371968Z ✔ undeclared keys inherited from Object.prototype are refused, and a prototype key never is a descriptor field (1.7984ms)
gateway-web	Run pnpm test	2026-10-07T01:45:15.8380773Z ✔ a competing physical-device identity is refused in every spelling (3.7138ms)
gateway-web	Run pnpm test	2026-10-07T01:45:15.8382718Z ✔ a foreground binding reference is never re-issued across a restart (2.9339ms)
gateway-web	Run pnpm test	2026-10-07T01:45:15.8384392Z ✔ a physical device cannot be claimed twice, including by refreshing an unidentified embodiment (0.9553ms)
gateway-web	Run pnpm test	2026-10-07T01:45:15.8389438Z ✔ the single-foreground invariant is derived from physical device identity (0.985ms)
gateway-web	Run pnpm test	2026-10-07T01:45:15.8391040Z ✔ a restored binding keeps its recovery provenance on every later read (0.7287ms)
gateway-web	Run pnpm test	2026-10-07T01:45:15.8392590Z ✔ the foreground compare-and-set token is the binding reference, not the assistant (0.6678ms)
gateway-web	Run pnpm test	2026-10-07T01:45:15.8394204Z ✔ re-attaching with a different session is a session change, not an idempotent repeat (0.5416ms)
gateway-web	Run pnpm test	2026-10-07T01:45:15.8709954Z ✔ switching the foreground assistant touches no task (4.4729ms)
gateway-web	Run pnpm test	2026-10-07T01:45:15.8727527Z ✔ a handoff carries responsibility and never authority (3.3469ms)
gateway-web	Run pnpm test	2026-10-07T01:45:15.8737788Z ✔ a true transfer needs acceptance and leaves exactly one authoritative owner (3.2164ms)
gateway-web	Run pnpm test	2026-10-07T01:45:15.8749810Z ✔ an explicit executor move is carried by the handoff and recorded separately (0.856ms)
gateway-web	Run pnpm test	2026-10-07T01:45:15.8751420Z ✔ a rejected or expired handoff leaves the authoritative owner unchanged (1.2778ms)
gateway-web	Run pnpm test	2026-10-07T01:45:15.8754497Z ✔ a consultation transfers nothing even when accepted (0.7988ms)
gateway-web	Run pnpm test	2026-10-07T01:45:15.8768022Z ✔ the handoff package is strict, idempotent and refuses terminal or foreign tasks (2.3125ms)
gateway-web	Run pnpm test	2026-10-07T01:45:15.8774196Z ✔ unknown fields are refused even when named after Object.prototype members (1.7391ms)
gateway-web	Run pnpm test	2026-10-07T01:45:15.8784365Z ✔ a non-enumerable own authority field cannot evade the authority scan (3.5152ms)
gateway-web	Run pnpm test	2026-10-07T01:45:15.8791018Z ✔ a stale concurrent handoff cannot take ownership from a new owner (1.3926ms)
gateway-web	Run pnpm test	2026-10-07T01:45:15.8804381Z ✔ recipient authority is recomputed at takeover, not reused from proposal time (0.6579ms)
gateway-web	Run pnpm test	2026-10-07T01:45:15.8817275Z ✔ a policy lookup is own-key only, never through the prototype chain (1.182ms)
gateway-web	Run pnpm test	2026-10-07T01:45:15.8821664Z ✔ a re-proposal under a live id is only a duplicate when it says the same thing (1.7086ms)
gateway-web	Run pnpm test	2026-10-07T01:45:15.8847733Z ✔ transition timestamps must be real instants at or after the proposal (0.8007ms)
gateway-web	Run pnpm test	2026-10-07T01:45:15.8861736Z ✔ a cyclic or over-deep handoff is refused, never a stack overflow (0.943ms)
gateway-web	Run pnpm test	2026-10-07T01:45:15.8881401Z ✔ a calendar-impossible instant is refused, not merely shape-checked (0.3406ms)
gateway-web	Run pnpm test	2026-10-07T01:45:15.8884009Z ✔ the switch report does not invent the outgoing assistant's presence (0.5936ms)
gateway-web	Run pnpm test	2026-10-07T01:45:15.8889057Z ✔ a refusal that cannot be explained is not half-applied (0.5686ms)
gateway-web	Run pnpm test	2026-10-07T01:45:15.8907756Z ✔ a transfer must declare the capabilities the recipient is judged against (0.5789ms)
gateway-web	Run pnpm test	2026-10-07T01:45:15.8910587Z ✔ the task store double does not leak or alias canonical state (0.2607ms)
gateway-web	Run pnpm test	2026-10-07T01:45:15.8922020Z ✔ a versioned task refuses a handoff built against another version (0.7568ms)
gateway-web	Run pnpm test	2026-10-07T01:45:15.9151891Z ✔ assistants are listed and selected, with the five identity roles kept distinct (7.4061ms)
gateway-web	Run pnpm test	2026-10-07T01:45:15.9153921Z ✔ profile changes propagate as committed shared state and never touch Digital-Me or tasks (3.5939ms)
gateway-web	Run pnpm test	2026-10-07T01:45:15.9155864Z ✔ foreground switching is a UI operation that transfers nothing (3.0636ms)
gateway-web	Run pnpm test	2026-10-07T01:45:15.9157193Z ✔ stale, offline and reconnecting embodiments are surfaced and never shown as authority (1.7207ms)
gateway-web	Run pnpm test	2026-10-07T01:45:15.9158610Z ✔ reserved voice/avatar adapters exist as adapters without being required now (1.9116ms)
gateway-web	Run pnpm test	2026-10-07T01:45:15.9159980Z ✔ the surface is strict, frozen and independent of ambient state (2.5109ms)
gateway-web	Run pnpm test	2026-10-07T01:45:15.9170527Z ✔ an editable field carries the kind of value its name promises (1.2687ms)
gateway-web	Run pnpm test	2026-10-07T01:45:15.9200169Z ✔ a change the surface cannot read is refused rather than dropped (0.8456ms)
gateway-web	Run pnpm test	2026-10-07T01:45:15.9203799Z ✔ the version guard is not switchable off by policy (0.856ms)
gateway-web	Run pnpm test	2026-10-07T01:45:15.9205679Z ✔ re-registering a device never discards the binding the user chose (1.4536ms)
gateway-web	Run pnpm test	2026-10-07T01:45:15.9213997Z ✔ a task the surface cannot read is reported, not hidden (0.8592ms)
gateway-web	Run pnpm test	2026-10-07T01:45:15.9217526Z ✔ the committed-update cursor must be a version and the instants must be real (0.9701ms)
gateway-web	Run pnpm test	2026-10-07T01:45:15.9218981Z ✔ freshness needs a recent observation, not only a declared state (1.2263ms)
gateway-web	Run pnpm test	2026-10-07T01:45:15.9220231Z ✔ every projection of a device gives the same freshness answer (0.5313ms)
gateway-web	Run pnpm test	2026-10-07T01:45:15.9221545Z ✔ a committed update carries the change, the previous values and the actor (0.9234ms)
gateway-web	Run pnpm test	2026-10-07T01:45:15.9222895Z ✔ a handoff or a provisional switch is never taken from a cached view (0.8778ms)
gateway-web	Run pnpm test	2026-10-07T01:45:15.9225932Z ✔ a task foreground flag is a boolean and its role reflects the data (0.575ms)
gateway-web	Run pnpm test	2026-10-07T01:45:15.9227330Z ✔ an untypeable value is refused before anything is recorded (0.7695ms)
gateway-web	Run pnpm test	2026-10-07T01:45:15.9732062Z ✔ one authoritative task is shared by every embodiment — never duplicated per device (4.5873ms)
gateway-web	Run pnpm test	2026-10-07T01:45:15.9742067Z ✔ ownership is logical, execution is physical — sessions and devices are never the owner (3.0039ms)
gateway-web	Run pnpm test	2026-10-07T01:45:15.9743850Z ✔ mutations are versioned and typed, and conflicting updates keep a causal audit trail (0.9567ms)
gateway-web	Run pnpm test	2026-10-07T01:45:15.9745407Z ✔ foreground switching never changes owner, coordinator or executor (0.5659ms)
gateway-web	Run pnpm test	2026-10-07T01:45:15.9748907Z ✔ ownership moves only through an explicit accepted handoff, and never restarts the executor (2.7419ms)
gateway-web	Run pnpm test	2026-10-07T01:45:15.9750722Z ✔ an exclusive side effect can never have two simultaneous valid executors (1.5592ms)
gateway-web	Run pnpm test	2026-10-07T01:45:15.9753892Z ✔ device release suspends the lease, never orphans a task and never moves ownership (1.4914ms)
gateway-web	Run pnpm test	2026-10-07T01:45:15.9764019Z ✔ every contract surface is closed, frozen and free of ambient state (0.7572ms)
gateway-web	Run pnpm test	2026-10-07T01:45:15.9765490Z ✔ the canonical contract allow-list is decided by own keys (0.5811ms)
gateway-web	Run pnpm test	2026-10-07T01:45:15.9766971Z ✔ a hidden authority field in a handoff is found, and a cycle does not crash the scan (0.7234ms)
gateway-web	Run pnpm test	2026-10-07T01:45:15.9770210Z ✔ a caller instant must be real, not merely well shaped (0.7157ms)
gateway-web	Run pnpm test	2026-10-07T01:45:15.9771351Z ✔ a refused patch changes nothing (0.4895ms)
gateway-web	Run pnpm test	2026-10-07T01:45:15.9772604Z ✔ a released executor must revalidate its lease instead of re-issuing it (0.8036ms)
gateway-web	Run pnpm test	2026-10-07T01:45:15.9773982Z ✔ an exclusive side effect cannot complete without a lease (0.6658ms)
gateway-web	Run pnpm test	2026-10-07T01:45:15.9775259Z ✔ a refused foreground change leaves the binding untouched (0.4077ms)
gateway-web	Run pnpm test	2026-10-07T01:45:15.9778605Z ✔ a device release never rewrites a settled task, and a handoff checkpoint is text (0.7788ms)
gateway-web	Run pnpm test	2026-10-07T01:45:16.0068058Z ✔ Windows manufacturer payload prefixes locator with canonical UUID bytes (1.3315ms)
gateway-web	Run pnpm test	2026-10-07T01:45:16.0072955Z ✔ BLE locator contains exactly version IPv4 and big-endian port (1.7327ms)
gateway-web	Run pnpm test	2026-10-07T01:45:16.0086806Z ✔ non-Windows adapter reports software platform error rather than hardware evidence (1.6597ms)
gateway-web	Run pnpm test	2026-10-07T01:45:16.9318508Z ✔ theme artifact store degrades on an uncreatable root and refuses typed instead of throwing (20.1293ms)
gateway-web	Run pnpm test	2026-10-07T01:45:16.9324377Z ✔ a store that breaks after startup is recorded, and losing it cannot erase a finished build (4.2757ms)
gateway-web	Run pnpm test	2026-10-07T01:45:28.7033832Z ✔ a file at the theme-packages path leaves the City serving and the theme lab typed-failed (11908.6694ms)
gateway-web	Run pnpm test	2026-10-07T01:45:29.4482501Z ✔ degrading the artifact store blocks only the theme lab, never the capability registry (617.1153ms)
gateway-web	Run pnpm test	2026-10-07T01:45:32.1330751Z ✔ a store that breaks while the City runs is reported in health, not only after a restart (3379.6358ms)
gateway-web	Run pnpm test	2026-10-07T01:45:32.1485563Z ✔ a fresh profile is fully normalized, descriptive and authority-free (7.0501ms)
gateway-web	Run pnpm test	2026-10-07T01:45:32.1486770Z ✔ partially specified ports receive safe defaults (1.1833ms)
gateway-web	Run pnpm test	2026-10-07T01:45:32.1488063Z ✔ two assistant identities hold independent profiles and relationship modes at the same time (23.9673ms)
gateway-web	Run pnpm test	2026-10-07T01:45:32.1490479Z ✔ a relationship change on one assistant never leaks into another assistant or its bundle (1.2571ms)
gateway-web	Run pnpm test	2026-10-07T01:45:32.1491971Z ✔ several assistant identities can be online at once and presence is idempotent (2.153ms)
gateway-web	Run pnpm test	2026-10-07T01:45:32.1493219Z ✔ a duplicate assistant id is refused and leaves state untouched (0.7276ms)
gateway-web	Run pnpm test	2026-10-07T01:45:32.1494467Z ✔ minted assistant ids are stable, unique and honestly labelled (0.7909ms)
gateway-web	Run pnpm test	2026-10-07T01:45:32.1495923Z ✔ profiles reject embedded permission grants, execution leases and authority fields (1.5943ms)
gateway-web	Run pnpm test	2026-10-07T01:45:32.1497474Z ✔ extension namespaces cannot smuggle Digital-Me or authority namespaces (2.1537ms)
gateway-web	Run pnpm test	2026-10-07T01:45:32.1498642Z ✔ schema version and port shape are validated instead of silently accepted (2.8724ms)
gateway-web	Run pnpm test	2026-10-07T01:45:32.1499728Z ✔ unknown future attributes migrate forward without losing data (3.6718ms)
gateway-web	Run pnpm test	2026-10-07T01:45:32.1503386Z ✔ a rejected write is a no-op and schema_version cannot be patched (1.7984ms)
gateway-web	Run pnpm test	2026-10-07T01:45:32.1504561Z ✔ a stale profile write is refused instead of silently overwriting (0.8248ms)
gateway-web	Run pnpm test	2026-10-07T01:45:32.1505623Z ✔ export and import restore durable assistant state after a simulated restart (2.1142ms)
gateway-web	Run pnpm test	2026-10-07T01:45:32.1506362Z ✔ replace import touches only the target assistant and bumps its revision (1.1643ms)
gateway-web	Run pnpm test	2026-10-07T01:45:32.1507083Z ✔ import rejects Digital-Me data, authority fields and malformed bundles atomically (3.6024ms)
gateway-web	Run pnpm test	2026-10-07T01:45:32.1507785Z ✔ reset restores safe defaults for one assistant without touching the others (2.1014ms)
gateway-web	Run pnpm test	2026-10-07T01:45:32.1508454Z ✔ duty labels describe a role and never grant the corresponding action (1.3914ms)
gateway-web	Run pnpm test	2026-10-07T01:45:32.1509044Z ✔ the personalization surface never writes Digital-Me state (0.8392ms)
gateway-web	Run pnpm test	2026-10-07T01:45:32.1509626Z ✔ identity lifecycle errors are typed and presence is cleaned up (2.1183ms)
gateway-web	Run pnpm test	2026-10-07T01:45:32.1510294Z ✔ applyProfilePatch merges one port level and replaces arrays (1.501ms)
gateway-web	Run pnpm test	2026-10-07T01:45:32.1511173Z ✔ the published schema matches the runtime contract (0.8269ms)
gateway-web	Run pnpm test	2026-10-07T01:45:32.1511774Z ✔ a profile patch cannot rewrite a prototype or inject a hidden property (0.855ms)
gateway-web	Run pnpm test	2026-10-07T01:45:32.1512481Z ✔ the Zone patch path is closed to prototype injection and leaves state untouched (0.4873ms)
gateway-web	Run pnpm test	2026-10-07T01:45:32.1513102Z ✔ a rejected patch leaves the stored profile byte-identical (0.598ms)
gateway-web	Run pnpm test	2026-10-07T01:45:32.1513638Z ✔ inherited property names are not declared port fields (2.1748ms)
gateway-web	Run pnpm test	2026-10-07T01:45:32.1515316Z ✔ reserved keys are refused at every depth of a stored profile document (0.5504ms)
gateway-web	Run pnpm test	2026-10-07T01:45:32.1516168Z ✔ a bundle refuses a reserved key anywhere, including inside an extension value (0.6991ms)
gateway-web	Run pnpm test	2026-10-07T01:45:32.1517119Z ✔ a reserved key cannot be registered as a personalization port (0.4589ms)
gateway-web	Run pnpm test	2026-10-07T01:45:32.1517810Z ✔ the published schema states the reserved-prototype-key rule the runtime enforces (1.632ms)
gateway-web	Run pnpm test	2026-10-07T01:45:38.3896861Z ✔ document bytes flow through real readers and into temporary knowledge (22128.2757ms)
gateway-web	Run pnpm test	2026-10-07T01:45:38.3903518Z ✔ evidence review is deterministic and tampering never gets rehashed (4.8691ms)
gateway-web	Run pnpm test	2026-10-07T01:45:38.3907082Z ✔ theme generation returns a reproducible PNG and validation (75.3921ms)
gateway-web	Run pnpm test	2026-10-07T01:45:38.3909719Z ✔ future promoted module stays pending and all five existing adapters still execute (28.5169ms)
gateway-web	Run pnpm test	2026-10-07T01:45:38.3922129Z ✔ malformed and oversized inputs have explicit refusals (25.6034ms)
gateway-web	Run pnpm test	2026-10-07T01:45:38.4108227Z ✔ dependency failure degrades the same descriptor used to gate invocations (962.857ms)
gateway-web	Run pnpm test	2026-10-07T01:45:38.4109745Z ✔ capabilities use control auth, canonical results, typed refusal and durable history (1694.5232ms)
gateway-web	Run pnpm test	2026-10-07T01:45:38.4111230Z ✔ the per-capability degradation latch is owned by the migrated provider-resilience breaker (333.7785ms)
gateway-web	Run pnpm test	2026-10-07T01:46:03.7002836Z ✔ old SQLite results migrate without changing identity, digest or metadata, including restart (6874.8256ms)
gateway-web	Run pnpm test	2026-10-07T01:46:03.7004810Z ✔ migration fails closed and rolls back earlier rows when legacy history is corrupt (393.4302ms)
gateway-web	Run pnpm test	2026-10-07T01:46:03.7006282Z ✔ 560 large legacy results keep 500 summaries and 50 details; new saves remain bounded (36714.6334ms)
gateway-web	Run pnpm test	2026-10-07T01:46:09.2038061Z ✔ city and list APIs send summaries only, enforce limits and retrieve individual details (5503.5068ms)
gateway-web	Run pnpm test	2026-10-07T01:46:45.7740227Z ✔ a long running invocation survives pruning and its completion remains readable (36570.1016ms)
gateway-web	Run pnpm test	2026-10-07T01:46:45.7929834Z ✔ qualified identities keep duplicate names independent and cannot replace missing dependencies (6.022ms)
gateway-web	Run pnpm test	2026-10-07T01:46:45.7931955Z ✔ registry restricts mixed module lifecycle and exposes every dependency lifecycle (3.217ms)
gateway-web	Run pnpm test	2026-10-07T01:46:45.7933535Z ✔ unbridged duplicate module names receive different qualified capability IDs (1.2544ms)
gateway-web	Run pnpm test	2026-10-07T01:46:45.7935095Z ✔ Theme advertises implemented generate and build operations and refuses validate (1.3787ms)
gateway-web	Run pnpm test	2026-10-07T01:46:45.7936574Z ✔ infrastructure modules are never advertised as capabilities (0.9661ms)
gateway-web	Run pnpm test	2026-10-07T01:46:45.7938370Z ✔ CEX701 owner sees canonical clone findings and explicitly recovers unbound installation without deleting other devices (11808.8292ms)
gateway-web	Run pnpm test	2026-10-07T01:46:45.7940562Z ✔ CEX701 session sees only own installation and actionable owner guidance; rebind and cross-revoke stay forbidden (4529.3799ms)
gateway-web	Run pnpm test	2026-10-07T01:46:45.7942578Z ✔ CEX701 recovery selection and owner confirmation do not survive credential changes (4821.4523ms)
gateway-web	Run pnpm test	2026-10-07T01:46:45.7944165Z ✔ CEX702 ordinary Web choice records a single decline, hands off and returns actual result to same surface (4958.165ms)
gateway-web	Run pnpm test	2026-10-07T01:46:45.7945832Z ✔ CEX702 strict target and no alternate have explicit canonical refusal without conflicting mutation (121.156ms)
gateway-web	Run pnpm test	2026-10-07T01:46:45.7947947Z ✔ CEX702 backend rejects stale decisions and withdrawn/offline alternates using current City truth (108.6598ms)
gateway-web	Run pnpm test	2026-10-07T01:46:45.7949296Z ✔ CEX702 legacy decline does not authorize a stale explicit alternate replay (72.2642ms)
gateway-web	Run pnpm test	2026-10-07T01:46:45.7951079Z ✔ CEX703 fresh user opens live catalog without failed Ask and selection never executes (4539.7038ms)
gateway-web	Run pnpm test	2026-10-07T01:46:45.7953518Z ✔ CEX703 catalog action follows existing confirmation before any City task exists (4313.3093ms)
gateway-web	Run pnpm test	2026-10-07T01:46:45.7955023Z ✔ CEX703 uncertain selected-request retry preserves exact selection and idempotency key (3281.413ms)
gateway-web	Run pnpm test	2026-10-07T01:46:45.7956647Z ✔ CEX704 guarded native generation keeps active session fixed and requires fresh terminal state (564.9902ms)
gateway-web	Run pnpm test	2026-10-07T01:46:45.7960185Z ✔ CEX705 canonical scoped management preserves rename/sharing/message/revoke authority and reconnect identity (273.3204ms)
gateway-web	Run pnpm test	2026-10-07T01:46:45.7965988Z ✔ CEX790 current audit includes reversed routes, owner controls, catalogs and branch-scoped YAML candidates (1783.0207ms)
gateway-web	Run pnpm test	2026-10-07T01:46:45.7970812Z ✔ each member sees itself first and all City devices by admission name, with real message receipt (4728.2403ms)
gateway-web	Run pnpm test	2026-10-07T01:46:45.7974704Z ✔ real joined devices retain names, appear beside the host and may register only their own worker (208.9951ms)
gateway-web	Run pnpm test	2026-10-07T01:46:45.7978432Z ✔ two members exchange messages with explicit receipt and sender identity cannot be forged (97.7511ms)
gateway-web	Run pnpm test	2026-10-07T01:46:45.7980054Z ✔ member B actually computes a task from A; disabling sharing and revoke prevents further claims (244.4243ms)
gateway-web	Run pnpm test	2026-10-07T01:46:45.7981585Z ✔ new admission cannot take the host or an existing member identity, even with a valid short code (128.518ms)
gateway-web	Run pnpm test	2026-10-07T01:46:45.7983191Z ✔ an active browser session refresh actually extends expiry while preserving its installation scope (71.6984ms)
gateway-web	Run pnpm test	2026-10-07T01:46:45.7984659Z ✔ local primary control surface can switch only its own computing resources (73.6533ms)
gateway-web	Run pnpm test	2026-10-07T01:46:45.7986087Z ✔ custom City name is canonical across snapshot, pairing, discovery descriptor and restart (129.9922ms)
gateway-web	Run pnpm test	2026-10-07T01:46:45.7987567Z ✔ Settings changes the visible City name and keeps editing stable across snapshots (6844.3522ms)
gateway-web	Run pnpm test	2026-10-07T01:46:45.7989329Z ✔ Road rejects missing array elements instead of producing null serialized entries (2.757ms)
gateway-web	Run pnpm test	2026-10-07T01:46:45.7990848Z ✔ Road preserves section order, deterministic IDs and explicit temporary unverified ownership (0.8811ms)
gateway-web	Run pnpm test	2026-10-07T01:46:45.7994693Z ✔ Road accepts empty documents and preserves empty heading and text without coercion (0.1836ms)
gateway-web	Run pnpm test	2026-10-07T01:46:45.7998699Z ✔ Road refuses malformed document boundaries and never accepts caller trust injection (0.4155ms)
gateway-web	Run pnpm test	2026-10-07T01:46:45.8003363Z ✔ Road output validation rejects permanence, trust escalation and reordered IDs (0.334ms)
gateway-web	Run pnpm test	2026-10-07T01:46:45.8007621Z ✔ Bridge Road extraction preserves all six published document retrieval digests (497.625ms)
gateway-web	Run pnpm test	2026-10-07T01:46:45.8009222Z ✔ the canonical store refuses to start the City, with a typed refusal that names the path and the reason (10.0157ms)
gateway-web	Run pnpm test	2026-10-07T01:46:45.8010721Z ✔ a corrupted canonical database is refused the same typed way, not as a raw sqlite failure (4.5575ms)
gateway-web	Run pnpm test	2026-10-07T01:46:45.8012276Z ✔ CONTROL: a healthy runtime starts the City, so the refusals above are about the store and not the fixture (55.2042ms)
gateway-web	Run pnpm test	2026-10-07T01:46:45.8013859Z ✔ scope: local, lan, remote and unknown are distinguished, and an address we hold is never called "nearby" (1.4879ms)
gateway-web	Run pnpm test	2026-10-07T01:46:45.8015141Z ✔ the list always contains this machine, and offers to use it (1.4654ms)
gateway-web	Run pnpm test	2026-10-07T01:46:45.8016242Z ✔ the list is NOT fixed at two: any number of PCs is listed, in one list (11.0515ms)
gateway-web	Run pnpm test	2026-10-07T01:46:45.8017745Z ✔ each PC offers the actions that make sense for it, and none that do not (1.2187ms)
gateway-web	Run pnpm test	2026-10-07T01:46:45.8019039Z ✔ a remembered PC that discovery did NOT find is still listed, because that is when the address matters (0.7713ms)
gateway-web	Run pnpm test	2026-10-07T01:46:45.8021974Z ✔ discovery and memory overlap constantly, and a PC is never listed twice (0.3602ms)
gateway-web	Run pnpm test	2026-10-07T01:46:45.8023733Z ✔ the recommendation is attached to a row, so the list and the recommendation cannot disagree (0.3627ms)
gateway-web	Run pnpm test	2026-10-07T01:46:45.8026393Z ✔ a machine with no telemetry is marked as thin evidence rather than being scored as if it were measured (0.3549ms)
gateway-web	Run pnpm test	2026-10-07T01:46:45.8030107Z ✔ row count is bounded and the discarded overlap is stated rather than silently dropped (0.9495ms)
gateway-web	Run pnpm test	2026-10-07T01:46:45.8032700Z ✔ the fallback channels are DESCRIBED, not moved: the entry controls stay where the app renders them (1.1916ms)
gateway-web	Run pnpm test	2026-10-07T01:46:45.8034208Z ✔ rendering is escaped and carries its action as data (0.2865ms)
gateway-web	Run pnpm test	2026-10-07T01:46:45.8035098Z ✔ an empty world renders an honest sentence, not an empty list (0.1592ms)
gateway-web	Run pnpm test	2026-10-07T01:46:45.8036201Z ✔ capability summaries report only what was measured, and say unknown when nothing was (0.1806ms)
gateway-web	Run pnpm test	2026-10-07T01:46:45.8065900Z ✔ different assistants receive different authorized scopes from the same Digital-Me (4.6234ms)
gateway-web	Run pnpm test	2026-10-07T01:46:45.8069106Z ✔ a denied scope is a typed refusal with no partial leakage (0.4868ms)
gateway-web	Run pnpm test	2026-10-07T01:46:45.8072148Z ✔ assistant profile and relationship changes never change canonical records (0.8018ms)
gateway-web	Run pnpm test	2026-10-07T01:46:45.8075394Z ✔ a private fact is not surfaced through another audience without disclosure authorization (1.6302ms)
gateway-web	Run pnpm test	2026-10-07T01:46:45.8078732Z ✔ cross-assistant private memory is never visible to another assistant (0.4001ms)
gateway-web	Run pnpm test	2026-10-07T01:46:45.8081866Z ✔ least data by default, with values only when the purpose needs them (0.7762ms)
gateway-web	Run pnpm test	2026-10-07T01:46:45.8085847Z ✔ stale context is reported rather than served, and device-ephemeral context is never durable (0.8099ms)
gateway-web	Run pnpm test	2026-10-07T01:46:45.8090136Z ✔ every projection carries provenance, and the surface is strict (0.5493ms)
gateway-web	Run pnpm test	2026-10-07T01:46:45.8091614Z ✔ record fields named after Object.prototype members are refused (0.6381ms)
gateway-web	Run pnpm test	2026-10-07T01:46:45.8092727Z ✔ a replayed or future-dated record is never served as current (0.8444ms)
gateway-web	Run pnpm test	2026-10-07T01:46:45.8093891Z ✔ a policy grant is read from the policy itself, never from the prototype chain (0.8919ms)
gateway-web	Run pnpm test	2026-10-07T01:46:45.8096531Z ✔ a SENSITIVE record is not released like an ordinary one (0.5319ms)
gateway-web	Run pnpm test	2026-10-07T01:46:45.8098065Z ✔ a cyclic or over-deep record is a typed refusal, not a stack overflow (0.5969ms)
gateway-web	Run pnpm test	2026-10-07T01:46:45.8099287Z ✔ a calendar-impossible instant is refused, not merely shape-checked (0.2099ms)
gateway-web	Run pnpm test	2026-10-07T01:46:45.8100390Z ✔ a record must be a bare own-property object (0.3246ms)
gateway-web	Run pnpm test	2026-10-07T01:46:45.8102764Z ✔ assistant-private memory belongs to the assistant that owns it (0.4806ms)
gateway-web	Run pnpm test	2026-10-07T01:46:45.8114666Z ✔ the port hands out copies, and refuses two records under one id (0.4483ms)
gateway-web	Run pnpm test	2026-10-07T01:46:45.8116008Z ✔ a malformed record refuses the whole query before anything is assembled (0.5663ms)
gateway-web	Run pnpm test	2026-10-07T01:46:45.8117175Z ✔ the gateway does not read authority from a live policy object (0.3384ms)
gateway-web	Run pnpm test	2026-10-07T01:46:45.8118254Z ✔ values are released only for an explicit includeValues boolean (0.7241ms)
gateway-web	Run pnpm test	2026-10-07T01:46:45.8119417Z ✔ device-ephemeral context cannot smuggle durable or sensitive facts (0.5747ms)
gateway-web	Run pnpm test	2026-10-07T01:46:45.8120653Z ✔ one attention_id is one logical question however many projections it carries (2.7471ms)
gateway-web	Run pnpm test	2026-10-07T01:46:45.8121892Z ✔ the current interaction device always carries the actionable projection (1.2928ms)
gateway-web	Run pnpm test	2026-10-07T01:46:45.8123479Z ✔ only the configured 2-3 recent eligible devices receive auxiliary projections (0.8243ms)
gateway-web	Run pnpm test	2026-10-07T01:46:45.8124805Z ✔ recent devices are ranked by user interaction, never by uptime or heartbeat (10.4203ms)
gateway-web	Run pnpm test	2026-10-07T01:46:45.8126153Z ✔ the first valid acknowledgement closes the question globally and withdraws the rest (0.8935ms)
gateway-web	Run pnpm test	2026-10-07T01:46:45.8127488Z ✔ a response routes back to the originating connector whichever device answered (1.3272ms)
gateway-web	Run pnpm test	2026-10-07T01:46:45.8129028Z ✔ reconnect, refresh and repeated delivery never ring the same epoch twice (1.6381ms)
gateway-web	Run pnpm test	2026-10-07T01:46:45.8130287Z ✔ quiet, full-screen and protected use suppress sound but keep the notification (0.4906ms)
gateway-web	Run pnpm test	2026-10-07T01:46:45.8131571Z ✔ a non-blocking informational event is delivered visibly without ringing (0.6521ms)
gateway-web	Run pnpm test	2026-10-07T01:46:45.8132674Z ✔ withdrawal closes a question, and the envelope is strict (1.1661ms)
gateway-web	Run pnpm test	2026-10-07T01:46:45.8135901Z ✔ attention fields named after Object.prototype members are refused (0.4985ms)
gateway-web	Run pnpm test	2026-10-07T01:46:45.8137134Z ✔ a "recent" device is bounded on both sides, and never duplicated (0.5119ms)
gateway-web	Run pnpm test	2026-10-07T01:46:45.8146834Z ✔ a different question under a live attention id is refused (0.5075ms)
gateway-web	Run pnpm test	2026-10-07T01:46:45.8148282Z ✔ a malformed instant cannot half-apply a transition (0.7841ms)
gateway-web	Run pnpm test	2026-10-07T01:46:45.8149741Z ✔ a response routes exactly once (0.7041ms)
gateway-web	Run pnpm test	2026-10-07T01:46:45.8150880Z ✔ a response that cannot be stored is refused before the routing is committed (0.4909ms)
gateway-web	Run pnpm test	2026-10-07T01:46:45.8152572Z ✔ canonical state holds handle references, never plaintext secrets (6.2354ms)
gateway-web	Run pnpm test	2026-10-07T01:46:45.8154016Z ✔ each auth mode maps to exactly one reference kind, and NONE needs no handle (2.0109ms)
gateway-web	Run pnpm test	2026-10-07T01:46:45.8155236Z ✔ secret values are absent from logs and errors even when the secure store fails (0.807ms)
gateway-web	Run pnpm test	2026-10-07T01:46:45.8157578Z ✔ an expired session becomes EXPIRED/NEEDS_USER with a job-scoped AttentionEnvelope (1.0885ms)
gateway-web	Run pnpm test	2026-10-07T01:46:45.8159215Z ✔ restart restores permitted persistent session references, and only those (1.8726ms)
gateway-web	Run pnpm test	2026-10-07T01:46:45.8162477Z ✔ missing secure-store support degrades honestly with no plaintext fallback (0.9284ms)
gateway-web	Run pnpm test	2026-10-07T01:46:45.8176583Z ✔ legacy DeepSeek env discovery is consumable through the abstraction without becoming the schema (1.023ms)
gateway-web	Run pnpm test	2026-10-07T01:46:45.8180868Z ✔ the profile contract is declarative, versioned and lifecycle-honest (1.8833ms)
gateway-web	Run pnpm test	2026-10-07T01:46:45.8183033Z ✔ a handle reference that is secret material never reaches canonical state (1.0003ms)
gateway-web	Run pnpm test	2026-10-07T01:46:45.8184135Z ✔ binding refuses an ambiguous secret-or-handle request (0.8569ms)
gateway-web	Run pnpm test	2026-10-07T01:46:45.8185556Z ✔ an uninterpretable instant is never fresh, READY or recorded (0.65ms)
gateway-web	Run pnpm test	2026-10-07T01:46:45.8186594Z ✔ a user-action requirement is a boolean, not a truthy flag (0.4616ms)
gateway-web	Run pnpm test	2026-10-07T01:46:45.8187511Z ✔ canonical records are plain own-key objects (0.7071ms)
gateway-web	Run pnpm test	2026-10-07T01:46:45.8189871Z ✔ a cyclic caller value is refused instead of crashing the scan (0.908ms)
gateway-web	Run pnpm test	2026-10-07T01:46:45.8191111Z ✔ restore validates a snapshot entry as strictly as a registration (0.8325ms)
gateway-web	Run pnpm test	2026-10-07T01:46:45.8192227Z ✔ revocation stays observable after the handle is cleared (0.3911ms)
gateway-web	Run pnpm test	2026-10-07T01:46:45.8193670Z ✔ a rotation revokes the handle it replaces instead of abandoning it (0.4721ms)
gateway-web	Run pnpm test	2026-10-07T01:46:45.8194867Z ✔ a well-shaped record may not carry a secret in a legitimate field (0.5757ms)
gateway-web	Run pnpm test	2026-10-07T01:46:45.8195881Z ✔ everything the scan calls a secret is redacted (0.5842ms)
gateway-web	Run pnpm test	2026-10-07T01:46:45.8196979Z ✔ a hidden own field on a snapshot entry is not copied into canonical state (0.3229ms)
gateway-web	Run pnpm test	2026-10-07T01:46:45.8201231Z ✔ legacy discovery never binds the key into a foreign default profile (0.5823ms)
gateway-web	Run pnpm test	2026-10-07T01:46:45.8202399Z ✔ a caller field is validated and stored as the same value (0.3158ms)
gateway-web	Run pnpm test	2026-10-07T01:46:45.8203443Z ✔ a refused restore installs nothing and never replaces a live profile (0.3534ms)
gateway-web	Run pnpm test	2026-10-07T01:46:45.8239022Z ✔ revoke reports whether the store released the secret (0.518ms)
gateway-web	Run pnpm test	2026-10-07T01:46:45.8240151Z ✔ freshness cannot be rewound behind the layer clock (0.4108ms)
gateway-web	Run pnpm test	2026-10-07T01:46:45.8241075Z ✔ carrying a stale expiry over a new credential is observable (0.6504ms)
gateway-web	Run pnpm test	2026-10-07T01:46:45.8242161Z ✔ the SDK validates a definition and documents what an author must supply (4.5881ms)
gateway-web	Run pnpm test	2026-10-07T01:46:45.8243285Z ✔ a synthetic third connector passes the conformance harness without core edits (3.3416ms)
gateway-web	Run pnpm test	2026-10-07T01:46:45.8244572Z ✔ adapter exceptions, timeouts and malformed results are isolated to the faulting adapter (2.9174ms)
gateway-web	Run pnpm test	2026-10-07T01:46:45.8245885Z ✔ optional provider absence is a typed state that blocks nothing and fabricates nothing (1.2793ms)
gateway-web	Run pnpm test	2026-10-07T01:46:45.8247324Z ✔ Claude Code and WorkBuddy adapters use the SDK path, and acceptance needs real host evidence (1.0476ms)
gateway-web	Run pnpm test	2026-10-07T01:46:45.8248742Z ✔ adding an adapter alters neither the EngineeringManagerPort nor the scheduling core (0.4674ms)
gateway-web	Run pnpm test	2026-10-07T01:46:45.8249920Z ✔ the SDK surface is strict, frozen and free of ambient state (0.9287ms)
gateway-web	Run pnpm test	2026-10-07T01:46:45.8251146Z ✔ a definition cannot be declared with mistyped policy fields or an impossible instant (0.5069ms)
gateway-web	Run pnpm test	2026-10-07T01:46:45.8259621Z ✔ a cyclic port result crosses the boundary as a frozen cycle, not as the adapter own object (0.3887ms)
gateway-web	Run pnpm test	2026-10-07T01:46:45.8260902Z ✔ a non-cloneable port result is a typed refusal instead of a live object (0.7051ms)
gateway-web	Run pnpm test	2026-10-07T01:46:45.8262582Z ✔ the harness does not certify a connector that silently accepts an unsupported capability (0.5637ms)
gateway-web	Run pnpm test	2026-10-07T01:46:45.8263880Z ✔ the harness does not certify a connector that silently accepts an unsupported control (0.4229ms)
gateway-web	Run pnpm test	2026-10-07T01:46:45.8265157Z ✔ an enabled adapter whose product is not installed is not usable, not selected and not accepted (0.4013ms)
gateway-web	Run pnpm test	2026-10-07T01:46:45.8266533Z ✔ only a faulted adapter can be cleared, and the fault record survives the clearing (0.5902ms)
gateway-web	Run pnpm test	2026-10-07T01:46:45.8267616Z ✔ re-declaring availability cannot revive a faulted adapter (0.641ms)
gateway-web	Run pnpm test	2026-10-07T01:46:45.8268766Z ✔ the registry refuses an adapter the SDK did not wrap, so isolation cannot be bypassed (0.2662ms)
gateway-web	Run pnpm test	2026-10-07T01:46:45.8270237Z ✔ a caller-declared acceptance says so instead of implying the SDK verified a host (0.4841ms)
gateway-web	Run pnpm test	2026-10-07T01:46:45.8271460Z ✔ an error whose code getter throws is still an isolated, typed fault (0.3756ms)
gateway-web	Run pnpm test	2026-10-07T01:46:45.8272645Z ✔ the harness refuses a connector that reports a state outside the vocabulary (0.4053ms)
gateway-web	Run pnpm test	2026-10-07T01:46:45.8273852Z ✔ the harness refuses a declared capability the connector does not report (1.1077ms)
gateway-web	Run pnpm test	2026-10-07T01:46:45.8275429Z ✔ the harness proves the unsupported-control expectation instead of skipping it (0.522ms)
gateway-web	Run pnpm test	2026-10-07T01:46:45.8276758Z ✔ a definition whose handlers are only inherited is refused, not claimed as satisfied (0.1549ms)
gateway-web	Run pnpm test	2026-10-07T01:46:45.8278050Z ✔ a definition stores the methods it validated, including non-enumerable ones (0.3914ms)
gateway-web	Run pnpm test	2026-10-07T01:46:45.8279150Z ✔ a non-conformant connector is given no core-edit certificate (0.4419ms)
gateway-web	Run pnpm test	2026-10-07T01:46:45.8280272Z ✔ a runtime that throws is not evidence and does not break the acceptance summary (0.2691ms)
gateway-web	Run pnpm test	2026-10-07T01:46:45.8281471Z ✔ fault identities are unique across adapters of the same kind in one process (0.448ms)
gateway-web	Run pnpm test	2026-10-07T01:46:45.8282827Z ✔ a connector manifest declares runtime, capabilities, needs and budgets (7.1784ms)
gateway-web	Run pnpm test	2026-10-07T01:46:45.8284210Z ✔ a connector manifest has no credential slot, and raw secrets are refused (0.5632ms)
gateway-web	Run pnpm test	2026-10-07T01:46:45.8286122Z ✔ policy decides permissions and an adapter can never grant itself one (0.8196ms)
gateway-web	Run pnpm test	2026-10-07T01:46:45.8287256Z ✔ undeclared capability or method calls are refused (0.8586ms)
gateway-web	Run pnpm test	2026-10-07T01:46:45.8290066Z ✔ the pipeline runs detect, select, adapt, validate, standardize and unify (1.0458ms)
gateway-web	Run pnpm test	2026-10-07T01:46:45.8291875Z ✔ one malformed connector cannot prevent another connector from loading (1.0786ms)
gateway-web	Run pnpm test	2026-10-07T01:46:45.8295086Z ✔ loading two synthetic connectors with different capabilities needs no core change (1.3542ms)
gateway-web	Run pnpm test	2026-10-07T01:46:45.8297489Z ✔ the runtime hosts two synthetic connectors with different capabilities (2.032ms)
gateway-web	Run pnpm test	2026-10-07T01:46:45.8301005Z ✔ startup is bounded and a process that never becomes ready is stopped, not awaited (0.7399ms)
gateway-web	Run pnpm test	2026-10-07T01:46:45.8304358Z ✔ a failing spawn is data, and a failing invocation does not crash the runtime (1.6088ms)
gateway-web	Run pnpm test	2026-10-07T01:46:45.8305528Z ✔ heartbeat freshness is bounded by the manifest interval (1.0255ms)
gateway-web	Run pnpm test	2026-10-07T01:46:45.8306556Z ✔ restarts are bounded and exhaustion is a terminal safe mode (2.0452ms)
gateway-web	Run pnpm test	2026-10-07T01:46:45.8307651Z ✔ logs are bounded by the manifest and redactable by caller policy (1.5559ms)
gateway-web	Run pnpm test	2026-10-07T01:46:45.8309331Z ✔ runtime lifecycle is honest about state and unknown instances (1.1449ms)
gateway-web	Run pnpm test	2026-10-07T01:46:45.8310481Z ✔ undeclared keys inherited from Object.prototype are refused at every level (2.6814ms)
gateway-web	Run pnpm test	2026-10-07T01:46:45.8311659Z ✔ a secret-shaped name is refused in its plural and compound spellings (0.5596ms)
gateway-web	Run pnpm test	2026-10-07T01:46:45.8313215Z ✔ raw credential bytes are refused in any field, not only a secret-shaped one (1.0767ms)
gateway-web	Run pnpm test	2026-10-07T01:46:45.8314675Z ✔ a connector cannot forge the runtime kind it won (0.7062ms)
gateway-web	Run pnpm test	2026-10-07T01:46:45.8315748Z ✔ a nullish adapter cannot stop the other connectors from loading (1.4915ms)
gateway-web	Run pnpm test	2026-10-07T01:46:45.8317216Z ✔ a manifest carrying a reserved prototype key is refused at unify (0.3848ms)
gateway-web	Run pnpm test	2026-10-07T01:46:45.8318839Z ✔ heartbeat freshness is measured in one unit, whatever the clock returns (0.4156ms)
gateway-web	Run pnpm test	2026-10-07T01:46:45.8321680Z ✔ a heartbeat cannot resurrect a process that was killed (0.6292ms)
gateway-web	Run pnpm test	2026-10-07T01:46:45.8322864Z ✔ start persists the mediated intersection and bounds the spawn request (0.6278ms)
gateway-web	Run pnpm test	2026-10-07T01:46:45.8331340Z ✔ one adapter producing un-copyable output cannot stop the others loading (0.5054ms)
gateway-web	Run pnpm test	2026-10-07T01:46:45.8332827Z ✔ a connector entry reference is confined to its own root (0.6213ms)
gateway-web	Run pnpm test	2026-10-07T01:46:45.8334043Z ✔ one canonical job is observed by Web and Android without duplicate execution (5.6614ms)
gateway-web	Run pnpm test	2026-10-07T01:46:45.8335225Z ✔ the interaction device may differ from the execution device (0.635ms)
gateway-web	Run pnpm test	2026-10-07T01:46:45.8336433Z ✔ remote fallback requires explicit approval and local allowed work stays local (1.0771ms)
gateway-web	Run pnpm test	2026-10-07T01:46:45.8337820Z ✔ attention comes from shared state and one acknowledgement reconciles every projection (1.9833ms)
gateway-web	Run pnpm test	2026-10-07T01:46:45.8339132Z ✔ user-visible success comes only from a terminal accepted result (1.278ms)
gateway-web	Run pnpm test	2026-10-07T01:46:45.8340968Z ✔ advanced provenance exposes identifiers without leaking secrets, and the surface is strict (2.0568ms)
gateway-web	Run pnpm test	2026-10-07T01:46:45.8344904Z ✔ the surface policy cannot be used to switch the canonical binding or the attention source off (0.4274ms)
gateway-web	Run pnpm test	2026-10-07T01:46:45.8346317Z ✔ an impossible instant is refused everywhere it could become evidence (0.433ms)
gateway-web	Run pnpm test	2026-10-07T01:46:45.8354325Z ✔ a hidden, symbol-keyed or header-shaped secret is still secret material (0.9593ms)
gateway-web	Run pnpm test	2026-10-07T01:46:45.8355415Z ✔ a cancelled job is finished even though it carries no result (0.7155ms)
gateway-web	Run pnpm test	2026-10-07T01:46:45.8356481Z ✔ control authority is bound to the job, not to whoever calls (0.6885ms)
gateway-web	Run pnpm test	2026-10-07T01:46:45.8357643Z ✔ a retry re-queues failed work only and never revives or duplicates execution (0.5579ms)
gateway-web	Run pnpm test	2026-10-07T01:46:45.8359043Z ✔ the first terminal result is the job truth and malformed artifacts are refused, not dropped (0.6697ms)
gateway-web	Run pnpm test	2026-10-07T01:46:45.8360248Z ✔ an attention-required backend is not rendered as success (0.596ms)
gateway-web	Run pnpm test	2026-10-07T01:46:45.8361405Z ✔ the surface reports the execution device it was given and never invents one (0.2305ms)
gateway-web	Run pnpm test	2026-10-07T01:46:45.8362696Z ✔ owner and executor separation is about the owner and the executor connector (0.2098ms)
gateway-web	Run pnpm test	2026-10-07T01:46:45.8364188Z ✔ canonical refs are unique across surfaces in one process (0.4185ms)
gateway-web	Run pnpm test	2026-10-07T01:46:45.8365456Z ✔ an attention acknowledgement records the subject it answers and the read views are frozen (0.764ms)
gateway-web	Run pnpm test	2026-10-07T01:46:45.8366860Z ✔ a finished job is not re-opened for attention and an answered question is not reset (1.1544ms)
gateway-web	Run pnpm test	2026-10-07T01:46:45.8368025Z ✔ a blocking canonical question gates progress and resume (0.4588ms)
gateway-web	Run pnpm test	2026-10-07T01:46:45.8369089Z ✔ attention and approvals answer only to devices connected to the job (0.638ms)
gateway-web	Run pnpm test	2026-10-07T01:46:45.8370255Z ✔ an object is not a provenance reference, and a nested payload is refused (0.4544ms)
gateway-web	Run pnpm test	2026-10-07T01:46:45.8371363Z ✔ the secret scan reads maps, sets and records it cannot read (0.1842ms)
gateway-web	Run pnpm test	2026-10-07T01:46:45.8372594Z ✔ a lease belongs to one job and a shared task core confirms the binding when one is wired in (0.871ms)
gateway-web	Run pnpm test	2026-10-07T01:46:45.8374403Z ✔ a result that is not a success is not accepted as one, and an uncloneable artifact is a typed refusal (0.6736ms)
gateway-web	Run pnpm test	2026-10-07T01:46:45.8375763Z ✔ the surface names where control came from and scopes its structural claims (0.3128ms)
gateway-web	Run pnpm test	2026-10-07T01:46:45.8376937Z ✔ a DAG is validated and only dependency-satisfied work is runnable (8.4686ms)
gateway-web	Run pnpm test	2026-10-07T01:46:45.8378318Z ✔ two writers cannot hold the same protected scope at once, and conflicts are reported not merged (1.2483ms)
gateway-web	Run pnpm test	2026-10-07T01:46:45.8380254Z ✔ resource pressure scales workers down and pauses new work without failing completed work (1.0214ms)
gateway-web	Run pnpm test	2026-10-07T01:46:45.8541216Z ✔ one-worker serial mode uses the same lifecycle and acceptance path (0.884ms)
gateway-web	Run pnpm test	2026-10-07T01:46:45.8542536Z ✔ bounded retry and reassignment never duplicate a terminal result or an external effect (1.847ms)
gateway-web	Run pnpm test	2026-10-07T01:46:45.8543828Z ✔ worker selection is capability and placement based with no provider-name branching (0.7256ms)
gateway-web	Run pnpm test	2026-10-07T01:46:45.8545129Z ✔ a controlled restart keeps completed work and never resumes stale state as success (2.4054ms)
gateway-web	Run pnpm test	2026-10-07T01:46:45.8546262Z ✔ a terminal result is immutable against late and out-of-order reports (0.8491ms)
gateway-web	Run pnpm test	2026-10-07T01:46:45.8547266Z ✔ a stall or crash report cannot re-open completed work (0.4787ms)
gateway-web	Run pnpm test	2026-10-07T01:46:45.8548259Z ✔ the attempt budget is a bound at dispatch, not only in the stall path (0.5883ms)
gateway-web	Run pnpm test	2026-10-07T01:46:45.8549357Z ✔ a running node cannot be dispatched twice into two concurrent attempts (0.49ms)
gateway-web	Run pnpm test	2026-10-07T01:46:45.8551673Z ✔ a named worker is a choice, not a bypass of capability, readiness or capacity (0.8811ms)
gateway-web	Run pnpm test	2026-10-07T01:46:45.8552756Z ✔ every foreman bound is validated rather than trusted (0.806ms)
gateway-web	Run pnpm test	2026-10-07T01:46:45.8553880Z ✔ a worker with running attempts cannot be re-registered (0.4236ms)
gateway-web	Run pnpm test	2026-10-07T01:46:45.8554760Z ✔ a node declaration is validated where it is used (0.6969ms)
gateway-web	Run pnpm test	2026-10-07T01:46:45.8556256Z ✔ a refused resume leaves the live queue intact, and a cyclic entry cannot overflow (0.6426ms)
gateway-web	Run pnpm test	2026-10-07T01:46:45.8557385Z ✔ an uninterpretable instant is refused rather than recorded (0.4286ms)
gateway-web	Run pnpm test	2026-10-07T01:46:45.8558366Z ✔ a handover or a cancel releases the worker slot it abandons (0.6297ms)
gateway-web	Run pnpm test	2026-10-07T01:46:45.8559515Z ✔ a restart keeps the completed-effect memory and a dependency list must be readable (0.7088ms)
gateway-web	Run pnpm test	2026-10-07T01:46:45.8560615Z ✔ a node no worker can staff is reported instead of vanishing (0.8212ms)
gateway-web	Run pnpm test	2026-10-07T01:46:45.8561661Z ✔ a declaration the module cannot clone is a typed refusal, not a crash (0.498ms)
gateway-web	Run pnpm test	2026-10-07T01:46:45.8562892Z ✔ an autonomous job needs an objective and bounded constraints, not an operation list (4.5136ms)
gateway-web	Run pnpm test	2026-10-07T01:46:45.8564199Z ✔ a scripted job without an executable specification is refused honestly, not admitted (0.7365ms)
gateway-web	Run pnpm test	2026-10-07T01:46:45.8565281Z ✔ the job envelope is strict about route, vocabulary and secrets (1.1849ms)
gateway-web	Run pnpm test	2026-10-07T01:46:45.8566199Z ✔ a partial or progress event can never mark a job terminal (0.9952ms)
gateway-web	Run pnpm test	2026-10-07T01:46:45.8567179Z ✔ late, duplicate and out-of-order events are deterministic and idempotent (2.174ms)
gateway-web	Run pnpm test	2026-10-07T01:46:45.8568219Z ✔ a terminal result is final and cannot be resurrected by replay (1.8392ms)
gateway-web	Run pnpm test	2026-10-07T01:46:45.8569674Z ✔ a result must be honest: success needs acceptance, and versions must line up (0.9209ms)
gateway-web	Run pnpm test	2026-10-07T01:46:45.8571068Z ✔ artifact references preserve job, device and connector provenance (1.3868ms)
gateway-web	Run pnpm test	2026-10-07T01:46:45.8572283Z ✔ the protocol publishes its guarantees and stays transport neutral (0.5156ms)
gateway-web	Run pnpm test	2026-10-07T01:46:45.8573418Z ✔ unknown fields are refused even when named after Object.prototype members (2.6788ms)
gateway-web	Run pnpm test	2026-10-07T01:46:45.8574917Z ✔ a job record cannot be born terminal, and success is only reached through a result (0.9761ms)
gateway-web	Run pnpm test	2026-10-07T01:46:45.8576064Z ✔ an event from a superseded job version never acts on the current job (0.6091ms)
gateway-web	Run pnpm test	2026-10-07T01:46:45.8577092Z ✔ a replayed result is recognised by its content, not by its ref (0.7509ms)
gateway-web	Run pnpm test	2026-10-07T01:46:45.8578041Z ✔ a replayed artifact is recognised by its content and digest (0.6916ms)
gateway-web	Run pnpm test	2026-10-07T01:46:45.8578973Z ✔ a malformed batch is refused with a typed contract error (0.612ms)
gateway-web	Run pnpm test	2026-10-07T01:46:45.8579994Z ✔ an ignored duplicate is recorded on the record, once, and stays idempotent (0.9373ms)
gateway-web	Run pnpm test	2026-10-07T01:46:45.8581125Z ✔ a calendar-impossible instant is refused, not merely shape-checked (0.8138ms)
gateway-web	Run pnpm test	2026-10-07T01:46:45.8582633Z ✔ a terminal announcement without a result is completed by the honest result (0.872ms)
gateway-web	Run pnpm test	2026-10-07T01:46:45.8583716Z ✔ the job record is immutable at every level, not only at the top (1.0311ms)
gateway-web	Run pnpm test	2026-10-07T01:46:45.8584704Z ✔ a non-enumerable own out-of-contract field is refused too (0.3816ms)
gateway-web	Run pnpm test	2026-10-07T01:46:45.8585735Z ✔ the structured result arrays are bounded like their siblings (24.0124ms)
gateway-web	Run pnpm test	2026-10-07T01:46:45.8586759Z ✔ a cyclic or over-deep envelope is refused, never a stack overflow (0.9075ms)
gateway-web	Run pnpm test	2026-10-07T01:46:45.8588016Z ✔ a provider-neutral autonomous job validates and keeps owner and executor distinct (4.7266ms)
gateway-web	Run pnpm test	2026-10-07T01:46:45.8589311Z ✔ scripted executors need explicit operations while agent modes must not carry them (1.2143ms)
gateway-web	Run pnpm test	2026-10-07T01:46:45.8590534Z ✔ unknown version, state, mode, event type or port is rejected rather than guessed (1.8061ms)
gateway-web	Run pnpm test	2026-10-07T01:46:45.8591548Z ✔ foreign routes cannot be redefined as Engineering routes (3.0449ms)
gateway-web	Run pnpm test	2026-10-07T01:46:45.8592675Z ✔ provider product names are never a route and are never required by the core contract (1.2327ms)
gateway-web	Run pnpm test	2026-10-07T01:46:45.8593728Z ✔ Codex-Boss is rejected everywhere it could be referenced (1.2645ms)
gateway-web	Run pnpm test	2026-10-07T01:46:45.8594917Z ✔ raw secrets are rejected while handle references are allowed (1.3184ms)
gateway-web	Run pnpm test	2026-10-07T01:46:45.8598197Z ✔ Engineering Manager stores only Engineering execution state (1.7061ms)
gateway-web	Run pnpm test	2026-10-07T01:46:45.8599046Z ✔ canonical events are typed and validated (0.6244ms)
gateway-web	Run pnpm test	2026-10-07T01:46:45.8600358Z ✔ one attention event projects to the current plus recent devices and rings once (1.2273ms)
gateway-web	Run pnpm test	2026-10-07T01:46:45.8601591Z ✔ first attention acknowledgement closes the epoch globally and never rings again (1.0241ms)
gateway-web	Run pnpm test	2026-10-07T01:46:45.8602766Z ✔ reconnect and duplicate delivery do not re-ring an attention epoch (0.7498ms)
gateway-web	Run pnpm test	2026-10-07T01:46:45.8604048Z ✔ a result cannot report success on a typed blocker, without acceptance or with failing tests (0.7674ms)
gateway-web	Run pnpm test	2026-10-07T01:46:45.8605335Z ✔ ports are versioned, replacement-safe and refuse non-conforming subjects (0.7074ms)
gateway-web	Run pnpm test	2026-10-07T01:46:45.8606536Z ✔ a deterministic connector double runs a scripted job without a real provider (0.7947ms)
gateway-web	Run pnpm test	2026-10-07T01:46:45.8607610Z ✔ duplicate submit replays instead of creating a second job (2.3875ms)
gateway-web	Run pnpm test	2026-10-07T01:46:45.8608670Z ✔ control commands check version, transition and terminal state (2.9733ms)
gateway-web	Run pnpm test	2026-10-07T01:46:45.8609755Z ✔ results are idempotent and cannot overwrite or resurrect a terminal job (4.2224ms)
gateway-web	Run pnpm test	2026-10-07T01:46:45.8611001Z ✔ canonical job identity survives restart/reconnect and rejects incompatible replay (1.777ms)
gateway-web	Run pnpm test	2026-10-07T01:46:45.8612223Z ✔ remote fallback is measured, user-approved and preserves the logical owner (3.0505ms)
gateway-web	Run pnpm test	2026-10-07T01:46:45.8615009Z ✔ canonical serialization is order-independent and the schema matches the runtime contract (1.0346ms)
gateway-web	Run pnpm test	2026-10-07T01:46:45.8616167Z ✔ contract error type carries a stable code and status (0.1217ms)
gateway-web	Run pnpm test	2026-10-07T01:46:45.8617317Z ✔ a secret-shaped field is refused in its plural and camelCase spellings too (0.405ms)
gateway-web	Run pnpm test	2026-10-07T01:46:45.8619948Z ✔ foreign canonical state is refused in camelCase and separator variants (0.2358ms)
gateway-web	Run pnpm test	2026-10-07T01:46:45.8621187Z ✔ reserved prototype keys are refused at every depth of an owned state (0.3872ms)
gateway-web	Run pnpm test	2026-10-07T01:46:45.8622443Z ✔ an envelope refuses a reserved prototype key, so a wire payload cannot smuggle one (0.3372ms)
gateway-web	Run pnpm test	2026-10-07T01:46:45.8623682Z ✔ a codex-boss reference is caught however its separators are spelled (0.1934ms)
gateway-web	Run pnpm test	2026-10-07T01:46:45.8624665Z ✔ provider product names are caught however their separators are spelled (0.1406ms)
gateway-web	Run pnpm test	2026-10-07T01:46:45.8626766Z ✔ an absent field and an explicitly null field have different digests (0.283ms)
gateway-web	Run pnpm test	2026-10-07T01:46:45.8628017Z ✔ the published schema states the normalisation and reserved-key rules the runtime enforces (0.5449ms)
gateway-web	Run pnpm test	2026-10-07T01:46:45.8629662Z ✔ a healthy local host is used, with local concurrency as the answer (2.7282ms)
gateway-web	Run pnpm test	2026-10-07T01:46:45.8631389Z ✔ resource pressure reduces local concurrency before any remote fallback (0.8171ms)
gateway-web	Run pnpm test	2026-10-07T01:46:45.8633826Z ✔ a protected foreground workload blocks the local host rather than displacing the user (0.4038ms)
gateway-web	Run pnpm test	2026-10-07T01:46:45.8635355Z ✔ an unmeasurable local host is unavailable, never assumed free (0.561ms)
gateway-web	Run pnpm test	2026-10-07T01:46:45.8636411Z ✔ a faster or less loaded remote host alone never triggers fallback (1.276ms)
gateway-web	Run pnpm test	2026-10-07T01:46:45.8637465Z ✔ remote fallback needs a measured reason and explicit user approval (1.4313ms)
gateway-web	Run pnpm test	2026-10-07T01:46:45.8638588Z ✔ candidates are ranked by capability fit, only after fallback is justified (10.6357ms)
gateway-web	Run pnpm test	2026-10-07T01:46:45.8639954Z ✔ a remote dispatch requires a recorded local attempt first (0.4151ms)
gateway-web	Run pnpm test	2026-10-07T01:46:45.8640852Z ✔ a measurement is a strict own-property record (1.0917ms)
gateway-web	Run pnpm test	2026-10-07T01:46:45.8643305Z ✔ a measured GPU load is used, and a contradictory worker count is unavailable (0.3748ms)
gateway-web	Run pnpm test	2026-10-07T01:46:45.8644453Z ✔ only a justified fallback proposal can be approved (0.6584ms)
gateway-web	Run pnpm test	2026-10-07T01:46:45.8648829Z ✔ both reference connectors register and resolve generically, with no provider branches in the core (4.5233ms)
gateway-web	Run pnpm test	2026-10-07T01:46:45.8650348Z ✔ installed, uninstalled and auth-required states are probed honestly (3.0201ms)
gateway-web	Run pnpm test	2026-10-07T01:46:45.8651581Z ✔ one canonical job id is preserved while backend ids stay provenance (1.5117ms)
gateway-web	Run pnpm test	2026-10-07T01:46:45.8652836Z ✔ unsupported operations become typed states instead of silence or success (0.9053ms)
gateway-web	Run pnpm test	2026-10-07T01:46:45.8654438Z ✔ an unknown outcome is never reported as success, and retries do not duplicate (0.9773ms)
gateway-web	Run pnpm test	2026-10-07T01:46:45.8655704Z ✔ component-stage acceptance is only claimed with genuine real-host evidence (0.7451ms)
gateway-web	Run pnpm test	2026-10-07T01:46:45.8656996Z ✔ the connector contract is strict, frozen and independent of ambient state (0.9243ms)
gateway-web	Run pnpm test	2026-10-07T01:46:45.8659967Z ✔ component acceptance needs a real terminal state, not an assumed one (0.5178ms)
gateway-web	Run pnpm test	2026-10-07T01:46:45.8661178Z ✔ a submit the backend refused is never reported as submitted (0.65ms)
gateway-web	Run pnpm test	2026-10-07T01:46:45.8664763Z ✔ a control the backend refused does not close the session (0.9444ms)
gateway-web	Run pnpm test	2026-10-07T01:46:45.8667166Z ✔ an unreadable event stream is not an empty one (0.6586ms)
gateway-web	Run pnpm test	2026-10-07T01:46:45.8668218Z ✔ a result about another backend run is not this job outcome (0.3647ms)
gateway-web	Run pnpm test	2026-10-07T01:46:45.8669120Z ✔ a session the backend refused is not created (0.5421ms)
gateway-web	Run pnpm test	2026-10-07T01:46:45.8670098Z ✔ an uninterpretable instant is refused rather than recorded (0.3885ms)
gateway-web	Run pnpm test	2026-10-07T01:46:45.8671520Z ✔ acceptance is not claimed for a product this host did not install (0.4069ms)
gateway-web	Run pnpm test	2026-10-07T01:46:45.8672517Z ✔ a closed session is not reported as live work (0.2797ms)
gateway-web	Run pnpm test	2026-10-07T01:46:45.8673663Z ✔ the canonical job id addresses control, events and result, and backend refs come back (0.5501ms)
gateway-web	Run pnpm test	2026-10-07T01:46:45.8675041Z ✔ one logical action key executes the backend once, even after a cancel and re-attach (0.3153ms)
gateway-web	Run pnpm test	2026-10-07T01:46:45.8676517Z ✔ a connector kind is an own key, and a crashing probe degrades honestly (0.585ms)
gateway-web	Run pnpm test	2026-10-07T01:46:45.8677829Z ✔ the registry refuses an under-specified connector and derives its emulated count (0.4156ms)
gateway-web	Run pnpm test	2026-10-07T01:46:45.8678970Z ✔ one connector kind may have two distinct instances (17.5853ms)
gateway-web	Run pnpm test	2026-10-07T01:46:45.8679996Z ✔ stale probe data is visible as stale and never silently healthy (1.0862ms)
gateway-web	Run pnpm test	2026-10-07T01:46:45.8680961Z ✔ auth READY is never inferred from a live process (0.5897ms)
gateway-web	Run pnpm test	2026-10-07T01:46:45.8682155Z ✔ a capability mismatch is a typed refusal before execution (0.5406ms)
gateway-web	Run pnpm test	2026-10-07T01:46:45.8683182Z ✔ the registry survives a probe that throws or times out (1.878ms)
gateway-web	Run pnpm test	2026-10-07T01:46:45.8684315Z ✔ registry records refuse raw credential material and keep handles only (1.0873ms)
gateway-web	Run pnpm test	2026-10-07T01:46:45.8685566Z ✔ records are strict, and eligibility reports fit without choosing a host (1.9234ms)
gateway-web	Run pnpm test	2026-10-07T01:46:45.8687306Z ✔ unknown fields are refused even when named after Object.prototype members (2.6268ms)
gateway-web	Run pnpm test	2026-10-07T01:46:45.8688963Z ✔ a future-dated probe is never fresh, and never silently usable (0.6928ms)
gateway-web	Run pnpm test	2026-10-07T01:46:45.8690033Z ✔ the typed refusal names the blocker that actually applies (0.7754ms)
gateway-web	Run pnpm test	2026-10-07T01:46:45.8691037Z ✔ the auditable snapshot cannot be rewritten by its reader (1.6379ms)
gateway-web	Run pnpm test	2026-10-07T01:46:45.8692610Z ✔ a partial probe update leaves the fields it does not mention alone (1.0026ms)
gateway-web	Run pnpm test	2026-10-07T01:46:45.8693675Z ✔ a raw credential is refused by value as well as by key name (1.0852ms)
gateway-web	Run pnpm test	2026-10-07T01:46:45.8694758Z ✔ a cyclic or over-deep record is refused, never a stack overflow (0.8652ms)
gateway-web	Run pnpm test	2026-10-07T01:46:45.8695896Z ✔ a calendar-impossible instant is refused, not merely shape-checked (0.3706ms)
gateway-web	Run pnpm test	2026-10-07T01:46:45.8699797Z ✔ a probe cannot claim to stay current indefinitely (0.4046ms)
gateway-web	Run pnpm test	2026-10-07T01:46:45.8700838Z ✔ a failed probe is visible on the instance and blocks dispatch (1.4417ms)
gateway-web	Run pnpm test	2026-10-07T01:46:45.8702025Z ✔ a probe that reports not-installed cannot be a running, usable worker (0.2014ms)
gateway-web	Run pnpm test	2026-10-07T01:46:45.8703211Z ✔ an exempted reference field must still look like a reference (1.0159ms)
gateway-web	Run pnpm test	2026-10-07T01:46:45.8704159Z ✔ the evidence source travels with the answer (0.1891ms)
gateway-web	Run pnpm test	2026-10-07T01:46:45.8705078Z ✔ a remote dispatch needs an approved proposal and an eligible host (3.0041ms)
gateway-web	Run pnpm test	2026-10-07T01:46:45.8710445Z ✔ every channel returns to the current interaction surface, not to the execution device (1.8342ms)
gateway-web	Run pnpm test	2026-10-07T01:46:45.8712111Z ✔ the control plane follows the user when they move to another surface (0.6634ms)
gateway-web	Run pnpm test	2026-10-07T01:46:45.8713269Z ✔ stale and duplicate remote events are reconciled instead of re-applied (1.2537ms)
gateway-web	Run pnpm test	2026-10-07T01:46:45.8714454Z ✔ control is forwarded from any authorised device and applied once (0.7641ms)
gateway-web	Run pnpm test	2026-10-07T01:46:45.8715565Z ✔ a hardware-bound action is a typed blocker, never a fabricated success (0.4197ms)
gateway-web	Run pnpm test	2026-10-07T01:46:45.8716835Z ✔ context is staged semantically, and the port contract owns trust and transport elsewhere (0.9546ms)
gateway-web	Run pnpm test	2026-10-07T01:46:45.8718425Z ✔ the return path can only move onto a surface this module resolved for the same owner (0.5783ms)
gateway-web	Run pnpm test	2026-10-07T01:46:45.8719581Z ✔ a dispatch validates the executor reference and the capability list (0.4856ms)
gateway-web	Run pnpm test	2026-10-07T01:46:45.8720657Z ✔ the bridge itself refuses a second dispatch and keeps the run ledger (0.6426ms)
gateway-web	Run pnpm test	2026-10-07T01:46:45.8721729Z ✔ an execution port that refuses is never reported as success (0.6263ms)
gateway-web	Run pnpm test	2026-10-07T01:46:45.8722883Z ✔ an attention reply reaches the originating worker through the respond path (0.5205ms)
gateway-web	Run pnpm test	2026-10-07T01:46:45.8724107Z ✔ a control command without an idempotency key is refused rather than swallowed (0.3396ms)
gateway-web	Run pnpm test	2026-10-07T01:46:45.8725325Z ✔ an untransferable remote payload is refused without consuming its sequence (0.4062ms)
gateway-web	Run pnpm test	2026-10-07T01:46:45.8726432Z ✔ a physical-action block is observable and blocks a fabricated success (0.3955ms)
gateway-web	Run pnpm test	2026-10-07T01:46:45.8727853Z ✔ recording instants are validated rather than stored as given (0.4198ms)
gateway-web	Run pnpm test	2026-10-07T01:46:45.8729207Z ✔ the approval gate reads the proposal itself, not its prototype (0.3329ms)
gateway-web	Run pnpm test	2026-10-07T01:46:45.8730321Z ✔ a refused replay does not move where the run returns are delivered (0.2587ms)
gateway-web	Run pnpm test	2026-10-07T01:46:45.8731277Z ✔ an envelope field is validated and used exactly once (0.4669ms)
gateway-web	Run pnpm test	2026-10-07T01:46:45.8732190Z ✔ a device field is validated and projected exactly once (0.2114ms)
gateway-web	Run pnpm test	2026-10-07T01:46:45.8733226Z ✔ context staging enforces the bound and the cleanup policy it advertises (0.4227ms)
gateway-web	Run pnpm test	2026-10-07T01:46:45.8734272Z ✔ a return that reaches nobody is not normal remote-free operation (0.3413ms)
gateway-web	Run pnpm test	2026-10-07T01:46:45.8735228Z ✔ a surface is resolved only from devices belonging to that owner (0.185ms)
gateway-web	Run pnpm test	2026-10-07T01:46:45.8736547Z ✔ authority is split: the monitor senses, the supervisor restarts, and neither can do the other (5.9817ms)
gateway-web	Run pnpm test	2026-10-07T01:46:45.8737626Z ✔ a stale or reused pid is never signalled (1.2909ms)
gateway-web	Run pnpm test	2026-10-07T01:46:45.8738852Z ✔ the restart budget ends in safe mode instead of an infinite loop (2.3562ms)
gateway-web	Run pnpm test	2026-10-07T01:46:45.8739994Z ✔ resume happens only after a checkpoint and a readiness confirmation (1.6716ms)
gateway-web	Run pnpm test	2026-10-07T01:46:45.8741051Z ✔ a terminal job does not resurrect after recovery (0.6759ms)
gateway-web	Run pnpm test	2026-10-07T01:46:45.8742003Z ✔ one crashed connector never terminates unrelated connectors (1.0907ms)
gateway-web	Run pnpm test	2026-10-07T01:46:45.8743086Z ✔ the contract is strict, frozen, and honest about stale observations (1.1916ms)
gateway-web	Run pnpm test	2026-10-07T01:46:45.8744539Z ✔ pressure is the evidence the monitor recorded, not a copy the caller supplies (0.4211ms)
gateway-web	Run pnpm test	2026-10-07T01:46:45.8745526Z ✔ a policy bound that can be switched off is refused (1.0232ms)
gateway-web	Run pnpm test	2026-10-07T01:46:45.8746637Z ✔ an uninterpretable instant cannot make stale evidence fresh or release the cooldown (0.9988ms)
gateway-web	Run pnpm test	2026-10-07T01:46:45.8747943Z ✔ a throwing readiness or process hook is a typed outcome, not a half-applied restart (0.7633ms)
gateway-web	Run pnpm test	2026-10-07T01:46:45.8749252Z ✔ an absent confidence is no confidence (0.2624ms)
gateway-web	Run pnpm test	2026-10-07T01:46:45.8750199Z ✔ a caller structure that points at itself is refused, not fatal (0.7468ms)
gateway-web	Run pnpm test	2026-10-07T01:46:45.8751223Z ✔ a malformed active entry is reported rather than dropped (0.2357ms)
gateway-web	Run pnpm test	2026-10-07T01:46:45.8752176Z ✔ a minted decision is authority for one instance and one restart (0.6315ms)
gateway-web	Run pnpm test	2026-10-07T01:46:45.8753320Z ✔ an unrecordable port answer is not an untyped failure after a real restart (0.592ms)
gateway-web	Run pnpm test	2026-10-07T01:46:45.8754504Z ✔ a readiness answer about another instance or checkpoint is not this resume (0.8691ms)
gateway-web	Run pnpm test	2026-10-07T01:46:45.8755623Z ✔ supervise refuses a malformed set instead of failing part-way (0.4865ms)
gateway-web	Run pnpm test	2026-10-07T01:46:45.8756711Z ✔ host-pass: the original contract still works and is labelled HOST_PASS (151.459ms)
gateway-web	Run pnpm test	2026-10-07T01:46:45.8757915Z ✔ owner-override: an Owner ruling over a real blocker produces a VERIFIED episode (151.5669ms)
gateway-web	Run pnpm test	2026-10-07T01:46:45.8759367Z ✔ owner-override without a migration blocker fails (124.5373ms)
gateway-web	Run pnpm test	2026-10-07T01:46:45.8760281Z ✔ owner-override without an owner ruling argument fails (117.0931ms)
gateway-web	Run pnpm test	2026-10-07T01:46:45.8761354Z ✔ owner-override whose intervention does not cite the ruling fails (93.7815ms)
gateway-web	Run pnpm test	2026-10-07T01:46:45.8762395Z ✔ owner-override without a verifier finding fails (117.1915ms)
gateway-web	Run pnpm test	2026-10-07T01:46:45.8763386Z ✔ owner-override whose verifier finding precedes the blocker fails (119.9929ms)
gateway-web	Run pnpm test	2026-10-07T01:46:45.8764406Z ✔ a final CI that is not PASS fails in owner-override too (134.1874ms)
gateway-web	Run pnpm test	2026-10-07T01:46:45.8765203Z ✔ the same host for both roles fails (215.9561ms)
gateway-web	Run pnpm test	2026-10-07T01:46:45.8766091Z ✔ an inbox that already has a host PASS cannot use owner-override (118.7943ms)
gateway-web	Run pnpm test	2026-10-07T01:46:45.8768295Z ✔ --owner-ruling is rejected in host-pass mode (134.6363ms)
gateway-web	Run pnpm test	2026-10-07T01:46:45.8769623Z ✔ owner-waived host separation: an Owner ruling lets the migration host finish verification (108.7624ms)
gateway-web	Run pnpm test	2026-10-07T01:46:45.8770819Z ✔ a strict episode records hostSeparation STRICT (103.0587ms)
gateway-web	Run pnpm test	2026-10-07T01:46:45.8771978Z ✔ owner-waived without --completing-host fails (101.7549ms)
gateway-web	Run pnpm test	2026-10-07T01:46:45.8772773Z ✔ owner-waived without --owner-ruling fails (108.2008ms)
gateway-web	Run pnpm test	2026-10-07T01:46:45.8773804Z ✔ owner-waived whose completing host produced no verification events fails (104.6927ms)
gateway-web	Run pnpm test	2026-10-07T01:46:45.8774906Z ✔ owner-waived whose record cites no ruling fails (103.2929ms)
gateway-web	Run pnpm test	2026-10-07T01:46:45.8775934Z ✔ owner-waived is refused when the completing host is already the verification host (100.2736ms)
gateway-web	Run pnpm test	2026-10-07T01:46:45.8777227Z ✔ owner-waived still refuses a verification event from a host that does not participate (103.531ms)
gateway-web	Run pnpm test	2026-10-07T01:46:45.8778574Z ✔ --completing-host is rejected in strict host separation (96.2675ms)
gateway-web	Run pnpm test	2026-10-07T01:46:45.8779638Z ✔ strict host separation still refuses the same host for both roles (99.2165ms)
gateway-web	Run pnpm test	2026-10-07T01:46:45.8780672Z ✔ a finished Action is never re-opened by a later observation (2.1576ms)
gateway-web	Run pnpm test	2026-10-07T01:46:45.8781717Z ✔ an in-flight Action still follows the City task it is reporting on (0.2936ms)
gateway-web	Run pnpm test	2026-10-07T01:46:45.8782943Z ✔ the reserved GENERAL_AI route answers a typed UNAVAILABLE and never becomes a City task (2.8455ms)
gateway-web	Run pnpm test	2026-10-07T01:46:45.8784313Z ✔ a reordered idempotency key is the same request, and a different one is refused (19.3126ms)
gateway-web	Run pnpm test	2026-10-07T01:46:45.8785651Z ✔ UXI-301 feed: real telemetry becomes a load vector, and unmeasured dimensions stay missing (2.1105ms)
gateway-web	Run pnpm test	2026-10-07T01:46:45.8787240Z ✔ UXI-301 feed: disk CAPACITY is not reported as io LOAD (0.2326ms)
gateway-web	Run pnpm test	2026-10-07T01:46:45.8788556Z ✔ UXI-301 feed: the node mapping mirrors the gateway liveness truth (0.2994ms)
gateway-web	Run pnpm test	2026-10-07T01:46:45.8789899Z ✔ UXI-391: the candidate carries an EXPLICIT enablement, and an explicit disable is honoured (1.4238ms)
gateway-web	Run pnpm test	2026-10-07T01:46:45.8791338Z ✔ UXI-301 feed: eligibility terms come from RS-202 and are all declared in the contract (0.9358ms)
gateway-web	Run pnpm test	2026-10-07T01:46:45.8792618Z ✔ UXI-301 feed: an ONLINE, healthy node must NOT present as unusable (1.7074ms)
gateway-web	Run pnpm test	2026-10-07T01:46:45.8793730Z ✔ UXI-301 feed: COMPLETED is reachable ONLY from a terminal City state (0.5046ms)
gateway-web	Run pnpm test	2026-10-07T01:46:45.8795009Z ✔ UXI-301 feed: a healthy node plus a cold one offers waiting, never a forced choice (0.3059ms)
gateway-web	Run pnpm test	2026-10-07T01:46:45.8796321Z ✔ UXI-301 feed: a structurally refused fleet DOES demand a choice and withholds waiting (0.321ms)
gateway-web	Run pnpm test	2026-10-07T01:46:45.8797580Z ✔ UXI-301 feed: the producer rejects malformed input rather than guessing (0.6203ms)
gateway-web	Run pnpm test	2026-10-07T01:46:45.8800031Z ✔ UXI-301 feed: the feed is versioned, lists its candidates, and hides finished work by default (0.9726ms)
gateway-web	Run pnpm test	2026-10-07T01:46:45.8802782Z ✔ UXI-301 feed: termsInUse reports only declared terms, so a UI can preload copy (0.4538ms)
gateway-web	Run pnpm test	2026-10-07T01:46:45.8804222Z ✔ UXI-301 feed: an empty City produces an empty feed rather than a fabricated status (0.2097ms)
gateway-web	Run pnpm test	2026-10-07T01:46:45.8805584Z ✔ UXI-301 feed: a node already running OTHER work reports real capacity pressure (0.57ms)
gateway-web	Run pnpm test	2026-10-07T01:46:45.8806885Z ✔ UXI-301 feed: capacity pressure clears once the other work finishes (0.5382ms)
gateway-web	Run pnpm test	2026-10-07T01:46:45.8808735Z ✔ UXI-301 feed: two busy nodes and one free node is reported truthfully per node (0.7473ms)
gateway-web	Run pnpm test	2026-10-07T01:46:45.8810157Z ✔ versioned authenticated gateway rejects unsafe commands and persists history (187.7303ms)
gateway-web	Run pnpm test	2026-10-07T01:46:45.8814130Z ✔ the post-restart resume decision is owned by the migrated checkpoint gate (73.9175ms)
gateway-web	Run pnpm test	2026-10-07T01:46:45.8815637Z ✔ the gateway places work on exactly the nodes its own policy and the Core both accept (1261.2631ms)
gateway-web	Run pnpm test	2026-10-07T01:46:45.8816988Z ✔ an interrupted task is never falsified as success across a gateway restart (57.8582ms)
gateway-web	Run pnpm test	2026-10-07T01:46:45.8818199Z ✔ no API network call happens before consent and budget admission (5.8048ms)
gateway-web	Run pnpm test	2026-10-07T01:46:45.8819468Z ✔ a Web failure proposes API but never grants it, and budget does not stand in for consent (1.708ms)
gateway-web	Run pnpm test	2026-10-07T01:46:45.8820867Z ✔ rate limit, auth and provider faults stay typed and never look like success (2.3478ms)
gateway-web	Run pnpm test	2026-10-07T01:46:45.8823683Z ✔ usage the provider did not report stays unknown, never zero (0.793ms)
gateway-web	Run pnpm test	2026-10-07T01:46:45.8825024Z ✔ streaming is supported only where the adapter says so, and secrets never reach provenance (1.0316ms)
gateway-web	Run pnpm test	2026-10-07T01:46:45.8826377Z ✔ channel state stays isolated, frozen and free of ambient behaviour (0.6566ms)
gateway-web	Run pnpm test	2026-10-07T01:46:45.8827603Z ✔ budget policy limits must be real numbers, so the second gate cannot vanish (0.6679ms)
gateway-web	Run pnpm test	2026-10-07T01:46:45.8828630Z ✔ provider usage that is negative is not usage (0.1694ms)
gateway-web	Run pnpm test	2026-10-07T01:46:45.8829569Z ✔ secrets are found and redacted however they are hidden (0.4402ms)
gateway-web	Run pnpm test	2026-10-07T01:46:45.8830658Z ✔ an admitted call with no usable adapter is a typed refusal, not a crash (0.5417ms)
gateway-web	Run pnpm test	2026-10-07T01:46:45.8832069Z ✔ the budget result does not claim knowledge it does not have (0.7072ms)
gateway-web	Run pnpm test	2026-10-07T01:46:45.8833775Z ✔ one conversation continues while backend thread, provider and device metadata change (6.519ms)
gateway-web	Run pnpm test	2026-10-07T01:46:45.8835235Z ✔ backend thread loss is reported and never becomes a silent false continuation (2.203ms)
gateway-web	Run pnpm test	2026-10-07T01:46:45.8838231Z ✔ InputBundle enforces bounds, media type, digest and provenance (3.0467ms)
gateway-web	Run pnpm test	2026-10-07T01:46:45.8839500Z ✔ temporary staging metadata always carries an explicit cleanup policy (2.9764ms)
gateway-web	Run pnpm test	2026-10-07T01:46:45.8840876Z ✔ partial events are ordered, versioned and never terminal, and RF envelopes stay non-canonical (1.7328ms)
gateway-web	Run pnpm test	2026-10-07T01:46:45.8842624Z ✔ cancellation is idempotent, works across channel changes, and reconciles late results (1.4652ms)
gateway-web	Run pnpm test	2026-10-07T01:46:45.8844101Z ✔ the conversation contract is closed, frozen and identity-independent (1.0339ms)
gateway-web	Run pnpm test	2026-10-07T01:46:45.8845178Z ✔ the canonical contract allow-list is decided by own keys (0.5855ms)
gateway-web	Run pnpm test	2026-10-07T01:46:45.8846344Z ✔ the conversation policy is a bound, and a non-boolean cannot disable verification (0.6614ms)
gateway-web	Run pnpm test	2026-10-07T01:46:45.8847620Z ✔ a cyclic caller value cannot crash the freezer, and attachments are canonical records (0.9976ms)
gateway-web	Run pnpm test	2026-10-07T01:46:45.8848682Z ✔ a malformed caller instant is refused as a typed error (0.8082ms)
gateway-web	Run pnpm test	2026-10-07T01:46:45.8850710Z ✔ a settled turn cannot accept further transport data (1.053ms)
gateway-web	Run pnpm test	2026-10-07T01:46:45.8851777Z ✔ a refused call leaves no partial write and no poisoned projection (0.8418ms)
gateway-web	Run pnpm test	2026-10-07T01:46:45.8852798Z ✔ each late result is reconciled under its own reference (0.4926ms)
gateway-web	Run pnpm test	2026-10-07T01:46:45.8854039Z ✔ the published stream carries cancellation and a conversation-level order (0.5619ms)
gateway-web	Run pnpm test	2026-10-07T01:46:45.8855004Z ✔ every free-text field is bounded (0.829ms)
gateway-web	Run pnpm test	2026-10-07T01:46:45.8855830Z ✔ the staging cleanup deadline is a decision, not decoration (0.6137ms)
gateway-web	Run pnpm test	2026-10-07T01:46:45.8856982Z ✔ GENERAL_AI is reserved as a user-level route and the legacy routes are untouched (2.2033ms)
gateway-web	Run pnpm test	2026-10-07T01:46:45.8858315Z ✔ a historical product name is not a route, and an unknown route is refused not guessed (0.3947ms)
gateway-web	Run pnpm test	2026-10-07T01:46:45.8860984Z ✔ the gateway route vocabulary is exactly the contract vocabulary (0.2787ms)
gateway-web	Run pnpm test	2026-10-07T01:46:45.8862198Z ✔ a canonical general-AI request validates and keeps typed backend references (2.5077ms)
gateway-web	Run pnpm test	2026-10-07T01:46:45.8863348Z ✔ unknown version, channel, state and malformed input are refused (1.1883ms)
gateway-web	Run pnpm test	2026-10-07T01:46:45.8864641Z ✔ no canonical envelope may carry raw credential, cookie or token bytes (0.9123ms)
gateway-web	Run pnpm test	2026-10-07T01:46:45.8865808Z ✔ provider, model, attention, usage and proposal envelopes validate strictly (1.1546ms)
gateway-web	Run pnpm test	2026-10-07T01:46:45.8866969Z ✔ partial output cannot mark an Action terminal and terminal status is final (0.4957ms)
gateway-web	Run pnpm test	2026-10-07T01:46:45.8868570Z ✔ a partial result carries in-flight status and a result envelope carries a terminal one (0.656ms)
gateway-web	Run pnpm test	2026-10-07T01:46:45.8875206Z ✔ an idempotency key replayed for the same request returns the first result (0.7477ms)
gateway-web	Run pnpm test	2026-10-07T01:46:45.8879090Z ✔ the same idempotency key bound to a different request is refused (0.4388ms)
gateway-web	Run pnpm test	2026-10-07T01:46:45.8880732Z ✔ a deterministic local answer never reaches a general-AI channel (0.346ms)
gateway-web	Run pnpm test	2026-10-07T01:46:45.8881929Z ✔ Web is the default channel and JEV failure degrades instead of blocking (0.1503ms)
gateway-web	Run pnpm test	2026-10-07T01:46:45.8883221Z ✔ Web failure does not silently trigger API, and API needs explicit user consent (0.2156ms)
gateway-web	Run pnpm test	2026-10-07T01:46:45.8891090Z ✔ budget policy runs after consent and can never substitute for it (0.3729ms)
gateway-web	Run pnpm test	2026-10-07T01:46:45.8892437Z ✔ another device is proposed, never chosen, and the interaction device does not move (0.4805ms)
gateway-web	Run pnpm test	2026-10-07T01:46:45.8894369Z ✔ API escalation requires a user confirmation reference, not a budget decision (0.4165ms)
gateway-web	Run pnpm test	2026-10-07T01:46:45.8895616Z ✔ a decision that needs the user becomes an attention request (0.3679ms)
gateway-web	Run pnpm test	2026-10-07T01:46:45.8896788Z ✔ JEV output is advisory and a JEV failure degrades instead of blocking (0.5381ms)
gateway-web	Run pnpm test	2026-10-07T01:46:45.8898067Z ✔ programme ports are versioned, and non-conforming subjects are refused (0.5366ms)
gateway-web	Run pnpm test	2026-10-07T01:46:45.8899281Z ✔ the deterministic remote double never fakes a completed run (0.9892ms)
gateway-web	Run pnpm test	2026-10-07T01:46:45.8900560Z ✔ the repository carries no runtime dependency on the historical product (224.0018ms)
gateway-web	Run pnpm test	2026-10-07T01:46:45.8901822Z ✔ the contract publishes its routing guarantees and error vocabulary (0.2419ms)
gateway-web	Run pnpm test	2026-10-07T01:46:45.8906134Z ✔ undeclared keys inherited from Object.prototype are refused, and a prototype key never is canonical (0.9462ms)
gateway-web	Run pnpm test	2026-10-07T01:46:45.8908226Z ✔ a secret-shaped name is refused in its plural and compound spellings, and a quantity is not a secret (0.4089ms)
gateway-web	Run pnpm test	2026-10-07T01:46:45.8910218Z ✔ raw credential bytes are refused in any field, not only in a secret-shaped one (0.425ms)
gateway-web	Run pnpm test	2026-10-07T01:46:45.8913844Z ✔ a partial result cannot claim a terminal status by relabelling or omitting its source (1.5491ms)
gateway-web	Run pnpm test	2026-10-07T01:46:45.8915818Z ✔ UNAVAILABLE is final for this action, and entering it is still allowed (0.2302ms)
gateway-web	Run pnpm test	2026-10-07T01:46:45.8917031Z ✔ an advisory assessment carries advisory fields and nothing else (1.0299ms)
gateway-web	Run pnpm test	2026-10-07T01:46:45.8918510Z ✔ the linkage scanner catches real dependency shapes it used to miss, and still ignores provenance prose (0.7214ms)
gateway-web	Run pnpm test	2026-10-07T01:46:45.8919997Z ✔ availability, health, auth, rate limit and budget stay separate signals (7.0333ms)
gateway-web	Run pnpm test	2026-10-07T01:46:45.8921244Z ✔ stale health is distinguishable from healthy and never reported as healthy (1.3877ms)
gateway-web	Run pnpm test	2026-10-07T01:46:45.8922743Z ✔ a transient technical failure follows a bounded retry and backoff policy (1.3859ms)
gateway-web	Run pnpm test	2026-10-07T01:46:45.8924074Z ✔ human-blocked and ambiguous failures never auto-resume as a technical retry (1.5315ms)
gateway-web	Run pnpm test	2026-10-07T01:46:45.8925403Z ✔ circuits are scoped so one failure cannot trip all AI or the local surfaces (3.4783ms)
gateway-web	Run pnpm test	2026-10-07T01:46:45.8926657Z ✔ a Web failure degrades honestly and never silently escalates to the API (0.8494ms)
gateway-web	Run pnpm test	2026-10-07T01:46:45.8930209Z ✔ the governor is strict, frozen, and free of ambient state (1.027ms)
gateway-web	Run pnpm test	2026-10-07T01:46:45.8931231Z ✔ the resilience policy bounds are real bounds (0.6261ms)
gateway-web	Run pnpm test	2026-10-07T01:46:45.8932959Z ✔ a malformed caller instant is refused as a typed error (0.9921ms)
gateway-web	Run pnpm test	2026-10-07T01:46:45.8934160Z ✔ a side-effecting failure is not retried without an idempotency key (0.4488ms)
gateway-web	Run pnpm test	2026-10-07T01:46:45.8935458Z ✔ a cyclic value cannot crash the freezer, and a degraded availability is named (0.3211ms)
gateway-web	Run pnpm test	2026-10-07T01:46:45.8936502Z ✔ the governor policy is a plain record (0.1969ms)
gateway-web	Run pnpm test	2026-10-07T01:46:45.8937509Z ✔ a caller instant cannot extend or shorten a circuit cooldown (0.7124ms)
gateway-web	Run pnpm test	2026-10-07T01:46:45.8938512Z ✔ an acknowledgment survives a replayed failure (0.3947ms)
gateway-web	Run pnpm test	2026-10-07T01:46:45.8941163Z ✔ a non-boolean flag cannot silently drop a proposal or an idempotency requirement (0.3877ms)
gateway-web	Run pnpm test	2026-10-07T01:46:45.8942928Z ✔ a degraded or unknown availability is never ready, and the report agrees with the query (1.0415ms)
gateway-web	Run pnpm test	2026-10-07T01:46:45.8944383Z ✔ provider, model and account identities stay distinct across multiple accounts (26.8778ms)
gateway-web	Run pnpm test	2026-10-07T01:46:45.8946062Z ✔ stale capability metadata is visible as stale and reads as unknown (1.8605ms)
gateway-web	Run pnpm test	2026-10-07T01:46:45.8947232Z ✔ WEB and API readiness are answered independently and may differ (1.5196ms)
gateway-web	Run pnpm test	2026-10-07T01:46:45.8948451Z ✔ a missing provider, model or account produces typed absence, not a throw (2.6394ms)
gateway-web	Run pnpm test	2026-10-07T01:46:45.8949643Z ✔ canonical records refuse raw secret material and keep handles only (1.8554ms)
gateway-web	Run pnpm test	2026-10-07T01:46:45.8950881Z ✔ the registry starts empty and works entirely with synthetic providers (1.7737ms)
gateway-web	Run pnpm test	2026-10-07T01:46:45.8952217Z ✔ registry records are strict about their shape (3.1398ms)
gateway-web	Run pnpm test	2026-10-07T01:46:45.8953244Z ✔ undeclared keys inherited from Object.prototype are refused (1.7868ms)
gateway-web	Run pnpm test	2026-10-07T01:46:45.8954435Z ✔ a secret-shaped name is refused in its plural and compound spellings (0.7495ms)
gateway-web	Run pnpm test	2026-10-07T01:46:45.8955847Z ✔ raw credential bytes are refused in a declared text field, not only under a secret-shaped name (1.1532ms)
gateway-web	Run pnpm test	2026-10-07T01:46:45.8957304Z ✔ one reference cannot name two records, and a parent binding cannot be re-pointed (4.9454ms)
gateway-web	Run pnpm test	2026-10-07T01:46:45.8958511Z ✔ a handle reference is content-addressed and epoch-scoped (0.7038ms)
gateway-web	Run pnpm test	2026-10-07T01:46:45.8959596Z ✔ a stale or unavailable channel is not advertised as supported (2.489ms)
gateway-web	Run pnpm test	2026-10-07T01:46:45.8960882Z ✔ a missing subject reports its own absence code, and a future observation is not fresh (0.6263ms)
gateway-web	Run pnpm test	2026-10-07T01:46:45.8966433Z ✔ RS-201: enablement is REQUIRED, so an omitted field can never read as enabled (0.7255ms)
gateway-web	Run pnpm test	2026-10-07T01:46:45.8968311Z ✔ RS-201: enablement accepts exactly the two declared states and nothing that merely looks like one (2.2322ms)
gateway-web	Run pnpm test	2026-10-07T01:46:45.8969906Z ✔ RS-201: DISABLED is a user choice, not a capability fact, and does not contaminate freshness (0.4505ms)
gateway-web	Run pnpm test	2026-10-07T01:46:45.8971225Z ✔ RS-201: region is required but explicitly nullable, and is never inferred (0.8316ms)
gateway-web	Run pnpm test	2026-10-07T01:46:45.8972578Z ✔ RS-201: the availability reason vocabulary carries all seven required categories (0.1999ms)
gateway-web	Run pnpm test	2026-10-07T01:46:45.8973850Z ✔ RS-201: disable and re-enable are reversible and destroy nothing (0.3756ms)
gateway-web	Run pnpm test	2026-10-07T01:46:45.8975202Z ✔ RS-201: setEnablement refuses a bad state and answers a bad reference with a typed absence (0.6086ms)
gateway-web	Run pnpm test	2026-10-07T01:46:45.8976685Z ✔ RS-201: a provider with dependents is REFUSED removal, and the dependents are named (0.5544ms)
gateway-web	Run pnpm test	2026-10-07T01:46:45.8978129Z ✔ RS-201: removal tombstones the reference, so RETIRED is distinguishable from UNKNOWN (0.3418ms)
gateway-web	Run pnpm test	2026-10-07T01:46:45.8979609Z ✔ RS-201: restore is the explicit act that makes a removed reference registerable again (0.3518ms)
gateway-web	Run pnpm test	2026-10-07T01:46:45.8981075Z ✔ RS-201: unavailability never removes anything - only an explicit user remove() does (0.2214ms)
gateway-web	Run pnpm test	2026-10-07T01:46:45.8982503Z ✔ RS-201: models and accounts are removable once they have no dependents of their own (0.3154ms)
gateway-web	Run pnpm test	2026-10-07T01:46:45.8984766Z ✔ RS-201: a fresh, enabled, unimpeded record is the ONLY thing that reads AVAILABLE (0.3619ms)
gateway-web	Run pnpm test	2026-10-07T01:46:45.8987734Z ✔ RS-201: staleness is NOT live truth - a stale observation is UNKNOWN, never AVAILABLE (0.1865ms)
gateway-web	Run pnpm test	2026-10-07T01:46:45.8989135Z ✔ RS-201: region is checked only against a DECLARED region, so a neutral provider never mismatches (0.1742ms)
gateway-web	Run pnpm test	2026-10-07T01:46:45.8990470Z ✔ RS-201: session and credential reasons come from the account status, and stay apart (0.3306ms)
gateway-web	Run pnpm test	2026-10-07T01:46:45.8991763Z ✔ RS-201: a channel that is UNAVAILABLE is a service fault, and neither is selectable (0.1225ms)
gateway-web	Run pnpm test	2026-10-07T01:46:45.8993125Z ✔ RS-201: precedence is ordered and the user instruction outranks every observation (0.2602ms)
gateway-web	Run pnpm test	2026-10-07T01:46:45.8994520Z ✔ RS-201: the candidate list keeps refused entries WITH their reasons rather than hiding them (0.6289ms)
gateway-web	Run pnpm test	2026-10-07T01:46:45.9004442Z ✔ RS-201: an all-refused pool and an empty pool are distinct, named conditions (0.317ms)
gateway-web	Run pnpm test	2026-10-07T01:46:45.9006560Z ✔ RS-201: a suggestion is structurally incapable of being an execution (0.4168ms)
gateway-web	Run pnpm test	2026-10-07T01:46:45.9008259Z ✔ RS-201: when nothing is selectable the suggestion says so instead of inventing a fallback (0.5265ms)
gateway-web	Run pnpm test	2026-10-07T01:46:45.9010240Z ✔ RS-201: a probe that answers inside the bound is FRESH, and is then served from cache (0.978ms)
gateway-web	Run pnpm test	2026-10-07T01:46:45.9011692Z ✔ RS-201: the bound HOLDS - a probe that never answers cannot block the caller (41.1402ms)
gateway-web	Run pnpm test	2026-10-07T01:46:45.9013124Z ✔ RS-201: a missed bound degrades to the last known answer, marked as degraded and aged (40.0572ms)
gateway-web	Run pnpm test	2026-10-07T01:46:45.9014677Z ✔ RS-201: when nothing was ever known, the bound yields NO_DATA and never invents availability (31.0987ms)
gateway-web	Run pnpm test	2026-10-07T01:46:45.9018232Z ✔ RS-201: a probe that throws degrades instead of propagating into the calling path (1.0111ms)
gateway-web	Run pnpm test	2026-10-07T01:46:45.9019705Z ✔ RS-201: the probe reports its own bounds and refuses an unusable configuration (0.2696ms)
gateway-web	Run pnpm test	2026-10-07T01:46:45.9021134Z ✔ RS-201: the outcome vocabulary keeps a degraded answer distinguishable from a fresh one (0.173ms)
gateway-web	Run pnpm test	2026-10-07T01:46:45.9022613Z ✔ a healthy current device is preferred, so nothing moves and nothing is interrupted (3.9672ms)
gateway-web	Run pnpm test	2026-10-07T01:46:45.9030955Z ✔ endpoints are ranked from metadata only, and stale or offline ones are never healthy (2.6021ms)
gateway-web	Run pnpm test	2026-10-07T01:46:45.9032260Z ✔ no execution begins before the V1 device-switch confirmation (1.3441ms)
gateway-web	Run pnpm test	2026-10-07T01:46:45.9033606Z ✔ exactly one canonical Action exists on the execution host, and every event correlates to it (1.6053ms)
gateway-web	Run pnpm test	2026-10-07T01:46:45.9035374Z ✔ remote cancel works from any authorized device and reconciles late results (1.8563ms)
gateway-web	Run pnpm test	2026-10-07T01:46:45.9036716Z ✔ hardware-bound authentication surfaces as ATTENTION_REQUIRED, never as false success (1.1603ms)
gateway-web	Run pnpm test	2026-10-07T01:46:45.9038201Z ✔ semantic input staging carries an explicit cleanup policy, and the router is strict (1.9522ms)
gateway-web	Run pnpm test	2026-10-07T01:46:45.9039506Z ✔ the policy cannot switch off confirmation or the health ceilings (0.6766ms)
gateway-web	Run pnpm test	2026-10-07T01:46:45.9043243Z ✔ the approved endpoint must still be healthy at dispatch time (0.7748ms)
gateway-web	Run pnpm test	2026-10-07T01:46:45.9055829Z ✔ a malformed caller instant is refused as a typed error (1.3974ms)
gateway-web	Run pnpm test	2026-10-07T01:46:45.9056909Z ✔ a settled action is not regressed by a late attention request (0.6941ms)
gateway-web	Run pnpm test	2026-10-07T01:46:45.9057923Z ✔ a cancellation event is terminal because the action is (0.6996ms)
gateway-web	Run pnpm test	2026-10-07T01:46:45.9059166Z ✔ a cyclic caller value cannot crash the freezer, and stored text is typed (1.4236ms)
gateway-web	Run pnpm test	2026-10-07T01:46:45.9060311Z ✔ a non-boolean requirement cannot skip an exclusion (0.4629ms)
gateway-web	Run pnpm test	2026-10-07T01:46:45.9063210Z ✔ a live action id cannot bypass the confirmation gates (0.8199ms)
gateway-web	Run pnpm test	2026-10-07T01:46:45.9064267Z ✔ an executor refusal is not recorded as a dispatch (0.5637ms)
gateway-web	Run pnpm test	2026-10-07T01:46:45.9065648Z ✔ a hardware-bound action stays addressable while it awaits the user (0.4244ms)
gateway-web	Run pnpm test	2026-10-07T01:46:45.9066757Z ✔ a success carries its result, and an exact replay is not applied twice (0.7252ms)
gateway-web	Run pnpm test	2026-10-07T01:46:45.9068419Z ✔ a cancellation is only reported when the executor accepted it (0.8053ms)
gateway-web	Run pnpm test	2026-10-07T01:46:45.9069549Z ✔ a known deterministic command consults no JEV and no provider (4.3079ms)
gateway-web	Run pnpm test	2026-10-07T01:46:45.9070817Z ✔ JEV recommends, gateway policy decides, and both are independently auditable (0.8687ms)
gateway-web	Run pnpm test	2026-10-07T01:46:45.9072139Z ✔ unavailable, timed-out, malformed and low-confidence JEV is non-blocking (1.2545ms)
gateway-web	Run pnpm test	2026-10-07T01:46:45.9073233Z ✔ JEV cannot execute an Action or grant permission (0.8259ms)
gateway-web	Run pnpm test	2026-10-07T01:46:45.9074399Z ✔ engineering intent routes to the Engineering programme, never to General AI (1.7606ms)
gateway-web	Run pnpm test	2026-10-07T01:46:45.9075555Z ✔ the router is strict, frozen and free of ambient state (1.7123ms)
gateway-web	Run pnpm test	2026-10-07T01:46:45.9076720Z ✔ a classification that carries an execution is refused however it is hidden (0.5898ms)
gateway-web	Run pnpm test	2026-10-07T01:46:45.9078012Z ✔ policy values are validated, so a route cannot be invented or a gate removed (0.6467ms)
gateway-web	Run pnpm test	2026-10-07T01:46:45.9079515Z ✔ command records are strict and instants are real (0.7959ms)
gateway-web	Run pnpm test	2026-10-07T01:46:45.9080518Z ✔ deterministic local commands route exactly as before (6.1024ms)
gateway-web	Run pnpm test	2026-10-07T01:46:45.9081791Z ✔ an ordinary AI request produces a GENERAL_AI Action with provenance as advanced state (2.5348ms)
gateway-web	Run pnpm test	2026-10-07T01:46:45.9083451Z ✔ device-switch and API proposals never navigate the user away, and remote results return to the action (2.0971ms)
gateway-web	Run pnpm test	2026-10-07T01:46:45.9085396Z ✔ an API proposal requires explicit confirmation and shows the budget outcome before execution (1.205ms)
gateway-web	Run pnpm test	2026-10-07T01:46:45.9086857Z ✔ attention is projected into canonical shared state, never a GAI-only store (1.2546ms)
gateway-web	Run pnpm test	2026-10-07T01:46:45.9088153Z ✔ cancel and control work from Web and Android for the same Action, with one shared history (1.3475ms)
gateway-web	Run pnpm test	2026-10-07T01:46:45.9089611Z ✔ no path claims success while the backend is unavailable, and legacy routes are refused (2.6982ms)
gateway-web	Run pnpm test	2026-10-07T01:46:45.9091107Z ✔ nothing is reported as executed without a channel, and a confirmed device is not rewritten (0.7322ms)
gateway-web	Run pnpm test	2026-10-07T01:46:45.9092508Z ✔ the first terminal result is the action truth and cannot be rewritten (0.8739ms)
gateway-web	Run pnpm test	2026-10-07T01:46:45.9093749Z ✔ the advanced view keeps real identifiers and refuses unreadable provenance (0.8447ms)
gateway-web	Run pnpm test	2026-10-07T01:46:45.9094901Z ✔ a crashing port is a typed refusal and instants are real (0.7642ms)
gateway-web	Run pnpm test	2026-10-07T01:46:45.9095995Z ✔ a cancelled action cannot be advanced, proposed to, projected, or executed (0.6492ms)
gateway-web	Run pnpm test	2026-10-07T01:46:45.9099352Z ✔ an approved API proposal is consumed by its one execution (0.3672ms)
gateway-web	Run pnpm test	2026-10-07T01:46:45.9100572Z ✔ a shared Attention port that refuses is refused, not claimed as canonical state (0.5268ms)
gateway-web	Run pnpm test	2026-10-07T01:46:45.9101936Z ✔ success is refused while canonical attention is outstanding, even after a resume (0.5548ms)
gateway-web	Run pnpm test	2026-10-07T01:46:45.9103199Z ✔ the routing policy decides whether the local matcher runs first (0.2884ms)
gateway-web	Run pnpm test	2026-10-07T01:46:45.9104229Z ✔ the canonical history names the device that acted (0.3045ms)
gateway-web	Run pnpm test	2026-10-07T01:46:45.9105683Z ✔ a device-switch confirmation cannot revive a cancelled action (0.4115ms)
gateway-web	Run pnpm test	2026-10-07T01:46:45.9106935Z ✔ Web is the default execution channel and execution is bound to a profile handle (4.227ms)
gateway-web	Run pnpm test	2026-10-07T01:46:45.9108135Z ✔ a channel state that cannot execute is a typed refusal (2.2306ms)
gateway-web	Run pnpm test	2026-10-07T01:46:45.9109248Z ✔ partial output is never reported as the final result (0.7251ms)
gateway-web	Run pnpm test	2026-10-07T01:46:45.9110062Z ✔ cancel is typed and idempotent (0.8089ms)
gateway-web	Run pnpm test	2026-10-07T01:46:45.9111147Z ✔ a persistent login survives an allowed restart when the profile handle still resolves (1.2095ms)
gateway-web	Run pnpm test	2026-10-07T01:46:45.9112537Z ✔ a profile that cannot be resolved reports AUTH_REQUIRED instead of a silent fresh login (0.3522ms)
gateway-web	Run pnpm test	2026-10-07T01:46:45.9113783Z ✔ raw cookies, storage and tokens never enter persisted City state (0.6818ms)
gateway-web	Run pnpm test	2026-10-07T01:46:45.9114867Z ✔ real-provider acceptance is recorded, never fabricated (0.3435ms)
gateway-web	Run pnpm test	2026-10-07T01:46:45.9115799Z ✔ a restore may not take over a live session (0.7629ms)
gateway-web	Run pnpm test	2026-10-07T01:46:45.9116912Z ✔ a persisted state must be this module version and cannot hide raw browser state (1.7659ms)
gateway-web	Run pnpm test	2026-10-07T01:46:45.9119709Z ✔ a persisted instant must be a real instant (0.6039ms)
gateway-web	Run pnpm test	2026-10-07T01:46:45.9120873Z ✔ a persisted state must be a bare own-property object, and accountRef a reference (0.625ms)
gateway-web	Run pnpm test	2026-10-07T01:46:45.9122386Z ✔ a completion whose session is gone is refused, and case-variant raw state is still raw state (0.619ms)
gateway-web	Run pnpm test	2026-10-07T01:48:22.5655319Z ✔ two installation launchers share one City across ports and recover the same identity after a crash (132208.6311ms)
gateway-web	Run pnpm test	2026-10-07T01:48:22.7486158Z ✔ forgetting migrated enrollment cannot import the legacy credential again (181.9959ms)
gateway-web	Run pnpm test	2026-10-07T01:48:25.6628067Z ✔ remote short code enrolls with a local member agent and reconnects without launching a host City (2913.6981ms)
gateway-web	Run pnpm test	2026-10-07T01:48:29.0189149Z ✔ PRIMARY launcher reports successful MEMBER transition and normal main restart preserves it (3357.318ms)
gateway-web	Run pnpm test	2026-10-07T01:48:29.0314099Z ✔ host reservation is atomic across requested ports and retains the canonical data directory (88.0251ms)
gateway-web	Run pnpm test	2026-10-07T01:48:29.0315760Z ✔ joining only demotes the local host, saves its admission name and leaves remote City intact (165.3182ms)
gateway-web	Run pnpm test	2026-10-07T01:48:29.0317300Z ✔ failed pairing and busy local work do not demote or write a new membership (55.4491ms)
gateway-web	Run pnpm test	2026-10-07T01:48:29.0319091Z ✔ native production transition retires only local Gateway and its worker, while remote host stays primary (274.2555ms)
gateway-web	Run pnpm test	2026-10-07T01:48:29.0321180Z ✔ selected MEMBER role survives coordinator crash without replacing the original City pointer (5.131ms)
gateway-web	Run pnpm test	2026-10-07T01:48:29.0322656Z ✔ startup preflight recognizes old absolute Windows paths and refuses duplicate Cities (7.2922ms)
gateway-web	Run pnpm test	2026-10-07T01:48:29.0324330Z ✔ an interrupted Windows inventory is an explicit blocking error, never an empty host (0.9642ms)
gateway-web	Run pnpm test	2026-10-07T01:48:29.0326020Z ✔ a relative Gateway path with an inconclusive identity probe blocks startup (0.4451ms)
gateway-web	Run pnpm test	2026-10-07T01:48:29.0327447Z ✔ a cold Windows inventory timeout retries one complete scan before declaring the host empty (1.2022ms)
gateway-web	Run pnpm test	2026-10-07T01:48:29.0328772Z ✔ a persistent inventory timeout refuses after exactly two attempts (0.4713ms)
gateway-web	Run pnpm test	2026-10-07T01:48:29.0329811Z ✔ a non-timeout inventory error refuses without retrying (0.4368ms)
gateway-web	Run pnpm test	2026-10-07T01:48:29.0331005Z ✔ mixed timeout and non-timeout failures cannot hide a blocking inventory error (0.6682ms)
gateway-web	Run pnpm test	2026-10-07T01:48:29.0332898Z ✔ REVIEW JOIN-501 A1: when ANOTHER client replaces the canonical session, the first page stops showing a dead code (5917.965ms)
gateway-web	Run pnpm test	2026-10-07T01:48:29.0334733Z ✔ REVIEW JOIN-501 A2: a real WebSocket drop and the product’s own reconnect neither create nor lose a session (9107.4845ms)
gateway-web	Run pnpm test	2026-10-07T01:48:29.0337012Z ✔ REVIEW JOIN-501 A3: a burst of same-task clicks can create at most one session (9862.5564ms)
gateway-web	Run pnpm test	2026-10-07T01:48:29.0338490Z ✔ REVIEW JOIN-501 A4: a code that expires while the tab is HIDDEN is not restored as ACTIVE (12385.8113ms)
gateway-web	Run pnpm test	2026-10-07T01:48:29.0340108Z ✔ JOIN-502: a join request grants nothing until an already trusted device approves it (153.7565ms)
gateway-web	Run pnpm test	2026-10-07T01:48:29.0341982Z ✔ JOIN-502: the browse is authenticated, and a nearby City never makes this City mint a pairing code (669.56ms)
gateway-web	Run pnpm test	2026-10-07T01:48:29.0343562Z ✔ JOIN-502: a duplicate or replayed request is bounded, not a second approval card (39.8018ms)
gateway-web	Run pnpm test	2026-10-07T01:48:29.0345019Z ✔ JOIN-502: a rejected request stays rejected, and re-asking after a rejection is refused (47.9664ms)
gateway-web	Run pnpm test	2026-10-07T01:48:29.0346685Z ✔ JOIN-502: an expired request cannot be approved back into life, and expiry does not need a request to happen (46.3592ms)
gateway-web	Run pnpm test	2026-10-07T01:48:29.0348203Z ✔ JOIN-502: the request list is BOUNDED, and a decision survives a City restart (75.7988ms)
gateway-web	Run pnpm test	2026-10-07T01:48:29.0349497Z ✔ JOIN-502: the state machine refuses what it cannot honour, instead of guessing (5.9834ms)
gateway-web	Run pnpm test	2026-10-07T01:48:29.0351088Z ✔ JOIN-502: an approval reaches OTHER surfaces as a canonical event, not only the owner that made it (40.0322ms)
gateway-web	Run pnpm test	2026-10-07T01:48:29.0352595Z ✔ JOIN-502: decisions are canonical events, and their payloads carry no secret (33.5184ms)
gateway-web	Run pnpm test	2026-10-07T01:48:29.0353934Z ✔ JOIN-502 discovery adapter: a discovered City is a candidate, never a credential (4.493ms)
gateway-web	Run pnpm test	2026-10-07T01:48:29.0355649Z ✔ JOIN-502 discovery adapter: the same City advertised twice is ONE row, and the newest address wins (0.2786ms)
gateway-web	Run pnpm test	2026-10-07T01:48:29.0357636Z ✔ JOIN-502 discovery adapter: a stale or future-dated sighting is not offered, and an unidentified one is not merged (0.9807ms)
gateway-web	Run pnpm test	2026-10-07T01:48:29.0359016Z ✔ JOIN-502 discovery adapter: a row with no reachable endpoint is refused rather than offered (0.333ms)
gateway-web	Run pnpm test	2026-10-07T01:48:29.0360397Z ✔ JOIN-502 discovery adapter: the probe fails SOFT - no probe, no fetch or a bad answer is an empty list (0.82ms)
gateway-web	Run pnpm test	2026-10-07T01:48:29.0362234Z ✔ JOIN-502 gateway browse: mDNS records become RF-003 advertisements, and the contract still refuses to pair from them (1.6242ms)
gateway-web	Run pnpm test	2026-10-07T01:48:29.0364224Z ✔ JOIN-502 gateway browse: the view carries the ADVERTISED address and withholds it once stale (0.2592ms)
gateway-web	Run pnpm test	2026-10-07T01:48:29.0365748Z ✔ JOIN-502 capability statement: a City states what it accepts instead of a client guessing (0.2959ms)
gateway-web	Run pnpm test	2026-10-07T01:48:29.0367305Z ✔ P1-P5 discovery, request, approval and exchange hold the workbook boundaries (158.4283ms)
gateway-web	Run pnpm test	2026-10-07T01:48:29.0368465Z     OBSERVED: /pairing/info bad-version -> 200; /pairing/session bad-version -> 409
gateway-web	Run pnpm test	2026-10-07T01:48:29.0369803Z ✔ P6 REGRESSION PROBE the version check on the legacy public pairing routes (29.8028ms)
gateway-web	Run pnpm test	2026-10-07T01:48:29.0371119Z ✔ the browse is reachable WITHOUT a credential, because a joining PC has none (2182.524ms)
gateway-web	Run pnpm test	2026-10-07T01:48:29.0372584Z ✔ the DECISION routes stay authenticated: a public read must not widen into a public write (82.65ms)
gateway-web	Run pnpm test	2026-10-07T01:48:29.0373789Z ✔ the version check still applies to the join routes that are public (41.7917ms)
gateway-web	Run pnpm test	2026-10-07T01:48:29.0375369Z ✔ JOIN-502 surface: a nearby City is offered without being trusted, and joining waits for an approval (6778.3284ms)
gateway-web	Run pnpm test	2026-10-07T01:48:29.0377337Z ✔ JOIN-502 surface: a refused browse still offers the fallbacks, and a rejected ask leaves the device untrusted (7206.7336ms)
gateway-web	Run pnpm test	2026-10-07T01:48:29.0378938Z ✔ JOIN-503 (1)(2): one join enrolls an installation, and a RESTART reconnects with nothing typed (184.7483ms)
gateway-web	Run pnpm test	2026-10-07T01:48:29.0381558Z ✔ JOIN-503 (3): an EXPIRED session is replaced by an internal re-auth, with no user-visible token prompt (60.29ms)
gateway-web	Run pnpm test	2026-10-07T01:48:29.0383214Z ✔ JOIN-503 (4)(5): REVOKE denies reconnect, and a revoked installation cannot mint new membership (86.4783ms)
gateway-web	Run pnpm test	2026-10-07T01:48:29.0384783Z ✔ JOIN-503 (6): a REINSTALL mints new identities and is unbound until an explicit rebind (113.8075ms)
gateway-web	Run pnpm test	2026-10-07T01:48:29.0386348Z ✔ JOIN-503 (7): the secret-exposure sweep - no durable secret in the snapshot, events, records or a URL (74.0102ms)
gateway-web	Run pnpm test	2026-10-07T01:48:29.0387771Z ✔ JOIN-503: a broken or foreign device file is refused rather than half-used (6.9435ms)
gateway-web	Run pnpm test	2026-10-07T01:48:29.0389186Z ✔ JOIN-503 (8): the engineering manual fallback still exists and is not the default path (49.0615ms)
gateway-web	Run pnpm test	2026-10-07T01:48:29.0390684Z ✔ JOIN-503: an invite of either shape is understood, and junk is refused instead of guessed at (1.0762ms)
gateway-web	Run pnpm test	2026-10-07T01:48:29.0392288Z ✔ JOIN-503: enrollment events are emitted on a CLONE, which is the population-level half of detection (40.1892ms)
gateway-web	Run pnpm test	2026-10-07T01:48:29.0393693Z ✔ REVIEW JOIN-503 D-1/D-2: a session may act on ITSELF and on nothing else (183.6104ms)
gateway-web	Run pnpm test	2026-10-07T01:48:29.0395158Z ✔ D-1: an enrolled session may NOT revoke another installation, and the refusal really refuses (210.9457ms)
gateway-web	Run pnpm test	2026-10-07T01:48:29.0396793Z ✔ D-2: a session sees ONLY itself - not the roster, and not the City-wide clone scan (66.3372ms)
gateway-web	Run pnpm test	2026-10-07T01:48:29.0398534Z ✔ D-1/D-2: the owner keeps FULL authority, so the repair did not break the surface it protects (79.6461ms)
gateway-web	Run pnpm test	2026-10-07T01:48:29.0400113Z ✔ D-1/D-2: the two sibling guards the review compared against are still in place (65.7566ms)
gateway-web	Run pnpm test	2026-10-07T01:48:29.0402029Z ✔ Android approval enrolls a named member; durable reconnect survives City restart and self-revoke (446.8392ms)
gateway-web	Run pnpm test	2026-10-07T01:48:29.0404076Z ✔ LINK: two independent Cities link over a pipe the main City dialled out, and a join completes across it (153.1136ms)
gateway-web	Run pnpm test	2026-10-07T01:48:29.0405713Z ✔ MESH-301 naming: a fresh machine joins as Alien-Win, and that name is persisted (1.254ms)
gateway-web	Run pnpm test	2026-10-07T01:48:29.0407155Z ✔ MESH-301 naming: RENAMING changes the label and never the physical identity (0.1774ms)
gateway-web	Run pnpm test	2026-10-07T01:48:29.0408510Z ✔ MESH-301 naming: the persisted identity beats the default even with no arguments at all (0.1575ms)
gateway-web	Run pnpm test	2026-10-07T01:48:29.0409926Z ✔ MESH-301 naming: an explicit environment identity wins and is persisted (0.2006ms)
gateway-web	Run pnpm test	2026-10-07T01:48:29.0411156Z ✔ MESH-301 naming: --id wins, and the flag does NOT swallow the display name (0.2135ms)
gateway-web	Run pnpm test	2026-10-07T01:48:29.0412812Z ✔ MESH-301 naming: an unreadable identity store does not stop the node, and the default still applies (0.3063ms)
gateway-web	Run pnpm test	2026-10-07T01:48:29.0414227Z ✔ targeting: an absent or empty target means untargeted, never an error (1.5817ms)
gateway-web	Run pnpm test	2026-10-07T01:48:29.0415457Z ✔ targeting: a malformed target is a typed refusal, not a silently ignored field (0.324ms)
gateway-web	Run pnpm test	2026-10-07T01:48:29.0417258Z ✔ targeting: the claim rule is total - untargeted always allowed, strict only for the named device (0.2619ms)
gateway-web	Run pnpm test	2026-10-07T01:48:29.0418859Z ✔ targeting: KNOWN, ONLINE and ELIGIBLE are three questions, and only the last one is claimable (0.6808ms)
gateway-web	Run pnpm test	2026-10-07T01:48:29.0420340Z ✔ targeting: a withheld task names the device it is held for and the device that asked (1.4789ms)
gateway-web	Run pnpm test	2026-10-07T01:48:29.0421753Z ✔ targeting: waiting means strict, unfinished and unclaimed (0.2848ms)
gateway-web	Run pnpm test	2026-10-07T01:48:29.0423473Z ✔ MESH-301 step 3: a strict target routes to one device, waits when that device is away, and never reroutes (1409.2367ms)
gateway-web	Run pnpm test	2026-10-07T01:48:29.0425390Z ✔ D-R1: a surface with two sockets is ONE surface, and only the last socket closing announces its departure (1346.9306ms)
gateway-web	Run pnpm test	2026-10-07T01:48:29.0427149Z ✔ D-R1: an ANONYMOUS surface is still recorded, and anonymous sockets do not silence each other (756.9296ms)
gateway-web	Run pnpm test	2026-10-07T01:48:29.0428566Z ✔ records mission events and finalizes a verified episode (788.603ms)
gateway-web	Run pnpm test	2026-10-07T01:48:29.0429722Z ✔ refuses same host for migration and verification (408.6327ms)
gateway-web	Run pnpm test	2026-10-07T01:48:29.0432213Z ✔ bounded canonical projection exposes active task, binding and exact event evidence without raw secrets (245.7733ms)
gateway-web	Run pnpm test	2026-10-07T01:48:29.0433440Z ✔ overflow and missing history remain visible; fresh snapshot reflects canonical state, not cached truth (205.1424ms)
gateway-web	Run pnpm test	2026-10-07T01:48:29.0434355Z ✔ slow/disconnected observation never gates real canonical task persistence (162.5361ms)
gateway-web	Run pnpm test	2026-10-07T01:48:29.0435217Z ✔ real API claim/report projection follows persisted lifecycle and cannot execute commands (226.3713ms)
gateway-web	Run pnpm test	2026-10-07T01:48:29.0436173Z ✔ stalled HTTP monitor request and broken reader leave independent create/cancel requests working (187.5345ms)
gateway-web	Run pnpm test	2026-10-07T01:48:29.0437122Z ✔ invalid limits cannot create unbounded queries, single flight and unknown populations stay honest (161.485ms)
gateway-web	Run pnpm test	2026-10-07T01:48:29.0437982Z ✔ deleted historical prefix and tail cannot be reported as complete history (182.6376ms)
gateway-web	Run pnpm test	2026-10-07T01:48:29.0438889Z ✔ Gateway shares outstanding observation and retains stale last view on later source failure (190.6179ms)
gateway-web	Run pnpm test	2026-10-07T01:48:29.0440284Z ✔ same LAN is direct, and it is chosen FIRST so the common case pays for nothing (2.1901ms)
gateway-web	Run pnpm test	2026-10-07T01:48:29.0441749Z ✔ a peer that cannot be dialled uses the outbound relay when one exists - no account, no router change (0.245ms)
gateway-web	Run pnpm test	2026-10-07T01:48:29.0443254Z ✔ an overlay the user ALREADY has beats asking them to create one (0.1606ms)
gateway-web	Run pnpm test	2026-10-07T01:48:29.0444244Z ✔ a forwarded port is offered WITH its cost, as an Owner decision rather than a silent choice (0.1866ms)
gateway-web	Run pnpm test	2026-10-07T01:48:29.0445181Z ✔ two PCs on different networks with no relay and no overlay get an HONEST none plus the Owner question (0.2524ms)
gateway-web	Run pnpm test	2026-10-07T01:48:29.0446040Z ✔ a /24 mismatch is only used to prefer a direct attempt, never to claim reachability (0.3211ms)
gateway-web	Run pnpm test	2026-10-07T01:48:29.0446743Z ✔ loopback and Bluetooth are direct, with their reasons stated (0.2195ms)
gateway-web	Run pnpm test	2026-10-07T01:48:29.0447500Z ✔ the group plan reports the HARDEST peer as what the group requires, not the easiest (1.1677ms)
gateway-web	Run pnpm test	2026-10-07T01:48:29.0448350Z ✔ when every peer needs the Owner, the plan says so and lists them rather than offering a spinner (0.4005ms)
gateway-web	Run pnpm test	2026-10-07T01:48:29.0449073Z ✔ an empty group and junk input are answered, not thrown at (0.4027ms)
gateway-web	Run pnpm test	2026-10-07T01:48:29.0449763Z ✔ the preference list is exported so the order is reviewable rather than buried (0.2227ms)
gateway-web	Run pnpm test	2026-10-07T01:48:29.0450749Z ✔ real node executes file checkpoint task; cancelled task stays cancelled (1217.9114ms)
gateway-web	Run pnpm test	2026-10-07T01:48:29.0452262Z ✔ custom City lockout never directs users to an unrelated Alien host; explicit renewal remains usable (158.5595ms)
gateway-web	Run pnpm test	2026-10-07T01:48:29.0453150Z ✔ mDNS tries reachable advertised addresses instead of trusting lexical order (32.1436ms)
gateway-web	Run pnpm test	2026-10-07T01:48:29.0453906Z ✔ a multicast browse error is unavailable, not a successful empty search (0.6275ms)
gateway-web	Run pnpm test	2026-10-07T01:48:29.0454695Z ✔ Bluetooth scanning decodes the existing Android locator and reports unsupported hosts (0.6861ms)
gateway-web	Run pnpm test	2026-10-07T01:48:29.0455544Z ✔ Bluetooth discovery retains the default HTTP port and verifies the endpoint identity (0.5422ms)
gateway-web	Run pnpm test	2026-10-07T01:48:29.0456437Z ✔ N3: a pairing session offers a WEB link a second PC can open, without replacing the QR payload (25.7107ms)
gateway-web	Run pnpm test	2026-10-07T01:48:29.0457312Z ✔ N3: the session route hands the web link to the surface, so the page has something to show (117.7633ms)
gateway-web	Run pnpm test	2026-10-07T01:48:29.0458042Z ✔ N3: the pairing entry exists in BOTH states the page can be in (1.2309ms)
gateway-web	Run pnpm test	2026-10-07T01:48:29.0458754Z ✔ N3: the page can take a link from the address bar, and it asks before it connects (0.8977ms)
gateway-web	Run pnpm test	2026-10-07T01:48:29.0459508Z ✔ IDLE: no session exists until create() is called, and a read never changes that (1.6076ms)
gateway-web	Run pnpm test	2026-10-07T01:48:29.0460294Z ✔ generate once: exactly one ACTIVE session with the City payload kept verbatim (1.1627ms)
gateway-web	Run pnpm test	2026-10-07T01:48:29.0461077Z ✔ ACTIVE is FINAL against re-generation: a second create() cannot rotate the code (1.0393ms)
gateway-web	Run pnpm test	2026-10-07T01:48:29.0461904Z ✔ ordinary reads keep the SAME id, code and payload (0.3006ms)
gateway-web	Run pnpm test	2026-10-07T01:48:29.0462682Z ✔ CONSUMED: the City reporting a different canonical session ends ACTIVE as USED, not as a mystery (0.2683ms)
gateway-web	Run pnpm test	2026-10-07T01:48:29.0463538Z ✔ EXPIRED: the countdown tick ends the session, names it EXPIRED, and creates nothing (0.2175ms)
gateway-web	Run pnpm test	2026-10-07T01:48:29.0464332Z ✔ a second EXPLICIT generate after expiry produces a new, different session (0.3367ms)
gateway-web	Run pnpm test	2026-10-07T01:48:29.0465099Z ✔ a malformed session response creates nothing (a half-session is not rendered) (0.353ms)
gateway-web	Run pnpm test	2026-10-07T01:48:29.0465883Z ✔ reload persistence: the SAME valid session is restored, with its original expiry (0.5609ms)
gateway-web	Run pnpm test	2026-10-07T01:48:29.0466739Z ✔ a stored session that expired while the page was away comes back EXPIRED, never as a new code (0.3602ms)
gateway-web	Run pnpm test	2026-10-07T01:48:29.0467527Z ✔ a corrupt or foreign storage record is dropped rather than half-rendered (0.3317ms)
gateway-web	Run pnpm test	2026-10-07T01:48:29.0468259Z ✔ an explicit user clear names its reason and still creates nothing (0.1887ms)
gateway-web	Run pnpm test	2026-10-07T01:48:29.0468994Z ✔ clearOnSessionChanged is a no-op while the City still reports our own session (0.2121ms)
gateway-web	Run pnpm test	2026-10-07T01:48:29.0477656Z ✔ when the City session vanished AND ours is past expiry, the reason reported is EXPIRED (0.157ms)
gateway-web	Run pnpm test	2026-10-07T01:48:29.0478837Z ✔ a new session after a terminal state is a full fresh display, and generate stays offered only when idle (0.1599ms)
gateway-web	Run pnpm test	2026-10-07T01:48:29.0480115Z ✔ pairing input survives slow typing, refresh, navigation and a failed attempt (14642.772ms)
gateway-web	Run pnpm test	2026-10-07T01:48:29.0481346Z ✔ a six digit code pairs to the City serving the disconnected page (3374.8851ms)
gateway-web	Run pnpm test	2026-10-07T01:48:29.0482699Z ✔ LAN search selects a peer and hands the code to its origin without a cross-origin POST (3688.4987ms)
gateway-web	Run pnpm test	2026-10-07T01:48:29.0484225Z ✔ BLE_BOOTSTRAP search selects a peer and hands the code to its origin without a cross-origin POST (3632.3371ms)
gateway-web	Run pnpm test	2026-10-07T01:48:29.0485626Z ✔ Bluetooth search is actionable and explains an unavailable radio (2940.0068ms)
gateway-web	Run pnpm test	2026-10-07T01:48:29.0486752Z ✔ a failed code handoff retains the target identity on retries (4907.8935ms)
gateway-web	Run pnpm test	2026-10-07T01:48:29.0488201Z ✔ JOIN-501 acceptance: no implicit generation, an ACTIVE code that cannot rotate, and both terminal states (15928.5368ms)
gateway-web	Run pnpm test	2026-10-07T01:48:29.0489709Z ✔ JOIN-501 real-endpoint receiver: a SECOND process (not the owner page) consumes the code the page shows (6425.5503ms)
gateway-web	Run pnpm test	2026-10-07T01:48:29.0491128Z ✔ JOIN-501 acceptance: expiry ends the display by itself, and the expiry path creates nothing (7022.7038ms)
gateway-web	Run pnpm test	2026-10-07T01:48:29.0492513Z ✔ JOIN-501: a fresh browser session starts with NO code, and a stored expired record is never exchanged (6812.3546ms)
gateway-web	Run pnpm test	2026-10-07T01:48:29.0493498Z ✔ short code preserves identity pinning, reports lockout, and never sends a code to the wrong City (195.3126ms)
gateway-web	Run pnpm test	2026-10-07T01:48:29.0494374Z ✔ code handoff carries only a selected City, six digits and the existing transport in a fragment (0.9435ms)
gateway-web	Run pnpm test	2026-10-07T01:48:29.0495260Z ✔ pairing sessions exchange once, expire and reject secret/code guesses without exposing credentials (204.3054ms)
gateway-web	Run pnpm test	2026-10-07T01:48:29.0496143Z ✔ descriptor validation rejects invalid input and conflicts, discovery TXT excludes secrets (0.9941ms)
gateway-web	Run pnpm test	2026-10-07T01:48:29.0496933Z ✔ 705: side-effect unknown/strict target/still-live worker cannot silently retry (1.2666ms)
gateway-web	Run pnpm test	2026-10-07T01:48:29.0497749Z ✔ 712: reconciliation is bounded and proposes, never invents task/stop proof or repeats live start (0.9684ms)
gateway-web	Run pnpm test	2026-10-07T01:48:29.0498637Z ✔ 713: stale SLO observations and unknown preference cannot trigger irreversible/paid/offload change (0.3607ms)
gateway-web	Run pnpm test	2026-10-07T01:48:29.0499519Z ✔ 714: origin projection requires current session ownership and bounded gap-aware deduplicated cursor (0.7681ms)
gateway-web	Run pnpm test	2026-10-07T01:48:29.0500405Z ✔ 728: bridge uses canonical methods; result delivery is distinct from explicit session consumption (0.7564ms)
gateway-web	Run pnpm test	2026-10-07T01:48:29.0501482Z ✔ 727: actual ConnectorPort methods required; missing runtime stays unavailable, no CPU substitution (0.4717ms)
gateway-web	Run pnpm test	2026-10-07T01:48:29.0502366Z ✔ 709: opaque digest-checked artifacts reject traversal, revoked access and bounded quota overflow (21.0031ms)
gateway-web	Run pnpm test	2026-10-07T01:48:29.0503304Z ✔ 710: actual local CPU process produces JSON digest and identifies host/process; bounded/cancelled input refused (70.4259ms)
gateway-web	Run pnpm test	2026-10-07T01:48:29.0504293Z ✔ 711: explicit compatible checkpoint restore completes identical CPU sum; incompatible input/attempt refused (80.786ms)
gateway-web	Run pnpm test	2026-10-07T01:48:29.0505297Z ✔ 703: declared DAG executes concurrent independent stages, dependency before consumer and cancellation propagates (33.1986ms)
gateway-web	Run pnpm test	2026-10-07T01:48:29.0506169Z ✔ 703: byte/item credit cannot overflow, double acknowledge, or continue after cancel (1.1066ms)
gateway-web	Run pnpm test	2026-10-07T01:48:29.0506938Z ✔ 709: caller metadata cannot overwrite storage identity, digest, size or schema version (3.2415ms)
gateway-web	Run pnpm test	2026-10-07T01:48:29.0507647Z ✔ 703: final-stage failure is never returned as an empty successful plan (0.6901ms)
gateway-web	Run pnpm test	2026-10-07T01:48:29.0508415Z ✔ 706: remote work requires independent authorization, sharing, data scope, expiry and budget (2.2198ms)
gateway-web	Run pnpm test	2026-10-07T01:48:29.0509387Z ✔ 706: default policy remains origin-only; requests cannot broaden authority (0.3511ms)
gateway-web	Run pnpm test	2026-10-07T01:48:29.0510449Z ✔ 725: provider capabilities are typed; cooperative process cannot claim hard isolation (0.4867ms)
gateway-web	Run pnpm test	2026-10-07T01:48:29.0511271Z ✔ 708: canonical identity preserved; numeric/resource/QoS/version/depth inputs fail closed (0.8379ms)
gateway-web	Run pnpm test	2026-10-07T01:48:29.0512481Z ✔ 726: capsule binds immutable task/session/attempt/host/boot/epoch/digest; receipt is untrusted (1.5307ms)
gateway-web	Run pnpm test	2026-10-07T01:48:29.0513576Z ✔ full local candidate: two real CPU applications execute through canonical admission/artifacts/capsule/receipt/origin/consumption (364.2248ms)
gateway-web	Run pnpm test	2026-10-07T01:48:29.0514492Z ✔ review: canonical task ownership cannot be substituted by a caller workload (150.3105ms)
gateway-web	Run pnpm test	2026-10-07T01:48:29.0515236Z ✔ review: terminal attempt retention remains bounded without stopping job 257 (13308.5252ms)
gateway-web	Run pnpm test	2026-10-07T01:48:29.0516189Z ✔ review: separate artifact stores cannot acknowledge over-quota concurrent publications (38.0065ms)
gateway-web	Run pnpm test	2026-10-07T01:48:29.0517112Z ✔ 702: feasibility precedes ranking; stale/unknown/untrusted/strict/capability constraints cannot win (2.613ms)
gateway-web	Run pnpm test	2026-10-07T01:48:29.0518241Z ✔ 704/712: canonical CAS admission, idempotence, epoch fencing, commit and restart preserve one task truth (827.1348ms)
gateway-web	Run pnpm test	2026-10-07T01:48:29.0519225Z ✔ 704: changed policy/version or observation cannot be admitted (513.426ms)
gateway-web	Run pnpm test	2026-10-07T01:48:29.0519902Z ✔ 704: bounded fair queue alternates app ownership and aging protects starvation (2.1669ms)
gateway-web	Run pnpm test	2026-10-07T01:48:29.0520722Z ✔ 715: projection labels absent execution/consumption separately and cannot mutate canonical state (0.5498ms)
gateway-web	Run pnpm test	2026-10-07T01:48:29.0521531Z ✔ 716: deployment plan is explicit opt-in, schema gated and never installs itself (0.2892ms)
gateway-web	Run pnpm test	2026-10-07T01:48:29.0522375Z ✔ 707: existing canonical trace vocabulary reused; disabled/throwing sidecar never alters caller outcome (1.1368ms)
gateway-web	Run pnpm test	2026-10-07T01:48:29.0523314Z ✔ 721/723: freeze actual/simulated evidence separately; adaptation cannot bypass approved feasible proposals (0.6134ms)
gateway-web	Run pnpm test	2026-10-07T01:48:29.0524250Z ✔ 720: actual driver units parsed; unsupported power/thermal remain unknown; bad memory never becomes zero (0.5276ms)
gateway-web	Run pnpm test	2026-10-07T01:48:29.0525198Z ✔ optional: model/Linux/Android worker/HA readiness cannot be inferred from installed software or control client (0.2044ms)
gateway-web	Run pnpm test	2026-10-07T01:48:29.0526017Z ✔ review: NOT_RUN/UNKNOWN and string false are never observed prerequisites (0.2176ms)
gateway-web	Run pnpm test	2026-10-07T01:48:29.0527158Z ✔ 715: existing gateway exposes owner-only, read-only PCF projection without enabling execution (643.5074ms)
gateway-web	Run pnpm test	2026-10-07T01:48:29.0528490Z ✔ canonical Task uses COMPLETED while capsule outcome remains SUCCEEDED (475.4628ms)
gateway-web	Run pnpm test	2026-10-07T01:48:29.0529831Z ✔ uncertain side effects keep running canonical truth, reservation and visible attention (564.704ms)
gateway-web	Run pnpm test	2026-10-07T01:48:29.0531305Z ✔ default gateway retains readonly fabric and does not admit PCF jobs (609.2386ms)
gateway-web	Run pnpm test	2026-10-07T01:48:29.0532587Z ✔ explicit approved local owner executes CPU and acknowledges digest (806.6215ms)
gateway-web	Run pnpm test	2026-10-07T01:48:29.0533210Z ✔ enabled without approved device refuses startup (1.9961ms)
gateway-web	Run pnpm test	2026-10-07T01:48:29.0533880Z ✔ legacy cancellation cannot change PCF state and member session has no owner authority (958.974ms)
gateway-web	Run pnpm test	2026-10-07T01:48:29.0534742Z ✔ legacy backend cannot claim or report a capsule-owned PCF task; ordinary WAIT remains claimable (742.5666ms)
gateway-web	Run pnpm test	2026-10-07T01:48:29.0535487Z ✔ owned CPU work waits for durable start callback before receiving input (71.7868ms)
gateway-web	Run pnpm test	2026-10-07T01:48:29.0536196Z ✔ storage refusal before input stops the owned CPU child and cannot publish success (6.6572ms)
gateway-web	Run pnpm test	2026-10-07T01:48:29.0536975Z ✔ recovery refuses timeout, PID-only, stale epoch, revoked authority and unknown effects (515.8831ms)
gateway-web	Run pnpm test	2026-10-07T01:48:29.0537741Z ✔ bound owned-stop proof requeues the same Task/Action once and fences old output (546.8558ms)
gateway-web	Run pnpm test	2026-10-07T01:48:29.0538460Z ✔ authority revoked during asynchronous stop proof cannot release or requeue (521.7969ms)
gateway-web	Run pnpm test	2026-10-07T01:48:29.0539240Z ✔ opt-in canonical port uses two actual CPU processes through headless agents and WBC pool (922.8519ms)
gateway-web	Run pnpm test	2026-10-07T01:48:29.0540037Z ✔ durable claim nonce, exact principal and current grant block replay or revoked worker (375.2239ms)
gateway-web	Run pnpm test	2026-10-07T01:48:29.0540829Z ✔ report refuses stale epoch, forged capsule, wrong bytes and missing trusted close proof (622.0171ms)
gateway-web	Run pnpm test	2026-10-07T01:48:29.0541510Z ✔ stop control requests stop without committing terminal state (495.5763ms)
gateway-web	Run pnpm test	2026-10-07T01:48:29.0542244Z ✔ registration bridge rechecks current worker grant instead of granting an invented membership (448.536ms)
gateway-web	Run pnpm test	2026-10-07T01:48:29.0543070Z ✔ claim nonce survives reconstructed port and dormant port grants no endpoints (610.9362ms)
gateway-web	Run pnpm test	2026-10-07T01:48:29.0543771Z ✔ enabled remote port requires a synchronous current authority boundary (367.4862ms)
gateway-web	Run pnpm test	2026-10-07T01:48:29.0544495Z ✔ claim refuses owner revocation during awaited worker recheck before durable nonce (428.9976ms)
gateway-web	Run pnpm test	2026-10-07T01:48:29.0545216Z ✔ dispatch refuses worker revocation during final awaited owner policy read (145.2207ms)
gateway-web	Run pnpm test	2026-10-07T01:48:29.0545989Z ✔ report refuses grant revocation during final awaited owner read without canonical completion (260.395ms)
gateway-web	Run pnpm test	2026-10-07T01:48:29.0546918Z ✔ input delivery refuses owner revocation during awaited artifact read (163.573ms)
gateway-web	Run pnpm test	2026-10-07T01:48:29.0547817Z ✔ approved service creates one existing canonical task/action, starts independently of UI and returns once to bound caller (753.143ms)
gateway-web	Run pnpm test	2026-10-07T01:48:29.0548816Z ✔ service bounds queue, rejects unapproved/cross-device work, drains and preserves cancel terminal truth (583.0598ms)
gateway-web	Run pnpm test	2026-10-07T01:48:29.0549732Z ✔ live policy revocation before dispatch prevents a process launch and does not invent side effects (584.8969ms)
gateway-web	Run pnpm test	2026-10-07T01:48:29.0550497Z ✔ a second supervisor cannot take ownership merely because time elapsed (431.3759ms)
gateway-web	Run pnpm test	2026-10-07T01:48:29.0551249Z ✔ drain fences an admission awaiting current authority and creates no late Task or Action (517.6458ms)
gateway-web	Run pnpm test	2026-10-07T01:48:29.0552131Z ✔ PCF-700 C1: a City with no fabric or workbench configuration starts and serves with the default backend (95.7299ms)
gateway-web	Run pnpm test	2026-10-07T01:48:29.0553369Z ✔ PCF-700 C2: a legacy untargeted task is still claimable by any able node (51.7524ms)
gateway-web	Run pnpm test	2026-10-07T01:48:29.0554538Z ✔ PCF-700 C3: a task whose strict target is absent is withheld from other nodes, never silently re-routed (39.7448ms)
gateway-web	Run pnpm test	2026-10-07T01:48:29.0555977Z ✔ PCF-700 C4: a result returns to the canonical origin surface, not only to the executor (48.5556ms)
gateway-web	Run pnpm test	2026-10-07T01:48:29.0557444Z ✔ PCF-700 C5: a legacy descriptor is tolerated by the contract, and the live route states what it requires (31.7597ms)
gateway-web	Run pnpm test	2026-10-07T01:48:29.0558911Z ✔ PCF-700 C6: the HYBRID helper is exported but NOT wired into the gateway (frozen as NOT_WIRED) (2.1774ms)
gateway-web	Run pnpm test	2026-10-07T01:48:29.0560634Z ✔ PCF-700 C7: the pooled backend is registered but not active, and the strict-target guard is wired into claim (27.6652ms)
gateway-web	Run pnpm test	2026-10-07T01:48:29.0562258Z ✔ PCF-700 D1: no backend module imports a front-end module, so the UI -> backend direction stays acyclic (529.8024ms)
gateway-web	Run pnpm test	2026-10-07T01:48:29.0563312Z ✔ PCF-700 D2: every endpoint a user surface names is one the gateway actually serves (462.6704ms)
gateway-web	Run pnpm test	2026-10-07T01:48:29.0564266Z ✔ PCF-700 D3: every engineering and general-ai contract carries at least one test (449.6093ms)
gateway-web	Run pnpm test	2026-10-07T01:48:29.0565570Z ✔ PCF-700 D4: the fabric stays inside its declared paths, and no other domain imports it (485.7062ms)
gateway-web	Run pnpm test	2026-10-07T01:48:29.0566839Z ✔ Alien CPU: Windows warmup must not publish the loadavg placeholder zero (1.831ms)
gateway-web	Run pnpm test	2026-10-07T01:48:29.0568095Z ✔ Alien CPU: Windows samples a real counter interval instead of loadavg zeros (0.4737ms)
gateway-web	Run pnpm test	2026-10-07T01:48:29.0569371Z ✔ Alien CPU: counter reset is unknown and reestablishes the next interval (1.3183ms)
gateway-web	Run pnpm test	2026-10-07T01:48:29.0570563Z ✔ Alien CPU: absent or unchanged counters never claim an observed zero (0.4521ms)
gateway-web	Run pnpm test	2026-10-07T01:48:29.0571720Z ✔ PCF-701 T1: missing, NaN, negative and wrong-unit values never become 0 (2.8843ms)
gateway-web	Run pnpm test	2026-10-07T01:48:29.0573192Z ✔ PCF-701 T2: an out-of-order sample does not overwrite a newer value (0.6421ms)
gateway-web	Run pnpm test	2026-10-07T01:48:29.0574336Z ✔ PCF-701 T3: a sample from another boot epoch is not mixed into this boot (0.249ms)
gateway-web	Run pnpm test	2026-10-07T01:48:29.0575481Z ✔ PCF-701 T4: a backwards clock cannot keep stale data fresh (0.5837ms)
gateway-web	Run pnpm test	2026-10-07T01:48:29.0576737Z ✔ PCF-701 T5: freshness at a later time expires, and a rewound caller clock cannot resurrect it (1.6308ms)
gateway-web	Run pnpm test	2026-10-07T01:48:29.0577940Z ✔ PCF-701 T6: an absent optional adapter is UNSUPPORTED, not zero (0.4125ms)
gateway-web	Run pnpm test	2026-10-07T01:48:29.0579042Z ✔ PCF-701 T7: a probe that never returns does not freeze the executor (27.0218ms)
gateway-web	Run pnpm test	2026-10-07T01:48:29.0580227Z ✔ PCF-701 T8: a failed sampler is reported, and still no value is invented (0.7824ms)
gateway-web	Run pnpm test	2026-10-07T01:48:29.0581349Z ✔ PCF-701 T9: the buffer is bounded and its drops are visible (0.6501ms)
gateway-web	Run pnpm test	2026-10-07T01:48:29.0582465Z ✔ PCF-701 T10: collection is rate limited and a throttled call does not probe (0.9483ms)
gateway-web	Run pnpm test	2026-10-07T01:48:29.0583234Z ✔ PCF-701 T11: measurement overhead is measured, not guessed (0.9341ms)
gateway-web	Run pnpm test	2026-10-07T01:48:29.0583809Z ✔ PCF-701 T12: only authorised surfaces are ever looked at (2.3672ms)
gateway-web	Run pnpm test	2026-10-07T01:48:29.0585260Z ✔ PCF-701 T14: total, free, reserved and in-use are separate facts, and one bad facet fails alone (0.7277ms)
gateway-web	Run pnpm test	2026-10-07T01:48:29.0586709Z ✔ PCF-701 T15: a free figure larger than its total is refused as two unusable numbers (0.2764ms)
gateway-web	Run pnpm test	2026-10-07T01:48:29.0587769Z ✔ PCF-701 T16: the system adapter reports what it can read and names what it cannot (7.2927ms)
gateway-web	Run pnpm test	2026-10-07T01:48:29.0588570Z ✔ PCF-701 T17: an unavailable adapter keeps its dimensions named instead of dropping them (0.4998ms)
gateway-web	Run pnpm test	2026-10-07T01:48:29.0589393Z ✔ PCF-701 T18: latency belongs to a PATH, and an unmeasured path is never 0 ms (1.0382ms)
gateway-web	Run pnpm test	2026-10-07T01:48:29.0590127Z ✔ PCF-701 T19: a probe that hangs or lies becomes a bounded failure with growing backoff (73.8278ms)
gateway-web	Run pnpm test	2026-10-07T01:48:29.0591817Z ✔ PCF-701 T20: throughput is measured by moving bytes, never inferred from latency (31.8762ms)
gateway-web	Run pnpm test	2026-10-07T01:48:29.0592578Z ✔ PCF-701 T21: a queue with no declared source is UNSUPPORTED, never zero (1.1652ms)
gateway-web	Run pnpm test	2026-10-07T01:48:29.0593384Z ✔ PCF-701 T22: occupancy is the runtime’s own responsiveness, measured or declared unsupported (2.2ms)
gateway-web	Run pnpm test	2026-10-07T01:48:29.0594989Z ✔ PCF-701 T13: the same sample and context always produce the same observation (replayable) (0.8847ms)
gateway-web	Run pnpm test	2026-10-07T01:48:29.0596269Z ✔ pins and leases survive restart and revoked bytes are visibly deleted (41.896ms)
gateway-web	Run pnpm test	2026-10-07T01:48:29.0597612Z ✔ corruption and authorization revoked before publication keep bytes unavailable (22.6187ms)
gateway-web	Run pnpm test	2026-10-07T01:48:29.0599336Z ✔ authorization revoked during direct publication removes partial and restores quota (4.5532ms)
gateway-web	Run pnpm test	2026-10-07T01:48:29.0600574Z ✔ expired and revoked partials can be authorized cancelled with visible cleanup failure and retry (24.0412ms)
gateway-web	Run pnpm test	2026-10-07T01:48:29.0601671Z ✔ transfer publish recovers index fault and descriptor cleanup fault idempotently without double quota (33.2931ms)
gateway-web	Run pnpm test	2026-10-07T01:48:29.0602619Z ✔ cancelled journal-owned blob after chained index and cleanup faults remains counted unavailable storage (40.7724ms)
gateway-web	Run pnpm test	2026-10-07T01:48:29.0603555Z ✔ repository input manifest includes explicit dirty content and refuses secrets and traversal (1.46ms)
gateway-web	Run pnpm test	2026-10-07T01:48:29.0604436Z ✔ transfer descriptors cannot overwrite owner authorization or schema (3.7459ms)
gateway-web	Run pnpm test	2026-10-07T01:48:29.0605147Z ✔ partial transfer resumes across instances only with matching version and digest (25.0408ms)
gateway-web	Run pnpm test	2026-10-07T01:48:29.0605909Z ✔ approved fenced new attempt restores real chunked CPU state and retains old binding (44.497ms)
gateway-web	Run pnpm test	2026-10-07T01:48:29.0606719Z ✔ new attempt recovery rejects absent compatibility and legacy same-attempt remains readable (26.9696ms)
gateway-web	Run pnpm test	2026-10-07T01:48:29.0607621Z ✔ 713 explicit measured miss only reduces own approved queue parallelism and user disable restores it (3.9037ms)
gateway-web	Run pnpm test	2026-10-07T01:48:29.0608448Z ✔ 713 unknown, stale and unapproved readings cannot actuate or claim hard realtime (1.2497ms)
gateway-web	Run pnpm test	2026-10-07T01:48:29.0609249Z ✔ 713 bounded sampling and generation fencing prevent late actuation after disable or revoke (258.6716ms)
gateway-web	Run pnpm test	2026-10-07T01:48:29.0610184Z ✔ 715 controls require configured running service; results returned and caller ack do not become Agent consumption (1.8792ms)
gateway-web	Run pnpm test	2026-10-07T01:48:29.0611471Z ✔ 715 malformed number input and stored task markup cannot cross the control form boundary (2.4434ms)
gateway-web	Run pnpm test	2026-10-07T01:48:29.0612389Z ✔ 715 actual browser preserves open/focused drafts and results through snapshots with approved local controls (18556.6228ms)
gateway-web	Run pnpm test	2026-10-07T01:48:29.0613165Z ✔ 716 preflight rejects unsafe configuration and host conditions (2.5655ms)
gateway-web	Run pnpm test	2026-10-07T01:48:29.0613884Z ✔ 716 lifecycle defaults opt out and dry run; install duplicate and undrained upgrade refuse (0.6973ms)
gateway-web	Run pnpm test	2026-10-07T01:48:29.0614688Z ✔ 716 update requires completed drain, uses ordered canary and rolls back failed verification (1.2066ms)
gateway-web	Run pnpm test	2026-10-07T01:48:29.0615387Z ✔ 716 failed canary never switches; rollback failure remains attention (0.52ms)
gateway-web	Run pnpm test	2026-10-07T01:48:29.0616023Z ✔ 716 bounded logs omit credentials and health probe rejects credentials (1.1733ms)
gateway-web	Run pnpm test	2026-10-07T01:48:29.0616980Z ✔ 716 independent owned child survives absent control surface and stops through its adapter (17.6638ms)
gateway-web	Run pnpm test	2026-10-07T01:48:29.0617889Z ✔ 716 PowerShell opt-out never reads missing config or creates candidate (1059.6805ms)
gateway-web	Run pnpm test	2026-10-07T01:48:29.0619017Z ✔ 716 review duplicate START preserves one owned runtime (0.6624ms)
gateway-web	Run pnpm test	2026-10-07T01:48:29.0620259Z ✔ 716 review restored running manifest cannot uninstall unknown runtime (0.3928ms)
gateway-web	Run pnpm test	2026-10-07T01:48:29.0621802Z ✔ 716 review restored owned runtime reconciles before stopping and uninstalling (0.5593ms)
gateway-web	Run pnpm test	2026-10-07T01:48:29.0622952Z ✔ 716 review invalid rollback never calls adapter or corrupts manifest (0.4299ms)
gateway-web	Run pnpm test	2026-10-07T01:48:29.0624203Z ✔ 716 review real ancestor junction cannot redirect candidate metadata writes (1137.2938ms)
gateway-web	Run pnpm test	2026-10-07T01:48:29.0626235Z ﹣ 718 portable fixed worker uses real POSIX process lifecycle on Linux CI (0.8988ms) # No Linux runtime on this host; Linux CI component evidence is separate from physical acceptance
gateway-web	Run pnpm test	2026-10-07T01:48:29.0627940Z ✔ PCF-719 service stays non-exported and has no launch-intent grant (1.2732ms)
gateway-web	Run pnpm test	2026-10-07T01:48:29.0629195Z ✔ PCF-719 visibility comes from observed application lifecycle and fresh execution checks (0.3642ms)
gateway-web	Run pnpm test	2026-10-07T01:48:29.0631079Z ✔ PCF-719 allowlist, identity separation and fail-closed resource gates remain bounded (0.3442ms)
gateway-web	Run pnpm test	2026-10-07T01:48:29.0632235Z ✔ 720 stable driver/device identity, explicit units and safe integer bounds reject overflow and ambiguous source (1.8017ms)
gateway-web	Run pnpm test	2026-10-07T01:48:29.0633325Z ✔ 720 current canonical reservations and explicit safety constraints refuse stale/driver-change/hot/unknown measurements (0.5624ms)
gateway-web	Run pnpm test	2026-10-07T01:48:29.0634301Z ✔ 720 optional adapter reuses 701 observations and does not silently aggregate heterogeneous GPUs (1.3554ms)
gateway-web	Run pnpm test	2026-10-07T01:48:29.0635028Z ✔ 720 absent driver remains UNSUPPORTED rather than invented zero (13.3334ms)
gateway-web	Run pnpm test	2026-10-07T01:48:29.0636064Z ✔ 720 malformed OBSERVED shape cannot invent available VRAM or survive invalid freshness (0.4879ms)
gateway-web	Run pnpm test	2026-10-07T01:48:29.0636926Z ✔ 720 real registry retains failed driver reads as UNKNOWN while absent driver remains UNSUPPORTED (1.501ms)
gateway-web	Run pnpm test	2026-10-07T01:48:29.0637719Z ✔ configuration is detached, deeply frozen and refuses simulated actual labels (3.0624ms)
gateway-web	Run pnpm test	2026-10-07T01:48:29.0638559Z ✔ two actual local CPU workloads retain repetitions, canonical task/action, trace replay and digests (1538.2086ms)
gateway-web	Run pnpm test	2026-10-07T01:48:29.0639366Z ✔ authority refusals retained and never presented as completed CPU execution (550.3996ms)
gateway-web	Run pnpm test	2026-10-07T01:48:29.0640037Z ✔ counterfactual strategies reuse safety shield and never dispatch (0.4676ms)
gateway-web	Run pnpm test	2026-10-07T01:48:29.0640675Z ✔ stopping rule preserves every remaining planned trial as NOT_RUN (570.7522ms)
gateway-web	Run pnpm test	2026-10-07T01:48:29.0641764Z ✔ trace replay rejects changed persisted normalization rather than asserting successful execution replay (837.7507ms)
gateway-web	Run pnpm test	2026-10-07T01:48:29.0642784Z ✔ source mismatch and dirty checkout cannot become frozen provenance (1729.7061ms)
gateway-web	Run pnpm test	2026-10-07T01:48:29.0643651Z ✔ events infrastructure failure retains completed trial and every remaining planned sample in persisted report (813.2218ms)
gateway-web	Run pnpm test	2026-10-07T01:48:29.0644569Z ✔ report persistence failure exposes recoverable planned ledger and cannot report success (216.0631ms)
gateway-web	Run pnpm test	2026-10-07T01:48:29.0645318Z warning: in the working copy of 'source.mjs', LF will be replaced by CRLF the next time Git touches it
gateway-web	Run pnpm test	2026-10-07T01:48:29.0646024Z warning: in the working copy of 'source.mjs', LF will be replaced by CRLF the next time Git touches it
gateway-web	Run pnpm test	2026-10-07T01:48:29.0646702Z warning: in the working copy of 'source.mjs', LF will be replaced by CRLF the next time Git touches it
gateway-web	Run pnpm test	2026-10-07T01:48:29.0647387Z warning: in the working copy of 'source.mjs', LF will be replaced by CRLF the next time Git touches it
gateway-web	Run pnpm test	2026-10-07T01:48:29.0648274Z ✔ staged-only source contents and index changes alter bounded snapshot identity in an isolated repository (1153.9521ms)
gateway-web	Run pnpm test	2026-10-07T01:48:29.0649068Z ✔ fixed invocation never accepts arbitrary argv or latest session (2.3853ms)
gateway-web	Run pnpm test	2026-10-07T01:48:29.0649709Z ✔ unapproved provider remains NOT_RUN and unknown attachment refused (1.1928ms)
gateway-web	Run pnpm test	2026-10-07T01:48:29.0650393Z ✔ real subprocess fixture captures JSONL exit and refuses duplicate attempt (73.9724ms)
gateway-web	Run pnpm test	2026-10-07T01:48:29.0651350Z ✔ bounded malformed stream fails and cancellation waits for process close (69.3041ms)
gateway-web	Run pnpm test	2026-10-07T01:48:29.0652200Z ✔ adapter binds real ConnectorPort inventory without claiming readiness (0.6921ms)
gateway-web	Run pnpm test	2026-10-07T01:48:29.0652792Z ✔ nonzero exit and invalid JSONL do not become success (120.5475ms)
gateway-web	Run pnpm test	2026-10-07T01:48:29.0653431Z ✔ caller mutation across workspace validation cannot change verified execution (63.7688ms)
gateway-web	Run pnpm test	2026-10-07T01:48:29.0654122Z ✔ production cannot inject a workspace validator or provider fixture argv (0.5021ms)
gateway-web	Run pnpm test	2026-10-07T01:48:29.0654801Z ✔ owned start is persisted before stdin and durable exit precedes collection (72.413ms)
gateway-web	Run pnpm test	2026-10-07T01:48:29.0655623Z ✔ receipt disk failure is ATTENTION and cannot be collected (65.5951ms)
gateway-web	Run pnpm test	2026-10-07T01:48:29.0656250Z ✔ owner start refusal closes the owned process without delivering stdin (7.331ms)
gateway-web	Run pnpm test	2026-10-07T01:48:29.0656925Z ✔ never-settling owner start has a bounded ATTENTION receipt and abort fence (52.3601ms)
gateway-web	Run pnpm test	2026-10-07T01:48:29.0657591Z ✔ late receipt persistence cannot turn callback timeout into success (105.2767ms)
gateway-web	Run pnpm test	2026-10-07T01:48:29.0658391Z ✔ component fixture: real Store admission capsule subprocess durable receipt and same-caller consume (336.7773ms)
gateway-web	Run pnpm test	2026-10-07T01:48:29.0659202Z ✔ facade forwards canonical receipts and keeps delivered distinct from consumed (2.0633ms)
gateway-web	Run pnpm test	2026-10-07T01:48:29.0660288Z ✔ each invocation rechecks current authority including retrieval (0.288ms)
gateway-web	Run pnpm test	2026-10-07T01:48:29.0661351Z ✔ T1: the Web shell is served from apps/web and cannot be escaped (114.083ms)
gateway-web	Run pnpm test	2026-10-07T01:48:29.0662270Z ✔ T1: rooms are reported truthfully when the hub is up (46.6489ms)
gateway-web	Run pnpm test	2026-10-07T01:48:29.0663220Z ✔ T1: an unreachable Room Hub is a state, not an error (30.9182ms)
gateway-web	Run pnpm test	2026-10-07T01:48:29.0664190Z ✔ T2: a Room Action keeps the Room own truth and is idempotent (60.726ms)
gateway-web	Run pnpm test	2026-10-07T01:48:29.0665224Z ✔ T2: a Capability Action carries the real invocation identity (107.0294ms)
gateway-web	Run pnpm test	2026-10-07T01:48:29.0666454Z ✔ T2: a City task is UNAVAILABLE with no node, and follows the real task when there is one (53.1408ms)
gateway-web	Run pnpm test	2026-10-07T01:48:29.0667784Z ✔ T3: Ask / Do routes deterministically, refuses to guess, and confirms side effects (406.3404ms)
gateway-web	Run pnpm test	2026-10-07T01:48:29.0669004Z ✔ scope: no BOSS or HNS route can be created, by any path (34.7488ms)
gateway-web	Run pnpm test	2026-10-07T01:48:29.0669956Z ✔ T1.1: health reflects real readiness instead of being a constant (55.407ms)
gateway-web	Run pnpm test	2026-10-07T01:48:29.0670925Z ✔ T2: an idempotency key is bound to one request (44.2311ms)
gateway-web	Run pnpm test	2026-10-07T01:48:29.0671839Z ✔ T2: City task provenance follows the real task state (39.4148ms)
gateway-web	Run pnpm test	2026-10-07T01:48:29.0673029Z ✔ network: local beats LAN beats remote beats unknown, and latency only ever removes score (3.2062ms)
gateway-web	Run pnpm test	2026-10-07T01:48:29.0674557Z ✔ capacity: missing telemetry is EXCLUDED, never defaulted to a middle value (0.4298ms)
gateway-web	Run pnpm test	2026-10-07T01:48:29.0676504Z ✔ role: a City already carrying devices outranks an identical empty one, and a known City outranks a stranger (0.2656ms)
gateway-web	Run pnpm test	2026-10-07T01:48:29.0678156Z ✔ recommendation: the best carrier wins on network + capacity together, not on either alone (0.7171ms)
gateway-web	Run pnpm test	2026-10-07T01:48:29.0679815Z ✔ recommendation: a candidate with NO telemetry falls back to network+role rather than scoring zero capacity (0.3184ms)
gateway-web	Run pnpm test	2026-10-07T01:48:29.0681407Z ✔ recommendation: an EMPTY list recommends nothing, and says why instead of throwing (1.2802ms)
gateway-web	Run pnpm test	2026-10-07T01:48:29.0683040Z ✔ recommendation: the order is DETERMINISTIC for equal scores, so the list cannot reshuffle between renders (10.4817ms)
gateway-web	Run pnpm test	2026-10-07T01:48:29.0684777Z ✔ recommendation: a single loopback City is recommended with the honest reason that it is the only one (0.3658ms)
gateway-web	Run pnpm test	2026-10-07T01:48:29.0686214Z ✔ weights are exported and the balance is visible rather than guessed (0.425ms)
gateway-web	Run pnpm test	2026-10-07T01:48:29.0687496Z ✔ attachment: wired beats wireless for a CARRIER, and a metered link is halved (0.3369ms)
gateway-web	Run pnpm test	2026-10-07T01:48:29.0688899Z ✔ group carrier: a City nobody else can reach is NOT the carrier, however powerful the machine (0.5609ms)
gateway-web	Run pnpm test	2026-10-07T01:48:29.0690244Z ✔ group carrier: when one City is reachable by every peer it wins, even against a higher-scoring partial one (0.3072ms)
gateway-web	Run pnpm test	2026-10-07T01:48:29.0692135Z ✔ group carrier: with no peer reachability reported, it says the ranking alone decided rather than implying a check (0.2042ms)
gateway-web	Run pnpm test	2026-10-07T01:48:29.0693611Z ✔ group carrier: an empty topology answers honestly instead of throwing (0.2081ms)
gateway-web	Run pnpm test	2026-10-07T01:48:29.0694819Z ✔ the old inline implementation throws on empty output, which is the regression (2.5687ms)
gateway-web	Run pnpm test	2026-10-07T01:48:29.0696015Z ✔ empty output is read as "already gone", not as an unparseable error (0.5143ms)
gateway-web	Run pnpm test	2026-10-07T01:48:29.0696662Z ✔ "null" from ConvertTo-Json is also treated as already gone (0.169ms)
gateway-web	Run pnpm test	2026-10-07T01:48:29.0697177Z ✔ a live, matching process verifies through CIM (0.2172ms)
gateway-web	Run pnpm test	2026-10-07T01:48:29.0697766Z ✔ a live process running something else is a FATAL mismatch, as it was before (0.1782ms)
gateway-web	Run pnpm test	2026-10-07T01:48:29.0698421Z ✔ a quoting-safe array result is handled as well as a single object (0.1804ms)
gateway-web	Run pnpm test	2026-10-07T01:48:29.0699000Z ✔ a missing CommandLine field is not mistaken for a match (0.3462ms)
gateway-web	Run pnpm test	2026-10-07T01:48:29.0699601Z ✔ when CIM is unusable, tasklist still catches a plainly wrong process (0.303ms)
gateway-web	Run pnpm test	2026-10-07T01:48:29.0700237Z ✔ tasklist reporting no match is already-gone rather than unavailable (0.3057ms)
gateway-web	Run pnpm test	2026-10-07T01:48:29.0700890Z ✔ both probes failing is unavailable and aborts before stopping any process (0.3747ms)
gateway-web	Run pnpm test	2026-10-07T01:48:29.0701694Z ✔ unparseable-but-non-empty CIM output falls through to the weaker probe instead of claiming absence (0.2372ms)
gateway-web	Run pnpm test	2026-10-07T01:48:29.0702373Z ✔ a UTF-8 BOM on the output does not break parsing (0.1808ms)
gateway-web	Run pnpm test	2026-10-07T01:48:29.0702881Z ✔ every returned status is one of the declared statuses (0.3284ms)
gateway-web	Run pnpm test	2026-10-07T01:48:29.0703429Z ✔ a non-numeric PID is fatal and never reaches a command line (0.1469ms)
gateway-web	Run pnpm test	2026-10-07T01:48:29.0704002Z ✔ the CIM and tasklist filters refuse a non-numeric PID outright (0.3588ms)
gateway-web	Run pnpm test	2026-10-07T01:48:29.0704570Z ✔ only positively verified identity permits stopping a PID (0.1765ms)
gateway-web	Run pnpm test	2026-10-07T01:48:29.0705164Z ✔ runner stops file side effects when gateway has made task terminal (1.209ms)
gateway-web	Run pnpm test	2026-10-07T01:48:29.0705785Z ✔ runner returns failed report for retry when transport is unavailable (0.4242ms)
gateway-web	Run pnpm test	2026-10-07T01:48:29.0706546Z ✔ S1: a peer that cannot be dialled registers over an OUTBOUND socket, and the City names its ref (97.9172ms)
gateway-web	Run pnpm test	2026-10-07T01:48:29.0707882Z ✔ S1: admission reuses the City’s OWN credentials - a session ref comes from the registry, and a bad one is refused (79.8521ms)
gateway-web	Run pnpm test	2026-10-07T01:48:29.0710268Z ✔ S3: a real join completes over the pipe - the CITY runs the payload, the owner approves, the claim is spent once (53.8699ms)
gateway-web	Run pnpm test	2026-10-07T01:48:29.0711374Z ✔ S3: without approval the pipe grants nothing - the City is not joined just because a path exists (28.5438ms)
gateway-web	Run pnpm test	2026-10-07T01:48:29.0712324Z ✔ S2/S3: the relay refuses to be an open proxy - no path outside the list, and no widening by method (57.5361ms)
gateway-web	Run pnpm test	2026-10-07T01:48:29.0713199Z ✔ S3: a City refusal travels back as its OWN status, so the surface can say why instead of "unreachable" (24.2938ms)
gateway-web	Run pnpm test	2026-10-07T01:48:29.0714103Z ✔ S2: the dialling peer also SERVES the City - a payload the City PUSHES runs on the City it was dialled to (45.452ms)
gateway-web	Run pnpm test	2026-10-07T01:48:29.0714954Z ✔ N2: the whole cross-network join runs over the pipe - capability, ask, decision, credential (97.4136ms)
gateway-web	Run pnpm test	2026-10-07T01:48:29.0715727Z ✔ N2: a rejection is reported AS a rejection and never retried; the flow stops there (83.4199ms)
gateway-web	Run pnpm test	2026-10-07T01:48:29.0716680Z ✔ N2: a pipe that answers for ANOTHER City is refused before an ask is created (28.6733ms)
gateway-web	Run pnpm test	2026-10-07T01:48:29.0717426Z ✔ N2: the reach decision sends the same link to navigation and the far network to the pipe (0.4371ms)
gateway-web	Run pnpm test	2026-10-07T01:48:29.0718243Z ✔ S1: a pipe that never stops is rate-limited, and the version check still applies to the handshake (52.4586ms)
gateway-web	Run pnpm test	2026-10-07T01:48:29.0719014Z ✔ an admitted peer registers and is listed; a refused one is refused WITH a reason (3.9433ms)
gateway-web	Run pnpm test	2026-10-07T01:48:29.0719889Z ✔ a forwarded request reaches the peer and its answer comes back to the caller (0.6999ms)
gateway-web	Run pnpm test	2026-10-07T01:48:29.0720558Z ✔ forwarding to a peer that is not connected is a typed 404, not a hang (0.2179ms)
gateway-web	Run pnpm test	2026-10-07T01:48:29.0721208Z ✔ a peer that never answers produces a TIMEOUT rather than an unbounded wait (57.0841ms)
gateway-web	Run pnpm test	2026-10-07T01:48:29.0721756Z ✔ the in-flight cap is a REFUSAL, not a queue (0.7992ms)
gateway-web	Run pnpm test	2026-10-07T01:48:29.0722399Z ✔ an answer nobody is waiting for is dropped, and an answer from the WRONG peer is not accepted (0.5529ms)
gateway-web	Run pnpm test	2026-10-07T01:48:29.0723125Z ✔ a peer answering with an error rejects the caller with that error, typed (0.4644ms)
gateway-web	Run pnpm test	2026-10-07T01:48:29.0723858Z ✔ a re-dial REPLACES the old connection for that peer rather than leaving two live pipes (0.2435ms)
gateway-web	Run pnpm test	2026-10-07T01:48:29.0724556Z ✔ the peer cap and close() are both refusals rather than silent behaviour (0.6674ms)
gateway-web	Run pnpm test	2026-10-07T01:48:29.0725190Z ✔ a write that throws fails THAT request instead of corrupting the hub (0.5363ms)
gateway-web	Run pnpm test	2026-10-07T01:48:29.0725814Z ✔ a bootstrap payload is a pointer to the pairing path, never trust (3.7906ms)
gateway-web	Run pnpm test	2026-10-07T01:48:29.0726338Z ✔ a MAC address is never consulted for a decision (0.4519ms)
gateway-web	Run pnpm test	2026-10-07T01:48:29.0726900Z ✔ an expired or replayed bootstrap is refused without partial state (0.5164ms)
gateway-web	Run pnpm test	2026-10-07T01:48:29.0727555Z ✔ the IP handoff requires trust and re-verifies the fingerprint on the new path (1.0411ms)
gateway-web	Run pnpm test	2026-10-07T01:48:29.0728114Z ✔ scanning is bounded and payloads are strict (1.1327ms)
gateway-web	Run pnpm test	2026-10-07T01:48:29.0729000Z ✔ a bootstrap window is bounded and a junk clock is a refusal (0.7371ms)
gateway-web	Run pnpm test	2026-10-07T01:48:29.0729592Z ✔ an expired bootstrap cannot be handed off (0.4225ms)
gateway-web	Run pnpm test	2026-10-07T01:48:29.0730150Z ✔ a payload must carry a real nonce, real candidates and its own fields (1.4311ms)
gateway-web	Run pnpm test	2026-10-07T01:48:29.0730759Z ✔ a bootstrap payload is strict, and replay protection is auditable (0.7632ms)
gateway-web	Run pnpm test	2026-10-07T01:48:29.0731680Z ✔ two heterogeneous devices advertise different implementations of one logical capability (5.101ms)
gateway-web	Run pnpm test	2026-10-07T01:48:29.0732440Z ✔ callers resolve a compatible version without knowing the device class (3.1771ms)
gateway-web	Run pnpm test	2026-10-07T01:48:29.0733092Z ✔ an unsupported version fails explicitly instead of being coerced (0.9191ms)
gateway-web	Run pnpm test	2026-10-07T01:48:29.0733731Z ✔ capability loss invalidates new invocations and stays visible in state (1.392ms)
gateway-web	Run pnpm test	2026-10-07T01:48:29.0735037Z ✔ exclusive/shared/background and live/queue metadata survive serialization and versioning (1.6314ms)
gateway-web	Run pnpm test	2026-10-07T01:48:29.0737114Z ✔ an advertised capability is availability metadata, never permission (1.1224ms)
gateway-web	Run pnpm test	2026-10-07T01:48:29.0738190Z ✔ the registry is strict, frozen and free of ambient state (0.9917ms)
gateway-web	Run pnpm test	2026-10-07T01:48:29.0739306Z ✔ canonical execution metadata is decided by own keys, not the prototype chain (0.5225ms)
gateway-web	Run pnpm test	2026-10-07T01:48:29.0740569Z ✔ a malformed or impossible caller instant is refused as a typed error (1.1325ms)
gateway-web	Run pnpm test	2026-10-07T01:48:29.0741732Z ✔ an expired advertisement cannot be invoked by naming an earlier instant (0.5185ms)
gateway-web	Run pnpm test	2026-10-07T01:48:29.0742741Z ✔ a refused wire payload leaves the registry untouched (0.4642ms)
gateway-web	Run pnpm test	2026-10-07T01:48:29.0743774Z ✔ a wire snapshot may not replace newer state or silently clear a recorded loss (0.7741ms)
gateway-web	Run pnpm test	2026-10-07T01:48:29.0744939Z ✔ the wire path enforces the same validation as direct advertisement (0.8045ms)
gateway-web	Run pnpm test	2026-10-07T01:48:29.0746001Z ✔ a capability id whose major is not a safe integer is not addressable (0.2999ms)
gateway-web	Run pnpm test	2026-10-07T01:48:29.0747113Z ✔ a declared canonical execution field is never silently downgraded (0.3754ms)
gateway-web	Run pnpm test	2026-10-07T01:48:29.0748156Z ✔ the advertisement TTL ceiling cannot be lifted by the caller (0.5381ms)
gateway-web	Run pnpm test	2026-10-07T01:48:29.0750133Z ✔ the advertisements() surface is frozen like every other descriptor surface (0.3639ms)
gateway-web	Run pnpm test	2026-10-07T01:48:29.0751423Z ✔ the public surface is frozen and a mock or real adapter satisfies it unchanged (6.2964ms)
gateway-web	Run pnpm test	2026-10-07T01:48:29.0752162Z ✔ policy denial stays a denial even on a perfect authenticated session (1.2116ms)
gateway-web	Run pnpm test	2026-10-07T01:48:29.0753054Z ✔ an advertised capability without effective permission cannot execute (0.5064ms)
gateway-web	Run pnpm test	2026-10-07T01:48:29.0753816Z ✔ foreground-sensitive resources are enforced locally without Fabric deciding ownership (0.8676ms)
gateway-web	Run pnpm test	2026-10-07T01:48:29.0758243Z ✔ Fabric holds no task graph, no assistant state and no competing identity namespace (1.2309ms)
gateway-web	Run pnpm test	2026-10-07T01:48:29.0759409Z ✔ integration seams are recorded without importing a sibling branch (1.0998ms)
gateway-web	Run pnpm test	2026-10-07T01:48:29.0760666Z ✔ the resource class and the local confirmation requirement cannot be dodged by the request (0.8426ms)
gateway-web	Run pnpm test	2026-10-07T01:48:29.0761768Z ✔ a session authorizes only the device it was opened for (0.5395ms)
gateway-web	Run pnpm test	2026-10-07T01:48:29.0762741Z ✔ the adapter cannot hand back a colliding or unauthenticated session (0.4219ms)
gateway-web	Run pnpm test	2026-10-07T01:48:29.0763792Z ✔ a Fabric with no policy port refuses rather than granting every axis (0.4192ms)
gateway-web	Run pnpm test	2026-10-07T01:48:29.0765020Z ✔ revocation reports the presence it can actually observe and releases the foreground claim (0.4352ms)
gateway-web	Run pnpm test	2026-10-07T01:48:29.0766165Z ✔ a failed transport invoke leaves no foreground claim behind (0.4568ms)
gateway-web	Run pnpm test	2026-10-07T01:48:29.0767001Z ✔ subscription and stream inputs are bounded (0.4617ms)
gateway-web	Run pnpm test	2026-10-07T01:48:29.0767810Z ✔ a malformed caller instant is refused as a typed error (0.6087ms)
gateway-web	Run pnpm test	2026-10-07T01:48:29.0768900Z ✔ the foreground policy config and the adapter port are validated rather than trusted (0.5152ms)
gateway-web	Run pnpm test	2026-10-07T01:48:29.0770188Z ✔ a stream runs the same gates as an invocation (0.6927ms)
gateway-web	Run pnpm test	2026-10-07T01:48:29.0771092Z ✔ an exclusive foreground resource needs the action that owns it (0.2603ms)
gateway-web	Run pnpm test	2026-10-07T01:48:29.0772009Z ✔ the adapter interface and its failures are typed (0.5196ms)
gateway-web	Run pnpm test	2026-10-07T01:48:29.0773319Z ✔ a cyclic policy config cannot crash the freezer (0.2072ms)
gateway-web	Run pnpm test	2026-10-07T01:48:29.0774319Z ✔ the advertised capability version is normalized before it is compared (0.3561ms)
gateway-web	Run pnpm test	2026-10-07T01:48:29.0775368Z ✔ the emitted denial reason is part of the exported vocabulary (0.1265ms)
gateway-web	Run pnpm test	2026-10-07T01:48:29.0776217Z ✔ a calendar-impossible instant is refused (0.2375ms)
gateway-web	Run pnpm test	2026-10-07T01:48:29.0777307Z ✔ one invite renders as code, deep link, web link and QR payload without creating trust records (3.8824ms)
gateway-web	Run pnpm test	2026-10-07T01:48:29.0778660Z ✔ expired, cancelled and already-used invites fail with one indistinguishable generic error (2.2104ms)
gateway-web	Run pnpm test	2026-10-07T01:48:29.0779861Z ✔ guessing is rate-limited and never reveals whether a device exists (0.8398ms)
gateway-web	Run pnpm test	2026-10-07T01:48:29.0781512Z ✔ entering an invite reaches pairing preview but cannot invoke capabilities before confirmation (0.8559ms)
gateway-web	Run pnpm test	2026-10-07T01:48:29.0782973Z ✔ an invite is a one-time rendezvous, and after trust it can no longer reconnect anything (1.6542ms)
gateway-web	Run pnpm test	2026-10-07T01:48:29.0784214Z ✔ the rendezvous service stays independent of the eventual data path (1.5378ms)
gateway-web	Run pnpm test	2026-10-07T01:48:29.0785326Z ✔ invite policy values are bounded, so a locator cannot be eternal (0.6544ms)
gateway-web	Run pnpm test	2026-10-07T01:48:29.0786244Z ✔ a hostile link is a bad link, never a crash (0.2877ms)
gateway-web	Run pnpm test	2026-10-07T01:48:29.0787217Z ✔ a consumed invite keeps its outcome, and an impossible instant is typed (0.6126ms)
gateway-web	Run pnpm test	2026-10-07T01:48:29.0788566Z ✔ enumeration is throttled even without a client reference, and an unparseable instant is refused (0.9989ms)
gateway-web	Run pnpm test	2026-10-07T01:48:29.0790159Z ✔ an adapter discovers a peer on the LAN without manual address entry (4.555ms)
gateway-web	Run pnpm test	2026-10-07T01:48:29.0791299Z ✔ wired and Wi-Fi sightings normalize to the same device abstraction (0.6377ms)
gateway-web	Run pnpm test	2026-10-07T01:48:29.0792462Z ✔ duplicate and stale advertisements never create duplicate logical devices (11.6507ms)
gateway-web	Run pnpm test	2026-10-07T01:48:29.0793420Z ✔ an untrusted candidate cannot invoke anything (0.4389ms)
gateway-web	Run pnpm test	2026-10-07T01:48:29.0794480Z ✔ only a trusted node with the right fingerprint upgrades to an encrypted direct path (0.7644ms)
gateway-web	Run pnpm test	2026-10-07T01:48:29.0796105Z ✔ a local network change re-resolves addresses without changing logical identity (1.8215ms)
gateway-web	Run pnpm test	2026-10-07T01:48:29.0797349Z ✔ discovery and fallback scanning stay bounded (3.2077ms)
gateway-web	Run pnpm test	2026-10-07T01:48:29.0798300Z ✔ advertisements are strict, and metadata is never a required identity (0.5648ms)
gateway-web	Run pnpm test	2026-10-07T01:48:29.0799435Z ✔ freshness is a two-sided bound: a replayed future sighting is never current (0.8687ms)
gateway-web	Run pnpm test	2026-10-07T01:48:29.0800576Z ✔ an impossible calendar instant is refused, not read as "not stale" (0.609ms)
gateway-web	Run pnpm test	2026-10-07T01:48:29.0801731Z ✔ an advertisement must carry its fields as own properties on a bare object (0.4963ms)
gateway-web	Run pnpm test	2026-10-07T01:48:29.0802719Z ✔ the per-round advertisement cap is two-sided (4.5827ms)
gateway-web	Run pnpm test	2026-10-07T01:48:29.0803692Z ✔ two different unidentified devices never collapse on a display name (1.2627ms)
gateway-web	Run pnpm test	2026-10-07T01:48:29.0804641Z ✔ one address has exactly one canonical spelling (0.3384ms)
gateway-web	Run pnpm test	2026-10-07T01:48:29.0805622Z ✔ a stale freshness snapshot is never re-emitted as a current verdict (0.5322ms)
gateway-web	Run pnpm test	2026-10-07T01:48:29.0806651Z ✔ logical identity preservation is computed, not asserted (0.4983ms)
gateway-web	Run pnpm test	2026-10-07T01:48:29.0807905Z ✔ native and browser invites retain the target address rather than falling back to this host (1.6594ms)
gateway-web	Run pnpm test	2026-10-07T01:48:29.0809284Z ✔ remote reconnect stays on the recorded origin and rejects a different City response (2.5426ms)
gateway-web	Run pnpm test	2026-10-07T01:48:29.0810975Z ✔ callers use one Fabric surface while the transport implementation is swapped underneath (5.4532ms)
gateway-web	Run pnpm test	2026-10-07T01:48:29.0812325Z ✔ path selection prefers a usable direct route and falls back to relay honestly (1.1506ms)
gateway-web	Run pnpm test	2026-10-07T01:48:29.0813626Z ✔ an unauthenticated or unencrypted path is never adopted, not even on the LAN (0.9685ms)
gateway-web	Run pnpm test	2026-10-07T01:48:29.0814765Z ✔ a relay forwards opaque payloads and can never authorize a peer (1.7166ms)
gateway-web	Run pnpm test	2026-10-07T01:48:29.0816409Z ✔ path loss migrates without a new logical device or a duplicated command (1.3848ms)
gateway-web	Run pnpm test	2026-10-07T01:48:29.0817819Z ✔ one exclusive action can never end up with two authoritative sessions (0.8239ms)
gateway-web	Run pnpm test	2026-10-07T01:48:29.0818808Z ✔ path metadata is bounded, secret-free and frozen (1.1637ms)
gateway-web	Run pnpm test	2026-10-07T01:48:29.0819723Z ✔ a caller-supplied instant is validated on every path (0.6633ms)
gateway-web	Run pnpm test	2026-10-07T01:48:29.0820788Z ✔ the preference list may narrow the canonical order but never promote relay (0.6078ms)
gateway-web	Run pnpm test	2026-10-07T01:48:29.0821819Z ✔ a path descriptor reports what the adapter measured (0.5806ms)
gateway-web	Run pnpm test	2026-10-07T01:48:29.0822766Z ✔ a transport fault during send is typed and records no command (0.5332ms)
gateway-web	Run pnpm test	2026-10-07T01:48:29.0823752Z ✔ the secret scan sees hidden own keys and survives a cycle (0.3694ms)
gateway-web	Run pnpm test	2026-10-07T01:48:29.0825043Z ✔ presence is honest, distinct and never collapses into ONLINE or FAILED (5.0695ms)
gateway-web	Run pnpm test	2026-10-07T01:48:29.0826125Z ✔ a silent node becomes UNREACHABLE rather than ONLINE or FAILED (1.7367ms)
gateway-web	Run pnpm test	2026-10-07T01:48:29.0827146Z ✔ queueable work expires and live-only actions never run late (1.6705ms)
gateway-web	Run pnpm test	2026-10-07T01:48:29.0828190Z ✔ an unknown transport outcome stays UNKNOWN until it is reconciled (0.8567ms)
gateway-web	Run pnpm test	2026-10-07T01:48:29.0829496Z ✔ reconnect revalidates identity, trust, capability, presence and authority before resuming (1.9041ms)
gateway-web	Run pnpm test	2026-10-07T01:48:29.0831103Z ✔ a stale replay after reconnect cannot duplicate a completed side effect (1.0895ms)
gateway-web	Run pnpm test	2026-10-07T01:48:29.0832337Z ✔ the audit log carries causal identifiers and no secrets, and state is isolated (1.8685ms)
gateway-web	Run pnpm test	2026-10-07T01:48:29.0833565Z ✔ the audit sequence stays monotonic and retention is reported honestly (0.5305ms)
gateway-web	Run pnpm test	2026-10-07T01:48:29.0834619Z ✔ the audit secret-freedom claim is checked, not asserted (0.7819ms)
gateway-web	Run pnpm test	2026-10-07T01:48:29.0835567Z ✔ a malformed caller instant is refused as a typed error (1.2581ms)
gateway-web	Run pnpm test	2026-10-07T01:48:29.0836838Z ✔ an observation instant may not lie in the future (0.6322ms)
gateway-web	Run pnpm test	2026-10-07T01:48:29.0837760Z ✔ a backdated instant cannot make a silent node reachable (0.4775ms)
gateway-web	Run pnpm test	2026-10-07T01:48:29.0838720Z ✔ a backdated instant cannot revive an expired queued action (0.428ms)
gateway-web	Run pnpm test	2026-10-07T01:48:29.0839622Z ✔ a replayed enqueue cannot clear an unknown outcome (1.0946ms)
gateway-web	Run pnpm test	2026-10-07T01:48:29.0840688Z ✔ a settled outcome is never regressed to UNKNOWN (0.4904ms)
gateway-web	Run pnpm test	2026-10-07T01:48:29.0841911Z ✔ identifiers are text, so a cyclic object cannot reach the freezer (0.8648ms)
gateway-web	Run pnpm test	2026-10-07T01:48:29.0842909Z ✔ the presence policy is a bound, so it is validated (0.4281ms)
gateway-web	Run pnpm test	2026-10-07T01:48:29.0844309Z ✔ an impossible queue deadline is refused rather than never expiring (0.3846ms)
gateway-web	Run pnpm test	2026-10-07T01:48:29.0845658Z ✔ a duplicate check needs a subject and does not match one it was not given (0.3988ms)
gateway-web	Run pnpm test	2026-10-07T01:48:29.0846717Z ✔ a refusal that protects new work is audited (0.2781ms)
gateway-web	Run pnpm test	2026-10-07T01:48:29.0847575Z ✔ refreshed reconnect state is a plain record (0.2892ms)
gateway-web	Run pnpm test	2026-10-07T01:48:29.0848772Z ✔ an effect confirmed without an in-flight command still suppresses its replay (0.4145ms)
gateway-web	Run pnpm test	2026-10-07T01:48:29.0849945Z ✔ a presence record may not be rebound to another logical identity (0.4122ms)
gateway-web	Run pnpm test	2026-10-07T01:48:29.0851402Z ✔ a live action cannot be downgraded by a non-boolean flag (0.4422ms)
gateway-web	Run pnpm test	2026-10-07T01:48:29.0852507Z ✔ a measurement is validated before any state changes (0.3967ms)
gateway-web	Run pnpm test	2026-10-07T01:48:29.0853746Z ✔ RPC, EVENT and STREAM are separate versioned envelopes with opaque domain payloads (5.02ms)
gateway-web	Run pnpm test	2026-10-07T01:48:29.0854857Z ✔ a retried idempotent command does not repeat the effect, and a new command id is a new action (2.1376ms)
gateway-web	Run pnpm test	2026-10-07T01:48:29.0856328Z ✔ delivery, acceptance, running and completion are observably distinct, and ack is never success (0.755ms)
gateway-web	Run pnpm test	2026-10-07T01:48:29.0857500Z ✔ a deadline stops a stale interactive command from executing later (0.6884ms)
gateway-web	Run pnpm test	2026-10-07T01:48:29.0858976Z ✔ event subscriptions reconnect and replay with ordering, causation and gap reporting (1.4323ms)
gateway-web	Run pnpm test	2026-10-07T01:48:29.0860372Z ✔ stream lifecycle, backpressure and cancellation are independent of RPC (1.3341ms)
gateway-web	Run pnpm test	2026-10-07T01:48:29.0861639Z ✔ the data plane is strict, frozen, and keeps task truth outside the transport session (0.7858ms)
gateway-web	Run pnpm test	2026-10-07T01:48:29.0863247Z ✔ canonical envelopes are decided by own keys on a plain record (0.5368ms)
gateway-web	Run pnpm test	2026-10-07T01:48:29.0864408Z ✔ reference fields are text, so a cyclic object cannot reach the freezer (0.5643ms)
gateway-web	Run pnpm test	2026-10-07T01:48:29.0865622Z ✔ an object-valued action reference cannot turn a retry into a different action (0.4272ms)
gateway-web	Run pnpm test	2026-10-07T01:48:29.0866667Z ✔ a malformed caller instant is refused as a typed error (1.2717ms)
gateway-web	Run pnpm test	2026-10-07T01:48:29.0867530Z ✔ a deadline is judged at the registry clock and bounded by policy (1.1207ms)
gateway-web	Run pnpm test	2026-10-07T01:48:29.0868503Z ✔ a sweep cannot expire a command before its deadline by naming a later instant (0.3685ms)
gateway-web	Run pnpm test	2026-10-07T01:48:29.0870022Z ✔ a contiguous replay never reports a phantom gap, and its resume point is validated (0.6177ms)
gateway-web	Run pnpm test	2026-10-07T01:48:29.0871515Z ✔ an execution result must be terminal and must carry a real result reference (0.6011ms)
gateway-web	Run pnpm test	2026-10-07T01:48:29.0872509Z ✔ a retry may only replay the result its own command produced (0.525ms)
gateway-web	Run pnpm test	2026-10-07T01:48:29.0873228Z ✔ a reused command id may not silently change the subject it addresses (0.5637ms)
gateway-web	Run pnpm test	2026-10-07T01:48:29.0874068Z ✔ stream accounting cannot run backwards or exceed the configured window (0.5084ms)
gateway-web	Run pnpm test	2026-10-07T01:48:29.0875362Z ✔ a replayed setup envelope cannot clobber live state (0.6554ms)
gateway-web	Run pnpm test	2026-10-07T01:48:29.0876548Z ✔ data and control paths declare their arguments instead of swallowing envelope tags (0.43ms)
gateway-web	Run pnpm test	2026-10-07T01:48:29.0878300Z ✔ Alien independently constructs all workbook negative cases and restart seed consistency (334.5976ms)
gateway-web	Run pnpm test	2026-10-07T01:48:29.0879657Z ✔ a manifest with only a movable branch must not pass exact software provenance validation (172.8823ms)
gateway-web	Run pnpm test	2026-10-07T01:48:29.0880864Z ✔ two equal host references are one physical host, not a TWO_HOST_MESH (358.4367ms)
gateway-web	Run pnpm test	2026-10-07T01:48:29.0882146Z ✔ an experiment can be listed, validated, registered, inspected, seeded — without ever being run (133.902ms)
gateway-web	Run pnpm test	2026-10-07T01:48:29.0883614Z ✔ the research routes require the control credential: a worker cannot certify the experiment it runs (28.3645ms)
gateway-web	Run pnpm test	2026-10-07T01:48:29.0885346Z ✔ an invalid manifest is refused with every issue at once, and the rejection is stored as evidence (41.8041ms)
gateway-web	Run pnpm test	2026-10-07T01:48:29.0886818Z ✔ manifests survive a gateway restart, and a broken file is reported instead of silently dropped (54.2211ms)
gateway-web	Run pnpm test	2026-10-07T01:48:29.0888079Z ✔ the registry itself refuses task-domain keys and never offers an update (3.0611ms)
gateway-web	Run pnpm test	2026-10-07T01:48:30.6884706Z ✔ CEX790 Web reports validated but unfiled registration and degraded store (3321.7525ms)
gateway-web	Run pnpm test	2026-10-07T01:48:30.6886402Z ✔ Web Research discovers imports validates registers and inspects canonical experiments without running (4076.8694ms)
gateway-web	Run pnpm test	2026-10-07T01:48:30.6887714Z ✔ a failed list refresh cannot hide a successful canonical registration (8149.5264ms)
gateway-web	Run pnpm test	2026-10-07T01:48:30.7065802Z ✔ REX801 store guard: a file where research (the registry parent) belongs cannot stop the City (1259.0558ms)
gateway-web	Run pnpm test	2026-10-07T01:48:30.7067942Z ✔ REX801 store guard: a file where research/experiments (the registry itself) belongs cannot stop the City (251.4974ms)
gateway-web	Run pnpm test	2026-10-07T01:48:30.7069656Z ✔ REX802 a delayed response cannot remove offline guidance or replace another page (3402.2914ms)
gateway-web	Run pnpm test	2026-10-07T01:48:30.7070596Z Error: CONTROLLED_COMMIT_FAILURE
gateway-web	Run pnpm test	2026-10-07T01:48:30.7071284Z     at file:///D:/a/utopia/utopia/tests/rex802-gateway.test.mjs:4:360
gateway-web	Run pnpm test	2026-10-07T01:48:30.7072241Z     at Store.atomic (file:///D:/a/utopia/utopia/services/dev-gateway/store.mjs:106:62)
gateway-web	Run pnpm test	2026-10-07T01:48:30.7073305Z     at app.store.atomic (file:///D:/a/utopia/utopia/tests/rex802-gateway.test.mjs:4:337)
gateway-web	Run pnpm test	2026-10-07T01:48:30.7074425Z     at atomicWithTrace (file:///D:/a/utopia/utopia/services/dev-gateway/server.mjs:200:93)
gateway-web	Run pnpm test	2026-10-07T01:48:30.7075538Z     at createCityTask (file:///D:/a/utopia/utopia/services/dev-gateway/server.mjs:475:12)
gateway-web	Run pnpm test	2026-10-07T01:48:30.7076666Z     at Server.<anonymous> (file:///D:/a/utopia/utopia/services/dev-gateway/server.mjs:1057:13)
gateway-web	Run pnpm test	2026-10-07T01:48:30.7077814Z     at process.processTicksAndRejections (node:internal/process/task_queues:104:5)
gateway-web	Run pnpm test	2026-10-07T01:48:30.7086992Z ✔ REX802 rolled-back canonical events never enter the trace (52.7017ms)
gateway-web	Run pnpm test	2026-10-07T01:48:30.7088390Z ✔ REX802 member Web surface exposes explicit owner-required guidance (3462.9398ms)
gateway-web	Run pnpm test	2026-10-07T01:48:30.7089932Z ✔ REX802 records only supplied resource samples, preserves zero and declared source time (36.6641ms)
gateway-web	Run pnpm test	2026-10-07T01:48:30.7091572Z ✔ REX802 real Gateway records task references and Web Advanced exposes recording/provenance without secrets (2547.7718ms)
gateway-web	Run pnpm test	2026-10-07T01:48:30.7093447Z ✔ REX802 failing collector cannot break real Gateway task/health and reports partial failure (40.3674ms)
gateway-web	Run pnpm test	2026-10-07T01:48:30.7094650Z ✔ REX802 external resource clocks cannot change canonical sequence time ordering (8.8849ms)
gateway-web	Run pnpm test	2026-10-07T01:48:30.7096881Z ✔ REX802 broken observation clock remains a contained failure (0.6913ms)
gateway-web	Run pnpm test	2026-10-07T01:48:30.7098096Z ✔ REX802 rejects an oversized existing file before rotating or modifying it (29.0272ms)
gateway-web	Run pnpm test	2026-10-07T01:48:30.7099918Z ✔ REX802 rotation remains explicit after restart and restores bounded previous records (15.4589ms)
gateway-web	Run pnpm test	2026-10-07T01:48:30.7101264Z ✔ REX802 pure normalization binds clocks/provenance and retains unknown metrics (1.0714ms)
gateway-web	Run pnpm test	2026-10-07T01:48:30.7102794Z ✔ REX802 canonical tap drops arbitrary payload and credentials; explicit measured zero remains zero (0.3131ms)
gateway-web	Run pnpm test	2026-10-07T01:48:30.7104310Z ✔ REX802 recognizes missing, duplicate, reordered and stale timestamp observations (0.3288ms)
gateway-web	Run pnpm test	2026-10-07T01:48:30.7106122Z ✔ REX802 storage raw-to-normalized replay is reproducible and restart starts new epoch (5.4967ms)
gateway-web	Run pnpm test	2026-10-07T01:48:30.7107930Z ✔ REX802 collector failures and queue bounds are explicit without throwing into callers (1.7069ms)
gateway-web	Run pnpm test	2026-10-07T01:48:30.7109504Z ✔ REX802 hung storage is bounded; queue drop and close do not block indefinitely (59.1461ms)
gateway-web	Run pnpm test	2026-10-07T01:48:30.7110816Z ✔ REX802 early capture waits for restored watermark before normalization (6.0218ms)
gateway-web	Run pnpm test	2026-10-07T01:48:30.7112524Z ✔ REX802 supports rule lifecycle, supervision quality and semantic integration without invented defaults (0.7685ms)
gateway-web	Run pnpm test	2026-10-07T01:48:30.7114228Z ✔ REX803 adversarial R-1: a blocked receipt store degrades the campaign surface instead of failing it (173.6055ms)
gateway-web	Run pnpm test	2026-10-07T01:48:30.7115918Z ✔ REX803 adversarial R-2: a canonical task cancelled from outside the campaign is CANCELLED, not FAILED (82.5182ms)
gateway-web	Run pnpm test	2026-10-07T01:48:30.7117878Z ✔ REX803 Alien: malformed interrupted state degrades instead of preventing construction (9.0924ms)
gateway-web	Run pnpm test	2026-10-07T01:48:30.7119893Z ✔ REX803 Alien: resume cannot rename the scenario while executing the old campaign (3.2562ms)
gateway-web	Run pnpm test	2026-10-07T01:48:30.7121407Z ✔ REX803 Alien: a timed-out run keeps its own cleanup scope after the next run begins (103.2351ms)
gateway-web	Run pnpm test	2026-10-07T01:48:30.7126843Z ✔ REX803 Alien: contradictory run measurement cannot manufacture an early successful stop (3.2832ms)
gateway-web	Run pnpm test	2026-10-07T01:48:30.7139459Z ✔ REX803 campaigns: every repetition is a real canonical task, and the receipt accounts for all of them (299.6674ms)
gateway-web	Run pnpm test	2026-10-07T01:48:30.7141217Z ✔ REX803 campaigns: the surface is owner-only, and every refusal is typed (76.5307ms)
gateway-web	Run pnpm test	2026-10-07T01:48:30.7142880Z ✔ REX803 campaigns: the topology gate is measured against live refs, and its refusal states what was missing (37.5709ms)
gateway-web	Run pnpm test	2026-10-07T01:48:30.7144453Z ✔ REX803 campaigns: stopping cancels the canonical task the run had already created (144.9042ms)
gateway-web	Run pnpm test	2026-10-07T01:48:35.5535591Z ✔ REX803 web: the owner runs a real campaign and every repetition without a measurement shows its reason (4706.8875ms)
gateway-web	Run pnpm test	2026-10-07T01:48:39.9049039Z ✔ REX803 web: a member is told the campaign surface is the owner's, and is offered no controls (4351.3555ms)
gateway-web	Run pnpm test	2026-10-07T01:48:39.9228406Z ✔ critic: unavailable topology on resume preserves original unfinished campaign (14.2324ms)
gateway-web	Run pnpm test	2026-10-07T01:48:39.9229766Z ✔ critic: resume readiness checks persisted execution context (5.803ms)
gateway-web	Run pnpm test	2026-10-07T01:48:39.9231088Z ✔ critic: malformed persisted bounds cannot bypass resumed repetition and timeout limits (4.5886ms)
gateway-web	Run pnpm test	2026-10-07T01:48:39.9232431Z ✔ critic: bounded close uses elapsed wall time with frozen research clock (49.0283ms)
gateway-web	Run pnpm test	2026-10-07T01:48:39.9233750Z ✔ REX803 seeds: a run seed is a pure function of the campaign seed and the index (1.4834ms)
gateway-web	Run pnpm test	2026-10-07T01:48:39.9235334Z ✔ REX803 campaign: N repetitions yield exactly N measured outcomes, and warmup is run but never measured (59.3607ms)
gateway-web	Run pnpm test	2026-10-07T01:48:39.9237282Z ✔ REX803 campaign: a timeout and a failure are absences WITH reasons, never silent gaps (93.9785ms)
gateway-web	Run pnpm test	2026-10-07T01:48:39.9239291Z ✔ REX803 campaign: stopping cancels the runs that never happened, each with the operator reason (59.9136ms)
gateway-web	Run pnpm test	2026-10-07T01:48:39.9241157Z ✔ REX803 campaign: an unfinished campaign is refused unless resuming is asked for explicitly (264.1254ms)
gateway-web	Run pnpm test	2026-10-07T01:48:39.9242762Z ✔ REX803 campaign: unknown scenarios, bad repetitions, a busy runner and an unready topology are typed refusals (115.4573ms)
gateway-web	Run pnpm test	2026-10-07T01:48:39.9244450Z ✔ REX803 stop: the cleanups a run registered are fired, so a stop reaches the work and not only the bookkeeping (44.1938ms)
gateway-web	Run pnpm test	2026-10-07T01:48:39.9246083Z ✔ REX803 timeout: a run that never answers is torn down, and its cleanup failure is stated rather than hidden (78.8176ms)
gateway-web	Run pnpm test	2026-10-07T01:48:39.9247934Z ✔ REX803 restart: a campaign left RUNNING by a dead process is recovered as INTERRUPTED, named, and optionally resumed (15.6594ms)
gateway-web	Run pnpm test	2026-10-07T01:48:39.9249762Z ✔ REX803 resume: abandoning an unfinished campaign is an explicit act, and it is recorded on the replacement (24.8296ms)
gateway-web	Run pnpm test	2026-10-07T01:48:39.9251700Z ✔ REX803 limits: declared stop conditions end the campaign early, and every unrun repetition is SKIPPED with that reason (99.4396ms)
gateway-web	Run pnpm test	2026-10-07T01:48:39.9253459Z ✔ REX803 receipts: a finished campaign is filed once and the next campaign cannot overwrite it (18.6699ms)
gateway-web	Run pnpm test	2026-10-07T01:48:39.9254981Z ✔ REX803 L6: the receipt list is ordered by AGE, not by a random identifier in the filename (13.0542ms)
gateway-web	Run pnpm test	2026-10-07T01:48:39.9257677Z ✔ REX803 L1b: the receipt list says how many campaigns exist beyond the bound (6.4552ms)
gateway-web	Run pnpm test	2026-10-07T01:48:39.9259075Z ✔ REX803 L7: a runner that has been closed refuses new work instead of starting a campaign (2.3935ms)
gateway-web	Run pnpm test	2026-10-07T01:48:39.9260945Z ✔ REX803 positive control: a normal campaign still plans, measures and files exactly once (46.5247ms)
gateway-web	Run pnpm test	2026-10-07T01:48:39.9262681Z ✔ REX803 rehearsal: with TWO workers every repetition is TARGETED by its derived seed, not left to claim order (376.9901ms)
gateway-web	Run pnpm test	2026-10-07T01:48:39.9264398Z ✔ REX803 rehearsal: the observed assignment equals the declared rule, and both workers are used (400.5294ms)
gateway-web	Run pnpm test	2026-10-07T01:48:39.9265833Z ✔ fault confirmation, live canonical target and bounded duration required (4.1502ms)
gateway-web	Run pnpm test	2026-10-07T01:48:39.9267219Z ✔ heartbeat loss refuses only targeted heartbeats, stop and expiry restore requests (277.4984ms)
gateway-web	Run pnpm test	2026-10-07T01:48:39.9268721Z ✔ provider unavailable refuses targeted claim and records measured recovery after stop (208.4955ms)
gateway-web	Run pnpm test	2026-10-07T01:48:39.9270316Z ✔ delayed report releases immediately on emergency stop without blocking unrelated requests (113.6944ms)
gateway-web	Run pnpm test	2026-10-07T01:48:39.9271882Z ✔ duplicate event affects observation only and is absent after emergency stop (130.2539ms)
gateway-web	Run pnpm test	2026-10-07T01:48:39.9273210Z ✔ restart disables persisted activation and never resumes fault silently (57.3141ms)
gateway-web	Run pnpm test	2026-10-07T01:48:39.9274700Z ✔ unexercised or stopped fault cannot receive unrelated future detection or recovery measurements (48.9573ms)
gateway-web	Run pnpm test	2026-10-07T01:48:39.9276237Z ✔ expired fault persistence failure cannot turn normal canonical observation into an error (68.7311ms)
gateway-web	Run pnpm test	2026-10-07T01:48:39.9277768Z ✔ four fault classes change real Gateway boundaries and emergency stop restores canonical requests (6449.4601ms)
gateway-web	Run pnpm test	2026-10-07T01:48:39.9279482Z ✔ REX804 repair guard: an unreadable fault receipt is reported and never prevents the City from starting (998.5334ms)
gateway-web	Run pnpm test	2026-10-07T01:48:39.9281609Z ✔ REX804 repair guard: a receipt with no fault identity is reported as broken, not adopted without identity (466.0718ms)
gateway-web	Run pnpm test	2026-10-07T01:48:39.9283339Z ✔ REX804 unavailable receipt directory is disclosed and refuses injection without affecting observation (12.9732ms)
gateway-web	Run pnpm test	2026-10-07T01:48:39.9284981Z ✔ REX804 Web discloses unavailable fault store and prevents injection while normal task creation works (4756.7752ms)
gateway-web	Run pnpm test	2026-10-07T01:48:44.5015977Z ✔ Research Danger Zone requires explicit confirmation and offers real emergency stop (4737.7924ms)
gateway-web	Run pnpm test	2026-10-07T01:48:44.5214056Z ✔ REX805 real canonical original/replay/ablation preserve selected seed and change target policy only (552.8719ms)
gateway-web	Run pnpm test	2026-10-07T01:48:44.5215608Z ✔ REX805 replay API is Owner-only and lists truthful bounded mechanism support (55.6429ms)
gateway-web	Run pnpm test	2026-10-07T01:48:44.5219007Z ✔ REX805 an unbounded HTTP campaign remains comparable after runner normalizes absent limits (217.81ms)
gateway-web	Run pnpm test	2026-10-07T01:48:44.5220794Z ✔ REX805 replay preserves selected seed and input with fresh identities and untouched source (4.7157ms)
gateway-web	Run pnpm test	2026-10-07T01:48:44.5222394Z ✔ REX805 alternate-device ablation changes actual target selection and records exact mechanism (1.9915ms)
gateway-web	Run pnpm test	2026-10-07T01:48:44.5223972Z ✔ REX805 unsupported, ambiguous and ineffective ablations are refused before creating experiments (2.5185ms)
gateway-web	Run pnpm test	2026-10-07T01:48:44.5225559Z ✔ REX805 corrupt source identity, seed, measured outcome and index cannot be laundered into replay (2.3374ms)
gateway-web	Run pnpm test	2026-10-07T01:48:44.5226981Z ✔ REX805 comparisons expose policy difference and reject changed source material (2.5433ms)
gateway-web	Run pnpm test	2026-10-07T01:48:44.5228325Z ✔ REX805 registry persistence failure refuses execution while retaining original (0.5559ms)
gateway-web	Run pnpm test	2026-10-07T01:48:44.5230699Z ✔ REX805 unavailable fault conditions and undeclared request switches are refused explicitly (0.7596ms)
gateway-web	Run pnpm test	2026-10-07T01:48:44.5233131Z ✔ REX805 reviewer R1: replay of ablation preserves effective policy and re-ablation refuses (2.0405ms)
gateway-web	Run pnpm test	2026-10-07T01:48:44.5234659Z ✔ REX805 reviewer R2: comparison cannot certify controlled-input or recorded-placement drift (5.8408ms)
gateway-web	Run pnpm test	2026-10-07T01:48:44.5238086Z ✔ REX805 reviewer R3: inconsistent measured source placement refuses before registration (0.5888ms)
gateway-web	Run pnpm test	2026-10-07T01:48:44.5239737Z ✔ REX805 single selected run adjusts the declared success stop without losing failure bounds (1.1666ms)
gateway-web	Run pnpm test	2026-10-07T01:48:44.5241870Z ✔ REX805 comparisons reject fabricated lineage and jointly changed registered references (5.0394ms)
gateway-web	Run pnpm test	2026-10-07T01:48:44.5244518Z ✔ REX805 selected index1 preserves original derived seed under new run index0 (289.2042ms)
gateway-web	Run pnpm test	2026-10-07T01:48:44.5246112Z ✔ REX805 offset is bounded, typed and checked before creating work (17.484ms)
gateway-web	Run pnpm test	2026-10-07T01:48:44.5247440Z ✔ REX805 interrupted recovery and resume retain offset and refuse offset drift (108.5756ms)
gateway-web	Run pnpm test	2026-10-07T01:48:46.3920751Z ✔ REX805 Web owner selects recorded run and executes real replay/ablation from Research (4580.2034ms)
gateway-web	Run pnpm test	2026-10-07T01:48:49.2340758Z ✔ REX805 Web switching source discards a delayed comparison from the previous selection (2843.3986ms)
gateway-web	Run pnpm test	2026-10-07T01:48:49.8664912Z ✔ REX806 S1: the owner can read the artifact export and its preview (252.1353ms)
gateway-web	Run pnpm test	2026-10-07T01:48:49.8666700Z ✔ REX806 S2: a member session cannot read the artifact export (260.9219ms)
gateway-web	Run pnpm test	2026-10-07T01:48:49.8667894Z ✔ REX806 S3: the CSV surface matches the module and stays table-ready (73.6864ms)
gateway-web	Run pnpm test	2026-10-07T01:48:49.8670243Z ✔ REX806 S4: the preview is bounded and says so (68.1766ms)
gateway-web	Run pnpm test	2026-10-07T01:48:49.8671235Z ✔ REX806 S5: an export with nothing behind it is refused by name (117.4226ms)
gateway-web	Run pnpm test	2026-10-07T01:48:49.8672779Z ✔ REX806 S6: the owner download retains the enrolled member identities (86.3978ms)
gateway-web	Run pnpm test	2026-10-07T01:48:49.8674054Z ✔ REX806 S7: corrupt receipt loss remains visible in full, preview and CSV responses (71.5289ms)
gateway-web	Run pnpm test	2026-10-07T01:48:49.8675856Z ✔ REX806 S8: a 51-receipt City labels its bounded download as partial (97.4205ms)
gateway-web	Run pnpm test	2026-10-07T01:48:49.8677854Z ✔ REX806 S9: corruption between the receipt listing and detail keeps the readable study (58.3985ms)
gateway-web	Run pnpm test	2026-10-07T01:48:49.8679198Z ✔ REX806 verifier accepts justified unavailable completion after canonical task loss (246.248ms)
gateway-web	Run pnpm test	2026-10-07T01:48:49.8680422Z ✔ REX806 verifier accepts the published six-decimal failure rate precision (275.8022ms)
gateway-web	Run pnpm test	2026-10-07T01:48:49.8681607Z ✔ REX806 verifier accepts justified unavailable rates for an all-refused study (662.2606ms)
gateway-web	Run pnpm test	2026-10-07T01:48:49.8682632Z ✔ REX806 V1: the verifier passes an untampered artifact (232.6279ms)
gateway-web	Run pnpm test	2026-10-07T01:48:49.8684160Z ✔ REX806 verifier accepts real duplicate canonical execution outside the selected run task (226.2847ms)
gateway-web	Run pnpm test	2026-10-07T01:48:49.8687083Z ✔ REX806 verifier rejects a fabricated duplicate count with valid integrity hashes (163.3122ms)
gateway-web	Run pnpm test	2026-10-07T01:48:49.8690732Z ✔ REX806 verifier rejects task associations outside the canonical source pointers (130.2667ms)
gateway-web	Run pnpm test	2026-10-07T01:48:49.8692601Z ✔ REX806 verifier rejects counting one canonical task twice even when metrics agree (123.3674ms)
gateway-web	Run pnpm test	2026-10-07T01:48:49.8693829Z ✔ REX806 V2: a tampered metric value is caught (156.9076ms)
gateway-web	Run pnpm test	2026-10-07T01:48:49.8694801Z ✔ REX806 V3: an emptied NOT_MEASURED reason is caught (240.6792ms)
gateway-web	Run pnpm test	2026-10-07T01:48:49.8695761Z ✔ REX806 V4: a missing section is caught (109.9752ms)
gateway-web	Run pnpm test	2026-10-07T01:48:49.8696707Z ✔ REX806 V5: a changed dataset timestamp is caught (104.0726ms)
gateway-web	Run pnpm test	2026-10-07T01:48:49.8697695Z ✔ REX806 V6: a fabricated intervention count is caught (115.9092ms)
gateway-web	Run pnpm test	2026-10-07T01:48:49.8698996Z ✔ REX806 missing canonical tasks remain counted rather than being filtered from convergence (3.1673ms)
gateway-web	Run pnpm test	2026-10-07T01:48:49.8700344Z ✔ REX806 A1: the artifact carries every section the workbook names (3.7049ms)
gateway-web	Run pnpm test	2026-10-07T01:48:49.8701741Z ✔ REX806 A2: every named metric appears, with a value and provenance or NOT_MEASURED and a reason (0.8759ms)
gateway-web	Run pnpm test	2026-10-07T01:48:49.8703075Z ✔ REX806 A3: an unobserved intervention window is NOT_MEASURED, never 0 (0.6285ms)
gateway-web	Run pnpm test	2026-10-07T01:48:49.8708700Z ✔ REX806 A4: an export with no real campaign is refused (0.6674ms)
gateway-web	Run pnpm test	2026-10-07T01:48:49.8711662Z ✔ REX806 A5: the evaluator refuses a value with no provenance and NOT_MEASURED with no reason (0.9094ms)
gateway-web	Run pnpm test	2026-10-07T01:48:49.8713445Z ✔ REX806 A6: every dataset row carries a raw pointer and a seed-placement verdict (0.5705ms)
gateway-web	Run pnpm test	2026-10-07T01:48:49.8714749Z ✔ REX806 A7: checksums cover the exact bytes and change when a byte changes (1.5735ms)
gateway-web	Run pnpm test	2026-10-07T01:48:49.8716136Z ✔ REX806 A8: the paper-ready table leads with G3/G4 and keeps their NOT_MEASURED reasons visible (0.8765ms)
gateway-web	Run pnpm test	2026-10-07T01:48:49.8717828Z ✔ REX806 A9: the artifact separates statistics from narrative and refuses the autonomy inference (0.9844ms)
gateway-web	Run pnpm test	2026-10-07T01:48:49.8719137Z ✔ REX806 A10: richer campaign data does not conjure Owner-side metrics (0.8922ms)
gateway-web	Run pnpm test	2026-10-07T01:48:49.8720211Z ✔ REX806 A11: warmup runs are classified separately from failures (0.5155ms)
gateway-web	Run pnpm test	2026-10-07T01:48:49.8721323Z ✔ REX806 A12: a refused campaign stays visible as undelivered planned runs (1.0339ms)
gateway-web	Run pnpm test	2026-10-07T01:48:49.8722716Z ✔ REX806 A13: an ablation placement is judged against its policy, and the seed comparison is kept separately (0.5193ms)
gateway-web	Run pnpm test	2026-10-07T01:48:49.8724082Z ✔ REX806 CLI retains canonical deviceId members in the downloaded topology (292.4776ms)
gateway-web	Run pnpm test	2026-10-07T01:48:49.8725498Z ✔ REX806 CLI partial download itself names an unreadable receipt without requiring terminal output (349.8211ms)
gateway-web	Run pnpm test	2026-10-07T01:48:49.8726839Z ✔ REX806 CLI partial download itself names the latest missing receipt (238.2521ms)
gateway-web	Run pnpm test	2026-10-07T01:48:49.8728056Z ✔ REX806 CLI exposes a known truncated receipt window as partial (226.2026ms)
gateway-web	Run pnpm test	2026-10-07T01:48:49.8729207Z ✔ REX806 CLI survives an unreadable detail after a readable listing (278.2866ms)
gateway-web	Run pnpm test	2026-10-07T01:48:49.8730475Z ✔ RS-203: the correlation carries BOTH devices and asserts that they may differ (3.1838ms)
gateway-web	Run pnpm test	2026-10-07T01:48:49.8731747Z ✔ RS-203: a handoff moves the execution device and never the interaction device (0.3857ms)
gateway-web	Run pnpm test	2026-10-07T01:48:49.8733325Z ✔ RS-203: DUPLICATE messages are ignored rather than applied twice (0.7174ms)
gateway-web	Run pnpm test	2026-10-07T01:48:49.8734590Z ✔ RS-203: OUT-OF-ORDER progress is refused and cannot move the state backwards (0.2122ms)
gateway-web	Run pnpm test	2026-10-07T01:48:49.8735865Z ✔ RS-203: an event after a terminal state is LATE and does not resurrect the run (0.299ms)
gateway-web	Run pnpm test	2026-10-07T01:48:49.8737705Z ✔ RS-203: every kind maps to a DECLARED canonical state and a DECLARED return channel (0.3781ms)
gateway-web	Run pnpm test	2026-10-07T01:48:49.8739249Z ✔ RS-203: canonical state advances for each terminal kind, and terminal is sticky (0.2486ms)
gateway-web	Run pnpm test	2026-10-07T01:48:49.8741135Z ✔ RS-203: a result that CANNOT reach the user is never reported as truthful success (0.382ms)
gateway-web	Run pnpm test	2026-10-07T01:48:49.8742514Z ✔ RS-203: a resolver that THROWS degrades rather than propagating into the caller (0.4328ms)
gateway-web	Run pnpm test	2026-10-07T01:48:49.8743670Z ✔ RS-203: a projected success reports where it landed (0.3545ms)
gateway-web	Run pnpm test	2026-10-07T01:48:49.8744876Z ✔ RS-203: unknown correlations, unknown kinds and bad sequences are refused with typed codes (0.8593ms)
gateway-web	Run pnpm test	2026-10-07T01:48:49.8746293Z ✔ RS-203: the bridge refuses to be constructed without an injected surface resolver (0.4466ms)
gateway-web	Run pnpm test	2026-10-07T01:48:49.8747403Z ✔ RS-203: a STATUS event reports without moving the state (0.1989ms)
gateway-web	Run pnpm test	2026-10-07T01:48:49.8748231Z ✔ RS-203: the contract version is declared (0.1563ms)
gateway-web	Run pnpm test	2026-10-07T01:48:49.8749286Z ✔ RS-203 scenario 1: remote execution START is correlated before anything is returned (0.282ms)
gateway-web	Run pnpm test	2026-10-07T01:48:49.8750688Z ✔ RS-203 scenario 2: PROGRESS returns on the PROGRESS channel and moves the run to RUNNING (0.1463ms)
gateway-web	Run pnpm test	2026-10-07T01:48:49.8752160Z ✔ RS-203 scenario 3: WAITING FOR USER is reachable, and is cleared the same way it is set (0.1287ms)
gateway-web	Run pnpm test	2026-10-07T01:48:49.8753556Z ✔ RS-203 scenario 3b: attention on a non-STATUS kind is REFUSED rather than guessed (0.1653ms)
gateway-web	Run pnpm test	2026-10-07T01:48:49.8754924Z ✔ RS-203 scenario 4: SUCCESS lands truthfully only when it actually reached the user (0.1035ms)
gateway-web	Run pnpm test	2026-10-07T01:48:49.8756122Z ✔ RS-203 scenario 5: FAILURE is terminal and reports no success (0.1045ms)
gateway-web	Run pnpm test	2026-10-07T01:48:49.8759290Z ✔ RS-203 scenario 6: CANCEL is terminal and sticky against later events (0.2255ms)
gateway-web	Run pnpm test	2026-10-07T01:48:49.8760684Z ✔ RS-203 scenario 7: DEVICE DISCONNECT degrades knowledge without moving the run or claiming success (0.2836ms)
gateway-web	Run pnpm test	2026-10-07T01:48:49.8762162Z ✔ RS-203 scenario 8: RECOVERY clears the degraded state and the run can still finish (0.2003ms)
gateway-web	Run pnpm test	2026-10-07T01:48:49.8763466Z ✔ RS-203 scenario 8b: a disconnect AFTER a terminal result changes nothing about it (0.2138ms)
gateway-web	Run pnpm test	2026-10-07T01:48:49.8764742Z ✔ RS-203: the full eight-situation walk leaves the counters consistent (0.3045ms)
gateway-web	Run pnpm test	2026-10-07T01:48:49.8765999Z ✔ RS-203 step 3: a request is delivered to the CURRENT authorized surface (0.6033ms)
gateway-web	Run pnpm test	2026-10-07T01:48:49.8767181Z ✔ RS-203 step 3: an answer from the current authorized surface is accepted (0.3866ms)
gateway-web	Run pnpm test	2026-10-07T01:48:49.8768475Z ✔ RS-203 step 3: an answer from ANY OTHER device is REFUSED, however well-informed it is (0.2618ms)
gateway-web	Run pnpm test	2026-10-07T01:48:49.8769898Z ✔ RS-203 step 3: when the surface MOVED, the answer must come from where the user now is (0.3246ms)
gateway-web	Run pnpm test	2026-10-07T01:48:49.8772227Z ✔ RS-203 step 3: an answer cannot arrive when NO surface is authorized (0.3812ms)
gateway-web	Run pnpm test	2026-10-07T01:48:49.8773813Z ✔ RS-203 step 3: OFFLINE asks are HELD with a reason and a recovery path, not dropped or failed (0.2285ms)
gateway-web	Run pnpm test	2026-10-07T01:48:49.8775050Z ✔ RS-203 step 3: TIMEOUT is explained and recoverable, and is NEVER a failure (0.3797ms)
gateway-web	Run pnpm test	2026-10-07T01:48:49.8776136Z ✔ RS-203 step 3: a timeout cannot retract an answer that already arrived (0.2428ms)
gateway-web	Run pnpm test	2026-10-07T01:48:49.8777289Z ✔ RS-203 step 3: a double answer is refused rather than silently overwriting the first (0.33ms)
gateway-web	Run pnpm test	2026-10-07T01:48:49.8778408Z ✔ RS-203 step 3: only RESPOND is accepted, and only APPROVE or DENY decide (0.5701ms)
gateway-web	Run pnpm test	2026-10-07T01:48:49.8779383Z ✔ RS-203 step 3: a HANDOFF does not move where the user is asked (0.2201ms)
gateway-web	Run pnpm test	2026-10-07T01:48:49.8780351Z ✔ RS-203 step 3: the codes are declared, not invented at the throw site (0.1672ms)
gateway-web	Run pnpm test	2026-10-07T01:48:49.8781522Z ✔ RS-203 step 4: the flat EXCLUSION_REASONS list is CLASSIFIED, and every reason has an axis (1.1653ms)
gateway-web	Run pnpm test	2026-10-07T01:48:49.8784453Z ✔ RS-203 step 4: a DEVICE outage is classified as DEVICE and nothing else (0.5204ms)
gateway-web	Run pnpm test	2026-10-07T01:48:49.8785727Z ✔ RS-203 step 4: a PROVIDER outage is classified as PROVIDER and nothing else (0.2137ms)
gateway-web	Run pnpm test	2026-10-07T01:48:49.8786953Z ✔ RS-203 step 4: an INPUT problem is NEITHER a device nor a provider fault (0.2098ms)
gateway-web	Run pnpm test	2026-10-07T01:48:49.8788452Z ✔ RS-203 step 4: an UNKNOWN reason is reported, not silently dropped (0.2945ms)
gateway-web	Run pnpm test	2026-10-07T01:48:49.8789574Z ✔ RS-203 step 4: a DEVICE fallback does NOT implicate the provider (0.5008ms)
gateway-web	Run pnpm test	2026-10-07T01:48:49.8792145Z ✔ RS-203 step 4: a PROVIDER fallback does NOT implicate the device (0.2996ms)
gateway-web	Run pnpm test	2026-10-07T01:48:49.8793571Z ✔ RS-203 step 4: an eligible alternate is offered for a DEVICE outage, but the cause is still named (0.1929ms)
gateway-web	Run pnpm test	2026-10-07T01:48:49.8795038Z ✔ RS-203 step 4: MIXED causes are NOT collapsed to one, and no single cause is claimed (0.2924ms)
gateway-web	Run pnpm test	2026-10-07T01:48:49.8796494Z ✔ RS-203 step 4: the reason codes SURVIVE into the plan rather than being paraphrased away (0.2195ms)
gateway-web	Run pnpm test	2026-10-07T01:48:49.8801051Z ✔ RS-203 step 4: with nothing unavailable the plan claims no cause at all (0.1719ms)
gateway-web	Run pnpm test	2026-10-07T01:48:49.8802747Z ✔ RS-203 step 4: planning against an unknown correlation is refused (0.2116ms)
gateway-web	Run pnpm test	2026-10-07T01:48:49.8808155Z ✔ RS-203 step 5: a remote result is bound to its provenance, including WHICH device produced it (0.3592ms)
gateway-web	Run pnpm test	2026-10-07T01:48:49.8809941Z ✔ RS-203 step 5: the provenance is IMMUTABLE once bound, so a result cannot be re-attributed (0.254ms)
gateway-web	Run pnpm test	2026-10-07T01:48:49.8811331Z ✔ RS-203 step 5: the summary key set is EXACTLY the declared set - stability by construction (0.2328ms)
gateway-web	Run pnpm test	2026-10-07T01:48:49.8814473Z ✔ RS-203 step 5: the summary NEVER carries the evidence, the digests or the routing identifiers (0.3238ms)
gateway-web	Run pnpm test	2026-10-07T01:48:49.8815834Z ✔ RS-203 step 5: whether evidence EXISTS is presentable, without saying what it is (0.18ms)
gateway-web	Run pnpm test	2026-10-07T01:48:49.8817442Z ✔ RS-203 step 5: the summary is STABLE across state changes - same shape, always (0.2079ms)
gateway-web	Run pnpm test	2026-10-07T01:48:49.8818776Z ✔ RS-203 step 5: the summary still tells the truth about a degraded and a finished run (0.1763ms)
gateway-web	Run pnpm test	2026-10-07T01:48:49.8819985Z ✔ RS-203 step 5: binding against an unknown correlation is refused (1.3306ms)
gateway-web	Run pnpm test	2026-10-07T01:48:49.8821165Z ✔ RS-203 step 5: the declared field list is frozen, so it cannot be widened at runtime (0.1266ms)
gateway-web	Run pnpm test	2026-10-07T01:48:49.8822434Z ✔ RS-290: the mapping COVERS every source vocabulary exactly - no gap and no stale extra (2.3928ms)
gateway-web	Run pnpm test	2026-10-07T01:48:49.8823931Z ✔ RS-290: the presentation vocabulary is CLOSED - every target is a declared term with a class (0.3746ms)
gateway-web	Run pnpm test	2026-10-07T01:48:49.8825327Z ✔ RS-290: the four UNKNOWN senses stay FOUR distinct terms - the polysemy fix (0.3298ms)
gateway-web	Run pnpm test	2026-10-07T01:48:49.8826664Z ✔ RS-290: the SAME meaning reached through different components MERGES to one term (0.2806ms)
gateway-web	Run pnpm test	2026-10-07T01:48:49.8828112Z ✔ RS-290: the STRUCTURAL and RESOURCE partition is PRESERVED, which a naive merge would destroy (0.5197ms)
gateway-web	Run pnpm test	2026-10-07T01:48:49.8829380Z ✔ RS-290: an unmapped or unknown source THROWS rather than yielding undefined (0.5011ms)
gateway-web	Run pnpm test	2026-10-07T01:48:49.8830480Z ✔ RS-290: presentState always yields a declared presentation state (0.4062ms)
gateway-web	Run pnpm test	2026-10-07T01:48:49.8831664Z ✔ RS-290: the action and state vocabularies are closed sets of the shapes step 3 names (0.1894ms)
gateway-web	Run pnpm test	2026-10-07T01:48:49.8832960Z ✔ RS-290: a selectable provider renders RUNNING with CANCEL and no choice demanded (0.851ms)
gateway-web	Run pnpm test	2026-10-07T01:48:49.8834682Z ✔ RS-290: a pool that is only BUSY does NOT demand a choice, because waiting can help (0.658ms)
gateway-web	Run pnpm test	2026-10-07T01:48:49.8836148Z ✔ RS-290: a structurally refused pool DOES demand a choice, and does not offer waiting (0.3494ms)
gateway-web	Run pnpm test	2026-10-07T01:48:49.8837564Z ✔ RS-290 F1: a raw word that COLLIDES with a term name is still mapped by its VOCABULARY (0.5932ms)
gateway-web	Run pnpm test	2026-10-07T01:48:49.8840615Z ✔ RS-290 F1: the guard needs PROVENANCE - bare words and bare terms are both refused (1.3686ms)
gateway-web	Run pnpm test	2026-10-07T01:48:49.8842486Z ✔ RS-290 F2: a terminal outcome OUTRANKS waitingUser, so a failure is never masked (0.4828ms)
gateway-web	Run pnpm test	2026-10-07T01:48:49.8843899Z ✔ RS-290 F3: FRESHNESS.STALE and FRESHNESS.UNKNOWN stay DISTINCT terms (0.2799ms)
gateway-web	Run pnpm test	2026-10-07T01:48:49.8845449Z ✔ RS-290 F3: NO collapse of two meanings onto one term goes UNDECLARED - quantified over the table (0.7759ms)
gateway-web	Run pnpm test	2026-10-07T01:48:49.8862949Z ✔ RS-290: no path FABRICATES success - COMPLETED needs an explicit terminal flag (0.2735ms)
gateway-web	Run pnpm test	2026-10-07T01:48:49.8864423Z ✔ RS-290: the route stage drives the state through its own vocabulary, and only where it should (0.2638ms)
gateway-web	Run pnpm test	2026-10-07T01:48:49.8865613Z ✔ RS-290: every DTO output is inside the declared vocabularies (2.2297ms)
gateway-web	Run pnpm test	2026-10-07T01:48:49.8866925Z ✔ RS-290 matrix: concurrent submissions cannot double-execute, and the pool still reports a reason (1.9218ms)
gateway-web	Run pnpm test	2026-10-07T01:48:49.8868395Z ✔ RS-290 matrix: a saturated device is routed around, and the projection says WAITING not CHOOSE (1.0676ms)
gateway-web	Run pnpm test	2026-10-07T01:48:49.8869756Z ✔ RS-290 matrix: lease transfer is holder-only and the old holder cannot resume reassigned work (0.2872ms)
gateway-web	Run pnpm test	2026-10-07T01:48:49.8871188Z ✔ RS-290 matrix: a disconnect degrades truthfully and recovery restores, through the projection (0.598ms)
gateway-web	Run pnpm test	2026-10-07T01:48:49.8872605Z ✔ RS-290 matrix: a flapping pool does not move the work, and the rescan is event-driven (0.5926ms)
gateway-web	Run pnpm test	2026-10-07T01:48:49.8874049Z ✔ RS-290 matrix: availability, routing and return compose into ONE stable presentation contract (20.3648ms)
gateway-web	Run pnpm test	2026-10-07T01:48:49.8878227Z ✔ successful live transport cannot mask broken offline product behavior (1.2ms)
gateway-web	Run pnpm test	2026-10-07T01:48:49.8879387Z ✔ CPU uses elapsed counters and unavailable disk remains null (4.2432ms)
gateway-web	Run pnpm test	2026-10-07T01:48:49.8880679Z ✔ disabled sampler never reads host counters (0.2974ms)
gateway-web	Run pnpm test	2026-10-07T01:48:49.8883331Z ✔ counter reset does not fabricate CPU load and cached sample keeps its timestamp (0.3552ms)
gateway-web	Run pnpm test	2026-10-07T01:48:49.8885128Z ✔ native filesystem volume measurement is finite and internally consistent (7.0762ms)
gateway-web	Run pnpm test	2026-10-07T01:48:49.8887854Z ✔ validator accepts unavailable sampler metrics but rejects invalid numeric measurements (1.3804ms)
gateway-web	Run pnpm test	2026-10-07T01:49:06.8096561Z ✔ theme artifact retention is bounded and restart removes abandoned sandbox work (396.7366ms)
gateway-web	Run pnpm test	2026-10-07T01:49:06.8098269Z ✔ D9 Bridge builds retained sandbox artifacts with canonical bounded results and typed refusal (18962.6537ms)
gateway-web	Run pnpm test	2026-10-07T01:49:12.8128645Z ✔ Windows Theme Build uses real prompt, observation, fallback controls and digest summary (6063.4978ms)
gateway-web	Run pnpm test	2026-10-07T01:49:12.8660409Z ✔ unavailable artifact storage yields a terminal typed failure, not orphaned RUNNING history (172.8762ms)
gateway-web	Run pnpm test	2026-10-07T01:49:12.8833636Z ✔ the redesigned-shell fixture really is the zero-sized-label shape (2.6821ms)
gateway-web	Run pnpm test	2026-10-07T01:49:12.8835595Z ✔ a bare first-match label lookup selects a zero-bounds node, which is the original defect (0.3416ms)
gateway-web	Run pnpm test	2026-10-07T01:49:12.8837594Z ✔ no sized nav label exists on the shipped shell, so a size filter ALONE would leave nothing to tap (0.9048ms)
gateway-web	Run pnpm test	2026-10-07T01:49:12.8843911Z ✔ the active tab has no clickable node, so clickable ordinal alone is unstable (0.5058ms)
gateway-web	Run pnpm test	2026-10-07T01:49:12.8845428Z ✔ targets are paired to labels in document order, giving a page-independent index (0.4745ms)
gateway-web	Run pnpm test	2026-10-07T01:49:12.8849543Z ✔ resolveRoute reaches Home from the Devices page via the paired target (0.2675ms)
gateway-web	Run pnpm test	2026-10-07T01:49:12.8866508Z ✔ the nav band excludes page content that happens to be clickable (0.3638ms)
gateway-web	Run pnpm test	2026-10-07T01:49:12.8867883Z ✔ a sized heading is not mistaken for a nav target (0.4041ms)
gateway-web	Run pnpm test	2026-10-07T01:49:12.8869089Z ✔ resolveRoute prefers a sized label inside the band, preserving the earlier shell (0.5882ms)
gateway-web	Run pnpm test	2026-10-07T01:49:12.8873094Z ✔ the two shells are distinguished rather than one being assumed (0.8091ms)
gateway-web	Run pnpm test	2026-10-07T01:49:12.8877152Z ✔ an unresolvable tree returns null rather than a zero-bounds node (0.257ms)
gateway-web	Run pnpm test	2026-10-07T01:49:12.8878365Z ✔ the task pilot creates its evidence directory before writing into it (0.2815ms)
gateway-web	Run pnpm test	2026-10-07T01:49:12.8896611Z ✔ task pilot imports a usable sized nodeByLabel selector (0.448ms)
gateway-web	Run pnpm test	2026-10-07T01:49:12.8914832Z ✔ UXI-390: every supported action is bound to a handler branch AND a client method (1.3377ms)
gateway-web	Run pnpm test	2026-10-07T01:49:12.8920686Z ✔ UXI-390: no handler branch is unreachable dead code that looks like a handler (1.2851ms)
gateway-web	Run pnpm test	2026-10-07T01:49:12.8922935Z ✔ UXI-390: the per-provider Choose control sends THAT row ref, and cannot send a blank one (0.2936ms)
gateway-web	Run pnpm test	2026-10-07T01:49:12.8924348Z ✔ UXI-390: CHOOSE_PROVIDER is NOT an action-row action - that is the trap Mech named (0.285ms)
gateway-web	Run pnpm test	2026-10-07T01:49:12.8925678Z ✔ UXI-390 C-1: the Advanced disclosure is named with the Web pack's own words on Android (2.5698ms)
gateway-web	Run pnpm test	2026-10-07T01:49:12.8926934Z ✔ UXI-390 C-2: a disabled control states its reason in the Web pack's own words (0.7218ms)
gateway-web	Run pnpm test	2026-10-07T01:49:12.8928296Z ✔ UXI-391: the City really has FIVE requestable task types - the premise the old record denied (3.8235ms)
gateway-web	Run pnpm test	2026-10-07T01:49:12.8929659Z ✔ UXI-391: a MISSING load dimension is not zero, and one observed dimension is enough (0.851ms)
gateway-web	Run pnpm test	2026-10-07T01:49:12.8930966Z ✔ UXI-391: the BINDING dimension is the maximum OBSERVED one, not an average over five (0.3404ms)
gateway-web	Run pnpm test	2026-10-07T01:49:12.8932474Z ✔ UXI-391: telemetry produces the vector honestly - measured dimensions only, null when nothing is measured (0.4463ms)
gateway-web	Run pnpm test	2026-10-07T01:49:12.8934128Z ✔ UXI-391: the bridge transfers ONLY on ALTERNATE_DEVICE, and moves ownership once (1.2854ms)
gateway-web	Run pnpm test	2026-10-07T01:49:12.8935465Z ✔ UXI-391: a stale holder cannot hand on work it no longer owns, and a disabled path refuses (0.3724ms)
gateway-web	Run pnpm test	2026-10-07T01:49:12.8936816Z ✔ UXI-391: only the reserved device - and never a stale holder - may claim a moved task (0.5455ms)
gateway-web	Run pnpm test	2026-10-07T01:49:12.8938117Z ✔ UXI-391: a pending handoff is REMOTE_HANDOFF on the surface, from the task record (2.8699ms)
gateway-web	Run pnpm test	2026-10-07T01:49:12.8940373Z ✔ UXI-391: the planner decision is exposed WITH the chosen device, and routeStageFor stays a thin read (2.1316ms)
gateway-web	Run pnpm test	2026-10-07T01:49:12.8942600Z ✔ UXI-391: the term and the route agree about the SAME candidate - the defect this task is about (1.0106ms)
gateway-web	Run pnpm test	2026-10-07T01:49:12.8945339Z ✔ a City with no Workbench starts, serves and executes: the seam adds no startup dependency (146.5591ms)
gateway-web	Run pnpm test	2026-10-07T01:49:12.8946729Z ✔ the port and the live route reach the same claim decision on the same facts (52.383ms)
gateway-web	Run pnpm test	2026-10-07T01:49:12.8948499Z ✔ an offline named device is withheld by the port exactly as the route withholds it (58.2301ms)
gateway-web	Run pnpm test	2026-10-07T01:49:12.8950321Z ✔ the City exposes which backend placed the work, and only STANDARD_DEVICES is ever enabled (25.863ms)
gateway-web	Run pnpm test	2026-10-07T01:49:12.8952974Z ✔ STANDARD_DEVICES is the enabled long-term default and claims exactly the profile it wraps (2.2262ms)
gateway-web	Run pnpm test	2026-10-07T01:49:12.8954999Z ✔ fleet readiness distinguishes "no device at all" from "devices present, none accepting work" (1.9272ms)
gateway-web	Run pnpm test	2026-10-07T01:49:12.8956546Z ✔ an endpoint row is a truthful view: offline, capability-less and sharing-off are different facts (0.4626ms)
gateway-web	Run pnpm test	2026-10-07T01:49:12.8958005Z ✔ claim reproduces the frozen decision for every negative control the pre-seam route covered (1.7387ms)
gateway-web	Run pnpm test	2026-10-07T01:49:12.8959321Z ✔ report keeps the same transitions, the same refusals and the same event names (1.3471ms)
gateway-web	Run pnpm test	2026-10-07T01:49:12.8960623Z ✔ dispatch and control refuse honestly instead of pretending the endpoint is ready (1.1806ms)
gateway-web	Run pnpm test	2026-10-07T01:49:12.8962348Z ✔ a probe failure is reported as UNKNOWN rather than being allowed to crash a status read (0.3839ms)
gateway-web	Run pnpm test	2026-10-07T01:49:12.8963594Z ✔ the port refuses to be constructed without the facts it must not invent (0.5342ms)
gateway-web	Run pnpm test	2026-10-07T01:49:12.8964708Z ✔ review: dispatch cannot bypass strict target or handoff reservation (0.5697ms)
gateway-web	Run pnpm test	2026-10-07T01:49:12.8965958Z ✔ review: dispatch cannot transfer an already running task to a different free endpoint (0.4322ms)
gateway-web	Run pnpm test	2026-10-07T01:49:12.8967295Z ✔ review: claim readiness does not say ready when sharing is disabled or endpoint busy (0.4357ms)
gateway-web	Run pnpm test	2026-10-07T01:49:12.8968652Z ✔ review: endpoint readiness and dispatch honor injected canonical Core acceptance (0.3472ms)
gateway-web	Run pnpm test	2026-10-07T01:49:12.8970128Z ✔ a node registered with the old payload still registers, claims and completes, and gains a descriptor (132.5574ms)
gateway-web	Run pnpm test	2026-10-07T01:49:12.8971690Z ✔ the descriptor is computed at read time, so a sharing change and fresh telemetry are reflected at once (43.0374ms)
gateway-web	Run pnpm test	2026-10-07T01:49:12.8973214Z ✔ an unknown node has no descriptor, and a control surface is never among the node descriptors (29.0245ms)
gateway-web	Run pnpm test	2026-10-07T01:49:12.8974632Z ✔ strict target still outranks every generic descriptor fact (41.1581ms)
gateway-web	Run pnpm test	2026-10-07T01:49:12.8975790Z ✔ WBC602 review: explicit malformed roles cannot manufacture an execution identity (4.6636ms)
gateway-web	Run pnpm test	2026-10-07T01:49:12.8977071Z ✔ WBC602 review: absent GPU/network observations are unknown, not hardware absence (1.7597ms)
gateway-web	Run pnpm test	2026-10-07T01:49:12.8978789Z ✔ WBC602 review: platform mismatch and measured zero accelerators are distinguished from unknown (0.8851ms)
gateway-web	Run pnpm test	2026-10-07T01:49:12.8980195Z ✔ WBC602 review: malformed requirement arrays yield typed contract refusals (0.402ms)
gateway-web	Run pnpm test	2026-10-07T01:49:12.8981293Z ✔ WBC602 review: busy endpoint cannot advertise accepting work (154.9878ms)
gateway-web	Run pnpm test	2026-10-07T01:49:12.8982586Z ✔ WBC602 review: explicitly declared multiple worker roles survive real registration and restart (73.6242ms)
gateway-web	Run pnpm test	2026-10-07T01:49:12.8984094Z ✔ agent construction has no I/O; drain prevents new claim; canary uses canonical state and result (147.9232ms)
gateway-web	Run pnpm test	2026-10-07T01:49:12.8985504Z ✔ crash and restart use canonical interruption refusal rather than duplicate execution (51.7376ms)
gateway-web	Run pnpm test	2026-10-07T01:49:12.8986846Z ✔ unknown protocol and unavailable adapter are typed refusals without a startup loop (1.5448ms)
gateway-web	Run pnpm test	2026-10-07T01:49:12.8988584Z ✔ executor failure after progress remains canonical FAILED and drain permits held completion (75.7892ms)
gateway-web	Run pnpm test	2026-10-07T01:49:12.9004274Z ✔ cancel aborts held executor and late result never replaces terminal state (44.1964ms)
gateway-web	Run pnpm test	2026-10-07T01:49:12.9005771Z ✔ delayed old-task cancel cannot abort a later task or admit work while control pending (20.9535ms)
gateway-web	Run pnpm test	2026-10-07T01:49:12.9007232Z ✔ stop during unresolved claim refuses busy and preserves assignment for subsequent stop (5.9319ms)
gateway-web	Run pnpm test	2026-10-07T01:49:12.9008850Z ✔ explicit bounded pool adapter executes canonical canary, then absent pool leaves standard work usable (61.0646ms)
gateway-web	Run pnpm test	2026-10-07T01:49:12.9010414Z ✔ pool registers dormant without adapter or I/O and refuses direct or registry work (4.3606ms)
gateway-web	Run pnpm test	2026-10-07T01:49:12.9011838Z ✔ explicit pool narrows canonical endpoints by membership, role and descriptor readiness (1.8992ms)
gateway-web	Run pnpm test	2026-10-07T01:49:12.9013240Z ✔ enabled pool with missing canonical adapter fails typed unavailable (0.3975ms)
gateway-web	Run pnpm test	2026-10-07T01:49:12.9014757Z ✔ pool control must not cancel work held by an unrelated standard endpoint (0.4049ms)
gateway-web	Run pnpm test	2026-10-07T01:49:12.9016161Z ✔ WBC604 profile: STANDARD_DEVICES is the default and is always an available rollback (9.4149ms)
gateway-web	Run pnpm test	2026-10-07T01:49:12.9017645Z ✔ WBC604 profile: a not-ready switch is REFUSED with a typed code and writes nothing at all (5.4112ms)
gateway-web	Run pnpm test	2026-10-07T01:49:12.9019002Z ✔ WBC604 profile: a ready switch activates, persists, and survives a restart (5.0718ms)
gateway-web	Run pnpm test	2026-10-07T01:49:12.9020515Z ✔ WBC604 profile: an untrustworthy persisted value recovers to the safe default instead of being obeyed (9.0819ms)
gateway-web	Run pnpm test	2026-10-07T01:49:12.9022608Z ✔ WBC604 profile: unknown profiles and no-op changes are answered distinctly, never silently (1.6186ms)
gateway-web	Run pnpm test	2026-10-07T01:49:12.9024156Z ✔ WBC604 profile: rollback returns to STANDARD_DEVICES even after the pool disappears (3.1764ms)
gateway-web	Run pnpm test	2026-10-07T01:49:12.9025675Z ✔ WBC604 hybrid: an explicit strict target outranks every general rule and is never reinterpreted (0.6062ms)
gateway-web	Run pnpm test	2026-10-07T01:49:12.9027319Z ✔ WBC604 hybrid: a hard capability requirement outranks load, and validation work goes to a validation node (0.452ms)
gateway-web	Run pnpm test	2026-10-07T01:49:12.9028929Z ✔ WBC604 hybrid: a legacy task that declares nothing keeps the compatible default (0.3763ms)
gateway-web	Run pnpm test	2026-10-07T01:49:12.9030262Z ✔ WBC604 hybrid: an untrusted node is never a candidate, whatever its capacity (0.3715ms)
gateway-web	Run pnpm test	2026-10-07T01:49:12.9031803Z ✔ WBC604 fail-safe: a persisted profile whose backend is no longer ready degrades to the rollback profile (10.1765ms)
gateway-web	Run pnpm test	2026-10-07T01:49:12.9033431Z ✔ WBC604 fail-safe: a change never leaves the persisted file disagreeing with the running profile (7.9412ms)
gateway-web	Run pnpm test	2026-10-07T01:49:12.9035429Z ✔ WBC604 fail-safe: changing or rolling back the profile never rewrites canonical task truth (128.1247ms)
gateway-web	Run pnpm test	2026-10-07T01:49:12.9036995Z ✔ WBC604 fail-safe: readiness is re-read on every question, never cached into a stale answer (3.5386ms)
gateway-web	Run pnpm test	2026-10-07T01:49:12.9038507Z ✔ WBC604 route: the City reports its profile, refuses an absent pool, and can always roll back (149.45ms)
gateway-web	Run pnpm test	2026-10-07T01:49:12.9040549Z ✔ WBC604 route: a persisted selection is what the restarted City runs (49.8213ms)
gateway-web	Run pnpm test	2026-10-07T01:49:12.9041859Z ✔ locale contract: supported tokens, fallback and first-run detection (2.9307ms)
gateway-web	Run pnpm test	2026-10-07T01:49:12.9042993Z ✔ both language packs cover every message key with matching placeholders (5.941ms)
gateway-web	Run pnpm test	2026-10-07T01:49:12.9044344Z ✔ every fixed Web UI string is present in the language packs (1.2066ms)
gateway-web	Run pnpm test	2026-10-07T01:49:12.9045416Z ✔ protocol tokens and City Control state names are never translated (13.7258ms)
gateway-web	Run pnpm test	2026-10-07T01:49:12.9046186Z ✔ web assets only use message keys that exist in the packs (3.9992ms)
gateway-web	Run pnpm test	2026-10-07T01:49:12.9046766Z ✔ badge state and display label stay separate in every locale (2.8101ms)
gateway-web	Run pnpm test	2026-10-07T01:49:12.9047469Z ✔ applyTranslations and setLocale update the document without touching storage contracts (0.891ms)
gateway-web	Run pnpm test	2026-10-07T01:49:12.9048198Z ✔ translation fills placeholders and time formatting follows the locale (30.5159ms)
gateway-web	Run pnpm test	2026-10-07T01:49:12.9048939Z ✔ Web Settings language switch, persistence and protocol stability (real browser) (6902.1969ms)
gateway-web	Run pnpm test	2026-10-07T01:49:12.9049666Z ✔ an invite names the City it belongs to, which is the whole point of the form (1.4161ms)
gateway-web	Run pnpm test	2026-10-07T01:49:12.9050344Z ✔ a bare credential is NOT an invite - it cannot say which City it belongs to (0.4616ms)
gateway-web	Run pnpm test	2026-10-07T01:49:12.9050876Z ✔ junk does not throw, it returns null (1.1316ms)
gateway-web	Run pnpm test	2026-10-07T01:49:12.9051381Z ✔ an invite without a host is refused rather than half-understood (0.2219ms)
gateway-web	Run pnpm test	2026-10-07T01:49:12.9051912Z ✔ trailing slashes and origins compare cleanly (0.6601ms)
gateway-web	Run pnpm test	2026-10-07T01:49:12.9052410Z ✔ the invite survives a round trip through a URL fragment (0.3835ms)
gateway-web	Run pnpm test	2026-10-07T01:49:12.9053110Z ✔ REGRESSION: a PARSED invite handed back in must still resolve, not become "[object Object]" (0.2452ms)
gateway-web	Run pnpm test	2026-10-07T01:49:12.9054105Z ✔ UXI-301: the adapter table agrees with the contract EXACTLY, in both directions (3.1919ms)
gateway-web	Run pnpm test	2026-10-07T01:49:12.9055079Z ✔ UXI-301: severity cannot contradict the contract class where the class carries meaning (1.0375ms)
gateway-web	Run pnpm test	2026-10-07T01:49:12.9055765Z ✔ UXI-301: every referenced key exists in BOTH locale packs (2.2543ms)
gateway-web	Run pnpm test	2026-10-07T01:49:12.9056388Z ✔ UXI-301: every state and every action renders real copy, not a fallback key (1.1563ms)
gateway-web	Run pnpm test	2026-10-07T01:49:12.9057075Z ✔ UXI-301: zh-CN renders different copy from en, so the locale is really applied (0.4345ms)
gateway-web	Run pnpm test	2026-10-07T01:49:12.9057734Z ✔ UXI-301: a non-permitted provider is never selectable or interactive (0.497ms)
gateway-web	Run pnpm test	2026-10-07T01:49:12.9058750Z ✔ UXI-301: the adapter forces unselectable even when the DTO LIES about selectable (0.5633ms)
gateway-web	Run pnpm test	2026-10-07T01:49:12.9059426Z ✔ UXI-301: NO raw scheduler vocabulary leaks into the default view model (1.0905ms)
gateway-web	Run pnpm test	2026-10-07T01:49:12.9060084Z ✔ UXI-301: the leak rule survives every provider term the contract can produce (0.6902ms)
gateway-web	Run pnpm test	2026-10-07T01:49:12.9060791Z ✔ UXI-301: raw vocabulary IS reachable, but only through the explicit advanced block (0.5907ms)
gateway-web	Run pnpm test	2026-10-07T01:49:12.9061507Z ✔ UXI-301: the adapter never fabricates success and never claims to have chosen (0.3054ms)
gateway-web	Run pnpm test	2026-10-07T01:49:12.9062150Z ✔ UXI-301: an unknown state or term THROWS rather than rendering blank (0.8851ms)
gateway-web	Run pnpm test	2026-10-07T01:49:12.9062877Z ✔ UXI-301: the adapter does not recompute selection - it reports the contract decision unchanged (0.2241ms)
gateway-web	Run pnpm test	2026-10-07T01:49:12.9063640Z ✔ UXI-301: the view model is frozen, so a renderer cannot mutate presentation truth (0.4067ms)
gateway-web	Run pnpm test	2026-10-07T01:49:12.9064378Z ✔ UXI-301: real registry vocabulary flows end to end into user language (0.6491ms)
gateway-web	Run pnpm test	2026-10-07T01:49:12.9065159Z ✔ UXI-301 panel: a state renders in user language, not as a token (4.8328ms)
gateway-web	Run pnpm test	2026-10-07T01:49:12.9065780Z ✔ UXI-301 panel: NO raw scheduler vocabulary appears in the default HTML (2.0693ms)
gateway-web	Run pnpm test	2026-10-07T01:49:12.9066489Z ✔ UXI-301 panel: an unavailable provider is visible with its reason and is NOT a control (0.8544ms)
gateway-web	Run pnpm test	2026-10-07T01:49:12.9067288Z ✔ UXI-301 panel: a submitting action carries its token for wiring and its LABEL in user language (0.8642ms)
gateway-web	Run pnpm test	2026-10-07T01:49:12.9068282Z ✔ UXI-301 panel: the provider choice lives on the ROW and names a candidate the feed offered (0.9055ms)
gateway-web	Run pnpm test	2026-10-07T01:49:12.9069004Z ✔ UXI-301 panel: with nothing available to switch to, the instruction says so (0.5298ms)
gateway-web	Run pnpm test	2026-10-07T01:49:12.9069652Z ✔ UXI-301 panel: a decision is asked for only when the feed requires one (0.5581ms)
gateway-web	Run pnpm test	2026-10-07T01:49:12.9070346Z ✔ UXI-301 panel: technical detail appears ONLY behind the explicit Advanced disclosure (0.5258ms)
gateway-web	Run pnpm test	2026-10-07T01:49:12.9071053Z ✔ UXI-301 panel: an unreported feed never looks like a healthy or idle one (0.7686ms)
gateway-web	Run pnpm test	2026-10-07T01:49:12.9071658Z ✔ UXI-301 panel: all text is escaped, including ids from the feed (0.4881ms)
gateway-web	Run pnpm test	2026-10-07T01:49:12.9072205Z ✔ UXI-301 panel: the panel renders in zh-CN as well as en (0.6587ms)
gateway-web	Run pnpm test	2026-10-07T01:49:12.9072788Z ✔ UXI-301 panel: every copy key the panel uses exists in both locale packs (4.9879ms)
gateway-web	Run pnpm test	2026-10-07T01:49:12.9073567Z ✔ Windows history loads detail explicitly, retains it across snapshots and fences late selections (6097.5468ms)
gateway-web	Run pnpm test	2026-10-07T01:49:12.9074875Z ✔ Windows Services invokes real document, knowledge, skill, evidence and theme adapters (8661.9093ms)
gateway-web	Run pnpm test	2026-10-07T01:49:12.9075737Z ✔ renderTerminal returns the terminal controller, not a boolean (2.4533ms)
gateway-web	Run pnpm test	2026-10-07T01:49:12.9076353Z ✔ every terminal page renders, and the page actually follows the shell (2.5206ms)
gateway-web	Run pnpm test	2026-10-07T01:49:12.9076943Z ✔ the Ask / Do page does not duplicate any id owned by the shell (1.2656ms)
gateway-web	Run pnpm test	2026-10-07T01:49:12.9077465Z ✔ no id is duplicated anywhere in the shell document (0.2637ms)
gateway-web	Run pnpm test	2026-10-07T01:49:12.9078045Z ✔ the terminal module never attaches a second submit path to the shell bar (0.6487ms)
gateway-web	Run pnpm test	2026-10-07T01:49:12.9078644Z ✔ the shell bar is a real form so Enter submits it once, natively (0.2902ms)
gateway-web	Run pnpm test	2026-10-07T01:49:15.5727149Z ✔ Web Devices and ephemeral pairing share the authoritative Gateway (4047.8585ms)
gateway-web	Run pnpm test	2026-10-07T01:49:15.5728316Z ✔ Web freshness, device detail, node offline and pairing expiry (12318.0126ms)
gateway-web	Run pnpm test	2026-10-07T01:51:01.4947557Z ✔ Web control creates a real task and shows durable result (113672.9355ms)
gateway-web	Run pnpm test	2026-10-07T01:51:01.5258210Z ℹ tests 1635
gateway-web	Run pnpm test	2026-10-07T01:51:01.5258765Z ℹ suites 0
gateway-web	Run pnpm test	2026-10-07T01:51:01.5259128Z ℹ pass 1634
gateway-web	Run pnpm test	2026-10-07T01:51:01.5259475Z ℹ fail 0
gateway-web	Run pnpm test	2026-10-07T01:51:01.5259794Z ℹ cancelled 0
gateway-web	Run pnpm test	2026-10-07T01:51:01.5260116Z ℹ skipped 1
gateway-web	Run pnpm test	2026-10-07T01:51:01.5260384Z ℹ todo 0
gateway-web	Run pnpm test	2026-10-07T01:51:01.5262333Z ℹ duration_ms 346093.1526
gateway-web	Run node scripts/verify-promotion-history.mjs	﻿2026-10-07T01:51:01.6922111Z ##[group]Run node scripts/verify-promotion-history.mjs
gateway-web	Run node scripts/verify-promotion-history.mjs	2026-10-07T01:51:01.6922628Z ^[[36;1mnode scripts/verify-promotion-history.mjs^[[0m
gateway-web	Run node scripts/verify-promotion-history.mjs	2026-10-07T01:51:01.7004894Z shell: C:\Program Files\PowerShell\7\pwsh.EXE -command ". '{0}'"
gateway-web	Run node scripts/verify-promotion-history.mjs	2026-10-07T01:51:01.7005282Z env:
gateway-web	Run node scripts/verify-promotion-history.mjs	2026-10-07T01:51:01.7005544Z   PNPM_HOME: C:\Users\runneradmin\setup-pnpm\node_modules\.bin
gateway-web	Run node scripts/verify-promotion-history.mjs	2026-10-07T01:51:01.7005870Z ##[endgroup]
gateway-web	Run node scripts/verify-promotion-history.mjs	2026-10-07T01:51:04.0605775Z promotion history:
gateway-web	Run node scripts/verify-promotion-history.mjs	2026-10-07T01:51:04.0608698Z   OK   document-intake-lab: 165e2664ad4e -> e3d6bbd9dd91 -> city/09-planning-knowledge/02-document-intake/ingestion-core
gateway-web	Run node scripts/verify-promotion-history.mjs	2026-10-07T01:51:04.0610152Z   OK   document-readers-lab: e9a4c2370544 -> 6a95bf4502f1 -> city/09-planning-knowledge/02-document-intake/document-readers
gateway-web	Run node scripts/verify-promotion-history.mjs	2026-10-07T01:51:04.0611880Z   OK   evidence-engine-lab: ec4202f774a9 -> e1dcfd73e9b3 -> city/06-research/01-research-institute/evidence-engine
gateway-web	Run node scripts/verify-promotion-history.mjs	2026-10-07T01:51:04.0613378Z   OK   knowledge-core-lab: 01f932bd2aad -> b82fcfd0f153 -> city/09-planning-knowledge/01-knowledge-service/knowledge-core
gateway-web	Run node scripts/verify-promotion-history.mjs	2026-10-07T01:51:04.0614884Z   OK   skill-discovery-lab: b4dff8150312 -> 48494263d755 -> city/02-engineering/02-worker-gateway/skill-intake
gateway-web	Run node scripts/verify-promotion-history.mjs	2026-10-07T01:51:04.0616116Z   OK   skill-intake-lab: 1ba5b4809f05 -> 140287250ef1 -> city/02-engineering/02-worker-gateway/skill-intake
gateway-web	Run node scripts/verify-promotion-history.mjs	2026-10-07T01:51:04.0617441Z   OK   theme-builder-lab: 3ff7d805f043 -> 74c277cbc2a4 -> city/11-entertainment/01-entertainment-centre/theme-engine
gateway-web	Run node scripts/verify-promotion-history.mjs	2026-10-07T01:51:04.0619066Z   OK   theme-engine-lab: 9819ed7a4a21 -> a18b1e80b740 -> city/11-entertainment/01-entertainment-centre/theme-engine
gateway-web	Run node scripts/verify-promotion-history.mjs	2026-10-07T01:51:04.0620355Z   OK   theme-package-lab: 95d958ddacc6 -> 5d1abecdc38a -> city/11-entertainment/01-entertainment-centre/theme-engine
gateway-web	Run node scripts/verify-promotion-history.mjs	2026-10-07T01:51:04.0621670Z   OK   yaml-intake-lab: b6d7733c9272 -> e068d58ee890 -> city/09-planning-knowledge/02-document-intake/ingestion-core
gateway-web	Run node scripts/verify-promotion-history.mjs	2026-10-07T01:51:04.0622837Z promotion-history: 10 record(s) verified against local Git history at 998440c7772c
gateway-web	Run node --test apps/rooms/tests/*.test.mjs	﻿2026-10-07T01:51:04.1848882Z ##[group]Run node --test apps/rooms/tests/*.test.mjs
gateway-web	Run node --test apps/rooms/tests/*.test.mjs	2026-10-07T01:51:04.1849340Z ^[[36;1mnode --test apps/rooms/tests/*.test.mjs^[[0m
gateway-web	Run node --test apps/rooms/tests/*.test.mjs	2026-10-07T01:51:04.1920250Z shell: C:\Program Files\PowerShell\7\pwsh.EXE -command ". '{0}'"
gateway-web	Run node --test apps/rooms/tests/*.test.mjs	2026-10-07T01:51:04.1920601Z env:
gateway-web	Run node --test apps/rooms/tests/*.test.mjs	2026-10-07T01:51:04.1920868Z   PNPM_HOME: C:\Users\runneradmin\setup-pnpm\node_modules\.bin
gateway-web	Run node --test apps/rooms/tests/*.test.mjs	2026-10-07T01:51:04.1921185Z ##[endgroup]
gateway-web	Run node --test apps/rooms/tests/*.test.mjs	2026-10-07T01:51:04.8193854Z ✔ bookmark room creates, edits and deletes bookmarks (153.9912ms)
gateway-web	Run node --test apps/rooms/tests/*.test.mjs	2026-10-07T01:51:04.8667701Z ✔ bookmark room accepts only absolute http(s) URLs (48.8454ms)
gateway-web	Run node --test apps/rooms/tests/*.test.mjs	2026-10-07T01:51:04.9004818Z ✔ bookmark title falls back to the URL and search covers url and note (34.362ms)
gateway-web	Run node --test apps/rooms/tests/*.test.mjs	2026-10-07T01:51:04.9337692Z ✔ bookmark export/import replaces the collection and rejects bad payloads (33.9615ms)
gateway-web	Run node --test apps/rooms/tests/*.test.mjs	2026-10-07T01:51:04.9560187Z ✔ bookmark data is durable across a hub restart (22.2178ms)
gateway-web	Run node --test apps/rooms/tests/*.test.mjs	2026-10-07T01:51:07.9610098Z ✔ calendar room creates, edits and deletes a dated event (117.2871ms)
gateway-web	Run node --test apps/rooms/tests/*.test.mjs	2026-10-07T01:51:07.9611317Z ✔ calendar room validates dates and times (68.788ms)
gateway-web	Run node --test apps/rooms/tests/*.test.mjs	2026-10-07T01:51:07.9612308Z ✔ calendar groups events into today, upcoming and past in order (1.5512ms)
gateway-web	Run node --test apps/rooms/tests/*.test.mjs	2026-10-07T01:51:07.9613334Z ✔ calendar scope filters today and upcoming over HTTP (24.8997ms)
gateway-web	Run node --test apps/rooms/tests/*.test.mjs	2026-10-07T01:51:07.9614464Z ✔ calendar export/import replaces events and data survives a restart (38.9031ms)
gateway-web	Run node --test apps/rooms/tests/*.test.mjs	2026-10-07T01:51:07.9684903Z ✔ checklist room creates lists and items with progress (185.2429ms)
gateway-web	Run node --test apps/rooms/tests/*.test.mjs	2026-10-07T01:51:07.9689249Z ✔ checklist items can be reordered and deleted (49.569ms)
gateway-web	Run node --test apps/rooms/tests/*.test.mjs	2026-10-07T01:51:07.9714780Z ✔ checklist clear-completed removes only done items (25.8958ms)
gateway-web	Run node --test apps/rooms/tests/*.test.mjs	2026-10-07T01:51:07.9725783Z ✔ checklist data is durable across a hub restart (23.3658ms)
gateway-web	Run node --test apps/rooms/tests/*.test.mjs	2026-10-07T01:51:07.9727547Z ✔ checklist room avoids City Control task vocabulary (2.3313ms)
gateway-web	Run node --test apps/rooms/tests/*.test.mjs	2026-10-07T01:51:08.0546325Z ✔ csv parser handles quotes, escaped quotes and embedded newlines (2.9831ms)
gateway-web	Run node --test apps/rooms/tests/*.test.mjs	2026-10-07T01:51:08.0552880Z ✔ csv summary reports columns, rows and truncation (1.0205ms)
gateway-web	Run node --test apps/rooms/tests/*.test.mjs	2026-10-07T01:51:08.0571330Z ✔ json parse reports a position for invalid input (0.8095ms)
gateway-web	Run node --test apps/rooms/tests/*.test.mjs	2026-10-07T01:51:08.1566002Z ✔ data lab pretty prints and minifies over HTTP (111.4873ms)
gateway-web	Run node --test apps/rooms/tests/*.test.mjs	2026-10-07T01:51:08.1716047Z ✔ data lab returns a structured error for invalid json and parses valid json (20.7557ms)
gateway-web	Run node --test apps/rooms/tests/*.test.mjs	2026-10-07T01:51:08.2008734Z ✔ data lab csv preview endpoint works and rejects broken csv (20.9134ms)
gateway-web	Run node --test apps/rooms/tests/*.test.mjs	2026-10-07T01:51:08.2930724Z ✔ decision room records a question with options and opens as OPEN (148.0974ms)
gateway-web	Run node --test apps/rooms/tests/*.test.mjs	2026-10-07T01:51:08.2937042Z ✔ decision room appends options and keeps selected option ids stable (51.0667ms)
gateway-web	Run node --test apps/rooms/tests/*.test.mjs	2026-10-07T01:51:08.3248053Z ✔ decision room decide and revisit transitions (37.8629ms)
gateway-web	Run node --test apps/rooms/tests/*.test.mjs	2026-10-07T01:51:08.3602301Z ✔ decision room searches and filters by status (35.5108ms)
gateway-web	Run node --test apps/rooms/tests/*.test.mjs	2026-10-07T01:51:08.4004915Z ✔ decision export/import replaces data, validates payloads and survives a restart (39.7289ms)
gateway-web	Run node --test apps/rooms/tests/*.test.mjs	2026-10-07T01:51:11.4243585Z ✔ focus room exposes presets and completes a real short session (179.8014ms)
gateway-web	Run node --test apps/rooms/tests/*.test.mjs	2026-10-07T01:51:11.4245310Z ✔ focus room records an interrupted session honestly after a reload (28.9634ms)
gateway-web	Run node --test apps/rooms/tests/*.test.mjs	2026-10-07T01:51:11.4246211Z ✔ focus room validates session input (28.7467ms)
gateway-web	Run node --test apps/rooms/tests/*.test.mjs	2026-10-07T01:51:11.4247101Z ✔ focus room deletes a session and keeps the rest (38.0698ms)
gateway-web	Run node --test apps/rooms/tests/*.test.mjs	2026-10-07T01:51:11.4247755Z ✔ focus summary counts today using local dates and sessions are durable (21.3652ms)
gateway-web	Run node --test apps/rooms/tests/*.test.mjs	2026-10-07T01:51:11.4387648Z ✔ hash room digest matches Node crypto for fixed inputs (74.4977ms)
gateway-web	Run node --test apps/rooms/tests/*.test.mjs	2026-10-07T01:51:11.4388826Z ✔ hash room compares an expected digest and reports match or mismatch (19.8138ms)
gateway-web	Run node --test apps/rooms/tests/*.test.mjs	2026-10-07T01:51:11.4389946Z ✔ hash room rejects unknown algorithms and writes nothing to runtime (13.6807ms)
gateway-web	Run node --test apps/rooms/tests/*.test.mjs	2026-10-07T01:51:11.4391067Z ✔ room store writes schemaVersion/updatedAt/data and survives a reload (13.3452ms)
gateway-web	Run node --test apps/rooms/tests/*.test.mjs	2026-10-07T01:51:11.4392200Z ✔ room store rejects a wrong schemaVersion and a non-object root (6.2656ms)
gateway-web	Run node --test apps/rooms/tests/*.test.mjs	2026-10-07T01:51:11.4393309Z ✔ store mutations are serialized so concurrent writes do not lose items (28.9436ms)
gateway-web	Run node --test apps/rooms/tests/*.test.mjs	2026-10-07T01:51:11.4397483Z ✔ shared helpers normalize text, tags and collection CRUD (6.5983ms)
gateway-web	Run node --test apps/rooms/tests/*.test.mjs	2026-10-07T01:51:11.4398574Z ✔ hub serves health, the room catalog and the product shell on loopback (82.7691ms)
gateway-web	Run node --test apps/rooms/tests/*.test.mjs	2026-10-07T01:51:11.4399788Z ✔ hub rejects unknown rooms and unknown routes without touching other rooms (16.2634ms)
gateway-web	Run node --test apps/rooms/tests/*.test.mjs	2026-10-07T01:51:11.4400809Z ✔ static serving never escapes the configured root (3.9641ms)
gateway-web	Run node --test apps/rooms/tests/*.test.mjs	2026-10-07T01:51:11.4401881Z ✔ room data files are isolated: clearing one room leaves the others intact (34.4004ms)
gateway-web	Run node --test apps/rooms/tests/*.test.mjs	2026-10-07T01:51:11.4402998Z ✔ hub configuration defaults to port 4320 and loopback only (0.6673ms)
gateway-web	Run node --test apps/rooms/tests/*.test.mjs	2026-10-07T01:51:11.4404096Z ✔ all ten local rooms are LOCAL_PRODUCT and carry null donor metadata (1.8755ms)
gateway-web	Run node --test apps/rooms/tests/*.test.mjs	2026-10-07T01:51:11.4405205Z ✔ every incubating room declares a full donor and promotion contract (0.7932ms)
gateway-web	Run node --test apps/rooms/tests/*.test.mjs	2026-10-07T01:51:11.4406479Z ✔ lifecycle defaults and metadata projection follow the §5.2 contract (0.3351ms)
gateway-web	Run node --test apps/rooms/tests/*.test.mjs	2026-10-07T01:51:11.4408035Z ✔ a promoted room leaves the active catalog but stays known to Git history (0.4249ms)
gateway-web	Run node --test apps/rooms/tests/*.test.mjs	2026-10-07T01:51:11.4409162Z ✔ promotion records are validated and rejected when malformed (14.6957ms)
gateway-web	Run node --test apps/rooms/tests/*.test.mjs	2026-10-07T01:51:11.4410348Z ✔ promotion cross-checks catch an unknown room, an active room and a path mismatch (0.5978ms)
gateway-web	Run node --test apps/rooms/tests/*.test.mjs	2026-10-07T01:51:11.4411502Z ✔ hub exposes lifecycle metadata and the promotion record set (76.4706ms)
gateway-web	Run node --test apps/rooms/tests/*.test.mjs	2026-10-07T01:51:12.2501218Z ✔ knowledge room creates, lists, edits and deletes entries over HTTP (94.5098ms)
gateway-web	Run node --test apps/rooms/tests/*.test.mjs	2026-10-07T01:51:12.2502420Z ✔ knowledge entries survive a hub restart (18.9683ms)
gateway-web	Run node --test apps/rooms/tests/*.test.mjs	2026-10-07T01:51:12.2503480Z ✔ knowledge search covers title, body and tags and is case-insensitive (21.969ms)
gateway-web	Run node --test apps/rooms/tests/*.test.mjs	2026-10-07T01:51:12.2504724Z ✔ knowledge export bundle carries format, schemaVersion and full entries (11.0993ms)
gateway-web	Run node --test apps/rooms/tests/*.test.mjs	2026-10-07T01:51:12.2505958Z ✔ knowledge import replaces data and rejects malformed bundles whole (22.1692ms)
gateway-web	Run node --test apps/rooms/tests/*.test.mjs	2026-10-07T01:51:12.2507052Z ✔ knowledge entries are ordered newest-updated first (46.207ms)
gateway-web	Run node --test apps/rooms/tests/*.test.mjs	2026-10-07T01:51:12.2626348Z ✔ a relocated promotion keeps its historical target and names its authority (9.7582ms)
gateway-web	Run node --test apps/rooms/tests/*.test.mjs	2026-10-07T01:51:12.2627127Z ✔ every promotion record still names a landing point under city/ (4.7658ms)
gateway-web	Run node --test apps/rooms/tests/*.test.mjs	2026-10-07T01:51:14.6999063Z ✔ prompt library creates a prompt and derives its variables (98.6247ms)
gateway-web	Run node --test apps/rooms/tests/*.test.mjs	2026-10-07T01:51:14.7000557Z ✔ prompt rendering fills known variables and reports the missing ones (21.2372ms)
gateway-web	Run node --test apps/rooms/tests/*.test.mjs	2026-10-07T01:51:14.7002492Z ✔ prompt values persist with the prompt and are reused as defaults (22.9866ms)
gateway-web	Run node --test apps/rooms/tests/*.test.mjs	2026-10-07T01:51:14.7003879Z ✔ prompt search covers title, template and note (24.2441ms)
gateway-web	Run node --test apps/rooms/tests/*.test.mjs	2026-10-07T01:51:14.7005136Z ✔ prompt export/import replaces the library and the room never calls an AI provider (25.0733ms)
gateway-web	Run node --test apps/rooms/tests/*.test.mjs	2026-10-07T01:51:14.7137373Z ✔ text stats count characters, words and lines (2.3054ms)
gateway-web	Run node --test apps/rooms/tests/*.test.mjs	2026-10-07T01:51:14.7138421Z ✔ whitespace and blank-line operations are deterministic (0.297ms)
gateway-web	Run node --test apps/rooms/tests/*.test.mjs	2026-10-07T01:51:14.7139025Z ✔ sort and dedupe behave predictably (0.5685ms)
gateway-web	Run node --test apps/rooms/tests/*.test.mjs	2026-10-07T01:51:14.7139485Z ✔ case operations cover upper, lower and title (0.3384ms)
gateway-web	Run node --test apps/rooms/tests/*.test.mjs	2026-10-07T01:51:14.7139993Z ✔ line diff reports added, removed and identical lines (0.4405ms)
gateway-web	Run node --test apps/rooms/tests/*.test.mjs	2026-10-07T01:51:14.7140570Z ✔ text workshop serves transforms over HTTP and persists nothing (103.7779ms)
gateway-web	Run node --test apps/rooms/tests/*.test.mjs	2026-10-07T01:51:14.7142606Z ℹ tests 69
gateway-web	Run node --test apps/rooms/tests/*.test.mjs	2026-10-07T01:51:14.7143492Z ℹ suites 0
gateway-web	Run node --test apps/rooms/tests/*.test.mjs	2026-10-07T01:51:14.7144102Z ℹ pass 69
gateway-web	Run node --test apps/rooms/tests/*.test.mjs	2026-10-07T01:51:14.7144306Z ℹ fail 0
gateway-web	Run node --test apps/rooms/tests/*.test.mjs	2026-10-07T01:51:14.7144512Z ℹ cancelled 0
gateway-web	Run node --test apps/rooms/tests/*.test.mjs	2026-10-07T01:51:14.7144714Z ℹ skipped 0
gateway-web	Run node --test apps/rooms/tests/*.test.mjs	2026-10-07T01:51:14.7144909Z ℹ todo 0
gateway-web	Run node --test apps/rooms/tests/*.test.mjs	2026-10-07T01:51:14.7145131Z ℹ duration_ms 10191.1392
gateway-web	Run node city/test-all.mjs	﻿2026-10-07T01:51:14.8421706Z ##[group]Run node city/test-all.mjs
gateway-web	Run node city/test-all.mjs	2026-10-07T01:51:14.8422258Z ^[[36;1mnode city/test-all.mjs^[[0m
gateway-web	Run node city/test-all.mjs	2026-10-07T01:51:14.8494109Z shell: C:\Program Files\PowerShell\7\pwsh.EXE -command ". '{0}'"
gateway-web	Run node city/test-all.mjs	2026-10-07T01:51:14.8494463Z env:
gateway-web	Run node city/test-all.mjs	2026-10-07T01:51:14.8494718Z   PNPM_HOME: C:\Users\runneradmin\setup-pnpm\node_modules\.bin
gateway-web	Run node city/test-all.mjs	2026-10-07T01:51:14.8495034Z ##[endgroup]
gateway-web	Run node city/test-all.mjs	2026-10-07T01:51:15.1906568Z city: running 121 test file(s)
gateway-web	Run node city/test-all.mjs	2026-10-07T01:51:15.1909744Z   00-foundation/01-city-core/audit-ledger/tests/decision-ledger.test.mjs
gateway-web	Run node city/test-all.mjs	2026-10-07T01:51:15.1911979Z   00-foundation/01-city-core/audit-ledger/tests/guardian-gate.test.mjs
gateway-web	Run node city/test-all.mjs	2026-10-07T01:51:15.1913844Z   00-foundation/01-city-core/audit-ledger/tests/recovery.test.mjs
gateway-web	Run node city/test-all.mjs	2026-10-07T01:51:15.1915243Z   00-foundation/01-city-core/fleet-routing/tests/adaptive-routing.test.mjs
gateway-web	Run node city/test-all.mjs	2026-10-07T01:51:15.1916317Z   00-foundation/01-city-core/fleet-routing/tests/capability-routing.test.mjs
gateway-web	Run node city/test-all.mjs	2026-10-07T01:51:15.1917204Z   00-foundation/01-city-core/fleet-routing/tests/coverage.test.mjs
gateway-web	Run node city/test-all.mjs	2026-10-07T01:51:15.1918107Z   00-foundation/01-city-core/fleet-routing/tests/fleet.test.mjs
gateway-web	Run node city/test-all.mjs	2026-10-07T01:51:15.1918925Z   00-foundation/01-city-core/fleet-routing/tests/hysteresis.test.mjs
gateway-web	Run node city/test-all.mjs	2026-10-07T01:51:15.1919829Z   00-foundation/01-city-core/fleet-routing/tests/pressure.test.mjs
gateway-web	Run node city/test-all.mjs	2026-10-07T01:51:15.1920669Z   00-foundation/01-city-core/fleet-routing/tests/rescan.test.mjs
gateway-web	Run node city/test-all.mjs	2026-10-07T01:51:15.1921579Z   00-foundation/01-city-core/fleet-routing/tests/routing-sequence.test.mjs
gateway-web	Run node city/test-all.mjs	2026-10-07T01:51:15.1934538Z   00-foundation/01-city-core/root-authority/tests/guard.test.mjs
gateway-web	Run node city/test-all.mjs	2026-10-07T01:51:15.1938024Z   00-foundation/01-city-core/root-authority/tests/protected-surface.test.mjs
gateway-web	Run node city/test-all.mjs	2026-10-07T01:51:15.1940130Z   00-foundation/01-city-core/task-lifecycle/tests/task-lifecycle.test.mjs
gateway-web	Run node city/test-all.mjs	2026-10-07T01:51:15.1941457Z   00-foundation/02-city-node-network/device-identity/tests/device-identity.test.mjs
gateway-web	Run node city/test-all.mjs	2026-10-07T01:51:15.1942597Z   00-foundation/02-city-node-network/pairing-trust/tests/pairing-trust.test.mjs
gateway-web	Run node city/test-all.mjs	2026-10-07T01:51:15.1943701Z   00-foundation/03-capability-fabric/capability-fabric/tests/capability-fabric.test.mjs
gateway-web	Run node city/test-all.mjs	2026-10-07T01:51:15.1944974Z   00-foundation/03-capability-fabric/capability-fabric/tests/v03-derivation-parity.test.mjs
gateway-web	Run node city/test-all.mjs	2026-10-07T01:51:15.1945895Z   00-foundation/05-control-centre/theme-engine/tests/d9-core.test.mjs
gateway-web	Run node city/test-all.mjs	2026-10-07T01:51:15.1946421Z   00-foundation/05-control-centre/theme-engine/tests/d9-parity.test.mjs
gateway-web	Run node city/test-all.mjs	2026-10-07T01:51:15.1946944Z   00-foundation/05-control-centre/theme-engine/tests/theme-engine.test.mjs
gateway-web	Run node city/test-all.mjs	2026-10-07T01:51:15.1947483Z   00-foundation/05-control-centre/theme-engine/tests/theme-package.test.mjs
gateway-web	Run node city/test-all.mjs	2026-10-07T01:51:15.1948081Z   02-engineering/01-project-foreman/project-foreman/tests/adapters-autonomy.test.mjs
gateway-web	Run node city/test-all.mjs	2026-10-07T01:51:15.1948752Z   02-engineering/01-project-foreman/project-foreman/tests/donor/engineering-checkpoint.test.mjs
gateway-web	Run node city/test-all.mjs	2026-10-07T01:51:15.1949443Z   02-engineering/01-project-foreman/project-foreman/tests/donor/engineering-context.test.mjs
gateway-web	Run node city/test-all.mjs	2026-10-07T01:51:15.1950194Z   02-engineering/01-project-foreman/project-foreman/tests/donor/engineering-cross-volume-cleanup.test.mjs
gateway-web	Run node city/test-all.mjs	2026-10-07T01:51:15.1950928Z   02-engineering/01-project-foreman/project-foreman/tests/donor/engineering-plan.test.mjs
gateway-web	Run node city/test-all.mjs	2026-10-07T01:51:15.1951822Z   02-engineering/01-project-foreman/project-foreman/tests/donor/engineering-process-identity.test.mjs
gateway-web	Run node city/test-all.mjs	2026-10-07T01:51:15.1952750Z   02-engineering/01-project-foreman/project-foreman/tests/donor/engineering-process-real.test.mjs
gateway-web	Run node city/test-all.mjs	2026-10-07T01:51:15.1953488Z   02-engineering/01-project-foreman/project-foreman/tests/donor/engineering-recovery-journal.test.mjs
gateway-web	Run node city/test-all.mjs	2026-10-07T01:51:15.1954218Z   02-engineering/01-project-foreman/project-foreman/tests/donor/engineering-recovery-schema.test.mjs
gateway-web	Run node city/test-all.mjs	2026-10-07T01:51:15.1955268Z   02-engineering/01-project-foreman/project-foreman/tests/donor/engineering-scenarios-autonomy.test.mjs
gateway-web	Run node city/test-all.mjs	2026-10-07T01:51:15.1955993Z   02-engineering/01-project-foreman/project-foreman/tests/donor/engineering-scenarios.test.mjs
gateway-web	Run node city/test-all.mjs	2026-10-07T01:51:15.1959660Z   02-engineering/01-project-foreman/project-foreman/tests/donor/engineering-verifier.test.mjs
gateway-web	Run node city/test-all.mjs	2026-10-07T01:51:15.1960380Z   02-engineering/01-project-foreman/project-foreman/tests/donor/engineering-wiring-lock.test.mjs
gateway-web	Run node city/test-all.mjs	2026-10-07T01:51:15.1961088Z   02-engineering/01-project-foreman/project-foreman/tests/donor-boss/recovery-model.test.mjs
gateway-web	Run node city/test-all.mjs	2026-10-07T01:51:15.1961903Z   02-engineering/01-project-foreman/project-foreman/tests/failure-recovery.test.mjs
gateway-web	Run node city/test-all.mjs	2026-10-07T01:51:15.1962900Z   02-engineering/01-project-foreman/project-foreman/tests/plan-parity.test.mjs
gateway-web	Run node city/test-all.mjs	2026-10-07T01:51:15.1963688Z   02-engineering/01-project-foreman/project-foreman/tests/recovery.test.mjs
gateway-web	Run node city/test-all.mjs	2026-10-07T01:51:15.1964255Z   02-engineering/01-project-foreman/project-foreman/tests/supervisor.test.mjs
gateway-web	Run node city/test-all.mjs	2026-10-07T01:51:15.1964816Z   02-engineering/01-project-foreman/project-foreman/tests/verification.test.mjs
gateway-web	Run node city/test-all.mjs	2026-10-07T01:51:15.1965384Z   02-engineering/02-worker-gateway/provider-adapter/tests/provider-state.test.mjs
gateway-web	Run node city/test-all.mjs	2026-10-07T01:51:15.1965933Z   02-engineering/02-worker-gateway/provider-adapter/tests/runtime.test.mjs
gateway-web	Run node city/test-all.mjs	2026-10-07T01:51:15.1966498Z   02-engineering/02-worker-gateway/provider-resilience/tests/circuit-breaker.test.mjs
gateway-web	Run node city/test-all.mjs	2026-10-07T01:51:15.1967112Z   02-engineering/02-worker-gateway/provider-resilience/tests/provider-outcome.test.mjs
gateway-web	Run node city/test-all.mjs	2026-10-07T01:51:15.1967697Z   02-engineering/02-worker-gateway/skill-intake/tests/catalog-semantics.test.mjs
gateway-web	Run node city/test-all.mjs	2026-10-07T01:51:15.1968248Z   02-engineering/02-worker-gateway/skill-intake/tests/skill-discovery.test.mjs
gateway-web	Run node city/test-all.mjs	2026-10-07T01:51:15.1968776Z   02-engineering/02-worker-gateway/skill-intake/tests/skill-intake.test.mjs
gateway-web	Run node city/test-all.mjs	2026-10-07T01:51:15.1969292Z   02-engineering/02-worker-gateway/worker-runner/tests/runner.test.mjs
gateway-web	Run node city/test-all.mjs	2026-10-07T01:51:15.1969838Z   02-engineering/02-worker-gateway/worker-task-contract/tests/lifecycle.test.mjs
gateway-web	Run node city/test-all.mjs	2026-10-07T01:51:15.1970445Z   02-engineering/03-host-health-station/host-health-station/tests/differential.test.mjs
gateway-web	Run node city/test-all.mjs	2026-10-07T01:51:15.1971104Z   02-engineering/03-host-health-station/host-health-station/tests/host-health-station.test.mjs
gateway-web	Run node city/test-all.mjs	2026-10-07T01:51:15.1971998Z   02-engineering/04-restart-recovery-station/checkpoint-gate/tests/checkpoint-gate.test.mjs
gateway-web	Run node city/test-all.mjs	2026-10-07T01:51:15.1972837Z   02-engineering/04-restart-recovery-station/restart-lock/tests/restart-lock.test.mjs
gateway-web	Run node city/test-all.mjs	2026-10-07T01:51:15.1973482Z   02-engineering/04-restart-recovery-station/restart-protocol/tests/canonical-json.test.mjs
gateway-web	Run node city/test-all.mjs	2026-10-07T01:51:15.1974150Z   02-engineering/04-restart-recovery-station/restart-protocol/tests/request-validator.test.mjs
gateway-web	Run node city/test-all.mjs	2026-10-07T01:51:15.1974771Z   02-engineering/04-restart-recovery-station/restart-ticket/tests/ticket.test.mjs
gateway-web	Run node city/test-all.mjs	2026-10-07T01:51:15.1975381Z   06-research/01-research-institute/evidence-engine/tests/evidence-engine.test.mjs
gateway-web	Run node city/test-all.mjs	2026-10-07T01:51:15.1975952Z   06-research/01-research-institute/research-manuscript/tests/figures.test.mjs
gateway-web	Run node city/test-all.mjs	2026-10-07T01:51:15.1976515Z   06-research/01-research-institute/research-manuscript/tests/manuscript.test.mjs
gateway-web	Run node city/test-all.mjs	2026-10-07T01:51:15.1977066Z   06-research/01-research-institute/research-protocol/tests/command.test.mjs
gateway-web	Run node city/test-all.mjs	2026-10-07T01:51:15.1977598Z   06-research/01-research-institute/research-protocol/tests/contract.test.mjs
gateway-web	Run node city/test-all.mjs	2026-10-07T01:51:15.1978144Z   06-research/01-research-institute/research-protocol/tests/contracts.test.mjs
gateway-web	Run node city/test-all.mjs	2026-10-07T01:51:15.1978658Z   06-research/01-research-institute/research-protocol/tests/ir.test.mjs
gateway-web	Run node city/test-all.mjs	2026-10-07T01:51:15.1979167Z   06-research/01-research-institute/research-protocol/tests/protocol.test.mjs
gateway-web	Run node city/test-all.mjs	2026-10-07T01:51:15.1979683Z   06-research/01-research-institute/research-protocol/tests/roles.test.mjs
gateway-web	Run node city/test-all.mjs	2026-10-07T01:51:15.1980236Z   06-research/01-research-institute/research-provenance/tests/bibliography.test.mjs
gateway-web	Run node city/test-all.mjs	2026-10-07T01:51:15.1981032Z   06-research/01-research-institute/research-provenance/tests/citation.test.mjs
gateway-web	Run node city/test-all.mjs	2026-10-07T01:51:15.1981584Z   06-research/01-research-institute/research-provenance/tests/contracts.test.mjs
gateway-web	Run node city/test-all.mjs	2026-10-07T01:51:15.1982790Z   06-research/01-research-institute/research-provenance/tests/input.test.mjs
gateway-web	Run node city/test-all.mjs	2026-10-07T01:51:15.1983345Z   06-research/01-research-institute/research-review/tests/adjudicate.test.mjs
gateway-web	Run node city/test-all.mjs	2026-10-07T01:51:15.1983930Z   06-research/01-research-institute/research-review/tests/capability-registry.test.mjs
gateway-web	Run node city/test-all.mjs	2026-10-07T01:51:15.1984500Z   06-research/01-research-institute/research-review/tests/contracts.test.mjs
gateway-web	Run node city/test-all.mjs	2026-10-07T01:51:15.1985007Z   06-research/01-research-institute/research-review/tests/index.test.mjs
gateway-web	Run node city/test-all.mjs	2026-10-07T01:51:15.1985502Z   06-research/01-research-institute/research-review/tests/levela.test.mjs
gateway-web	Run node city/test-all.mjs	2026-10-07T01:51:15.1986249Z   06-research/01-research-institute/research-review/tests/levelb.test.mjs
gateway-web	Run node city/test-all.mjs	2026-10-07T01:51:15.1986777Z   06-research/01-research-institute/research-review/tests/review.test.mjs
gateway-web	Run node city/test-all.mjs	2026-10-07T01:51:15.1987301Z   06-research/01-research-institute/research-statistics/tests/battery.test.mjs
gateway-web	Run node city/test-all.mjs	2026-10-07T01:51:15.1987856Z   06-research/01-research-institute/research-statistics/tests/statistics.test.mjs
gateway-web	Run node city/test-all.mjs	2026-10-07T01:51:15.1988472Z   09-planning-knowledge/01-knowledge-service/knowledge-core/tests/knowledge-core.test.mjs
gateway-web	Run node city/test-all.mjs	2026-10-07T01:51:15.1989126Z   09-planning-knowledge/02-document-intake/document-readers/tests/document-readers.test.mjs
gateway-web	Run node city/test-all.mjs	2026-10-07T01:51:15.1989748Z   09-planning-knowledge/02-document-intake/document-readers/tests/docx.test.mjs
gateway-web	Run node city/test-all.mjs	2026-10-07T01:51:15.1990321Z   09-planning-knowledge/02-document-intake/document-readers/tests/engines.test.mjs
gateway-web	Run node city/test-all.mjs	2026-10-07T01:51:15.1990883Z   09-planning-knowledge/02-document-intake/document-readers/tests/pdf.test.mjs
gateway-web	Run node city/test-all.mjs	2026-10-07T01:51:15.1991432Z   09-planning-knowledge/02-document-intake/document-readers/tests/xlsx.test.mjs
gateway-web	Run node city/test-all.mjs	2026-10-07T01:51:15.1992221Z   09-planning-knowledge/02-document-intake/ingestion-core/tests/ingestion-core.test.mjs
gateway-web	Run node city/test-all.mjs	2026-10-07T01:51:15.1993019Z   09-planning-knowledge/02-document-intake/ingestion-core/tests/yaml-intake.test.mjs
gateway-web	Run node city/test-all.mjs	2026-10-07T01:51:15.1993625Z   09-planning-knowledge/02-document-intake/ingestion-core/tests/yaml-parser.test.mjs
gateway-web	Run node city/test-all.mjs	2026-10-07T01:51:15.1994254Z   10-automation/01-computer-use-runtime/backend-surface/tests/action-readiness.test.mjs
gateway-web	Run node city/test-all.mjs	2026-10-07T01:51:15.1994888Z   10-automation/01-computer-use-runtime/backend-surface/tests/computer-recovery.test.mjs
gateway-web	Run node city/test-all.mjs	2026-10-07T01:51:15.1995523Z   10-automation/01-computer-use-runtime/backend-surface/tests/dom-page.test.mjs
gateway-web	Run node city/test-all.mjs	2026-10-07T01:51:15.1996102Z   10-automation/01-computer-use-runtime/backend-surface/tests/permission.test.mjs
gateway-web	Run node city/test-all.mjs	2026-10-07T01:51:15.1996723Z   10-automation/01-computer-use-runtime/backend-surface/tests/provider-dom-surface.test.mjs
gateway-web	Run node city/test-all.mjs	2026-10-07T01:51:15.1997329Z   10-automation/01-computer-use-runtime/backend-surface/tests/semantic.test.mjs
gateway-web	Run node city/test-all.mjs	2026-10-07T01:51:15.1997895Z   10-automation/01-computer-use-runtime/backend-surface/tests/ui-surface.test.mjs
gateway-web	Run node city/test-all.mjs	2026-10-07T01:51:15.1998797Z   10-automation/01-computer-use-runtime/bounded-run/tests/health.test.mjs
gateway-web	Run node city/test-all.mjs	2026-10-07T01:51:15.1999661Z   10-automation/01-computer-use-runtime/bounded-run/tests/identity.test.mjs
gateway-web	Run node city/test-all.mjs	2026-10-07T01:51:15.2000239Z   10-automation/01-computer-use-runtime/bounded-run/tests/index.test.mjs
gateway-web	Run node city/test-all.mjs	2026-10-07T01:51:15.2000771Z   10-automation/01-computer-use-runtime/bounded-run/tests/reconnect.test.mjs
gateway-web	Run node city/test-all.mjs	2026-10-07T01:51:15.2001295Z   10-automation/01-computer-use-runtime/bounded-run/tests/recovery.test.mjs
gateway-web	Run node city/test-all.mjs	2026-10-07T01:51:15.2001814Z   10-automation/01-computer-use-runtime/bounded-run/tests/resources.test.mjs
gateway-web	Run node city/test-all.mjs	2026-10-07T01:51:15.2002353Z   10-automation/01-computer-use-runtime/bounded-run/tests/stabilization.test.mjs
gateway-web	Run node city/test-all.mjs	2026-10-07T01:51:15.2002879Z   10-automation/01-computer-use-runtime/bounded-run/tests/stall.test.mjs
gateway-web	Run node city/test-all.mjs	2026-10-07T01:51:15.2003405Z   10-automation/01-computer-use-runtime/bounded-run/tests/state-machine.test.mjs
gateway-web	Run node city/test-all.mjs	2026-10-07T01:51:15.2004181Z   10-automation/01-computer-use-runtime/execution-contract/tests/action.test.mjs
gateway-web	Run node city/test-all.mjs	2026-10-07T01:51:15.2004749Z   10-automation/01-computer-use-runtime/execution-contract/tests/contract.test.mjs
gateway-web	Run node city/test-all.mjs	2026-10-07T01:51:15.2005422Z   10-automation/01-computer-use-runtime/execution-contract/tests/contracts.test.mjs
gateway-web	Run node city/test-all.mjs	2026-10-07T01:51:15.2005993Z   10-automation/01-computer-use-runtime/execution-contract/tests/criteria.test.mjs
gateway-web	Run node city/test-all.mjs	2026-10-07T01:51:15.2006557Z   10-automation/01-computer-use-runtime/execution-contract/tests/errors.test.mjs
gateway-web	Run node city/test-all.mjs	2026-10-07T01:51:15.2007100Z   10-automation/01-computer-use-runtime/execution-contract/tests/parity.test.mjs
gateway-web	Run node city/test-all.mjs	2026-10-07T01:51:15.2007649Z   10-automation/01-computer-use-runtime/routing-safety/tests/evidence.test.mjs
gateway-web	Run node city/test-all.mjs	2026-10-07T01:51:15.2008172Z   10-automation/01-computer-use-runtime/routing-safety/tests/modal.test.mjs
gateway-web	Run node city/test-all.mjs	2026-10-07T01:51:15.2008707Z   10-automation/01-computer-use-runtime/routing-safety/tests/routing.test.mjs
gateway-web	Run node city/test-all.mjs	2026-10-07T01:51:15.2009245Z   10-automation/01-computer-use-runtime/routing-safety/tests/safety.test.mjs
gateway-web	Run node city/test-all.mjs	2026-10-07T01:51:15.2009762Z   10-automation/01-computer-use-runtime/target-guard/tests/target.test.mjs
gateway-web	Run node city/test-all.mjs	2026-10-07T01:51:15.2010283Z   10-automation/01-computer-use-runtime/world-verification/tests/miss.test.mjs
gateway-web	Run node city/test-all.mjs	2026-10-07T01:51:15.2011098Z   10-automation/01-computer-use-runtime/world-verification/tests/observer.test.mjs
gateway-web	Run node city/test-all.mjs	2026-10-07T01:51:15.2012132Z   10-automation/01-computer-use-runtime/world-verification/tests/progress.test.mjs
gateway-web	Run node city/test-all.mjs	2026-10-07T01:51:15.2013504Z   10-automation/01-computer-use-runtime/world-verification/tests/verification.test.mjs
gateway-web	Run node city/test-all.mjs	2026-10-07T01:51:15.2014276Z   10-automation/01-computer-use-runtime/world-verification/tests/world-state.test.mjs
gateway-web	Run node city/test-all.mjs	2026-10-07T01:51:15.2014713Z   tests/manifest.test.mjs
gateway-web	Run node city/test-all.mjs	2026-10-07T01:51:15.3962415Z ✔ a well-formed entry validates and keeps every field (2.9863ms)
gateway-web	Run node city/test-all.mjs	2026-10-07T01:51:15.3964896Z ✔ the donor bounds are enforced one for one (1.8482ms)
gateway-web	Run node city/test-all.mjs	2026-10-07T01:51:15.3989858Z ✔ append is immutable and refuses to overwrite an existing decision (0.618ms)
gateway-web	Run node city/test-all.mjs	2026-10-07T01:51:15.4034594Z ✔ appendAllToLedger appends in order and stops at the first bad entry (0.4868ms)
gateway-web	Run node city/test-all.mjs	2026-10-07T01:51:15.4075580Z ✔ summarizeLedger counts by source and outcome and reports rollbacks (0.5164ms)
gateway-web	Run node city/test-all.mjs	2026-10-07T01:51:15.4077045Z ✔ entriesForTask returns that task history in ledger order (0.3265ms)
gateway-web	Run node city/test-all.mjs	2026-10-07T01:51:15.4262315Z ✔ the donor vocabulary is seven checks plus four theme checks (4.2623ms)
gateway-web	Run node city/test-all.mjs	2026-10-07T01:51:15.4272953Z ✔ no observations means NOT_RUN, not a pass, and release is blocked (2.4006ms)
gateway-web	Run node city/test-all.mjs	2026-10-07T01:51:15.4275504Z ✔ a fully evidenced candidate is released with every check named (0.8ms)
gateway-web	Run node city/test-all.mjs	2026-10-07T01:51:15.4291662Z ✔ a partial context reports exactly what is still owed (0.3023ms)
gateway-web	Run node city/test-all.mjs	2026-10-07T01:51:15.4293184Z ✔ a removal check that could not run is NOT_RUN, never PASS (0.4226ms)
gateway-web	Run node city/test-all.mjs	2026-10-07T01:51:15.4294570Z ✔ unapproved removals fail the destructive-change check and name the kind (0.4637ms)
gateway-web	Run node city/test-all.mjs	2026-10-07T01:51:15.4295988Z ✔ coverage below 100% fails and reports the ratio (1.9597ms)
gateway-web	Run node city/test-all.mjs	2026-10-07T01:51:15.4297650Z ✔ an empty goal fails even when requirements are listed (0.294ms)
gateway-web	Run node city/test-all.mjs	2026-10-07T01:51:15.4307080Z ✔ a deliverable with no serving requirement fails the goal check (0.3065ms)
gateway-web	Run node city/test-all.mjs	2026-10-07T01:51:15.4308250Z ✔ scope violations and refusals fail the scope check (0.6902ms)
gateway-web	Run node city/test-all.mjs	2026-10-07T01:51:15.4309395Z ✔ an empty evidence ledger fails completeness even with nothing outstanding (0.4131ms)
gateway-web	Run node city/test-all.mjs	2026-10-07T01:51:15.4310537Z ✔ an Owner override must be lexically reflected in the work (0.585ms)
gateway-web	Run node city/test-all.mjs	2026-10-07T01:51:15.4311756Z ✔ a touched theme lane requires the four theme checks even when nothing was read (0.4692ms)
gateway-web	Run node city/test-all.mjs	2026-10-07T01:51:15.4316048Z ✔ readable theme packages produce real theme verdicts (1.2166ms)
gateway-web	Run node city/test-all.mjs	2026-10-07T01:51:15.4320045Z ✔ a non-built-in theme with diagnostics is not judged on built-in integrity (0.2387ms)
gateway-web	Run node city/test-all.mjs	2026-10-07T01:51:15.4321535Z ✔ termsOf keeps runs of four or more alphanumerics and deduplicates (0.3617ms)
gateway-web	Run node city/test-all.mjs	2026-10-07T01:51:15.4323158Z ✔ the result factories shape their inputs (0.372ms)
gateway-web	Run node city/test-all.mjs	2026-10-07T01:51:15.4525197Z ✔ the §33 vocabularies are declared exactly as the donor declares them (3.321ms)
gateway-web	Run node city/test-all.mjs	2026-10-07T01:51:15.4527651Z ✔ every class the donor can produce is classified with its own confidence, severity and reason (4.2207ms)
gateway-web	Run node city/test-all.mjs	2026-10-07T01:51:15.4529459Z ✔ the ladder is decided most-authoritative-first, not by whichever pattern is easiest (0.5715ms)
gateway-web	Run node city/test-all.mjs	2026-10-07T01:51:15.4530794Z ✔ a rule whose host-verified precondition is absent does not fire (2.265ms)
gateway-web	Run node city/test-all.mjs	2026-10-07T01:51:15.4532311Z ✔ a gate that failed with no signature is classified from the gate itself (0.4921ms)
gateway-web	Run node city/test-all.mjs	2026-10-07T01:51:15.4533943Z ✔ an observation with no signal at all is UNKNOWN, not the most convenient class (0.3443ms)
gateway-web	Run node city/test-all.mjs	2026-10-07T01:51:15.4535373Z ✔ an unlisted TS error code is a dependency when no module was confirmed missing (0.2962ms)
gateway-web	Run node city/test-all.mjs	2026-10-07T01:51:15.4537188Z ✔ the classifier reads the provider fields, not only the detail (0.3145ms)
gateway-web	Run node city/test-all.mjs	2026-10-07T01:51:15.4539901Z ✔ a plan exists for every class, walks the whole ladder, and always ends at the Hard Blocker (2.2691ms)
gateway-web	Run node city/test-all.mjs	2026-10-07T01:51:15.4541233Z ✔ an inapplicable step keeps its donor reason rather than being dropped (0.7119ms)
gateway-web	Run node city/test-all.mjs	2026-10-07T01:51:15.4542607Z ✔ a TERMINAL failure has no applicable step but the Hard Blocker, and is never planned for retry (0.6132ms)
gateway-web	Run node city/test-all.mjs	2026-10-07T01:51:15.4543793Z ✔ the THEME class carries §33.2's own ladder (0.2945ms)
gateway-web	Run node city/test-all.mjs	2026-10-07T01:51:15.4544939Z ✔ progress offers the next step while its budget remains, and moves on at the exact boundary (0.7728ms)
gateway-web	Run node city/test-all.mjs	2026-10-07T01:51:15.4546256Z ✔ the ladder is not advisory: a later step is never offered while a cheaper one has budget (0.24ms)
gateway-web	Run node city/test-all.mjs	2026-10-07T01:51:15.4547457Z ✔ a PASS still spends the budget, because the run advances on attempts made (0.3513ms)
gateway-web	Run node city/test-all.mjs	2026-10-07T01:51:15.4548649Z ✔ a class with no applicable step reports the reason for its first skipped step (0.2712ms)
gateway-web	Run node city/test-all.mjs	2026-10-07T01:51:15.4549763Z ✔ the shape helpers construct the donor shapes and copy their lists (0.552ms)
gateway-web	Run node city/test-all.mjs	2026-10-07T01:51:15.4550998Z ✔ the shape validators refuse a field that lies about its type, without inventing new rules (2.1035ms)
gateway-web	Run node city/test-all.mjs	2026-10-07T01:51:15.4552327Z ✔ the ported functions refuse a classification that is not one of §33.1's classes (0.2457ms)
gateway-web	Run node city/test-all.mjs	2026-10-07T01:51:15.5212142Z ✔ the policy constants are the donor constants (1.8696ms)
gateway-web	Run node city/test-all.mjs	2026-10-07T01:51:15.5230572Z ✔ clamp01 clamps the range and treats a non-finite value as zero (0.2264ms)
gateway-web	Run node city/test-all.mjs	2026-10-07T01:51:15.5255956Z ✔ expectedUtility scores the neutral prior exactly (0.3236ms)
gateway-web	Run node city/test-all.mjs	2026-10-07T01:51:15.5281427Z ✔ expectedUtility charges the latency term only when latency is defined (0.3238ms)
gateway-web	Run node city/test-all.mjs	2026-10-07T01:51:15.5285961Z ✔ expectedUtility charges the resource term only when it is defined (0.3784ms)
gateway-web	Run node city/test-all.mjs	2026-10-07T01:51:15.5291449Z ✔ expectedUtility clamps every out-of-range input (0.2634ms)
gateway-web	Run node city/test-all.mjs	2026-10-07T01:51:15.5293102Z ✔ expectedUtility rounds to four decimals with Number(toFixed(4)) (0.3119ms)
gateway-web	Run node city/test-all.mjs	2026-10-07T01:51:15.5294670Z ✔ the adaptive value shapes validate scores, decisions and rerank results (1.8959ms)
gateway-web	Run node city/test-all.mjs	2026-10-07T01:51:15.5505145Z ✔ the routing vocabulary is the donor vocabulary, with an unobserved default (4.0764ms)
gateway-web	Run node city/test-all.mjs	2026-10-07T01:51:15.5506756Z ✔ states that cannot accept work are excluded with their reason (1.0198ms)
gateway-web	Run node city/test-all.mjs	2026-10-07T01:51:15.5515284Z ✔ blocked never lists a capability exclusion, even when both exclusion kinds occur (0.2356ms)
gateway-web	Run node city/test-all.mjs	2026-10-07T01:51:15.5517090Z ✔ a missing requirement is named in full, and an unobserved state is UNKNOWN (0.4739ms)
gateway-web	Run node city/test-all.mjs	2026-10-07T01:51:15.5521863Z ✔ candidate order is preserved and empty requirements admit state-eligible candidates (0.3054ms)
gateway-web	Run node city/test-all.mjs	2026-10-07T01:51:15.5528536Z ✔ self-inspection reports every capability in the donor order from observed facts only (0.7478ms)
gateway-web	Run node city/test-all.mjs	2026-10-07T01:51:15.5531292Z ✔ an unobserved web-AI provider and an absent GPU are never READY (0.6115ms)
gateway-web	Run node city/test-all.mjs	2026-10-07T01:51:15.5572182Z ✔ compute FAILED fails the node, memory DEGRADED degrades it, READY needs neither (0.945ms)
gateway-web	Run node city/test-all.mjs	2026-10-07T01:51:15.5575031Z ✔ inspectNode derives the verdicts and the node state once, from one record (0.7857ms)
gateway-web	Run node city/test-all.mjs	2026-10-07T01:51:15.5576849Z ✔ the self-inspection value shapes validate observed records (1.5546ms)
gateway-web	Run node city/test-all.mjs	2026-10-07T01:51:15.5742279Z ✔ RS-202 scenario: several devices submitting at once cannot double-execute the same subject (3.946ms)
gateway-web	Run node city/test-all.mjs	2026-10-07T01:51:15.5745256Z ✔ RS-202 scenario: a RETRY is idempotent while a second device on the same work is not (0.3413ms)
gateway-web	Run node city/test-all.mjs	2026-10-07T01:51:15.5746858Z ✔ RS-202 scenario: a heavily loaded device is paused while its peers stay eligible (1.8193ms)
gateway-web	Run node city/test-all.mjs	2026-10-07T01:51:15.5748388Z ✔ RS-202 scenario: a congested provider session is queued or diverted, never terminal (0.7345ms)
gateway-web	Run node city/test-all.mjs	2026-10-07T01:51:15.5750217Z ✔ RS-202 scenario: a device that drops offline is unreachable, and its return wakes the re-scan (10.6597ms)
gateway-web	Run node city/test-all.mjs	2026-10-07T01:51:15.5751772Z ✔ RS-202 scenario: a claim survives a dropout by TRANSFER, and the old holder cannot retry it (0.9303ms)
gateway-web	Run node city/test-all.mjs	2026-10-07T01:51:15.5753942Z ✔ RS-202 scenario: an eligible set going 0 -> 1 is a TEMPORARY absence that then wakes on an event (1.7817ms)
gateway-web	Run node city/test-all.mjs	2026-10-07T01:51:15.5755345Z ✔ RS-202 scenario: a flapping pool cannot move work that is already claimed (1.0671ms)
gateway-web	Run node city/test-all.mjs	2026-10-07T01:51:15.6452114Z ✔ the heartbeat windows are the donor constants (3.1136ms)
gateway-web	Run node city/test-all.mjs	2026-10-07T01:51:15.6475510Z ✔ node state is derived from the heartbeat age at exact boundaries (0.3206ms)
gateway-web	Run node city/test-all.mjs	2026-10-07T01:51:15.6483027Z ✔ work is accepted by state and by every required capability, never by assumption (0.4051ms)
gateway-web	Run node city/test-all.mjs	2026-10-07T01:51:15.6485788Z ✔ first-fit routing walks nodes in join order and records the placement (0.5324ms)
gateway-web	Run node city/test-all.mjs	2026-10-07T01:51:15.6490787Z ✔ no eligible node queues the task with an honest note instead of a placement (0.3546ms)
gateway-web	Run node city/test-all.mjs	2026-10-07T01:51:15.6494965Z ✔ dropout leaves unrelated and completed work untouched, by identity (0.5432ms)
gateway-web	Run node city/test-all.mjs	2026-10-07T01:51:15.6514644Z ✔ checkpointed work transfers back to the queue with its checkpoint (0.4335ms)
gateway-web	Run node city/test-all.mjs	2026-10-07T01:51:15.6516213Z ✔ replay-safe work is reassigned; unsafe work fails without bumping attempts (0.3216ms)
gateway-web	Run node city/test-all.mjs	2026-10-07T01:51:15.6524755Z ✔ dropout resolves each assignment independently in one pass (0.4446ms)
gateway-web	Run node city/test-all.mjs	2026-10-07T01:51:15.6527863Z ✔ the value shape validators accept honest records and refuse invented ones (1.2954ms)
gateway-web	Run node city/test-all.mjs	2026-10-07T01:51:15.6753163Z ✔ RS-202: the first selection is ADOPTED immediately, because a non-flap should not pay latency (1.7493ms)
gateway-web	Run node city/test-all.mjs	2026-10-07T01:51:15.6767027Z ✔ RS-202: a single different reading never moves work - persistence is required (1.2155ms)
gateway-web	Run node city/test-all.mjs	2026-10-07T01:51:15.6775139Z ✔ RS-202: two consecutive confirmations satisfy persistence but the DWELL still suppresses (0.4512ms)
gateway-web	Run node city/test-all.mjs	2026-10-07T01:51:15.6776799Z ✔ RS-202: past the dwell a persistent alternative switches, exactly once (0.7086ms)
gateway-web	Run node city/test-all.mjs	2026-10-07T01:51:15.6778305Z ✔ RS-202: an ALTERNATING pool never earns a switch - the anti-flap case itself (0.3318ms)
gateway-web	Run node city/test-all.mjs	2026-10-07T01:51:15.6809856Z ✔ RS-202: with nothing eligible the decision HOLDS rather than moving to nothing (0.2758ms)
gateway-web	Run node city/test-all.mjs	2026-10-07T01:51:15.6812495Z ✔ RS-202: subjects are damped independently, so one task cannot suppress another (0.2909ms)
gateway-web	Run node city/test-all.mjs	2026-10-07T01:51:15.6832889Z ✔ RS-202: the damping policy and decision vocabulary are inspectable, and flapping is measurable (1.2385ms)
gateway-web	Run node city/test-all.mjs	2026-10-07T01:51:15.7036113Z ✔ RS-202: load is a VECTOR and a full vector yields a known pressure (3.2963ms)
gateway-web	Run node city/test-all.mjs	2026-10-07T01:51:15.7037634Z ✔ RS-202: a partial load vector is reported as PARTIAL, with the unobserved dimensions named (0.4567ms)
gateway-web	Run node city/test-all.mjs	2026-10-07T01:51:15.7039978Z ✔ RS-202: an absent or empty load vector is UNKNOWN, never zero (0.4599ms)
gateway-web	Run node city/test-all.mjs	2026-10-07T01:51:15.7041792Z ✔ RS-202: a single saturated dimension BINDS, so idle dimensions cannot dilute it (0.7921ms)
gateway-web	Run node city/test-all.mjs	2026-10-07T01:51:15.7043302Z ✔ RS-202: UNKNOWN load makes a device INELIGIBLE - absence is not spare capacity (0.281ms)
gateway-web	Run node city/test-all.mjs	2026-10-07T01:51:15.7044880Z ✔ RS-202: load at or above the pause threshold pauses placement (0.29ms)
gateway-web	Run node city/test-all.mjs	2026-10-07T01:51:15.7046284Z ✔ RS-202: a user-disabled device is refused, and an unreadable enablement is refused too (0.3969ms)
gateway-web	Run node city/test-all.mjs	2026-10-07T01:51:15.7047866Z ✔ RS-202: eligibility precedence is ordered, so the reported reason is the actionable one (0.4623ms)
gateway-web	Run node city/test-all.mjs	2026-10-07T01:51:15.7053058Z ✔ RS-202: refusing and unreachable states come from the fleet/presence vocabularies, not a new one (0.4688ms)
gateway-web	Run node city/test-all.mjs	2026-10-07T01:51:15.7056892Z ✔ RS-202: session and provider concurrency ceilings are enforced independently (0.5415ms)
gateway-web	Run node city/test-all.mjs	2026-10-07T01:51:15.7058364Z ✔ RS-202: a reachable but BUSY device is momentarily unsuitable rather than ineligible (0.274ms)
gateway-web	Run node city/test-all.mjs	2026-10-07T01:51:15.7082282Z ✔ RS-202: policy exclusion is reported as policy rather than hidden behind a resource reason (0.2048ms)
gateway-web	Run node city/test-all.mjs	2026-10-07T01:51:15.7084731Z ✔ RS-202: every verdict is explainable - it carries its reasons and the evidence for them (0.2412ms)
gateway-web	Run node city/test-all.mjs	2026-10-07T01:51:15.7086917Z ✔ RS-202: the pressure input bundle exposes all six named factors in one place (0.4022ms)
gateway-web	Run node city/test-all.mjs	2026-10-07T01:51:15.7089423Z ✔ RS-202: eligibility stays a SCHEDULABILITY decision and never touches permission or trust (1.2639ms)
gateway-web	Run node city/test-all.mjs	2026-10-07T01:51:15.7577609Z ✔ RS-202: an already-eligible key resolves IMMEDIATELY without waiting at all (2.0672ms)
gateway-web	Run node city/test-all.mjs	2026-10-07T01:51:15.7606271Z ✔ RS-202: an EVENT wake is the primary mechanism, and it beats the ceiling (10.0762ms)
gateway-web	Run node city/test-all.mjs	2026-10-07T01:51:15.7629246Z ✔ RS-202: a signal that changes NOTHING must not wake the waiter - the re-scan-storm guard (2.147ms)
gateway-web	Run node city/test-all.mjs	2026-10-07T01:51:15.7985700Z ✔ RS-202: the CEILING is a backstop that prompts a re-scan instead of hanging forever (34.411ms)
gateway-web	Run node city/test-all.mjs	2026-10-07T01:51:15.7988885Z ✔ RS-202: the default ceiling is the 20-minute policy figure and is a bound, not an interval (0.6936ms)
gateway-web	Run node city/test-all.mjs	2026-10-07T01:51:15.8001273Z ✔ RS-202: signals are scoped to their key, so one pool cannot wake another pool waiters (1.8584ms)
gateway-web	Run node city/test-all.mjs	2026-10-07T01:51:15.8015881Z ✔ RS-202: a predicate that throws degrades to not-eligible instead of breaking the main path (1.3971ms)
gateway-web	Run node city/test-all.mjs	2026-10-07T01:51:15.8028956Z ✔ RS-202: cancellation resolves every waiter and reports that no re-scan is required (1.2905ms)
gateway-web	Run node city/test-all.mjs	2026-10-07T01:51:15.8284001Z ✔ RS-202: no wake path can ever report a terminal failure (25.2435ms)
gateway-web	Run node city/test-all.mjs	2026-10-07T01:51:15.8427328Z ✔ RS-202: an eligible current device runs DIRECTLY, without offering anything (2.1199ms)
gateway-web	Run node city/test-all.mjs	2026-10-07T01:51:15.8428776Z ✔ RS-202: an unavailable current device produces a SWITCH OFFER that is data, not an action (0.3471ms)
gateway-web	Run node city/test-all.mjs	2026-10-07T01:51:15.8431576Z ✔ RS-202: the offer is made BEFORE any queueing, so the user gets the choice first (0.5382ms)
gateway-web	Run node city/test-all.mjs	2026-10-07T01:51:15.8433574Z ✔ RS-202: after a declined switch the sequence diverts to an eligible alternate device (0.2979ms)
gateway-web	Run node city/test-all.mjs	2026-10-07T01:51:15.8435026Z ✔ RS-202: with no spare candidate the sequence QUEUES with a bounded, event-driven deadline (0.4796ms)
gateway-web	Run node city/test-all.mjs	2026-10-07T01:51:15.8436264Z ✔ RS-202: TRANSIENT no-resource is never a terminal failure (0.3189ms)
gateway-web	Run node city/test-all.mjs	2026-10-07T01:51:15.8437476Z ✔ RS-202: ineligibility and temporary absence are DIFFERENT facts, not one bucket (0.4551ms)
gateway-web	Run node city/test-all.mjs	2026-10-07T01:51:15.8438762Z ✔ RS-202: an empty pool is an absence of candidates rather than a refusal of them (0.1535ms)
gateway-web	Run node city/test-all.mjs	2026-10-07T01:51:15.8439987Z ✔ RS-202: retry is bounded and reaching the bound still does not end the task (0.4556ms)
gateway-web	Run node city/test-all.mjs	2026-10-07T01:51:15.8441163Z ✔ RS-202: the result always returns to the ORIGIN device on every path (0.5412ms)
gateway-web	Run node city/test-all.mjs	2026-10-07T01:51:15.8442542Z ✔ RS-202: the stage vocabulary is ordered as data, and the reason sets do not overlap (1.0027ms)
gateway-web	Run node city/test-all.mjs	2026-10-07T01:51:15.8443726Z ✔ the composition rule is fixed: escape beats protected beats clean (3.9693ms)
gateway-web	Run node city/test-all.mjs	2026-10-07T01:51:15.8444910Z ✔ assessPaths treats anything unresolvable as an escape, never as unprotected (1.1201ms)
gateway-web	Run node city/test-all.mjs	2026-10-07T01:51:15.8446093Z ✔ a rename is classified on both endpoints and a delete like a write (2.3278ms)
gateway-web	Run node city/test-all.mjs	2026-10-07T01:51:15.8447194Z ✔ assessChangeSet reads repo-relative diff names and skips blanks (0.9044ms)
gateway-web	Run node city/test-all.mjs	2026-10-07T01:51:15.8448640Z ✔ reasons list at most five escapes and at most ten protected hits (0.6914ms)
gateway-web	Run node city/test-all.mjs	2026-10-07T01:51:15.8449832Z ✔ patterns() is the compiled surface in order, immutable manifest first (0.9626ms)
gateway-web	Run node city/test-all.mjs	2026-10-07T01:51:15.8451262Z ✔ one-shot assessment needs a resolver too, and the guard is deterministic (0.5835ms)
gateway-web	Run node city/test-all.mjs	2026-10-07T01:51:15.8452413Z ✔ the guard carries no fs, realpath or CODEOWNERS loading of its own (14.8393ms)
gateway-web	Run node city/test-all.mjs	2026-10-07T01:51:15.9152363Z ✔ the classifier compiles only the patterns the caller supplies (8.5239ms)
gateway-web	Run node city/test-all.mjs	2026-10-07T01:51:15.9163625Z ✔ the CODEOWNERS subset grammar matches exactly the vectors the donor documents (2.2065ms)
gateway-web	Run node city/test-all.mjs	2026-10-07T01:51:15.9171738Z ✔ a directory pattern protects the entry itself and everything beneath it (0.4978ms)
gateway-web	Run node city/test-all.mjs	2026-10-07T01:51:15.9177825Z ✔ a bare double-star pattern behaves as the donor implements it (0.6836ms)
gateway-web	Run node city/test-all.mjs	2026-10-07T01:51:15.9179119Z ✔ matching is case-insensitive by default and can be tightened (0.6663ms)
gateway-web	Run node city/test-all.mjs	2026-10-07T01:51:15.9184022Z ✔ one rule per path, and a repeated path is counted once (0.4482ms)
gateway-web	Run node city/test-all.mjs	2026-10-07T01:51:15.9189368Z ✔ the rename/delete evidence contract: `also` is assessed as well as `paths` (0.3078ms)
gateway-web	Run node city/test-all.mjs	2026-10-07T01:51:15.9238795Z ✔ normalizeRepoPath accepts repo-relative input and refuses anything that escapes (0.4053ms)
gateway-web	Run node city/test-all.mjs	2026-10-07T01:51:15.9268045Z ✔ absolute paths, escapes and non-strings become escapes, never silent passes (0.6844ms)
gateway-web	Run node city/test-all.mjs	2026-10-07T01:51:15.9269625Z ✔ CODEOWNERS parsing keeps only patterns that carry an owner (0.8711ms)
gateway-web	Run node city/test-all.mjs	2026-10-07T01:51:15.9449006Z ✔ the declared lifecycle is the donor order and ends in the terminal state (2.1089ms)
gateway-web	Run node city/test-all.mjs	2026-10-07T01:51:15.9452616Z ✔ every edge table entry agrees with the declared order and the event tables (0.3252ms)
gateway-web	Run node city/test-all.mjs	2026-10-07T01:51:15.9454288Z ✔ the lifecycle walks forward one declared state at a time and never jumps (1.3062ms)
gateway-web	Run node city/test-all.mjs	2026-10-07T01:51:15.9467269Z ✔ ACCEPTED cannot be left by any event, including REPAIR (0.2851ms)
gateway-web	Run node city/test-all.mjs	2026-10-07T01:51:15.9474721Z ✔ a refused event keeps the current state and reports the allowed set (0.2906ms)
gateway-web	Run node city/test-all.mjs	2026-10-07T01:51:15.9491130Z ✔ REPAIR moves exactly one step back and is reported as a repair (0.371ms)
gateway-web	Run node city/test-all.mjs	2026-10-07T01:51:15.9524526Z ✔ CANDIDATE is reachable but is not a release (1.0433ms)
gateway-web	Run node city/test-all.mjs	2026-10-07T01:51:15.9530651Z ✔ a record built without a clock is deterministic and copies its inputs (0.2415ms)
gateway-web	Run node city/test-all.mjs	2026-10-07T01:51:15.9545653Z ✔ candidateIdFor is stable and independent of requirement order (1.1903ms)
gateway-web	Run node city/test-all.mjs	2026-10-07T01:51:15.9588115Z ✔ lifecycleStep validates its shape instead of accepting a nameless step (1.167ms)
gateway-web	Run node city/test-all.mjs	2026-10-07T01:51:15.9591943Z ✔ the walker refuses unknown states and events rather than guessing (0.3574ms)
gateway-web	Run node city/test-all.mjs	2026-10-07T01:51:16.0086420Z ✔ an IP or hostname change does not change device_id (7.8989ms)
gateway-web	Run node city/test-all.mjs	2026-10-07T01:51:16.0121580Z ✔ metadata is declared non-authoritative and device_id is not derived from it (3.643ms)
gateway-web	Run node city/test-all.mjs	2026-10-07T01:51:16.0154879Z ✔ a device with no network observation at all is valid (network is not required for identity) (0.4258ms)
gateway-web	Run node city/test-all.mjs	2026-10-07T01:51:16.0156834Z ✔ rename changes display metadata without changing authority (0.6138ms)
gateway-web	Run node city/test-all.mjs	2026-10-07T01:51:16.0160570Z ✔ rename does not mutate the document it was given (0.4991ms)
gateway-web	Run node city/test-all.mjs	2026-10-07T01:51:16.0167912Z ✔ two devices may share a display name: a name is never an identity (0.4451ms)
gateway-web	Run node city/test-all.mjs	2026-10-07T01:51:16.0171986Z ✔ an empty or non-string rename is refused (1.8221ms)
gateway-web	Run node city/test-all.mjs	2026-10-07T01:51:16.0180821Z ✔ key rotation moves activeKeyId and demotes the previous key to ROTATED history (0.6139ms)
gateway-web	Run node city/test-all.mjs	2026-10-07T01:51:16.0233692Z ✔ a rotated key is no longer authority even though it is still recorded (3.6588ms)
gateway-web	Run node city/test-all.mjs	2026-10-07T01:51:16.0242778Z ✔ a device always has exactly one active key and it always exists (1.3229ms)
gateway-web	Run node city/test-all.mjs	2026-10-07T01:51:16.0264209Z ✔ a duplicate key handle is refused (0.4883ms)
gateway-web	Run node city/test-all.mjs	2026-10-07T01:51:16.0267008Z ✔ revoking the active key is refused; a rotated key may be revoked (0.7046ms)
gateway-web	Run node city/test-all.mjs	2026-10-07T01:51:16.0268137Z ✔ a retired device cannot rotate a key (0.376ms)
gateway-web	Run node city/test-all.mjs	2026-10-07T01:51:16.0269617Z ✔ retirement is terminal and recorded with its instant (0.4933ms)
gateway-web	Run node city/test-all.mjs	2026-10-07T01:51:16.0270890Z ✔ a reinstall mints a new installation_id and does not inherit the logical device (1.4973ms)
gateway-web	Run node city/test-all.mjs	2026-10-07T01:51:16.0272705Z ✔ an unbound reinstalled installation can do nothing until it is explicitly rebound (1.4632ms)
gateway-web	Run node city/test-all.mjs	2026-10-07T01:51:16.0277254Z ✔ rebinding requires explicit proof and refuses to invent it (0.979ms)
gateway-web	Run node city/test-all.mjs	2026-10-07T01:51:16.0312399Z ✔ an explicit rebind binds the reinstalled installation to the surviving logical device (0.5725ms)
gateway-web	Run node city/test-all.mjs	2026-10-07T01:51:16.0329851Z ✔ an installation already bound to one device cannot be re-pointed at another (0.3679ms)
gateway-web	Run node city/test-all.mjs	2026-10-07T01:51:16.0332679Z ✔ a reinstall must actually mint new identities (0.4956ms)
gateway-web	Run node city/test-all.mjs	2026-10-07T01:51:16.0336640Z ✔ enrollment refuses to create a bound installation without a device (0.3263ms)
gateway-web	Run node city/test-all.mjs	2026-10-07T01:51:16.0341030Z ✔ a credential presented from a different physical instance is detected as a clone (0.3621ms)
gateway-web	Run node city/test-all.mjs	2026-10-07T01:51:16.0343545Z ✔ a matching presentation is accepted (0.242ms)
gateway-web	Run node city/test-all.mjs	2026-10-07T01:51:16.0347858Z ✔ a wrong credential is reported as a mismatch, not as a clone (0.2659ms)
gateway-web	Run node city/test-all.mjs	2026-10-07T01:51:16.0349289Z ✔ an unknown installation id is refused before anything else is considered (0.3627ms)
gateway-web	Run node city/test-all.mjs	2026-10-07T01:51:16.0350659Z ✔ a malformed presentation is refused without throwing (0.5626ms)
gateway-web	Run node city/test-all.mjs	2026-10-07T01:51:16.0357802Z ✔ quarantining a cloned installation is terminal and cannot be undone by the clone (0.6849ms)
gateway-web	Run node city/test-all.mjs	2026-10-07T01:51:16.0359680Z ✔ a retired installation is refused even when the credential still matches (0.5105ms)
gateway-web	Run node city/test-all.mjs	2026-10-07T01:51:16.0361045Z ✔ a retired installation cannot be quarantined, so history is not rewritten (0.3265ms)
gateway-web	Run node city/test-all.mjs	2026-10-07T01:51:16.0362409Z ✔ a population scan finds two records sharing one installation identity under two instances (0.885ms)
gateway-web	Run node city/test-all.mjs	2026-10-07T01:51:16.0363793Z ✔ a population scan finds one installation identity carrying two credential fingerprints (0.3598ms)
gateway-web	Run node city/test-all.mjs	2026-10-07T01:51:16.0369922Z ✔ a population scan reports nothing for a healthy population (0.3149ms)
gateway-web	Run node city/test-all.mjs	2026-10-07T01:51:16.0376859Z ✔ a population scan refuses a malformed record instead of ignoring it (0.3751ms)
gateway-web	Run node city/test-all.mjs	2026-10-07T01:51:16.0378817Z ✔ a missing MAC does not block a valid pairing path (0.6116ms)
gateway-web	Run node city/test-all.mjs	2026-10-07T01:51:16.0380023Z ✔ a randomised MAC does not block a valid pairing path (0.3769ms)
gateway-web	Run node city/test-all.mjs	2026-10-07T01:51:16.0381380Z ✔ MAC randomisation is recognised from the locally-administered bit, not from a guess (0.1922ms)
gateway-web	Run node city/test-all.mjs	2026-10-07T01:51:16.0384032Z ✔ MAC formatting, case and separators are normalised and never rejected (0.1287ms)
gateway-web	Run node city/test-all.mjs	2026-10-07T01:51:16.0385439Z ✔ multiple NICs are all representable and none of them is privileged (0.1336ms)
gateway-web	Run node city/test-all.mjs	2026-10-07T01:51:16.0386666Z ✔ spoofed MAC evidence alone cannot impersonate a trusted node (0.1299ms)
gateway-web	Run node city/test-all.mjs	2026-10-07T01:51:16.0387943Z ✔ MAC never enters an authority-bearing field of a device document (0.7016ms)
gateway-web	Run node city/test-all.mjs	2026-10-07T01:51:16.0389369Z ✔ the document discriminators keep a device and an installation distinguishable (0.2387ms)
gateway-web	Run node city/test-all.mjs	2026-10-07T01:51:16.0392182Z ✔ a wrong schema version is refused by both validators (0.5802ms)
gateway-web	Run node city/test-all.mjs	2026-10-07T01:51:16.0393305Z ✔ malformed device records are refused with a specific code (0.3948ms)
gateway-web	Run node city/test-all.mjs	2026-10-07T01:51:16.0396817Z ✔ malformed installation records are refused with a specific code (0.5855ms)
gateway-web	Run node city/test-all.mjs	2026-10-07T01:51:16.0398140Z ✔ the assert helpers throw with the validator code attached (0.1854ms)
gateway-web	Run node city/test-all.mjs	2026-10-07T01:51:16.0399378Z ✔ a v1 document migrates to itself and is reported as unmigrated (0.3471ms)
gateway-web	Run node city/test-all.mjs	2026-10-07T01:51:16.0400537Z ✔ a live gateway node row upgrades to a v1 device identity (0.2231ms)
gateway-web	Run node city/test-all.mjs	2026-10-07T01:51:16.0401839Z ✔ a legacy row with no key material yields a placeholder reference, not an invented key (0.2941ms)
gateway-web	Run node city/test-all.mjs	2026-10-07T01:51:16.0408650Z ✔ an unknown future schema version is refused rather than guessed at (0.1431ms)
gateway-web	Run node city/test-all.mjs	2026-10-07T01:51:16.0410051Z ✔ a legacy row whose id is not a device identity is refused (0.1382ms)
gateway-web	Run node city/test-all.mjs	2026-10-07T01:51:16.0418583Z ✔ a migration requires an instant because it must not read the clock itself (0.1222ms)
gateway-web	Run node city/test-all.mjs	2026-10-07T01:51:16.0419978Z ✔ canonical serialisation is independent of key insertion order (0.5204ms)
gateway-web	Run node city/test-all.mjs	2026-10-07T01:51:16.0421104Z ✔ a rename changes the digest but not the device id (0.3195ms)
gateway-web	Run node city/test-all.mjs	2026-10-07T01:51:16.0423701Z ✔ the serialised identity is a JSON document carrying exactly the declared fields (0.2454ms)
gateway-web	Run node city/test-all.mjs	2026-10-07T01:51:16.0426528Z ✔ a credential secret never appears in a serialised installation document (0.2719ms)
gateway-web	Run node city/test-all.mjs	2026-10-07T01:51:16.0427953Z ✔ credential fingerprints are reproducible and secret-specific (0.2538ms)
gateway-web	Run node city/test-all.mjs	2026-10-07T01:51:16.0435167Z ✔ a secret is refused everywhere a fingerprint is offered in its place (0.136ms)
gateway-web	Run node city/test-all.mjs	2026-10-07T01:51:16.0436276Z ✔ minting refuses entropy that is not exactly 16 bytes (0.245ms)
gateway-web	Run node city/test-all.mjs	2026-10-07T01:51:16.0437234Z ✔ minted ids carry their type prefix and 32 hex digits (0.1226ms)
gateway-web	Run node city/test-all.mjs	2026-10-07T01:51:16.0438443Z ✔ minting is pure: the same entropy yields the same id, different entropy does not (0.1031ms)
gateway-web	Run node city/test-all.mjs	2026-10-07T01:51:16.0444033Z ✔ randomEntropy produces 16 usable bytes each call (0.6335ms)
gateway-web	Run node city/test-all.mjs	2026-10-07T01:51:16.0445340Z ✔ instants are parameters and a bad instant is refused with a code (0.5084ms)
gateway-web	Run node city/test-all.mjs	2026-10-07T01:51:16.0446549Z ✔ the metadata builder tolerates a partial observation set (0.1656ms)
gateway-web	Run node city/test-all.mjs	2026-10-07T01:51:16.0447674Z ✔ the exported vocabularies are frozen and internally consistent (0.6481ms)
gateway-web	Run node city/test-all.mjs	2026-10-07T01:51:16.0448989Z ✔ every lifecycle refusal raised by the ladder is a declared rejection code (0.7136ms)
gateway-web	Run node city/test-all.mjs	2026-10-07T01:51:16.0450203Z ✔ C1 a retired device cannot present key authority (0.3135ms)
gateway-web	Run node city/test-all.mjs	2026-10-07T01:51:16.0451430Z ✔ C2 a migrated legacy placeholder key is identity, never authentication (0.4909ms)
gateway-web	Run node city/test-all.mjs	2026-10-07T01:51:16.0453011Z ✔ C2 every v1 key must state a known material kind (0.2249ms)
gateway-web	Run node city/test-all.mjs	2026-10-07T01:51:16.0454158Z ✔ C3 a reinstall must mint a new installation credential (0.7783ms)
gateway-web	Run node city/test-all.mjs	2026-10-07T01:51:16.0455553Z ✔ C4 a population scan finds one credential shared by two installation identities (0.6041ms)
gateway-web	Run node city/test-all.mjs	2026-10-07T01:51:16.0457090Z ✔ C5 a quarantined installation can be retired and keeps its quarantine evidence (0.4657ms)
gateway-web	Run node city/test-all.mjs	2026-10-07T01:51:16.0458664Z ✔ C5 a reinstall from a quarantined installation works and preserves the quarantine record (0.3688ms)
gateway-web	Run node city/test-all.mjs	2026-10-07T01:51:16.0460392Z ✔ C5 a quarantine block is legal only on a quarantined or already-quarantined-retired record (0.3392ms)
gateway-web	Run node city/test-all.mjs	2026-10-07T01:51:16.0465849Z ✔ C6 MAC pairing evidence accepts one address, several, or none, and refuses other shapes (0.341ms)
gateway-web	Run node city/test-all.mjs	2026-10-07T01:51:16.0468977Z ✔ C6 every correction refusal code is declared in the rejection vocabulary (0.1265ms)
gateway-web	Run node city/test-all.mjs	2026-10-07T01:51:16.1126548Z ✔ every join entry point feeds the same pairing state machine (6.7922ms)
gateway-web	Run node city/test-all.mjs	2026-10-07T01:51:16.1129875Z ✔ a Bluetooth bootstrap and a remote invite end in the same TRUSTED record (3.1884ms)
gateway-web	Run node city/test-all.mjs	2026-10-07T01:51:16.1132016Z ✔ possession of an invite or proximity never becomes trust on its own (0.7734ms)
gateway-web	Run node city/test-all.mjs	2026-10-07T01:51:16.1138888Z ✔ both sides present stable fingerprints, and the confirmation is bound to them (1.2032ms)
gateway-web	Run node city/test-all.mjs	2026-10-07T01:51:16.1148284Z ✔ a preview that carries a different fingerprint than the key exchange is refused (0.3606ms)
gateway-web	Run node city/test-all.mjs	2026-10-07T01:51:16.1156659Z ✔ both sides reporting the same fingerprint is refused: a pairing needs two peers (0.3255ms)
gateway-web	Run node city/test-all.mjs	2026-10-07T01:51:16.1164718Z ✔ a replayed bootstrap nonce is refused, so an observed handshake cannot be reused (0.4309ms)
gateway-web	Run node city/test-all.mjs	2026-10-07T01:51:16.1167044Z ✔ a confirmation token is single-use even across sessions (0.9693ms)
gateway-web	Run node city/test-all.mjs	2026-10-07T01:51:16.1173704Z ✔ a wrong confirmation token is refused and the session stays open (0.7741ms)
gateway-web	Run node city/test-all.mjs	2026-10-07T01:51:16.1179128Z ✔ a session past its deadline cannot advance, whatever the caller tries (0.8508ms)
gateway-web	Run node city/test-all.mjs	2026-10-07T01:51:16.1187114Z ✔ expiry is a fact about the clock, not something a caller can assert (0.4947ms)
gateway-web	Run node city/test-all.mjs	2026-10-07T01:51:16.1188458Z ✔ failed-pair cleanup retires exactly the overdue sessions and nothing else (0.398ms)
gateway-web	Run node city/test-all.mjs	2026-10-07T01:51:16.1217354Z ✔ the transition table is respected and terminal states are terminal (0.699ms)
gateway-web	Run node city/test-all.mjs	2026-10-07T01:51:16.1227567Z ✔ reject, cancel and fail are distinct recorded outcomes (0.6851ms)
gateway-web	Run node city/test-all.mjs	2026-10-07T01:51:16.1228678Z ✔ a revoked device cannot reconnect with its old credentials (0.9712ms)
gateway-web	Run node city/test-all.mjs	2026-10-07T01:51:16.1247036Z ✔ a lost device loses every trust it holds, and re-pairing needs an explicit decision (1.5829ms)
gateway-web	Run node city/test-all.mjs	2026-10-07T01:51:16.1287567Z ✔ a refusal never leaves the session changed (0.6926ms)
gateway-web	Run node city/test-all.mjs	2026-10-07T01:51:16.1290733Z ✔ a pairing can be refused at any phase, and the refusal is recorded (0.61ms)
gateway-web	Run node city/test-all.mjs	2026-10-07T01:51:16.1297568Z ✔ a quarantined device is refused, and a second trust for one device is refused (0.7544ms)
gateway-web	Run node city/test-all.mjs	2026-10-07T01:51:16.1305775Z ✔ a rotated credential stops working and the refusal names the reason (0.5848ms)
gateway-web	Run node city/test-all.mjs	2026-10-07T01:51:16.1307284Z ✔ an unknown device, a wrong fingerprint and a wrong credential are all refused distinctly (0.4376ms)
gateway-web	Run node city/test-all.mjs	2026-10-07T01:51:16.1312239Z ✔ a trust role change is explicit, auditable and transfers no capability (0.8453ms)
gateway-web	Run node city/test-all.mjs	2026-10-07T01:51:16.1338685Z ✔ a trust role is a classification, never a capability grant (1.3532ms)
gateway-web	Run node city/test-all.mjs	2026-10-07T01:51:16.1341285Z ✔ local MAC evidence may warn a human but never blocks or grants (0.2715ms)
gateway-web	Run node city/test-all.mjs	2026-10-07T01:51:16.1342602Z ✔ a missing or randomised MAC does not obstruct pairing (0.4784ms)
gateway-web	Run node city/test-all.mjs	2026-10-07T01:51:16.1351368Z ✔ MAC evidence can never be turned into trust (0.1616ms)
gateway-web	Run node city/test-all.mjs	2026-10-07T01:51:16.1354712Z ✔ the audit log proves every state transition without carrying key material (1.6971ms)
gateway-web	Run node city/test-all.mjs	2026-10-07T01:51:16.1357015Z ✔ the leak scanner really detects a leak, so its clean answer means something (0.1833ms)
gateway-web	Run node city/test-all.mjs	2026-10-07T01:51:16.1371865Z ✔ the audit log is bounded (1.1725ms)
gateway-web	Run node city/test-all.mjs	2026-10-07T01:51:16.1383930Z ✔ a session document round-trips through validation and refuses malformed input (0.6267ms)
gateway-web	Run node city/test-all.mjs	2026-10-07T01:51:16.1387453Z ✔ a trust record round-trips through validation and refuses malformed input (0.7648ms)
gateway-web	Run node city/test-all.mjs	2026-10-07T01:51:16.1393263Z ✔ a peer session document can be inspected without an authority (0.7701ms)
gateway-web	Run node city/test-all.mjs	2026-10-07T01:51:16.1395044Z ✔ the authority refuses structural nonsense instead of guessing (0.755ms)
gateway-web	Run node city/test-all.mjs	2026-10-07T01:51:16.1403062Z ✔ confirmation requires a named human actor (1.4274ms)
gateway-web	Run node city/test-all.mjs	2026-10-07T01:51:16.1405384Z ✔ a trust id and a credential must be well formed before any trust exists (0.8351ms)
gateway-web	Run node city/test-all.mjs	2026-10-07T01:51:16.1406758Z ✔ minting is pure and refuses entropy that is not 16 bytes (1.0629ms)
gateway-web	Run node city/test-all.mjs	2026-10-07T01:51:16.1408087Z ✔ randomEntropy produces 16 usable bytes each call (0.6535ms)
gateway-web	Run node city/test-all.mjs	2026-10-07T01:51:16.1409403Z ✔ the exported vocabularies are frozen and internally consistent (0.2759ms)
gateway-web	Run node city/test-all.mjs	2026-10-07T01:51:16.1411169Z ✔ C1 a trusted session is final: expiry and cleanup never rewrite it (0.7285ms)
gateway-web	Run node city/test-all.mjs	2026-10-07T01:51:16.1415380Z ✔ C2 a live re-pair supersedes the previous trust instead of leaving two (0.8843ms)
gateway-web	Run node city/test-all.mjs	2026-10-07T01:51:16.1423454Z ✔ C2 the superseded credential and the replacement credential are both cut off by revocation (0.5807ms)
gateway-web	Run node city/test-all.mjs	2026-10-07T01:51:16.1424855Z ✔ C2 two live records for one device are reported, never silently resolved (0.2885ms)
gateway-web	Run node city/test-all.mjs	2026-10-07T01:51:16.1426071Z ✔ C3 a preview that claims MAC authority, or names a foreign device, is refused (0.4429ms)
gateway-web	Run node city/test-all.mjs	2026-10-07T01:51:16.1427532Z ✔ C3 the authority records its own copy of the preview (0.5651ms)
gateway-web	Run node city/test-all.mjs	2026-10-07T01:51:16.1432362Z ✔ C3 the trusted device must be the device the human was shown (0.4895ms)
gateway-web	Run node city/test-all.mjs	2026-10-07T01:51:16.1434067Z ✔ C4 wrong confirmation tokens are bounded and then fail the session (0.9327ms)
gateway-web	Run node city/test-all.mjs	2026-10-07T01:51:16.1437270Z ✔ C4 re-requesting a different token is refused, and a decoy preview is never success (0.5684ms)
gateway-web	Run node city/test-all.mjs	2026-10-07T01:51:16.1439557Z ✔ C5 a refused startSession does not burn the challenge (0.3524ms)
gateway-web	Run node city/test-all.mjs	2026-10-07T01:51:16.1443827Z ✔ C5 the MAC mismatch flag must be a real boolean (0.4142ms)
gateway-web	Run node city/test-all.mjs	2026-10-07T01:51:16.1658534Z ✔ a capability resolves by name, never by provider identity (3.4409ms)
gateway-web	Run node city/test-all.mjs	2026-10-07T01:51:16.1668360Z ✔ a missing required capability is recorded as a miss and emits, an optional one only records (1.5282ms)
gateway-web	Run node city/test-all.mjs	2026-10-07T01:51:16.1679411Z ✔ a required-capability gate names every capability nothing provides (0.5523ms)
gateway-web	Run node city/test-all.mjs	2026-10-07T01:51:16.1681642Z ✔ one capability has exactly one owner, and a second owner is refused at registration (0.6315ms)
gateway-web	Run node city/test-all.mjs	2026-10-07T01:51:16.1683798Z ✔ the same owner re-registering its own capability is an update, not a conflict (0.7792ms)
gateway-web	Run node city/test-all.mjs	2026-10-07T01:51:16.1687118Z ✔ priority orders providers and the order is total, not insertion order (20.8867ms)
gateway-web	Run node city/test-all.mjs	2026-10-07T01:51:16.1689512Z ✔ a provider that does not say what it can do is refused (1.2456ms)
gateway-web	Run node city/test-all.mjs	2026-10-07T01:51:16.1693247Z ✔ unloading an owner revokes everything it provided, and the miss says why (0.698ms)
gateway-web	Run node city/test-all.mjs	2026-10-07T01:51:16.1694696Z ✔ revoking one capability is owner-checked (0.5056ms)
gateway-web	Run node city/test-all.mjs	2026-10-07T01:51:16.1695992Z ✔ the lookup log is bounded and returned as copies (1.3385ms)
gateway-web	Run node city/test-all.mjs	2026-10-07T01:51:16.1703161Z ✔ the four lifecycle questions stay separate and the derived state has a fixed order (1.2312ms)
gateway-web	Run node city/test-all.mjs	2026-10-07T01:51:16.1704607Z ✔ a disabled provider is refused a load unless forced, and a second load is a no-op (0.3285ms)
gateway-web	Run node city/test-all.mjs	2026-10-07T01:51:16.1713592Z ✔ a duplicate owner is refused and an unknown owner is a coded refusal, never a throw (0.4959ms)
gateway-web	Run node city/test-all.mjs	2026-10-07T01:51:16.1735410Z ✔ a throwing health probe is contained and never escapes (0.3013ms)
gateway-web	Run node city/test-all.mjs	2026-10-07T01:51:16.1741214Z ✔ an unasked or unparseable health answer stays UNKNOWN, never HEALTHY (0.2509ms)
gateway-web	Run node city/test-all.mjs	2026-10-07T01:51:16.1742599Z ✔ unloading releases the capability and resets the restart budget (0.42ms)
gateway-web	Run node city/test-all.mjs	2026-10-07T01:51:16.1748894Z ✔ a provider fault is recorded at its declared level and contains the provider (0.613ms)
gateway-web	Run node city/test-all.mjs	2026-10-07T01:51:16.1751135Z ✔ the health reaction ladder is the donor order: fatal stops, soft ignores, then budget (0.3047ms)
gateway-web	Run node city/test-all.mjs	2026-10-07T01:51:16.1754022Z ✔ the aggregate verdict is blocked, degraded or healthy and names the providers (0.607ms)
gateway-web	Run node city/test-all.mjs	2026-10-07T01:51:16.1755345Z ✔ a runtime-layer fault is never evidence about the provider (0.9584ms)
gateway-web	Run node city/test-all.mjs	2026-10-07T01:51:16.1758240Z ✔ an explicit refusal inside a successful call is semantic, not a runtime failure (0.2278ms)
gateway-web	Run node city/test-all.mjs	2026-10-07T01:51:16.1761866Z ✔ a deterministic verification or format failure outranks provider behaviour (0.189ms)
gateway-web	Run node city/test-all.mjs	2026-10-07T01:51:16.1763300Z ✔ an unobservable success is UNCLASSIFIED rather than a fabricated completion (0.156ms)
gateway-web	Run node city/test-all.mjs	2026-10-07T01:51:16.1767061Z ✔ the classifier walks completion coverage, drift and quality in the donor order (0.3007ms)
gateway-web	Run node city/test-all.mjs	2026-10-07T01:51:16.1778041Z ✔ goal drift is reported, never rewritten (1.5804ms)
gateway-web	Run node city/test-all.mjs	2026-10-07T01:51:16.1779633Z ✔ an evaluator revision is appended and never overwrites the original (0.285ms)
gateway-web	Run node city/test-all.mjs	2026-10-07T01:51:16.1781329Z ✔ the provider lifecycle is two named states with an explicit autoResume flag (0.2976ms)
gateway-web	Run node city/test-all.mjs	2026-10-07T01:51:16.1782728Z ✔ the runtime outcome maps to a recovery action and a provider update (0.4113ms)
gateway-web	Run node city/test-all.mjs	2026-10-07T01:51:16.1784244Z ✔ the City lifecycle maps onto a routing state and availability is lifecycle-derived (0.8803ms)
gateway-web	Run node city/test-all.mjs	2026-10-07T01:51:16.1786089Z ✔ hard eligibility excludes failed, disabled, recovering and unknown candidates and tracks degraded ones (0.5117ms)
gateway-web	Run node city/test-all.mjs	2026-10-07T01:51:16.1787953Z ✔ an invocation validates the operation against the provider allowlist before any work runs (2.0053ms)
gateway-web	Run node city/test-all.mjs	2026-10-07T01:51:16.1789605Z ✔ a capability whose owner is not accepted answers BRIDGE_PENDING and runs nothing (0.5212ms)
gateway-web	Run node city/test-all.mjs	2026-10-07T01:51:16.1791047Z ✔ a completed invocation carries a stable digest of its canonical result (1.3623ms)
gateway-web	Run node city/test-all.mjs	2026-10-07T01:51:16.1792791Z ✔ a typed error survives, an unknown throw becomes ADAPTER_UNAVAILABLE, and an oversized result is refused (14.2704ms)
gateway-web	Run node city/test-all.mjs	2026-10-07T01:51:16.1794412Z ✔ concurrency is bounded so one caller cannot exhaust the process (1.4612ms)
gateway-web	Run node city/test-all.mjs	2026-10-07T01:51:16.1795976Z ✔ a restart marks in-flight invocations INTERRUPTED rather than leaving them running (4.1426ms)
gateway-web	Run node city/test-all.mjs	2026-10-07T01:51:16.1798479Z ✔ a learned ranking may reorder the approved candidates and nothing else (1.0467ms)
gateway-web	Run node city/test-all.mjs	2026-10-07T01:51:16.1800384Z ✔ the fabric reports only the capabilities that exist and revokes with their owner (0.7385ms)
gateway-web	Run node city/test-all.mjs	2026-10-07T01:51:16.1801860Z ✔ the invocation list is bounded and a summary never leaks the stored result (0.8883ms)
gateway-web	Run node city/test-all.mjs	2026-10-07T01:51:16.1807961Z ✔ rendering a lock sorts ids so an unchanged composition keeps the same bytes (0.443ms)
gateway-web	Run node city/test-all.mjs	2026-10-07T01:51:16.1809288Z ✔ the parser refuses what it does not understand instead of guessing (0.928ms)
gateway-web	Run node city/test-all.mjs	2026-10-07T01:51:16.1810565Z ✔ drift is an exact owner/version set diff with a reason naming every class (0.6137ms)
gateway-web	Run node city/test-all.mjs	2026-10-07T01:51:16.1811838Z ✔ an absent lock is not drift, an empty write is refused, and enforcement is opt-in (42.8439ms)
gateway-web	Run node city/test-all.mjs	2026-10-07T01:51:16.1813135Z ✔ the fabric contract exposes the donors' vocabulary without inventing new terms (0.4115ms)
gateway-web	Run node city/test-all.mjs	2026-10-07T01:51:16.1973171Z ✔ the live bridgeState derivation is identical to the accepted V0.3 rule for every lifecycle mixture (12.9134ms)
gateway-web	Run node city/test-all.mjs	2026-10-07T01:51:16.1975213Z ✔ the live cityLifecycle derivation is identical to the accepted V0.3 rule for every backed capability (3.3873ms)
gateway-web	Run node city/test-all.mjs	2026-10-07T01:51:16.1976896Z ✔ the empty-moduleRefs case differs from the old rule and is unreachable from the live registry (0.3147ms)
gateway-web	Run node city/test-all.mjs	2026-10-07T01:51:16.5864182Z ✔ same prompt gives byte-stable offline intent; explicit styles change the design (13.5053ms)
gateway-web	Run node city/test-all.mjs	2026-10-07T01:51:16.5869348Z ✔ observation bounds and critical regions constrain placement; missing observation is truthful (6.387ms)
gateway-web	Run node city/test-all.mjs	2026-10-07T01:51:16.5871117Z ✔ procedural pixels are deterministic and character alpha has real content bounds (113.2761ms)
gateway-web	Run node city/test-all.mjs	2026-10-07T01:51:16.5873000Z ✔ valid injected image is measured and accepted; bad image retries then falls back (172.3891ms)
gateway-web	Run node city/test-all.mjs	2026-10-07T01:51:28.6614164Z ✔ timeout retries and falls back; invalid fallback disables only its asset (175.1607ms)
gateway-web	Run node city/test-all.mjs	2026-10-07T01:51:28.6616219Z ✔ pixel-invalid image falls back and protected surface never calls an image generator (64.7092ms)
gateway-web	Run node city/test-all.mjs	2026-10-07T01:51:28.6618844Z ✔ pixel validator refuses opaque characters, flat images, dimension drift and budgets (66.7159ms)
gateway-web	Run node city/test-all.mjs	2026-10-07T01:51:28.6633785Z ✔ builder validates then atomically publishes a stable self-contained sandbox package (6267.7774ms)
gateway-web	Run node city/test-all.mjs	2026-10-07T01:51:28.6636733Z ✔ builder refuses escape, existing output, protected writes, excess overlay and partial failure (2269.079ms)
gateway-web	Run node city/test-all.mjs	2026-10-07T01:51:28.6654061Z ✔ disabled planned assets leave no resurrected token or dangling persona reference (3064.1779ms)
gateway-web	Run node city/test-all.mjs	2026-10-07T01:51:28.6658058Z ✔ empty or malformed observations cannot claim an observed plan (4.2642ms)
gateway-web	Run node city/test-all.mjs	2026-10-07T01:51:28.6664754Z ✔ rejection after final image sizing still retries then tries procedural fallback (162.6388ms)
gateway-web	Run node city/test-all.mjs	2026-10-07T01:51:28.6884599Z ✔ pinned donor intent, token and slot decisions match four frozen oracle vectors (35.0127ms)
gateway-web	Run node city/test-all.mjs	2026-10-07T01:51:28.6901299Z ✔ pinned donor plan vocabulary, asset requests and protected write semantics are preserved (7.4454ms)
gateway-web	Run node city/test-all.mjs	2026-10-07T01:51:28.6908405Z ✔ three original procedural PNG digests, alpha/bounds and pixel verdicts match donor (348.5603ms)
gateway-web	Run node city/test-all.mjs	2026-10-07T01:51:28.6909546Z ✔ colour parsing matches the donor grammar (2.9165ms)
gateway-web	Run node city/test-all.mjs	2026-10-07T01:51:28.6910681Z ✔ colour conversion and alpha compositing match the donor (1.0313ms)
gateway-web	Run node city/test-all.mjs	2026-10-07T01:51:28.6911884Z ✔ contrast, readability and shading match the donor thresholds (1.0154ms)
gateway-web	Run node city/test-all.mjs	2026-10-07T01:51:28.6912991Z ✔ the palette ramp is deterministic and stays inside the gamut (0.7019ms)
gateway-web	Run node city/test-all.mjs	2026-10-07T01:51:28.6914190Z ✔ PNG encoding round-trips through the independent decoder (5.1906ms)
gateway-web	Run node city/test-all.mjs	2026-10-07T01:51:28.6915690Z ✔ PNG encoding rejects impossible images instead of producing them (0.9152ms)
gateway-web	Run node city/test-all.mjs	2026-10-07T01:51:28.6916942Z ✔ the swatch builder is deterministic and honours alpha (1.6426ms)
gateway-web	Run node city/test-all.mjs	2026-10-07T01:51:28.6918303Z ✔ the module is self-contained: built-ins only, no donor checkout dependency (16.5381ms)
gateway-web	Run node city/test-all.mjs	2026-10-07T01:51:28.6919556Z ✔ provenance stays honest: DONOR.json pins the donor and records the adaptation (3.2395ms)
gateway-web	Run node city/test-all.mjs	2026-10-07T01:51:28.6921684Z ✔ the contract keeps the safety semantics and drops the donor product nouns (3.0959ms)
gateway-web	Run node city/test-all.mjs	2026-10-07T01:51:28.6935611Z ✔ the write gate refuses a protected surface and never throws (2.1166ms)
gateway-web	Run node city/test-all.mjs	2026-10-07T01:51:28.6940172Z ✔ the validator accepts a conforming package and fails closed on every check (14.991ms)
gateway-web	Run node city/test-all.mjs	2026-10-07T01:51:28.6943789Z ✔ readability and animation are measured, never assumed (1.262ms)
gateway-web	Run node city/test-all.mjs	2026-10-07T01:51:28.6946123Z ✔ the procedural asset factory is deterministic and palette-sensitive (719.0774ms)
gateway-web	Run node city/test-all.mjs	2026-10-07T01:51:28.6948435Z ✔ the module is self-contained: built-ins only, no donor checkout dependency (17.6116ms)
gateway-web	Run node city/test-all.mjs	2026-10-07T01:51:28.6950415Z ✔ provenance stays honest: DONOR.json records all three waves of this module (1.9354ms)
gateway-web	Run node city/test-all.mjs	2026-10-07T01:51:28.6952689Z ✔ every shipped adapter exposes the interface discovery calls (2.1887ms)
gateway-web	Run node city/test-all.mjs	2026-10-07T01:51:28.6954770Z ✔ defaultAdapters keeps the donor specificity order exactly (1.3531ms)
gateway-web	Run node city/test-all.mjs	2026-10-07T01:51:28.6955992Z ✔ OPERATIONS and CONFIDENCE carry the donor values exactly, and match discovery (0.3034ms)
gateway-web	Run node city/test-all.mjs	2026-10-07T01:51:28.6957394Z ✔ every adapter abstains on an empty directory, and only the generic fallback claims it (1.7565ms)
gateway-web	Run node city/test-all.mjs	2026-10-07T01:51:28.6968022Z ✔ each adapter detects its own ecosystem with the donor score and evidence (3.4246ms)
gateway-web	Run node city/test-all.mjs	2026-10-07T01:51:28.6969983Z ✔ an unreadable directory is nothing to detect, not a crash (1.4923ms)
gateway-web	Run node city/test-all.mjs	2026-10-07T01:51:28.6972366Z ✔ every discovered command has the donor shape and a known operation name (35.73ms)
gateway-web	Run node city/test-all.mjs	2026-10-07T01:51:28.6974455Z ✔ adapters.mjs can never execute anything (0.8084ms)
gateway-web	Run node city/test-all.mjs	2026-10-07T01:51:28.6975500Z ✔ answering detection and commands leaves the project directory untouched (4.0377ms)
gateway-web	Run node city/test-all.mjs	2026-10-07T01:51:28.6976746Z ✔ the package manager is chosen from the lockfile, in the donor precedence order (14.7092ms)
gateway-web	Run node city/test-all.mjs	2026-10-07T01:51:28.6978123Z ✔ the test command prefers a declared script over a framework config over the convention (15.1498ms)
gateway-web	Run node city/test-all.mjs	2026-10-07T01:51:28.6979558Z ✔ a declared TypeScript configuration supplies a build command only when none is declared (11.9296ms)
gateway-web	Run node city/test-all.mjs	2026-10-07T01:51:28.6981091Z ✔ every declared Node script is carried over with its own evidence string (4.6379ms)
gateway-web	Run node city/test-all.mjs	2026-10-07T01:51:28.6982399Z ✔ the generic fallback claims nothing it cannot see and labels every guess inferred (8.3201ms)
gateway-web	Run node city/test-all.mjs	2026-10-07T01:51:28.6985236Z ✔ every non-Node command template is the donor string, label and evidence (22.0526ms)
gateway-web	Run node city/test-all.mjs	2026-10-07T01:51:28.6988276Z ✔ a repository with Cargo.toml and package.json is a Rust project, not Node (6.7296ms)
gateway-web	Run node city/test-all.mjs	2026-10-07T01:51:28.6991120Z ✔ the episode phase vocabulary, terminal set, work phases and parkable phases are the donor lists (0.3518ms)
gateway-web	Run node city/test-all.mjs	2026-10-07T01:51:28.6993760Z ✔ every legal transition is allowed and every other move is refused with the donor reason (1.5958ms)
gateway-web	Run node city/test-all.mjs	2026-10-07T01:51:28.6996381Z ✔ an unknown phase is refused by name, at construction and at the move (0.5446ms)
gateway-web	Run node city/test-all.mjs	2026-10-07T01:51:28.6998829Z ✔ a terminal episode can force a teardown but cannot walk on (0.2089ms)
gateway-web	Run node city/test-all.mjs	2026-10-07T01:51:28.7000537Z ✔ the machine reports its phase, its allowed moves and a bounded history (0.2219ms)
gateway-web	Run node city/test-all.mjs	2026-10-07T01:51:28.7002060Z ✔ the autonomy vocabulary and its budgets are the donor values (0.1379ms)
gateway-web	Run node city/test-all.mjs	2026-10-07T01:51:28.7004095Z ✔ a boolean may arrive as a spelling, and anything unstated stays unstated (0.1915ms)
gateway-web	Run node city/test-all.mjs	2026-10-07T01:51:28.7005347Z ✔ autonomy resolves runtime default < contract override < explicit run option (0.5088ms)
gateway-web	Run node city/test-all.mjs	2026-10-07T01:51:28.7006572Z ✔ a disabled controller never continues, whatever the evidence says (0.3513ms)
gateway-web	Run node city/test-all.mjs	2026-10-07T01:51:28.7007702Z ✔ completion, cancellation and a block are terminal for autonomy (0.1817ms)
gateway-web	Run node city/test-all.mjs	2026-10-07T01:51:28.7008919Z ✔ the continuation budget is consumed and exhausted with the donor numbers (0.5011ms)
gateway-web	Run node city/test-all.mjs	2026-10-07T01:51:28.7010455Z ✔ the step budget is consumed and exhausted with the donor numbers (0.1621ms)
gateway-web	Run node city/test-all.mjs	2026-10-07T01:51:28.7011607Z ✔ a round that changed nothing is not continued, and says exactly why (0.2882ms)
gateway-web	Run node city/test-all.mjs	2026-10-07T01:51:28.7013472Z ✔ progress is a mutation, a changed file or a passed verification level (0.3725ms)
gateway-web	Run node city/test-all.mjs	2026-10-07T01:51:28.7016879Z ✔ the controller keeps a bounded decision trail and reports its own state (1.3028ms)
gateway-web	Run node city/test-all.mjs	2026-10-07T01:51:28.7020071Z ✔ the donor never consults FINAL_REASONS, and the port keeps that behaviour (0.2218ms)
gateway-web	Run node city/test-all.mjs	2026-10-07T01:51:28.7023244Z ✔ discovery finds commands for a real Node project through the lazily loaded adapter set (9.7613ms)
gateway-web	Run node city/test-all.mjs	2026-10-07T01:51:28.7024929Z ✔ the fix template builds all six steps from the discovered command table (8.5925ms)
gateway-web	Run node city/test-all.mjs	2026-10-07T01:51:28.7026290Z ✔ without an adapter set the same repository still produces the empty table the gap described (6.3358ms)
gateway-web	Run node city/test-all.mjs	2026-10-07T01:51:28.7028507Z ﹣ the adapter port agrees with the donor module for every adapter and fixture (0.1053ms) # donor checkout absent at D:\a\utopia\utopia\.runtime\evidence\mission-book\MB-004\donor-hns\app\engineering
gateway-web	Run node city/test-all.mjs	2026-10-07T01:51:28.7032155Z ﹣ the autonomy port agrees with the donor module decision by decision (0.1425ms) # donor checkout absent at D:\a\utopia\utopia\.runtime\evidence\mission-book\MB-004\donor-hns\app\engineering
gateway-web	Run node city/test-all.mjs	2026-10-07T01:51:28.7035872Z ﹣ the episode port agrees with the donor module transition by transition (0.1296ms) # donor checkout absent at D:\a\utopia\utopia\.runtime\evidence\mission-book\MB-004\donor-hns\app\engineering
gateway-web	Run node city/test-all.mjs	2026-10-07T01:51:28.7037479Z ▶ checkpoint-10 §33.1 failure classification
gateway-web	Run node city/test-all.mjs	2026-10-07T01:51:28.7038208Z   ✔ covers at least the twelve classes the plan names (1.5942ms)
gateway-web	Run node city/test-all.mjs	2026-10-07T01:51:28.7039075Z   ✔ classifies from the tool's own output, not from a guess (1.4479ms)
gateway-web	Run node city/test-all.mjs	2026-10-07T01:51:28.7039900Z   ✔ reports the signals that decided the class (0.2907ms)
gateway-web	Run node city/test-all.mjs	2026-10-07T01:51:28.7040770Z   ✔ never reclassifies a refusal as something retryable (0.2794ms)
gateway-web	Run node city/test-all.mjs	2026-10-07T01:51:28.7041772Z   ✔ refuses a dependency class when the host verified the module is present (0.3939ms)
gateway-web	Run node city/test-all.mjs	2026-10-07T01:51:28.7042717Z   ✔ classifies a scope refusal as a workspace failure (0.285ms)
gateway-web	Run node city/test-all.mjs	2026-10-07T01:51:28.7043685Z   ✔ classifies theme and visual failures from their own evidence (0.6063ms)
gateway-web	Run node city/test-all.mjs	2026-10-07T01:51:28.7044624Z   ✔ says UNKNOWN rather than guessing when nothing matched (0.3958ms)
gateway-web	Run node city/test-all.mjs	2026-10-07T01:51:28.7045499Z ✔ checkpoint-10 §33.1 failure classification (9.0863ms)
gateway-web	Run node city/test-all.mjs	2026-10-07T01:51:28.7058971Z ▶ checkpoint-10 §33.2 recovery order
gateway-web	Run node city/test-all.mjs	2026-10-07T01:51:28.7059766Z   ✔ is the plan's order, ending at the Hard Blocker (1.3427ms)
gateway-web	Run node city/test-all.mjs	2026-10-07T01:51:28.7060570Z   ✔ lists every step with a reason, applicable or not (0.7633ms)
gateway-web	Run node city/test-all.mjs	2026-10-07T01:51:28.7061520Z   ✔ goes straight to the Hard Blocker for a prohibited action and forbids HNS (0.3824ms)
gateway-web	Run node city/test-all.mjs	2026-10-07T01:51:28.7062519Z   ✔ sends an auth failure to the Owner instead of retrying (0.2608ms)
gateway-web	Run node city/test-all.mjs	2026-10-07T01:51:28.7063302Z   ✔ gives a theme failure its own §33.2 ladder (0.2974ms)
gateway-web	Run node city/test-all.mjs	2026-10-07T01:51:28.7085417Z   ✔ will not reach HNS while a cheaper applicable step has budget left (0.4365ms)
gateway-web	Run node city/test-all.mjs	2026-10-07T01:51:28.7086662Z   ✔ escalates to the Hard Blocker once every applicable step is exhausted (0.2753ms)
gateway-web	Run node city/test-all.mjs	2026-10-07T01:51:28.7087712Z   ✔ treats a prohibited failure as immediately hard-blocked (0.2465ms)
gateway-web	Run node city/test-all.mjs	2026-10-07T01:51:28.7088609Z ✔ checkpoint-10 §33.2 recovery order (4.7028ms)
gateway-web	Run node city/test-all.mjs	2026-10-07T01:51:28.7089417Z ▶ checkpoint-10 §33.3 HNS positioning and the mandatory gap
gateway-web	Run node city/test-all.mjs	2026-10-07T01:51:28.7090281Z   ✔ allows a first fallback but always produces a CapabilityGap (0.4513ms)
gateway-web	Run node city/test-all.mjs	2026-10-07T01:51:28.7091400Z   ✔ refuses a fallback with no named missing capability — and still records the gap (0.9567ms)
gateway-web	Run node city/test-all.mjs	2026-10-07T01:51:28.7093052Z   ✔ refuses to delegate a prohibited action to HNS (0.2284ms)
gateway-web	Run node city/test-all.mjs	2026-10-07T01:51:28.7095592Z   ✔ stops HNS becoming a permanent crutch after the consecutive ceiling (0.2477ms)
gateway-web	Run node city/test-all.mjs	2026-10-07T01:51:28.7096528Z   ✔ raises the gap's severity with its frequency (0.2478ms)
gateway-web	Run node city/test-all.mjs	2026-10-07T01:51:28.7097356Z   ✔ records only the four §33.3 roles, and never without a gap (0.4936ms)
gateway-web	Run node city/test-all.mjs	2026-10-07T01:51:28.7098955Z ✔ checkpoint-10 §33.3 HNS positioning and the mandatory gap (3.0123ms)
gateway-web	Run node city/test-all.mjs	2026-10-07T01:51:28.7100106Z ✔ a checkpoint round-trips through disk with every saved field intact (9.9467ms)
gateway-web	Run node city/test-all.mjs	2026-10-07T01:51:28.7101752Z ✔ the checkpoint directory defaults under the root option instead of a hardcoded path (1.1161ms)
gateway-web	Run node city/test-all.mjs	2026-10-07T01:51:28.7103245Z ✔ recovery checkpoints preserve the full recovery descriptor and assign the first sequence (6.4209ms)
gateway-web	Run node city/test-all.mjs	2026-10-07T01:51:28.7104631Z ✔ checkpoint writes refuse a descriptor whose digest no longer matches its plan (1.739ms)
gateway-web	Run node city/test-all.mjs	2026-10-07T01:51:28.7106061Z ✔ the latest recovery checkpoint follows checkpointSeq when the wall clock moves backward (7.5821ms)
gateway-web	Run node city/test-all.mjs	2026-10-07T01:51:28.7107507Z ✔ retention prunes old recovery sequences, never the newest sequence after a clock rollback (14.0737ms)
gateway-web	Run node city/test-all.mjs	2026-10-07T01:51:28.7108826Z ✔ a corrupt checkpoint is skipped and latest() still returns the newest good one (11.186ms)
gateway-web	Run node city/test-all.mjs	2026-10-07T01:51:28.7110016Z ✔ a half-written temporary file is never read as a checkpoint (4.6031ms)
gateway-web	Run node city/test-all.mjs	2026-10-07T01:51:28.7111669Z ✔ list() is newest first and prune() keeps at most maxFiles checkpoints per episode (20.1404ms)
gateway-web	Run node city/test-all.mjs	2026-10-07T01:51:28.7112946Z ✔ save() enforces maxFiles by itself and leaves no temporary files behind (15.5318ms)
gateway-web	Run node city/test-all.mjs	2026-10-07T01:51:28.7114050Z ✔ remove() discards one episode and leaves the others alone (28.226ms)
gateway-web	Run node city/test-all.mjs	2026-10-07T01:51:28.7115347Z ✔ latest() returns null — never throws — for a missing directory, an unknown episode and corrupt-only files (3.871ms)
gateway-web	Run node city/test-all.mjs	2026-10-07T01:51:28.7116938Z ✔ truncateOutput keeps the head, the tail and the region around the first error (4.8111ms)
gateway-web	Run node city/test-all.mjs	2026-10-07T01:51:28.7118331Z ✔ truncateOutput reports no region when nothing matches, and leaves a small output alone (0.4902ms)
gateway-web	Run node city/test-all.mjs	2026-10-07T01:51:28.7119838Z ✔ summarizeTestOutput extracts the failure summary, failed cases, traces, last lines and artifacts (3.8353ms)
gateway-web	Run node city/test-all.mjs	2026-10-07T01:51:28.7121172Z ✔ summarizeTestOutput bounds a huge suite and says it truncated (41.7666ms)
gateway-web	Run node city/test-all.mjs	2026-10-07T01:51:28.7122163Z ✔ verifyResume resumes an unchanged world (240.4526ms)
gateway-web	Run node city/test-all.mjs	2026-10-07T01:51:28.7122993Z ✔ verifyResume restarts when HEAD moved (106.975ms)
gateway-web	Run node city/test-all.mjs	2026-10-07T01:51:28.7123990Z ✔ verifyResume restarts when a manifest drifted under the same HEAD (162.8153ms)
gateway-web	Run node city/test-all.mjs	2026-10-07T01:51:28.7134539Z ✔ verifyResume refuses when the workspace is gone or is a different workspace (223.7555ms)
gateway-web	Run node city/test-all.mjs	2026-10-07T01:51:28.7138184Z ✔ a pending mutation whose effect is already on disk resumes as already-complete (160.2129ms)
gateway-web	Run node city/test-all.mjs	2026-10-07T01:51:28.7139576Z ✔ a pending mutation that conflicts with the file on disk forces a restart (179.2677ms)
gateway-web	Run node city/test-all.mjs	2026-10-07T01:51:28.7140828Z ✔ verifyResume will not resume over a pending mutation it cannot re-check (163.044ms)
gateway-web	Run node city/test-all.mjs	2026-10-07T01:51:28.7142086Z ✔ missing owned processes are reported, and the checkpoint is still resumable (151.539ms)
gateway-web	Run node city/test-all.mjs	2026-10-07T01:51:28.7143184Z ✔ verifyResume only inspects: nothing on disk changes (215.9244ms)
gateway-web	Run node city/test-all.mjs	2026-10-07T01:51:28.7144540Z ✔ verifyResume restarts when there is no checkpoint at all (51.6638ms)
gateway-web	Run node city/test-all.mjs	2026-10-07T01:51:28.7145703Z ✔ a live context holds only the six step fields and is replaced, not accumulated (4.9606ms)
gateway-web	Run node city/test-all.mjs	2026-10-07T01:51:28.7165908Z ✔ snapshot().live is a copy: a caller cannot change what the context remembers (0.549ms)
gateway-web	Run node city/test-all.mjs	2026-10-07T01:51:28.7167017Z ✔ clearLive removes the named keys and leaves the rest alone (0.6458ms)
gateway-web	Run node city/test-all.mjs	2026-10-07T01:51:28.7168321Z ✔ after 1000 observations the evidence ring is capped and the retained byte count stops growing (8.5388ms)
gateway-web	Run node city/test-all.mjs	2026-10-07T01:51:28.7169731Z ✔ every ring is bounded: verifications, decisions, process milestones and changed files (2.6309ms)
gateway-web	Run node city/test-all.mjs	2026-10-07T01:51:28.7170974Z ✔ a failed verification is a blocker, and the next passing run clears it (0.7534ms)
gateway-web	Run node city/test-all.mjs	2026-10-07T01:51:28.7172684Z ✔ a resolved decision completes the plan step it names, and a failed one becomes a blocker (0.916ms)
gateway-web	Run node city/test-all.mjs	2026-10-07T01:51:28.7174013Z ✔ an owned process milestone plans a step and its completion closes the step (0.631ms)
gateway-web	Run node city/test-all.mjs	2026-10-07T01:51:28.7175324Z ✔ the summary is generated from the bounded layers and is not truncated when it fits (1.1218ms)
gateway-web	Run node city/test-all.mjs	2026-10-07T01:51:28.7176450Z ✔ a summary reports truncated when the budget forces it to cut (2.1086ms)
gateway-web	Run node city/test-all.mjs	2026-10-07T01:51:28.7177971Z ✔ summarize accepts an inventory produced by the supervisor, not only this context (0.4147ms)
gateway-web	Run node city/test-all.mjs	2026-10-07T01:51:28.7179253Z ✔ snapshot reports its own limits and byte count, and two contexts share no state (0.2479ms)
gateway-web	Run node city/test-all.mjs	2026-10-07T01:51:28.7180704Z ✔ a very long observation is clipped before it is retained, so one entry cannot blow the budget (0.375ms)
gateway-web	Run node city/test-all.mjs	2026-10-07T01:51:28.7183101Z ﹣ a Windows volume-GUID alias is accepted as the same non-reparse work root (1.4866ms) # cross-volume tests require a temp root on a volume separate from C:\Users\RUNNER~1\AppData\Local\Temp\cross-volume-work-root-g7Vchn
gateway-web	Run node city/test-all.mjs	2026-10-07T01:51:28.7186380Z ﹣ a task-owned off-volume directory is registered with an ownership marker and removed only at terminal cleanup (0.2658ms) # cross-volume tests require a temp root on a volume separate from C:\Users\RUNNER~1\AppData\Local\Temp\cross-volume-work-root-g7Vchn
gateway-web	Run node city/test-all.mjs	2026-10-07T01:51:28.7189701Z ﹣ a pre-existing directory sentinel cannot be registered or deleted (0.2087ms) # cross-volume tests require a temp root on a volume separate from C:\Users\RUNNER~1\AppData\Local\Temp\cross-volume-work-root-g7Vchn
gateway-web	Run node city/test-all.mjs	2026-10-07T01:51:28.7193921Z ﹣ a mismatched ownership marker blocks cleanup and reports the exact residual (0.2172ms) # cross-volume tests require a temp root on a volume separate from C:\Users\RUNNER~1\AppData\Local\Temp\cross-volume-work-root-g7Vchn
gateway-web	Run node city/test-all.mjs	2026-10-07T01:51:28.7197123Z ﹣ an unregistered foreign file inside an owned directory blocks recursive cleanup (0.2665ms) # cross-volume tests require a temp root on a volume separate from C:\Users\RUNNER~1\AppData\Local\Temp\cross-volume-work-root-g7Vchn
gateway-web	Run node city/test-all.mjs	2026-10-07T01:51:28.7200351Z ﹣ a task-owned file is removed exactly without deleting its containing directory (0.2565ms) # cross-volume tests require a temp root on a volume separate from C:\Users\RUNNER~1\AppData\Local\Temp\cross-volume-work-root-g7Vchn
gateway-web	Run node city/test-all.mjs	2026-10-07T01:51:28.7203517Z ﹣ a symlink/reparse entry inside a registered root blocks recursive deletion (0.263ms) # cross-volume tests require a temp root on a volume separate from C:\Users\RUNNER~1\AppData\Local\Temp\cross-volume-work-root-g7Vchn
gateway-web	Run node city/test-all.mjs	2026-10-07T01:51:28.7206654Z ﹣ a locked registered child preserves its parent marker and cleanup debt retries after the handle closes (0.3814ms) # cross-volume tests require a temp root on a volume separate from C:\Users\RUNNER~1\AppData\Local\Temp\cross-volume-work-root-g7Vchn
gateway-web	Run node city/test-all.mjs	2026-10-07T01:51:28.7208838Z ✔ a fix goal shows the failing test failing before anything patches code (4.8259ms)
gateway-web	Run node city/test-all.mjs	2026-10-07T01:51:28.7209827Z ✔ a bug wording alone selects the repair template (0.871ms)
gateway-web	Run node city/test-all.mjs	2026-10-07T01:51:28.7210592Z ✔ a build goal builds and then verifies (0.7632ms)
gateway-web	Run node city/test-all.mjs	2026-10-07T01:51:28.7212108Z ✔ a refactor goal runs the affected tests after the patch (0.4673ms)
gateway-web	Run node city/test-all.mjs	2026-10-07T01:51:28.7213077Z ✔ a dependency goal installs, builds, tests and verifies (1.2641ms)
gateway-web	Run node city/test-all.mjs	2026-10-07T01:51:28.7214067Z ✔ the plan skips an unavailable command and records why in reasons (0.2749ms)
gateway-web	Run node city/test-all.mjs	2026-10-07T01:51:28.7215333Z ✔ a template step whose command discovery did not provide is reported in reasons (0.5111ms)
gateway-web	Run node city/test-all.mjs	2026-10-07T01:51:28.7216636Z ✔ a bounded plan refuses to grow past contract.maxSteps and says what it dropped (0.3488ms)
gateway-web	Run node city/test-all.mjs	2026-10-07T01:51:28.7217710Z ✔ the default budget is the documented 40 steps (0.2984ms)
gateway-web	Run node city/test-all.mjs	2026-10-07T01:51:28.7218600Z ✔ no step may outlive the episode budget the contract declares (0.6364ms)
gateway-web	Run node city/test-all.mjs	2026-10-07T01:51:28.7220995Z ✔ every step carries a closed kind, an operation the supervisor knows and the evidence it records (0.4945ms)
gateway-web	Run node city/test-all.mjs	2026-10-07T01:51:28.7222406Z ✔ a test step expects a zero exit code and no failing tests (0.3381ms)
gateway-web	Run node city/test-all.mjs	2026-10-07T01:51:28.7223665Z ✔ the reproduce step expects the failure, because that is the evidence a repair needs (0.4555ms)
gateway-web	Run node city/test-all.mjs	2026-10-07T01:51:28.7224838Z ✔ an explicit contract plan wins over the inferred template (0.2598ms)
gateway-web	Run node city/test-all.mjs	2026-10-07T01:51:28.7225964Z ✔ an explicit step of an unknown kind is rejected and recorded, not silently kept (0.2831ms)
gateway-web	Run node city/test-all.mjs	2026-10-07T01:51:28.7228690Z ✔ an explicit step naming an operation the supervisor cannot run is refused (0.3371ms)
gateway-web	Run node city/test-all.mjs	2026-10-07T01:51:28.7230549Z ✔ a contract plan that omits reproduce is kept, and the missing regression evidence is recorded (0.2085ms)
gateway-web	Run node city/test-all.mjs	2026-10-07T01:51:28.7232959Z ✔ an explicit step is normalized: operation, command, args, cwd, expects, timeout and evidence (0.5244ms)
gateway-web	Run node city/test-all.mjs	2026-10-07T01:51:28.7234766Z ✔ an explicit step may write its arguments as one string (0.2824ms)
gateway-web	Run node city/test-all.mjs	2026-10-07T01:51:28.7236025Z ✔ an explicit command carries the discovered arguments of its kind (0.2398ms)
gateway-web	Run node city/test-all.mjs	2026-10-07T01:51:28.7237384Z ✔ a step that does not run a command carries a null operation (0.182ms)
gateway-web	Run node city/test-all.mjs	2026-10-07T01:51:28.7238788Z ✔ the module-level nextStep and advance read and move the same cursor the plan methods do (0.4778ms)
gateway-web	Run node city/test-all.mjs	2026-10-07T01:51:28.7240773Z ✔ nextStep returns the cursor step and skips the steps already complete (0.304ms)
gateway-web	Run node city/test-all.mjs	2026-10-07T01:51:28.7259858Z ✔ restorePlan restores the exact serialized steps and starts after the verified prefix (0.751ms)
gateway-web	Run node city/test-all.mjs	2026-10-07T01:51:28.7261240Z ✔ the cursor refuses to advance a step that is not the current one (0.1925ms)
gateway-web	Run node city/test-all.mjs	2026-10-07T01:51:28.7262432Z ✔ advance records the outcome and refuses a step that was already settled (0.1874ms)
gateway-web	Run node city/test-all.mjs	2026-10-07T01:51:28.7263469Z ✔ the completed history is bounded at twice the step budget (0.3019ms)
gateway-web	Run node city/test-all.mjs	2026-10-07T01:51:28.7264566Z ✔ an optional step may be recorded as failed without moving the cursor backwards (0.3844ms)
gateway-web	Run node city/test-all.mjs	2026-10-07T01:51:28.7266007Z ✔ a plan built from a goal with no discoverable command keeps only the steps that run no command and says why (0.1785ms)
gateway-web	Run node city/test-all.mjs	2026-10-07T01:51:28.7267871Z ✔ expectsMet judges a step outcome against the expectation it declares (0.1275ms)
gateway-web	Run node city/test-all.mjs	2026-10-07T01:51:28.7269385Z ✔ an unusable expects object is reported rather than silently ignored (0.2442ms)
gateway-web	Run node city/test-all.mjs	2026-10-07T01:51:28.7270916Z ✔ the plan kind vocabulary is closed and frozen (0.1588ms)
gateway-web	Run node city/test-all.mjs	2026-10-07T01:51:28.7285270Z ✔ an owner contains a stable process identity in addition to its PID (2.4451ms)
gateway-web	Run node city/test-all.mjs	2026-10-07T01:51:28.7291631Z ✔ a matching process-creation identity proves the owner is live (0.3934ms)
gateway-web	Run node city/test-all.mjs	2026-10-07T01:51:28.7292883Z ✔ a reused PID with a different process identity is stale, but an unknown probe stays unknown (0.1992ms)
gateway-web	Run node city/test-all.mjs	2026-10-07T01:51:28.7294464Z ✔ an unverified runtime-start fallback never becomes a false stale proof when an OS probe later succeeds (0.2673ms)
gateway-web	Run node city/test-all.mjs	2026-10-07T01:51:28.7295808Z ✔ a real command runs end to end through the real supervisor registry (166.6959ms)
gateway-web	Run node city/test-all.mjs	2026-10-07T01:51:28.7297085Z ✔ mutation intent is durably observed before the filesystem effect, then settled after it (7.0734ms)
gateway-web	Run node city/test-all.mjs	2026-10-07T01:51:28.7298416Z ✔ a failed pre-effect checkpoint blocks the write and leaves the target untouched (2.6693ms)
gateway-web	Run node city/test-all.mjs	2026-10-07T01:51:28.7299945Z ✔ a restored pending mutation is reconciled from disk without applying it again (3.0532ms)
gateway-web	Run node city/test-all.mjs	2026-10-07T01:51:28.7300978Z ✔ plan digests are canonical across object key order (2.0114ms)
gateway-web	Run node city/test-all.mjs	2026-10-07T01:51:28.7302229Z ✔ the supported recovery descriptor validates as a complete replay-safe envelope (0.9187ms)
gateway-web	Run node city/test-all.mjs	2026-10-07T01:51:28.7303319Z ✔ a plan edited after checkpointing fails the digest gate (0.3021ms)
gateway-web	Run node city/test-all.mjs	2026-10-07T01:51:28.7304232Z ✔ unsupported descriptor and plan versions fail closed (1.606ms)
gateway-web	Run node city/test-all.mjs	2026-10-07T01:51:28.7305343Z ✔ a cursor cannot move beyond the contiguous verified or intentionally skipped prefix (0.4685ms)
gateway-web	Run node city/test-all.mjs	2026-10-07T01:51:28.7306596Z ✔ an expired original deadline and an unknown lifecycle state are rejected (0.4582ms)
gateway-web	Run node city/test-all.mjs	2026-10-07T01:51:28.7307883Z ✔ cross-volume cleanup registrations are bound to episode, work volume, type and state (1.6135ms)
gateway-web	Run node city/test-all.mjs	2026-10-07T01:51:28.7309312Z ✔ autonomy authority: runtime default < contract override < explicit run option (3.0853ms)
gateway-web	Run node city/test-all.mjs	2026-10-07T01:51:28.7310977Z ✔ autonomy continues only with new evidence, and never past its own bounds (1.9317ms)
gateway-web	Run node city/test-all.mjs	2026-10-07T01:51:28.7312398Z ✔ scenario A: a failing unit test is reproduced, repaired and verified with fresh evidence (1140.5466ms)
gateway-web	Run node city/test-all.mjs	2026-10-07T01:51:28.7313874Z ✔ a repair that does not work is not retried blind, and the episode fails with evidence (1116.8311ms)
gateway-web	Run node city/test-all.mjs	2026-10-07T01:51:28.7315307Z ✔ scenario J: a nearly expired episode does not start new work and reports what it has (1118.2032ms)
gateway-web	Run node city/test-all.mjs	2026-10-07T01:51:28.7316599Z ✔ the package entry point runs one episode and returns the report (1089.5092ms)
gateway-web	Run node city/test-all.mjs	2026-10-07T01:51:28.7317870Z ✔ a run resolves the level command, appends the focus and goes through the supervisor (4.2845ms)
gateway-web	Run node city/test-all.mjs	2026-10-07T01:51:28.7319009Z ✔ a focus is not appended to a command that does not accept one (0.3962ms)
gateway-web	Run node city/test-all.mjs	2026-10-07T01:51:28.7320139Z ✔ a level with no discovered command reports the refusal instead of guessing one (0.5361ms)
gateway-web	Run node city/test-all.mjs	2026-10-07T01:51:28.7321295Z ✔ a non-zero exit is classified from the output and is not a success (3.3331ms)
gateway-web	Run node city/test-all.mjs	2026-10-07T01:51:28.7322195Z ✔ a timeout is a failure with the timeout class (0.7377ms)
gateway-web	Run node city/test-all.mjs	2026-10-07T01:51:28.7323057Z ✔ a killed process is not a success even when it exited zero (0.968ms)
gateway-web	Run node city/test-all.mjs	2026-10-07T01:51:28.7323845Z ✔ a signalled exit is not a success (0.4725ms)
gateway-web	Run node city/test-all.mjs	2026-10-07T01:51:28.7324689Z ✔ every run carries a timeout and truncates the output it retains (0.467ms)
gateway-web	Run node city/test-all.mjs	2026-10-07T01:51:28.7325662Z ✔ a refused start is reported as a failure rather than thrown (0.582ms)
gateway-web	Run node city/test-all.mjs	2026-10-07T01:51:28.7326617Z ✔ runLevels stops at the first level that breaks and names it (1.4912ms)
gateway-web	Run node city/test-all.mjs	2026-10-07T01:51:28.7327568Z ✔ satisfied() is false when the full level never ran (0.6702ms)
gateway-web	Run node city/test-all.mjs	2026-10-07T01:51:28.7328659Z ✔ satisfied() is true only with fresh passing evidence at every required level (0.6124ms)
gateway-web	Run node city/test-all.mjs	2026-10-07T01:51:28.7329875Z ✔ satisfied() is false when the full level evidence predates a mutation (0.819ms)
gateway-web	Run node city/test-all.mjs	2026-10-07T01:51:28.7331380Z ✔ satisfied() honours sinceAt and sinceMs against the clock (0.7087ms)
gateway-web	Run node city/test-all.mjs	2026-10-07T01:51:28.7332434Z ✔ invalidate marks the levels stale and makes the gate refuse (1.0405ms)
gateway-web	Run node city/test-all.mjs	2026-10-07T01:51:28.7333534Z ✔ noteMutation bounds freshness for a verifier that has no mutation log (0.3967ms)
gateway-web	Run node city/test-all.mjs	2026-10-07T01:51:28.7334658Z ✔ evidence() reports when each level last ran and whether it is fresh (0.3529ms)
gateway-web	Run node city/test-all.mjs	2026-10-07T01:51:28.7335684Z ✔ freshAt() with no level answers when anything was last verified (0.3802ms)
gateway-web	Run node city/test-all.mjs	2026-10-07T01:51:28.7336656Z ✔ parseTestSummary reads node --test TAP-ish output (0.2146ms)
gateway-web	Run node city/test-all.mjs	2026-10-07T01:51:28.7337494Z ✔ parseTestSummary reads Jest and Vitest output (0.4545ms)
gateway-web	Run node city/test-all.mjs	2026-10-07T01:51:28.7338820Z ✔ parseTestSummary reads pytest output (0.2854ms)
gateway-web	Run node city/test-all.mjs	2026-10-07T01:51:28.7340842Z ✔ parseTestSummary reads cargo test output (0.3389ms)
gateway-web	Run node city/test-all.mjs	2026-10-07T01:51:28.7341894Z ✔ parseTestSummary returns null for junk and never throws (0.1632ms)
gateway-web	Run node city/test-all.mjs	2026-10-07T01:51:28.7343306Z ✔ a workspace is locked while an episode runs, and never stolen from a live owner (9.9063ms)
gateway-web	Run node city/test-all.mjs	2026-10-07T01:51:28.7344474Z ✔ the §33.1 vocabulary is the donor's closed set of thirteen classes (3.9953ms)
gateway-web	Run node city/test-all.mjs	2026-10-07T01:51:28.7345437Z ✔ every failure class is selected by its own exact input (3.1256ms)
gateway-web	Run node city/test-all.mjs	2026-10-07T01:51:28.7346729Z ✔ an unknown-class input selects no pattern and the signals stay empty (0.3844ms)
gateway-web	Run node city/test-all.mjs	2026-10-07T01:51:28.7347760Z ✔ a non-zero exit with a runtime code but no prose is still classified (0.2611ms)
gateway-web	Run node city/test-all.mjs	2026-10-07T01:51:28.7348951Z ✔ a policy refusal is decided before any prose, even a retryable-looking one (0.4315ms)
gateway-web	Run node city/test-all.mjs	2026-10-07T01:51:28.7349981Z ✔ a policy refusal is also decided before a runtime code (0.3303ms)
gateway-web	Run node city/test-all.mjs	2026-10-07T01:51:28.7351524Z ✔ AUTH is decided before RATE_LIMIT when the output carries both (0.1476ms)
gateway-web	Run node city/test-all.mjs	2026-10-07T01:51:28.7352671Z ✔ PROVIDER_PAGE is decided before the generic BUILD wording in a provider log (0.1523ms)
gateway-web	Run node city/test-all.mjs	2026-10-07T01:51:28.7353890Z ✔ DEPENDENCY is decided before BUILD, but only when the host agrees the module is absent (0.4596ms)
gateway-web	Run node city/test-all.mjs	2026-10-07T01:51:28.7355089Z ✔ DEPENDENCY reports the verified missing modules in its signals (0.4488ms)
gateway-web	Run node city/test-all.mjs	2026-10-07T01:51:28.7356238Z ✔ ENVIRONMENT is decided before BUILD and before the generic test wording (0.2584ms)
gateway-web	Run node city/test-all.mjs	2026-10-07T01:51:28.7357469Z ✔ WORKSPACE is decided from the host fact, and requires() is what gates it (0.2147ms)
gateway-web	Run node city/test-all.mjs	2026-10-07T01:51:28.7358626Z ✔ THEME needs a diagnostic or an unknown gate, not the wording alone (0.1975ms)
gateway-web	Run node city/test-all.mjs	2026-10-07T01:51:28.7359721Z ✔ UI needs the visual fact or one of the three interface gates (0.1827ms)
gateway-web	Run node city/test-all.mjs	2026-10-07T01:51:28.7360740Z ✔ BUILD is decided before TEST when the output carries both (0.1647ms)
gateway-web	Run node city/test-all.mjs	2026-10-07T01:51:28.7361801Z ✔ BUILD is decided before TRANSIENT when a failed build times out (0.1182ms)
gateway-web	Run node city/test-all.mjs	2026-10-07T01:51:28.7362907Z ✔ TEST is decided before TRANSIENT when a failing test also times out (0.122ms)
gateway-web	Run node city/test-all.mjs	2026-10-07T01:51:28.7364218Z ✔ a gate with no recognisable signature is still evidence, and BENCHMARK is honestly UNKNOWN (0.266ms)
gateway-web	Run node city/test-all.mjs	2026-10-07T01:51:28.7365542Z ✔ the §33.2 recovery order is the donor's and ends at the Hard Blocker (0.1671ms)
gateway-web	Run node city/test-all.mjs	2026-10-07T01:51:28.7366504Z ✔ the theme ladder is the donor's three steps (0.1701ms)
gateway-web	Run node city/test-all.mjs	2026-10-07T01:51:28.7367522Z ✔ a plan lists every step with a reason and always ends at the Hard Blocker (0.4746ms)
gateway-web	Run node city/test-all.mjs	2026-10-07T01:51:28.7368853Z ✔ every class plans the donor's budgets, and only those steps are applicable (0.6199ms)
gateway-web	Run node city/test-all.mjs	2026-10-07T01:51:28.7370111Z ✔ a representative failure of each class offers the donor's first step (0.4232ms)
gateway-web	Run node city/test-all.mjs	2026-10-07T01:51:28.7377413Z ✔ inapplicable steps are listed with the donor's own reason (0.2054ms)
gateway-web	Run node city/test-all.mjs	2026-10-07T01:51:28.7378699Z ✔ a prohibited action goes straight to the Hard Blocker and forbids HNS (0.2008ms)
gateway-web	Run node city/test-all.mjs	2026-10-07T01:51:28.7379832Z ✔ an auth failure is handed to the Owner and cannot use HNS (0.1726ms)
gateway-web	Run node city/test-all.mjs	2026-10-07T01:51:28.7389200Z ✔ a workspace failure escalates the granted scope to the Owner (0.1504ms)
gateway-web	Run node city/test-all.mjs	2026-10-07T01:51:28.7390490Z ✔ only THEME and WORKSPACE and AUTH and TERMINAL carry requires_owner (0.2705ms)
gateway-web	Run node city/test-all.mjs	2026-10-07T01:51:28.7391961Z ✔ a theme failure carries the §33.2 theme ladder and its diagnostic (0.2269ms)
gateway-web	Run node city/test-all.mjs	2026-10-07T01:51:28.7393077Z ✔ a fresh plan offers its first step with the donor's attempt reason (0.2786ms)
gateway-web	Run node city/test-all.mjs	2026-10-07T01:51:28.7394193Z ✔ a step is re-offered until its budget is used, and not beyond (0.3765ms)
gateway-web	Run node city/test-all.mjs	2026-10-07T01:51:28.7395197Z ✔ a NOT_APPLICABLE attempt does not consume the budget (0.296ms)
gateway-web	Run node city/test-all.mjs	2026-10-07T01:51:28.7396235Z ✔ HNS is never offered while a cheaper applicable step has budget left (0.199ms)
gateway-web	Run node city/test-all.mjs	2026-10-07T01:51:28.7397384Z ✔ the BUILD ladder is consumed and then terminates at the Hard Blocker (0.3095ms)
gateway-web	Run node city/test-all.mjs	2026-10-07T01:51:28.7398681Z ✔ the DEPENDENCY ladder walks LOCAL_RECOVERY, ALTERNATE_INTERNAL_PATH, HNS, then blocks (0.2598ms)
gateway-web	Run node city/test-all.mjs	2026-10-07T01:51:28.7399954Z ✔ the RATE_LIMIT ladder is the donor's order with the donor's budgets (0.1463ms)
gateway-web	Run node city/test-all.mjs	2026-10-07T01:51:28.7401201Z ✔ a prohibited failure is immediately hard-blocked with the "no step applies" reason (0.1155ms)
gateway-web	Run node city/test-all.mjs	2026-10-07T01:51:28.7403847Z ✔ a TRANSIENT ladder exhausts at the native retry and its local repair (0.1554ms)
gateway-web	Run node city/test-all.mjs	2026-10-07T01:51:28.7405028Z ✔ the same observation yields an identical classification and plan (0.1974ms)
gateway-web	Run node city/test-all.mjs	2026-10-07T01:51:28.7406326Z ✔ classifying does not mutate the observation it was given (0.2076ms)
gateway-web	Run node city/test-all.mjs	2026-10-07T01:51:28.7407738Z ✔ planRecovery refuses a malformed or unknown failure class (0.6355ms)
gateway-web	Run node city/test-all.mjs	2026-10-07T01:51:28.7412523Z ✔ planRecovery does not mutate or upgrade the classification it was given (0.2434ms)
gateway-web	Run node city/test-all.mjs	2026-10-07T01:51:28.7413687Z ✔ the HNS role vocabulary is the donor's four roles (0.0982ms)
gateway-web	Run node city/test-all.mjs	2026-10-07T01:51:28.7414733Z ✔ a first fallback is allowed and always produces a CapabilityGap (0.3089ms)
gateway-web	Run node city/test-all.mjs	2026-10-07T01:51:28.7415937Z ✔ a fallback with no named missing capability is refused and still records the gap (1.0998ms)
gateway-web	Run node city/test-all.mjs	2026-10-07T01:51:28.7417040Z ✔ a prohibited action may not be delegated to HNS (0.2788ms)
gateway-web	Run node city/test-all.mjs	2026-10-07T01:51:28.7418098Z ✔ HNS stops being a crutch at the consecutive ceiling and the gap goes HIGH (0.2335ms)
gateway-web	Run node city/test-all.mjs	2026-10-07T01:51:28.7419296Z ✔ the gap severity rises with its frequency, and TERMINAL is always CRITICAL (0.3953ms)
gateway-web	Run node city/test-all.mjs	2026-10-07T01:51:28.7420503Z ✔ every usage is recorded with its gap, and a gapless or unknown role is refused (0.4039ms)
gateway-web	Run node city/test-all.mjs	2026-10-07T01:51:28.7421677Z ✔ the failure vocabulary and its action policy are closed and complete (3.363ms)
gateway-web	Run node city/test-all.mjs	2026-10-07T01:51:28.7423055Z ✔ classification follows the donor order: timeout flag, then typed code, then patterns, then unknown (2.3684ms)
gateway-web	Run node city/test-all.mjs	2026-10-07T01:51:28.7424499Z ✔ the pattern table keeps the donor order, so an ambiguous message resolves the donor way (0.3056ms)
gateway-web	Run node city/test-all.mjs	2026-10-07T01:51:28.7425826Z ✔ the failure signature ignores what changes between two runs of the same failure (0.4161ms)
gateway-web	Run node city/test-all.mjs	2026-10-07T01:51:28.7427056Z ✔ the repair tracker refuses a blind retry and a repeated hypothesis (1.5405ms)
gateway-web	Run node city/test-all.mjs	2026-10-07T01:51:28.7430139Z ﹣ the failure module agrees with the donor module field by field (0.1498ms) # donor checkout absent; fetch DS-Hns @ eeb57ca5 into .runtime/evidence/mission-book/MB-004/donor-hns to run the differential check
gateway-web	Run node city/test-all.mjs	2026-10-07T01:51:28.7432066Z ✔ the step vocabulary is closed and every kind is fully described (0.4136ms)
gateway-web	Run node city/test-all.mjs	2026-10-07T01:51:28.7433273Z ✔ templates keep the donor order, and a repair always shows the failure first (0.8749ms)
gateway-web	Run node city/test-all.mjs	2026-10-07T01:51:28.7434795Z ✔ a step outside the vocabulary is refused, and a command-bearing step with no command names what it needed (0.6341ms)
gateway-web	Run node city/test-all.mjs	2026-10-07T01:51:28.7436078Z ✔ an unusable expects falls back to the exit code and says so (0.8675ms)
gateway-web	Run node city/test-all.mjs	2026-10-07T01:51:28.7437253Z ✔ expects evaluation treats a reproduce step as the one whose success is a failure (0.5183ms)
gateway-web	Run node city/test-all.mjs	2026-10-07T01:51:28.7438360Z ✔ the cursor only moves forward, one step at a time (1.2701ms)
gateway-web	Run node city/test-all.mjs	2026-10-07T01:51:28.7439291Z ✔ the plan is bounded and every dropped step is explained (0.4828ms)
gateway-web	Run node city/test-all.mjs	2026-10-07T01:51:28.7440501Z ✔ a repair that could not build its reproduce step records the missing regression evidence (0.3642ms)
gateway-web	Run node city/test-all.mjs	2026-10-07T01:51:28.7441950Z ✔ an explicit contract plan always wins, and its missing reproduce step is recorded not corrected (0.3878ms)
gateway-web	Run node city/test-all.mjs	2026-10-07T01:51:28.7443202Z ✔ a step may not outlive the episode deadline it was clamped to (0.3764ms)
gateway-web	Run node city/test-all.mjs	2026-10-07T01:51:28.7444291Z ✔ an optional step may be skipped, and a non-optional one may not (0.4593ms)
gateway-web	Run node city/test-all.mjs	2026-10-07T01:51:28.7445440Z ✔ restorePlan refuses a cursor that skips a step without verified evidence (0.9688ms)
gateway-web	Run node city/test-all.mjs	2026-10-07T01:51:28.7446556Z ✔ command splitting respects quoting and argument inheritance (0.5057ms)
gateway-web	Run node city/test-all.mjs	2026-10-07T01:51:28.7447776Z ✔ a focus is appended to the operation it belongs to, and only to the steps that take one (0.2152ms)
gateway-web	Run node city/test-all.mjs	2026-10-07T01:51:28.7451368Z ﹣ the discovery module agrees with the donor module field by field (0.0603ms) # donor checkout absent; fetch DS-Hns @ eeb57ca5 into .runtime/evidence/mission-book/MB-004/donor-hns to run the differential check
gateway-web	Run node city/test-all.mjs	2026-10-07T01:51:28.7455202Z ✔ the plan digest is a sha256 of the canonical plan and is stable under key order (2.9163ms)
gateway-web	Run node city/test-all.mjs	2026-10-07T01:51:28.7456436Z ✔ the plan digest is sensitive to every part of the plan it covers (0.5594ms)
gateway-web	Run node city/test-all.mjs	2026-10-07T01:51:28.7457686Z ✔ a valid recovery descriptor returns a deep copy with the lifecycle state defaulted (2.8221ms)
gateway-web	Run node city/test-all.mjs	2026-10-07T01:51:28.7459201Z ✔ every structural refusal of the recovery descriptor is a closed code (6.4639ms)
gateway-web	Run node city/test-all.mjs	2026-10-07T01:51:28.7460480Z ✔ the cursor must sit exactly after its contiguous verified or optional-skipped prefix (0.8587ms)
gateway-web	Run node city/test-all.mjs	2026-10-07T01:51:28.7462027Z ✔ the descriptor episode id must match the checkpoint that carries it, and the executor must match the run (0.3331ms)
gateway-web	Run node city/test-all.mjs	2026-10-07T01:51:28.7464453Z ✔ the cleanup terminal state is only legal on an active or cleanup-blocked episode (0.4912ms)
gateway-web	Run node city/test-all.mjs	2026-10-07T01:51:28.7466008Z ✔ cross-volume registrations are bound to the episode, work volume, type, state and unique canonical path (3.1172ms)
gateway-web	Run node city/test-all.mjs	2026-10-07T01:51:28.7472137Z ✔ a checkpoint is written whole or not at all, and a killed writer leaves nothing readable (10.6153ms)
gateway-web	Run node city/test-all.mjs	2026-10-07T01:51:28.7473654Z ✔ the default checkpoint directory hangs off the root option and keeps five files (1.3011ms)
gateway-web	Run node city/test-all.mjs	2026-10-07T01:51:28.7475069Z ✔ retention keeps the newest recovery sequences per episode and prune is idempotent (29.8124ms)
gateway-web	Run node city/test-all.mjs	2026-10-07T01:51:28.7477022Z ✔ the newest recovery sequence wins even after the wall clock moves backwards (8.7581ms)
gateway-web	Run node city/test-all.mjs	2026-10-07T01:51:28.7478397Z ✔ a checkpoint write refuses a descriptor that fails validation and stays off disk (1.024ms)
gateway-web	Run node city/test-all.mjs	2026-10-07T01:51:28.7479682Z ✔ a checkpoint round-trips through disk and remove() clears one episode only (18.7752ms)
gateway-web	Run node city/test-all.mjs	2026-10-07T01:51:28.7482153Z ✔ verifyResume is a read-only gate: it resumes, restarts or refuses and changes nothing (202.6104ms)
gateway-web	Run node city/test-all.mjs	2026-10-07T01:51:28.7483679Z ✔ verifyResume distinguishes a working tree that moved from a plan that no longer means anything (114.0309ms)
gateway-web	Run node city/test-all.mjs	2026-10-07T01:51:28.7485988Z ✔ verifyResume re-checks unsettled mutations against disk and never replays them (209.4285ms)
gateway-web	Run node city/test-all.mjs	2026-10-07T01:51:28.7487441Z ✔ verifyResume reports missing owned processes and never turns "cannot tell" into a restart (166.2902ms)
gateway-web	Run node city/test-all.mjs	2026-10-07T01:51:28.7490130Z ✔ the recovery index records a checkpoint, refuses regression and refuses a duplicate sequence (19.0207ms)
gateway-web	Run node city/test-all.mjs	2026-10-07T01:51:28.7493773Z ✔ the recovery index refuses a missing, foreign, symlinked or incompatible checkpoint (10.4479ms)
gateway-web	Run node city/test-all.mjs	2026-10-07T01:51:28.7495296Z ✔ a path-safety refusal needs no live index, and a symlinked checkpoint is refused (3.7594ms)
gateway-web	Run node city/test-all.mjs	2026-10-07T01:51:28.7496742Z ✔ reconcileIndex rebuilds the index, blocks duplicates and keeps a valid descriptor diagnostic (18.487ms)
gateway-web	Run node city/test-all.mjs	2026-10-07T01:51:28.7498302Z ✔ reconcileIndex blocks duplicate files claiming one sequence and preserves terminal states (19.1477ms)
gateway-web	Run node city/test-all.mjs	2026-10-07T01:51:28.7500082Z ✔ a terminal episode cannot be re-activated by a checkpoint write, and only a repair-authorized newer checkpoint clears a block (24.9877ms)
gateway-web	Run node city/test-all.mjs	2026-10-07T01:51:28.7503077Z ✔ automatic recovery attempts are bounded and exhausted attempts persist the block (13.6503ms)
gateway-web	Run node city/test-all.mjs	2026-10-07T01:51:28.7504542Z ✔ a live owner blocks a second claim, and a stale owner is replaced only with identity proof (21.2315ms)
gateway-web	Run node city/test-all.mjs	2026-10-07T01:51:28.7505855Z ✔ a corrupt claim blocks automatic recovery instead of being overwritten (10.9332ms)
gateway-web	Run node city/test-all.mjs	2026-10-07T01:51:28.7507191Z ✔ a workspace lock excludes a second writer, reports staleness and never steals a live lock (9.7832ms)
gateway-web	Run node city/test-all.mjs	2026-10-07T01:51:28.7508547Z ✔ a dead owner is reported stale and reclaimed only when the caller passes stealStale (4.5517ms)
gateway-web	Run node city/test-all.mjs	2026-10-07T01:51:28.7509747Z ✔ a disabled lock and an unheld heartbeat are the only quiet paths (1.2275ms)
gateway-web	Run node city/test-all.mjs	2026-10-07T01:51:28.7510901Z ✔ mutation intent is durably observed before the effect and settled after it (3.4636ms)
gateway-web	Run node city/test-all.mjs	2026-10-07T01:51:28.7512567Z ✔ a failed pre-effect journal blocks the write and a post-effect journal failure is only a warning (2.9796ms)
gateway-web	Run node city/test-all.mjs	2026-10-07T01:51:28.7515126Z ✔ a content-hash mismatch is detected and a conflicting file is never overwritten on resume (2.4577ms)
gateway-web	Run node city/test-all.mjs	2026-10-07T01:51:28.7516848Z ✔ a restored pending mutation is reconciled from disk without being applied again, and a malformed journal is refused (3.1509ms)
gateway-web	Run node city/test-all.mjs	2026-10-07T01:51:28.7518630Z ✔ a mutation may not escape the workspace or touch a file the user had already changed (4.6652ms)
gateway-web	Run node city/test-all.mjs	2026-10-07T01:51:28.7519964Z ✔ move, mkdir, delete, ring bounding and the changed-file manifest behave as recorded (6.5069ms)
gateway-web	Run node city/test-all.mjs	2026-10-07T01:51:28.7521261Z ✔ the workspace is explicit and unverifiable paths are refused, never guessed (100.1176ms)
gateway-web	Run node city/test-all.mjs	2026-10-07T01:51:28.7522795Z ✔ a fingerprint detects drift under the same HEAD and names each reason once (10.9163ms)
gateway-web	Run node city/test-all.mjs	2026-10-07T01:51:28.7524560Z ✔ the snapshot reads the project surface, and git absence is a reported fact (63.7977ms)
gateway-web	Run node city/test-all.mjs	2026-10-07T01:51:28.7526140Z ✔ porcelain parsing keeps renamed targets, conflicts and both change sides (0.4708ms)
gateway-web	Run node city/test-all.mjs	2026-10-07T01:51:28.7533974Z ✔ the repository hashes the same content the same way and reads a bounded file (2.5148ms)
gateway-web	Run node city/test-all.mjs	2026-10-07T01:51:28.7535095Z ✔ an owner carries a process identity alongside its PID (972.2223ms)
gateway-web	Run node city/test-all.mjs	2026-10-07T01:51:28.7536512Z ✔ a matching creation identity proves the owner live, a different one is stale and an unknown probe stays unknown (0.4106ms)
gateway-web	Run node city/test-all.mjs	2026-10-07T01:51:28.7538129Z ✔ the OS creation-identity probe answers known=false on a non-Windows host and for an invalid PID (433.7354ms)
gateway-web	Run node city/test-all.mjs	2026-10-07T01:51:44.6364876Z ✔ the episode lifecycle: verify, discover, plan, patch, verify, COMPLETED (1081.4124ms)
gateway-web	Run node city/test-all.mjs	2026-10-07T01:51:44.6366158Z ✔ a repair that does not work is not retried blind, and the episode fails with evidence (1088.9789ms)
gateway-web	Run node city/test-all.mjs	2026-10-07T01:51:44.6367681Z ✔ a caller may cancel the episode at a step boundary, and it reports CANCELLED (1149.7693ms)
gateway-web	Run node city/test-all.mjs	2026-10-07T01:51:44.6371195Z ✔ a transient failure is not retried blind: the attempt is recorded first, so the loop blocks (1547.8776ms)
gateway-web	Run node city/test-all.mjs	2026-10-07T01:51:44.6373109Z ✔ a filesystem failure blocks rather than looping (1575.8975ms)
gateway-web	Run node city/test-all.mjs	2026-10-07T01:51:44.6377242Z ✔ a resource ceiling (degrade) blocks rather than looping, as a reconnect does (2222.4126ms)
gateway-web	Run node city/test-all.mjs	2026-10-07T01:51:44.6380021Z ✔ the documented repair tracker is what makes the retry arm unreachable (donor defect) (0.6699ms)
gateway-web	Run node city/test-all.mjs	2026-10-07T01:51:44.6384585Z ✔ a repair already ruled blind stalls instead of repeating the same patch (1083.8603ms)
gateway-web	Run node city/test-all.mjs	2026-10-07T01:51:44.6386959Z ✔ the repair budget is spent -> a stall, not another round (1100.3145ms)
gateway-web	Run node city/test-all.mjs	2026-10-07T01:51:44.6388782Z ✔ the deadline bands gate new work: a nearly expired episode verifies and reports (1036.5826ms)
gateway-web	Run node city/test-all.mjs	2026-10-07T01:51:44.6392545Z ✔ the episode budget defaults match the donor exactly (0.3971ms)
gateway-web	Run node city/test-all.mjs	2026-10-07T01:51:44.6396031Z ✔ the module surface the rest of the runtime imports is exactly the donor's (1.1132ms)
gateway-web	Run node city/test-all.mjs	2026-10-07T01:51:44.6400133Z ✔ the donor constants the port must not drift from (1.0003ms)
gateway-web	Run node city/test-all.mjs	2026-10-07T01:51:44.6404338Z ✔ a repair is proven before it is patched: reproduce precedes patch end to end (1119.2331ms)
gateway-web	Run node city/test-all.mjs	2026-10-07T01:51:44.6408096Z ✔ a killed process is never a success, even when it exited zero (1076.3135ms)
gateway-web	Run node city/test-all.mjs	2026-10-07T01:51:44.6411714Z ✔ a timed-out process is a failure with the timeout class, never a success (1049.879ms)
gateway-web	Run node city/test-all.mjs	2026-10-07T01:51:44.6414936Z ✔ the completion gate refuses: the required tests, the unresolved failure, the build, the lint (4150.846ms)
gateway-web	Run node city/test-all.mjs	2026-10-07T01:51:44.6418405Z ✔ the completion gate refuses a workspace that is no longer the one it was given (361.1267ms)
gateway-web	Run node city/test-all.mjs	2026-10-07T01:51:44.6424327Z ✔ the lock is not stolen from a live owner (447.5331ms)
gateway-web	Run node city/test-all.mjs	2026-10-07T01:51:44.6427420Z ✔ the user's uncommitted work is never overwritten (861.3061ms)
gateway-web	Run node city/test-all.mjs	2026-10-07T01:51:44.6432046Z ✔ a workspace that does not exist is BLOCKED, and is not conjured into being by the lock (1.7155ms)
gateway-web	Run node city/test-all.mjs	2026-10-07T01:51:44.6435782Z ✔ the episode checkpoints its plan, its cursor and its phase as it walks (812.2431ms)
gateway-web	Run node city/test-all.mjs	2026-10-07T01:51:44.6439287Z ✔ the public entry point is the same loop, and builds the same supervisor (315.1607ms)
gateway-web	Run node city/test-all.mjs	2026-10-07T01:51:44.6637295Z ✔ the ladder is frozen, ordered weakest first, and every level is recognised (5.3353ms)
gateway-web	Run node city/test-all.mjs	2026-10-07T01:51:44.6640110Z ✔ commandFor answers which command a level would run without running it (1.0034ms)
gateway-web	Run node city/test-all.mjs	2026-10-07T01:51:44.6641010Z ✔ a level with no focused command falls back to the broader test command (1.5198ms)
gateway-web	Run node city/test-all.mjs	2026-10-07T01:51:44.6642258Z ✔ a run resolves the level command, appends the focus and goes through the supervisor (0.9017ms)
gateway-web	Run node city/test-all.mjs	2026-10-07T01:51:44.6643418Z ✔ a focus is not appended to a command that does not accept one (0.4825ms)
gateway-web	Run node city/test-all.mjs	2026-10-07T01:51:44.6644524Z ✔ a focusedTest command accepts a focus even when it does not declare one (0.3959ms)
gateway-web	Run node city/test-all.mjs	2026-10-07T01:51:44.6645582Z ✔ a declared command keeps its own arguments and its own cwd (2.2601ms)
gateway-web	Run node city/test-all.mjs	2026-10-07T01:51:44.6646718Z ✔ a level with no discovered command reports the refusal instead of guessing one (0.574ms)
gateway-web	Run node city/test-all.mjs	2026-10-07T01:51:44.6648006Z ✔ an unknown level and an empty command are refusals that are still recorded (1.0204ms)
gateway-web	Run node city/test-all.mjs	2026-10-07T01:51:44.6649188Z ✔ a non-zero exit is classified from the output and is not a success (3.2615ms)
gateway-web	Run node city/test-all.mjs	2026-10-07T01:51:44.6650203Z ✔ a timeout is a failure with the timeout class (0.721ms)
gateway-web	Run node city/test-all.mjs	2026-10-07T01:51:44.6651104Z ✔ a killed process is not a success even when it exited zero (0.9953ms)
gateway-web	Run node city/test-all.mjs	2026-10-07T01:51:44.6651903Z ✔ a signalled exit is not a success (0.4792ms)
gateway-web	Run node city/test-all.mjs	2026-10-07T01:51:44.6653115Z ✔ a successful run is never left without a reason slot: ok runs carry reason null and failure null (0.2813ms)
gateway-web	Run node city/test-all.mjs	2026-10-07T01:51:44.6654415Z ✔ every run carries a timeout and truncates the output it retains (0.4754ms)
gateway-web	Run node city/test-all.mjs	2026-10-07T01:51:44.6655488Z ✔ a refused start is reported as a failure rather than thrown (0.5115ms)
gateway-web	Run node city/test-all.mjs	2026-10-07T01:51:44.6656936Z ✔ a supervisor that starts nothing, or cannot be awaited, is a failure and not a crash (0.5371ms)
gateway-web	Run node city/test-all.mjs	2026-10-07T01:51:44.6658165Z ✔ the waiter wins over the start record for exit code, signal and duration (0.3435ms)
gateway-web	Run node city/test-all.mjs	2026-10-07T01:51:44.6659432Z ✔ an entry record is used when the waiter is silent, including stdout+stderr concatenation (0.3717ms)
gateway-web	Run node city/test-all.mjs	2026-10-07T01:51:44.6660620Z ✔ runLevels stops at the first level that breaks and names it (0.772ms)
gateway-web	Run node city/test-all.mjs	2026-10-07T01:51:44.6661743Z ✔ runLevels with no argument climbs the levels this verifier requires (0.7422ms)
gateway-web	Run node city/test-all.mjs	2026-10-07T01:51:44.6662784Z ✔ satisfied() is false when the full level never ran (0.5205ms)
gateway-web	Run node city/test-all.mjs	2026-10-07T01:51:44.6663849Z ✔ satisfied() is true only with fresh passing evidence at every required level (0.5814ms)
gateway-web	Run node city/test-all.mjs	2026-10-07T01:51:44.6664941Z ✔ satisfied() refuses a level that ran and did not pass (0.2943ms)
gateway-web	Run node city/test-all.mjs	2026-10-07T01:51:44.6666042Z ✔ satisfied() is false when the full level evidence predates a mutation (0.8515ms)
gateway-web	Run node city/test-all.mjs	2026-10-07T01:51:44.6667209Z ✔ satisfied() honours sinceAt and sinceMs against the clock (0.7021ms)
gateway-web	Run node city/test-all.mjs	2026-10-07T01:51:44.6668445Z ✔ satisfied() with an explicit level set answers only for those levels (0.2241ms)
gateway-web	Run node city/test-all.mjs	2026-10-07T01:51:44.6669639Z ✔ invalidate marks the levels stale and makes the gate refuse (1.0276ms)
gateway-web	Run node city/test-all.mjs	2026-10-07T01:51:44.6670720Z ✔ invalidate drops only the evidence at or before its own timestamp (0.369ms)
gateway-web	Run node city/test-all.mjs	2026-10-07T01:51:44.6671759Z ✔ noteMutation bounds freshness for a verifier that has no mutation log (0.3419ms)
gateway-web	Run node city/test-all.mjs	2026-10-07T01:51:44.6672616Z ✔ noteMutation keeps the newest time and counts every note (0.2289ms)
gateway-web	Run node city/test-all.mjs	2026-10-07T01:51:44.6673666Z ✔ evidence() reports when each level last ran and whether it is fresh (0.3435ms)
gateway-web	Run node city/test-all.mjs	2026-10-07T01:51:44.6674732Z ✔ freshAt() with no level answers when anything was last verified (0.3827ms)
gateway-web	Run node city/test-all.mjs	2026-10-07T01:51:44.6675792Z ✔ freshAt(level) refuses a level that never ran, failed, or aged out (0.2685ms)
gateway-web	Run node city/test-all.mjs	2026-10-07T01:51:44.6677234Z ✔ setDiscovery points the verifier at a new command table without rebuilding it (0.2682ms)
gateway-web	Run node city/test-all.mjs	2026-10-07T01:51:44.6678416Z ✔ the audit trail is bounded and every recorded run has the same shape (0.4959ms)
gateway-web	Run node city/test-all.mjs	2026-10-07T01:51:44.6679864Z ✔ createVerifier refuses to exist without a supervisor or a workspace (0.7766ms)
gateway-web	Run node city/test-all.mjs	2026-10-07T01:51:44.6681204Z ✔ the workspace and required levels are exposed without letting a caller mutate them (0.2155ms)
gateway-web	Run node city/test-all.mjs	2026-10-07T01:51:44.6682637Z ✔ the default truncation seam resolves the sibling checkpoint module and bounds real output (7.6342ms)
gateway-web	Run node city/test-all.mjs	2026-10-07T01:51:44.6684162Z ✔ parseTestSummary reads node --test TAP-ish output (0.1847ms)
gateway-web	Run node city/test-all.mjs	2026-10-07T01:51:44.6685019Z ✔ parseTestSummary reads Jest and Vitest output (0.5408ms)
gateway-web	Run node city/test-all.mjs	2026-10-07T01:51:44.6685779Z ✔ parseTestSummary reads pytest output (0.3221ms)
gateway-web	Run node city/test-all.mjs	2026-10-07T01:51:44.6686537Z ✔ parseTestSummary reads cargo test output (0.3552ms)
gateway-web	Run node city/test-all.mjs	2026-10-07T01:51:44.6687414Z ✔ parseTestSummary returns null for junk and never throws (0.3195ms)
gateway-web	Run node city/test-all.mjs	2026-10-07T01:51:44.6688402Z ✔ a summary field that is absent stays null and is never guessed at zero (0.4024ms)
gateway-web	Run node city/test-all.mjs	2026-10-07T01:51:44.6689569Z ✔ pytest reports at least one failure when the run failed without naming a count (0.1703ms)
gateway-web	Run node city/test-all.mjs	2026-10-07T01:51:44.6691768Z ✔ cargo reports at least one failure when the summary says FAILED but the count is elsewhere (0.1535ms)
gateway-web	Run node city/test-all.mjs	2026-10-07T01:51:44.6694261Z ✔ a Jest line that names no recognised clause is not a summary at all (0.1374ms)
gateway-web	Run node city/test-all.mjs	2026-10-07T01:51:44.6697103Z ✔ the summary parsers can be called on their own and each refuses foreign output (0.7049ms)
gateway-web	Run node city/test-all.mjs	2026-10-07T01:51:44.6699153Z ✔ splitCommand keeps a quoted argument together (0.2574ms)
gateway-web	Run node city/test-all.mjs	2026-10-07T01:51:44.6700813Z ✔ the refusal vocabulary is frozen and carries the donor's exact nine reasons (0.1678ms)
gateway-web	Run node city/test-all.mjs	2026-10-07T01:51:44.6702332Z ✔ an episode that meets every gate is COMPLETED with no reasons (1.0508ms)
gateway-web	Run node city/test-all.mjs	2026-10-07T01:51:44.6703474Z ✔ gate 1 — unsatisfied criteria refuse with the criteria reason (0.3226ms)
gateway-web	Run node city/test-all.mjs	2026-10-07T01:51:44.6704701Z ✔ gate 1 — an unknown criterion is not a satisfied one, even when satisfied is true (0.2766ms)
gateway-web	Run node city/test-all.mjs	2026-10-07T01:51:44.6705975Z ✔ gate 1 — a missing criteria evaluation is a refusal, not an assumption (0.2323ms)
gateway-web	Run node city/test-all.mjs	2026-10-07T01:51:44.6707143Z ✔ gate 2 — a required level that never ran refuses with its name (0.2513ms)
gateway-web	Run node city/test-all.mjs	2026-10-07T01:51:44.6708228Z ✔ gate 2 — a required level that ran and failed refuses with its name (0.242ms)
gateway-web	Run node city/test-all.mjs	2026-10-07T01:51:44.6709459Z ✔ gate 2 — a contract that declares its own levels is believed over the default (0.3577ms)
gateway-web	Run node city/test-all.mjs	2026-10-07T01:51:44.6710797Z ✔ gate 2 — the donor's "no test level" escape hatch is unreachable, and that is preserved (0.6038ms)
gateway-web	Run node city/test-all.mjs	2026-10-07T01:51:44.6712006Z ✔ gate 2 — requiredTestLevels mirrors the contract declaration (0.2153ms)
gateway-web	Run node city/test-all.mjs	2026-10-07T01:51:44.6713349Z ✔ gate 3 — evidence older than the last change is not fresh (0.2248ms)
gateway-web	Run node city/test-all.mjs	2026-10-07T01:51:44.6714681Z ✔ gate 3 — evidence at or after the last change is fresh, and a level without a timestamp is not judged (0.1804ms)
gateway-web	Run node city/test-all.mjs	2026-10-07T01:51:44.6715974Z ✔ gate 3 — a freshness window expires evidence against the clock (0.2902ms)
gateway-web	Run node city/test-all.mjs	2026-10-07T01:51:44.6717187Z ✔ gate 3 — the window is not consulted at all when there is no last-change timestamp (0.1661ms)
gateway-web	Run node city/test-all.mjs	2026-10-07T01:51:44.6718654Z ✔ gate 4 — a required build that did not run or pass refuses, and both spellings of the flag work (0.3777ms)
gateway-web	Run node city/test-all.mjs	2026-10-07T01:51:44.6720139Z ✔ gate 5 — a required lint that did not run or pass refuses, and both spellings of the flag work (0.2627ms)
gateway-web	Run node city/test-all.mjs	2026-10-07T01:51:44.6721555Z ✔ gate 6 — an unresolved critical failure refuses and only the first ten are carried (0.2972ms)
gateway-web	Run node city/test-all.mjs	2026-10-07T01:51:44.6722867Z ✔ gate 6 — the gate judges the list it is handed, and the caller does the filtering (0.3362ms)
gateway-web	Run node city/test-all.mjs	2026-10-07T01:51:44.6724040Z ✔ unresolvedFailures keeps exactly the donor's critical classes (0.3269ms)
gateway-web	Run node city/test-all.mjs	2026-10-07T01:51:44.6725190Z ✔ gate 7 — a workspace that is no longer valid refuses with its own reason (0.337ms)
gateway-web	Run node city/test-all.mjs	2026-10-07T01:51:44.6726427Z ✔ gate 7 — a workspace check is only made when one is supplied, and ok:true passes (0.2031ms)
gateway-web	Run node city/test-all.mjs	2026-10-07T01:51:44.6727608Z ✔ gate 8 — a leak count above zero refuses and names the offenders (0.2807ms)
gateway-web	Run node city/test-all.mjs	2026-10-07T01:51:44.6729048Z ✔ gate 9 — an episode that verified nothing is not a completed episode (0.1823ms)
gateway-web	Run node city/test-all.mjs	2026-10-07T01:51:44.6730191Z ✔ gate 9 — a command history alone is enough to have run something (0.1351ms)
gateway-web	Run node city/test-all.mjs	2026-10-07T01:51:44.6731268Z ✔ every refusal is reported at once, in the donor's gate order (0.2223ms)
gateway-web	Run node city/test-all.mjs	2026-10-07T01:51:44.6734613Z ✔ the durable verdict is deterministic for the same input and clock (0.1987ms)
gateway-web	Run node city/test-all.mjs	2026-10-07T01:51:44.6736763Z ✔ the durable verdict has a stable shape whether it completes or refuses (0.2104ms)
gateway-web	Run node city/test-all.mjs	2026-10-07T01:51:44.6738004Z ✔ collectLeaks asks each component and reports counts, not verdicts (0.456ms)
gateway-web	Run node city/test-all.mjs	2026-10-07T01:51:44.6739746Z ✔ workspaceStillValid asks the filesystem, and a missing root is a refusal with the real error (1.6535ms)
gateway-web	Run node city/test-all.mjs	2026-10-07T01:51:44.6741920Z ✔ the forbidden list and the default policy are frozen with the donor's contents (0.1942ms)
gateway-web	Run node city/test-all.mjs	2026-10-07T01:51:44.6744054Z ✔ every destructive command is refused before it reaches the shell (290.8876ms)
gateway-web	Run node city/test-all.mjs	2026-10-07T01:51:44.6745776Z ✔ an allowed verb is executed and answers with the real exit code (402.1463ms)
gateway-web	Run node city/test-all.mjs	2026-10-07T01:51:44.6746961Z ✔ status separates untracked, staged, modified and conflicted files (1428.1242ms)
gateway-web	Run node city/test-all.mjs	2026-10-07T01:51:44.6748145Z ✔ status reports the failure instead of pretending the tree is clean (65.7825ms)
gateway-web	Run node city/test-all.mjs	2026-10-07T01:51:44.6749296Z ✔ head reports the branch, the sha and whether HEAD is detached (1117.2811ms)
gateway-web	Run node city/test-all.mjs	2026-10-07T01:51:44.6750326Z ✔ diff is bounded and the staged diff is the cached one (1077.1111ms)
gateway-web	Run node city/test-all.mjs	2026-10-07T01:51:44.6751360Z ✔ stage takes explicit paths only, and refuses an empty list (776.5907ms)
gateway-web	Run node city/test-all.mjs	2026-10-07T01:51:44.6753020Z ✔ commit refuses by default, refuses without a message, and works only when the contract allows it (1236.0237ms)
gateway-web	Run node city/test-all.mjs	2026-10-07T01:51:44.6754483Z ✔ a commit with nothing staged fails on git's own refusal, not on a rewritten one (706.1468ms)
gateway-web	Run node city/test-all.mjs	2026-10-07T01:51:44.6755683Z ✔ push and merge are refused unless the contract says otherwise (339.2883ms)
gateway-web	Run node city/test-all.mjs	2026-10-07T01:51:44.6756796Z ✔ drift names exactly what moved since the baseline (1655.3684ms)
gateway-web	Run node city/test-all.mjs	2026-10-07T01:51:44.6757830Z ✔ the command history is bounded to the last two hundred entries (11193.8414ms)
gateway-web	Run node city/test-all.mjs	2026-10-07T01:51:44.6758794Z ✔ the exported vocabularies are the donor's (0.1924ms)
gateway-web	Run node city/test-all.mjs	2026-10-07T01:51:44.6759747Z ✔ an incomplete registry identity is refused at construction (3.6127ms)
gateway-web	Run node city/test-all.mjs	2026-10-07T01:51:44.6760951Z ✔ a registry that failed to initialize refuses every operation with the same error (1.4707ms)
gateway-web	Run node city/test-all.mjs	2026-10-07T01:51:44.6762495Z ✔ a scratch path on the work volume is not cross-volume material, and the path is judged before the purpose (1.6416ms)
gateway-web	Run node city/test-all.mjs	2026-10-07T01:51:44.6763737Z ✔ cleanup is a no-op until the episode is terminal (1.3402ms)
gateway-web	Run node city/test-all.mjs	2026-10-07T01:51:44.6764768Z ✔ a cleaned registry with nothing registered proves an empty cleanup (1.1615ms)
gateway-web	Run node city/test-all.mjs	2026-10-07T01:51:44.6765908Z ✔ retrying cleanup debt is the terminal cleanup under its own reason (1.1619ms)
gateway-web	Run node city/test-all.mjs	2026-10-07T01:51:44.6767264Z ✔ a restored registration is validated against the episode, the work root and its own type (9.1613ms)
gateway-web	Run node city/test-all.mjs	2026-10-07T01:51:44.6768670Z ✔ the registry deep-copies what it hands out, so a caller cannot edit its own ledger (0.8089ms)
gateway-web	Run node city/test-all.mjs	2026-10-07T01:51:44.6770301Z ✔ §41 CR-01 a compiler failure parses into a step, a diagnostic and an exit code (1.2796ms)
gateway-web	Run node city/test-all.mjs	2026-10-07T01:51:44.6771636Z ✔ §41 CR-02 a test failure parses into the failing test name and keeps the assertion (0.2439ms)
gateway-web	Run node city/test-all.mjs	2026-10-07T01:51:44.6772758Z ✔ the exit-code wrapper is never mistaken for an assertion (0.3537ms)
gateway-web	Run node city/test-all.mjs	2026-10-07T01:51:44.6773899Z ✔ a second assertion for the same test becomes an annotation, not an overwrite (0.2229ms)
gateway-web	Run node city/test-all.mjs	2026-10-07T01:51:44.6774989Z ✔ an assertion with no pending test is an annotation (0.2195ms)
gateway-web	Run node city/test-all.mjs	2026-10-07T01:51:44.6775835Z ✔ the alternate diagnostic form is read too (0.1912ms)
gateway-web	Run node city/test-all.mjs	2026-10-07T01:51:44.6776736Z ✔ commands are de-duplicated and ANSI colour is stripped (0.2137ms)
gateway-web	Run node city/test-all.mjs	2026-10-07T01:51:44.6777718Z ✔ the annotation list is capped at twenty exit-code lines (0.2523ms)
gateway-web	Run node city/test-all.mjs	2026-10-07T01:51:44.6779344Z ✔ the twenty-line cap does not apply to assertion lines, and the donor does not pretend it does (0.201ms)
gateway-web	Run node city/test-all.mjs	2026-10-07T01:51:44.6780705Z ✔ a log with nothing recognisable parses honestly empty and invents no cause (0.2405ms)
gateway-web	Run node city/test-all.mjs	2026-10-07T01:51:44.6781971Z ✔ log_bytes counts UTF-8 bytes, not characters (0.4722ms)
gateway-web	Run node city/test-all.mjs	2026-10-07T01:51:44.6782987Z ✔ the signature identifies the failure and moves when the failure moves (0.2571ms)
gateway-web	Run node city/test-all.mjs	2026-10-07T01:51:44.6784103Z ✔ the signature is a sha256 of the donor's exact identity payload (0.2378ms)
gateway-web	Run node city/test-all.mjs	2026-10-07T01:51:44.6785209Z ✔ CI could not start is reported as infrastructure, not as a code failure (0.211ms)
gateway-web	Run node city/test-all.mjs	2026-10-07T01:51:44.6786275Z ✔ a recognisable failure is never called infrastructure (0.3346ms)
gateway-web	Run node city/test-all.mjs	2026-10-07T01:51:44.6787360Z ✔ §41 CR-03 a compiler failure is BUILD and its local gate is the typecheck (3.4229ms)
gateway-web	Run node city/test-all.mjs	2026-10-07T01:51:44.6788382Z ✔ §41 CR-03 a test failure is TEST with the unit gate (0.8314ms)
gateway-web	Run node city/test-all.mjs	2026-10-07T01:51:44.6789500Z ✔ the local gate table is the donor's, and an unmappable class has no gate at all (0.1912ms)
gateway-web	Run node city/test-all.mjs	2026-10-07T01:51:44.6790953Z ✔ §41 CR-05 a prohibited CI failure goes straight to the Hard Blocker (0.5916ms)
gateway-web	Run node city/test-all.mjs	2026-10-07T01:51:44.6792091Z ✔ the loop is bounded by §33.2's budgets, not by a counter invented here (1.0582ms)
gateway-web	Run node city/test-all.mjs	2026-10-07T01:51:44.6793156Z ✔ a NOT_APPLICABLE attempt does not spend a recovery budget (0.23ms)
gateway-web	Run node city/test-all.mjs	2026-10-07T01:51:44.6794151Z ✔ a class with no local gate is a retry, and the plan says so (0.7697ms)
gateway-web	Run node city/test-all.mjs	2026-10-07T01:51:44.6795218Z ✔ §41 CR-04 only a green CI read counts, and a failed read is not a pass (0.1837ms)
gateway-web	Run node city/test-all.mjs	2026-10-07T01:51:44.6796235Z ✔ §41 the loop ends at PASS, at a Hard Blocker, or not yet (0.1403ms)
gateway-web	Run node city/test-all.mjs	2026-10-07T01:51:44.6797282Z ✔ the CI-repair plan is deterministic for the same log and attempts (0.4132ms)
gateway-web	Run node city/test-all.mjs	2026-10-07T01:51:44.6798401Z ✔ ci-repair needs no clock, no filesystem and no network to decide (0.1415ms)
gateway-web	Run node city/test-all.mjs	2026-10-07T01:51:44.6799757Z ✔ the correctable field list is the donor's eight text fields, and excludes the structured evidence (0.3441ms)
gateway-web	Run node city/test-all.mjs	2026-10-07T01:51:44.6801160Z ✔ a correction replaces only its own field and leaves the rest of the draft alone (0.1835ms)
gateway-web	Run node city/test-all.mjs	2026-10-07T01:51:44.6802414Z ✔ the latest correction per field wins, whatever order the list arrives in (0.1174ms)
gateway-web	Run node city/test-all.mjs	2026-10-07T01:51:44.6803664Z ✔ two corrections with the same timestamp resolve to the later one in the list (0.0995ms)
gateway-web	Run node city/test-all.mjs	2026-10-07T01:51:44.6804903Z ✔ several fields can be corrected at once, each from its own latest entry (0.1762ms)
gateway-web	Run node city/test-all.mjs	2026-10-07T01:51:44.6806271Z ✔ a blank correction is ignored, and a draft nobody corrected is returned unchanged by identity (0.1676ms)
gateway-web	Run node city/test-all.mjs	2026-10-07T01:51:44.6807653Z ✔ a blank correction for one field does not suppress a real correction for another (0.1069ms)
gateway-web	Run node city/test-all.mjs	2026-10-07T01:51:44.6808760Z ✔ the donor does not filter corrections by cluster key (0.0964ms)
gateway-web	Run node city/test-all.mjs	2026-10-07T01:51:44.6809717Z ✔ fields the draft does not have are carried through untouched (0.2012ms)
gateway-web	Run node city/test-all.mjs	2026-10-07T01:51:44.6811237Z ✔ applying the same corrections twice is deterministic (0.1282ms)
gateway-web	Run node city/test-all.mjs	2026-10-07T01:51:44.6812247Z ✔ the action sets and the state vocabulary are the donor sets (2.4004ms)
gateway-web	Run node city/test-all.mjs	2026-10-07T01:51:44.6813143Z ✔ every AUTO_ACTION waits and auto-resumes (0.4416ms)
gateway-web	Run node city/test-all.mjs	2026-10-07T01:51:44.6814032Z ✔ every PAUSED_ACTION pauses and must not auto-resume (0.2001ms)
gateway-web	Run node city/test-all.mjs	2026-10-07T01:51:44.6814955Z ✔ an action in neither set is ACTIVE and auto-resumes (0.3669ms)
gateway-web	Run node city/test-all.mjs	2026-10-07T01:51:44.6816011Z ✔ a falsy reason falls back to that state default, a real reason is kept (0.2916ms)
gateway-web	Run node city/test-all.mjs	2026-10-07T01:51:44.6816988Z ✔ retryAt is present only when it was defined (0.4547ms)
gateway-web	Run node city/test-all.mjs	2026-10-07T01:51:44.6818004Z ✔ updatedAt is the injected clock in ISO form, and the clock is required (0.8915ms)
gateway-web	Run node city/test-all.mjs	2026-10-07T01:51:44.6819226Z ✔ pausedForProvider pauses, never auto-resumes and never writes a deadline (0.4467ms)
gateway-web	Run node city/test-all.mjs	2026-10-07T01:51:44.6820211Z ✔ the three labels are the donor labels (0.8752ms)
gateway-web	Run node city/test-all.mjs	2026-10-07T01:51:44.6821242Z ✔ providerStateRecord validates the donor shape instead of repairing it (0.6904ms)
gateway-web	Run node city/test-all.mjs	2026-10-07T01:51:44.6822390Z ✔ the availability vocabulary is the donor ten, in the donor order (2.67ms)
gateway-web	Run node city/test-all.mjs	2026-10-07T01:51:44.6823494Z ✔ isRuntimeAvailable: exactly one of the ten values is available (0.3235ms)
gateway-web	Run node city/test-all.mjs	2026-10-07T01:51:44.6854938Z ✔ isRuntimeAvailable refuses a value outside the ten-value vocabulary (0.5333ms)
gateway-web	Run node city/test-all.mjs	2026-10-07T01:51:44.6862283Z ✔ unsupportedRuntime keeps the donor identity and capability defaults (0.8765ms)
gateway-web	Run node city/test-all.mjs	2026-10-07T01:51:44.6866172Z ✔ unsupportedRuntime.healthCheck reports UNSUPPORTED with the donor message and injected time (1.5952ms)
gateway-web	Run node city/test-all.mjs	2026-10-07T01:51:44.6869700Z ✔ unsupportedRuntime.execute refuses permanently and is not retryable (0.9551ms)
gateway-web	Run node city/test-all.mjs	2026-10-07T01:51:44.6872883Z ✔ providerRuntimeAdapter refuses an id without the web: prefix, with the donor message (2.7029ms)
gateway-web	Run node city/test-all.mjs	2026-10-07T01:51:44.6875383Z ✔ providerRuntimeAdapter accepts a web: id and declares kind web (0.2802ms)
gateway-web	Run node city/test-all.mjs	2026-10-07T01:51:44.6877856Z ✔ providerRuntimeAdapter merges the donor all-seven-role default with no override (0.472ms)
gateway-web	Run node city/test-all.mjs	2026-10-07T01:51:44.6879667Z ✔ providerRuntimeAdapter applies a partial override and keeps the untouched defaults (0.8382ms)
gateway-web	Run node city/test-all.mjs	2026-10-07T01:51:44.6880815Z ✔ healthCheck and execute delegate to the injected hooks (1.367ms)
gateway-web	Run node city/test-all.mjs	2026-10-07T01:51:44.6881847Z ✔ cancel delegates to the hook and resolves when no hook is supplied (0.5004ms)
gateway-web	Run node city/test-all.mjs	2026-10-07T01:51:44.6882965Z ✔ a missing healthCheck/execute hook fails at the call, not at construction (0.7093ms)
gateway-web	Run node city/test-all.mjs	2026-10-07T01:51:44.6884236Z ✔ runtimeRequest copies the donor fields and keeps optionals absent when not supplied (0.7051ms)
gateway-web	Run node city/test-all.mjs	2026-10-07T01:51:44.6885470Z ✔ runtimeFailure keeps the donor field shapes and the conditional retryAt (0.4017ms)
gateway-web	Run node city/test-all.mjs	2026-10-07T01:51:44.6886312Z ✔ runtimeResult keeps the four statuses and the optional donor fields (0.919ms)
gateway-web	Run node city/test-all.mjs	2026-10-07T01:51:44.6887393Z ✔ provider usage never invents a number the provider did not report (0.2076ms)
gateway-web	Run node city/test-all.mjs	2026-10-07T01:51:44.6888595Z ✔ runtimeHealth and runtimeMetrics are validated, not repaired (0.3703ms)
gateway-web	Run node city/test-all.mjs	2026-10-07T01:51:44.6889657Z ✔ the module reads no ambient clock, environment or randomness (21.7082ms)
gateway-web	Run node city/test-all.mjs	2026-10-07T01:51:44.6890689Z ✔ an unknown runtime is CLOSED and is never listed (3.8227ms)
gateway-web	Run node city/test-all.mjs	2026-10-07T01:51:44.6891577Z ✔ the donor defaults are a threshold of 3 and a 60 s cooldown (1.2552ms)
gateway-web	Run node city/test-all.mjs	2026-10-07T01:51:44.6892433Z ✔ failureThreshold is clamped to 1..20 and a non-integer throws (2.1278ms)
gateway-web	Run node city/test-all.mjs	2026-10-07T01:51:44.6893420Z ✔ cooldownMs is clamped to 1..604800000 and a non-integer throws (0.5432ms)
gateway-web	Run node city/test-all.mjs	2026-10-07T01:51:44.6894698Z ✔ the clock is the caller’s, and there is no built-in one (0.4031ms)
gateway-web	Run node city/test-all.mjs	2026-10-07T01:51:44.6895946Z ✔ CLOSED reaches OPEN exactly at the failure threshold, and not before (0.6333ms)
gateway-web	Run node city/test-all.mjs	2026-10-07T01:51:44.6897034Z ✔ isOpen is true only while the reported state is OPEN (0.3009ms)
gateway-web	Run node city/test-all.mjs	2026-10-07T01:51:44.6897924Z ✔ HALF_OPEN appears exactly at the cooldown boundary (0.4597ms)
gateway-web	Run node city/test-all.mjs	2026-10-07T01:51:44.6899404Z ✔ a failure while OPEN inside the cooldown stays OPEN and leaves openedAt unchanged (0.4722ms)
gateway-web	Run node city/test-all.mjs	2026-10-07T01:51:44.6900670Z ✔ HALF_OPEN admits at most one probe, and the probe counter is per runtime (0.8595ms)
gateway-web	Run node city/test-all.mjs	2026-10-07T01:51:44.6901892Z ✔ a verified success closes the breaker and clears the streak and the probe (0.9218ms)
gateway-web	Run node city/test-all.mjs	2026-10-07T01:51:44.6903261Z ✔ a verified success also closes a record that is still stored OPEN but past its cooldown (0.2906ms)
gateway-web	Run node city/test-all.mjs	2026-10-07T01:51:44.6904607Z ✔ a failed probe reopens with a fresh cooldown and the streak at the threshold (0.3584ms)
gateway-web	Run node city/test-all.mjs	2026-10-07T01:51:44.6905797Z ✔ cancelProbe frees a consumed probe without changing breaker state (0.4978ms)
gateway-web	Run node city/test-all.mjs	2026-10-07T01:51:44.6906960Z ✔ reset removes the record and the probe, so the runtime is CLOSED again (0.515ms)
gateway-web	Run node city/test-all.mjs	2026-10-07T01:51:44.6908019Z ✔ list reports each runtime’s current state and streak (0.3834ms)
gateway-web	Run node city/test-all.mjs	2026-10-07T01:51:44.6909132Z ✔ a snapshot restores exactly, and the effective options travel with it (0.5032ms)
gateway-web	Run node city/test-all.mjs	2026-10-07T01:51:44.6910225Z ✔ a malformed snapshot throws instead of being repaired (0.9561ms)
gateway-web	Run node city/test-all.mjs	2026-10-07T01:51:44.6911707Z ✔ the value-level calls return new state and never mutate the state they were given (0.4931ms)
gateway-web	Run node city/test-all.mjs	2026-10-07T01:51:44.6912858Z ✔ only the six provider-technical kinds trip the breaker (0.2591ms)
gateway-web	Run node city/test-all.mjs	2026-10-07T01:51:44.6914005Z ✔ one broken runtime does not disturb another (0.1989ms)
gateway-web	Run node city/test-all.mjs	2026-10-07T01:51:44.6914831Z ✔ an option that cannot be an integer fails closed (0.36ms)
gateway-web	Run node city/test-all.mjs	2026-10-07T01:51:44.6915827Z ✔ a caller-supplied file path is not part of this module’s shape (0.1972ms)
gateway-web	Run node city/test-all.mjs	2026-10-07T01:51:44.6916923Z ✔ covers all 11 semantic outcomes with a continuous axis mapping (2.1329ms)
gateway-web	Run node city/test-all.mjs	2026-10-07T01:51:44.6917990Z ✔ A02: runtime SUCCESS + normal completion ⇒ FULL_COMPLETION (1.0025ms)
gateway-web	Run node city/test-all.mjs	2026-10-07T01:51:44.6919248Z ✔ A03: runtime SUCCESS + explicit refusal ⇒ HARD_REFUSAL without being a runtime failure (0.3407ms)
gateway-web	Run node city/test-all.mjs	2026-10-07T01:51:44.6920493Z ✔ A04: partial completion and partial refusal are distinguishable (0.3132ms)
gateway-web	Run node city/test-all.mjs	2026-10-07T01:51:44.6921614Z ✔ A05: runtime TIMEOUT ⇒ UNCLASSIFIED with no restriction penalty (0.3313ms)
gateway-web	Run node city/test-all.mjs	2026-10-07T01:51:44.6922647Z ✔ A06: AUTH_REQUIRED ⇒ no capability/restriction penalty (0.2609ms)
gateway-web	Run node city/test-all.mjs	2026-10-07T01:51:44.6923585Z ✔ A07: PAGE_CHANGED ⇒ no semantic negative evidence (0.2283ms)
gateway-web	Run node city/test-all.mjs	2026-10-07T01:51:44.6924619Z ✔ A08: goal drift is recorded when the worker silently changes scope (1.5758ms)
gateway-web	Run node city/test-all.mjs	2026-10-07T01:51:44.6925677Z ✔ format failure is distinguished from provider restriction (0.3263ms)
gateway-web	Run node city/test-all.mjs	2026-10-07T01:51:44.6926838Z ✔ deterministic verification failure outranks provider behaviour signals (0.4555ms)
gateway-web	Run node city/test-all.mjs	2026-10-07T01:51:44.6928160Z ✔ an unobservable success is UNCLASSIFIED rather than a fabricated completion (0.2642ms)
gateway-web	Run node city/test-all.mjs	2026-10-07T01:51:44.6929536Z ✔ classifies runtime codes as non-semantic (0.2858ms)
gateway-web	Run node city/test-all.mjs	2026-10-07T01:51:44.6930621Z ✔ a SUCCESS that also carries a non-semantic code is still not model behaviour (1.1134ms)
gateway-web	Run node city/test-all.mjs	2026-10-07T01:51:44.6931826Z ✔ a runtime failure with no listed code is still excluded, and says so (0.1326ms)
gateway-web	Run node city/test-all.mjs	2026-10-07T01:51:44.6933009Z ✔ selection precedence between the non-failure signals is the donor’s (0.5551ms)
gateway-web	Run node city/test-all.mjs	2026-10-07T01:51:44.6934165Z ✔ an injected evaluator version is stamped on every classification (0.2574ms)
gateway-web	Run node city/test-all.mjs	2026-10-07T01:51:44.6935479Z ✔ detectGoalDrift reports scope-change markers and unaddressed deliverables (0.921ms)
gateway-web	Run node city/test-all.mjs	2026-10-07T01:51:44.6936810Z ✔ createEvaluationRevision appends a revision without overwriting the original (0.1869ms)
gateway-web	Run node city/test-all.mjs	2026-10-07T01:51:44.6937990Z ✔ semanticEvaluation validates and copies an evaluation (0.9211ms)
gateway-web	Run node city/test-all.mjs	2026-10-07T01:51:44.6939223Z ✔ catalog describes source resolution and preview without promising installation (13.6215ms)
gateway-web	Run node city/test-all.mjs	2026-10-07T01:51:44.6940295Z ✔ GitHub reference parsing matches the donor (3.6534ms)
gateway-web	Run node city/test-all.mjs	2026-10-07T01:51:44.6941295Z ✔ archive planning and the resolution plan match the donor ordering (0.7017ms)
gateway-web	Run node city/test-all.mjs	2026-10-07T01:51:44.6942445Z ✔ a resolved plan is offline only: no download happens and none is planned (0.3906ms)
gateway-web	Run node city/test-all.mjs	2026-10-07T01:51:44.6944027Z ✔ the tiered scanner resolves bundles, collections, siblings and flat files (8.3347ms)
gateway-web	Run node city/test-all.mjs	2026-10-07T01:51:44.6945156Z ✔ the scanner is deterministic over an injected in-memory tree (3.1ms)
gateway-web	Run node city/test-all.mjs	2026-10-07T01:51:44.6946170Z ✔ a scanned skill is validated by this module's own parser (5.1877ms)
gateway-web	Run node city/test-all.mjs	2026-10-07T01:51:44.6947309Z ✔ the curated catalog searches offline and degrades a failed live search (16.5185ms)
gateway-web	Run node city/test-all.mjs	2026-10-07T01:51:44.6948494Z ✔ the module never writes a runtime file and never installs or downloads (15.9076ms)
gateway-web	Run node city/test-all.mjs	2026-10-07T01:51:44.6950000Z ✔ skill name grammar matches the donor (1.9044ms)
gateway-web	Run node city/test-all.mjs	2026-10-07T01:51:44.6951082Z ✔ frontmatter parsing reads the donor subset (metadata, whenToUse, invocation) (3.1672ms)
gateway-web	Run node city/test-all.mjs	2026-10-07T01:51:44.6952271Z ✔ malformed frontmatter is rejected with a reason, never guessed (0.369ms)
gateway-web	Run node city/test-all.mjs	2026-10-07T01:51:44.6953331Z ✔ rendering round-trips through the parser like the donor (0.7351ms)
gateway-web	Run node city/test-all.mjs	2026-10-07T01:51:44.6954549Z ✔ the highest-level analysis accepts a valid document and rejects an oversized one (1.1971ms)
gateway-web	Run node city/test-all.mjs	2026-10-07T01:51:44.6955772Z ✔ the tar reader lists regular files and directories like the donor (2.7866ms)
gateway-web	Run node city/test-all.mjs	2026-10-07T01:51:44.6956790Z ✔ traversal and absolute paths are refused (2.3504ms)
gateway-web	Run node city/test-all.mjs	2026-10-07T01:51:44.6957997Z ✔ symlinks, hardlinks and devices are refused, never accepted (0.7782ms)
gateway-web	Run node city/test-all.mjs	2026-10-07T01:51:44.6959138Z ✔ byte and entry caps stop a zip-bomb sized archive and a flood of entries (3.0407ms)
gateway-web	Run node city/test-all.mjs	2026-10-07T01:51:44.6960159Z ✔ gzip is detected and decompressed transparently (2.8219ms)
gateway-web	Run node city/test-all.mjs	2026-10-07T01:51:44.6961147Z ✔ a corrupt header checksum is refused instead of being misread (0.4367ms)
gateway-web	Run node city/test-all.mjs	2026-10-07T01:51:44.6962338Z ✔ the module is self-contained: built-ins only, no donor checkout dependency (17.5615ms)
gateway-web	Run node city/test-all.mjs	2026-10-07T01:51:44.6963676Z ✔ provenance stays honest: DONOR.json pins the donor and records the adaptation (3.5464ms)
gateway-web	Run node city/test-all.mjs	2026-10-07T01:51:44.6964918Z ✔ dshBin keeps the donor path shape and follows the injected app root (2.5019ms)
gateway-web	Run node city/test-all.mjs	2026-10-07T01:51:44.6965983Z ✔ nodeExecutable is the donor rule env.DSH_NODE || node (0.438ms)
gateway-web	Run node city/test-all.mjs	2026-10-07T01:51:44.6967083Z ✔ childEnv sets exactly the donor keys, with the donor defaults and order (1.5511ms)
gateway-web	Run node city/test-all.mjs	2026-10-07T01:51:44.6968306Z ✔ childEnv never mutates the ambient environment and returns a fresh object (0.4035ms)
gateway-web	Run node city/test-all.mjs	2026-10-07T01:51:44.6969989Z ✔ childEnv lets the ambient mode variables win over the defaults, and spreads overrides last (0.4386ms)
gateway-web	Run node city/test-all.mjs	2026-10-07T01:51:44.6971457Z ✔ startJob builds the donor argv, cwd, stdio and pipes, and returns {child, pid, logFile} (1.0581ms)
gateway-web	Run node city/test-all.mjs	2026-10-07T01:51:44.6972521Z ✔ startJob honours an explicit logFile (0.5331ms)
gateway-web	Run node city/test-all.mjs	2026-10-07T01:51:44.6973670Z ✔ startJob passes permissionMode through as DSH_PERMISSION_MODE, and omits it otherwise (1.7971ms)
gateway-web	Run node city/test-all.mjs	2026-10-07T01:51:44.6975035Z ✔ startJob pipes into the log stream it opened, so the child records to that file (0.5699ms)
gateway-web	Run node city/test-all.mjs	2026-10-07T01:51:44.6976254Z ✔ killTree spawns taskkill.exe with the donor argv for a numeric pid (0.7006ms)
gateway-web	Run node city/test-all.mjs	2026-10-07T01:51:44.6977388Z ✔ killTree stringifies a non-numeric pid and spawns nothing for a falsy one (0.2832ms)
gateway-web	Run node city/test-all.mjs	2026-10-07T01:51:44.6978515Z ✔ killTree swallows a synchronous spawn throw, as the donor empty catch did (0.3152ms)
gateway-web	Run node city/test-all.mjs	2026-10-07T01:51:44.6979661Z ✔ index.mjs re-exports the runner factory and the closed vocabularies (0.5979ms)
gateway-web	Run node city/test-all.mjs	2026-10-07T01:51:44.6980891Z ✔ the module is self-contained: built-ins only, no donor checkout dependency (17.6151ms)
gateway-web	Run node city/test-all.mjs	2026-10-07T01:51:44.6982228Z ✔ provenance stays honest: DONOR.json pins the donor and records the deferrals (1.7488ms)
gateway-web	Run node city/test-all.mjs	2026-10-07T01:51:44.6983422Z ✔ the contract carries the donor vocabulary, in the donor order (4.0816ms)
gateway-web	Run node city/test-all.mjs	2026-10-07T01:51:44.6984591Z ✔ factories copy on construct: mutating a result never touches the vocabulary (0.5023ms)
gateway-web	Run node city/test-all.mjs	2026-10-07T01:51:44.6985820Z ✔ validators refuse invalid input instead of turning it into valid input (0.7275ms)
gateway-web	Run node city/test-all.mjs	2026-10-07T01:51:44.6986928Z ✔ every status lands in exactly one of the three status classes (0.5041ms)
gateway-web	Run node city/test-all.mjs	2026-10-07T01:51:44.6988095Z ✔ normalizeStatus trims and upper-cases (0.3078ms)
gateway-web	Run node city/test-all.mjs	2026-10-07T01:51:44.6989095Z ✔ terminalState classifies all six persisted spellings and refuses the rest (0.3412ms)
gateway-web	Run node city/test-all.mjs	2026-10-07T01:51:44.6990713Z ✔ persistedStatusFor keeps the persisted vocabulary backward compatible (0.2908ms)
gateway-web	Run node city/test-all.mjs	2026-10-07T01:51:44.6991962Z ✔ statusLabel names the three canonical states and falls back to Terminated (0.2572ms)
gateway-web	Run node city/test-all.mjs	2026-10-07T01:51:44.6993047Z ✔ firstLine returns the first non-empty trimmed line (0.5186ms)
gateway-web	Run node city/test-all.mjs	2026-10-07T01:51:44.6994149Z ✔ truncate collapses whitespace and reserves one character for the ellipsis (0.6465ms)
gateway-web	Run node city/test-all.mjs	2026-10-07T01:51:44.6995223Z ✔ taskDisplayName walks the donor candidate order (0.574ms)
gateway-web	Run node city/test-all.mjs	2026-10-07T01:51:44.6996330Z ✔ errorSummary joins code and message, degrades to JSON, and never throws (0.9738ms)
gateway-web	Run node city/test-all.mjs	2026-10-07T01:51:44.6997527Z ✔ shortResult formats Xs / Xm Ys / Xh Ym and refuses incomplete tasks (0.4669ms)
gateway-web	Run node city/test-all.mjs	2026-10-07T01:51:44.6998768Z ✔ terminalEpoch truncates a positive instant and collapses everything else to 0 (0.3583ms)
gateway-web	Run node city/test-all.mjs	2026-10-07T01:51:44.7000008Z ✔ terminalKey is <id>#<state>#<epoch>, including the epoch-0 case (0.4169ms)
gateway-web	Run node city/test-all.mjs	2026-10-07T01:51:44.7001019Z ✔ buildTerminalEvent builds the full COMPLETED payload (0.5048ms)
gateway-web	Run node city/test-all.mjs	2026-10-07T01:51:44.7002428Z ✔ buildTerminalEvent builds the full FAILED_FINAL payload with its error (0.259ms)
gateway-web	Run node city/test-all.mjs	2026-10-07T01:51:44.7003667Z ✔ buildTerminalEvent keeps the null-vs-zero distinctions of the donor (0.3962ms)
gateway-web	Run node city/test-all.mjs	2026-10-07T01:51:44.7004887Z ✔ buildTerminalEvent defaults the source and lets the caller override it (0.4513ms)
gateway-web	Run node city/test-all.mjs	2026-10-07T01:51:44.7006156Z ✔ buildTerminalEvent takes its clock as a parameter and is deterministic without one (0.4445ms)
gateway-web	Run node city/test-all.mjs	2026-10-07T01:51:44.7007308Z ✔ buildTerminalEvent falls back to CANCELLED and carries the reason verbatim (0.2763ms)
gateway-web	Run node city/test-all.mjs	2026-10-07T01:51:44.7008370Z ✔ buildTerminalEvent tolerates a non-task and always names one (0.1937ms)
gateway-web	Run node city/test-all.mjs	2026-10-07T01:51:44.7009207Z ✔ index.mjs is the one export site for this module (0.2362ms)
gateway-web	Run node city/test-all.mjs	2026-10-07T01:51:44.7011878Z ﹣ the port matches the compiled donor on every scripted and seeded scenario (2.9492ms) # donor build absent at D:\a\utopia\utopia\.runtime\evidence\mission-book\MB-005\donor-health\lib\index.js; build it per the header of this file to run the differential parity check
gateway-web	Run node city/test-all.mjs	2026-10-07T01:51:44.7013262Z ✔ the canonical registry is sorted, unique, complete and prototype-safe (5.1748ms)
gateway-web	Run node city/test-all.mjs	2026-10-07T01:51:44.7013922Z ✔ hard physical bounds are declared exactly where the donor declared them (0.1864ms)
gateway-web	Run node city/test-all.mjs	2026-10-07T01:51:44.7014640Z ✔ the dimension dispatch table covers every canonical metric with two named exceptions (0.2366ms)
gateway-web	Run node city/test-all.mjs	2026-10-07T01:51:44.7015345Z ✔ the three shipped preset documents are the documents the code builds (2.3734ms)
gateway-web	Run node city/test-all.mjs	2026-10-07T01:51:44.7015966Z ✔ ramp endpoints come from polarity, never from the written order (0.3514ms)
gateway-web	Run node city/test-all.mjs	2026-10-07T01:51:44.7016578Z ✔ the ramp is linear, rounded to an integer, and clamped at both ends (0.4359ms)
gateway-web	Run node city/test-all.mjs	2026-10-07T01:51:44.7017239Z ✔ a lower-is-worse band ramps the other way and tolerates either written order (0.2633ms)
gateway-web	Run node city/test-all.mjs	2026-10-07T01:51:44.7017879Z ✔ an unknown value scores null and levels as unknown, never as none (0.3131ms)
gateway-web	Run node city/test-all.mjs	2026-10-07T01:51:44.7018424Z ✔ the level boundaries are exactly 0 / 35 / 65 / 85 (0.3059ms)
gateway-web	Run node city/test-all.mjs	2026-10-07T01:51:44.7019053Z ✔ the sustain gate holds a spike at zero and opens exactly at the configured duration (0.5293ms)
gateway-web	Run node city/test-all.mjs	2026-10-07T01:51:44.7019664Z ✔ band identity is derived the same way the store times it (0.3544ms)
gateway-web	Run node city/test-all.mjs	2026-10-07T01:51:44.7020268Z ✔ a ratio above 1 and at most 1.5 clamps to 1 with a violation, not a rejection (0.4581ms)
gateway-web	Run node city/test-all.mjs	2026-10-07T01:51:44.7020812Z ✔ a ratio above 1.5 is rejected as above_hard_max (0.1733ms)
gateway-web	Run node city/test-all.mjs	2026-10-07T01:51:44.7021375Z ✔ impossible physical values are rejected below and above the hard bound (0.3453ms)
gateway-web	Run node city/test-all.mjs	2026-10-07T01:51:44.7022107Z ✔ a value just outside the hard bound is snapped rather than rejected (the 1e-9 tolerance) (0.2192ms)
gateway-web	Run node city/test-all.mjs	2026-10-07T01:51:44.7023090Z ✔ non-numbers, NaN and Infinity are violations and the survivors come back name-sorted (0.3579ms)
gateway-web	Run node city/test-all.mjs	2026-10-07T01:51:44.7023825Z ✔ a non-canonical metric name is a violation, and an absent metric is never invented (0.2256ms)
gateway-web	Run node city/test-all.mjs	2026-10-07T01:51:44.7024596Z ✔ window statistics are exact, and a metric with no data has null statistics rather than zeros (3.0102ms)
gateway-web	Run node city/test-all.mjs	2026-10-07T01:51:44.7025315Z ✔ the raw retention floor is raised to the longest configured window (1.3782ms)
gateway-web	Run node city/test-all.mjs	2026-10-07T01:51:44.7025912Z ✔ band timing restarts on a band change and on leaving every band (0.5064ms)
gateway-web	Run node city/test-all.mjs	2026-10-07T01:51:44.7026613Z ✔ recording a bag declares band identity, so the sustain gate times the data not the question (0.7676ms)
gateway-web	Run node city/test-all.mjs	2026-10-07T01:51:44.7027315Z ✔ the store is bounded: raw points and buckets are pruned by construction (13.4495ms)
gateway-web	Run node city/test-all.mjs	2026-10-07T01:51:44.7028010Z ✔ daily summaries are per local calendar day, weighted by sample count, metrics sorted (8.5482ms)
gateway-web	Run node city/test-all.mjs	2026-10-07T01:51:44.7028703Z ✔ a sustained leak is a trusted worsening trend with an exact slope and R² (1.1338ms)
gateway-web	Run node city/test-all.mjs	2026-10-07T01:51:44.7029341Z ✔ noise is not trusted, and polarity decides which direction is worsening (0.6825ms)
gateway-web	Run node city/test-all.mjs	2026-10-07T01:51:44.7030282Z ✔ the trend gates produce unknown rather than a guess (0.3667ms)
gateway-web	Run node city/test-all.mjs	2026-10-07T01:51:44.7031063Z ✔ past the raw horizon the aggregate buckets take over, and the summary says so (0.6297ms)
gateway-web	Run node city/test-all.mjs	2026-10-07T01:51:44.7031654Z ✔ trend formatting keeps the donor precision asymmetry (0.2054ms)
gateway-web	Run node city/test-all.mjs	2026-10-07T01:51:44.7032303Z ✔ missing telemetry is not health: an unmeasured dimension is unknown with a null score (1.9821ms)
gateway-web	Run node city/test-all.mjs	2026-10-07T01:51:44.7033113Z ✔ the weight of a missing dimension is redistributed, and the redistribution is published as coverage (1.255ms)
gateway-web	Run node city/test-all.mjs	2026-10-07T01:51:44.7033848Z ✔ with nothing measured at all the pressure is null and the coverage is zero (0.542ms)
gateway-web	Run node city/test-all.mjs	2026-10-07T01:51:44.7034528Z ✔ the worst metric leads: a dimension score is half weighted mean, half worst member (1.6626ms)
gateway-web	Run node city/test-all.mjs	2026-10-07T01:51:44.7035280Z ✔ a single critical metric is not averaged away by calm ones, and no known metric means null (1.4494ms)
gateway-web	Run node city/test-all.mjs	2026-10-07T01:51:44.7035984Z ✔ the time dimension is the uptime ramp from 8 hours to 336 hours (0.947ms)
gateway-web	Run node city/test-all.mjs	2026-10-07T01:51:44.7036594Z ✔ a configured metric with no band and no trend is collected but never scored (0.5312ms)
gateway-web	Run node city/test-all.mjs	2026-10-07T01:51:44.7037276Z ✔ the trend term is added on top of the band score and normalised by the band span (3.2348ms)
gateway-web	Run node city/test-all.mjs	2026-10-07T01:51:44.7037963Z ✔ drivers are produced only at 35 or above, and their contribution is weighted down (1.3299ms)
gateway-web	Run node city/test-all.mjs	2026-10-07T01:51:44.7038649Z ✔ driver codes are dimension-flavoured, and a trend-led driver is a slope code (1.747ms)
gateway-web	Run node city/test-all.mjs	2026-10-07T01:51:44.7039311Z ✔ the ladder maps pressure onto actions at the exact default thresholds (2.3104ms)
gateway-web	Run node city/test-all.mjs	2026-10-07T01:51:44.7039894Z ✔ every candidate carries its driver codes and a coverage tag (0.3467ms)
gateway-web	Run node city/test-all.mjs	2026-10-07T01:51:44.7040546Z ✔ hysteresis holds the action in force until pressure falls through its own exit band (0.4531ms)
gateway-web	Run node city/test-all.mjs	2026-10-07T01:51:44.7041263Z ✔ a series that oscillates around the enter threshold never oscillates the action (0.4321ms)
gateway-web	Run node city/test-all.mjs	2026-10-07T01:51:44.7041951Z ✔ debounce delays a new high-risk level for exactly the configured evaluations (0.5494ms)
gateway-web	Run node city/test-all.mjs	2026-10-07T01:51:44.7042756Z ✔ dwell slows a low-level transition for exactly the configured duration, and never the first crossing (0.2726ms)
gateway-web	Run node city/test-all.mjs	2026-10-07T01:51:44.7043545Z ✔ the three cooldown buckets and their balanced durations map exactly as documented (0.2037ms)
gateway-web	Run node city/test-all.mjs	2026-10-07T01:51:44.7044260Z ✔ a suppressed repeat is suppressed but a suppressed de-escalation is only delayed (0.3101ms)
gateway-web	Run node city/test-all.mjs	2026-10-07T01:51:44.7044897Z ✔ the state machine names a gated restart instead of forgetting it (0.4897ms)
gateway-web	Run node city/test-all.mjs	2026-10-07T01:51:44.7045542Z ✔ the restart gate downgrades to PAUSE_NEW_WORK and names every blocking reason (0.8157ms)
gateway-web	Run node city/test-all.mjs	2026-10-07T01:51:44.7046164Z ✔ the configuration can forbid a restart, and the reason says so (0.3657ms)
gateway-web	Run node city/test-all.mjs	2026-10-07T01:51:44.7046921Z ✔ the urgent override skips the window, and level 4 alone may override the safe point (0.352ms)
gateway-web	Run node city/test-all.mjs	2026-10-07T01:51:44.7047612Z ✔ wall-clock parsing is strict and the occurrence boundaries are inclusive (0.8828ms)
gateway-web	Run node city/test-all.mjs	2026-10-07T01:51:44.7048343Z ✔ a wrapping window is handled, and clockWithin is start-inclusive end-exclusive (0.1924ms)
gateway-web	Run node city/test-all.mjs	2026-10-07T01:51:44.7049178Z ✔ the maintenance picture reports every phase, and an exhausted deferral still says go (1.495ms)
gateway-web	Run node city/test-all.mjs	2026-10-07T01:51:44.7049882Z ✔ window arithmetic is local-calendar based, so it survives a day boundary (0.3457ms)
gateway-web	Run node city/test-all.mjs	2026-10-07T01:51:44.7050920Z ✔ safe points fold worst-first, and an unanswered question is not a yes (65.1803ms)
gateway-web	Run node city/test-all.mjs	2026-10-07T01:51:44.7051600Z ✔ safePointRequired: false skips the question instead of answering it badly (6.2154ms)
gateway-web	Run node city/test-all.mjs	2026-10-07T01:51:44.7052254Z ✔ a registered safe point gates the request through the real scheduler (32.8279ms)
gateway-web	Run node city/test-all.mjs	2026-10-07T01:51:44.7052930Z ✔ the level-to-action mapping reaches the right adapter and always as a request (9.8731ms)
gateway-web	Run node city/test-all.mjs	2026-10-07T01:51:44.7053604Z ✔ a system request always acknowledges the reboot, and only that rung does (2.163ms)
gateway-web	Run node city/test-all.mjs	2026-10-07T01:51:44.7054355Z ✔ the engine only ever calls the documented adapter methods, so an action cannot become an effect (1.5735ms)
gateway-web	Run node city/test-all.mjs	2026-10-07T01:51:44.7055158Z ✔ the cooldown starts on the attempt, so a long critical run is bounded to a few requests (240.6436ms)
gateway-web	Run node city/test-all.mjs	2026-10-07T01:51:44.7055906Z ✔ a throwing restart adapter never stops the loop and never becomes a request storm (12.7294ms)
gateway-web	Run node city/test-all.mjs	2026-10-07T01:51:44.7056640Z ✔ an unavailable capability reports a refusal rather than throwing or acting (1.7405ms)
gateway-web	Run node city/test-all.mjs	2026-10-07T01:51:44.7057194Z ✔ disabled configuration samples nothing at all (0.3893ms)
gateway-web	Run node city/test-all.mjs	2026-10-07T01:51:44.7057739Z ✔ the ingest seam records violations and never tracks a rejected metric (0.4773ms)
gateway-web	Run node city/test-all.mjs	2026-10-07T01:51:44.7058367Z ✔ per-window history is exposed for one metric and coverage stays honest (1.0813ms)
gateway-web	Run node city/test-all.mjs	2026-10-07T01:51:44.7058997Z ✔ provider failures are isolated, backed off exponentially, and reported (1.5351ms)
gateway-web	Run node city/test-all.mjs	2026-10-07T01:51:44.7059669Z ✔ a disabled provider and a per-provider flag are both skipped in sorted order (0.2509ms)
gateway-web	Run node city/test-all.mjs	2026-10-07T01:51:44.7060293Z ✔ the decision log keeps a bounded, append-only ring, newest last (0.5996ms)
gateway-web	Run node city/test-all.mjs	2026-10-07T01:51:44.7060963Z ✔ the on-disk log is a JSONL envelope, read back, tolerant of a torn line, and rotates (16.3862ms)
gateway-web	Run node city/test-all.mjs	2026-10-07T01:51:44.7061583Z ✔ an unwritable log directory is reported instead of thrown (0.7614ms)
gateway-web	Run node city/test-all.mjs	2026-10-07T01:51:44.7062247Z ✔ the stats file is read first-match-wins, with unknown keys reported and staleness named (3.6364ms)
gateway-web	Run node city/test-all.mjs	2026-10-07T01:51:44.7063009Z ✔ the command-probe grammar ignores what it cannot trust and reports what it cannot parse (0.5358ms)
gateway-web	Run node city/test-all.mjs	2026-10-07T01:51:44.7063700Z ✔ a command probe with an empty argv refuses instead of executing anything (0.2945ms)
gateway-web	Run node city/test-all.mjs	2026-10-07T01:51:44.7064358Z ✔ the built-in provider graph follows the configuration without reading the OS (1.8025ms)
gateway-web	Run node city/test-all.mjs	2026-10-07T01:51:44.7065068Z ✔ the text report never claims that an unknown is healthy and renders goldens exactly (4.6497ms)
gateway-web	Run node city/test-all.mjs	2026-10-07T01:51:44.7065781Z ✔ the machine payload serialises without an undefined, and keeps the donor key names (1.1552ms)
gateway-web	Run node city/test-all.mjs	2026-10-07T01:51:44.7066518Z ✔ a rejected settings document is refused loudly and leaves the configuration in force (3.3802ms)
gateway-web	Run node city/test-all.mjs	2026-10-07T01:51:44.7067252Z ✔ a bad configuration is rejected loudly but the caller can keep running on balanced (1.3845ms)
gateway-web	Run node city/test-all.mjs	2026-10-07T01:51:44.7067868Z ✔ the module ships no process-control primitive of any kind (7.5326ms)
gateway-web	Run node city/test-all.mjs	2026-10-07T01:51:44.7068597Z ✔ the only outbound capability is a bounded action request, and no exported function can stop a process (4.5518ms)
gateway-web	Run node city/test-all.mjs	2026-10-07T01:51:44.7069407Z ✔ the real OS-backed providers are optional: nothing in the module builds one on its own (3.0885ms)
gateway-web	Run node city/test-all.mjs	2026-10-07T01:51:44.7070079Z ✔ the unbound port cannot verify anything, and acknowledges nothing (5.3118ms)
gateway-web	Run node city/test-all.mjs	2026-10-07T01:51:44.7071082Z ✔ available is false exactly when the bound port is an unbound one (0.4893ms)
gateway-web	Run node city/test-all.mjs	2026-10-07T01:51:44.7071852Z ✔ a required checkpoint authorizes only when it is safe AND completed (1.4303ms)
gateway-web	Run node city/test-all.mjs	2026-10-07T01:51:44.7072548Z ✔ a checkpoint that is NOT required always authorizes, and says so when it was not safe (2.2793ms)
gateway-web	Run node city/test-all.mjs	2026-10-07T01:51:44.7074228Z ✔ a throwing port becomes checkpoint_threw and never authorizes (2.2261ms)
gateway-web	Run node city/test-all.mjs	2026-10-07T01:51:44.7074837Z ✔ a slow port is bounded by a real timeout, and authorizes nothing (35.9689ms)
gateway-web	Run node city/test-all.mjs	2026-10-07T01:51:44.7075336Z ✔ timeoutMs <= 0 means no timeout at all (126.9465ms)
gateway-web	Run node city/test-all.mjs	2026-10-07T01:51:44.7075883Z ✔ elapsedMs is measured from the injected clock, not from the wall clock (0.9439ms)
gateway-web	Run node city/test-all.mjs	2026-10-07T01:51:44.7076475Z ✔ the contracts validate and copy every value they hand back (1.4875ms)
gateway-web	Run node city/test-all.mjs	2026-10-07T01:51:44.7077073Z ✔ the module is self-contained: timers are the only ambient dependency (5.9576ms)
gateway-web	Run node city/test-all.mjs	2026-10-07T01:51:44.7077755Z ✔ the outcome shape has one declaration: this gate imports it from the shared layer (1.8423ms)
gateway-web	Run node city/test-all.mjs	2026-10-07T01:51:44.7078477Z ✔ the lock vocabulary and the declared transition table are the donor vocabulary (3.9258ms)
gateway-web	Run node city/test-all.mjs	2026-10-07T01:51:44.7079117Z ✔ every declared edge is accepted, and no declared edge is missing (3.2626ms)
gateway-web	Run node city/test-all.mjs	2026-10-07T01:51:44.7079756Z ✔ an undeclared edge is refused with the donor detail and leaves the state alone (0.701ms)
gateway-web	Run node city/test-all.mjs	2026-10-07T01:51:44.7080419Z ✔ entering REQUESTED needs a holder, and only IDLE -> REQUESTED sets it (0.3664ms)
gateway-web	Run node city/test-all.mjs	2026-10-07T01:51:44.7081037Z ✔ history is bounded by maxHistory and drops the oldest record first (1.0323ms)
gateway-web	Run node city/test-all.mjs	2026-10-07T01:51:44.7081669Z ✔ release forces IDLE from every working state, and is null when already idle (0.6763ms)
gateway-web	Run node city/test-all.mjs	2026-10-07T01:51:44.7082326Z ✔ heldForMs reads the injected clock, and requestState names each lock state (0.4109ms)
gateway-web	Run node city/test-all.mjs	2026-10-07T01:51:44.7082916Z ✔ transitions returns a copy, and the lock object is frozen (0.7538ms)
gateway-web	Run node city/test-all.mjs	2026-10-07T01:51:44.7083579Z ✔ the vocabularies have one declaration: this module imports them from the shared layer (13.6321ms)
gateway-web	Run node city/test-all.mjs	2026-10-07T01:51:44.7084346Z ✔ the module is self-contained: no donor checkout, no ambient clock, no runtime dependency (3.07ms)
gateway-web	Run node city/test-all.mjs	2026-10-07T01:51:44.7085007Z ✔ sorts object keys by code unit, independently of insertion order (1.9865ms)
gateway-web	Run node city/test-all.mjs	2026-10-07T01:51:44.7085596Z ✔ drops undefined object values and renders array positions as null (0.375ms)
gateway-web	Run node city/test-all.mjs	2026-10-07T01:51:44.7086677Z ✔ recurses through nested objects and arrays, keeping array order (0.3745ms)
gateway-web	Run node city/test-all.mjs	2026-10-07T01:51:44.7089201Z ✔ emits no whitespace and JSON-quotes every key (1.1291ms)
gateway-web	Run node city/test-all.mjs	2026-10-07T01:51:44.7090509Z ✔ passes non-objects through JSON.stringify with the null fallback (0.3499ms)
gateway-web	Run node city/test-all.mjs	2026-10-07T01:51:44.7091674Z ✔ produces a pinned canonical form and sha256 digest for one fixed document (0.9495ms)
gateway-web	Run node city/test-all.mjs	2026-10-07T01:51:44.7092364Z ✔ the digest is stable when the same document is built in another key order (0.3679ms)
gateway-web	Run node city/test-all.mjs	2026-10-07T01:51:44.7092999Z ✔ a different value is a different digest, so the pin is load-bearing (0.3347ms)
gateway-web	Run node city/test-all.mjs	2026-10-07T01:51:44.7093542Z ✔ accepts a complete request and normalizes it (4.7616ms)
gateway-web	Run node city/test-all.mjs	2026-10-07T01:51:44.7094036Z ✔ refuses a non-object with the donor message for its type (0.3323ms)
gateway-web	Run node city/test-all.mjs	2026-10-07T01:51:44.7094636Z ✔ refuses each missing or blank string field with a field-specific message (0.9758ms)
gateway-web	Run node city/test-all.mjs	2026-10-07T01:51:44.7095325Z ✔ refuses an unknown mode, a non-boolean checkpoint flag and an unknown priority (0.4366ms)
gateway-web	Run node city/test-all.mjs	2026-10-07T01:51:44.7095948Z ✔ defaults priority to normal and the acknowledgement to false (0.3593ms)
gateway-web	Run node city/test-all.mjs	2026-10-07T01:51:44.7096547Z ✔ defaults createdAt to the epoch and refuses a non-string createdAt (0.4339ms)
gateway-web	Run node city/test-all.mjs	2026-10-07T01:51:44.7097150Z ✔ trims surrounding whitespace instead of accepting it as content (0.3053ms)
gateway-web	Run node city/test-all.mjs	2026-10-07T01:51:44.7097716Z ✔ enforces each MAX_* bound at its limit and one past it (0.5841ms)
gateway-web	Run node city/test-all.mjs	2026-10-07T01:51:44.7098253Z ✔ refuses control characters by name, after the bound check (2.8634ms)
gateway-web	Run node city/test-all.mjs	2026-10-07T01:51:44.7098778Z ✔ refuses everything when disabled, after the shape check (0.5336ms)
gateway-web	Run node city/test-all.mjs	2026-10-07T01:51:44.7099508Z ✔ refuses an unknown source and names the allowed ones (0.3503ms)
gateway-web	Run node city/test-all.mjs	2026-10-07T01:51:44.7099997Z ✔ refuses a priority the deployment does not accept (0.3918ms)
gateway-web	Run node city/test-all.mjs	2026-10-07T01:51:44.7100545Z ✔ refuses a disabled mode (0.4237ms)
gateway-web	Run node city/test-all.mjs	2026-10-07T01:51:44.7101568Z ✔ refuses a system restart unless it is permitted and acknowledged (0.4803ms)
gateway-web	Run node city/test-all.mjs	2026-10-07T01:51:44.7102435Z ✔ refuses while the crash-loop breaker is tripped (0.2202ms)
gateway-web	Run node city/test-all.mjs	2026-10-07T01:51:44.7103035Z ✔ refuses a duplicate request id only when duplicate suppression is on (0.5731ms)
gateway-web	Run node city/test-all.mjs	2026-10-07T01:51:44.7103576Z ✔ refuses while another restart is in flight (0.4842ms)
gateway-web	Run node city/test-all.mjs	2026-10-07T01:51:44.7104102Z ✔ refuses inside a cooldown and reports the rounded remaining time (0.627ms)
gateway-web	Run node city/test-all.mjs	2026-10-07T01:51:44.7104652Z ✔ refuses when a required checkpoint cannot be verified (0.2041ms)
gateway-web	Run node city/test-all.mjs	2026-10-07T01:51:44.7105251Z ✔ refuses when no supervisor has been seen, because exiting is not restarting (0.1779ms)
gateway-web	Run node city/test-all.mjs	2026-10-07T01:51:44.7105880Z ✔ runs the ladder in the donor order: the cheapest refusal wins (0.4568ms)
gateway-web	Run node city/test-all.mjs	2026-10-07T01:51:44.7106361Z ✔ documents every code the ladder can raise (0.2691ms)
gateway-web	Run node city/test-all.mjs	2026-10-07T01:51:44.7106774Z ✔ builds a refusal with no request attached (0.1573ms)
gateway-web	Run node city/test-all.mjs	2026-10-07T01:51:44.7107281Z ✔ fingerprints the six fingerprinted fields and nothing else (1.7321ms)
gateway-web	Run node city/test-all.mjs	2026-10-07T01:51:44.7107754Z ✔ the vocabularies are frozen donor data (0.3751ms)
gateway-web	Run node city/test-all.mjs	2026-10-07T01:51:44.7108673Z ✔ a contract factory refuses invalid input instead of repairing it (1.4551ms)
gateway-web	Run node city/test-all.mjs	2026-10-07T01:51:44.7109300Z ✔ a contract factory copies, freezes and carries only declared fields (1.8351ms)
gateway-web	Run node city/test-all.mjs	2026-10-07T01:51:44.7109923Z ✔ the three seams are separate, and only the shutdown port asks the host (2.4437ms)
gateway-web	Run node city/test-all.mjs	2026-10-07T01:51:44.7110522Z ✔ the pinned digest is the donor digest, recomputed field by field (3.8431ms)
gateway-web	Run node city/test-all.mjs	2026-10-07T01:51:44.7111090Z ✔ a built ticket round-trips through the verification ladder (1.1153ms)
gateway-web	Run node city/test-all.mjs	2026-10-07T01:51:44.7111992Z ✔ the builder fills the schema version and computes the checksum over every other field (0.5196ms)
gateway-web	Run node city/test-all.mjs	2026-10-07T01:51:44.7112896Z ✔ the digest is reproducible and independent of key insertion order (0.7353ms)
gateway-web	Run node city/test-all.mjs	2026-10-07T01:51:44.7114418Z ✔ sha256 is the donor digest spelling: sha256:<hex>, 64 lowercase hex digits (0.4356ms)
gateway-web	Run node city/test-all.mjs	2026-10-07T01:51:44.7126616Z ✔ rejection missing: no document at all (0.245ms)
gateway-web	Run node city/test-all.mjs	2026-10-07T01:51:44.7127335Z ✔ rejection malformed: a document that is not an object (0.3103ms)
gateway-web	Run node city/test-all.mjs	2026-10-07T01:51:44.7127980Z ✔ the donor's malformed rung is exactly `typeof candidate !== 'object'` (0.2286ms)
gateway-web	Run node city/test-all.mjs	2026-10-07T01:51:44.7129057Z ✔ a short or extra-fielded document is judged by the checksum rung, as in the donor (1.7098ms)
gateway-web	Run node city/test-all.mjs	2026-10-07T01:51:44.7129731Z ✔ rejection schema_version: a document from another schema (1.5692ms)
gateway-web	Run node city/test-all.mjs	2026-10-07T01:51:44.7130304Z ✔ rejection checksum: tampering with one field after the build (1.5263ms)
gateway-web	Run node city/test-all.mjs	2026-10-07T01:51:44.7130835Z ✔ rejection expired: an unparsable or past expiry (0.5324ms)
gateway-web	Run node city/test-all.mjs	2026-10-07T01:51:44.7131422Z ✔ rejection wrong_pid: only when the caller supplies an expected pid (0.6008ms)
gateway-web	Run node city/test-all.mjs	2026-10-07T01:51:44.7131997Z ✔ the ladder is the donor's six rungs, and no seventh can fire (2.9112ms)
gateway-web	Run node city/test-all.mjs	2026-10-07T01:51:44.7132528Z ✔ the ladder stops at the first rung, in the donor order (0.4662ms)
gateway-web	Run node city/test-all.mjs	2026-10-07T01:51:44.7133128Z ✔ the builder throws only where the donor's own date construction throws (2.4093ms)
gateway-web	Run node city/test-all.mjs	2026-10-07T01:51:44.7133748Z ✔ the ticket factory never turns an invalid document into a valid one (0.5453ms)
gateway-web	Run node city/test-all.mjs	2026-10-07T01:51:44.7134258Z ✔ emptyLedger() has the donor shape exactly (0.2462ms)
gateway-web	Run node city/test-all.mjs	2026-10-07T01:51:44.7134706Z ✔ the contract vocabulary is the donor vocabulary (0.2516ms)
gateway-web	Run node city/test-all.mjs	2026-10-07T01:51:44.7135208Z ✔ the contract keeps the donor vocabulary and nothing else (3.5681ms)
gateway-web	Run node city/test-all.mjs	2026-10-07T01:51:44.7135756Z ✔ the manifest is sorted, hashed and rooted deterministically (15.7862ms)
gateway-web	Run node city/test-all.mjs	2026-10-07T01:51:44.7136356Z ✔ a stored hash that no longer matches fails closed instead of re-hashing (1.4588ms)
gateway-web	Run node city/test-all.mjs	2026-10-07T01:51:44.7137245Z ✔ structured claims drive the claim statuses exactly as the donor decides them (1.5121ms)
gateway-web	Run node city/test-all.mjs	2026-10-07T01:51:44.7137969Z ✔ PASS needs every provider, no dispute and no blocking claim; nothing else passes (1.2502ms)
gateway-web	Run node city/test-all.mjs	2026-10-07T01:51:44.7138722Z ✔ the bundle is deterministic when the ids and clock are injected (0.4433ms)
gateway-web	Run node city/test-all.mjs	2026-10-07T01:51:44.7139338Z ✔ rehydration addresses only the unresolved claims and calls nobody (0.5686ms)
gateway-web	Run node city/test-all.mjs	2026-10-07T01:51:44.7140230Z ✔ the module is self-contained: no Boss runtime, no donor checkout (12.0842ms)
gateway-web	Run node city/test-all.mjs	2026-10-07T01:51:44.7140867Z ✔ the frozen figure vocabulary keeps the donor defaults and bounds (2.0848ms)
gateway-web	Run node city/test-all.mjs	2026-10-07T01:51:44.7141372Z ✔ a concrete chart is emitted byte for byte (0.7317ms)
gateway-web	Run node city/test-all.mjs	2026-10-07T01:51:44.7141905Z ✔ the chart is deterministic, and its digest is pinned at full length (0.7409ms)
gateway-web	Run node city/test-all.mjs	2026-10-07T01:51:44.7142454Z ✔ rows and labels stay bounded at the donor limits (0.5542ms)
gateway-web	Run node city/test-all.mjs	2026-10-07T01:51:44.7142999Z ✔ user-controlled text is escaped for SVG (0.21ms)
gateway-web	Run node city/test-all.mjs	2026-10-07T01:51:44.7145474Z ✔ options and defaults flow through without changing the donor rules (0.3516ms)
gateway-web	Run node city/test-all.mjs	2026-10-07T01:51:44.7147538Z ✔ edge inputs render exactly as the donor renders them (0.2641ms)
gateway-web	Run node city/test-all.mjs	2026-10-07T01:51:44.7150079Z ✔ figureForRuns is the donor wrapper: name runs.svg, title passed through (0.8529ms)
gateway-web	Run node city/test-all.mjs	2026-10-07T01:51:44.7151202Z ✔ the figure factories validate, freeze, copy and never repair (1.5037ms)
gateway-web	Run node city/test-all.mjs	2026-10-07T01:51:44.7152167Z ✔ the manuscript vocabulary keeps the donor order and membership (4.1748ms)
gateway-web	Run node city/test-all.mjs	2026-10-07T01:51:44.7153203Z ✔ the six section briefs carry the donor purposes, claim ids and evidence ids (1.5749ms)
gateway-web	Run node city/test-all.mjs	2026-10-07T01:51:44.7154288Z ✔ the evidence check fails on a missing id and on an out-of-scope reference (1.2434ms)
gateway-web	Run node city/test-all.mjs	2026-10-07T01:51:44.7155300Z ✔ the evidence check keeps the donor token grammar and the 20-id cap (0.8204ms)
gateway-web	Run node city/test-all.mjs	2026-10-07T01:51:44.7156337Z ✔ §18 sufficiency reports the exact unmet obligations in declaration order (5.5774ms)
gateway-web	Run node city/test-all.mjs	2026-10-07T01:51:44.7157455Z ✔ §19 anti-premature-closure names every undiscussed claim and evidence id (1.5339ms)
gateway-web	Run node city/test-all.mjs	2026-10-07T01:51:44.7158413Z ✔ §19 reports a results section that no discussion interprets (0.4639ms)
gateway-web	Run node city/test-all.mjs	2026-10-07T01:51:44.7159391Z ✔ the LaTeX table is emitted byte for byte, with the donor escapes (1.6275ms)
gateway-web	Run node city/test-all.mjs	2026-10-07T01:51:44.7160411Z ✔ the Markdown table mirrors the same rows, with its own escaping rules (0.8232ms)
gateway-web	Run node city/test-all.mjs	2026-10-07T01:51:44.7161521Z ✔ the §21.2 visual-evidence verdict keeps the donor reason string (0.5515ms)
gateway-web	Run node city/test-all.mjs	2026-10-07T01:51:44.7162526Z ✔ the donor plan validator keeps its exact refusal messages (0.9375ms)
gateway-web	Run node city/test-all.mjs	2026-10-07T01:51:44.7163523Z ✔ the manuscript factories validate, freeze, copy and never repair (3.5312ms)
gateway-web	Run node city/test-all.mjs	2026-10-07T01:51:44.7164770Z ✔ the allow-list names the donor executable families and strips path and Windows suffixes (2.3989ms)
gateway-web	Run node city/test-all.mjs	2026-10-07T01:51:44.7165789Z ✔ the command gate accepts a complete spec (0.8946ms)
gateway-web	Run node city/test-all.mjs	2026-10-07T01:51:44.7166712Z ✔ the command gate refuses with the donor messages, in the donor order (1.5798ms)
gateway-web	Run node city/test-all.mjs	2026-10-07T01:51:44.7168082Z ✔ a bare executable outside the allow-list is still a valid spec: the donor does not mix the two gates (0.3024ms)
gateway-web	Run node city/test-all.mjs	2026-10-07T01:51:44.7169793Z ✔ a section prompt is bound to the frozen contract and lists only its claims (3.1682ms)
gateway-web	Run node city/test-all.mjs	2026-10-07T01:51:44.7171044Z ✔ a section that would rewrite the frozen goal is refused with the donor reason (0.5729ms)
gateway-web	Run node city/test-all.mjs	2026-10-07T01:51:44.7172192Z ✔ the sufficiency gate needs evidence, runs, citations and a review (0.8085ms)
gateway-web	Run node city/test-all.mjs	2026-10-07T01:51:44.7173250Z ✔ the sufficiency gate keeps the donor accounting exactly (0.4149ms)
gateway-web	Run node city/test-all.mjs	2026-10-07T01:51:44.7174176Z ✔ the frozen vocabularies keep the donor members and order (2.345ms)
gateway-web	Run node city/test-all.mjs	2026-10-07T01:51:44.7174981Z ✔ every vocabulary array is frozen (0.7782ms)
gateway-web	Run node city/test-all.mjs	2026-10-07T01:51:44.7175991Z ✔ the research budget and scope factories copy and refuse with the donor messages (0.995ms)
gateway-web	Run node city/test-all.mjs	2026-10-07T01:51:44.7177147Z ✔ the research IR factory keeps the donor validation order and messages (0.8602ms)
gateway-web	Run node city/test-all.mjs	2026-10-07T01:51:44.7178991Z ✔ the protocol factory validates the scientific core and copies (1.7123ms)
gateway-web	Run node city/test-all.mjs	2026-10-07T01:51:44.7180039Z ✔ the amendment factory refuses non-frozen fields and missing reasons (0.6969ms)
gateway-web	Run node city/test-all.mjs	2026-10-07T01:51:44.7181247Z ✔ the research contract factory is a strict gate and copies the lists (0.6258ms)
gateway-web	Run node city/test-all.mjs	2026-10-07T01:51:44.7182360Z ✔ the research command spec factory keeps the donor allow-list text and limits (1.5311ms)
gateway-web	Run node city/test-all.mjs	2026-10-07T01:51:44.7183479Z ✔ index.mjs is the one export site and exposes exactly the ported surface (1.7764ms)
gateway-web	Run node city/test-all.mjs	2026-10-07T01:51:44.7184732Z ✔ the module is self-contained and pure: nothing outside its directory, no clock, no randomness (16.0755ms)
gateway-web	Run node city/test-all.mjs	2026-10-07T01:51:44.7185880Z ✔ the transition graph is the donor table and covers every state (2.6559ms)
gateway-web	Run node city/test-all.mjs	2026-10-07T01:51:44.7186833Z ✔ the main flow advances in the plan order and stops at READY (0.3459ms)
gateway-web	Run node city/test-all.mjs	2026-10-07T01:51:44.7187841Z ✔ a control state has no successor unless control transitions are allowed (0.2492ms)
gateway-web	Run node city/test-all.mjs	2026-10-07T01:51:44.7189199Z ✔ canAdvance refuses FAILED, READY and the two waiting states (0.3101ms)
gateway-web	Run node city/test-all.mjs	2026-10-07T01:51:44.7190165Z ✔ the IR gate accepts a complete IR and refuses with the donor messages (1.8537ms)
gateway-web	Run node city/test-all.mjs	2026-10-07T01:51:44.7191291Z ✔ the canonical form sorts keys recursively and hashes through the injected digest (1.8956ms)
gateway-web	Run node city/test-all.mjs	2026-10-07T01:51:44.7192405Z ✔ the scientific core is the donor field set, exclusion rule optional (1.4403ms)
gateway-web	Run node city/test-all.mjs	2026-10-07T01:51:44.7193456Z ✔ diffProtocol reports a silent change only for a differing frozen field (0.6494ms)
gateway-web	Run node city/test-all.mjs	2026-10-07T01:51:44.7194685Z ✔ the amendment gate refuses with the donor messages and accepts a frozen-field change (1.0519ms)
gateway-web	Run node city/test-all.mjs	2026-10-07T01:51:44.7195991Z ✔ a declared baseline is honoured, an unknown source becomes implementation-declared (0.5745ms)
gateway-web	Run node city/test-all.mjs	2026-10-07T01:51:44.7197219Z ✔ with no declared baseline the host infers a named provenance and records why (0.3067ms)
gateway-web	Run node city/test-all.mjs	2026-10-07T01:51:44.7198320Z ✔ every stage routes to the donor role, and only to a declared role (1.7368ms)
gateway-web	Run node city/test-all.mjs	2026-10-07T01:51:44.7199379Z ✔ every stage expects the donor artifact kind, and only a declared kind (0.3439ms)
gateway-web	Run node city/test-all.mjs	2026-10-07T01:51:44.7200491Z ✔ an unknown stage is not rejected here: the donor lookup yields undefined (0.2351ms)
gateway-web	Run node city/test-all.mjs	2026-10-07T01:51:44.7201521Z ✔ a stage artifact is a typed skeleton with a deterministic id (1.5362ms)
gateway-web	Run node city/test-all.mjs	2026-10-07T01:51:44.7202608Z ✔ the clock is an injected parameter and its default is the deterministic epoch (0.9273ms)
gateway-web	Run node city/test-all.mjs	2026-10-07T01:51:44.7203783Z ✔ the summary is truncated to 500 characters and the payload is copied (1.0659ms)
gateway-web	Run node city/test-all.mjs	2026-10-07T01:51:44.7204860Z ✔ a verified record renders as the donor renders it, field for field (2.6884ms)
gateway-web	Run node city/test-all.mjs	2026-10-07T01:51:44.7205828Z ✔ the entry key is the sanitised id, with the donor fallbacks (0.4151ms)
gateway-web	Run node city/test-all.mjs	2026-10-07T01:51:44.7206909Z ✔ author and title fall back exactly where the donor falls back, and nowhere else (0.467ms)
gateway-web	Run node city/test-all.mjs	2026-10-07T01:51:44.7208070Z ✔ only the four verified statuses are included, and nothing is deduplicated (0.5963ms)
gateway-web	Run node city/test-all.mjs	2026-10-07T01:51:44.7209622Z ✔ referencesBib writes the count header, the blank-line separation and the placeholder (1.1147ms)
gateway-web	Run node city/test-all.mjs	2026-10-07T01:51:44.7210931Z ✔ the bibliography renders records and validates nothing, exactly as the donor does (1.0305ms)
gateway-web	Run node city/test-all.mjs	2026-10-07T01:51:44.7212173Z ✔ the ladder returns exactly the status the evidence reaches, in the donor order (3.5599ms)
gateway-web	Run node city/test-all.mjs	2026-10-07T01:51:44.7213238Z ✔ a primary claim is refused while any citation is UNSUPPORTED (0.6019ms)
gateway-web	Run node city/test-all.mjs	2026-10-07T01:51:44.7214239Z ✔ the audit summarises the records it was given, without inventing citations (0.9554ms)
gateway-web	Run node city/test-all.mjs	2026-10-07T01:51:44.7215360Z ✔ the frozen vocabularies are the donor ladder and status sets, frozen (2.6737ms)
gateway-web	Run node city/test-all.mjs	2026-10-07T01:51:44.7216703Z ✔ citationRecord validates first and copies, so a validated record cannot be mutated through the caller (1.0011ms)
gateway-web	Run node city/test-all.mjs	2026-10-07T01:51:44.7218124Z ✔ citationRecord never repairs the input it refuses, and never rewrites what it accepts (2.3931ms)
gateway-web	Run node city/test-all.mjs	2026-10-07T01:51:44.7219659Z ✔ humanResearchInput validates with the donor rules and copies the arrays it is given (0.5373ms)
gateway-web	Run node city/test-all.mjs	2026-10-07T01:51:44.7220964Z ✔ validateHumanResearchInput refuses with the donor messages, in the donor order (3.4328ms)
gateway-web	Run node city/test-all.mjs	2026-10-07T01:51:44.7223194Z ✔ the module set is self-contained: no runtime, no clock, no randomness, no sibling import (13.1884ms)
gateway-web	Run node city/test-all.mjs	2026-10-07T01:51:44.7224454Z ✔ the run id is the question slug plus injected entropy, never a timestamp (3.1683ms)
gateway-web	Run node city/test-all.mjs	2026-10-07T01:51:44.7225682Z ✔ humanResearchToIR builds the donor IR, with the donor defaults and the injected clock (2.8268ms)
gateway-web	Run node city/test-all.mjs	2026-10-07T01:51:44.7226924Z ✔ the input rules are the donor rules, reachable through the exported validator (0.9571ms)
gateway-web	Run node city/test-all.mjs	2026-10-07T01:51:44.7228202Z ✔ the constructor factories carry the adjudication shapes, and the default is one vote (2.6945ms)
gateway-web	Run node city/test-all.mjs	2026-10-07T01:51:44.7229598Z ✔ only the votes bound to the evidence claim are counted (0.3867ms)
gateway-web	Run node city/test-all.mjs	2026-10-07T01:51:44.7230670Z ✔ adoption needs both evidence flags: evidence outranks any number of votes (0.4972ms)
gateway-web	Run node city/test-all.mjs	2026-10-07T01:51:44.7231928Z ✔ with decisive evidence, the required-vote threshold decides, at and either side of it (0.4187ms)
gateway-web	Run node city/test-all.mjs	2026-10-07T01:51:44.7232974Z ✔ a non-supporting stance never counts as concurrence (0.26ms)
gateway-web	Run node city/test-all.mjs	2026-10-07T01:51:44.7233996Z ✔ verifiedCitations is declared but never read, exactly as in the donor (0.3465ms)
gateway-web	Run node city/test-all.mjs	2026-10-07T01:51:44.7235206Z ✔ the plan carries every registered capability, in registry order, and nothing else (3.0765ms)
gateway-web	Run node city/test-all.mjs	2026-10-07T01:51:44.7236219Z ✔ an empty profile needs exactly the always-on five (0.5691ms)
gateway-web	Run node city/test-all.mjs	2026-10-07T01:51:44.7237138Z ✔ bindsCitations is a truthiness test, exactly as the donor has it (0.5077ms)
gateway-web	Run node city/test-all.mjs	2026-10-07T01:51:44.7238364Z ✔ a formal protocol needs the methodology critic, and nothing else beyond the always-on five (0.2054ms)
gateway-web	Run node city/test-all.mjs	2026-10-07T01:51:44.7239547Z ✔ quantitative experiments drive the quantitative capability set (0.2797ms)
gateway-web	Run node city/test-all.mjs	2026-10-07T01:51:44.7240722Z ✔ hasArchitecture is a Boolean() test and hasMultipleReviewers is a strict === true test (0.3101ms)
gateway-web	Run node city/test-all.mjs	2026-10-07T01:51:44.7242134Z ✔ every registry row is the donor row, and every planned status is a refused-or-accepted donor status (1.2259ms)
gateway-web	Run node city/test-all.mjs	2026-10-07T01:51:44.7243399Z ✔ the refusal path refuses anything that is not a donor capability status (0.2136ms)
gateway-web	Run node city/test-all.mjs	2026-10-07T01:51:44.7244517Z ✔ the frozen vocabularies are the donor vocabularies in the donor order (3.5213ms)
gateway-web	Run node city/test-all.mjs	2026-10-07T01:51:44.7245648Z ✔ the capability registry is byte-identical to the donor and pinned by digest (1.2998ms)
gateway-web	Run node city/test-all.mjs	2026-10-07T01:51:44.7246689Z ✔ the thresholds are the donor thresholds, pinned exactly (0.2729ms)
gateway-web	Run node city/test-all.mjs	2026-10-07T01:51:44.7247988Z ✔ the factories copy on construct and enforce the declared shape (2.3663ms)
gateway-web	Run node city/test-all.mjs	2026-10-07T01:51:44.7249095Z ✔ candidateQuestion enforces the donor limit and copies the optional fields (0.5347ms)
gateway-web	Run node city/test-all.mjs	2026-10-07T01:51:44.7250290Z ✔ validateCandidateQuestion is the donor check: exact messages and order (0.6616ms)
gateway-web	Run node city/test-all.mjs	2026-10-07T01:51:44.7251139Z ✔ validateLevelAPlan is the donor check: exact messages, order and boundaries (0.9036ms)
gateway-web	Run node city/test-all.mjs	2026-10-07T01:51:44.7251844Z ✔ isResearchCapabilityStatus refuses anything that is not a donor status (0.3152ms)
gateway-web	Run node city/test-all.mjs	2026-10-07T01:51:44.7252748Z ✔ index.mjs is the single export site, and its surface is pinned (2.6959ms)
gateway-web	Run node city/test-all.mjs	2026-10-07T01:51:44.7253605Z ✔ the module is self-contained and pure: only relative imports, no clock, no randomness, no environment (13.2446ms)
gateway-web	Run node city/test-all.mjs	2026-10-07T01:51:44.7254403Z ✔ no new delayed-learning or Machine Intelligence research direction was added (7.2069ms)
gateway-web	Run node city/test-all.mjs	2026-10-07T01:51:44.7255071Z ✔ the donor levela -> levelb value edge is preserved, and never reversed (9.4551ms)
gateway-web	Run node city/test-all.mjs	2026-10-07T01:51:44.7255659Z ✔ the novelty review scores exactly the donor arithmetic (2.5405ms)
gateway-web	Run node city/test-all.mjs	2026-10-07T01:51:44.7256262Z ✔ the A/B value edge is real: falsifiability is worth exactly +2 feasibility (0.386ms)
gateway-web	Run node city/test-all.mjs	2026-10-07T01:51:44.7256939Z ✔ noveltyReview adds no validation rung of its own (0.4723ms)
gateway-web	Run node city/test-all.mjs	2026-10-07T01:51:44.7257679Z ✔ levelAGate decides at 2.0 on each score, novelty first (0.3811ms)
gateway-web	Run node city/test-all.mjs	2026-10-07T01:51:44.7258294Z ✔ buildExperimentSpec clamps, defaults and stamps, with the clock injected (0.5708ms)
gateway-web	Run node city/test-all.mjs	2026-10-07T01:51:44.7259380Z ✔ validateLevelAPlan is reachable from the levela module and the export site alike (0.1387ms)
gateway-web	Run node city/test-all.mjs	2026-10-07T01:51:44.7260235Z ✔ the Level-A plan gate reports the donor messages at every boundary (0.5521ms)
gateway-web	Run node city/test-all.mjs	2026-10-07T01:51:44.7260870Z ✔ isFalsifiable requires both flags and uses the donor truthiness test (1.6281ms)
gateway-web	Run node city/test-all.mjs	2026-10-07T01:51:44.7261586Z ✔ selectFalsifiableQuestion rejects with the donor reason and never drops a candidate (1.4268ms)
gateway-web	Run node city/test-all.mjs	2026-10-07T01:51:44.7262380Z ✔ a selection with nothing ready distinguishes "no candidates" from "no falsifiable candidate" (0.3ms)
gateway-web	Run node city/test-all.mjs	2026-10-07T01:51:44.7263174Z ✔ ranking is novelty + feasibility with a ?? 0 default, and a tie keeps the earlier candidate (0.5933ms)
gateway-web	Run node city/test-all.mjs	2026-10-07T01:51:44.7263876Z ✔ the donor candidate check runs before selection, with its exact messages (0.8112ms)
gateway-web	Run node city/test-all.mjs	2026-10-07T01:51:44.7264510Z ✔ the review module re-exports the donor role vocabulary unchanged (2.6612ms)
gateway-web	Run node city/test-all.mjs	2026-10-07T01:51:44.7265181Z ✔ respondToObjections appends, replaces in place, and refuses an unknown objection (0.5684ms)
gateway-web	Run node city/test-all.mjs	2026-10-07T01:51:44.7265910Z ✔ reviewRoundSettled reports open objections and violations, in objection order (0.6607ms)
gateway-web	Run node city/test-all.mjs	2026-10-07T01:51:44.7266557Z ✔ metaReview approves only a settled round whose revisions landed (0.3448ms)
gateway-web	Run node city/test-all.mjs	2026-10-07T01:51:44.7267532Z ✔ metaReview reads revisedSections directly, exactly as the donor does (0.5652ms)
gateway-web	Run node city/test-all.mjs	2026-10-07T01:51:44.7268229Z ✔ publicationReady reports the four publication gates in the donor order (0.3859ms)
gateway-web	Run node city/test-all.mjs	2026-10-07T01:51:44.7268972Z ✔ the frozen vocabularies are exactly the donor five domains, five statuses and seven gates (3.4029ms)
gateway-web	Run node city/test-all.mjs	2026-10-07T01:51:44.7269702Z ✔ the contracts validate the declared shapes and never repair an invalid value (1.3295ms)
gateway-web	Run node city/test-all.mjs	2026-10-07T01:51:44.7270378Z ✔ READY passes only with the full §34 artifact chain and an approving review (0.6113ms)
gateway-web	Run node city/test-all.mjs	2026-10-07T01:51:44.7271094Z ✔ REJECTED is a PASS only when the evidence is complete and the hypothesis unsupported (0.4032ms)
gateway-web	Run node city/test-all.mjs	2026-10-07T01:51:44.7271785Z ✔ REPLICATION_FAILED is a PASS only when the failure is actually recorded (0.2761ms)
gateway-web	Run node city/test-all.mjs	2026-10-07T01:51:44.7272379Z ✔ INCONCLUSIVE needs only execution evidence and statistics (0.2439ms)
gateway-web	Run node city/test-all.mjs	2026-10-07T01:51:44.7272966Z ✔ INSUFFICIENT_EVIDENCE needs only a protocol and an execution trail (0.2527ms)
gateway-web	Run node city/test-all.mjs	2026-10-07T01:51:44.7273652Z ✔ an undeclared terminal status reaches the donor last branch rather than being gated (0.2379ms)
gateway-web	Run node city/test-all.mjs	2026-10-07T01:51:44.7274342Z ✔ the battery declares one honest scenario per domain and scores every path (0.9231ms)
gateway-web	Run node city/test-all.mjs	2026-10-07T01:51:44.7275057Z ✔ runResearchBattery reports the donor verdicts and reason strings in scenario order (0.8906ms)
gateway-web	Run node city/test-all.mjs	2026-10-07T01:51:44.7275787Z ✔ the battery module imports only its siblings and stays free of the donor runtime (15.803ms)
gateway-web	Run node city/test-all.mjs	2026-10-07T01:51:44.7276463Z ✔ mean and median reproduce the donor arithmetic and its empty-sample NaN (2.8579ms)
gateway-web	Run node city/test-all.mjs	2026-10-07T01:51:44.7277220Z ✔ standardDeviation switches between sample and population exactly at its declared boundaries (0.4208ms)
gateway-web	Run node city/test-all.mjs	2026-10-07T01:51:44.7277820Z ✔ describe packages the donor four fields (0.3554ms)
gateway-web	Run node city/test-all.mjs	2026-10-07T01:51:44.7278373Z ✔ confidenceInterval is the normal approximation with the donor default z (0.7442ms)
gateway-web	Run node city/test-all.mjs	2026-10-07T01:51:44.7279022Z ✔ mulberry32 is the donor LCG: seed-normalised, reproducible and bounded (0.6364ms)
gateway-web	Run node city/test-all.mjs	2026-10-07T01:51:44.7279709Z ✔ bootstrapCi resamples deterministically at the donor defaults and alpha indices (10ms)
gateway-web	Run node city/test-all.mjs	2026-10-07T01:51:44.7280269Z ✔ effectSize is the donor's pooled Cohen's d (0.3436ms)
gateway-web	Run node city/test-all.mjs	2026-10-07T01:51:44.7280813Z ✔ oneSampleEffectSize is (mean − baseline) / sd and NaN when underpowered (0.2958ms)
gateway-web	Run node city/test-all.mjs	2026-10-07T01:51:44.7281448Z ✔ oneSamplePermutationP is the seeded sign-permutation fraction (19.7815ms)
gateway-web	Run node city/test-all.mjs	2026-10-07T01:51:44.7282269Z ✔ permutationP keeps the donor's paired and unpaired paths, seeds and boundaries (38.5939ms)
gateway-web	Run node city/test-all.mjs	2026-10-07T01:51:44.7282977Z ✔ proportion refuses a non-positive denominator instead of inventing a number (0.3685ms)
gateway-web	Run node city/test-all.mjs	2026-10-07T01:51:44.7283626Z ✔ every pinned literal is verbatim node -e output at full precision (0.5343ms)
gateway-web	Run node city/test-all.mjs	2026-10-07T01:51:44.7284329Z ✔ the module is pure: no clock, no randomness beyond the seed, no io (21.8545ms)
gateway-web	Run node city/test-all.mjs	2026-10-07T01:51:44.7284860Z ✔ trust ordering and query filters match the donor (2.2871ms)
gateway-web	Run node city/test-all.mjs	2026-10-07T01:51:44.7285459Z ✔ retrieval is trust-ordered, recency-broken and within the character budget (20.6753ms)
gateway-web	Run node city/test-all.mjs	2026-10-07T01:51:44.7286080Z ✔ taxonomy and the deterministic domain router match the donor (1.9252ms)
gateway-web	Run node city/test-all.mjs	2026-10-07T01:51:44.7286630Z ✔ goal reranking prefers relevance, then trust, then recency (0.354ms)
gateway-web	Run node city/test-all.mjs	2026-10-07T01:51:44.7287547Z ✔ planRetrieval combines routing, reranking and the budget in one call (0.6758ms)
gateway-web	Run node city/test-all.mjs	2026-10-07T01:51:44.7288184Z ✔ supersession and conflict metadata is reported honestly (0.7642ms)
gateway-web	Run node city/test-all.mjs	2026-10-07T01:51:44.7288807Z ✔ the module is self-contained: built-ins only, no Boss store dependency (16.4382ms)
gateway-web	Run node city/test-all.mjs	2026-10-07T01:51:44.7289490Z ✔ provenance stays honest: DONOR.json pins the donor and records the adaptation (1.5635ms)
gateway-web	Run node city/test-all.mjs	2026-10-07T01:51:44.7290118Z ✔ every sample is a real document of its kind, built in memory (30.3341ms)
gateway-web	Run node city/test-all.mjs	2026-10-07T01:51:44.7290704Z ✔ the three adapters decode their own sample with the real engines (495.3531ms)
gateway-web	Run node city/test-all.mjs	2026-10-07T01:51:44.7291313Z ✔ a refused document fails closed in every adapter, with its own code (0.9945ms)
gateway-web	Run node city/test-all.mjs	2026-10-07T01:51:44.7291907Z ✔ every adapter carries the same fail-closed default limits shape (0.2615ms)
gateway-web	Run node city/test-all.mjs	2026-10-07T01:51:44.7292424Z ✔ default limits and typed error match the donor (2.852ms)
gateway-web	Run node city/test-all.mjs	2026-10-07T01:51:44.7293028Z ✔ converter seam extracts, splits paragraphs, maps headings/bullets and truncates (2.3124ms)
gateway-web	Run node city/test-all.mjs	2026-10-07T01:51:44.7293724Z ✔ html converter seam maps h1..h6 and list items, and truncates on its own budget (1.4393ms)
gateway-web	Run node city/test-all.mjs	2026-10-07T01:51:44.7294280Z ✔ guards fail closed before any converter runs (1.4247ms)
gateway-web	Run node city/test-all.mjs	2026-10-07T01:51:44.7294755Z ✔ a ZIP that is not a DOCX is CORRUPT_DOCX, not a crash (178.847ms)
gateway-web	Run node city/test-all.mjs	2026-10-07T01:51:44.7295306Z ✔ real engine: mammoth parses the synthetic DOCX through the bridge (106.019ms)
gateway-web	Run node city/test-all.mjs	2026-10-07T01:51:44.7295955Z ✔ paragraph splitting counts characters and paragraphs exactly as the donor (0.5866ms)
gateway-web	Run node city/test-all.mjs	2026-10-07T01:51:44.7296598Z ✔ quarantine: docx.mjs imports only the engine seam and node: builtins (5.4491ms)
gateway-web	Run node city/test-all.mjs	2026-10-07T01:51:44.7297203Z ✔ every engine is named in one module and resolves from the city tree (13.4003ms)
gateway-web	Run node city/test-all.mjs	2026-10-07T01:51:44.7297774Z ✔ the engines really load and expose what the readers need (332.0703ms)
gateway-web	Run node city/test-all.mjs	2026-10-07T01:51:44.7298353Z ✔ a missing install is an installation problem, not a broken document (0.3121ms)
gateway-web	Run node city/test-all.mjs	2026-10-07T01:51:44.7298871Z ✔ limits and verbosity mirror the donor exactly (2.4405ms)
gateway-web	Run node city/test-all.mjs	2026-10-07T01:51:44.7299288Z ✔ PdfError carries its name and code (0.2307ms)
gateway-web	Run node city/test-all.mjs	2026-10-07T01:51:44.7299863Z ✔ inspectPdfHeader accepts a real PDF and rejects other payloads with typed errors (0.5237ms)
gateway-web	Run node city/test-all.mjs	2026-10-07T01:51:44.7300543Z ✔ extractPdf decodes a synthetic one-page PDF through the real engine (287.7605ms)
gateway-web	Run node city/test-all.mjs	2026-10-07T01:51:44.7301157Z ✔ extractPdf honours the page cap and warns about the unread pages (16.2023ms)
gateway-web	Run node city/test-all.mjs	2026-10-07T01:51:44.7301740Z ✔ extractPdf fails closed on a truncated or corrupt document (5.9728ms)
gateway-web	Run node city/test-all.mjs	2026-10-07T01:51:44.7302324Z ✔ extractPdf rejects over-limit bytes before the engine is consulted (0.4891ms)
gateway-web	Run node city/test-all.mjs	2026-10-07T01:51:44.7302866Z ✔ extractPdf is deterministic for identical bytes (15.8681ms)
gateway-web	Run node city/test-all.mjs	2026-10-07T01:51:44.7303299Z ✔ the port keeps its engine quarantine (11.5501ms)
gateway-web	Run node city/test-all.mjs	2026-10-07T01:51:44.7303853Z ✔ a sheet with shared strings extracts the expected rows, part and used range (27.6804ms)
gateway-web	Run node city/test-all.mjs	2026-10-07T01:51:44.7304529Z ✔ the markdown rendering is a real table with a header row and a separator row (3.3874ms)
gateway-web	Run node city/test-all.mjs	2026-10-07T01:51:44.7305141Z ✔ the synthetic package is a real ZIP the engine itself can open (3.3739ms)
gateway-web	Run node city/test-all.mjs	2026-10-07T01:51:44.7305911Z ✔ a formula without a cached value warns and is never given an invented result (2.8792ms)
gateway-web	Run node city/test-all.mjs	2026-10-07T01:51:44.7306479Z ✔ two extractions of the same bytes are deeply equal (2.887ms)
gateway-web	Run node city/test-all.mjs	2026-10-07T01:51:44.7307127Z ✔ sheets beyond limits.maxSheets are reported, not silently dropped (2.0068ms)
gateway-web	Run node city/test-all.mjs	2026-10-07T01:51:44.7308175Z ✔ a payload that is not a ZIP fails closed as NOT_XLSX (a truncated one as CORRUPT_XLSX) (7.9977ms)
gateway-web	Run node city/test-all.mjs	2026-10-07T01:51:44.7308903Z ✔ an archive above limits.maxEntries or limits.maxBytes fails closed as TOO_LARGE (2.1102ms)
gateway-web	Run node city/test-all.mjs	2026-10-07T01:51:44.7309587Z ✔ an entry expanding above limits.maxEntryBytes fails closed as TOO_LARGE (4.3082ms)
gateway-web	Run node city/test-all.mjs	2026-10-07T01:51:44.7310226Z ✔ DEFAULT_XLSX_LIMITS carries the donor pin and is frozen (0.4226ms)
gateway-web	Run node city/test-all.mjs	2026-10-07T01:51:44.7310819Z ✔ the reader is quarantined: the engine seam and the core, never fflate (16.3493ms)
gateway-web	Run node city/test-all.mjs	2026-10-07T01:51:44.7311490Z ✔ encoding detection follows BOMs, validates UTF-8 and refuses to guess silently (3.2176ms)
gateway-web	Run node city/test-all.mjs	2026-10-07T01:51:44.7312146Z ✔ markdown and plain text split into offset-preserving sections (1.9904ms)
gateway-web	Run node city/test-all.mjs	2026-10-07T01:51:44.7312702Z ✔ JSON, JSON Lines and structured sections match the donor (66.3576ms)
gateway-web	Run node city/test-all.mjs	2026-10-07T01:51:44.7313297Z ✔ CSV and TSV parsing matches the donor, including quoted fields and limits (1.5802ms)
gateway-web	Run node city/test-all.mjs	2026-10-07T01:51:44.7313910Z ✔ XML helpers decode entities and extract text runs exactly once (1.3773ms)
gateway-web	Run node city/test-all.mjs	2026-10-07T01:51:44.7314516Z ✔ format detection names the parser, including the completed YAML branch (0.4555ms)
gateway-web	Run node city/test-all.mjs	2026-10-07T01:51:44.7315183Z ✔ the module carries no parser of its own: the YAML package stays behind the seam (13.0292ms)
gateway-web	Run node city/test-all.mjs	2026-10-07T01:51:44.7315840Z ✔ provenance stays honest: DONOR.json records both waves of this module (2.1316ms)
gateway-web	Run node city/test-all.mjs	2026-10-07T01:51:44.7316476Z ✔ the extension decides the order, and the YAML branch is a real format now (1.7833ms)
gateway-web	Run node city/test-all.mjs	2026-10-07T01:51:44.7317092Z ✔ a .yaml document is parsed as YAML with nested maps and sequences (66.1614ms)
gateway-web	Run node city/test-all.mjs	2026-10-07T01:51:44.7317667Z ✔ the non-YAML fallback is reported, exactly as the donor does (1.8463ms)
gateway-web	Run node city/test-all.mjs	2026-10-07T01:51:44.7318246Z ✔ invalid input fails closed with one reason and the parser detail (21.1541ms)
gateway-web	Run node city/test-all.mjs	2026-10-07T01:51:44.7318787Z ✔ the intake is deterministic, and every guard is real (10.359ms)
gateway-web	Run node city/test-all.mjs	2026-10-07T01:51:44.7319288Z ✔ the module never names the package outside the seam (11.1027ms)
gateway-web	Run node city/test-all.mjs	2026-10-07T01:51:44.7319883Z ✔ the dependency is quarantined in one file and resolves from the city tree (60.0577ms)
gateway-web	Run node city/test-all.mjs	2026-10-07T01:51:44.7320577Z ✔ a YAML document parses into plain data, including nested maps and sequences (17.0509ms)
gateway-web	Run node city/test-all.mjs	2026-10-07T01:51:44.7321244Z ✔ a malformed document fails closed with a typed error carrying the reason (4.6774ms)
gateway-web	Run node city/test-all.mjs	2026-10-07T01:51:44.7321830Z ✔ the limits are real: size and alias count are both bounded (7.9528ms)
gateway-web	Run node city/test-all.mjs	2026-10-07T01:51:44.7322411Z ✔ a missing package is an installation problem, not an invalid document (0.8245ms)
gateway-web	Run node city/test-all.mjs	2026-10-07T01:51:44.7323200Z ✔ the ordered gate chain is the donor's seven-value literal, in order, frozen (3.3048ms)
gateway-web	Run node city/test-all.mjs	2026-10-07T01:51:44.7323865Z ✔ a fully-ready probe is ready with no blockers and echoes the caller's facts (0.4498ms)
gateway-web	Run node city/test-all.mjs	2026-10-07T01:51:44.7324511Z ✔ a non-ready DOM blocks with exactly the failing gates, in gate order (0.4435ms)
gateway-web	Run node city/test-all.mjs	2026-10-07T01:51:44.7325125Z ✔ an empty probe is ready: absence of every fact is 'unknown ⇒ pass' (0.2625ms)
gateway-web	Run node city/test-all.mjs	2026-10-07T01:51:44.7325668Z ✔ each gate blocks only on its own explicit failing fact (1.102ms)
gateway-web	Run node city/test-all.mjs	2026-10-07T01:51:44.7326232Z ✔ blockers accumulate in gate order across all seven gates at once (0.2579ms)
gateway-web	Run node city/test-all.mjs	2026-10-07T01:51:44.7326796Z ✔ post-action verification never assumes a change happened (0.2878ms)
gateway-web	Run node city/test-all.mjs	2026-10-07T01:51:44.7327408Z ✔ bounded escalation: bounded retry → selector refresh → alternate strategy (0.2396ms)
gateway-web	Run node city/test-all.mjs	2026-10-07T01:51:44.7328403Z ✔ the retry bounds are the donor's arithmetic for every maxBoundedRetries (0.4237ms)
gateway-web	Run node city/test-all.mjs	2026-10-07T01:51:44.7329088Z ✔ the read and mutation action lists are the donor's literals, in order, frozen (2.989ms)
gateway-web	Run node city/test-all.mjs	2026-10-07T01:51:44.7329741Z ✔ §26 every CU_REPAIR need is classified from the donor's phrase sets (2.3785ms)
gateway-web	Run node city/test-all.mjs	2026-10-07T01:51:44.7330343Z ✔ §26 every HUMAN_REQUIRED phrase gates the page away from CU repair (0.4673ms)
gateway-web	Run node city/test-all.mjs	2026-10-07T01:51:44.7331199Z ✔ §26 NOT_REPAIRABLE is the fallthrough: unknown failures are never guessed into a mutation (0.3652ms)
gateway-web	Run node city/test-all.mjs	2026-10-07T01:51:44.7331963Z ✔ §26 classification lowercases the reason with toLocaleLowerCase, as the donor does (0.5173ms)
gateway-web	Run node city/test-all.mjs	2026-10-07T01:51:44.7332649Z ✔ §24 tierForTarget maps every kind to the donor's tier, unknown kinds to 6 (0.3381ms)
gateway-web	Run node city/test-all.mjs	2026-10-07T01:51:44.7333478Z ✔ §28 geometryTargetValid only guards ICON and POINT, and needs truthy finite frameRevisionAt + boundedRegion (0.4185ms)
gateway-web	Run node city/test-all.mjs	2026-10-07T01:51:44.7334367Z ✔ §26 READY: a SEND plan is read_page → click_control → verify_state with a revisioned ICON affordance (0.5765ms)
gateway-web	Run node city/test-all.mjs	2026-10-07T01:51:44.7335087Z ✔ §26 READY: an INPUT plan inserts submit when the submit grant is present (0.5202ms)
gateway-web	Run node city/test-all.mjs	2026-10-07T01:51:44.7335810Z ✔ §26 the INPUT chain is still READY without the submit grant (3 steps is the donor's floor) (0.5281ms)
gateway-web	Run node city/test-all.mjs	2026-10-07T01:51:44.7336481Z ✔ §26 DRIFT and STRUCTURE plans are ROLE-targeted and never geometry (0.4815ms)
gateway-web	Run node city/test-all.mjs	2026-10-07T01:51:44.7337179Z ✔ §26 DENIED when the required mutation grant is missing, naming the action (fail closed) (0.472ms)
gateway-web	Run node city/test-all.mjs	2026-10-07T01:51:44.7337947Z ✔ §28 UNCERTAIN when the ICON affordance has no usable frame revision (the now === 0 default) (0.1975ms)
gateway-web	Run node city/test-all.mjs	2026-10-07T01:51:44.7338664Z ✔ DEFECT PINNED: the read_page denial branch of buildRepairPlan is unreachable (0.4027ms)
gateway-web	Run node city/test-all.mjs	2026-10-07T01:51:44.7339449Z ✔ §29 grantedComputerActions maps only exact computer:<action> entries, trimming surrounding space (0.5217ms)
gateway-web	Run node city/test-all.mjs	2026-10-07T01:51:44.7340129Z ✔ §29 a granted read action alone never unlocks a mutation (0.2729ms)
gateway-web	Run node city/test-all.mjs	2026-10-07T01:51:44.7340728Z ✔ §25 verdictForOutcome is VERIFIED only when the post-condition was observed (0.2068ms)
gateway-web	Run node city/test-all.mjs	2026-10-07T01:51:44.7341415Z ✔ DEFECT PINNED: verdictForOutcome can never return its exported ACTED status (0.2874ms)
gateway-web	Run node city/test-all.mjs	2026-10-07T01:51:44.7342156Z ✔ §38 planSummary reports steps, actions and only a present reason, in the donor's key order (0.4448ms)
gateway-web	Run node city/test-all.mjs	2026-10-07T01:51:44.7342918Z ✔ DOM_TARGET_PREFIX is the donor's literal and the read/mutation sets are its neighbours (3.4078ms)
gateway-web	Run node city/test-all.mjs	2026-10-07T01:51:44.7343684Z ✔ parseDomTarget returns the parsed fields and undefined for non-dom or unparsable targets (0.7532ms)
gateway-web	Run node city/test-all.mjs	2026-10-07T01:51:44.7344451Z ✔ parseDomTarget throws on a malformed providerId and accepts the [a-zA-Z0-9_-] class (1.0089ms)
gateway-web	Run node city/test-all.mjs	2026-10-07T01:51:44.7345154Z ✔ supports: dom: targets with a selector for mutations and reads, nothing else (0.5422ms)
gateway-web	Run node city/test-all.mjs	2026-10-07T01:51:44.7345881Z ✔ supports does not throw on a malformed providerId (the parse it uses is the lenient one) (0.3286ms)
gateway-web	Run node city/test-all.mjs	2026-10-07T01:51:44.7346692Z ✔ readinessScript is the donor's probe: found / visible / enabled / stableSamples from the live page (0.7016ms)
gateway-web	Run node city/test-all.mjs	2026-10-07T01:51:44.7347590Z ✔ readyOrBlocked returns null when the first probe is ready and probes exactly once (0.7408ms)
gateway-web	Run node city/test-all.mjs	2026-10-07T01:51:44.7348706Z ✔ readyOrBlocked uses the donor's default of 2 attempts and reports the last block reason (0.367ms)
gateway-web	Run node city/test-all.mjs	2026-10-07T01:51:44.7349547Z ✔ readinessAttempts is honoured as a lower bound of 1, and the retry stops as soon as a probe is ready (1.6237ms)
gateway-web	Run node city/test-all.mjs	2026-10-07T01:51:44.7350343Z ✔ a null/undefined probe answer is treated as no facts, which is ready ('unknown ⇒ pass') (0.4543ms)
gateway-web	Run node city/test-all.mjs	2026-10-07T01:51:44.7351098Z ✔ the retry interval only delays when it is positive, and the page ref reaches every probe (19.8673ms)
gateway-web	Run node city/test-all.mjs	2026-10-07T01:51:44.7351702Z ✔ execute refuses an action without a dom: selector (0.6821ms)
gateway-web	Run node city/test-all.mjs	2026-10-07T01:51:44.7352253Z ✔ execute reports a supported-but-unhandled action as UNSUPPORTED (0.2774ms)
gateway-web	Run node city/test-all.mjs	2026-10-07T01:51:44.7352926Z ✔ click_control reports SUCCESS on ok and FAILED with the surface's reason otherwise (0.7809ms)
gateway-web	Run node city/test-all.mjs	2026-10-07T01:51:44.7353664Z ✔ enter_text reports the donor's three outcomes: sent, not-found, unsupported-element (0.6371ms)
gateway-web	Run node city/test-all.mjs	2026-10-07T01:51:44.7354358Z ✔ submit reports SUCCESS on ok and FAILED with the surface's reason otherwise (0.2631ms)
gateway-web	Run node city/test-all.mjs	2026-10-07T01:51:44.7354871Z ✔ read_page returns the text as evidence (0.3481ms)
gateway-web	Run node city/test-all.mjs	2026-10-07T01:51:44.7355584Z ✔ DEFECT PINNED: read_page lacks the `?? { ok: false }` guard the other branches have (0.2143ms)
gateway-web	Run node city/test-all.mjs	2026-10-07T01:51:44.7356201Z ✔ verify_state checks expected ?? value against the page text (0.3447ms)
gateway-web	Run node city/test-all.mjs	2026-10-07T01:51:44.7356858Z ✔ DEFECT PINNED: verify_state with no expected AND no value is a free SUCCESS (0.2345ms)
gateway-web	Run node city/test-all.mjs	2026-10-07T01:51:44.7357517Z ✔ scripts embed JSON-escaped selectors and values, so nothing can break out (0.5426ms)
gateway-web	Run node city/test-all.mjs	2026-10-07T01:51:44.7358278Z ✔ a dom: providerId is forwarded to the page surface, and a provider-less target sends no page ref (0.3674ms)
gateway-web	Run node city/test-all.mjs	2026-10-07T01:51:44.7358972Z ✔ a surface that rejects is caught and truncated to 300 characters (0.4343ms)
gateway-web	Run node city/test-all.mjs	2026-10-07T01:51:44.7359654Z ✔ DEFECT PINNED: an invalid providerId rejects execute() instead of returning FAILED (0.4474ms)
gateway-web	Run node city/test-all.mjs	2026-10-07T01:51:44.7360461Z ✔ DEFECT PINNED: a JSON scalar in a dom: target destructures to all-undefined, and null is UNSUPPORTED (0.4364ms)
gateway-web	Run node city/test-all.mjs	2026-10-07T01:51:44.7361221Z ✔ preflightReadiness is OFF by default: a mutation proceeds without any probe (0.2002ms)
gateway-web	Run node city/test-all.mjs	2026-10-07T01:51:44.7361955Z ✔ preflightReadiness probes before a mutation and refuses it while the page is not ready (0.2661ms)
gateway-web	Run node city/test-all.mjs	2026-10-07T01:51:44.7362667Z ✔ preflightReadiness lets a ready page through and then performs the action (0.2444ms)
gateway-web	Run node city/test-all.mjs	2026-10-07T01:51:44.7363330Z ✔ preflightReadiness applies to the three mutations only, never to a read (0.4043ms)
gateway-web	Run node city/test-all.mjs	2026-10-07T01:51:44.7363927Z ✔ the preflight probe carries the target's provider page ref (0.2137ms)
gateway-web	Run node city/test-all.mjs	2026-10-07T01:51:44.7364511Z ✔ the abort signal is accepted and ignored, exactly as the donor does (0.2488ms)
gateway-web	Run node city/test-all.mjs	2026-10-07T01:51:44.7365205Z ✔ the permission vocabulary is the donor's five kinds and four security classes, frozen (3.0085ms)
gateway-web	Run node city/test-all.mjs	2026-10-07T01:51:44.7365797Z ✔ EMPTY_MANIFEST is the donor's five empty scopes (0.4478ms)
gateway-web	Run node city/test-all.mjs	2026-10-07T01:51:44.7366380Z ✔ manifestAllows: an empty allow list denies everything, even a perfect match (0.4313ms)
gateway-web	Run node city/test-all.mjs	2026-10-07T01:51:44.7367024Z ✔ manifestAllows: an exact allow entry is allowed, a non-entry is not (0.2847ms)
gateway-web	Run node city/test-all.mjs	2026-10-07T01:51:44.7367669Z ✔ manifestAllows: an entry without a trailing slash is also a directory prefix (0.4035ms)
gateway-web	Run node city/test-all.mjs	2026-10-07T01:51:44.7368633Z ✔ manifestAllows: a deny entry outranks any allow entry (0.2785ms)
gateway-web	Run node city/test-all.mjs	2026-10-07T01:51:44.7369247Z ✔ DEFECT PINNED: a trailing-slash entry is not equivalent to the bare entry (0.5242ms)
gateway-web	Run node city/test-all.mjs	2026-10-07T01:51:44.7369847Z ✔ manifestAllows reads only the scope it was asked about (0.2442ms)
gateway-web	Run node city/test-all.mjs	2026-10-07T01:51:44.7370531Z ✔ manifestNarrow reports task allow entries the workspace does not allow, as kind:allow:entry (0.5239ms)
gateway-web	Run node city/test-all.mjs	2026-10-07T01:51:44.7371240Z ✔ DEFECT PINNED: manifestNarrow never reports an over-broad task deny (0.4032ms)
gateway-web	Run node city/test-all.mjs	2026-10-07T01:51:44.7372058Z ✔ desktopMutationGate always allows the four read actions, with no manifest at all (0.4486ms)
gateway-web	Run node city/test-all.mjs	2026-10-07T01:51:44.7372776Z ✔ desktopMutationGate denies a mutation when there is no manifest (fails closed) (0.2506ms)
gateway-web	Run node city/test-all.mjs	2026-10-07T01:51:44.7373504Z ✔ desktopMutationGate denies a mutation when the manifest has no side-effect allow (0.204ms)
gateway-web	Run node city/test-all.mjs	2026-10-07T01:51:44.7374274Z ✔ desktopMutationGate allows a mutation only when its computer:<action> entry is allow-listed (1.3967ms)
gateway-web	Run node city/test-all.mjs	2026-10-07T01:51:44.7374990Z ✔ desktopMutationGate lets a deny entry beat an allow entry for the same key (0.4042ms)
gateway-web	Run node city/test-all.mjs	2026-10-07T01:51:44.7375845Z ✔ a side-effect prefix entry cannot grant a computer: key, because the entry separator is / and the key separator is : (0.2151ms)
gateway-web	Run node city/test-all.mjs	2026-10-07T01:51:44.7376605Z ✔ DEFECT PINNED: a permitted verdict carries no reason key at all (0.2263ms)
gateway-web	Run node city/test-all.mjs	2026-10-07T01:51:44.7377234Z ✔ the read set and the mutation check are the only two paths through the gate (0.2599ms)
gateway-web	Run node city/test-all.mjs	2026-10-07T01:51:44.7377914Z ✔ evaluates scripts on the named provider WebContentsView and returns its value (2.7668ms)
gateway-web	Run node city/test-all.mjs	2026-10-07T01:51:44.7378617Z ✔ fails closed when the provider pane is closed, crashed, or the target is ambiguous (0.8837ms)
gateway-web	Run node city/test-all.mjs	2026-10-07T01:51:44.7379438Z ✔ a providerId that was never open reports the same 'not open' message as a closed one (0.2815ms)
gateway-web	Run node city/test-all.mjs	2026-10-07T01:51:44.7380056Z ✔ a destroyed pane short-circuits before the crash check (0.2633ms)
gateway-web	Run node city/test-all.mjs	2026-10-07T01:51:44.7380609Z ✔ returns real page content when the named provider pane is open (0.3024ms)
gateway-web	Run node city/test-all.mjs	2026-10-07T01:51:44.7381248Z ✔ the accessor is called freshly per lookup, so a pane that opens later is found (0.2784ms)
gateway-web	Run node city/test-all.mjs	2026-10-07T01:51:44.7381893Z ✔ only the script reaches executeJavaScript, with no extra argument (3.2553ms)
gateway-web	Run node city/test-all.mjs	2026-10-07T01:51:44.7382439Z ✔ a rejecting executeJavaScript propagates unchanged (0.2646ms)
gateway-web	Run node city/test-all.mjs	2026-10-07T01:51:44.7383012Z ✔ the composed surface drives the DOM backend end to end over a fake pane (0.9688ms)
gateway-web	Run node city/test-all.mjs	2026-10-07T01:51:44.7383645Z ✔ the nine action names are the donor's line-1 union, in order, frozen (2.7835ms)
gateway-web	Run node city/test-all.mjs	2026-10-07T01:51:44.7384285Z ✔ the six unconditional action names are accepted with just a name and target (0.6996ms)
gateway-web	Run node city/test-all.mjs	2026-10-07T01:51:44.7384934Z ✔ every one of the nine action names passes the membership check itself (0.3921ms)
gateway-web	Run node city/test-all.mjs	2026-10-07T01:51:44.7385423Z ✔ a fully-populated action is accepted (0.4905ms)
gateway-web	Run node city/test-all.mjs	2026-10-07T01:51:44.7386063Z ✔ Invalid semantic action: a missing value, an unknown name, a bad or missing target, unknown keys (1.4091ms)
gateway-web	Run node city/test-all.mjs	2026-10-07T01:51:44.7386847Z ✔ Invalid semantic value: value/expected must be strings of at most 100000 characters (0.4714ms)
gateway-web	Run node city/test-all.mjs	2026-10-07T01:51:44.7387445Z ✔ Text value required: enter_text needs a string value (0.5505ms)
gateway-web	Run node city/test-all.mjs	2026-10-07T01:51:44.7388395Z ✔ Expected state required: verify_state and wait_for_state need expected or value (0.5008ms)
gateway-web	Run node city/test-all.mjs	2026-10-07T01:51:44.7389095Z ✔ Invalid semantic timeout: only finite numbers in [1, 120000] (0.4937ms)
gateway-web	Run node city/test-all.mjs	2026-10-07T01:51:44.7389665Z ✔ precedence: the first failing check is the one reported (0.4871ms)
gateway-web	Run node city/test-all.mjs	2026-10-07T01:51:44.7390233Z ✔ computerIntent opens the three apps it names, in both languages (1.6266ms)
gateway-web	Run node city/test-all.mjs	2026-10-07T01:51:44.7390791Z ✔ computerIntent reads the four fixed read commands (0.4162ms)
gateway-web	Run node city/test-all.mjs	2026-10-07T01:51:44.7391380Z ✔ computerIntent parameterises the terminal-log and browser-state forms (1.0728ms)
gateway-web	Run node city/test-all.mjs	2026-10-07T01:51:44.7392028Z ✔ computerIntent parses the desktop {…} JSON form and validates it (0.2522ms)
gateway-web	Run node city/test-all.mjs	2026-10-07T01:51:44.7392776Z ✔ DEFECT PINNED: a malformed desktop {…} body throws SyntaxError, it is not turned into undefined (0.2445ms)
gateway-web	Run node city/test-all.mjs	2026-10-07T01:51:44.7393500Z ✔ computerIntent returns undefined for anything it does not recognise (0.2336ms)
gateway-web	Run node city/test-all.mjs	2026-10-07T01:51:44.7394196Z ✔ DEFECT PINNED: the Chinese VS Code status form needs the donor's exact ASCII space (0.2104ms)
gateway-web	Run node city/test-all.mjs	2026-10-07T01:51:44.7394888Z ✔ the surface id vocabulary is the donor's 23 ids in the donor's order, frozen (3.2801ms)
gateway-web	Run node city/test-all.mjs	2026-10-07T01:51:44.7395611Z ✔ the registry version string is the donor's literal (0.2069ms)
gateway-web	Run node city/test-all.mjs	2026-10-07T01:51:44.7396126Z ✔ the eleven surface categories are the donor's, in order (0.2226ms)
gateway-web	Run node city/test-all.mjs	2026-10-07T01:51:44.7396712Z ✔ the §10 token groups are the donor's five groups and 31 names, in order (0.5955ms)
gateway-web	Run node city/test-all.mjs	2026-10-07T01:51:44.7397343Z ✔ tokenGroupOf resolves each group and rejects a token in no group (0.3655ms)
gateway-web	Run node city/test-all.mjs	2026-10-07T01:51:44.7397961Z ✔ knownToken accepts the §10 names and the six extras, nothing else (0.2715ms)
gateway-web	Run node city/test-all.mjs	2026-10-07T01:51:44.7398603Z ✔ defaultSurfaceContracts covers every §9 surface exactly once, in id order (1.5636ms)
gateway-web	Run node city/test-all.mjs	2026-10-07T01:51:44.7399377Z ✔ every contract row carries the donor's category, allowedProperties, defaultTokens and fallback (0.571ms)
gateway-web	Run node city/test-all.mjs	2026-10-07T01:51:44.7400167Z ✔ the two fallback notes are the donor's strings and only BORDER/DIVIDER/SCROLLBAR inherit (0.5009ms)
gateway-web	Run node city/test-all.mjs	2026-10-07T01:51:44.7400864Z ✔ every contract reads only known tokens and allows at least one property (0.5086ms)
gateway-web	Run node city/test-all.mjs	2026-10-07T01:51:44.7401541Z ✔ defaultSurfaceContracts returns fresh arrays and fallback objects each call (0.3591ms)
gateway-web	Run node city/test-all.mjs	2026-10-07T01:51:44.7402191Z ✔ surfaceById finds a contract by id and returns undefined otherwise (0.3809ms)
gateway-web	Run node city/test-all.mjs	2026-10-07T01:51:44.7403006Z ✔ §9.1 an allowed property with a literal or a declared token is accepted, property normalised (1.4112ms)
gateway-web	Run node city/test-all.mjs	2026-10-07T01:51:44.7403640Z ✔ §9.1 an unknown surface fails closed with UNKNOWN_SURFACE (0.2428ms)
gateway-web	Run node city/test-all.mjs	2026-10-07T01:51:44.7404242Z ✔ §9.1 a property the surface does not allow fails closed with UNKNOWN_PROPERTY (0.2126ms)
gateway-web	Run node city/test-all.mjs	2026-10-07T01:51:44.7404902Z ✔ §9.1 an empty value fails closed with EMPTY_VALUE, checked after the property (0.1733ms)
gateway-web	Run node city/test-all.mjs	2026-10-07T01:51:44.7406389Z ✔ §20 unsafe values fail closed with UNSAFE_VALUE, in pattern order (0.5944ms)
gateway-web	Run node city/test-all.mjs	2026-10-07T01:51:44.7407772Z ✔ DEFECT PINNED: the unsafe patterns match their substring anywhere, including benign values (0.3853ms)
gateway-web	Run node city/test-all.mjs	2026-10-07T01:51:44.7409081Z ✔ DEFECT PINNED: the §10 token scan is var()-only and stops at an underscore (3.4878ms)
gateway-web	Run node city/test-all.mjs	2026-10-07T01:51:44.7410285Z ✔ DEFECT PINNED: LOCKED_SURFACE is unreachable with the donor's SEEDS table (0.2757ms)
gateway-web	Run node city/test-all.mjs	2026-10-07T01:51:44.7411405Z ✔ validateUISurfaceRegistry accepts a complete, honest registry (0.7881ms)
gateway-web	Run node city/test-all.mjs	2026-10-07T01:51:44.7412650Z ✔ validateUISurfaceRegistry reports every missing surface contract, in seed order (0.283ms)
gateway-web	Run node city/test-all.mjs	2026-10-07T01:51:44.7414158Z ✔ validateUISurfaceRegistry reports duplicate ids, empty properties, empty tokens and undeclared tokens (1.1883ms)
gateway-web	Run node city/test-all.mjs	2026-10-07T01:51:44.7415623Z ✔ validateUISurfaceRegistry enforces the unbound list in both directions (1.0267ms)
gateway-web	Run node city/test-all.mjs	2026-10-07T01:51:44.7416749Z ✔ validateUISurfaceRegistry refuses an evidence-free binding (0.2781ms)
gateway-web	Run node city/test-all.mjs	2026-10-07T01:51:44.7417901Z ✔ summarizeUISurfaceRegistry reports every summary field from the registry (0.3695ms)
gateway-web	Run node city/test-all.mjs	2026-10-07T01:51:44.7419317Z ✔ summarizeUISurfaceRegistry counts bound surfaces and declared tokens, and copies its arrays (0.2636ms)
gateway-web	Run node city/test-all.mjs	2026-10-07T01:51:44.7420436Z ✔ the status vocabulary is the donor three (2.9557ms)
gateway-web	Run node city/test-all.mjs	2026-10-07T01:51:44.7421317Z ✔ the block reasons are the donor five, with the donor strings (0.2216ms)
gateway-web	Run node city/test-all.mjs	2026-10-07T01:51:44.7422490Z ✔ the capability → controller table is the donor ten, and it is not the routing table (0.3841ms)
gateway-web	Run node city/test-all.mjs	2026-10-07T01:51:44.7423884Z ✔ controllerIdsFor maps a capability to its controllers and passes an unknown name through (0.3289ms)
gateway-web	Run node city/test-all.mjs	2026-10-07T01:51:44.7425246Z ✔ capabilityIsUsable accepts a capability or a controller id and needs a real hit (0.4346ms)
gateway-web	Run node city/test-all.mjs	2026-10-07T01:51:44.7426661Z ✔ a healthy snapshot is healthy, and it echoes the donor fields (1.0018ms)
gateway-web	Run node city/test-all.mjs	2026-10-07T01:51:44.7427733Z ✔ the default snapshot is healthy but empty, with the donor defaults (0.2824ms)
gateway-web	Run node city/test-all.mjs	2026-10-07T01:51:44.7428820Z ✔ an explicitly degraded probe is degraded while staying available (0.3586ms)
gateway-web	Run node city/test-all.mjs	2026-10-07T01:51:44.7430022Z ✔ an unavailable controller is degraded, unusable and takes the runtime to degraded (0.424ms)
gateway-web	Run node city/test-all.mjs	2026-10-07T01:51:44.7431650Z ✔ a null controller entry is unavailable, and `available` is only false when it is literally false (0.4775ms)
gateway-web	Run node city/test-all.mjs	2026-10-07T01:51:44.7432926Z ✔ a dead channel the contract does not need still degrades the runtime (0.3849ms)
gateway-web	Run node city/test-all.mjs	2026-10-07T01:51:44.7434077Z ✔ BLOCK_REASONS.WORKSPACE_UNAVAILABLE is derived from the workspace guard (0.4372ms)
gateway-web	Run node city/test-all.mjs	2026-10-07T01:51:44.7435497Z ✔ BLOCK_REASONS.ALL_CAPABILITIES_UNAVAILABLE is derived only when every allowed capability is gone (1.9516ms)
gateway-web	Run node city/test-all.mjs	2026-10-07T01:51:44.7437024Z ✔ BLOCK_REASONS.RESOURCE_CEILING is derived from the evidence snapshot and the process capacity (0.5036ms)
gateway-web	Run node city/test-all.mjs	2026-10-07T01:51:44.7438501Z ✔ BLOCK_REASONS.SAFETY_UNAVAILABLE and STATE_INTEGRITY_UNCERTAIN are derived from their flags (0.365ms)
gateway-web	Run node city/test-all.mjs	2026-10-07T01:51:44.7439914Z ✔ every block reason can appear at once, in the donor order, and blocked outranks degraded (0.3181ms)
gateway-web	Run node city/test-all.mjs	2026-10-07T01:51:44.7441186Z ✔ status is blocked, then degraded, then healthy — in that order of precedence (0.2429ms)
gateway-web	Run node city/test-all.mjs	2026-10-07T01:51:44.7442484Z ✔ capabilityVerdict answers the four donor cases, including the unclaimed capability (0.6291ms)
gateway-web	Run node city/test-all.mjs	2026-10-07T01:51:44.7443774Z ✔ capabilityVerdict judges the degraded flag on every controller the table names (0.24ms)
gateway-web	Run node city/test-all.mjs	2026-10-07T01:51:44.7445010Z ✔ a snapshot built by buildHealthSnapshot feeds capabilityVerdict unchanged (0.2327ms)
gateway-web	Run node city/test-all.mjs	2026-10-07T01:51:44.7446597Z ✔ stabilization re-exports the target-guard room's own revalidate (1.2372ms)
gateway-web	Run node city/test-all.mjs	2026-10-07T01:51:44.7447605Z ✔ the barrel re-exports that same revalidate binding (0.3934ms)
gateway-web	Run node city/test-all.mjs	2026-10-07T01:51:44.7448584Z ✔ recovery uses the routing-safety room's own channel plan table (2.0164ms)
gateway-web	Run node city/test-all.mjs	2026-10-07T01:51:44.7449706Z ✔ the routing-safety room's fallbackChannels is the function that answers (0.4761ms)
gateway-web	Run node city/test-all.mjs	2026-10-07T01:51:44.7450859Z ✔ the sibling-owned bindings are the donor's algorithms, not lookalikes (1.8964ms)
gateway-web	Run node city/test-all.mjs	2026-10-07T01:51:44.7451918Z ✔ every donor export is re-exported, and each one is defined (1.8557ms)
gateway-web	Run node city/test-all.mjs	2026-10-07T01:51:44.7452931Z ✔ the re-exported names are the same bindings the modules define (2.0771ms)
gateway-web	Run node city/test-all.mjs	2026-10-07T01:51:44.7453982Z ✔ MODULES exposes the seven modules plus the local contracts (1.065ms)
gateway-web	Run node city/test-all.mjs	2026-10-07T01:51:44.7455034Z ✔ the four closed vocabularies are the donor values, through the barrel (0.4478ms)
gateway-web	Run node city/test-all.mjs	2026-10-07T01:51:44.7456221Z ✔ one deterministic step clock is shared by every module that needed a default (0.7495ms)
gateway-web	Run node city/test-all.mjs	2026-10-07T01:51:44.7457478Z ✔ the ported modules read the local contracts rather than a sibling import (1.0025ms)
gateway-web	Run node city/test-all.mjs	2026-10-07T01:51:44.7458488Z ✔ the outcome vocabulary and the donor default budget (3.5492ms)
gateway-web	Run node city/test-all.mjs	2026-10-07T01:51:44.7459371Z ✔ no reattach function is exhausted with zero attempts (0.6882ms)
gateway-web	Run node city/test-all.mjs	2026-10-07T01:51:44.7460252Z ✔ one attempt below the bound connects on the first try (0.736ms)
gateway-web	Run node city/test-all.mjs	2026-10-07T01:51:44.7461369Z ✔ the budget is spent per channel and per step: at, just below and just above the bound (0.8425ms)
gateway-web	Run node city/test-all.mjs	2026-10-07T01:51:44.7462647Z ✔ a channel that never comes back is exhausted after exactly maxAttempts attempts (1.6019ms)
gateway-web	Run node city/test-all.mjs	2026-10-07T01:51:44.7463790Z ✔ the backoff is bounded, and a one-attempt budget never spends it (0.7104ms)
gateway-web	Run node city/test-all.mjs	2026-10-07T01:51:44.7464874Z ✔ a reattach that throws is a failed attempt, and the message is carried (0.4493ms)
gateway-web	Run node city/test-all.mjs	2026-10-07T01:51:44.7465997Z ✔ an undefined reattach result counts as attached, a bare false does not (0.6948ms)
gateway-web	Run node city/test-all.mjs	2026-10-07T01:51:44.7467297Z ✔ a fresh step resets the budget but not the event log (0.4767ms)
gateway-web	Run node city/test-all.mjs	2026-10-07T01:51:44.7468075Z ✔ the event log is bounded at 100 entries (2.258ms)
gateway-web	Run node city/test-all.mjs	2026-10-07T01:51:44.7468841Z ✔ the transport codes are exactly the donor four (0.2709ms)
gateway-web	Run node city/test-all.mjs	2026-10-07T01:51:44.7470011Z ✔ isTransportFailure classifies the donor codes, the raw transport messages and nothing else (0.6702ms)
gateway-web	Run node city/test-all.mjs	2026-10-07T01:51:44.7471259Z ✔ channelOfError prefers the error-named channel and never guesses (0.2865ms)
gateway-web	Run node city/test-all.mjs	2026-10-07T01:51:44.7472475Z ✔ channelHintFor reads the last route, then the capability map, and never guesses (0.2317ms)
gateway-web	Run node city/test-all.mjs	2026-10-07T01:51:44.7473782Z ✔ exhaustedError is the donor RECONNECT_EXHAUSTED failure (0.5283ms)
gateway-web	Run node city/test-all.mjs	2026-10-07T01:51:44.7474688Z ✔ the policy exposes the donor RECONNECT vocabulary (0.1653ms)
gateway-web	Run node city/test-all.mjs	2026-10-07T01:51:44.7475486Z ✔ channel recovery needs a reconnect policy (1.3339ms)
gateway-web	Run node city/test-all.mjs	2026-10-07T01:51:44.7476699Z ✔ recover reattaches through the controller, then proves it with a fresh observation (1.0834ms)
gateway-web	Run node city/test-all.mjs	2026-10-07T01:51:44.7477812Z ✔ recover fails when no controller implements the channel (0.3785ms)
gateway-web	Run node city/test-all.mjs	2026-10-07T01:51:44.7478841Z ✔ a controller that still reports unavailable spends the whole budget (0.2809ms)
gateway-web	Run node city/test-all.mjs	2026-10-07T01:51:44.7479835Z ✔ a probe with no reason falls back to the donor sentence (0.2513ms)
gateway-web	Run node city/test-all.mjs	2026-10-07T01:51:44.7480817Z ✔ a reattached channel with an unobservable state is context_invalid (0.6396ms)
gateway-web	Run node city/test-all.mjs	2026-10-07T01:51:44.7481877Z ✔ a contract that is no longer valid after the reconnect is exhausted (0.5665ms)
gateway-web	Run node city/test-all.mjs	2026-10-07T01:51:44.7482917Z ✔ recover without an observer or a validity check still reconnects (0.3128ms)
gateway-web	Run node city/test-all.mjs	2026-10-07T01:51:44.7483894Z ✔ recover defaults a missing channel name to "unknown" (0.5816ms)
gateway-web	Run node city/test-all.mjs	2026-10-07T01:51:44.7484891Z ✔ a controller with no probe or facts is reattached on the host's word (0.3229ms)
gateway-web	Run node city/test-all.mjs	2026-10-07T01:51:44.7485876Z ✔ channel recovery exposes the donor attribution helpers (0.2051ms)
gateway-web	Run node city/test-all.mjs	2026-10-07T01:51:44.7487044Z ✔ the default clock and delay are deterministic (0.2705ms)
gateway-web	Run node city/test-all.mjs	2026-10-07T01:51:44.7487868Z ✔ the documented rungs are the donor seven, in order (3.52ms)
gateway-web	Run node city/test-all.mjs	2026-10-07T01:51:44.7489026Z ✔ the verdict vocabulary is the donor five and VERDICT_BY_STEP has exactly the donor four keys (0.6511ms)
gateway-web	Run node city/test-all.mjs	2026-10-07T01:51:44.7490164Z ✔ USER_ACTION_CODES is the donor nine, in the donor order (0.2807ms)
gateway-web	Run node city/test-all.mjs	2026-10-07T01:51:44.7491198Z ✔ every USER_ACTION_CODE is checked before the retry rung and is terminal (0.929ms)
gateway-web	Run node city/test-all.mjs	2026-10-07T01:51:44.7492278Z ✔ rung 0 wins over the retry rung even when a retry would be allowed (0.2933ms)
gateway-web	Run node city/test-all.mjs	2026-10-07T01:51:44.7493265Z ✔ a non-retryable failure fails without spending the ladder (0.3299ms)
gateway-web	Run node city/test-all.mjs	2026-10-07T01:51:44.7494273Z ✔ the explicit retryable override is honoured in both directions (0.3022ms)
gateway-web	Run node city/test-all.mjs	2026-10-07T01:51:44.7495463Z ✔ an absent error is retryable, and an error with no code fails by its code-less message (0.4404ms)
gateway-web	Run node city/test-all.mjs	2026-10-07T01:51:44.7496803Z ✔ the attempt counts down against the action retry policy, not the controller default (1.1565ms)
gateway-web	Run node city/test-all.mjs	2026-10-07T01:51:44.7498005Z ✔ the retry rung escalates the visual level only after the first attempt (0.5929ms)
gateway-web	Run node city/test-all.mjs	2026-10-07T01:51:44.7499102Z ✔ nextVisualLevel climbs one rung and stops at the injected ceiling (0.5915ms)
gateway-web	Run node city/test-all.mjs	2026-10-07T01:51:44.7500111Z ✔ the cooldown signals are the donor mapping, de-duplicated (0.5311ms)
gateway-web	Run node city/test-all.mjs	2026-10-07T01:51:44.7501215Z ✔ the alternative rung converts the same intent to the cheapest untried channel (0.3713ms)
gateway-web	Run node city/test-all.mjs	2026-10-07T01:51:44.7502378Z ✔ the alternative rung is skipped when the action forbids an alternative (0.2838ms)
gateway-web	Run node city/test-all.mjs	2026-10-07T01:51:44.7503581Z ✔ the alternative rung is skipped when the retry policy is absent (donor condition) (0.2846ms)
gateway-web	Run node city/test-all.mjs	2026-10-07T01:51:44.7504694Z ✔ the replan rung reports, and runs out at maxStallRecoveries (0.8586ms)
gateway-web	Run node city/test-all.mjs	2026-10-07T01:51:44.7505786Z ✔ an action that cannot be converted names the action type on the replan rung (0.3168ms)
gateway-web	Run node city/test-all.mjs	2026-10-07T01:51:44.7507189Z ✔ a CLICK with no target still converts, because vision click pixels (0.242ms)
gateway-web	Run node city/test-all.mjs	2026-10-07T01:51:44.7508433Z ✔ the round budget is checked before every other rung and defaults to attemptsAllowed + 2 (0.2527ms)
gateway-web	Run node city/test-all.mjs	2026-10-07T01:51:44.7509572Z ✔ decisions() returns every decision in order, as a copy (0.8523ms)
gateway-web	Run node city/test-all.mjs	2026-10-07T01:51:44.7510408Z ✔ the controller reports its own bounds (0.2619ms)
gateway-web	Run node city/test-all.mjs	2026-10-07T01:51:44.7511571Z ✔ stallStep walks the donor ladder one rung at a time and ends terminal at fail_with_context (0.3713ms)
gateway-web	Run node city/test-all.mjs	2026-10-07T01:51:44.7512872Z ✔ stallStep clamps an out-of-range index to the ends of the ladder (0.2155ms)
gateway-web	Run node city/test-all.mjs	2026-10-07T01:51:44.7513900Z ✔ a fractional stall index throws the donor TypeError (0.6814ms)
gateway-web	Run node city/test-all.mjs	2026-10-07T01:51:44.7515061Z ✔ mapType is the donor intent × channel table (0.1285ms)
gateway-web	Run node city/test-all.mjs	2026-10-07T01:51:44.7516140Z ✔ alternativeAction is null for a null action and picks the intent per action type (0.2096ms)
gateway-web	Run node city/test-all.mjs	2026-10-07T01:51:44.7517395Z ✔ alternativeAction never offers dom or accessibility for a visual target (0.2ms)
gateway-web	Run node city/test-all.mjs	2026-10-07T01:51:44.7518857Z ✔ alternativeAction respects the contract capabilities and the used channel (0.1781ms)
gateway-web	Run node city/test-all.mjs	2026-10-07T01:51:44.7520283Z ✔ alternativeAction prefers the cheapest remaining channel and builds the gui point (0.1718ms)
gateway-web	Run node city/test-all.mjs	2026-10-07T01:51:44.7521784Z ✔ alternativeController reads the channel from either shape and answers null otherwise (0.1059ms)
gateway-web	Run node city/test-all.mjs	2026-10-07T01:51:44.7523222Z ✔ exhaustedError is the donor PLAN_EXHAUSTED failure carrying the decision context (0.5847ms)
gateway-web	Run node city/test-all.mjs	2026-10-07T01:51:44.7524583Z ✔ a decision is stamped with the injected clock, and the default clock is a step clock (0.2434ms)
gateway-web	Run node city/test-all.mjs	2026-10-07T01:51:44.7525729Z ✔ the donor constants are 60s TTL and the five small ceilings (3.1215ms)
gateway-web	Run node city/test-all.mjs	2026-10-07T01:51:44.7527192Z ✔ classifyRetention answers every donor verdict from the reason text (0.5775ms)
gateway-web	Run node city/test-all.mjs	2026-10-07T01:51:44.7528368Z ✔ classifyRetention answers its undocumented cases as the donor does (0.4303ms)
gateway-web	Run node city/test-all.mjs	2026-10-07T01:51:44.7529524Z ✔ classifyRetention answers its `undefined` case: no argument at all (0.3416ms)
gateway-web	Run node city/test-all.mjs	2026-10-07T01:51:44.7530691Z ✔ registerScreenshot answers the donor `keep`, which is always true (0.9574ms)
gateway-web	Run node city/test-all.mjs	2026-10-07T01:51:44.7531913Z ✔ classifyRetention stays a method on the budget, with the module function identity (0.2558ms)
gateway-web	Run node city/test-all.mjs	2026-10-07T01:51:44.7533207Z ✔ an expired transient is dropped on the next enforcement, and a live one is not (0.595ms)
gateway-web	Run node city/test-all.mjs	2026-10-07T01:51:44.7534257Z ✔ a kept failure capture is never expired by the TTL (0.3651ms)
gateway-web	Run node city/test-all.mjs	2026-10-07T01:51:44.7535310Z ✔ the count ceiling evicts a transient before the oldest retained evidence (0.7203ms)
gateway-web	Run node city/test-all.mjs	2026-10-07T01:51:44.7536522Z ✔ the byte ceiling evicts the oldest first, even when both entries are retained (0.6063ms)
gateway-web	Run node city/test-all.mjs	2026-10-07T01:51:44.7537762Z ✔ the count eviction leaves the donor mark on the entry it tagged and dropped (0.4758ms)
gateway-web	Run node city/test-all.mjs	2026-10-07T01:51:44.7539012Z ✔ the byte ceiling does not guard on the donor mark, but never re-drops the same entry (0.2647ms)
gateway-web	Run node city/test-all.mjs	2026-10-07T01:51:44.7540085Z ✔ pressure is kept as the last five eviction events (0.4804ms)
gateway-web	Run node city/test-all.mjs	2026-10-07T01:51:44.7541156Z ✔ atCeiling needs a drop and then real pressure, exactly as the donor defines it (0.5922ms)
gateway-web	Run node city/test-all.mjs	2026-10-07T01:51:44.7542358Z ✔ the ring buffer keeps the newest `capacity` items and reports its capacity (0.5432ms)
gateway-web	Run node city/test-all.mjs	2026-10-07T01:51:44.7543542Z ✔ the injected limits override every default, and the snapshot echoes them (0.3567ms)
gateway-web	Run node city/test-all.mjs	2026-10-07T01:51:44.7544810Z ✔ the default clock is a deterministic step clock, so a TTL cannot expire by surprise (0.3216ms)
gateway-web	Run node city/test-all.mjs	2026-10-07T01:51:44.7546068Z ✔ a capture with no bytes and no reason is still recorded with the donor defaults (0.3449ms)
gateway-web	Run node city/test-all.mjs	2026-10-07T01:51:44.7547428Z ✔ the donor vocabulary is eight signals, in order (3.7331ms)
gateway-web	Run node city/test-all.mjs	2026-10-07T01:51:44.7548452Z ✔ the donor aliases map every hyphenated name, including "animation" (0.4029ms)
gateway-web	Run node city/test-all.mjs	2026-10-07T01:51:44.7549675Z ✔ normalizeSignals starts from every signal false and accumulates unknown names (0.5269ms)
gateway-web	Run node city/test-all.mjs	2026-10-07T01:51:44.7551084Z ✔ normalizeSignals accepts the hyphenated array recovery emits, canonical names and unknowns (0.3437ms)
gateway-web	Run node city/test-all.mjs	2026-10-07T01:51:44.7552563Z ✔ normalizeSignals accepts an object, including a mixed one, and only reports truthy unknowns (0.2329ms)
gateway-web	Run node city/test-all.mjs	2026-10-07T01:51:44.7553873Z ✔ the dynamic cooldown starts at the base and adds one step per active signal (0.5696ms)
gateway-web	Run node city/test-all.mjs	2026-10-07T01:51:44.7555140Z ✔ the dynamic cooldown climbs in the donor signal order and stops at the soft ceiling (0.3249ms)
gateway-web	Run node city/test-all.mjs	2026-10-07T01:51:44.7556324Z ✔ a pending navigation jumps the cooldown to the navigation budget (0.3755ms)
gateway-web	Run node city/test-all.mjs	2026-10-07T01:51:44.7557568Z ✔ the escalate flag uses the hard ceiling, and the injected limits are honoured (0.4754ms)
gateway-web	Run node city/test-all.mjs	2026-10-07T01:51:44.7559014Z ✔ signalInputs turns a signal set into the cooldown input, carrying the reasons (0.5272ms)
gateway-web	Run node city/test-all.mjs	2026-10-07T01:51:44.7560111Z ✔ stabilitySignals reports the donor reasons, and only them (0.6888ms)
gateway-web	Run node city/test-all.mjs	2026-10-07T01:51:44.7561166Z ✔ detectSignals expands the same reasons into the named vocabulary (0.4636ms)
gateway-web	Run node city/test-all.mjs	2026-10-07T01:51:44.7562432Z ✔ postActionSignals reads only the receipt and the two observations (0.5068ms)
gateway-web	Run node city/test-all.mjs	2026-10-07T01:51:44.7563564Z ✔ settle returns stable on the first observation when nothing is moving (0.7546ms)
gateway-web	Run node city/test-all.mjs	2026-10-07T01:51:44.7564643Z ✔ settle spends the bounded minimum before the first observation (0.2067ms)
gateway-web	Run node city/test-all.mjs	2026-10-07T01:51:44.7566034Z ✔ settle clamps a minimum above the ceiling to the ceiling (0.2581ms)
gateway-web	Run node city/test-all.mjs	2026-10-07T01:51:44.7567096Z ✔ settle answers reobserve for a stale target and for one that vanished (0.3226ms)
gateway-web	Run node city/test-all.mjs	2026-10-07T01:51:44.7568428Z ✔ settle reports the donor `updated` verdict when the refreshed coordinate is the only change (0.4401ms)
gateway-web	Run node city/test-all.mjs	2026-10-07T01:51:44.7569799Z ✔ settle answers wait_state when the ceiling is reached while the UI keeps changing (0.3036ms)
gateway-web	Run node city/test-all.mjs	2026-10-07T01:51:44.7571014Z ✔ settle merges the caller-carried signals into every cooldown it spends (0.176ms)
gateway-web	Run node city/test-all.mjs	2026-10-07T01:51:44.7572115Z ✔ waitFor polls until the condition holds and reports what it saw (0.2381ms)
gateway-web	Run node city/test-all.mjs	2026-10-07T01:51:44.7573243Z ✔ waitFor times out at its ceiling and is bounded, not unbounded (0.1725ms)
gateway-web	Run node city/test-all.mjs	2026-10-07T01:51:44.7574314Z ✔ grace is bounded by the grace ceiling and reflects the action budget (0.2971ms)
gateway-web	Run node city/test-all.mjs	2026-10-07T01:51:44.7575470Z ✔ afterAction returns quiet once the minimum is spent and nothing is pending (0.4456ms)
gateway-web	Run node city/test-all.mjs	2026-10-07T01:51:44.7576496Z ✔ afterAction ends the moment the effect is observable (0.176ms)
gateway-web	Run node city/test-all.mjs	2026-10-07T01:51:44.7577513Z ✔ afterAction is bounded by the grace ceiling when the world never settles (0.2241ms)
gateway-web	Run node city/test-all.mjs	2026-10-07T01:51:44.7578624Z ✔ afterAction ignores a landed check that throws, as the donor does (0.2653ms)
gateway-web	Run node city/test-all.mjs	2026-10-07T01:51:44.7579590Z ✔ the trace holds the most recent notes and is bounded (0.3394ms)
gateway-web	Run node city/test-all.mjs	2026-10-07T01:51:44.7580612Z ✔ the stabilizer exposes the donor limits, thresholds and vocabulary (0.139ms)
gateway-web	Run node city/test-all.mjs	2026-10-07T01:51:44.7581633Z ✔ the default clock is deterministic and never reads a wall clock (0.4966ms)
gateway-web	Run node city/test-all.mjs	2026-10-07T01:51:44.7582595Z ✔ the injected thresholds drive the settle verdicts (0.4317ms)
gateway-web	Run node city/test-all.mjs	2026-10-07T01:51:44.7583622Z ✔ the donor ladder is eight rungs, in order, each with its exact description (2.4726ms)
gateway-web	Run node city/test-all.mjs	2026-10-07T01:51:44.7584726Z ✔ the donor thresholds are 3 consecutive actions and 2 recoveries (0.4561ms)
gateway-web	Run node city/test-all.mjs	2026-10-07T01:51:44.7585982Z ✔ the stall fires exactly at the third consecutive action without progress, not before (0.591ms)
gateway-web	Run node city/test-all.mjs	2026-10-07T01:51:44.7586645Z ✔ a meaningful change resets the streak and clears stalledSince (0.343ms)
gateway-web	Run node city/test-all.mjs	2026-10-07T01:51:44.7587242Z ✔ an explicit meaningful flag overrides changed, in both directions (0.3729ms)
gateway-web	Run node city/test-all.mjs	2026-10-07T01:51:44.7587991Z ✔ a changed signature is progress even with no meaningful change, but only once a signature is known (0.3277ms)
gateway-web	Run node city/test-all.mjs	2026-10-07T01:51:44.7588687Z ✔ the record shape is the donor shape, with its own defaults (0.429ms)
gateway-web	Run node city/test-all.mjs	2026-10-07T01:51:44.7589277Z ✔ the detector accepts injected thresholds and thresholds them exactly (0.3997ms)
gateway-web	Run node city/test-all.mjs	2026-10-07T01:51:44.7589885Z ✔ every recovery is counted and the ladder ends at maxRecoveries (0.3678ms)
gateway-web	Run node city/test-all.mjs	2026-10-07T01:51:44.7590491Z ✔ reset clears the streak and the signature but keeps the recovery count (0.5469ms)
gateway-web	Run node city/test-all.mjs	2026-10-07T01:51:44.7591080Z ✔ history is a bounded copy: 250 records keep the newest 200 (1.5116ms)
gateway-web	Run node city/test-all.mjs	2026-10-07T01:51:44.7591700Z ✔ the default clock is deterministic: no wall clock is read (0.2938ms)
gateway-web	Run node city/test-all.mjs	2026-10-07T01:51:44.7592241Z ✔ the donor machine is fifteen states and two terminal states (2.9079ms)
gateway-web	Run node city/test-all.mjs	2026-10-07T01:51:44.7592813Z ✔ the transition table is the donor table, edge for edge and in order (0.6139ms)
gateway-web	Run node city/test-all.mjs	2026-10-07T01:51:44.7593409Z ✔ every ordered state pair is exactly as legal as CU_TRANSITIONS says (7.9928ms)
gateway-web	Run node city/test-all.mjs	2026-10-07T01:51:44.7594245Z ✔ an unknown state is STATE_INVALID from canTransition, transition and force (0.5189ms)
gateway-web	Run node city/test-all.mjs	2026-10-07T01:51:44.7594862Z ✔ an unknown initial state is STATE_INVALID and names the state (0.5051ms)
gateway-web	Run node city/test-all.mjs	2026-10-07T01:51:44.7595451Z ✔ force bypasses the edge table but is labelled forced in the history (0.4198ms)
gateway-web	Run node city/test-all.mjs	2026-10-07T01:51:44.7596904Z ✔ isTerminal is true only for COMPLETED and FAILED (0.474ms)
gateway-web	Run node city/test-all.mjs	2026-10-07T01:51:44.7597537Z ✔ the reason carried into a transition is the previous meta reason when meta omits one (0.395ms)
gateway-web	Run node city/test-all.mjs	2026-10-07T01:51:44.7598199Z ✔ a transition listener sees the edge and can never break the run (0.6513ms)
gateway-web	Run node city/test-all.mjs	2026-10-07T01:51:44.7598706Z ✔ path, previous, reset and the history copy (0.7754ms)
gateway-web	Run node city/test-all.mjs	2026-10-07T01:51:44.7599147Z ✔ a custom initial state starts the path there (0.396ms)
gateway-web	Run node city/test-all.mjs	2026-10-07T01:51:44.7599593Z ✔ the default clock is a deterministic step clock (0.2585ms)
gateway-web	Run node city/test-all.mjs	2026-10-07T01:51:44.7600261Z ✔ the action type set, expected-effect and parameter vocabularies are exactly the donor lists (3.507ms)
gateway-web	Run node city/test-all.mjs	2026-10-07T01:51:44.7601035Z ✔ a bare action type and the documented envelope both normalize to one action object (2.2285ms)
gateway-web	Run node city/test-all.mjs	2026-10-07T01:51:44.7601735Z ✔ unsupported and non-object actions fail with the donor ACTION_INVALID shape (1.7473ms)
gateway-web	Run node city/test-all.mjs	2026-10-07T01:51:44.7602618Z ✔ parameters are collected in donor order, with keys/args coercion and the raw timeout kept alongside the resolved one (0.5886ms)
gateway-web	Run node city/test-all.mjs	2026-10-07T01:51:44.7603301Z ✔ preconditions default to the donor tri-state (0.2992ms)
gateway-web	Run node city/test-all.mjs	2026-10-07T01:51:44.7603875Z ✔ stabilization is clamped into the donor band and rejects an inverted window (0.6118ms)
gateway-web	Run node city/test-all.mjs	2026-10-07T01:51:44.7604532Z ✔ expected effects normalize into one closed shape and reject unknown keys (1.1616ms)
gateway-web	Run node city/test-all.mjs	2026-10-07T01:51:44.7605540Z ✔ retry budgets clamp to the donor 0..5 attempt window without rounding (0.3684ms)
gateway-web	Run node city/test-all.mjs	2026-10-07T01:51:44.7606243Z ✔ destructive is normalized into the donor kind list, defaulting to DELETE (0.6765ms)
gateway-web	Run node city/test-all.mjs	2026-10-07T01:51:44.7606885Z ✔ validation rejects an action that is missing the thing it must act on (1.4325ms)
gateway-web	Run node city/test-all.mjs	2026-10-07T01:51:44.7607695Z ✔ the donor `any` fallback to the resolved target lets a DOM_TYPE through without text (preserved donor defect) (0.392ms)
gateway-web	Run node city/test-all.mjs	2026-10-07T01:51:44.7608434Z ✔ requiresTarget is the donor action list plus any resolved target (0.6404ms)
gateway-web	Run node city/test-all.mjs	2026-10-07T01:51:44.7609155Z ✔ describeAction is log-safe: targets labelled, secrets redacted, long payloads truncated (0.9201ms)
gateway-web	Run node city/test-all.mjs	2026-10-07T01:51:44.7609961Z ✔ destructiveKinds derives DELETE/FORMAT/INSTALL/PUBLISH from structured and shell actions (1.0589ms)
gateway-web	Run node city/test-all.mjs	2026-10-07T01:51:44.7610706Z ✔ the target ladder vocabulary is the donor list, cheapest and most stable first (0.2712ms)
gateway-web	Run node city/test-all.mjs	2026-10-07T01:51:44.7611422Z ✔ normalizeTarget accepts the donor shapes and records kinds, rank and primaryKind (1.6798ms)
gateway-web	Run node city/test-all.mjs	2026-10-07T01:51:44.7612137Z ✔ the donor reads a bare lowercase word as a CSS selector (preserved donor defect) (0.3103ms)
gateway-web	Run node city/test-all.mjs	2026-10-07T01:51:44.7612842Z ✔ normalizeTarget rejects malformed targets with the donor TARGET_INVALID messages (0.931ms)
gateway-web	Run node city/test-all.mjs	2026-10-07T01:51:44.7613525Z ✔ describeTarget labels the target the way the execution log reads it (0.2253ms)
gateway-web	Run node city/test-all.mjs	2026-10-07T01:51:44.7614132Z ✔ a minimal contract is the donor default document, field for field (5.198ms)
gateway-web	Run node city/test-all.mjs	2026-10-07T01:51:44.7614673Z ✔ a contract must be an object and must carry a goal (1.2472ms)
gateway-web	Run node city/test-all.mjs	2026-10-07T01:51:44.7615227Z ✔ capabilities are a closed vocabulary: deduplicated, never guessed (1.0233ms)
gateway-web	Run node city/test-all.mjs	2026-10-07T01:51:44.7615924Z ✔ the destructive mode is a closed vocabulary that fails loud instead of defaulting open (0.6814ms)
gateway-web	Run node city/test-all.mjs	2026-10-07T01:51:44.7616747Z ✔ safety posture keeps the donor defaults and normalizes forbidden targets through the target model (1.3541ms)
gateway-web	Run node city/test-all.mjs	2026-10-07T01:51:44.7617511Z ✔ limits are clamped to the donor windows and fall back to the effective options (0.6184ms)
gateway-web	Run node city/test-all.mjs	2026-10-07T01:51:44.7618239Z ✔ vision retention is a closed vocabulary and screenshot ceilings keep the donor defaults (0.5957ms)
gateway-web	Run node city/test-all.mjs	2026-10-07T01:51:44.7619024Z ✔ autonomy is opt-in and the workspace never invents a cwd (1.0102ms)
gateway-web	Run node city/test-all.mjs	2026-10-07T01:51:44.7619661Z ✔ success criteria are normalized up front, so a bad criterion fails at contract time (1.1757ms)
gateway-web	Run node city/test-all.mjs	2026-10-07T01:51:44.7620448Z ✔ plan steps are normalized into donor envelopes and invalid actions are wrapped as PLAN_INVALID (2.902ms)
gateway-web	Run node city/test-all.mjs	2026-10-07T01:51:44.7621361Z ✔ the donor plan step keeps the contract retry limit out of its actions (preserved donor defect) (0.3881ms)
gateway-web	Run node city/test-all.mjs	2026-10-07T01:51:44.7622056Z ✔ capability assertion fails closed with the donor codes and messages (0.6961ms)
gateway-web	Run node city/test-all.mjs	2026-10-07T01:51:44.7622699Z ✔ declared destructive kinds are filtered against the closed donor families (0.4368ms)
gateway-web	Run node city/test-all.mjs	2026-10-07T01:51:44.7623323Z ✔ describeContract is a log-safe summary, never the plan payload (0.5586ms)
gateway-web	Run node city/test-all.mjs	2026-10-07T01:51:44.7623986Z ✔ the resolved config block is an explicit parameter, replacing the donor file read (0.5083ms)
gateway-web	Run node city/test-all.mjs	2026-10-07T01:51:44.7624600Z ✔ the action surface is the donor closed list, in donor order (3.5786ms)
gateway-web	Run node city/test-all.mjs	2026-10-07T01:51:44.7625227Z ✔ capability routing covers every action and uses the donor capability names (0.2687ms)
gateway-web	Run node city/test-all.mjs	2026-10-07T01:51:44.7626258Z ✔ the route ladder is cheapest-first and the controller map is the donor map (0.3377ms)
gateway-web	Run node city/test-all.mjs	2026-10-07T01:51:44.7626943Z ✔ the state machine, its transitions and its terminal states are the donor lists (0.5943ms)
gateway-web	Run node city/test-all.mjs	2026-10-07T01:51:44.7627626Z ✔ verification kinds, verdicts and screenshot levels are the donor values (0.3925ms)
gateway-web	Run node city/test-all.mjs	2026-10-07T01:51:44.7628398Z ✔ capabilities, destructive kinds/modes, retention, step results and run status are the donor lists (0.3024ms)
gateway-web	Run node city/test-all.mjs	2026-10-07T01:51:44.7629158Z ✔ timing, movement, stall, retry and contract defaults keep the donor thresholds (0.373ms)
gateway-web	Run node city/test-all.mjs	2026-10-07T01:51:44.7629910Z ✔ resolveComputerUseOptions with no config block is exactly the donor default resolution (0.8481ms)
gateway-web	Run node city/test-all.mjs	2026-10-07T01:51:44.7630614Z ✔ the config block is the middle layer: defaults, then block, then overrides (0.5964ms)
gateway-web	Run node city/test-all.mjs	2026-10-07T01:51:44.7631278Z ✔ positive limits accept integers only and otherwise keep the shipped default (0.748ms)
gateway-web	Run node city/test-all.mjs	2026-10-07T01:51:44.7631959Z ✔ an unknown destructive mode falls back to confirm instead of widening the gate (0.4462ms)
gateway-web	Run node city/test-all.mjs	2026-10-07T01:51:44.7632776Z ✔ capability lists are filtered without de-duplication, and a non-array keeps the shipped list by identity (1.3988ms)
gateway-web	Run node city/test-all.mjs	2026-10-07T01:51:44.7633454Z ✔ the filesystem escape hatches are strict booleans (0.2776ms)
gateway-web	Run node city/test-all.mjs	2026-10-07T01:51:44.7633961Z ✔ timing values are rounded and clamped into the donor bands (0.365ms)
gateway-web	Run node city/test-all.mjs	2026-10-07T01:51:44.7634607Z ✔ target movement is copied unsmoothed, and a null override reads as 0 (donor quirk) (0.3798ms)
gateway-web	Run node city/test-all.mjs	2026-10-07T01:51:44.7635303Z ✔ the stall threshold comes from the config block, never from a zero override (0.2992ms)
gateway-web	Run node city/test-all.mjs	2026-10-07T01:51:44.7635983Z ✔ a null config block still throws the donor TypeError (preserved donor defect) (0.9776ms)
gateway-web	Run node city/test-all.mjs	2026-10-07T01:51:44.7636615Z ✔ the criterion vocabulary is the donor closed list, in donor order (3.0223ms)
gateway-web	Run node city/test-all.mjs	2026-10-07T01:51:44.7637331Z ✔ a bare string is a custom criterion, normalized criteria carry kindAlias and a description (0.7383ms)
gateway-web	Run node city/test-all.mjs	2026-10-07T01:51:44.7638172Z ✔ the donor alias only applies to `type`, so `kind: "file"` survives unexpanded (preserved donor defect) (0.9013ms)
gateway-web	Run node city/test-all.mjs	2026-10-07T01:51:44.7638886Z ✔ an object criterion must be plain and must name a supported kind (0.7886ms)
gateway-web	Run node city/test-all.mjs	2026-10-07T01:51:44.7639510Z ✔ negation is coerced to a boolean and only stored when the author wrote it (0.3502ms)
gateway-web	Run node city/test-all.mjs	2026-10-07T01:51:44.7640077Z ✔ all/any nest their criteria and refuse an empty list (0.7845ms)
gateway-web	Run node city/test-all.mjs	2026-10-07T01:51:44.7640783Z ✔ the donor describes an `of`-shaped all/any before it expands it, so it crashes (preserved donor defect) (1.0717ms)
gateway-web	Run node city/test-all.mjs	2026-10-07T01:51:44.7641482Z ✔ normalizeCriteria accepts a list, a single entry, or nothing (0.3601ms)
gateway-web	Run node city/test-all.mjs	2026-10-07T01:51:44.7642015Z ✔ every criterion kind has the donor description string (0.774ms)
gateway-web	Run node city/test-all.mjs	2026-10-07T01:51:44.7642523Z ✔ evaluation is per-kind and reads only the injected facts (4.1477ms)
gateway-web	Run node city/test-all.mjs	2026-10-07T01:51:44.7643290Z ✔ missing evidence is unknown, never true, and the result shape is the donor shape (0.4081ms)
gateway-web	Run node city/test-all.mjs	2026-10-07T01:51:44.7643937Z ✔ negate flips a known verdict and leaves an unknown verdict unknown (0.1519ms)
gateway-web	Run node city/test-all.mjs	2026-10-07T01:51:44.7644629Z ✔ all/any combine child verdicts with the donor three-valued rules (0.4971ms)
gateway-web	Run node city/test-all.mjs	2026-10-07T01:51:44.7645244Z ✔ a custom criterion consults the custom fact or the named check function (0.2065ms)
gateway-web	Run node city/test-all.mjs	2026-10-07T01:51:44.7646235Z ✔ no criteria means satisfied and skipped — the donor completion rule (0.2744ms)
gateway-web	Run node city/test-all.mjs	2026-10-07T01:51:44.7646955Z ✔ evaluateCriteria reports per-criterion results and treats unknown as not satisfied (0.392ms)
gateway-web	Run node city/test-all.mjs	2026-10-07T01:51:44.7647791Z ✔ an already-normalized array is used as-is, so a raw object keeps its raw kind (preserved donor defect) (0.1909ms)
gateway-web	Run node city/test-all.mjs	2026-10-07T01:51:44.7648527Z ✔ CODES holds every donor member, in donor order, with the donor values (3.7145ms)
gateway-web	Run node city/test-all.mjs	2026-10-07T01:51:44.7648764Z ✔ the two donor aliases stay aliases, not copies (0.2207ms)
gateway-web	Run node city/test-all.mjs	2026-10-07T01:51:44.7649050Z ✔ defaultRetryable is the donor table and nothing wider (0.4066ms)
gateway-web	Run node city/test-all.mjs	2026-10-07T01:51:44.7649435Z ✔ ComputerUseError carries code, message, details, retryability and fault boundary (0.7086ms)
gateway-web	Run node city/test-all.mjs	2026-10-07T01:51:44.7649764Z ✔ the message falls back to the code, and empty fault fields become null (0.3261ms)
gateway-web	Run node city/test-all.mjs	2026-10-07T01:51:44.7650133Z ✔ an explicit retryable detail wins over the default table, coerced to boolean (0.3752ms)
gateway-web	Run node city/test-all.mjs	2026-10-07T01:51:44.7650429Z ✔ toJSON is the log shape, with details redacted and no extra keys (0.6605ms)
gateway-web	Run node city/test-all.mjs	2026-10-07T01:51:44.7650752Z ✔ redaction matches the donor key pattern, recursively, and only on keys (0.5439ms)
gateway-web	Run node city/test-all.mjs	2026-10-07T01:51:44.7651180Z ✔ redaction turns any non-plain object into its enumerable entries (preserved donor defect) (0.4465ms)
gateway-web	Run node city/test-all.mjs	2026-10-07T01:51:44.7651391Z ✔ fail() is the donor constructor shorthand (0.4994ms)
gateway-web	Run node city/test-all.mjs	2026-10-07T01:51:44.7651763Z ✔ every module is pure ESM: no fs, network, clock, randomness, env, cwd or require (12.7408ms)
gateway-web	Run node city/test-all.mjs	2026-10-07T01:51:44.7652065Z ✔ every JSDoc header names its donor file and the frozen commit (4.9133ms)
gateway-web	Run node city/test-all.mjs	2026-10-07T01:51:44.7652346Z ✔ the barrel exposes exactly the donor-derived public surface (1.8723ms)
gateway-web	Run node city/test-all.mjs	2026-10-07T01:51:44.7652638Z ✔ the DONOR.json record matches the manifest assignment exactly (6.2214ms)
gateway-web	Run node city/test-all.mjs	2026-10-07T01:51:44.7653060Z ✔ a contract built through the barrel composes with criteria evaluation and typed failures (5.5471ms)
gateway-web	Run node city/test-all.mjs	2026-10-07T01:51:44.7653423Z ✔ the options resolver is reachable from the barrel and honours an explicit block (0.3516ms)
gateway-web	Run node city/test-all.mjs	2026-10-07T01:51:44.7653742Z ✔ the grade and risk vocabularies and their orders are the donor ones (3.6304ms)
gateway-web	Run node city/test-all.mjs	2026-10-07T01:51:44.7653983Z ✔ the risk action sets are the donor lists, in order (0.325ms)
gateway-web	Run node city/test-all.mjs	2026-10-07T01:51:44.7654256Z ✔ no action may be in both the high-risk and the low-risk list (0.2481ms)
gateway-web	Run node city/test-all.mjs	2026-10-07T01:51:44.7654545Z ✔ classifyRisk with no action is standard with the donor reason (1.5653ms)
gateway-web	Run node city/test-all.mjs	2026-10-07T01:51:44.7654764Z ✔ classifyRisk grades a low-risk action low (1.4567ms)
gateway-web	Run node city/test-all.mjs	2026-10-07T01:51:44.7654981Z ✔ classifyRisk grades a named side effect high (0.2937ms)
gateway-web	Run node city/test-all.mjs	2026-10-07T01:51:44.7655315Z ✔ classifyRisk grades an interactive desktop or browser action standard (0.3225ms)
gateway-web	Run node city/test-all.mjs	2026-10-07T01:51:44.7655613Z ✔ a declared destructive kind is critical whatever the type is (0.3482ms)
gateway-web	Run node city/test-all.mjs	2026-10-07T01:51:44.7656061Z ✔ a destructive array is filtered to the donor vocabulary, and an empty one does not raise the risk (0.4612ms)
gateway-web	Run node city/test-all.mjs	2026-10-07T01:51:44.7656430Z ✔ destructive:true raises the risk on its own and records the donor reason (0.4073ms)
gateway-web	Run node city/test-all.mjs	2026-10-07T01:51:44.7656759Z ✔ a destructive description or target name raises the risk to critical (0.3134ms)
gateway-web	Run node city/test-all.mjs	2026-10-07T01:51:44.7657141Z ✔ the donor keyword table is scanned in order and every field of the target is searched (0.377ms)
gateway-web	Run node city/test-all.mjs	2026-10-07T01:51:44.7657491Z ✔ the declared kinds and the keyword reason are recorded together, kinds last (0.2452ms)
gateway-web	Run node city/test-all.mjs	2026-10-07T01:51:44.7658622Z ✔ a keyword boundary needs a non-letter on each side (0.2295ms)
gateway-web	Run node city/test-all.mjs	2026-10-07T01:51:44.7659011Z ✔ a modal dismissal is low risk even when its own text names a destructive effect (0.1818ms)
gateway-web	Run node city/test-all.mjs	2026-10-07T01:51:44.7659319Z ✔ gradeEvidence refuses to grade anything that did not succeed (0.3863ms)
gateway-web	Run node city/test-all.mjs	2026-10-07T01:51:44.7659776Z ✔ a controller-declared strength wins, and the strongest entry is taken (0.3162ms)
gateway-web	Run node city/test-all.mjs	2026-10-07T01:51:44.7660131Z ✔ a single unrecognised declared strength discards the whole declaration (0.1761ms)
gateway-web	Run node city/test-all.mjs	2026-10-07T01:51:44.7660476Z ✔ the specific verification kinds grade strong and carry the donor reason (0.2471ms)
gateway-web	Run node city/test-all.mjs	2026-10-07T01:51:44.7660722Z ✔ state, focus and visual observations grade medium (0.2916ms)
gateway-web	Run node city/test-all.mjs	2026-10-07T01:51:44.7661020Z ✔ a declared expected effect that held upgrades the observation (0.262ms)
gateway-web	Run node city/test-all.mjs	2026-10-07T01:51:44.7661349Z ✔ the declared effect is read from the action when the input does not say (0.1969ms)
gateway-web	Run node city/test-all.mjs	2026-10-07T01:51:44.7661539Z ✔ a bare change detection grades weak (0.1746ms)
gateway-web	Run node city/test-all.mjs	2026-10-07T01:51:44.7661803Z ✔ an unknown or absent verification kind grades weak (0.1782ms)
gateway-web	Run node city/test-all.mjs	2026-10-07T01:51:44.7662280Z ✔ a strong kind outranks a declared strength because it is checked first only when no entry declares one (0.1827ms)
gateway-web	Run node city/test-all.mjs	2026-10-07T01:51:44.7662636Z ✔ assess fails immediately when the verdict is not success, whatever the risk (0.4394ms)
gateway-web	Run node city/test-all.mjs	2026-10-07T01:51:44.7662896Z ✔ a low-risk action clears the bar with weak evidence (0.2138ms)
gateway-web	Run node city/test-all.mjs	2026-10-07T01:51:44.7663290Z ✔ a standard-risk action needs medium evidence: just below fails, just above passes (0.2051ms)
gateway-web	Run node city/test-all.mjs	2026-10-07T01:51:44.7663657Z ✔ a high-risk action needs strong evidence: just below fails, just above passes (0.2522ms)
gateway-web	Run node city/test-all.mjs	2026-10-07T01:51:44.7664038Z ✔ a critical action without a declared effect is refused even with strong evidence (0.1656ms)
gateway-web	Run node city/test-all.mjs	2026-10-07T01:51:44.7664429Z ✔ a critical action clears the bar only with strong evidence and a declared effect (0.2302ms)
gateway-web	Run node city/test-all.mjs	2026-10-07T01:51:44.7664775Z ✔ the risk bar is not satisfied by a higher risk alone: the grade must reach it (0.2225ms)
gateway-web	Run node city/test-all.mjs	2026-10-07T01:51:44.7665204Z ✔ FILE_DELETE is high risk, not critical: it is not in the keyword table and declares no kinds (0.4374ms)
gateway-web	Run node city/test-all.mjs	2026-10-07T01:51:44.7665566Z ✔ a modal dismissal is the one critical-risk exemption from declaring an effect (0.2196ms)
gateway-web	Run node city/test-all.mjs	2026-10-07T01:51:44.7666378Z ✔ an explicit declaredEffect argument satisfies the critical declaration requirement (0.2187ms)
gateway-web	Run node city/test-all.mjs	2026-10-07T01:51:44.7666712Z ✔ assess concatenates the grade reasons before the risk reasons (0.1701ms)
gateway-web	Run node city/test-all.mjs	2026-10-07T01:51:44.7667138Z ✔ a critical-risk action is only reached through a declared kind, a true flag or a keyword (0.2614ms)
gateway-web	Run node city/test-all.mjs	2026-10-07T01:51:44.7667468Z ✔ classifyControl follows the donor table order for every label branch (6.6758ms)
gateway-web	Run node city/test-all.mjs	2026-10-07T01:51:44.7667814Z ✔ classifyControl trims its input, and non-string labels are stringified (0.9923ms)
gateway-web	Run node city/test-all.mjs	2026-10-07T01:51:44.7668126Z ✔ the destructive table wins over every later table for the same label (0.162ms)
gateway-web	Run node city/test-all.mjs	2026-10-07T01:51:44.7668403Z ✔ the donor reasons for one label of each class are exact (0.4621ms)
gateway-web	Run node city/test-all.mjs	2026-10-07T01:51:44.7668662Z ✔ the label tables are the donor tables, entry by entry (0.3776ms)
gateway-web	Run node city/test-all.mjs	2026-10-07T01:51:44.7668959Z ✔ classifyModal classifies every control and counts the classes (0.5005ms)
gateway-web	Run node city/test-all.mjs	2026-10-07T01:51:44.7669334Z ✔ classifyModal falls back to name/text for the label and null for absent fields (1.0955ms)
gateway-web	Run node city/test-all.mjs	2026-10-07T01:51:44.7669715Z ✔ a destructive message is recognised from message or text, first table entry first (0.1815ms)
gateway-web	Run node city/test-all.mjs	2026-10-07T01:51:44.7670029Z ✔ a dialog with no controls asks the user and carries the message kind (1.1179ms)
gateway-web	Run node city/test-all.mjs	2026-10-07T01:51:44.7670365Z ✔ a safe dismissal is always preferred, even beside a destructive control (2.1193ms)
gateway-web	Run node city/test-all.mjs	2026-10-07T01:51:44.7670723Z ✔ a forbidden contract refuses a destructive confirmation and names the kinds (0.3652ms)
gateway-web	Run node city/test-all.mjs	2026-10-07T01:51:44.7671047Z ✔ a destructive control without a declared matching effect asks the user (0.286ms)
gateway-web	Run node city/test-all.mjs	2026-10-07T01:51:44.7671504Z ✔ a matched effect but no safety authorization still asks the user (0.3625ms)
gateway-web	Run node city/test-all.mjs	2026-10-07T01:51:44.7671862Z ✔ all three conditions together authorize pressing the destructive control (0.2944ms)
gateway-web	Run node city/test-all.mjs	2026-10-07T01:51:44.7672367Z ✔ the kind set is the action kinds, then the control kinds, then the message kind, and the reason lists them all (0.2613ms)
gateway-web	Run node city/test-all.mjs	2026-10-07T01:51:44.7672835Z ✔ a positive confirmation needs a declared effect or a declared destructive kind (0.3501ms)
gateway-web	Run node city/test-all.mjs	2026-10-07T01:51:44.7673201Z ✔ a positive confirmation is reached only after the destructive and safe tables (0.2117ms)
gateway-web	Run node city/test-all.mjs	2026-10-07T01:51:44.7673501Z ✔ an acknowledgement is pressed only when the dialog is harmless (0.3085ms)
gateway-web	Run node city/test-all.mjs	2026-10-07T01:51:44.7673818Z ✔ an unclassifiable dialog asks the user and lists the labels it saw (0.2449ms)
gateway-web	Run node city/test-all.mjs	2026-10-07T01:51:44.7674164Z ✔ destructiveAllowed allows everything except an explicit forbidden mode (0.1465ms)
gateway-web	Run node city/test-all.mjs	2026-10-07T01:51:44.7674408Z ✔ isDestructiveKind is the donor vocabulary check (0.1789ms)
gateway-web	Run node city/test-all.mjs	2026-10-07T01:51:44.7674792Z ✔ planModal classifies candidates, drops disabled ones and reports the chosen ref (0.3421ms)
gateway-web	Run node city/test-all.mjs	2026-10-07T01:51:44.7675092Z ✔ planModal on an empty input asks the user with the donor reason (0.2464ms)
gateway-web	Run node city/test-all.mjs	2026-10-07T01:51:44.7675418Z ✔ planModal drops every disabled control and reports the surface it chose (0.232ms)
gateway-web	Run node city/test-all.mjs	2026-10-07T01:51:44.7675862Z ✔ planModal forwards its context, so the destructive decision still needs all three conditions (0.6623ms)
gateway-web	Run node city/test-all.mjs	2026-10-07T01:51:44.7676203Z ✔ CHANNEL_PLANS is the donor plan table, action type by action type (3.6394ms)
gateway-web	Run node city/test-all.mjs	2026-10-07T01:51:44.7676566Z ✔ every plan channel has a capability and a controller, exactly as declared (0.567ms)
gateway-web	Run node city/test-all.mjs	2026-10-07T01:51:44.7676962Z ✔ fallbackChannels returns a copy, never the frozen plan itself (0.3084ms)
gateway-web	Run node city/test-all.mjs	2026-10-07T01:51:44.7677391Z ✔ channelRank is the index in the donor cost ladder, and the ladder length when unknown (0.3249ms)
gateway-web	Run node city/test-all.mjs	2026-10-07T01:51:44.7677722Z ✔ isBrowserAction matches only BROWSER_ and DOM_ prefixes (0.3416ms)
gateway-web	Run node city/test-all.mjs	2026-10-07T01:51:44.7678061Z ✔ an unknown action type is refused with the donor reason and code (0.7493ms)
gateway-web	Run node city/test-all.mjs	2026-10-07T01:51:44.7678481Z ✔ CLICK resolves to the DOM with the donor reason and an ordered alternative list (0.6877ms)
gateway-web	Run node city/test-all.mjs	2026-10-07T01:51:44.7678915Z ✔ a contract that withholds the winning capability records the refusal and moves on (0.492ms)
gateway-web	Run node city/test-all.mjs	2026-10-07T01:51:44.7679312Z ✔ an unavailable controller is described with the donor label and host reason (1.6654ms)
gateway-web	Run node city/test-all.mjs	2026-10-07T01:51:44.7679753Z ✔ pageReady is not consulted on the api channel: a navigation still routes to the api (0.6068ms)
gateway-web	Run node city/test-all.mjs	2026-10-07T01:51:44.7680298Z ✔ a channel that is available but unsuited reports the unsuitability reason (0.6084ms)
gateway-web	Run node city/test-all.mjs	2026-10-07T01:51:44.7680903Z ✔ an unavailable channel is reported before an unsuited one on the same action (0.2848ms)
gateway-web	Run node city/test-all.mjs	2026-10-07T01:51:44.7681511Z ✔ the accessibility channel accepts FOCUS without a resolved point, and CLICK is not in its plan list (0.492ms)
gateway-web	Run node city/test-all.mjs	2026-10-07T01:51:44.7681886Z ✔ an accessibility node resolves through the ax source (0.2954ms)
gateway-web	Run node city/test-all.mjs	2026-10-07T01:51:44.7682192Z ✔ TYPE prefers the DOM, then accessibility, then coordinates (0.337ms)
gateway-web	Run node city/test-all.mjs	2026-10-07T01:51:44.7682488Z ✔ point and vision channels carry the donor reasons (0.311ms)
gateway-web	Run node city/test-all.mjs	2026-10-07T01:51:44.7682972Z ✔ OPEN_APP reaches the shell channel and the api channel is measured against browser availability (0.165ms)
gateway-web	Run node city/test-all.mjs	2026-10-07T01:51:44.7694275Z ✔ availability entries are available unless explicitly set to false (0.2902ms)
gateway-web	Run node city/test-all.mjs	2026-10-07T01:51:44.7694741Z ✔ every routing reason is the donor string, reached through its own channel (0.6376ms)
gateway-web	Run node city/test-all.mjs	2026-10-07T01:51:44.7695048Z ✔ TYPING_ACTIONS and POINTING_ACTIONS are the donor sets (4.3422ms)
gateway-web	Run node city/test-all.mjs	2026-10-07T01:51:44.7695372Z ✔ the destructive gate classifies a harmless action as allowed (1.1324ms)
gateway-web	Run node city/test-all.mjs	2026-10-07T01:51:44.7695802Z ✔ a destructive action with no contract falls back to confirm and records the exact reason (0.3534ms)
gateway-web	Run node city/test-all.mjs	2026-10-07T01:51:44.7696182Z ✔ a forbidden contract refuses with DESTRUCTIVE_FORBIDDEN and the exact reason (0.2755ms)
gateway-web	Run node city/test-all.mjs	2026-10-07T01:51:44.7696776Z ✔ an allowed contract lets a destructive action through with no confirmation flag (0.302ms)
gateway-web	Run node city/test-all.mjs	2026-10-07T01:51:44.7697047Z ✔ a shell command is classified by the donor patterns (1.0465ms)
gateway-web	Run node city/test-all.mjs	2026-10-07T01:51:44.7697485Z ✔ an action that declares its own destructive kinds keeps them verbatim (0.2931ms)
gateway-web	Run node city/test-all.mjs	2026-10-07T01:51:44.7697826Z ✔ the options contract is the fallback when the call carries no contract (0.3663ms)
gateway-web	Run node city/test-all.mjs	2026-10-07T01:51:44.7698326Z ✔ assertActionAllowed throws DESTRUCTIVE_NEEDS_CONFIRMATION when the host supplies no confirm callback (1.2331ms)
gateway-web	Run node city/test-all.mjs	2026-10-07T01:51:44.7698756Z ✔ assertActionAllowed throws DESTRUCTIVE_FORBIDDEN before it ever asks for confirmation (0.6304ms)
gateway-web	Run node city/test-all.mjs	2026-10-07T01:51:44.7699219Z ✔ assertActionAllowed returns the decision for a harmless action and for an already-confirmed one (0.371ms)
gateway-web	Run node city/test-all.mjs	2026-10-07T01:51:44.7699666Z ✔ the confirmation callback path is ported but no host supplies one (unreachable by construction) (0.3761ms)
gateway-web	Run node city/test-all.mjs	2026-10-07T01:51:44.7700009Z ✔ a refused confirmation throws SAFETY_REFUSED with the donor message (0.3373ms)
gateway-web	Run node city/test-all.mjs	2026-10-07T01:51:44.7700352Z ✔ decisions() is an audit trail of every decision, with the injected clock (0.4956ms)
gateway-web	Run node city/test-all.mjs	2026-10-07T01:51:44.7700585Z ✔ checkWindow skips every non-pointing action (0.2123ms)
gateway-web	Run node city/test-all.mjs	2026-10-07T01:51:44.7701003Z ✔ checkWindow checks ACCESSIBILITY_INVOKE too even though it is not a pointing action (0.3124ms)
gateway-web	Run node city/test-all.mjs	2026-10-07T01:51:44.7701411Z ✔ checkWindow allows the expected foreground window and records its handle as a string (0.1492ms)
gateway-web	Run node city/test-all.mjs	2026-10-07T01:51:44.7701863Z ✔ an unobservable foreground refuses a coordinate click with WINDOW_MISMATCH and the donor reason (0.1177ms)
gateway-web	Run node city/test-all.mjs	2026-10-07T01:51:44.7702155Z ✔ an unobservable world refuses with the same code and reason (0.1221ms)
gateway-web	Run node city/test-all.mjs	2026-10-07T01:51:44.7702515Z ✔ a different foreground window is refused, naming the observed title and pid (0.1354ms)
gateway-web	Run node city/test-all.mjs	2026-10-07T01:51:44.7702812Z ✔ an action with no window expectation skips the foreground check (0.1171ms)
gateway-web	Run node city/test-all.mjs	2026-10-07T01:51:44.7703202Z ✔ the foreground toggle is read from the guard options, never from the call context (0.1434ms)
gateway-web	Run node city/test-all.mjs	2026-10-07T01:51:44.7703522Z ✔ assertWindowAllowed throws the window decision code and details (0.3892ms)
gateway-web	Run node city/test-all.mjs	2026-10-07T01:51:44.7703744Z ✔ checkFocus skips every non-typing action (0.2453ms)
gateway-web	Run node city/test-all.mjs	2026-10-07T01:51:44.7704058Z ✔ a verified focus receipt is trusted without consulting the world (0.2039ms)
gateway-web	Run node city/test-all.mjs	2026-10-07T01:51:44.7704359Z ✔ typing with no target and no focus is refused with FOCUS_MISMATCH (0.1557ms)
gateway-web	Run node city/test-all.mjs	2026-10-07T01:51:44.7704682Z ✔ typing with no target but a focused element is allowed from the world (0.1105ms)
gateway-web	Run node city/test-all.mjs	2026-10-07T01:51:44.7704967Z ✔ a targeted type with no focus is refused, naming the target (0.1048ms)
gateway-web	Run node city/test-all.mjs	2026-10-07T01:51:44.7705274Z ✔ focus on the wrong element is refused with the donor detail fields (0.2284ms)
gateway-web	Run node city/test-all.mjs	2026-10-07T01:51:44.7705552Z ✔ focus on any reference the target resolves to is accepted (0.1489ms)
gateway-web	Run node city/test-all.mjs	2026-10-07T01:51:44.7706495Z ✔ a semantic target resolves refs by name containment, and an unrelated pool cannot prove focus (0.3806ms)
gateway-web	Run node city/test-all.mjs	2026-10-07T01:51:44.7706944Z ✔ the focus toggle is honoured from the guard options, unlike the window toggle (0.1961ms)
gateway-web	Run node city/test-all.mjs	2026-10-07T01:51:44.7707328Z ✔ assertFocusAllowed throws FOCUS_MISMATCH with the focused ref in the details (0.3589ms)
gateway-web	Run node city/test-all.mjs	2026-10-07T01:51:44.7707694Z ✔ inspectModals reports every open blocking dialog with the donor defaults (0.3186ms)
gateway-web	Run node city/test-all.mjs	2026-10-07T01:51:44.7708033Z ✔ a dialog is blocking unless it is explicitly blocking:false or open:false (0.234ms)
gateway-web	Run node city/test-all.mjs	2026-10-07T01:51:44.7708419Z ✔ inspectModals with no dialogs, no world and a non-list dialogs field never blocks (0.1382ms)
gateway-web	Run node city/test-all.mjs	2026-10-07T01:51:44.7708769Z ✔ assertNoBlockingModal throws MODAL_BLOCKING and joins the dialog texts (0.2922ms)
gateway-web	Run node city/test-all.mjs	2026-10-07T01:51:44.7709080Z ✔ redactAction redacts typed text, values, keys, stdin and env keys (0.5671ms)
gateway-web	Run node city/test-all.mjs	2026-10-07T01:51:44.7709414Z ✔ redactAction masks single-character keys only for a sensitive action (0.1616ms)
gateway-web	Run node city/test-all.mjs	2026-10-07T01:51:44.7709776Z ✔ redactAction redacts secret-looking parameter keys through redactDetails (0.1359ms)
gateway-web	Run node city/test-all.mjs	2026-10-07T01:51:44.7710133Z ✔ redactAction keeps a harmless action readable and leaves the input untouched (0.1345ms)
gateway-web	Run node city/test-all.mjs	2026-10-07T01:51:44.7710397Z ✔ redactText removes inline secrets and bearer tokens (0.2162ms)
gateway-web	Run node city/test-all.mjs	2026-10-07T01:51:44.7710800Z ✔ matchesWindow is the donor field-by-field comparison (0.1719ms)
gateway-web	Run node city/test-all.mjs	2026-10-07T01:51:44.7711154Z ✔ matchesWindow compares class names case-insensitively but handles exactly (0.2896ms)
gateway-web	Run node city/test-all.mjs	2026-10-07T01:51:44.7711494Z ✔ the ladder is the donor ladder: seven kinds, ranks 1..7, labels unchanged (4.3352ms)
gateway-web	Run node city/test-all.mjs	2026-10-07T01:51:44.7711812Z ✔ both target refusals are non-retryable and carry the donor fields (1.4491ms)
gateway-web	Run node city/test-all.mjs	2026-10-07T01:51:44.7712138Z ✔ a string target is trimmed and split between selector and semantic text (0.4394ms)
gateway-web	Run node city/test-all.mjs	2026-10-07T01:51:44.7712443Z ✔ an empty or blank string target is refused with the donor message (0.8179ms)
gateway-web	Run node city/test-all.mjs	2026-10-07T01:51:44.7712806Z ✔ a non-string, non-object, non-array target is refused with the donor message (0.5348ms)
gateway-web	Run node city/test-all.mjs	2026-10-07T01:51:44.7713202Z ✔ an object with no addressing rung is refused with the donor message and the raw target (0.8125ms)
gateway-web	Run node city/test-all.mjs	2026-10-07T01:51:44.7713558Z ✔ selector, dom_selector, page/tab, ref and description survive normalization (0.8015ms)
gateway-web	Run node city/test-all.mjs	2026-10-07T01:51:44.7713906Z ✔ accessibility accepts the raw spellings, the nested form and the ax alias (0.8082ms)
gateway-web	Run node city/test-all.mjs	2026-10-07T01:51:44.7714317Z ✔ a name alone is not an accessibility query: it is a refusal, not a silent semantic match (0.6972ms)
gateway-web	Run node city/test-all.mjs	2026-10-07T01:51:44.7714722Z ✔ bbox accepts the x/y/width/height, left/top and w/h spellings and normalizes the order (1.0993ms)
gateway-web	Run node city/test-all.mjs	2026-10-07T01:51:44.7715031Z ✔ point accepts point, coordinate, coordinates and a bare x/y pair (0.8078ms)
gateway-web	Run node city/test-all.mjs	2026-10-07T01:51:44.7715310Z ✔ window accepts a string title or the structured reference (0.3471ms)
gateway-web	Run node city/test-all.mjs	2026-10-07T01:51:44.7715707Z ✔ visual accepts paint, template, template_path and the flat paint/template spellings (0.3941ms)
gateway-web	Run node city/test-all.mjs	2026-10-07T01:51:44.7716013Z ✔ targetKinds reports every addressing mode present, best first (0.3718ms)
gateway-web	Run node city/test-all.mjs	2026-10-07T01:51:44.7716338Z ✔ a window is only a rung of its own when nothing else addresses the target (0.3673ms)
gateway-web	Run node city/test-all.mjs	2026-10-07T01:51:44.7716609Z ✔ rank is the best rung and primaryKind is that same rung (0.2885ms)
gateway-web	Run node city/test-all.mjs	2026-10-07T01:51:44.7716932Z ✔ a candidate list carries the union of its candidates kinds, best first (0.4286ms)
gateway-web	Run node city/test-all.mjs	2026-10-07T01:51:44.7717286Z ✔ describeTarget writes the donor label for every rung and never invents one (0.2779ms)
gateway-web	Run node city/test-all.mjs	2026-10-07T01:51:44.7717788Z ✔ the donor precedence of describeTarget is selector, accessibility, semantic, window, visual, bbox, point (0.1938ms)
gateway-web	Run node city/test-all.mjs	2026-10-07T01:51:44.7718053Z ✔ containsPoint is inclusive on both edges and corners (0.1984ms)
gateway-web	Run node city/test-all.mjs	2026-10-07T01:51:44.7718370Z ✔ centerOf rounds to whole pixels and distance rounds to two decimals (0.362ms)
gateway-web	Run node city/test-all.mjs	2026-10-07T01:51:44.7718778Z ✔ rung 1: selector resolves from a resolver, from world.controls and from visibleTargets (0.8137ms)
gateway-web	Run node city/test-all.mjs	2026-10-07T01:51:44.7719256Z ✔ rung 2: accessibility resolves by ref, from the ax tree and from the page controls (0.6366ms)
gateway-web	Run node city/test-all.mjs	2026-10-07T01:51:44.7719586Z ✔ rung 3: semantic matches on the concatenated element text and on role (0.3633ms)
gateway-web	Run node city/test-all.mjs	2026-10-07T01:51:44.7719934Z ✔ rung 4: window resolves from world.windows through the donor predicate (0.4809ms)
gateway-web	Run node city/test-all.mjs	2026-10-07T01:51:44.7720306Z ✔ rung 5: bbox matches the element containing the rect centre, both edges inclusive (0.3941ms)
gateway-web	Run node city/test-all.mjs	2026-10-07T01:51:44.7720647Z ✔ rung 6: visual is never resolved from world state, only through a resolver (0.4639ms)
gateway-web	Run node city/test-all.mjs	2026-10-07T01:51:44.7721010Z ✔ rung 7: point resolves inside a bbox, then falls back to a synthetic 1x1 target (0.425ms)
gateway-web	Run node city/test-all.mjs	2026-10-07T01:51:44.7721351Z ✔ the ladder is walked in rank order and every rung is recorded until one hits (0.3439ms)
gateway-web	Run node city/test-all.mjs	2026-10-07T01:51:44.7721782Z ✔ a candidate list is the ladder written by hand: candidates first, in order, then the wrapper (0.5418ms)
gateway-web	Run node city/test-all.mjs	2026-10-07T01:51:44.7722334Z ✔ a resolver that throws degrades the ladder: the reason is recorded and the next rung runs (0.3647ms)
gateway-web	Run node city/test-all.mjs	2026-10-07T01:51:44.7722815Z ✔ an error without a code records its message as the reason (0.3005ms)
gateway-web	Run node city/test-all.mjs	2026-10-07T01:51:44.7723422Z ✔ a missing resolver function degrades to the world state instead of failing (0.435ms)
gateway-web	Run node city/test-all.mjs	2026-10-07T01:51:44.7725440Z ✔ resolved descriptors carry the donor fields, including the disabled/visible derivation (0.4013ms)
gateway-web	Run node city/test-all.mjs	2026-10-07T01:51:44.7726952Z ✔ resolveTarget refuses a missing target and reports a missing one with the donor message (0.4117ms)
gateway-web	Run node city/test-all.mjs	2026-10-07T01:51:44.7728254Z ✔ the not-found error quotes the donor label and every attempted rung (0.306ms)
gateway-web	Run node city/test-all.mjs	2026-10-07T01:51:44.7729611Z ✔ a world is optional: an absent world is an empty one, and visibleTargets merge after controls (0.3449ms)
gateway-web	Run node city/test-all.mjs	2026-10-07T01:51:44.7731158Z ✔ matchesAccessibility: substring by default, exact on request, and each field can refuse (0.4709ms)
gateway-web	Run node city/test-all.mjs	2026-10-07T01:51:44.7732692Z ✔ matchesSemantic: text, label, placeholder, name and role, with the donor precedence (0.4161ms)
gateway-web	Run node city/test-all.mjs	2026-10-07T01:51:44.7734120Z ✔ matchesWindow: handle and processId are typed equality, className and title are substrings (0.3546ms)
gateway-web	Run node city/test-all.mjs	2026-10-07T01:51:44.7735523Z ✔ revalidate with no previous or no current resolution reports unknown and missing (0.4405ms)
gateway-web	Run node city/test-all.mjs	2026-10-07T01:51:44.7736869Z ✔ revalidate re-reads the thresholds from whatever it is given, falling back to the donor values (0.9756ms)
gateway-web	Run node city/test-all.mjs	2026-10-07T01:51:44.7738001Z ✔ revalidate: just below, exactly at and just above stablePx (0.2698ms)
gateway-web	Run node city/test-all.mjs	2026-10-07T01:51:44.7738988Z ✔ revalidate: just below, exactly at and just above updatePx (0.3406ms)
gateway-web	Run node city/test-all.mjs	2026-10-07T01:51:44.7740164Z ✔ a beyond-tolerance move is stale for the reason that matches the node identity (0.2165ms)
gateway-web	Run node city/test-all.mjs	2026-10-07T01:51:44.7741468Z ✔ revalidate returns the donor shape for each verdict, with the donor key order (0.205ms)
gateway-web	Run node city/test-all.mjs	2026-10-07T01:51:44.7742641Z ✔ revalidate uses the bbox centre when a resolution has no point (0.179ms)
gateway-web	Run node city/test-all.mjs	2026-10-07T01:51:44.7743918Z ✔ revalidate compares node identity, and a different node defaults to the donor threshold (0.1459ms)
gateway-web	Run node city/test-all.mjs	2026-10-07T01:51:44.7745618Z ✔ the different-node rule needs two real refs and follows the caller updatePx (0.2044ms)
gateway-web	Run node city/test-all.mjs	2026-10-07T01:51:44.7747006Z ✔ a resolution with the same identity but no geometry is stable; without identity it is unknown (0.2242ms)
gateway-web	Run node city/test-all.mjs	2026-10-07T01:51:44.7748604Z ✔ DEFECT 1: a semantic target that carries no text, label, name or placeholder describes itself as "undefined" (0.2338ms)
gateway-web	Run node city/test-all.mjs	2026-10-07T01:51:44.7750132Z ✔ DEFECT 2: a semantic-only target with no text fields matches EVERY element the world holds (0.2584ms)
gateway-web	Run node city/test-all.mjs	2026-10-07T01:51:44.7751728Z ✔ DEFECT 3: a candidate wrapper re-walks a candidate kind with no query, and only the predicate stops a false hit (0.6431ms)
gateway-web	Run node city/test-all.mjs	2026-10-07T01:51:44.7753333Z ✔ DEFECT 4: the synthetic point box is anchored at the point, so its rounded centre is one pixel away (1.3129ms)
gateway-web	Run node city/test-all.mjs	2026-10-07T01:51:44.7755063Z ✔ DEFECT 5: window.className is equality, not a substring, while window.title is a substring (0.3716ms)
gateway-web	Run node city/test-all.mjs	2026-10-07T01:51:44.7756550Z ✔ DEFECT 6: a beyond-tolerance move without a ref anywhere is reported as a different node (0.1705ms)
gateway-web	Run node city/test-all.mjs	2026-10-07T01:51:44.7757850Z ✔ DEFECT 7: distance() propagates NaN instead of refusing a missing coordinate (0.1596ms)
gateway-web	Run node city/test-all.mjs	2026-10-07T01:51:44.7759217Z ✔ DEFECT 8: Number(null) is 0, so an explicit null threshold is treated as 0 rather than as absent (0.177ms)
gateway-web	Run node city/test-all.mjs	2026-10-07T01:51:44.7760667Z ✔ DEFECT 9: an empty window or visual object is still a rung, because compact() keeps the container (0.4888ms)
gateway-web	Run node city/test-all.mjs	2026-10-07T01:51:44.7762125Z ✔ DEFECT 10: the flat trigger list has a typo that costs `template_path`, and page is never a rung (0.7418ms)
gateway-web	Run node city/test-all.mjs	2026-10-07T01:51:44.7763517Z ✔ DEFECT 11: a truthy non-integer accessibility index is silently dropped, and 0 is kept (0.2418ms)
gateway-web	Run node city/test-all.mjs	2026-10-07T01:51:44.7765316Z ✔ DEFECT 12: a false-named exact is still a substring match, because `exact` needs the boolean true (0.1809ms)
gateway-web	Run node city/test-all.mjs	2026-10-07T01:51:44.7766796Z ✔ DEFECT 13: buildResolved prefers an explicit disabled/visible only when that field is present (0.2549ms)
gateway-web	Run node city/test-all.mjs	2026-10-07T01:51:44.7768365Z ✔ DEFECT 14: exact-match accessibility still ignores an empty-string automationId expectation on the node (0.8285ms)
gateway-web	Run node city/test-all.mjs	2026-10-07T01:51:44.7769705Z ✔ MISS_SIGNALS is the donor list, in the donor order, frozen (3.2654ms)
gateway-web	Run node city/test-all.mjs	2026-10-07T01:51:44.7770999Z ✔ PRESERVED DONOR DEFECT: a missing observation returns a `no_observation` signal that is not in MISS_SIGNALS (0.5541ms)
gateway-web	Run node city/test-all.mjs	2026-10-07T01:51:44.7772531Z ✔ controller_reported_noop comes from a failed, retryable receipt or an explicit controller miss (1.9951ms)
gateway-web	Run node city/test-all.mjs	2026-10-07T01:51:44.7773993Z ✔ no_state_change is raised when nothing meaningful moved and the evidence did not move either (0.6983ms)
gateway-web	Run node city/test-all.mjs	2026-10-07T01:51:44.7775302Z ✔ evidence that moved suppresses no_state_change even when no meaningful field did (0.4851ms)
gateway-web	Run node city/test-all.mjs	2026-10-07T01:51:44.7776757Z ✔ a failed verification contributes expected_event_missing, focus_unchanged and control_state_unchanged (0.8679ms)
gateway-web	Run node city/test-all.mjs	2026-10-07T01:51:44.7778200Z ✔ focus_unchanged also comes from a focus action that left the focused ref alone (0.5062ms)
gateway-web	Run node city/test-all.mjs	2026-10-07T01:51:44.7779574Z ✔ active_element_unchanged is raised for a typing action and is too soft to carry a miss on its own (0.4815ms)
gateway-web	Run node city/test-all.mjs	2026-10-07T01:51:44.7780844Z ✔ visual_identical only carries a miss when the evidence did not move (0.792ms)
gateway-web	Run node city/test-all.mjs	2026-10-07T01:51:44.7782035Z ✔ the confidence ladder is low for no signal, medium for one and high for more (0.473ms)
gateway-web	Run node city/test-all.mjs	2026-10-07T01:51:44.7783094Z ✔ signals are reported once each, in the donor order (0.3873ms)
gateway-web	Run node city/test-all.mjs	2026-10-07T01:51:44.7784018Z ✔ detectMiss is deterministic across two identical calls (0.5714ms)
gateway-web	Run node city/test-all.mjs	2026-10-07T01:51:44.7785696Z ✔ PRESERVED DONOR DEFECT: a controller without a probe() is reported unavailable even when snapshot() works (7.9641ms)
gateway-web	Run node city/test-all.mjs	2026-10-07T01:51:44.7787177Z ✔ a probe that throws or answers available:false skips the source without an error record (1.6392ms)
gateway-web	Run node city/test-all.mjs	2026-10-07T01:51:44.7788581Z ✔ a snapshot that throws degrades the source, records a note and lands in the error ring (0.7865ms)
gateway-web	Run node city/test-all.mjs	2026-10-07T01:51:44.7789843Z ✔ a source that exceeds the window is reported unavailable with the donor message (15.7429ms)
gateway-web	Run node city/test-all.mjs	2026-10-07T01:51:44.7791104Z ✔ a snapshot returning null or undefined is an unavailable source, not a crash (0.8614ms)
gateway-web	Run node city/test-all.mjs	2026-10-07T01:51:44.7792200Z ✔ the accessibility walk is opt-out through context.ax (0.9405ms)
gateway-web	Run node city/test-all.mjs	2026-10-07T01:51:44.7793374Z ✔ system events are computed from consecutive observations and accumulate until drained (1.9978ms)
gateway-web	Run node city/test-all.mjs	2026-10-07T01:51:44.7794826Z ✔ file events join the system events, and a broken file controller degrades the system source (1.5461ms)
gateway-web	Run node city/test-all.mjs	2026-10-07T01:51:44.7796082Z ✔ watchFile pushes watched events into the stream and calls the callback (0.5875ms)
gateway-web	Run node city/test-all.mjs	2026-10-07T01:51:44.7797380Z ✔ the observer passes the world its sources produced, including their notes and sources map (1.078ms)
gateway-web	Run node city/test-all.mjs	2026-10-07T01:51:44.7798959Z ✔ with no clock injected the world is stamped with the port default, not the wall clock (0.8249ms)
gateway-web	Run node city/test-all.mjs	2026-10-07T01:51:44.7800321Z ✔ the observation is deterministic across two identical calls with the same injected clock (1.4679ms)
gateway-web	Run node city/test-all.mjs	2026-10-07T01:51:44.7801734Z ✔ PROGRESS_KINDS, PROGRESS_KIND_LIST and EVIDENCE_KINDS are the donor vocabulary, frozen (2.7489ms)
gateway-web	Run node city/test-all.mjs	2026-10-07T01:51:44.7803238Z ✔ verified-effect is accepted only on a success verdict whose evidence kind proves the effect landed (1.0023ms)
gateway-web	Run node city/test-all.mjs	2026-10-07T01:51:44.7805326Z ✔ PRESERVED DONOR DEFECT: the verified-effect claim reads `detail.kind`, never the verifier's `verificationKind` (0.338ms)
gateway-web	Run node city/test-all.mjs	2026-10-07T01:51:44.7806567Z ✔ an unknown progress kind is refused (0.3926ms)
gateway-web	Run node city/test-all.mjs	2026-10-07T01:51:44.7807597Z ✔ subprocess-exit needs an exit, and an exit without a code only counts when signalled (0.2362ms)
gateway-web	Run node city/test-all.mjs	2026-10-07T01:51:44.7808926Z ✔ file-operation needs `verified: true`, and criteria-satisfied needs `satisfied: true` (0.2627ms)
gateway-web	Run node city/test-all.mjs	2026-10-07T01:51:44.7810264Z ✔ state-transition needs a state, and refuses a state the run was already in (0.1906ms)
gateway-web	Run node city/test-all.mjs	2026-10-07T01:51:44.7811561Z ✔ a heartbeat and an issued action are never progress; only progress() moves lastProgressAt (0.6187ms)
gateway-web	Run node city/test-all.mjs	2026-10-07T01:51:44.7812881Z ✔ status reports the stall-facing view, falling back to lastActionAt before any progress (0.4123ms)
gateway-web	Run node city/test-all.mjs	2026-10-07T01:51:44.7814548Z ✔ noOp counts a repeated identical signature and flags repetition at the repeat window (0.5899ms)
gateway-web	Run node city/test-all.mjs	2026-10-07T01:51:44.7815854Z ✔ recorded progress clears the no-op streak and forgets the last no-op signature (0.2718ms)
gateway-web	Run node city/test-all.mjs	2026-10-07T01:51:44.7817012Z ✔ history is a bounded copy of the ring, defaulting to 200 records (0.5805ms)
gateway-web	Run node city/test-all.mjs	2026-10-07T01:51:44.7818236Z ✔ with no clock injected the tracker records null instants instead of reading the wall clock (0.3543ms)
gateway-web	Run node city/test-all.mjs	2026-10-07T01:51:44.7819712Z ✔ progress counts only verified effects: a failed or unproven verification never advances progress (3.8944ms)
gateway-web	Run node city/test-all.mjs	2026-10-07T01:51:44.7821160Z ✔ the tracker is deterministic across two identical runs with the same injected clock (0.2948ms)
gateway-web	Run node city/test-all.mjs	2026-10-07T01:51:44.7822500Z ✔ a controller that reported failure settles the verdict without reading the world (3.6698ms)
gateway-web	Run node city/test-all.mjs	2026-10-07T01:51:44.7823798Z ✔ with no declared effect: a first observation is unknown, never a success (1.7462ms)
gateway-web	Run node city/test-all.mjs	2026-10-07T01:51:44.7825734Z ✔ with no declared effect: the DOM revision is evidence for the digest but is deliberately not a meaningful field (0.8158ms)
gateway-web	Run node city/test-all.mjs	2026-10-07T01:51:44.7827354Z ✔ with no declared effect: a missing observation on either side is unknown, never a verdict (0.4262ms)
gateway-web	Run node city/test-all.mjs	2026-10-07T01:51:44.7828890Z ✔ with no declared effect: receipt signals are appended and receipt.changed can carry the verdict (0.6372ms)
gateway-web	Run node city/test-all.mjs	2026-10-07T01:51:44.7830226Z ✔ any mode: one observed effect is success, none observed is failure (1.3526ms)
gateway-web	Run node city/test-all.mjs	2026-10-07T01:51:44.7831521Z ✔ any mode: unknown only when nothing at all was checkable, otherwise a checked failure wins (0.8227ms)
gateway-web	Run node city/test-all.mjs	2026-10-07T01:51:44.7832889Z ✔ all mode is declared by expectedEffect.mode, not by the `all` key alone (1.2105ms)
gateway-web	Run node city/test-all.mjs	2026-10-07T01:51:44.7834262Z ✔ the declared mode wins over the action default, and neither beats an explicit effectMode (1.028ms)
gateway-web	Run node city/test-all.mjs	2026-10-07T01:51:44.7835600Z ✔ the dominant kind follows the donor order, and a failed effect keeps its kind (1.0068ms)
gateway-web	Run node city/test-all.mjs	2026-10-07T01:51:44.7836812Z ✔ an effect shape the donor does not know is unknown and names its keys (0.3357ms)
gateway-web	Run node city/test-all.mjs	2026-10-07T01:51:44.7838490Z ✔ PRESERVED DONOR DEFECT: collectEffects reads `any`/`all` as arrays only, so an effectMode of `all` over a non-array declaration checks nothing (0.4444ms)
gateway-web	Run node city/test-all.mjs	2026-10-07T01:51:44.7840591Z ✔ PRESERVED DONOR DEFECT: target_appears/target_disappears always report "could not be located" because the donor calls targetPresent(action, after) (0.5827ms)
gateway-web	Run node city/test-all.mjs	2026-10-07T01:51:44.7842318Z ✔ implied state: FOCUS and SWITCH_WINDOW are verified against the window that is in front (0.5773ms)
gateway-web	Run node city/test-all.mjs	2026-10-07T01:51:44.7843829Z ✔ implied state: a window action without a target window falls through to the world-change check (0.3671ms)
gateway-web	Run node city/test-all.mjs	2026-10-07T01:51:44.7845801Z ✔ implied state: CLOSE_WINDOW is verified by the window being gone (0.4155ms)
gateway-web	Run node city/test-all.mjs	2026-10-07T01:51:44.7847258Z ✔ effect: event is found by type or name, failed without an observation, unknown with no after world (0.3108ms)
gateway-web	Run node city/test-all.mjs	2026-10-07T01:51:44.7848600Z ✔ effect: dom_mutated compares the DOM revision, and needs one on both sides (0.2513ms)
gateway-web	Run node city/test-all.mjs	2026-10-07T01:51:44.7850043Z ✔ effect: navigation and url_changed compare URLs, and url_matches is a lowercase substring (0.3506ms)
gateway-web	Run node city/test-all.mjs	2026-10-07T01:51:44.7851505Z ✔ effect: toast and text_appears read controls, the accessibility tree, then the DOM (0.9308ms)
gateway-web	Run node city/test-all.mjs	2026-10-07T01:51:44.7852857Z ✔ effect: text_disappears is ok when the text is gone, failed while it is visible (0.2997ms)
gateway-web	Run node city/test-all.mjs	2026-10-07T01:51:44.7854097Z ✔ effect: control_state_changed compares the target control field by field (0.4701ms)
gateway-web	Run node city/test-all.mjs	2026-10-07T01:51:44.7855420Z ✔ effect: value_equals prefers the focused element value, then the target control value (0.4232ms)
gateway-web	Run node city/test-all.mjs	2026-10-07T01:51:44.7856869Z ✔ effect: checked_equals reads the checkbox state and is unknown without one (0.3656ms)
gateway-web	Run node city/test-all.mjs	2026-10-07T01:51:44.7858078Z ✔ effect: focus_changed and window_changed compare the two observations (0.4477ms)
gateway-web	Run node city/test-all.mjs	2026-10-07T01:51:44.7859607Z ✔ effect: file facts are unknown without the controller and otherwise answered (0.8917ms)
gateway-web	Run node city/test-all.mjs	2026-10-07T01:51:44.7860764Z ✔ effect: process facts read the recorded shell result (0.6072ms)
gateway-web	Run node city/test-all.mjs	2026-10-07T01:51:44.7861870Z ✔ effect: visual_change needs the vision controller and can answer unknown (0.5729ms)
gateway-web	Run node city/test-all.mjs	2026-10-07T01:51:44.7863240Z ✔ findControl resolves a target by ref, selector, semantic text or accessibility name (0.4523ms)
gateway-web	Run node city/test-all.mjs	2026-10-07T01:51:44.7864824Z ✔ PRESERVED DONOR DEFECT: targetPresent only answers null when the world has no controls AND no ax array (0.2245ms)
gateway-web	Run node city/test-all.mjs	2026-10-07T01:51:44.7866650Z ✔ verifyFactsFrom digests the state with the same evidence digest (0.7542ms)
gateway-web	Run node city/test-all.mjs	2026-10-07T01:51:44.7867928Z ✔ the verdict is always one of exactly three values and every call is deterministic (0.4937ms)
gateway-web	Run node city/test-all.mjs	2026-10-07T01:51:44.7869011Z ✔ the injected clock is the only source of checkedAt (0.4423ms)
gateway-web	Run node city/test-all.mjs	2026-10-07T01:51:44.7870160Z ✔ the pinned world carries the donor shape: foreground, targets, sources, notes (3.4464ms)
gateway-web	Run node city/test-all.mjs	2026-10-07T01:51:44.7871525Z ✔ the pinned world digest is the donor sha1 of the pinned stable string, 16 characters (0.9562ms)
gateway-web	Run node city/test-all.mjs	2026-10-07T01:51:44.7872881Z ✔ the donor-hash world pins the donor signature and the donor evidence digest (0.4987ms)
gateway-web	Run node city/test-all.mjs	2026-10-07T01:51:44.7874308Z ✔ with no injected digest the port computes the donor sha1, and an injected digest replaces it (1.1452ms)
gateway-web	Run node city/test-all.mjs	2026-10-07T01:51:44.7875780Z ✔ stableStringify sorts object keys, keeps array order and renders null and undefined alike (0.3245ms)
gateway-web	Run node city/test-all.mjs	2026-10-07T01:51:44.7877200Z ✔ signatureOf is the donor sha1 truncated to 16 characters and survives a failing digest (0.4763ms)
gateway-web	Run node city/test-all.mjs	2026-10-07T01:51:44.7878541Z ✔ a missing captured time takes the port default instead of the wall clock (1.7547ms)
gateway-web	Run node city/test-all.mjs	2026-10-07T01:51:44.7879941Z ✔ a missing source is recorded as unavailable with its reason, never replaced by a guess (0.4578ms)
gateway-web	Run node city/test-all.mjs	2026-10-07T01:51:44.7881352Z ✔ ax falls back from browser to desktop, controls are filtered, dialogs are concatenated (0.6781ms)
gateway-web	Run node city/test-all.mjs	2026-10-07T01:51:44.7882762Z ✔ the foreground window is taken from desktop.foreground or from the first foreground window (0.6932ms)
gateway-web	Run node city/test-all.mjs	2026-10-07T01:51:44.7884529Z ✔ a focused ref with no matching control is described by ref alone (0.5627ms)
gateway-web	Run node city/test-all.mjs	2026-10-07T01:51:44.7885717Z ✔ computeConfidence follows the donor weights and rounds to two places (0.7247ms)
gateway-web	Run node city/test-all.mjs	2026-10-07T01:51:44.7886952Z ✔ meaningfulChange reports a first observation and a lost observation (0.7226ms)
gateway-web	Run node city/test-all.mjs	2026-10-07T01:51:44.7888096Z ✔ meaningfulChange reports no change for two identical observations (0.5136ms)
gateway-web	Run node city/test-all.mjs	2026-10-07T01:51:44.7889447Z ✔ every MEANINGFUL_FIELDS member is a boundary: changing it alone is the only reported change (6.7421ms)
gateway-web	Run node city/test-all.mjs	2026-10-07T01:51:44.7890980Z ✔ MEANINGFUL_FIELDS is the donor list, in the donor order, frozen (0.6826ms)
gateway-web	Run node city/test-all.mjs	2026-10-07T01:51:44.7892594Z ✔ PRESERVED DONOR DEFECT: the world never populates lastActionType/lastActionResult, so lastAction is invisible to meaningfulChange (0.4336ms)
gateway-web	Run node city/test-all.mjs	2026-10-07T01:51:44.7894331Z ✔ meaningfulChange compares fields individually, and undefined against a value is a change (1.1306ms)
gateway-web	Run node city/test-all.mjs	2026-10-07T01:51:44.7895690Z ✔ meaningfulChange ignores DOM revision churn, which evidenceDigest does not (0.4937ms)
gateway-web	Run node city/test-all.mjs	2026-10-07T01:51:44.7897113Z ✔ evidenceDigest follows the event stream and the focused value, and is null without a world (0.7348ms)
gateway-web	Run node city/test-all.mjs	2026-10-07T01:51:44.7898382Z ✔ two identical calls build the same world and the same digest (1.0883ms)
gateway-web	Run node city/test-all.mjs	2026-10-07T01:51:44.7899586Z ✔ parts.notes is copied and capped at 20, summarizeWorldState caps its notes at 5 (0.5014ms)
gateway-web	Run node city/test-all.mjs	2026-10-07T01:51:44.7900850Z ✔ summarizeWorldState is the compact donor summary, and null for no world (0.7512ms)
gateway-web	Run node city/test-all.mjs	2026-10-07T01:51:44.7902002Z ✔ discardWorldState returns the summary and empties the world in place (0.5031ms)
gateway-web	Run node city/test-all.mjs	2026-10-07T01:51:44.7903312Z ✔ a world with every source degraded still records what it can, and its confidence says so (0.3011ms)
gateway-web	Run node city/test-all.mjs	2026-10-07T01:51:44.7904564Z ✔ the real manifest describes exactly the districts and modules that exist (11.4248ms)
gateway-web	Run node city/test-all.mjs	2026-10-07T01:51:44.7905894Z ✔ the manifest and the city tree agree on what exists (10.0186ms)
gateway-web	Run node city/test-all.mjs	2026-10-07T01:51:44.7907143Z ✔ mission-book incubators are named and provenanced, and Room Pack incubators are not disguised (2.581ms)
gateway-web	Run node city/test-all.mjs	2026-10-07T01:51:44.7909070Z ✔ a mission-book migration incubator proves a donor; a programme-task incubator proves it has none (17.3993ms)
gateway-web	Run node city/test-all.mjs	2026-10-07T01:51:44.7910406Z ✔ the manifest rejects malformed hierarchy, paths and lifecycles (8.291ms)
gateway-web	Run node city/test-all.mjs	2026-10-07T01:51:44.7911502Z ✔ module directories and lifecycles must not contradict each other (38.0358ms)
gateway-web	Run node city/test-all.mjs	2026-10-07T01:51:44.7912614Z ✔ loadManifest reports an unreadable manifest instead of guessing (5.0297ms)
gateway-web	Run node city/test-all.mjs	2026-10-07T01:51:44.7913699Z ✔ city/test-all.mjs discovers module tests without shell globs (36.4819ms)
gateway-web	Run node city/test-all.mjs	2026-10-07T01:51:44.7914377Z ℹ tests 1984
gateway-web	Run node city/test-all.mjs	2026-10-07T01:51:44.7914722Z ℹ suites 3
gateway-web	Run node city/test-all.mjs	2026-10-07T01:51:44.7915049Z ℹ pass 1970
gateway-web	Run node city/test-all.mjs	2026-10-07T01:51:44.7915369Z ℹ fail 0
gateway-web	Run node city/test-all.mjs	2026-10-07T01:51:44.7915707Z ℹ cancelled 0
gateway-web	Run node city/test-all.mjs	2026-10-07T01:51:44.7916045Z ℹ skipped 14
gateway-web	Run node city/test-all.mjs	2026-10-07T01:51:44.7916375Z ℹ todo 0
gateway-web	Run node city/test-all.mjs	2026-10-07T01:51:44.7916735Z ℹ duration_ms 29450.6088
gateway-web	Run pnpm check:docs	﻿2026-10-07T01:51:44.8438822Z ##[group]Run pnpm check:docs
gateway-web	Run pnpm check:docs	2026-10-07T01:51:44.8439159Z ^[[36;1mpnpm check:docs^[[0m
gateway-web	Run pnpm check:docs	2026-10-07T01:51:44.8509805Z shell: C:\Program Files\PowerShell\7\pwsh.EXE -command ". '{0}'"
gateway-web	Run pnpm check:docs	2026-10-07T01:51:44.8510152Z env:
gateway-web	Run pnpm check:docs	2026-10-07T01:51:44.8510400Z   PNPM_HOME: C:\Users\runneradmin\setup-pnpm\node_modules\.bin
gateway-web	Run pnpm check:docs	2026-10-07T01:51:44.8510716Z ##[endgroup]
gateway-web	Run pnpm check:docs	2026-10-07T01:51:45.6428533Z $ node scripts/check-bilingual.mjs
gateway-web	Run pnpm check:docs	2026-10-07T01:51:45.7322671Z docs: PAIR_STATUS = SYNCHRONIZED
gateway-web	Run pnpm check:docs	2026-10-07T01:51:45.7408604Z evidence: PAIR_STATUS = SYNCHRONIZED
gateway-web	Run pnpm check:docs	2026-10-07T01:51:45.7441301Z data-records: PAIR_STATUS = SYNCHRONIZED
gateway-web	Post Run pnpm/action-setup@v4	﻿2026-10-07T01:51:45.9138410Z Post job cleanup.
gateway-web	Post Run pnpm/action-setup@v4	2026-10-07T01:51:46.0924257Z Pruning is unnecessary.
gateway-web	Post Run actions/setup-node@v4	﻿2026-10-07T01:51:46.1286975Z Post job cleanup.
gateway-web	Post Run actions/setup-node@v4	2026-10-07T01:51:46.2813435Z (node:7676) [DEP0040] DeprecationWarning: The `punycode` module is deprecated. Please use a userland alternative instead.
gateway-web	Post Run actions/setup-node@v4	2026-10-07T01:51:46.2814399Z (Use `node --trace-deprecation ...` to show where the warning was created)
gateway-web	Post Run actions/checkout@v4	﻿2026-10-07T01:51:46.3156376Z Post job cleanup.
gateway-web	Post Run actions/checkout@v4	2026-10-07T01:51:46.5122434Z [command]"C:\Program Files\Git\bin\git.exe" version
gateway-web	Post Run actions/checkout@v4	2026-10-07T01:51:46.5384034Z git version 2.55.0.windows.5
gateway-web	Post Run actions/checkout@v4	2026-10-07T01:51:46.5450517Z Temporarily overriding HOME='D:\a\_temp\409306f1-7ff2-47c8-b843-86534ddf3c5c' before making global git config changes
gateway-web	Post Run actions/checkout@v4	2026-10-07T01:51:46.5451863Z Adding repository directory to the temporary git global config as a safe directory
gateway-web	Post Run actions/checkout@v4	2026-10-07T01:51:46.5461616Z [command]"C:\Program Files\Git\bin\git.exe" config --global --add safe.directory D:\a\utopia\utopia
gateway-web	Post Run actions/checkout@v4	2026-10-07T01:51:46.5755423Z [command]"C:\Program Files\Git\bin\git.exe" config --local --name-only --get-regexp core\.sshCommand
gateway-web	Post Run actions/checkout@v4	2026-10-07T01:51:46.6041505Z [command]"C:\Program Files\Git\bin\git.exe" submodule foreach --recursive "sh -c \"git config --local --name-only --get-regexp 'core\.sshCommand' && git config --local --unset-all 'core.sshCommand' || :\""
gateway-web	Post Run actions/checkout@v4	2026-10-07T01:51:47.1204520Z [command]"C:\Program Files\Git\bin\git.exe" config --local --name-only --get-regexp http\.https\:\/\/github\.com\/\.extraheader
gateway-web	Post Run actions/checkout@v4	2026-10-07T01:51:47.1461240Z http.https://github.com/.extraheader
gateway-web	Post Run actions/checkout@v4	2026-10-07T01:51:47.1503226Z [command]"C:\Program Files\Git\bin\git.exe" config --local --unset-all http.https://github.com/.extraheader
gateway-web	Post Run actions/checkout@v4	2026-10-07T01:51:47.1812787Z [command]"C:\Program Files\Git\bin\git.exe" submodule foreach --recursive "sh -c \"git config --local --name-only --get-regexp 'http\.https\:\/\/github\.com\/\.extraheader' && git config --local --unset-all 'http.https://github.com/.extraheader' || :\""
gateway-web	Post Run actions/checkout@v4	2026-10-07T01:51:47.7090612Z [command]"C:\Program Files\Git\bin\git.exe" config --local --name-only --get-regexp ^includeIf\.gitdir:
gateway-web	Post Run actions/checkout@v4	2026-10-07T01:51:47.7383770Z [command]"C:\Program Files\Git\bin\git.exe" submodule foreach --recursive "git config --local --show-origin --name-only --get-regexp remote.origin.url"
gateway-web	Complete job	﻿2026-10-07T01:51:48.3147637Z Cleaning up orphan processes
gateway-web	Complete job	2026-10-07T01:51:48.3769001Z ##[warning]Node.js 20 is deprecated. The following actions target Node.js 20 but are being forced to run on Node.js 24: actions/checkout@v4, actions/setup-node@v4, pnpm/action-setup@v4. For more information see: https://github.blog/changelog/2025-09-19-deprecation-of-node-20-on-github-actions-runners/
