android	Set up job	﻿2026-10-07T03:15:29.3048941Z Current runner version: '2.337.0'
android	Set up job	2026-10-07T03:15:29.3073530Z ##[group]Runner Image Provisioner
android	Set up job	2026-10-07T03:15:29.3074497Z Hosted Compute Agent
android	Set up job	2026-10-07T03:15:29.3075193Z Version: 20260901.588
android	Set up job	2026-10-07T03:15:29.3075810Z Commit: f88ec8081b781fac6c440065ac7ff9e710ce3d0b
android	Set up job	2026-10-07T03:15:29.3076604Z Build Date: 2026-09-01T19:56:44Z
android	Set up job	2026-10-07T03:15:29.3077247Z Worker ID: {3f8d8564-0a17-46c3-a996-fb073b7398dd}
android	Set up job	2026-10-07T03:15:29.3077968Z Azure Region: westus2
android	Set up job	2026-10-07T03:15:29.3078864Z ##[endgroup]
android	Set up job	2026-10-07T03:15:29.3080260Z ##[group]Operating System
android	Set up job	2026-10-07T03:15:29.3080908Z Ubuntu
android	Set up job	2026-10-07T03:15:29.3081416Z 24.04.5
android	Set up job	2026-10-07T03:15:29.3081932Z LTS
android	Set up job	2026-10-07T03:15:29.3082464Z ##[endgroup]
android	Set up job	2026-10-07T03:15:29.3082996Z ##[group]Runner Image
android	Set up job	2026-10-07T03:15:29.3083633Z Image: ubuntu-24.04
android	Set up job	2026-10-07T03:15:29.3084180Z Version: 20260927.320.1
android	Set up job	2026-10-07T03:15:29.3085343Z Included Software: https://github.com/actions/runner-images/blob/ubuntu24/20260927.320/images/ubuntu/Ubuntu2404-Readme.md
android	Set up job	2026-10-07T03:15:29.3087035Z Image Release: https://github.com/actions/runner-images/releases/tag/ubuntu24%2F20260927.320
android	Set up job	2026-10-07T03:15:29.3088003Z ##[endgroup]
android	Set up job	2026-10-07T03:15:29.3089388Z ##[group]GITHUB_TOKEN Permissions
android	Set up job	2026-10-07T03:15:29.3091572Z Contents: read
android	Set up job	2026-10-07T03:15:29.3092131Z Metadata: read
android	Set up job	2026-10-07T03:15:29.3092682Z Packages: read
android	Set up job	2026-10-07T03:15:29.3093234Z ##[endgroup]
android	Set up job	2026-10-07T03:15:29.3095201Z Secret source: Actions
android	Set up job	2026-10-07T03:15:29.3096207Z Cache mode: write
android	Set up job	2026-10-07T03:15:29.3096888Z Prepare workflow directory
android	Set up job	2026-10-07T03:15:29.3420336Z Prepare all required actions
android	Set up job	2026-10-07T03:15:29.3471145Z Getting action download info
android	Set up job	2026-10-07T03:15:29.7051681Z Download action repository 'actions/checkout@v4' (SHA:11d5960a326750d5838078e36cf38b85af677262)
android	Set up job	2026-10-07T03:15:29.8205413Z Download action repository 'actions/setup-java@v4' (SHA:cf277c60eb25467037889841efdb72551f06f6c3)
android	Set up job	2026-10-07T03:15:30.2463558Z Download action repository 'android-actions/setup-android@v3' (SHA:9fc6c4e9069bf8d3d10b2204b1fb8f6ef7065407)
android	Set up job	2026-10-07T03:15:30.4752577Z Download action repository 'gradle/actions@v4' (SHA:ed408507eac070d1f99cc633dbcf757c94c7933a)
android	Set up job	2026-10-07T03:15:31.8046095Z Download action repository 'actions/upload-artifact@v4' (SHA:ea165f8d65b6e75b540449e92b4886f43607fa02)
android	Set up job	2026-10-07T03:15:32.0885725Z Complete job name: android
android	Run actions/checkout@v4	﻿2026-10-07T03:15:32.1530612Z ##[group]Run actions/checkout@v4
android	Run actions/checkout@v4	2026-10-07T03:15:32.1531605Z with:
android	Run actions/checkout@v4	2026-10-07T03:15:32.1531970Z   repository: zhiheng-zhang-Mera/utopia
android	Run actions/checkout@v4	2026-10-07T03:15:32.1534702Z   token: ***
android	Run actions/checkout@v4	2026-10-07T03:15:32.1535074Z   ssh-strict: true
android	Run actions/checkout@v4	2026-10-07T03:15:32.1535380Z   ssh-user: git
android	Run actions/checkout@v4	2026-10-07T03:15:32.1535705Z   persist-credentials: true
android	Run actions/checkout@v4	2026-10-07T03:15:32.1536060Z   clean: true
android	Run actions/checkout@v4	2026-10-07T03:15:32.1536360Z   sparse-checkout-cone-mode: true
android	Run actions/checkout@v4	2026-10-07T03:15:32.1536748Z   fetch-depth: 1
android	Run actions/checkout@v4	2026-10-07T03:15:32.1537041Z   fetch-tags: false
android	Run actions/checkout@v4	2026-10-07T03:15:32.1537363Z   show-progress: true
android	Run actions/checkout@v4	2026-10-07T03:15:32.1537669Z   lfs: false
android	Run actions/checkout@v4	2026-10-07T03:15:32.1537971Z   submodules: false
android	Run actions/checkout@v4	2026-10-07T03:15:32.1538509Z   set-safe-directory: true
android	Run actions/checkout@v4	2026-10-07T03:15:32.1538866Z   allow-unsafe-pr-checkout: false
android	Run actions/checkout@v4	2026-10-07T03:15:32.1539681Z ##[endgroup]
android	Run actions/checkout@v4	2026-10-07T03:15:32.2561604Z Syncing repository: zhiheng-zhang-Mera/utopia
android	Run actions/checkout@v4	2026-10-07T03:15:32.2563263Z ##[group]Getting Git version info
android	Run actions/checkout@v4	2026-10-07T03:15:32.2563753Z Working directory is '/home/runner/work/utopia/utopia'
android	Run actions/checkout@v4	2026-10-07T03:15:32.2564582Z [command]/usr/bin/git version
android	Run actions/checkout@v4	2026-10-07T03:15:32.2662307Z git version 2.55.0
android	Run actions/checkout@v4	2026-10-07T03:15:32.2694928Z ##[endgroup]
android	Run actions/checkout@v4	2026-10-07T03:15:32.2728978Z Temporarily overriding HOME='/home/runner/work/_temp/56b35b76-c9d0-44fc-8235-4c2a69f7087a' before making global git config changes
android	Run actions/checkout@v4	2026-10-07T03:15:32.2730994Z Adding repository directory to the temporary git global config as a safe directory
android	Run actions/checkout@v4	2026-10-07T03:15:32.2732545Z [command]/usr/bin/git config --global --add safe.directory /home/runner/work/utopia/utopia
android	Run actions/checkout@v4	2026-10-07T03:15:32.2785119Z Deleting the contents of '/home/runner/work/utopia/utopia'
android	Run actions/checkout@v4	2026-10-07T03:15:32.2799970Z ##[group]Initializing the repository
android	Run actions/checkout@v4	2026-10-07T03:15:32.2819829Z [command]/usr/bin/git init /home/runner/work/utopia/utopia
android	Run actions/checkout@v4	2026-10-07T03:15:32.3071844Z hint: Using 'master' as the name for the initial branch. This default branch name
android	Run actions/checkout@v4	2026-10-07T03:15:32.3073586Z hint: will change to "main" in Git 3.0. To configure the initial branch name
android	Run actions/checkout@v4	2026-10-07T03:15:32.3075277Z hint: to use in all of your new repositories, which will suppress this warning,
android	Run actions/checkout@v4	2026-10-07T03:15:32.3076289Z hint: call:
android	Run actions/checkout@v4	2026-10-07T03:15:32.3077357Z hint:
android	Run actions/checkout@v4	2026-10-07T03:15:32.3079037Z hint: 	git config --global init.defaultBranch <name>
android	Run actions/checkout@v4	2026-10-07T03:15:32.3079818Z hint:
android	Run actions/checkout@v4	2026-10-07T03:15:32.3080375Z hint: Names commonly chosen instead of 'master' are 'main', 'trunk' and
android	Run actions/checkout@v4	2026-10-07T03:15:32.3081362Z hint: 'development'. The just-created branch can be renamed via this command:
android	Run actions/checkout@v4	2026-10-07T03:15:32.3082160Z hint:
android	Run actions/checkout@v4	2026-10-07T03:15:32.3082573Z hint: 	git branch -m <name>
android	Run actions/checkout@v4	2026-10-07T03:15:32.3083030Z hint:
android	Run actions/checkout@v4	2026-10-07T03:15:32.3083666Z hint: Disable this message with "git config set advice.defaultBranchName false"
android	Run actions/checkout@v4	2026-10-07T03:15:32.3084630Z Initialized empty Git repository in /home/runner/work/utopia/utopia/.git/
android	Run actions/checkout@v4	2026-10-07T03:15:32.3090837Z [command]/usr/bin/git remote add origin https://github.com/zhiheng-zhang-Mera/utopia
android	Run actions/checkout@v4	2026-10-07T03:15:32.3149972Z ##[endgroup]
android	Run actions/checkout@v4	2026-10-07T03:15:32.3151453Z ##[group]Disabling automatic garbage collection
android	Run actions/checkout@v4	2026-10-07T03:15:32.3152357Z [command]/usr/bin/git config --local gc.auto 0
android	Run actions/checkout@v4	2026-10-07T03:15:32.3186010Z ##[endgroup]
android	Run actions/checkout@v4	2026-10-07T03:15:32.3187257Z ##[group]Setting up auth
android	Run actions/checkout@v4	2026-10-07T03:15:32.3192904Z [command]/usr/bin/git config --local --name-only --get-regexp core\.sshCommand
android	Run actions/checkout@v4	2026-10-07T03:15:32.3222562Z [command]/usr/bin/git submodule foreach --recursive sh -c "git config --local --name-only --get-regexp 'core\.sshCommand' && git config --local --unset-all 'core.sshCommand' || :"
android	Run actions/checkout@v4	2026-10-07T03:15:32.3595913Z [command]/usr/bin/git config --local --name-only --get-regexp http\.https\:\/\/github\.com\/\.extraheader
android	Run actions/checkout@v4	2026-10-07T03:15:32.3629705Z [command]/usr/bin/git submodule foreach --recursive sh -c "git config --local --name-only --get-regexp 'http\.https\:\/\/github\.com\/\.extraheader' && git config --local --unset-all 'http.https://github.com/.extraheader' || :"
android	Run actions/checkout@v4	2026-10-07T03:15:32.3839924Z [command]/usr/bin/git config --local --name-only --get-regexp ^includeIf\.gitdir:
android	Run actions/checkout@v4	2026-10-07T03:15:32.3878342Z [command]/usr/bin/git submodule foreach --recursive git config --local --show-origin --name-only --get-regexp remote.origin.url
android	Run actions/checkout@v4	2026-10-07T03:15:32.4085314Z [command]/usr/bin/git config --local http.https://github.com/.extraheader AUTHORIZATION: basic ***
android	Run actions/checkout@v4	2026-10-07T03:15:32.4128899Z ##[endgroup]
android	Run actions/checkout@v4	2026-10-07T03:15:32.4129938Z ##[group]Fetching the repository
android	Run actions/checkout@v4	2026-10-07T03:15:32.4139045Z [command]/usr/bin/git -c protocol.version=2 fetch --no-tags --prune --no-recurse-submodules --depth=1 origin +1e22b0c1922b78add2d70a9a63b1b390bbf610d6:refs/remotes/pull/43/merge
android	Run actions/checkout@v4	2026-10-07T03:15:33.5544193Z From https://github.com/zhiheng-zhang-Mera/utopia
android	Run actions/checkout@v4	2026-10-07T03:15:33.5545037Z  * [new ref]         1e22b0c1922b78add2d70a9a63b1b390bbf610d6 -> pull/43/merge
android	Run actions/checkout@v4	2026-10-07T03:15:33.5547869Z ##[endgroup]
android	Run actions/checkout@v4	2026-10-07T03:15:33.5548654Z ##[group]Determining the checkout info
android	Run actions/checkout@v4	2026-10-07T03:15:33.5552448Z ##[endgroup]
android	Run actions/checkout@v4	2026-10-07T03:15:33.5558712Z [command]/usr/bin/git sparse-checkout disable
android	Run actions/checkout@v4	2026-10-07T03:15:33.5613156Z [command]/usr/bin/git config --local --unset-all extensions.worktreeConfig
android	Run actions/checkout@v4	2026-10-07T03:15:33.5645316Z ##[group]Checking out the ref
android	Run actions/checkout@v4	2026-10-07T03:15:33.5650433Z [command]/usr/bin/git checkout --progress --force refs/remotes/pull/43/merge
android	Run actions/checkout@v4	2026-10-07T03:15:33.7182333Z Note: switching to 'refs/remotes/pull/43/merge'.
android	Run actions/checkout@v4	2026-10-07T03:15:33.7182841Z 
android	Run actions/checkout@v4	2026-10-07T03:15:33.7183141Z You are in 'detached HEAD' state. You can look around, make experimental
android	Run actions/checkout@v4	2026-10-07T03:15:33.7183915Z changes and commit them, and you can discard any commits you make in this
android	Run actions/checkout@v4	2026-10-07T03:15:33.7184570Z state without impacting any branches by switching back to a branch.
android	Run actions/checkout@v4	2026-10-07T03:15:33.7185178Z 
android	Run actions/checkout@v4	2026-10-07T03:15:33.7185412Z If you want to create a new branch to retain commits you create, you may
android	Run actions/checkout@v4	2026-10-07T03:15:33.7185850Z do so (now or later) by using -c with the switch command. Example:
android	Run actions/checkout@v4	2026-10-07T03:15:33.7186094Z 
android	Run actions/checkout@v4	2026-10-07T03:15:33.7186224Z   git switch -c <new-branch-name>
android	Run actions/checkout@v4	2026-10-07T03:15:33.7186422Z 
android	Run actions/checkout@v4	2026-10-07T03:15:33.7186546Z Or undo this operation with:
android	Run actions/checkout@v4	2026-10-07T03:15:33.7186705Z 
android	Run actions/checkout@v4	2026-10-07T03:15:33.7186800Z   git switch -
android	Run actions/checkout@v4	2026-10-07T03:15:33.7186953Z 
android	Run actions/checkout@v4	2026-10-07T03:15:33.7187174Z Turn off this advice by setting config variable advice.detachedHead to false
android	Run actions/checkout@v4	2026-10-07T03:15:33.7187466Z 
android	Run actions/checkout@v4	2026-10-07T03:15:33.7187799Z HEAD is now at 1e22b0c Merge 2decc71b2b9a3d0e66293498f4f1676e461da8da into cc799234e7daa3d8ccfde5673b9d07ccb2376742
android	Run actions/checkout@v4	2026-10-07T03:15:33.7194498Z ##[endgroup]
android	Run actions/checkout@v4	2026-10-07T03:15:33.7237752Z [command]/usr/bin/git log -1 --format=%H
android	Run actions/checkout@v4	2026-10-07T03:15:33.7262218Z 1e22b0c1922b78add2d70a9a63b1b390bbf610d6
android	Run actions/setup-java@v4	﻿2026-10-07T03:15:33.7537229Z ##[group]Run actions/setup-java@v4
android	Run actions/setup-java@v4	2026-10-07T03:15:33.7537550Z with:
android	Run actions/setup-java@v4	2026-10-07T03:15:33.7537778Z   distribution: temurin
android	Run actions/setup-java@v4	2026-10-07T03:15:33.7538013Z   java-version: 21
android	Run actions/setup-java@v4	2026-10-07T03:15:33.7538378Z   java-package: jdk
android	Run actions/setup-java@v4	2026-10-07T03:15:33.7538709Z   check-latest: false
android	Run actions/setup-java@v4	2026-10-07T03:15:33.7539003Z   server-id: github
android	Run actions/setup-java@v4	2026-10-07T03:15:33.7539284Z   server-username: GITHUB_ACTOR
android	Run actions/setup-java@v4	2026-10-07T03:15:33.7539597Z   server-password: GITHUB_TOKEN
android	Run actions/setup-java@v4	2026-10-07T03:15:33.7539890Z   overwrite-settings: true
android	Run actions/setup-java@v4	2026-10-07T03:15:33.7540136Z   job-status: success
android	Run actions/setup-java@v4	2026-10-07T03:15:33.7542557Z   token: ***
android	Run actions/setup-java@v4	2026-10-07T03:15:33.7542813Z ##[endgroup]
android	Run actions/setup-java@v4	2026-10-07T03:15:33.9210294Z ##[warning]setup-java v4 is deprecated and will no longer receive updates. Please migrate to actions/setup-java@v5.
android	Run actions/setup-java@v4	2026-10-07T03:15:33.9221361Z ##[group]Installed distributions
android	Run actions/setup-java@v4	2026-10-07T03:15:33.9262470Z Resolved Java 21.0.12+1 from tool-cache
android	Run actions/setup-java@v4	2026-10-07T03:15:33.9263057Z Setting Java 21.0.12+1 as the default
android	Run actions/setup-java@v4	2026-10-07T03:15:33.9271851Z (node:2299) [DEP0040] DeprecationWarning: The `punycode` module is deprecated. Please use a userland alternative instead.
android	Run actions/setup-java@v4	2026-10-07T03:15:33.9272667Z (Use `node --trace-deprecation ...` to show where the warning was created)
android	Run actions/setup-java@v4	2026-10-07T03:15:33.9274884Z Creating toolchains.xml for JDK version 21 from temurin
android	Run actions/setup-java@v4	2026-10-07T03:15:33.9343686Z Writing to /home/runner/.m2/toolchains.xml
android	Run actions/setup-java@v4	2026-10-07T03:15:33.9344226Z 
android	Run actions/setup-java@v4	2026-10-07T03:15:33.9344386Z Java configuration:
android	Run actions/setup-java@v4	2026-10-07T03:15:33.9344716Z   Distribution: temurin
android	Run actions/setup-java@v4	2026-10-07T03:15:33.9345031Z   Version: 21.0.12+1
android	Run actions/setup-java@v4	2026-10-07T03:15:33.9345549Z   Path: /opt/hostedtoolcache/Java_Temurin-Hotspot_jdk/21.0.12-1/x64
android	Run actions/setup-java@v4	2026-10-07T03:15:33.9345846Z 
android	Run actions/setup-java@v4	2026-10-07T03:15:33.9346205Z ##[endgroup]
android	Run actions/setup-java@v4	2026-10-07T03:15:33.9366137Z Creating settings.xml with server-id: github
android	Run actions/setup-java@v4	2026-10-07T03:15:33.9390088Z Writing to /home/runner/.m2/settings.xml
android	Run android-actions/setup-android@v3	﻿2026-10-07T03:15:33.9555468Z ##[group]Run android-actions/setup-android@v3
android	Run android-actions/setup-android@v3	2026-10-07T03:15:33.9555823Z with:
android	Run android-actions/setup-android@v3	2026-10-07T03:15:33.9556051Z   packages: platform-tools
android	Run android-actions/setup-android@v3	2026-10-07T03:15:33.9556369Z   log-accepted-android-sdk-licenses: false
android	Run android-actions/setup-android@v3	2026-10-07T03:15:33.9556687Z   cmdline-tools-version: 12266719
android	Run android-actions/setup-android@v3	2026-10-07T03:15:33.9556973Z   accept-android-sdk-licenses: true
android	Run android-actions/setup-android@v3	2026-10-07T03:15:33.9557242Z env:
android	Run android-actions/setup-android@v3	2026-10-07T03:15:33.9557544Z   JAVA_HOME: /opt/hostedtoolcache/Java_Temurin-Hotspot_jdk/21.0.12-1/x64
android	Run android-actions/setup-android@v3	2026-10-07T03:15:33.9558035Z   JAVA_HOME_21_X64: /opt/hostedtoolcache/Java_Temurin-Hotspot_jdk/21.0.12-1/x64
android	Run android-actions/setup-android@v3	2026-10-07T03:15:33.9558559Z ##[endgroup]
android	Run android-actions/setup-android@v3	2026-10-07T03:15:34.0861843Z Found preinstalled sdkmanager in /usr/local/lib/android/sdk/cmdline-tools/latest with following source.properties:
android	Run android-actions/setup-android@v3	2026-10-07T03:15:34.0862873Z Pkg.Revision=12.0
android	Run android-actions/setup-android@v3	2026-10-07T03:15:34.0863299Z Pkg.Path=cmdline-tools;12.0
android	Run android-actions/setup-android@v3	2026-10-07T03:15:34.0863693Z Pkg.Desc=Android SDK Command-line Tools
android	Run android-actions/setup-android@v3	2026-10-07T03:15:34.0863992Z 
android	Run android-actions/setup-android@v3	2026-10-07T03:15:34.0864182Z Wrong version in preinstalled sdkmanager
android	Run android-actions/setup-android@v3	2026-10-07T03:15:34.0865152Z Downloading commandline tools from https://dl.google.com/android/repository/commandlinetools-linux-12266719_latest.zip
android	Run android-actions/setup-android@v3	2026-10-07T03:15:34.7684603Z [command]/usr/bin/unzip -o -q /home/runner/work/_temp/ce029a02-d248-4668-9700-1a72dc4dace0
android	Run android-actions/setup-android@v3	2026-10-07T03:15:35.7080843Z Accepting Android SDK licenses
android	Run android-actions/setup-android@v3	2026-10-07T03:15:45.3714178Z [command]/usr/local/lib/android/sdk/cmdline-tools/16.0/bin/sdkmanager platform-tools
android	Run android-actions/setup-android@v3	2026-10-07T03:15:46.0851314Z Loading package information...                                                  
android	Run android-actions/setup-android@v3	2026-10-07T03:15:46.1750606Z Loading local repository...                                                     
android	Run android-actions/setup-android@v3	2026-10-07T03:15:46.1751804Z [                                       ] 3% Loading local repository...        
android	Run android-actions/setup-android@v3	2026-10-07T03:15:46.1788780Z [                                       ] 3% Fetch remote repository...         
android	Run android-actions/setup-android@v3	2026-10-07T03:15:46.3620193Z [=                                      ] 3% Fetch remote repository...         
android	Run android-actions/setup-android@v3	2026-10-07T03:15:46.4456637Z [=                                      ] 4% Fetch remote repository...         
android	Run android-actions/setup-android@v3	2026-10-07T03:15:46.5032128Z [=                                      ] 5% Fetch remote repository...         
android	Run android-actions/setup-android@v3	2026-10-07T03:15:46.5680066Z [==                                     ] 5% Fetch remote repository...         
android	Run android-actions/setup-android@v3	2026-10-07T03:15:46.7163745Z [==                                     ] 6% Fetch remote repository...         
android	Run android-actions/setup-android@v3	2026-10-07T03:15:46.7931601Z [==                                     ] 7% Fetch remote repository...         
android	Run android-actions/setup-android@v3	2026-10-07T03:15:46.7959672Z [==                                     ] 7% Computing updates...               
android	Run android-actions/setup-android@v3	2026-10-07T03:15:46.8069471Z [===                                    ] 8% Computing updates...               
android	Run android-actions/setup-android@v3	2026-10-07T03:15:46.8133414Z [===                                    ] 10% Computing updates...              
android	Run android-actions/setup-android@v3	2026-10-07T03:15:46.8137232Z [=======================================] 100% Computing updates...             
android	Run android-actions/setup-android@v3	2026-10-07T03:15:46.8137969Z 
android	Run sdkmanager 'platforms;android-36' 'build-tools;36.0.0'	﻿2026-10-07T03:15:46.8482400Z ##[group]Run sdkmanager 'platforms;android-36' 'build-tools;36.0.0'
android	Run sdkmanager 'platforms;android-36' 'build-tools;36.0.0'	2026-10-07T03:15:46.8482984Z ^[[36;1msdkmanager 'platforms;android-36' 'build-tools;36.0.0'^[[0m
android	Run sdkmanager 'platforms;android-36' 'build-tools;36.0.0'	2026-10-07T03:15:46.8715110Z shell: /usr/bin/bash -e {0}
android	Run sdkmanager 'platforms;android-36' 'build-tools;36.0.0'	2026-10-07T03:15:46.8715429Z env:
android	Run sdkmanager 'platforms;android-36' 'build-tools;36.0.0'	2026-10-07T03:15:46.8715766Z   JAVA_HOME: /opt/hostedtoolcache/Java_Temurin-Hotspot_jdk/21.0.12-1/x64
android	Run sdkmanager 'platforms;android-36' 'build-tools;36.0.0'	2026-10-07T03:15:46.8716272Z   JAVA_HOME_21_X64: /opt/hostedtoolcache/Java_Temurin-Hotspot_jdk/21.0.12-1/x64
android	Run sdkmanager 'platforms;android-36' 'build-tools;36.0.0'	2026-10-07T03:15:46.8716679Z   ANDROID_HOME: /usr/local/lib/android/sdk
android	Run sdkmanager 'platforms;android-36' 'build-tools;36.0.0'	2026-10-07T03:15:46.8716980Z   ANDROID_SDK_ROOT: /usr/local/lib/android/sdk
android	Run sdkmanager 'platforms;android-36' 'build-tools;36.0.0'	2026-10-07T03:15:46.8717259Z ##[endgroup]
android	Run sdkmanager 'platforms;android-36' 'build-tools;36.0.0'	2026-10-07T03:15:47.6493137Z Loading package information...                                                  
android	Run sdkmanager 'platforms;android-36' 'build-tools;36.0.0'	2026-10-07T03:15:47.7330092Z Loading local repository...                                                     
android	Run sdkmanager 'platforms;android-36' 'build-tools;36.0.0'	2026-10-07T03:15:47.7333162Z [                                       ] 3% Loading local repository...        
android	Run sdkmanager 'platforms;android-36' 'build-tools;36.0.0'	2026-10-07T03:15:47.7370408Z [                                       ] 3% Fetch remote repository...         
android	Run sdkmanager 'platforms;android-36' 'build-tools;36.0.0'	2026-10-07T03:15:48.0360561Z [=                                      ] 3% Fetch remote repository...         
android	Run sdkmanager 'platforms;android-36' 'build-tools;36.0.0'	2026-10-07T03:15:48.1064070Z [=                                      ] 4% Fetch remote repository...         
android	Run sdkmanager 'platforms;android-36' 'build-tools;36.0.0'	2026-10-07T03:15:48.1411194Z [=                                      ] 5% Fetch remote repository...         
android	Run sdkmanager 'platforms;android-36' 'build-tools;36.0.0'	2026-10-07T03:15:48.2010029Z [==                                     ] 5% Fetch remote repository...         
android	Run sdkmanager 'platforms;android-36' 'build-tools;36.0.0'	2026-10-07T03:15:48.2673321Z [==                                     ] 6% Fetch remote repository...         
android	Run sdkmanager 'platforms;android-36' 'build-tools;36.0.0'	2026-10-07T03:15:48.3430020Z [==                                     ] 7% Fetch remote repository...         
android	Run sdkmanager 'platforms;android-36' 'build-tools;36.0.0'	2026-10-07T03:15:48.3431492Z [==                                     ] 7% Computing updates...               
android	Run sdkmanager 'platforms;android-36' 'build-tools;36.0.0'	2026-10-07T03:15:48.3546661Z [===                                    ] 8% Computing updates...               
android	Run sdkmanager 'platforms;android-36' 'build-tools;36.0.0'	2026-10-07T03:15:48.3609698Z [===                                    ] 10% Computing updates...              
android	Run sdkmanager 'platforms;android-36' 'build-tools;36.0.0'	2026-10-07T03:15:48.3610779Z [=======================================] 100% Computing updates...             
android	Run sdkmanager 'platforms;android-36' 'build-tools;36.0.0'	2026-10-07T03:15:48.3611761Z 
android	Run gradle/actions/setup-gradle@v4	﻿2026-10-07T03:15:48.3984583Z ##[group]Run gradle/actions/setup-gradle@v4
android	Run gradle/actions/setup-gradle@v4	2026-10-07T03:15:48.3984921Z with:
android	Run gradle/actions/setup-gradle@v4	2026-10-07T03:15:48.3985164Z   cache-disabled: false
android	Run gradle/actions/setup-gradle@v4	2026-10-07T03:15:48.3985420Z   cache-read-only: true
android	Run gradle/actions/setup-gradle@v4	2026-10-07T03:15:48.3985686Z   cache-write-only: false
android	Run gradle/actions/setup-gradle@v4	2026-10-07T03:15:48.3985987Z   cache-overwrite-existing: false
android	Run gradle/actions/setup-gradle@v4	2026-10-07T03:15:48.3986294Z   cache-cleanup: on-success
android	Run gradle/actions/setup-gradle@v4	2026-10-07T03:15:48.3986612Z   gradle-home-cache-includes: caches
android	Run gradle/actions/setup-gradle@v4	notifications
android	Run gradle/actions/setup-gradle@v4	
android	Run gradle/actions/setup-gradle@v4	2026-10-07T03:15:48.3986939Z   add-job-summary: always
android	Run gradle/actions/setup-gradle@v4	2026-10-07T03:15:48.3987195Z   add-job-summary-as-pr-comment: never
android	Run gradle/actions/setup-gradle@v4	2026-10-07T03:15:48.3987480Z   dependency-graph: disabled
android	Run gradle/actions/setup-gradle@v4	2026-10-07T03:15:48.3987803Z   dependency-graph-report-dir: dependency-graph-reports
android	Run gradle/actions/setup-gradle@v4	2026-10-07T03:15:48.3988158Z   dependency-graph-continue-on-failure: true
android	Run gradle/actions/setup-gradle@v4	2026-10-07T03:15:48.3988690Z   build-scan-publish: false
android	Run gradle/actions/setup-gradle@v4	2026-10-07T03:15:48.3988945Z   validate-wrappers: true
android	Run gradle/actions/setup-gradle@v4	2026-10-07T03:15:48.3989221Z   allow-snapshot-wrappers: false
android	Run gradle/actions/setup-gradle@v4	2026-10-07T03:15:48.3989497Z   gradle-home-cache-strict-match: false
android	Run gradle/actions/setup-gradle@v4	2026-10-07T03:15:48.3989831Z   workflow-job-context: null
android	Run gradle/actions/setup-gradle@v4	2026-10-07T03:15:48.3992315Z   github-token: ***
android	Run gradle/actions/setup-gradle@v4	2026-10-07T03:15:48.3992543Z env:
android	Run gradle/actions/setup-gradle@v4	2026-10-07T03:15:48.3992837Z   JAVA_HOME: /opt/hostedtoolcache/Java_Temurin-Hotspot_jdk/21.0.12-1/x64
android	Run gradle/actions/setup-gradle@v4	2026-10-07T03:15:48.3993312Z   JAVA_HOME_21_X64: /opt/hostedtoolcache/Java_Temurin-Hotspot_jdk/21.0.12-1/x64
android	Run gradle/actions/setup-gradle@v4	2026-10-07T03:15:48.3993699Z   ANDROID_HOME: /usr/local/lib/android/sdk
android	Run gradle/actions/setup-gradle@v4	2026-10-07T03:15:48.3993991Z   ANDROID_SDK_ROOT: /usr/local/lib/android/sdk
android	Run gradle/actions/setup-gradle@v4	2026-10-07T03:15:48.3994270Z ##[endgroup]
android	Run gradle/actions/setup-gradle@v4	2026-10-07T03:15:48.9631568Z Merged default JDK locations into /home/runner/.m2/toolchains.xml
android	Run gradle/actions/setup-gradle@v4	2026-10-07T03:15:48.9634924Z ##[group]Restore Gradle state from cache
android	Run gradle/actions/setup-gradle@v4	2026-10-07T03:15:49.2302161Z Cache hit for restore-key: gradle-home-v1|Linux-X64|android[1b8766f93310b93e84da98e473f7fc1d]-cc799234e7daa3d8ccfde5673b9d07ccb2376742
android	Run gradle/actions/setup-gradle@v4	2026-10-07T03:15:50.2943529Z Received 713949 of 713949 (100.0%), 0.9 MBs/sec
android	Run gradle/actions/setup-gradle@v4	2026-10-07T03:15:50.2944932Z Cache Size: ~1 MB (713949 B)
android	Run gradle/actions/setup-gradle@v4	2026-10-07T03:15:50.2975188Z [command]/usr/bin/tar -xf /home/runner/work/_temp/99fe04e6-c39c-49c9-b0ef-182ba2cb8aaa/cache.tzst -P -C /home/runner/work/utopia/utopia --use-compress-program unzstd
android	Run gradle/actions/setup-gradle@v4	2026-10-07T03:15:50.3437706Z Cache restored successfully
android	Run gradle/actions/setup-gradle@v4	2026-10-07T03:15:50.3443645Z Restored cache entry with key gradle-home-v1|Linux-X64|android[1b8766f93310b93e84da98e473f7fc1d]-1e22b0c1922b78add2d70a9a63b1b390bbf610d6 to /home/runner/.gradle/caches,/home/runner/.gradle/notifications,/home/runner/.gradle/.setup-gradle in 1380ms
android	Run gradle/actions/setup-gradle@v4	2026-10-07T03:15:50.5993307Z Cache hit for: gradle-generated-gradle-jars-v1-4434c59050703a48bf14168622b59891
android	Run gradle/actions/setup-gradle@v4	2026-10-07T03:15:50.6020648Z Cache hit for: gradle-groovy-dsl-v1-e2ec42d797cb4be2d747722e2d84dca9
android	Run gradle/actions/setup-gradle@v4	2026-10-07T03:15:50.6060312Z Cache hit for: gradle-wrapper-zips-v1-5ae5d3da5e8e0c748d04bcdd9bc97bdb
android	Run gradle/actions/setup-gradle@v4	2026-10-07T03:15:50.6082720Z Cache hit for: gradle-instrumented-jars-v1-cd73d25b7cd3f1d494b489ad26f0525e
android	Run gradle/actions/setup-gradle@v4	2026-10-07T03:15:50.6101224Z Cache hit for: gradle-transforms-v1-04f8cebaf638925c63d29d619f7661ad
android	Run gradle/actions/setup-gradle@v4	2026-10-07T03:15:50.6108809Z Cache hit for: gradle-kotlin-dsl-v1-baf76ed15e589610ff45f4aa41b8b419
android	Run gradle/actions/setup-gradle@v4	2026-10-07T03:15:50.6116224Z Cache hit for: gradle-dependencies-v1-710a3b371db75b163f0594fc4e68cd08
android	Run gradle/actions/setup-gradle@v4	2026-10-07T03:15:51.3681354Z Received 122618 of 122618 (100.0%), 0.3 MBs/sec
android	Run gradle/actions/setup-gradle@v4	2026-10-07T03:15:51.3682651Z Cache Size: ~0 MB (122618 B)
android	Run gradle/actions/setup-gradle@v4	2026-10-07T03:15:51.3700526Z [command]/usr/bin/tar -xf /home/runner/work/_temp/b146f0aa-048f-41d5-97e4-9f10a164ab19/cache.tzst -P -C /home/runner/work/utopia/utopia --use-compress-program unzstd
android	Run gradle/actions/setup-gradle@v4	2026-10-07T03:15:51.3759783Z Received 102570 of 102570 (100.0%), 0.2 MBs/sec
android	Run gradle/actions/setup-gradle@v4	2026-10-07T03:15:51.3770380Z Cache Size: ~0 MB (102570 B)
android	Run gradle/actions/setup-gradle@v4	2026-10-07T03:15:51.3789326Z [command]/usr/bin/tar -xf /home/runner/work/_temp/cf8a0fb6-a5df-44cd-8034-60f8b785e84b/cache.tzst -P -C /home/runner/work/utopia/utopia --use-compress-program unzstd
android	Run gradle/actions/setup-gradle@v4	2026-10-07T03:15:51.3817912Z Cache restored successfully
android	Run gradle/actions/setup-gradle@v4	2026-10-07T03:15:51.3820180Z Restored cache entry with key gradle-instrumented-jars-v1-cd73d25b7cd3f1d494b489ad26f0525e to /home/runner/.gradle/caches/jars-*/*/ in 1036ms
android	Run gradle/actions/setup-gradle@v4	2026-10-07T03:15:51.4015382Z Received 195227 of 195227 (100.0%), 0.4 MBs/sec
android	Run gradle/actions/setup-gradle@v4	2026-10-07T03:15:51.4016453Z Cache Size: ~0 MB (195227 B)
android	Run gradle/actions/setup-gradle@v4	2026-10-07T03:15:51.4044044Z [command]/usr/bin/tar -xf /home/runner/work/_temp/1e92948f-3429-46ee-b30c-28f0962ec655/cache.tzst -P -C /home/runner/work/utopia/utopia --use-compress-program unzstd
android	Run gradle/actions/setup-gradle@v4	2026-10-07T03:15:51.4070082Z Cache restored successfully
android	Run gradle/actions/setup-gradle@v4	2026-10-07T03:15:51.4074417Z Restored cache entry with key gradle-kotlin-dsl-v1-baf76ed15e589610ff45f4aa41b8b419 to /home/runner/.gradle/caches/*/kotlin-dsl/accessors/*/,/home/runner/.gradle/caches/*/kotlin-dsl/scripts/*/ in 1061ms
android	Run gradle/actions/setup-gradle@v4	2026-10-07T03:15:51.4199903Z Cache restored successfully
android	Run gradle/actions/setup-gradle@v4	2026-10-07T03:15:51.4203199Z Restored cache entry with key gradle-groovy-dsl-v1-e2ec42d797cb4be2d747722e2d84dca9 to /home/runner/.gradle/caches/*/groovy-dsl/*/ in 1074ms
android	Run gradle/actions/setup-gradle@v4	2026-10-07T03:15:51.8639953Z Received 4194304 of 41093001 (10.2%), 4.0 MBs/sec
android	Run gradle/actions/setup-gradle@v4	2026-10-07T03:15:51.8922896Z Received 4194304 of 136713466 (3.1%), 4.0 MBs/sec
android	Run gradle/actions/setup-gradle@v4	2026-10-07T03:15:51.9059757Z Received 4194304 of 138115156 (3.0%), 4.0 MBs/sec
android	Run gradle/actions/setup-gradle@v4	2026-10-07T03:15:51.9511471Z Received 0 of 218837890 (0.0%), 0.0 MBs/sec
android	Run gradle/actions/setup-gradle@v4	2026-10-07T03:15:52.0918958Z Received 41093001 of 41093001 (100.0%), 31.8 MBs/sec
android	Run gradle/actions/setup-gradle@v4	2026-10-07T03:15:52.0920376Z Cache Size: ~39 MB (41093001 B)
android	Run gradle/actions/setup-gradle@v4	2026-10-07T03:15:52.1138890Z [command]/usr/bin/tar -xf /home/runner/work/_temp/eab0205e-faac-4289-98cd-1117c9f62aa0/cache.tzst -P -C /home/runner/work/utopia/utopia --use-compress-program unzstd
android	Run gradle/actions/setup-gradle@v4	2026-10-07T03:15:52.4359027Z Cache restored successfully
android	Run gradle/actions/setup-gradle@v4	2026-10-07T03:15:52.4398570Z Restored cache entry with key gradle-generated-gradle-jars-v1-4434c59050703a48bf14168622b59891 to /home/runner/.gradle/caches/8.14.3/generated-gradle-jars/gradle-api-8.14.3.jar in 2095ms
android	Run gradle/actions/setup-gradle@v4	2026-10-07T03:15:52.9048617Z Received 109051904 of 136713466 (79.8%), 51.7 MBs/sec
android	Run gradle/actions/setup-gradle@v4	2026-10-07T03:15:52.9049370Z Received 134217728 of 138115156 (97.2%), 64.0 MBs/sec
android	Run gradle/actions/setup-gradle@v4	2026-10-07T03:15:52.9555585Z Received 83886080 of 218837890 (38.3%), 39.9 MBs/sec
android	Run gradle/actions/setup-gradle@v4	2026-10-07T03:15:53.0676683Z Received 138115156 of 138115156 (100.0%), 60.9 MBs/sec
android	Run gradle/actions/setup-gradle@v4	2026-10-07T03:15:53.0679083Z Cache Size: ~132 MB (138115156 B)
android	Run gradle/actions/setup-gradle@v4	2026-10-07T03:15:53.0870902Z [command]/usr/bin/tar -xf /home/runner/work/_temp/71c20473-a2fc-4ad0-851e-6ac10fd588c7/cache.tzst -P -C /home/runner/work/utopia/utopia --use-compress-program unzstd
android	Run gradle/actions/setup-gradle@v4	2026-10-07T03:15:53.2287108Z Received 136713466 of 136713466 (100.0%), 55.8 MBs/sec
android	Run gradle/actions/setup-gradle@v4	2026-10-07T03:15:53.2288545Z Cache Size: ~130 MB (136713466 B)
android	Run gradle/actions/setup-gradle@v4	2026-10-07T03:15:53.2500361Z [command]/usr/bin/tar -xf /home/runner/work/_temp/a75b992f-beac-4e5b-bc0c-a2daa9822253/cache.tzst -P -C /home/runner/work/utopia/utopia --use-compress-program unzstd
android	Run gradle/actions/setup-gradle@v4	2026-10-07T03:15:53.6040135Z Cache restored successfully
android	Run gradle/actions/setup-gradle@v4	2026-10-07T03:15:53.6161293Z Restored cache entry with key gradle-wrapper-zips-v1-5ae5d3da5e8e0c748d04bcdd9bc97bdb to /home/runner/.gradle/wrapper/dists/gradle-8.14.3-bin/cv11ve7ro1n3o1j4so8xd9n66 in 3268ms
android	Run gradle/actions/setup-gradle@v4	2026-10-07T03:15:53.9554751Z Received 214643586 of 218837890 (98.1%), 68.1 MBs/sec
android	Run gradle/actions/setup-gradle@v4	2026-10-07T03:15:54.0242508Z Received 218837890 of 218837890 (100.0%), 67.9 MBs/sec
android	Run gradle/actions/setup-gradle@v4	2026-10-07T03:15:54.0248816Z Cache Size: ~209 MB (218837890 B)
android	Run gradle/actions/setup-gradle@v4	2026-10-07T03:15:54.0280402Z [command]/usr/bin/tar -xf /home/runner/work/_temp/1b6b3fc1-dd89-487c-be2f-2d4e41d53b87/cache.tzst -P -C /home/runner/work/utopia/utopia --use-compress-program unzstd
android	Run gradle/actions/setup-gradle@v4	2026-10-07T03:15:54.1113108Z Cache restored successfully
android	Run gradle/actions/setup-gradle@v4	2026-10-07T03:15:54.1186811Z Restored cache entry with key gradle-transforms-v1-04f8cebaf638925c63d29d619f7661ad to /home/runner/.gradle/caches/transforms-4/*/,/home/runner/.gradle/caches/*/transforms/*/ in 3772ms
android	Run gradle/actions/setup-gradle@v4	2026-10-07T03:15:54.4546024Z Cache restored successfully
android	Run gradle/actions/setup-gradle@v4	2026-10-07T03:15:54.4630500Z Restored cache entry with key gradle-dependencies-v1-710a3b371db75b163f0594fc4e68cd08 to /home/runner/.gradle/caches/modules-*/files-*/*/*/*/* in 4117ms
android	Run gradle/actions/setup-gradle@v4	2026-10-07T03:15:54.4912382Z ##[endgroup]
android	Run gradle/actions/setup-gradle@v4	2026-10-07T03:15:54.5153474Z ##[group]All Gradle Wrapper jars are valid
android	Run gradle/actions/setup-gradle@v4	2026-10-07T03:15:54.5155011Z ✓ Found known Gradle Wrapper JAR files:
android	Run gradle/actions/setup-gradle@v4	2026-10-07T03:15:54.5155882Z   7d3a4ac4de1c32b59bc6a4eb8ecb8e612ccd0cf1ae1e99f66902da64df296172 apps/android/gradle/wrapper/gradle-wrapper.jar
android	Run gradle/actions/setup-gradle@v4	2026-10-07T03:15:54.5156826Z ##[endgroup]
android	Run bash gradlew :app:testDebugUnitTest :app:assembleDebug --console=plain	﻿2026-10-07T03:15:54.8460619Z ##[group]Run bash gradlew :app:testDebugUnitTest :app:assembleDebug --console=plain
android	Run bash gradlew :app:testDebugUnitTest :app:assembleDebug --console=plain	2026-10-07T03:15:54.8461760Z ^[[36;1mbash gradlew :app:testDebugUnitTest :app:assembleDebug --console=plain^[[0m
android	Run bash gradlew :app:testDebugUnitTest :app:assembleDebug --console=plain	2026-10-07T03:15:54.8513144Z shell: /usr/bin/bash -e {0}
android	Run bash gradlew :app:testDebugUnitTest :app:assembleDebug --console=plain	2026-10-07T03:15:54.8513765Z env:
android	Run bash gradlew :app:testDebugUnitTest :app:assembleDebug --console=plain	2026-10-07T03:15:54.8514294Z   JAVA_HOME: /opt/hostedtoolcache/Java_Temurin-Hotspot_jdk/21.0.12-1/x64
android	Run bash gradlew :app:testDebugUnitTest :app:assembleDebug --console=plain	2026-10-07T03:15:54.8514966Z   JAVA_HOME_21_X64: /opt/hostedtoolcache/Java_Temurin-Hotspot_jdk/21.0.12-1/x64
android	Run bash gradlew :app:testDebugUnitTest :app:assembleDebug --console=plain	2026-10-07T03:15:54.8515548Z   ANDROID_HOME: /usr/local/lib/android/sdk
android	Run bash gradlew :app:testDebugUnitTest :app:assembleDebug --console=plain	2026-10-07T03:15:54.8516056Z   ANDROID_SDK_ROOT: /usr/local/lib/android/sdk
android	Run bash gradlew :app:testDebugUnitTest :app:assembleDebug --console=plain	2026-10-07T03:15:54.8516579Z   GRADLE_ACTION_ID: gradle/actions/setup-gradle
android	Run bash gradlew :app:testDebugUnitTest :app:assembleDebug --console=plain	2026-10-07T03:15:54.8517066Z   GRADLE_USER_HOME: /home/runner/.gradle
android	Run bash gradlew :app:testDebugUnitTest :app:assembleDebug --console=plain	2026-10-07T03:15:54.8517548Z   GRADLE_BUILD_ACTION_SETUP_COMPLETED: true
android	Run bash gradlew :app:testDebugUnitTest :app:assembleDebug --console=plain	2026-10-07T03:15:54.8518031Z   GRADLE_BUILD_ACTION_CACHE_RESTORED: true
android	Run bash gradlew :app:testDebugUnitTest :app:assembleDebug --console=plain	2026-10-07T03:15:54.8518810Z   DEVELOCITY_INJECTION_INIT_SCRIPT_NAME: gradle-actions.inject-develocity.init.gradle
android	Run bash gradlew :app:testDebugUnitTest :app:assembleDebug --console=plain	2026-10-07T03:15:54.8519588Z   DEVELOCITY_INJECTION_CUSTOM_VALUE: gradle-actions
android	Run bash gradlew :app:testDebugUnitTest :app:assembleDebug --console=plain	2026-10-07T03:15:54.8520135Z   GITHUB_DEPENDENCY_GRAPH_ENABLED: false
android	Run bash gradlew :app:testDebugUnitTest :app:assembleDebug --console=plain	2026-10-07T03:15:54.8520538Z ##[endgroup]
android	Run bash gradlew :app:testDebugUnitTest :app:assembleDebug --console=plain	2026-10-07T03:15:56.1387794Z Starting a Gradle Daemon (subsequent builds will be faster)
android	Run bash gradlew :app:testDebugUnitTest :app:assembleDebug --console=plain	2026-10-07T03:16:07.1408827Z > Task :app:checkKotlinGradlePluginConfigurationErrors SKIPPED
android	Run bash gradlew :app:testDebugUnitTest :app:assembleDebug --console=plain	2026-10-07T03:16:07.2410069Z > Task :app:preBuild UP-TO-DATE
android	Run bash gradlew :app:testDebugUnitTest :app:assembleDebug --console=plain	2026-10-07T03:16:07.2412269Z > Task :app:preDebugBuild UP-TO-DATE
android	Run bash gradlew :app:testDebugUnitTest :app:assembleDebug --console=plain	2026-10-07T03:16:07.5390323Z > Task :app:generateDebugResValues
android	Run bash gradlew :app:testDebugUnitTest :app:assembleDebug --console=plain	2026-10-07T03:16:07.5419901Z > Task :app:checkDebugAarMetadata
android	Run bash gradlew :app:testDebugUnitTest :app:assembleDebug --console=plain	2026-10-07T03:16:07.6380722Z > Task :app:mapDebugSourceSetPaths
android	Run bash gradlew :app:testDebugUnitTest :app:assembleDebug --console=plain	2026-10-07T03:16:07.6381763Z > Task :app:generateDebugResources
android	Run bash gradlew :app:testDebugUnitTest :app:assembleDebug --console=plain	2026-10-07T03:16:08.6394786Z > Task :app:packageDebugResources
android	Run bash gradlew :app:testDebugUnitTest :app:assembleDebug --console=plain	2026-10-07T03:16:10.2409954Z > Task :app:createDebugCompatibleScreenManifests
android	Run bash gradlew :app:testDebugUnitTest :app:assembleDebug --console=plain	2026-10-07T03:16:10.3394205Z > Task :app:extractDeepLinksDebug
android	Run bash gradlew :app:testDebugUnitTest :app:assembleDebug --console=plain	2026-10-07T03:16:10.3395752Z > Task :app:mergeDebugResources
android	Run bash gradlew :app:testDebugUnitTest :app:assembleDebug --console=plain	2026-10-07T03:16:10.3409889Z > Task :app:parseDebugLocalResources
android	Run bash gradlew :app:testDebugUnitTest :app:assembleDebug --console=plain	2026-10-07T03:16:10.5385306Z > Task :app:processDebugMainManifest
android	Run bash gradlew :app:testDebugUnitTest :app:assembleDebug --console=plain	2026-10-07T03:16:10.6399203Z > Task :app:processDebugManifest
android	Run bash gradlew :app:testDebugUnitTest :app:assembleDebug --console=plain	2026-10-07T03:16:10.6403524Z > Task :app:processDebugManifestForPackage
android	Run bash gradlew :app:testDebugUnitTest :app:assembleDebug --console=plain	2026-10-07T03:16:10.6404609Z > Task :app:javaPreCompileDebug
android	Run bash gradlew :app:testDebugUnitTest :app:assembleDebug --console=plain	2026-10-07T03:16:10.7399895Z > Task :app:preDebugUnitTestBuild UP-TO-DATE
android	Run bash gradlew :app:testDebugUnitTest :app:assembleDebug --console=plain	2026-10-07T03:16:10.7429621Z > Task :app:javaPreCompileDebugUnitTest
android	Run bash gradlew :app:testDebugUnitTest :app:assembleDebug --console=plain	2026-10-07T03:16:10.7449691Z > Task :app:mergeDebugNativeDebugMetadata NO-SOURCE
android	Run bash gradlew :app:testDebugUnitTest :app:assembleDebug --console=plain	2026-10-07T03:16:10.8399938Z > Task :app:mergeDebugShaders
android	Run bash gradlew :app:testDebugUnitTest :app:assembleDebug --console=plain	2026-10-07T03:16:10.8400866Z > Task :app:compileDebugShaders NO-SOURCE
android	Run bash gradlew :app:testDebugUnitTest :app:assembleDebug --console=plain	2026-10-07T03:16:10.8401797Z > Task :app:generateDebugAssets UP-TO-DATE
android	Run bash gradlew :app:testDebugUnitTest :app:assembleDebug --console=plain	2026-10-07T03:16:10.8402528Z > Task :app:mergeDebugAssets
android	Run bash gradlew :app:testDebugUnitTest :app:assembleDebug --console=plain	2026-10-07T03:16:10.8403175Z > Task :app:compressDebugAssets
android	Run bash gradlew :app:testDebugUnitTest :app:assembleDebug --console=plain	2026-10-07T03:16:10.9417102Z > Task :app:desugarDebugFileDependencies
android	Run bash gradlew :app:testDebugUnitTest :app:assembleDebug --console=plain	2026-10-07T03:16:11.0381155Z > Task :app:mergeDebugJniLibFolders
android	Run bash gradlew :app:testDebugUnitTest :app:assembleDebug --console=plain	2026-10-07T03:16:11.0419880Z > Task :app:checkDebugDuplicateClasses
android	Run bash gradlew :app:testDebugUnitTest :app:assembleDebug --console=plain	2026-10-07T03:16:11.2400038Z > Task :app:processDebugResources
android	Run bash gradlew :app:testDebugUnitTest :app:assembleDebug --console=plain	2026-10-07T03:16:11.2430682Z > Task :app:mergeLibDexDebug
android	Run bash gradlew :app:testDebugUnitTest :app:assembleDebug --console=plain	2026-10-07T03:16:11.9399923Z > Task :app:mergeDebugNativeLibs
android	Run bash gradlew :app:testDebugUnitTest :app:assembleDebug --console=plain	2026-10-07T03:16:14.1389690Z > Task :app:validateSigningDebug
android	Run bash gradlew :app:testDebugUnitTest :app:assembleDebug --console=plain	2026-10-07T03:16:14.2444016Z > Task :app:writeDebugAppMetadata
android	Run bash gradlew :app:testDebugUnitTest :app:assembleDebug --console=plain	2026-10-07T03:16:14.2499855Z > Task :app:writeDebugSigningConfigVersions
android	Run bash gradlew :app:testDebugUnitTest :app:assembleDebug --console=plain	2026-10-07T03:16:14.2528707Z 
android	Run bash gradlew :app:testDebugUnitTest :app:assembleDebug --console=plain	2026-10-07T03:16:14.2579399Z > Task :app:stripDebugDebugSymbols
android	Run bash gradlew :app:testDebugUnitTest :app:assembleDebug --console=plain	2026-10-07T03:16:14.2620152Z Unable to strip the following libraries, packaging them as they are: libandroidx.graphics.path.so. Run with --info option to learn more.
android	Run bash gradlew :app:testDebugUnitTest :app:assembleDebug --console=plain	2026-10-07T03:16:19.9381970Z 
android	Run bash gradlew :app:testDebugUnitTest :app:assembleDebug --console=plain	2026-10-07T03:16:19.9410304Z > Task :app:mergeExtDexDebug
android	Run bash gradlew :app:testDebugUnitTest :app:assembleDebug --console=plain	2026-10-07T03:16:39.4422272Z 
android	Run bash gradlew :app:testDebugUnitTest :app:assembleDebug --console=plain	2026-10-07T03:16:39.4423564Z > Task :app:compileDebugKotlin
android	Run bash gradlew :app:testDebugUnitTest :app:assembleDebug --console=plain	2026-10-07T03:16:39.4426095Z w: file:///home/runner/work/utopia/utopia/apps/android/app/src/main/java/city/utopia/control/AutoZoomCaptureActivity.kt:24:31 'val isZoomSupported: Boolean' is deprecated. Deprecated in Java.
android	Run bash gradlew :app:testDebugUnitTest :app:assembleDebug --console=plain	2026-10-07T03:16:39.4430321Z w: file:///home/runner/work/utopia/utopia/apps/android/app/src/main/java/city/utopia/control/AutoZoomCaptureActivity.kt:24:59 'val zoomRatios: (Mutable)List<Int!>!' is deprecated. Deprecated in Java.
android	Run bash gradlew :app:testDebugUnitTest :app:assembleDebug --console=plain	2026-10-07T03:16:39.4433245Z w: file:///home/runner/work/utopia/utopia/apps/android/app/src/main/java/city/utopia/control/AutoZoomCaptureActivity.kt:25:51 'val maxZoom: Int' is deprecated. Deprecated in Java.
android	Run bash gradlew :app:testDebugUnitTest :app:assembleDebug --console=plain	2026-10-07T03:16:39.4435967Z w: file:///home/runner/work/utopia/utopia/apps/android/app/src/main/java/city/utopia/control/AutoZoomCaptureActivity.kt:27:48 'var zoom: Int' is deprecated. Deprecated in Java.
android	Run bash gradlew :app:testDebugUnitTest :app:assembleDebug --console=plain	2026-10-07T03:16:39.4438876Z w: file:///home/runner/work/utopia/utopia/apps/android/app/src/main/java/city/utopia/control/AutoZoomCaptureActivity.kt:28:36 'var zoom: Int' is deprecated. Deprecated in Java.
android	Run bash gradlew :app:testDebugUnitTest :app:assembleDebug --console=plain	2026-10-07T03:16:39.4462437Z w: file:///home/runner/work/utopia/utopia/apps/android/app/src/main/java/city/utopia/control/AutoZoomCaptureActivity.kt:31:62 'val isZoomSupported: Boolean' is deprecated. Deprecated in Java.
android	Run bash gradlew :app:testDebugUnitTest :app:assembleDebug --console=plain	2026-10-07T03:16:39.4465458Z w: file:///home/runner/work/utopia/utopia/apps/android/app/src/main/java/city/utopia/control/AutoZoomCaptureActivity.kt:34:36 'var focusMode: String!' is deprecated. Deprecated in Java.
android	Run bash gradlew :app:testDebugUnitTest :app:assembleDebug --console=plain	2026-10-07T03:16:39.4468818Z w: file:///home/runner/work/utopia/utopia/apps/android/app/src/main/java/city/utopia/control/CityDiscovery.kt:31:94 'fun resolveService(p0: NsdServiceInfo!, p1: NsdManager.ResolveListener!): Unit' is deprecated. Deprecated in Java.
android	Run bash gradlew :app:testDebugUnitTest :app:assembleDebug --console=plain	2026-10-07T03:16:39.4471727Z w: file:///home/runner/work/utopia/utopia/apps/android/app/src/main/java/city/utopia/control/CityDiscovery.kt:33:382 'var host: InetAddress!' is deprecated. Deprecated in Java.
android	Run bash gradlew :app:testDebugUnitTest :app:assembleDebug --console=plain	2026-10-07T03:16:39.4474386Z w: file:///home/runner/work/utopia/utopia/apps/android/app/src/main/java/city/utopia/control/Devices.kt:39:66 Java type mismatch: inferred type is 'Nothing?', but 'String' was expected.
android	Run bash gradlew :app:testDebugUnitTest :app:assembleDebug --console=plain	2026-10-07T03:16:39.4476996Z w: file:///home/runner/work/utopia/utopia/apps/android/app/src/main/java/city/utopia/control/Devices.kt:44:58 Java type mismatch: inferred type is 'Nothing?', but 'String' was expected.
android	Run bash gradlew :app:testDebugUnitTest :app:assembleDebug --console=plain	2026-10-07T03:16:39.4479977Z w: file:///home/runner/work/utopia/utopia/apps/android/app/src/main/java/city/utopia/control/MainActivity.kt:175:389 Only safe (?.) or non-null asserted (!!.) calls are allowed on a nullable receiver of type 'Any?'.
android	Run bash gradlew :app:testDebugUnitTest :app:assembleDebug --console=plain	2026-10-07T03:16:39.4482977Z w: file:///home/runner/work/utopia/utopia/apps/android/app/src/main/java/city/utopia/control/MainActivity.kt:175:495 Only safe (?.) or non-null asserted (!!.) calls are allowed on a nullable receiver of type 'Any?'.
android	Run bash gradlew :app:testDebugUnitTest :app:assembleDebug --console=plain	2026-10-07T03:16:39.5383703Z 
android	Run bash gradlew :app:testDebugUnitTest :app:assembleDebug --console=plain	2026-10-07T03:16:39.5385231Z > Task :app:compileDebugJavaWithJavac NO-SOURCE
android	Run bash gradlew :app:testDebugUnitTest :app:assembleDebug --console=plain	2026-10-07T03:16:39.6391471Z > Task :app:bundleDebugClassesToCompileJar
android	Run bash gradlew :app:testDebugUnitTest :app:assembleDebug --console=plain	2026-10-07T03:16:39.6404270Z > Task :app:bundleDebugClassesToRuntimeJar
android	Run bash gradlew :app:testDebugUnitTest :app:assembleDebug --console=plain	2026-10-07T03:16:39.6413962Z > Task :app:processDebugJavaRes
android	Run bash gradlew :app:testDebugUnitTest :app:assembleDebug --console=plain	2026-10-07T03:16:44.7405997Z > Task :app:compileDebugUnitTestKotlin
android	Run bash gradlew :app:testDebugUnitTest :app:assembleDebug --console=plain	2026-10-07T03:16:47.6389883Z > Task :app:dexBuilderDebug
android	Run bash gradlew :app:testDebugUnitTest :app:assembleDebug --console=plain	2026-10-07T03:16:47.6391145Z > Task :app:compileDebugUnitTestJavaWithJavac NO-SOURCE
android	Run bash gradlew :app:testDebugUnitTest :app:assembleDebug --console=plain	2026-10-07T03:16:47.6392033Z > Task :app:processDebugUnitTestJavaRes
android	Run bash gradlew :app:testDebugUnitTest :app:assembleDebug --console=plain	2026-10-07T03:16:49.2390656Z > Task :app:testDebugUnitTest
android	Run bash gradlew :app:testDebugUnitTest :app:assembleDebug --console=plain	2026-10-07T03:16:49.2391723Z > Task :app:mergeDebugGlobalSynthetics
android	Run bash gradlew :app:testDebugUnitTest :app:assembleDebug --console=plain	2026-10-07T03:16:49.8417755Z > Task :app:mergeProjectDexDebug
android	Run bash gradlew :app:testDebugUnitTest :app:assembleDebug --console=plain	2026-10-07T03:16:50.0390079Z > Task :app:mergeDebugJavaResource
android	Run bash gradlew :app:testDebugUnitTest :app:assembleDebug --console=plain	2026-10-07T03:16:50.6396809Z > Task :app:packageDebug
android	Run bash gradlew :app:testDebugUnitTest :app:assembleDebug --console=plain	2026-10-07T03:16:50.6398554Z > Task :app:createDebugApkListingFileRedirect
android	Run bash gradlew :app:testDebugUnitTest :app:assembleDebug --console=plain	2026-10-07T03:16:50.6400020Z > Task :app:assembleDebug
android	Run bash gradlew :app:testDebugUnitTest :app:assembleDebug --console=plain	2026-10-07T03:16:50.6401639Z gradle/actions: Writing build results to /home/runner/work/_temp/.gradle-actions/build-results/__run_2-1791342960222.json
android	Run bash gradlew :app:testDebugUnitTest :app:assembleDebug --console=plain	2026-10-07T03:16:50.7154880Z 
android	Run bash gradlew :app:testDebugUnitTest :app:assembleDebug --console=plain	2026-10-07T03:16:50.7155892Z BUILD SUCCESSFUL in 55s
android	Run bash gradlew :app:testDebugUnitTest :app:assembleDebug --console=plain	2026-10-07T03:16:50.7156661Z 41 actionable tasks: 41 executed
android	Run actions/upload-artifact@v4	﻿2026-10-07T03:16:51.0467591Z ##[group]Run actions/upload-artifact@v4
android	Run actions/upload-artifact@v4	2026-10-07T03:16:51.0468153Z with:
android	Run actions/upload-artifact@v4	2026-10-07T03:16:51.0468876Z   name: utopia-debug-apk
android	Run actions/upload-artifact@v4	2026-10-07T03:16:51.0469426Z   path: apps/android/app/build/outputs/apk/debug/app-debug.apk
android	Run actions/upload-artifact@v4	2026-10-07T03:16:51.0469971Z   if-no-files-found: warn
android	Run actions/upload-artifact@v4	2026-10-07T03:16:51.0470474Z   compression-level: 6
android	Run actions/upload-artifact@v4	2026-10-07T03:16:51.0470879Z   overwrite: false
android	Run actions/upload-artifact@v4	2026-10-07T03:16:51.0471298Z   include-hidden-files: false
android	Run actions/upload-artifact@v4	2026-10-07T03:16:51.0471729Z env:
android	Run actions/upload-artifact@v4	2026-10-07T03:16:51.0472297Z   JAVA_HOME: /opt/hostedtoolcache/Java_Temurin-Hotspot_jdk/21.0.12-1/x64
android	Run actions/upload-artifact@v4	2026-10-07T03:16:51.0472969Z   JAVA_HOME_21_X64: /opt/hostedtoolcache/Java_Temurin-Hotspot_jdk/21.0.12-1/x64
android	Run actions/upload-artifact@v4	2026-10-07T03:16:51.0473588Z   ANDROID_HOME: /usr/local/lib/android/sdk
android	Run actions/upload-artifact@v4	2026-10-07T03:16:51.0474080Z   ANDROID_SDK_ROOT: /usr/local/lib/android/sdk
android	Run actions/upload-artifact@v4	2026-10-07T03:16:51.0474651Z   GRADLE_ACTION_ID: gradle/actions/setup-gradle
android	Run actions/upload-artifact@v4	2026-10-07T03:16:51.0475136Z   GRADLE_USER_HOME: /home/runner/.gradle
android	Run actions/upload-artifact@v4	2026-10-07T03:16:51.0475616Z   GRADLE_BUILD_ACTION_SETUP_COMPLETED: true
android	Run actions/upload-artifact@v4	2026-10-07T03:16:51.0476256Z   GRADLE_BUILD_ACTION_CACHE_RESTORED: true
android	Run actions/upload-artifact@v4	2026-10-07T03:16:51.0476854Z   DEVELOCITY_INJECTION_INIT_SCRIPT_NAME: gradle-actions.inject-develocity.init.gradle
android	Run actions/upload-artifact@v4	2026-10-07T03:16:51.0477536Z   DEVELOCITY_INJECTION_CUSTOM_VALUE: gradle-actions
android	Run actions/upload-artifact@v4	2026-10-07T03:16:51.0478030Z   GITHUB_DEPENDENCY_GRAPH_ENABLED: false
android	Run actions/upload-artifact@v4	2026-10-07T03:16:51.0478606Z ##[endgroup]
android	Run actions/upload-artifact@v4	2026-10-07T03:16:51.2154451Z (node:2901) [DEP0040] DeprecationWarning: The `punycode` module is deprecated. Please use a userland alternative instead.
android	Run actions/upload-artifact@v4	2026-10-07T03:16:51.2155867Z (Use `node --trace-deprecation ...` to show where the warning was created)
android	Run actions/upload-artifact@v4	2026-10-07T03:16:51.2199150Z With the provided path, there will be 1 file uploaded
android	Run actions/upload-artifact@v4	2026-10-07T03:16:51.2205226Z Artifact name is valid!
android	Run actions/upload-artifact@v4	2026-10-07T03:16:51.2207079Z Root directory input is valid!
android	Run actions/upload-artifact@v4	2026-10-07T03:16:51.5982077Z Beginning upload of artifact content to blob storage
android	Run actions/upload-artifact@v4	2026-10-07T03:16:51.8771393Z (node:2901) [DEP0169] DeprecationWarning: `url.parse()` behavior is not standardized and prone to errors that have security implications. Use the WHATWG URL API instead. CVEs are not issued for `url.parse()` vulnerabilities.
android	Run actions/upload-artifact@v4	2026-10-07T03:16:52.7667577Z Uploaded bytes 8388608
android	Run actions/upload-artifact@v4	2026-10-07T03:16:52.8627670Z Uploaded bytes 10210294
android	Run actions/upload-artifact@v4	2026-10-07T03:16:52.9357040Z Finished uploading artifact content to blob storage!
android	Run actions/upload-artifact@v4	2026-10-07T03:16:52.9359196Z SHA256 digest of uploaded artifact zip is de1084961c1b75cff0d19b9be27abdfc5dcfe6dc03a48963985d5e2db24aaddf
android	Run actions/upload-artifact@v4	2026-10-07T03:16:52.9360852Z Finalizing artifact upload
android	Run actions/upload-artifact@v4	2026-10-07T03:16:53.1842806Z Artifact utopia-debug-apk.zip successfully finalized. Artifact ID 11458614266
android	Run actions/upload-artifact@v4	2026-10-07T03:16:53.1843886Z Artifact utopia-debug-apk has been successfully uploaded! Final size is 10210294 bytes. Artifact ID is 11458614266
android	Run actions/upload-artifact@v4	2026-10-07T03:16:53.1849463Z Artifact download URL: https://github.com/zhiheng-zhang-Mera/utopia/actions/runs/37565900590/artifacts/11458614266
android	Post Run gradle/actions/setup-gradle@v4	﻿2026-10-07T03:16:53.2111348Z Post job cleanup.
android	Post Run gradle/actions/setup-gradle@v4	2026-10-07T03:16:53.4389026Z In post-action step
android	Post Run gradle/actions/setup-gradle@v4	2026-10-07T03:16:53.4397229Z Cache is read-only: will not save state for use in subsequent builds.
android	Post Run gradle/actions/setup-gradle@v4	2026-10-07T03:16:53.4403112Z Generating Job Summary
android	Post Run gradle/actions/setup-gradle@v4	2026-10-07T03:16:53.4418789Z Completed post-action step
android	Post Run actions/setup-java@v4	﻿2026-10-07T03:16:53.4572842Z Post job cleanup.
android	Post Run actions/setup-java@v4	2026-10-07T03:16:53.6000029Z (node:2925) [DEP0040] DeprecationWarning: The `punycode` module is deprecated. Please use a userland alternative instead.
android	Post Run actions/setup-java@v4	2026-10-07T03:16:53.6001607Z (Use `node --trace-deprecation ...` to show where the warning was created)
android	Post Run actions/checkout@v4	﻿2026-10-07T03:16:53.6185920Z Post job cleanup.
android	Post Run actions/checkout@v4	2026-10-07T03:16:53.7073683Z [command]/usr/bin/git version
android	Post Run actions/checkout@v4	2026-10-07T03:16:53.7111020Z git version 2.55.0
android	Post Run actions/checkout@v4	2026-10-07T03:16:53.7146018Z Temporarily overriding HOME='/home/runner/work/_temp/f9256d1d-7f1f-4895-a1de-9c4bc0fd69f4' before making global git config changes
android	Post Run actions/checkout@v4	2026-10-07T03:16:53.7147826Z Adding repository directory to the temporary git global config as a safe directory
android	Post Run actions/checkout@v4	2026-10-07T03:16:53.7152621Z [command]/usr/bin/git config --global --add safe.directory /home/runner/work/utopia/utopia
android	Post Run actions/checkout@v4	2026-10-07T03:16:53.7190227Z [command]/usr/bin/git config --local --name-only --get-regexp core\.sshCommand
android	Post Run actions/checkout@v4	2026-10-07T03:16:53.7223537Z [command]/usr/bin/git submodule foreach --recursive sh -c "git config --local --name-only --get-regexp 'core\.sshCommand' && git config --local --unset-all 'core.sshCommand' || :"
android	Post Run actions/checkout@v4	2026-10-07T03:16:53.7441594Z [command]/usr/bin/git config --local --name-only --get-regexp http\.https\:\/\/github\.com\/\.extraheader
android	Post Run actions/checkout@v4	2026-10-07T03:16:53.7481501Z http.https://github.com/.extraheader
android	Post Run actions/checkout@v4	2026-10-07T03:16:53.7500192Z [command]/usr/bin/git config --local --unset-all http.https://github.com/.extraheader
android	Post Run actions/checkout@v4	2026-10-07T03:16:53.7554695Z [command]/usr/bin/git submodule foreach --recursive sh -c "git config --local --name-only --get-regexp 'http\.https\:\/\/github\.com\/\.extraheader' && git config --local --unset-all 'http.https://github.com/.extraheader' || :"
android	Post Run actions/checkout@v4	2026-10-07T03:16:53.7813622Z [command]/usr/bin/git config --local --name-only --get-regexp ^includeIf\.gitdir:
android	Post Run actions/checkout@v4	2026-10-07T03:16:53.7848644Z [command]/usr/bin/git submodule foreach --recursive git config --local --show-origin --name-only --get-regexp remote.origin.url
android	Complete job	﻿2026-10-07T03:16:53.8210882Z Cleaning up orphan processes
android	Complete job	2026-10-07T03:16:53.8665315Z Terminate orphan process: pid (2682) (java)
android	Complete job	2026-10-07T03:16:53.8702991Z Terminate orphan process: pid (2794) (java)
android	Complete job	2026-10-07T03:16:53.8715083Z ##[warning]Node.js 20 is deprecated. The following actions target Node.js 20 but are being forced to run on Node.js 24: actions/checkout@v4, actions/setup-java@v4, actions/upload-artifact@v4, android-actions/setup-android@v3, gradle/actions/setup-gradle@v4. For more information see: https://github.blog/changelog/2025-09-19-deprecation-of-node-20-on-github-actions-runners/
gateway-web	Set up job	﻿2026-10-07T03:15:29.9700879Z Current runner version: '2.337.0'
gateway-web	Set up job	2026-10-07T03:15:29.9768882Z ##[group]Runner Image Provisioner
gateway-web	Set up job	2026-10-07T03:15:29.9770472Z Hosted Compute Agent
gateway-web	Set up job	2026-10-07T03:15:29.9771513Z Version: 20260901.588
gateway-web	Set up job	2026-10-07T03:15:29.9773555Z Commit: f88ec8081b781fac6c440065ac7ff9e710ce3d0b
gateway-web	Set up job	2026-10-07T03:15:29.9775003Z Build Date: 2026-09-01T19:56:44Z
gateway-web	Set up job	2026-10-07T03:15:29.9776268Z Worker ID: {e663e146-88fb-4e3b-8a0e-49747cb808e3}
gateway-web	Set up job	2026-10-07T03:15:29.9777466Z Azure Region: eastus2
gateway-web	Set up job	2026-10-07T03:15:29.9778513Z ##[endgroup]
gateway-web	Set up job	2026-10-07T03:15:29.9780777Z ##[group]Operating System
gateway-web	Set up job	2026-10-07T03:15:29.9781925Z Microsoft Windows Server 2025
gateway-web	Set up job	2026-10-07T03:15:29.9783023Z 10.0.26100
gateway-web	Set up job	2026-10-07T03:15:29.9784281Z Datacenter
gateway-web	Set up job	2026-10-07T03:15:29.9785145Z ##[endgroup]
gateway-web	Set up job	2026-10-07T03:15:29.9785993Z ##[group]Runner Image
gateway-web	Set up job	2026-10-07T03:15:29.9787095Z Image: windows-2025-vs2026
gateway-web	Set up job	2026-10-07T03:15:29.9788079Z Version: 20260925.250.1
gateway-web	Set up job	2026-10-07T03:15:29.9790043Z Included Software: https://github.com/actions/runner-images/blob/win25-vs2026/20260925.250/images/windows/Windows2025-VS2026-Readme.md
gateway-web	Set up job	2026-10-07T03:15:29.9793554Z Image Release: https://github.com/actions/runner-images/releases/tag/win25-vs2026%2F20260925.250
gateway-web	Set up job	2026-10-07T03:15:29.9795325Z ##[endgroup]
gateway-web	Set up job	2026-10-07T03:15:29.9797454Z ##[group]GITHUB_TOKEN Permissions
gateway-web	Set up job	2026-10-07T03:15:29.9800475Z Contents: read
gateway-web	Set up job	2026-10-07T03:15:29.9801505Z Metadata: read
gateway-web	Set up job	2026-10-07T03:15:29.9802417Z Packages: read
gateway-web	Set up job	2026-10-07T03:15:29.9803709Z ##[endgroup]
gateway-web	Set up job	2026-10-07T03:15:29.9806632Z Secret source: Actions
gateway-web	Set up job	2026-10-07T03:15:29.9808225Z Cache mode: write
gateway-web	Set up job	2026-10-07T03:15:29.9809351Z Prepare workflow directory
gateway-web	Set up job	2026-10-07T03:15:30.0281243Z Prepare all required actions
gateway-web	Set up job	2026-10-07T03:15:30.0357500Z Getting action download info
gateway-web	Set up job	2026-10-07T03:15:30.2124332Z Download action repository 'actions/checkout@v4' (SHA:11d5960a326750d5838078e36cf38b85af677262)
gateway-web	Set up job	2026-10-07T03:15:30.3461684Z Download action repository 'actions/setup-node@v4' (SHA:49933ea5288caeca8642d1e84afbd3f7d6820020)
gateway-web	Set up job	2026-10-07T03:15:30.5146734Z Download action repository 'pnpm/action-setup@v4' (SHA:b906affcce14559ad1aafd4ab0e942779e9f58b1)
gateway-web	Set up job	2026-10-07T03:15:30.8717376Z Complete job name: gateway-web
gateway-web	Run actions/checkout@v4	﻿2026-10-07T03:15:31.0652577Z ##[group]Run actions/checkout@v4
gateway-web	Run actions/checkout@v4	2026-10-07T03:15:31.0653758Z with:
gateway-web	Run actions/checkout@v4	2026-10-07T03:15:31.0654246Z   fetch-depth: 0
gateway-web	Run actions/checkout@v4	2026-10-07T03:15:31.0654759Z   repository: zhiheng-zhang-Mera/utopia
gateway-web	Run actions/checkout@v4	2026-10-07T03:15:31.0659249Z   token: ***
gateway-web	Run actions/checkout@v4	2026-10-07T03:15:31.0659749Z   ssh-strict: true
gateway-web	Run actions/checkout@v4	2026-10-07T03:15:31.0660249Z   ssh-user: git
gateway-web	Run actions/checkout@v4	2026-10-07T03:15:31.0660741Z   persist-credentials: true
gateway-web	Run actions/checkout@v4	2026-10-07T03:15:31.0661272Z   clean: true
gateway-web	Run actions/checkout@v4	2026-10-07T03:15:31.0661783Z   sparse-checkout-cone-mode: true
gateway-web	Run actions/checkout@v4	2026-10-07T03:15:31.0662363Z   fetch-tags: false
gateway-web	Run actions/checkout@v4	2026-10-07T03:15:31.0662968Z   show-progress: true
gateway-web	Run actions/checkout@v4	2026-10-07T03:15:31.0663666Z   lfs: false
gateway-web	Run actions/checkout@v4	2026-10-07T03:15:31.0664159Z   submodules: false
gateway-web	Run actions/checkout@v4	2026-10-07T03:15:31.0664684Z   set-safe-directory: true
gateway-web	Run actions/checkout@v4	2026-10-07T03:15:31.0665235Z   allow-unsafe-pr-checkout: false
gateway-web	Run actions/checkout@v4	2026-10-07T03:15:31.0666142Z ##[endgroup]
gateway-web	Run actions/checkout@v4	2026-10-07T03:15:31.2129400Z Syncing repository: zhiheng-zhang-Mera/utopia
gateway-web	Run actions/checkout@v4	2026-10-07T03:15:31.2131466Z ##[group]Getting Git version info
gateway-web	Run actions/checkout@v4	2026-10-07T03:15:31.2132202Z Working directory is 'D:\a\utopia\utopia'
gateway-web	Run actions/checkout@v4	2026-10-07T03:15:31.3297350Z [command]"C:\Program Files\Git\bin\git.exe" version
gateway-web	Run actions/checkout@v4	2026-10-07T03:15:31.7280563Z git version 2.55.0.windows.5
gateway-web	Run actions/checkout@v4	2026-10-07T03:15:31.7327201Z ##[endgroup]
gateway-web	Run actions/checkout@v4	2026-10-07T03:15:31.7347908Z Temporarily overriding HOME='D:\a\_temp\071d1ad0-4223-4439-85f8-12b6740008bb' before making global git config changes
gateway-web	Run actions/checkout@v4	2026-10-07T03:15:31.7350152Z Adding repository directory to the temporary git global config as a safe directory
gateway-web	Run actions/checkout@v4	2026-10-07T03:15:31.7357776Z [command]"C:\Program Files\Git\bin\git.exe" config --global --add safe.directory D:\a\utopia\utopia
gateway-web	Run actions/checkout@v4	2026-10-07T03:15:31.8006499Z Deleting the contents of 'D:\a\utopia\utopia'
gateway-web	Run actions/checkout@v4	2026-10-07T03:15:31.8014211Z ##[group]Initializing the repository
gateway-web	Run actions/checkout@v4	2026-10-07T03:15:31.8022167Z [command]"C:\Program Files\Git\bin\git.exe" init D:\a\utopia\utopia
gateway-web	Run actions/checkout@v4	2026-10-07T03:15:31.8929885Z Initialized empty Git repository in D:/a/utopia/utopia/.git/
gateway-web	Run actions/checkout@v4	2026-10-07T03:15:31.8999672Z [command]"C:\Program Files\Git\bin\git.exe" remote add origin https://github.com/zhiheng-zhang-Mera/utopia
gateway-web	Run actions/checkout@v4	2026-10-07T03:15:31.9761157Z ##[endgroup]
gateway-web	Run actions/checkout@v4	2026-10-07T03:15:31.9762050Z ##[group]Disabling automatic garbage collection
gateway-web	Run actions/checkout@v4	2026-10-07T03:15:31.9771413Z [command]"C:\Program Files\Git\bin\git.exe" config --local gc.auto 0
gateway-web	Run actions/checkout@v4	2026-10-07T03:15:32.0059496Z ##[endgroup]
gateway-web	Run actions/checkout@v4	2026-10-07T03:15:32.0060216Z ##[group]Setting up auth
gateway-web	Run actions/checkout@v4	2026-10-07T03:15:32.0071938Z [command]"C:\Program Files\Git\bin\git.exe" config --local --name-only --get-regexp core\.sshCommand
gateway-web	Run actions/checkout@v4	2026-10-07T03:15:32.0362010Z [command]"C:\Program Files\Git\bin\git.exe" submodule foreach --recursive "sh -c \"git config --local --name-only --get-regexp 'core\.sshCommand' && git config --local --unset-all 'core.sshCommand' || :\""
gateway-web	Run actions/checkout@v4	2026-10-07T03:15:33.5532806Z [command]"C:\Program Files\Git\bin\git.exe" config --local --name-only --get-regexp http\.https\:\/\/github\.com\/\.extraheader
gateway-web	Run actions/checkout@v4	2026-10-07T03:15:33.5840118Z [command]"C:\Program Files\Git\bin\git.exe" submodule foreach --recursive "sh -c \"git config --local --name-only --get-regexp 'http\.https\:\/\/github\.com\/\.extraheader' && git config --local --unset-all 'http.https://github.com/.extraheader' || :\""
gateway-web	Run actions/checkout@v4	2026-10-07T03:15:34.1022123Z [command]"C:\Program Files\Git\bin\git.exe" config --local --name-only --get-regexp ^includeIf\.gitdir:
gateway-web	Run actions/checkout@v4	2026-10-07T03:15:34.1332087Z [command]"C:\Program Files\Git\bin\git.exe" submodule foreach --recursive "git config --local --show-origin --name-only --get-regexp remote.origin.url"
gateway-web	Run actions/checkout@v4	2026-10-07T03:15:34.6769513Z [command]"C:\Program Files\Git\bin\git.exe" config --local http.https://github.com/.extraheader "AUTHORIZATION: basic ***"
gateway-web	Run actions/checkout@v4	2026-10-07T03:15:34.7070177Z ##[endgroup]
gateway-web	Run actions/checkout@v4	2026-10-07T03:15:34.7071413Z ##[group]Fetching the repository
gateway-web	Run actions/checkout@v4	2026-10-07T03:15:34.7084011Z [command]"C:\Program Files\Git\bin\git.exe" -c protocol.version=2 fetch --prune --no-recurse-submodules origin +refs/heads/*:refs/remotes/origin/* +refs/tags/*:refs/tags/* +1e22b0c1922b78add2d70a9a63b1b390bbf610d6:refs/remotes/pull/43/merge
gateway-web	Run actions/checkout@v4	2026-10-07T03:15:38.3705400Z From https://github.com/zhiheng-zhang-Mera/utopia
gateway-web	Run actions/checkout@v4	2026-10-07T03:15:38.3707598Z  * [new branch]      cex/CEX-701-Alien-codex-device-recovery  -> origin/cex/CEX-701-Alien-codex-device-recovery
gateway-web	Run actions/checkout@v4	2026-10-07T03:15:38.3709211Z  * [new branch]      cex/CEX-702-Alien-codex-alternate-device -> origin/cex/CEX-702-Alien-codex-alternate-device
gateway-web	Run actions/checkout@v4	2026-10-07T03:15:38.3711103Z  * [new branch]      cex/CEX-703-Alien-codex-capability-catalog -> origin/cex/CEX-703-Alien-codex-capability-catalog
gateway-web	Run actions/checkout@v4	2026-10-07T03:15:38.3712871Z  * [new branch]      cex/CEX-704-Alien-codex-native-owner-onboarding -> origin/cex/CEX-704-Alien-codex-native-owner-onboarding
gateway-web	Run actions/checkout@v4	2026-10-07T03:15:38.3714331Z  * [new branch]      cex/CEX-705-Alien-codex-native-members   -> origin/cex/CEX-705-Alien-codex-native-members
gateway-web	Run actions/checkout@v4	2026-10-07T03:15:38.3715572Z  * [new branch]      cex/CEX-790-mech-final-audit             -> origin/cex/CEX-790-mech-final-audit
gateway-web	Run actions/checkout@v4	2026-10-07T03:15:38.3716980Z  * [new branch]      feat/mech-join-worker-without-node-token -> origin/feat/mech-join-worker-without-node-token
gateway-web	Run actions/checkout@v4	2026-10-07T03:15:38.3718236Z  * [new branch]      integration/CEX-790-Alien-20261006       -> origin/integration/CEX-790-Alien-20261006
gateway-web	Run actions/checkout@v4	2026-10-07T03:15:38.3719187Z  * [new branch]      integration/MON-accepted-head-mech-preflight -> origin/integration/MON-accepted-head-mech-preflight
gateway-web	Run actions/checkout@v4	2026-10-07T03:15:38.3720079Z  * [new branch]      integration/REX-803-804-mech-preflight   -> origin/integration/REX-803-804-mech-preflight
gateway-web	Run actions/checkout@v4	2026-10-07T03:15:38.3721078Z  * [new branch]      integration/REX-803-804-mech-preflight-with-evidence-repair -> origin/integration/REX-803-804-mech-preflight-with-evidence-repair
gateway-web	Run actions/checkout@v4	2026-10-07T03:15:38.3722219Z  * [new branch]      integration/REX-805-candidate-mech-preflight -> origin/integration/REX-805-candidate-mech-preflight
gateway-web	Run actions/checkout@v4	2026-10-07T03:15:38.3724041Z  * [new branch]      integration/REX-805-repaired-mech-preflight -> origin/integration/REX-805-repaired-mech-preflight
gateway-web	Run actions/checkout@v4	2026-10-07T03:15:38.3725447Z  * [new branch]      integration/REX-accepted-heads-mech-preflight -> origin/integration/REX-accepted-heads-mech-preflight
gateway-web	Run actions/checkout@v4	2026-10-07T03:15:38.3727707Z  * [new branch]      integration/REX-accepted-heads-mech-preflight-with-evidence-repair -> origin/integration/REX-accepted-heads-mech-preflight-with-evidence-repair
gateway-web	Run actions/checkout@v4	2026-10-07T03:15:38.3729066Z  * [new branch]      join/JOIN-590-merged-main-physical-acceptance -> origin/join/JOIN-590-merged-main-physical-acceptance
gateway-web	Run actions/checkout@v4	2026-10-07T03:15:38.3729878Z  * [new branch]      main                                     -> origin/main
gateway-web	Run actions/checkout@v4	2026-10-07T03:15:38.3730506Z  * [new branch]      mech/standalone-city-lifecycle           -> origin/mech/standalone-city-lifecycle
gateway-web	Run actions/checkout@v4	2026-10-07T03:15:38.3731385Z  * [new branch]      merge/REX-series-mech-owner-window       -> origin/merge/REX-series-mech-owner-window
gateway-web	Run actions/checkout@v4	2026-10-07T03:15:38.3732230Z  * [new branch]      mon/MON-901-Alien-codex-observation      -> origin/mon/MON-901-Alien-codex-observation
gateway-web	Run actions/checkout@v4	2026-10-07T03:15:38.3732989Z  * [new branch]      mon/MON-902-mech-overview-graph          -> origin/mon/MON-902-mech-overview-graph
gateway-web	Run actions/checkout@v4	2026-10-07T03:15:38.3733980Z  * [new branch]      mon/MON-903-mech-decision-overlay        -> origin/mon/MON-903-mech-decision-overlay
gateway-web	Run actions/checkout@v4	2026-10-07T03:15:38.3734746Z  * [new branch]      mon/MON-990-Alien-20261006               -> origin/mon/MON-990-Alien-20261006
gateway-web	Run actions/checkout@v4	2026-10-07T03:15:38.3735843Z  * [new branch]      pcf/PCF-700-mech-ownership-and-reality-audit -> origin/pcf/PCF-700-mech-ownership-and-reality-audit
gateway-web	Run actions/checkout@v4	2026-10-07T03:15:38.3736764Z  * [new branch]      pcf/PCF-701-mech-live-resource-telemetry -> origin/pcf/PCF-701-mech-live-resource-telemetry
gateway-web	Run actions/checkout@v4	2026-10-07T03:15:38.3737698Z  * [new branch]      pcf/full-flow-alien-pending-verification-20261007 -> origin/pcf/full-flow-alien-pending-verification-20261007
gateway-web	Run actions/checkout@v4	2026-10-07T03:15:38.3738511Z  * [new branch]      pcf/series-mech                          -> origin/pcf/series-mech
gateway-web	Run actions/checkout@v4	2026-10-07T03:15:38.3739242Z  * [new branch]      probe/REX-803-mech-two-worker-rehearsal  -> origin/probe/REX-803-mech-two-worker-rehearsal
gateway-web	Run actions/checkout@v4	2026-10-07T03:15:38.3741751Z  * [new branch]      repair/MON-903-mech-honest-metrics       -> origin/repair/MON-903-mech-honest-metrics
gateway-web	Run actions/checkout@v4	2026-10-07T03:15:38.3742744Z  * [new branch]      repair/MON-903-mech-honest-metrics-on-review-head -> origin/repair/MON-903-mech-honest-metrics-on-review-head
gateway-web	Run actions/checkout@v4	2026-10-07T03:15:38.3743834Z  * [new branch]      repair/PCF-701-alien-windows-cpu-20261007 -> origin/repair/PCF-701-alien-windows-cpu-20261007
gateway-web	Run actions/checkout@v4	2026-10-07T03:15:38.3744667Z  * [new branch]      repair/REX-801-mech-store-guard          -> origin/repair/REX-801-mech-store-guard
gateway-web	Run actions/checkout@v4	2026-10-07T03:15:38.3745513Z  * [new branch]      repair/REX-803-mech-receipt-order-and-close -> origin/repair/REX-803-mech-receipt-order-and-close
gateway-web	Run actions/checkout@v4	2026-10-07T03:15:38.3746697Z  * [new branch]      repair/REX-804-mech-fault-store-guard-on-current-main -> origin/repair/REX-804-mech-fault-store-guard-on-current-main
gateway-web	Run actions/checkout@v4	2026-10-07T03:15:38.3747652Z  * [new branch]      repair/REX-804-mech-minimal              -> origin/repair/REX-804-mech-minimal
gateway-web	Run actions/checkout@v4	2026-10-07T03:15:38.3748552Z  * [new branch]      repair/REX-804-mech-test-evidence-outside-repo -> origin/repair/REX-804-mech-test-evidence-outside-repo
gateway-web	Run actions/checkout@v4	2026-10-07T03:15:38.3749644Z  * [new branch]      repair/REX-806-alien-members-and-partial-provenance-20261007 -> origin/repair/REX-806-alien-members-and-partial-provenance-20261007
gateway-web	Run actions/checkout@v4	2026-10-07T03:15:38.3750943Z  * [new branch]      repair/REX-806-alien-missing-task-and-bounded-window-20261007 -> origin/repair/REX-806-alien-missing-task-and-bounded-window-20261007
gateway-web	Run actions/checkout@v4	2026-10-07T03:15:38.3752368Z  * [new branch]      repair/REX-806-mech-exporter-missing-receipt-detection -> origin/repair/REX-806-mech-exporter-missing-receipt-detection
gateway-web	Run actions/checkout@v4	2026-10-07T03:15:38.3754086Z  * [new branch]      repair/REX-806-mech-exporter-refusal-exit-code -> origin/repair/REX-806-mech-exporter-refusal-exit-code
gateway-web	Run actions/checkout@v4	2026-10-07T03:15:38.3755731Z  * [new branch]      repair/REX-806-mech-exporter-unreadable-receipt -> origin/repair/REX-806-mech-exporter-unreadable-receipt
gateway-web	Run actions/checkout@v4	2026-10-07T03:15:38.3756709Z  * [new branch]      repair/WBC-604-mech-profile-persist-first -> origin/repair/WBC-604-mech-profile-persist-first
gateway-web	Run actions/checkout@v4	2026-10-07T03:15:38.3757710Z  * [new branch]      repair/WBC-604-mech-profile-persist-first-on-current-main -> origin/repair/WBC-604-mech-profile-persist-first-on-current-main
gateway-web	Run actions/checkout@v4	2026-10-07T03:15:38.3758812Z  * [new branch]      repair/capability-bridge-mech-artifact-store-guard -> origin/repair/capability-bridge-mech-artifact-store-guard
gateway-web	Run actions/checkout@v4	2026-10-07T03:15:38.3760443Z  * [new branch]      repair/mech-city-store-diagnostic-on-current-main -> origin/repair/mech-city-store-diagnostic-on-current-main
gateway-web	Run actions/checkout@v4	2026-10-07T03:15:38.3761709Z  * [new branch]      repair/mech-readme-city-install-step     -> origin/repair/mech-readme-city-install-step
gateway-web	Run actions/checkout@v4	2026-10-07T03:15:38.3762767Z  * [new branch]      repair/mech-relay-rate-probe-burst       -> origin/repair/mech-relay-rate-probe-burst
gateway-web	Run actions/checkout@v4	2026-10-07T03:15:38.3763566Z  * [new branch]      review/CEX-701-mech-review               -> origin/review/CEX-701-mech-review
gateway-web	Run actions/checkout@v4	2026-10-07T03:15:38.3764264Z  * [new branch]      review/CEX-702-mech-review               -> origin/review/CEX-702-mech-review
gateway-web	Run actions/checkout@v4	2026-10-07T03:15:38.3765290Z  * [new branch]      review/CEX-703-mech-review               -> origin/review/CEX-703-mech-review
gateway-web	Run actions/checkout@v4	2026-10-07T03:15:38.3766016Z  * [new branch]      review/CEX-704-mech-review               -> origin/review/CEX-704-mech-review
gateway-web	Run actions/checkout@v4	2026-10-07T03:15:38.3766952Z  * [new branch]      review/CEX-705-mech-review               -> origin/review/CEX-705-mech-review
gateway-web	Run actions/checkout@v4	2026-10-07T03:15:38.3767779Z  * [new branch]      review/JOIN-590-Alien-codex              -> origin/review/JOIN-590-Alien-codex
gateway-web	Run actions/checkout@v4	2026-10-07T03:15:38.3768468Z  * [new branch]      review/MON-901-mech-review               -> origin/review/MON-901-mech-review
gateway-web	Run actions/checkout@v4	2026-10-07T03:15:38.3769153Z  * [new branch]      review/MON-902-Alien-20261006            -> origin/review/MON-902-Alien-20261006
gateway-web	Run actions/checkout@v4	2026-10-07T03:15:38.3769853Z  * [new branch]      review/MON-903-Alien-20261006            -> origin/review/MON-903-Alien-20261006
gateway-web	Run actions/checkout@v4	2026-10-07T03:15:38.3770791Z  * [new branch]      review/MON-990-Mech-20261006             -> origin/review/MON-990-Mech-20261006
gateway-web	Run actions/checkout@v4	2026-10-07T03:15:38.3771523Z  * [new branch]      review/PCF-700-alien-20261007            -> origin/review/PCF-700-alien-20261007
gateway-web	Run actions/checkout@v4	2026-10-07T03:15:38.3772401Z  * [new branch]      review/REX-801-Alien-codex               -> origin/review/REX-801-Alien-codex
gateway-web	Run actions/checkout@v4	2026-10-07T03:15:38.3773079Z  * [new branch]      review/REX-802-mech-review               -> origin/review/REX-802-mech-review
gateway-web	Run actions/checkout@v4	2026-10-07T03:15:38.3774943Z  * [new branch]      review/REX-803-Alien-20261006            -> origin/review/REX-803-Alien-20261006
gateway-web	Run actions/checkout@v4	2026-10-07T03:15:38.3814479Z  * [new branch]      review/REX-804-mech-review               -> origin/review/REX-804-mech-review
gateway-web	Run actions/checkout@v4	2026-10-07T03:15:38.3815710Z  * [new branch]      review/REX-807-Alien-GPT-20261007        -> origin/review/REX-807-Alien-GPT-20261007
gateway-web	Run actions/checkout@v4	2026-10-07T03:15:38.3816877Z  * [new branch]      review/WBC-601-Alien-codex               -> origin/review/WBC-601-Alien-codex
gateway-web	Run actions/checkout@v4	2026-10-07T03:15:38.3817943Z  * [new branch]      review/WBC-602-Alien-codex               -> origin/review/WBC-602-Alien-codex
gateway-web	Run actions/checkout@v4	2026-10-07T03:15:38.3819182Z  * [new branch]      rex/REX-801-experiment-manifest-registry -> origin/rex/REX-801-experiment-manifest-registry
gateway-web	Run actions/checkout@v4	2026-10-07T03:15:38.3820604Z  * [new branch]      rex/REX-802-Alien-codex-trace-foundation -> origin/rex/REX-802-Alien-codex-trace-foundation
gateway-web	Run actions/checkout@v4	2026-10-07T03:15:38.3821905Z  * [new branch]      rex/REX-803-Alien-codex-scenario         -> origin/rex/REX-803-Alien-codex-scenario
gateway-web	Run actions/checkout@v4	2026-10-07T03:15:38.3823089Z  * [new branch]      rex/REX-803-mech-scenario-runner         -> origin/rex/REX-803-mech-scenario-runner
gateway-web	Run actions/checkout@v4	2026-10-07T03:15:38.3824250Z  * [new branch]      rex/REX-804-Alien-codex-faults           -> origin/rex/REX-804-Alien-codex-faults
gateway-web	Run actions/checkout@v4	2026-10-07T03:15:38.3830433Z  * [new branch]      rex/REX-805-alien-replay-ablation        -> origin/rex/REX-805-alien-replay-ablation
gateway-web	Run actions/checkout@v4	2026-10-07T03:15:38.3831741Z  * [new branch]      rex/REX-806-mech-metrics-and-export      -> origin/rex/REX-806-mech-metrics-and-export
gateway-web	Run actions/checkout@v4	2026-10-07T03:15:38.3833456Z  * [new branch]      rex/REX-807-mech-research-control-surface -> origin/rex/REX-807-mech-research-control-surface
gateway-web	Run actions/checkout@v4	2026-10-07T03:15:38.3834916Z  * [new branch]      test/mech-startup-store-family-guard     -> origin/test/mech-startup-store-family-guard
gateway-web	Run actions/checkout@v4	2026-10-07T03:15:38.3836450Z  * [new branch]      wbc/WBC-601-execution-backend-contract   -> origin/wbc/WBC-601-execution-backend-contract
gateway-web	Run actions/checkout@v4	2026-10-07T03:15:38.3837786Z  * [new branch]      wbc/WBC-602-node-descriptor              -> origin/wbc/WBC-602-node-descriptor
gateway-web	Run actions/checkout@v4	2026-10-07T03:15:38.3839015Z  * [new branch]      wbc/WBC-603-Alien-codex-worker-pool      -> origin/wbc/WBC-603-Alien-codex-worker-pool
gateway-web	Run actions/checkout@v4	2026-10-07T03:15:38.3840437Z  * [new branch]      wbc/WBC-604-mech-execution-profile-switch -> origin/wbc/WBC-604-mech-execution-profile-switch
gateway-web	Run actions/checkout@v4	2026-10-07T03:15:38.3841883Z  * [new tag]         archive/2026-10-04/codex/city-members-host-roles -> archive/2026-10-04/codex/city-members-host-roles
gateway-web	Run actions/checkout@v4	2026-10-07T03:15:38.3843366Z  * [new tag]         archive/2026-10-04/codex/city-names-host-preflight -> archive/2026-10-04/codex/city-names-host-preflight
gateway-web	Run actions/checkout@v4	2026-10-07T03:15:38.3844804Z  * [new tag]         archive/2026-10-04/codex/pairing-discovery-ux -> archive/2026-10-04/codex/pairing-discovery-ux
gateway-web	Run actions/checkout@v4	2026-10-07T03:15:38.3846304Z  * [new tag]         archive/2026-10-04/codex/single-host-city-remote-login -> archive/2026-10-04/codex/single-host-city-remote-login
gateway-web	Run actions/checkout@v4	2026-10-07T03:15:38.3847999Z  * [new tag]         archive/2026-10-04/evidence/MESH-301-mech-receipts -> archive/2026-10-04/evidence/MESH-301-mech-receipts
gateway-web	Run actions/checkout@v4	2026-10-07T03:15:38.3849647Z  * [new tag]         archive/2026-10-04/feat/launcher-and-shareable-invite -> archive/2026-10-04/feat/launcher-and-shareable-invite
gateway-web	Run actions/checkout@v4	2026-10-07T03:15:38.3851401Z  * [new tag]         archive/2026-10-04/feat/primary-city-and-connect-entry -> archive/2026-10-04/feat/primary-city-and-connect-entry
gateway-web	Run actions/checkout@v4	2026-10-07T03:15:38.3853593Z  * [new tag]         archive/2026-10-04/fix/device-pilot-harness-integration -> archive/2026-10-04/fix/device-pilot-harness-integration
gateway-web	Run actions/checkout@v4	2026-10-07T03:15:38.3855127Z  * [new tag]         archive/2026-10-04/fix/device-pilot-process-identity -> archive/2026-10-04/fix/device-pilot-process-identity
gateway-web	Run actions/checkout@v4	2026-10-07T03:15:38.3856901Z  * [new tag]         archive/2026-10-04/fix/device-pilot-route-from-source -> archive/2026-10-04/fix/device-pilot-route-from-source
gateway-web	Run actions/checkout@v4	2026-10-07T03:15:38.3858697Z  * [new tag]         archive/2026-10-04/integration/alien-codex-history-20261004 -> archive/2026-10-04/integration/alien-codex-history-20261004
gateway-web	Run actions/checkout@v4	2026-10-07T03:15:38.3860260Z  * [new tag]         archive/2026-10-04/integration/join-502-nearby -> archive/2026-10-04/integration/join-502-nearby
gateway-web	Run actions/checkout@v4	2026-10-07T03:15:38.3861723Z  * [new tag]         archive/2026-10-04/join/JOIN-501-pairing-session-lifecycle -> archive/2026-10-04/join/JOIN-501-pairing-session-lifecycle
gateway-web	Run actions/checkout@v4	2026-10-07T03:15:38.3863559Z  * [new tag]         archive/2026-10-04/join/JOIN-502-nearby-discovery-approval -> archive/2026-10-04/join/JOIN-502-nearby-discovery-approval
gateway-web	Run actions/checkout@v4	2026-10-07T03:15:38.3865757Z  * [new tag]         archive/2026-10-04/join/JOIN-503-device-enrollment-and-tokenless-reconnect -> archive/2026-10-04/join/JOIN-503-device-enrollment-and-tokenless-reconnect
gateway-web	Run actions/checkout@v4	2026-10-07T03:15:38.3867629Z  * [new tag]         archive/2026-10-04/join/JOIN-503-edenrollment-repair -> archive/2026-10-04/join/JOIN-503-edenrollment-repair
gateway-web	Run actions/checkout@v4	2026-10-07T03:15:38.3868915Z  * [new tag]         archive/2026-10-04/mesh/MESH-301-three-end -> archive/2026-10-04/mesh/MESH-301-three-end
gateway-web	Run actions/checkout@v4	2026-10-07T03:15:38.3870286Z  * [new tag]         archive/2026-10-04/review/JOIN-501-mech-formal-review -> archive/2026-10-04/review/JOIN-501-mech-formal-review
gateway-web	Run actions/checkout@v4	2026-10-07T03:15:38.3873528Z  * [new tag]         archive/2026-10-04/review/JOIN-502-alien-formal-review -> archive/2026-10-04/review/JOIN-502-alien-formal-review
gateway-web	Run actions/checkout@v4	2026-10-07T03:15:38.3875124Z  * [new tag]         archive/2026-10-04/review/JOIN-503-mech-formal-review -> archive/2026-10-04/review/JOIN-503-mech-formal-review
gateway-web	Run actions/checkout@v4	2026-10-07T03:15:38.3876579Z  * [new tag]         archive/2026-10-04/review/MESH-301-mech-formal-review -> archive/2026-10-04/review/MESH-301-mech-formal-review
gateway-web	Run actions/checkout@v4	2026-10-07T03:15:38.3878042Z  * [new tag]         archive/2026-10-04/rs/RS-201-dynamic-ai-pool -> archive/2026-10-04/rs/RS-201-dynamic-ai-pool
gateway-web	Run actions/checkout@v4	2026-10-07T03:15:38.3879567Z  * [new tag]         archive/2026-10-04/rs/RS-202-multi-device-concurrency -> archive/2026-10-04/rs/RS-202-multi-device-concurrency
gateway-web	Run actions/checkout@v4	2026-10-07T03:15:38.3881234Z  * [new tag]         archive/2026-10-04/rs/RS-203-cross-device-return-recovery -> archive/2026-10-04/rs/RS-203-cross-device-return-recovery
gateway-web	Run actions/checkout@v4	2026-10-07T03:15:38.3882677Z  * [new tag]         archive/2026-10-04/rs/RS-290-scheduling-baseline-freeze -> archive/2026-10-04/rs/RS-290-scheduling-baseline-freeze
gateway-web	Run actions/checkout@v4	2026-10-07T03:15:38.3884233Z  * [new tag]         archive/2026-10-04/ui/UI-000-visual-direction-candidates -> archive/2026-10-04/ui/UI-000-visual-direction-candidates
gateway-web	Run actions/checkout@v4	2026-10-07T03:15:38.3885687Z  * [new tag]         archive/2026-10-04/ui/UI-101-web-product-shell -> archive/2026-10-04/ui/UI-101-web-product-shell
gateway-web	Run actions/checkout@v4	2026-10-07T03:15:38.3886830Z  * [new tag]         archive/2026-10-04/ui/UI-102-android-product-shell -> archive/2026-10-04/ui/UI-102-android-product-shell
gateway-web	Run actions/checkout@v4	2026-10-07T03:15:38.3887679Z  * [new tag]         archive/2026-10-04/ui/UI-103-rooms-visual-unification -> archive/2026-10-04/ui/UI-103-rooms-visual-unification
gateway-web	Run actions/checkout@v4	2026-10-07T03:15:38.3888464Z  * [new tag]         archive/2026-10-04/ui/UI-190-ui-baseline-freeze -> archive/2026-10-04/ui/UI-190-ui-baseline-freeze
gateway-web	Run actions/checkout@v4	2026-10-07T03:15:38.3889329Z  * [new tag]         archive/2026-10-04/uxi/UXI-301-scheduler-status-into-product-ui -> archive/2026-10-04/uxi/UXI-301-scheduler-status-into-product-ui
gateway-web	Run actions/checkout@v4	2026-10-07T03:15:38.3890793Z  * [new tag]         archive/2026-10-04/uxi/UXI-390-final-product-acceptance -> archive/2026-10-04/uxi/UXI-390-final-product-acceptance
gateway-web	Run actions/checkout@v4	2026-10-07T03:15:38.3893535Z  * [new tag]         archive/2026-10-04/uxi/UXI-391-remote-handoff-closeout -> archive/2026-10-04/uxi/UXI-391-remote-handoff-closeout
gateway-web	Run actions/checkout@v4	2026-10-07T03:15:38.3894852Z  * [new tag]         archive/2026-10-05/fix/Alien-codex-host-inventory-retry -> archive/2026-10-05/fix/Alien-codex-host-inventory-retry
gateway-web	Run actions/checkout@v4	2026-10-07T03:15:38.3896658Z  * [new tag]         archive/2026-10-05/fix/Alien-codex-pairing-city-neutral-lockout -> archive/2026-10-05/fix/Alien-codex-pairing-city-neutral-lockout
gateway-web	Run actions/checkout@v4	2026-10-07T03:15:38.3897457Z  * [new tag]         archive/BA-001                           -> archive/BA-001
gateway-web	Run actions/checkout@v4	2026-10-07T03:15:38.3897890Z  * [new tag]         archive/BA-002                           -> archive/BA-002
gateway-web	Run actions/checkout@v4	2026-10-07T03:15:38.3898302Z  * [new tag]         archive/BA-003                           -> archive/BA-003
gateway-web	Run actions/checkout@v4	2026-10-07T03:15:38.3898726Z  * [new tag]         archive/BA-004                           -> archive/BA-004
gateway-web	Run actions/checkout@v4	2026-10-07T03:15:38.3899120Z  * [new tag]         archive/BA-005                           -> archive/BA-005
gateway-web	Run actions/checkout@v4	2026-10-07T03:15:38.3899517Z  * [new tag]         archive/BA-006                           -> archive/BA-006
gateway-web	Run actions/checkout@v4	2026-10-07T03:15:38.3899910Z  * [new tag]         archive/BA-007                           -> archive/BA-007
gateway-web	Run actions/checkout@v4	2026-10-07T03:15:38.3900301Z  * [new tag]         archive/BA-008                           -> archive/BA-008
gateway-web	Run actions/checkout@v4	2026-10-07T03:15:38.3900699Z  * [new tag]         archive/BA-009                           -> archive/BA-009
gateway-web	Run actions/checkout@v4	2026-10-07T03:15:38.3901107Z  * [new tag]         archive/EM-001                           -> archive/EM-001
gateway-web	Run actions/checkout@v4	2026-10-07T03:15:38.3901500Z  * [new tag]         archive/EM-002                           -> archive/EM-002
gateway-web	Run actions/checkout@v4	2026-10-07T03:15:38.3902099Z  * [new tag]         archive/EM-003                           -> archive/EM-003
gateway-web	Run actions/checkout@v4	2026-10-07T03:15:38.3902716Z  * [new tag]         archive/EM-004                           -> archive/EM-004
gateway-web	Run actions/checkout@v4	2026-10-07T03:15:38.3903129Z  * [new tag]         archive/EM-005                           -> archive/EM-005
gateway-web	Run actions/checkout@v4	2026-10-07T03:15:38.3903546Z  * [new tag]         archive/EM-006                           -> archive/EM-006
gateway-web	Run actions/checkout@v4	2026-10-07T03:15:38.3903946Z  * [new tag]         archive/EM-007                           -> archive/EM-007
gateway-web	Run actions/checkout@v4	2026-10-07T03:15:38.3904346Z  * [new tag]         archive/EM-008                           -> archive/EM-008
gateway-web	Run actions/checkout@v4	2026-10-07T03:15:38.3904743Z  * [new tag]         archive/EM-009                           -> archive/EM-009
gateway-web	Run actions/checkout@v4	2026-10-07T03:15:38.3905206Z  * [new tag]         archive/EM-010                           -> archive/EM-010
gateway-web	Run actions/checkout@v4	2026-10-07T03:15:38.3905612Z  * [new tag]         archive/EM-011                           -> archive/EM-011
gateway-web	Run actions/checkout@v4	2026-10-07T03:15:38.3906010Z  * [new tag]         archive/EM-012                           -> archive/EM-012
gateway-web	Run actions/checkout@v4	2026-10-07T03:15:38.3906406Z  * [new tag]         archive/EM-013                           -> archive/EM-013
gateway-web	Run actions/checkout@v4	2026-10-07T03:15:38.3906831Z  * [new tag]         archive/GAI-001                          -> archive/GAI-001
gateway-web	Run actions/checkout@v4	2026-10-07T03:15:38.3907329Z  * [new tag]         archive/GAI-002                          -> archive/GAI-002
gateway-web	Run actions/checkout@v4	2026-10-07T03:15:38.3907900Z  * [new tag]         archive/GAI-003                          -> archive/GAI-003
gateway-web	Run actions/checkout@v4	2026-10-07T03:15:38.3908317Z  * [new tag]         archive/GAI-004                          -> archive/GAI-004
gateway-web	Run actions/checkout@v4	2026-10-07T03:15:38.3908723Z  * [new tag]         archive/GAI-005                          -> archive/GAI-005
gateway-web	Run actions/checkout@v4	2026-10-07T03:15:38.3909294Z  * [new tag]         archive/GAI-006                          -> archive/GAI-006
gateway-web	Run actions/checkout@v4	2026-10-07T03:15:38.3909709Z  * [new tag]         archive/GAI-007                          -> archive/GAI-007
gateway-web	Run actions/checkout@v4	2026-10-07T03:15:38.3910114Z  * [new tag]         archive/GAI-008                          -> archive/GAI-008
gateway-web	Run actions/checkout@v4	2026-10-07T03:15:38.3910522Z  * [new tag]         archive/GAI-009                          -> archive/GAI-009
gateway-web	Run actions/checkout@v4	2026-10-07T03:15:38.3910943Z  * [new tag]         archive/RF-001                           -> archive/RF-001
gateway-web	Run actions/checkout@v4	2026-10-07T03:15:38.3911345Z  * [new tag]         archive/RF-002                           -> archive/RF-002
gateway-web	Run actions/checkout@v4	2026-10-07T03:15:38.3911909Z  * [new tag]         archive/RF-003                           -> archive/RF-003
gateway-web	Run actions/checkout@v4	2026-10-07T03:15:38.3912314Z  * [new tag]         archive/RF-004                           -> archive/RF-004
gateway-web	Run actions/checkout@v4	2026-10-07T03:15:38.3912718Z  * [new tag]         archive/RF-005                           -> archive/RF-005
gateway-web	Run actions/checkout@v4	2026-10-07T03:15:38.3913371Z  * [new tag]         archive/RF-006                           -> archive/RF-006
gateway-web	Run actions/checkout@v4	2026-10-07T03:15:38.3913777Z  * [new tag]         archive/RF-007                           -> archive/RF-007
gateway-web	Run actions/checkout@v4	2026-10-07T03:15:38.3914402Z  * [new tag]         archive/RF-008                           -> archive/RF-008
gateway-web	Run actions/checkout@v4	2026-10-07T03:15:38.3914814Z  * [new tag]         archive/RF-009                           -> archive/RF-009
gateway-web	Run actions/checkout@v4	2026-10-07T03:15:38.3915228Z  * [new tag]         archive/RF-010                           -> archive/RF-010
gateway-web	Run actions/checkout@v4	2026-10-07T03:15:38.3915766Z  * [new tag]         archive/alien/capability-bridge-v0.3     -> archive/alien/capability-bridge-v0.3
gateway-web	Run actions/checkout@v4	2026-10-07T03:15:38.3916415Z  * [new tag]         archive/alien/v0.3-hardening-repair      -> archive/alien/v0.3-hardening-repair
gateway-web	Run actions/checkout@v4	2026-10-07T03:15:38.3917002Z  * [new tag]         archive/alien/wave2-repair-v1            -> archive/alien/wave2-repair-v1
gateway-web	Run actions/checkout@v4	2026-10-07T03:15:38.3917567Z  * [new tag]         archive/alien/wave3-theme-build          -> archive/alien/wave3-theme-build
gateway-web	Run actions/checkout@v4	2026-10-07T03:15:38.3918277Z  * [new tag]         archive/codex/alien-device-center-connectivity-v0.2 -> archive/codex/alien-device-center-connectivity-v0.2
gateway-web	Run actions/checkout@v4	2026-10-07T03:15:38.3918973Z  * [new tag]         archive/codex/product-v0                 -> archive/codex/product-v0
gateway-web	Run actions/checkout@v4	2026-10-07T03:15:38.3919522Z  * [new tag]         archive/docs/v02-acceptance-links        -> archive/docs/v02-acceptance-links
gateway-web	Run actions/checkout@v4	2026-10-07T03:15:38.3920289Z  * [new tag]         archive/infra/mission-evolution-bootstrap -> archive/infra/mission-evolution-bootstrap
gateway-web	Run actions/checkout@v4	2026-10-07T03:15:38.3920946Z  * [new tag]         archive/mech/city-implementation-v1      -> archive/mech/city-implementation-v1
gateway-web	Run actions/checkout@v4	2026-10-07T03:15:38.3921527Z  * [new tag]         archive/mech/d9-theme-builder            -> archive/mech/d9-theme-builder
gateway-web	Run actions/checkout@v4	2026-10-07T03:15:38.3922119Z  * [new tag]         archive/mech/donor-document-intake-v1    -> archive/mech/donor-document-intake-v1
gateway-web	Run actions/checkout@v4	2026-10-07T03:15:38.3922759Z  * [new tag]         archive/mech/donor-knowledge-core-v1     -> archive/mech/donor-knowledge-core-v1
gateway-web	Run actions/checkout@v4	2026-10-07T03:15:38.3923370Z  * [new tag]         archive/mech/donor-skill-intake-v1       -> archive/mech/donor-skill-intake-v1
gateway-web	Run actions/checkout@v4	2026-10-07T03:15:38.3923965Z  * [new tag]         archive/mech/donor-theme-engine-v1       -> archive/mech/donor-theme-engine-v1
gateway-web	Run actions/checkout@v4	2026-10-07T03:15:38.3924534Z  * [new tag]         archive/mech/knowledge-room-k0           -> archive/mech/knowledge-room-k0
gateway-web	Run actions/checkout@v4	2026-10-07T03:15:38.3925117Z  * [new tag]         archive/mech/room-incubation-v1          -> archive/mech/room-incubation-v1
gateway-web	Run actions/checkout@v4	2026-10-07T03:15:38.3925664Z  * [new tag]         archive/mech/room-pack-v1                -> archive/mech/room-pack-v1
gateway-web	Run actions/checkout@v4	2026-10-07T03:15:38.3926232Z  * [new tag]         archive/mech/wave1-closeout-repair       -> archive/mech/wave1-closeout-repair
gateway-web	Run actions/checkout@v4	2026-10-07T03:15:38.3926828Z  * [new tag]         archive/mech/wave3-road-activation       -> archive/mech/wave3-road-activation
gateway-web	Run actions/checkout@v4	2026-10-07T03:15:38.3927366Z  * [new tag]         archive/mech/web-i18n-v1                 -> archive/mech/web-i18n-v1
gateway-web	Run actions/checkout@v4	2026-10-07T03:15:38.3927975Z  * [new tag]         archive/merge/butler-assistant-integration -> archive/merge/butler-assistant-integration
gateway-web	Run actions/checkout@v4	2026-10-07T03:15:38.3928719Z  * [new tag]         archive/merge/engineering-manager-integration -> archive/merge/engineering-manager-integration
gateway-web	Run actions/checkout@v4	2026-10-07T03:15:38.3929471Z  * [new tag]         archive/merge/general-ai-gateway-integration -> archive/merge/general-ai-gateway-integration
gateway-web	Run actions/checkout@v4	2026-10-07T03:15:38.3930178Z  * [new tag]         archive/merge/remote-fabric-integration  -> archive/merge/remote-fabric-integration
gateway-web	Run actions/checkout@v4	2026-10-07T03:15:38.3931626Z  * [new tag]         archive/mission/MB-001-core-os           -> archive/mission/MB-001-core-os
gateway-web	Run actions/checkout@v4	2026-10-07T03:15:38.3932632Z  * [new tag]         archive/mission/MB-002-capability-fabric -> archive/mission/MB-002-capability-fabric
gateway-web	Run actions/checkout@v4	2026-10-07T03:15:38.3933609Z  * [new tag]         archive/mission/MB-003-worker-gateway    -> archive/mission/MB-003-worker-gateway
gateway-web	Run actions/checkout@v4	2026-10-07T03:15:38.3934641Z  * [new tag]         archive/mission/MB-004-project-foreman   -> archive/mission/MB-004-project-foreman
gateway-web	Run actions/checkout@v4	2026-10-07T03:15:38.3935929Z  * [new tag]         archive/mission/MB-005-host-health       -> archive/mission/MB-005-host-health
gateway-web	Run actions/checkout@v4	2026-10-07T03:15:38.3937140Z  * [new tag]         archive/mission/MB-006-restart-recovery  -> archive/mission/MB-006-restart-recovery
gateway-web	Run actions/checkout@v4	2026-10-07T03:15:38.3938415Z  * [new tag]         archive/mission/MB-007-research-institute -> archive/mission/MB-007-research-institute
gateway-web	Run actions/checkout@v4	2026-10-07T03:15:38.3939705Z  * [new tag]         archive/mission/MB-008-computer-use      -> archive/mission/MB-008-computer-use
gateway-web	Run actions/checkout@v4	2026-10-07T03:15:38.3941100Z  * [new tag]         archive/mission/MB-009-theme-relocation  -> archive/mission/MB-009-theme-relocation
gateway-web	Run actions/checkout@v4	2026-10-07T03:15:38.3942309Z  * [new tag]         archive/mission/MB-010-node-fabric       -> archive/mission/MB-010-node-fabric
gateway-web	Run actions/checkout@v4	2026-10-07T03:15:38.3943418Z  * [new tag]         archive/mission/MB-011-customs           -> archive/mission/MB-011-customs
gateway-web	Run actions/checkout@v4	2026-10-07T03:15:38.3944597Z  * [new tag]         archive/mission/MB-012-runtime-compliance -> archive/mission/MB-012-runtime-compliance
gateway-web	Run actions/checkout@v4	2026-10-07T03:15:38.3945911Z  * [new tag]         archive/product/upt-pre-assistant-closeout -> archive/product/upt-pre-assistant-closeout
gateway-web	Run actions/checkout@v4	2026-10-07T03:15:38.3947311Z  * [new tag]         archive/repair/MB-007-owner-override-finalize -> archive/repair/MB-007-owner-override-finalize
gateway-web	Run actions/checkout@v4	2026-10-07T03:15:38.3948863Z  * [new tag]         utopia-donor-wave1-closed-v1             -> utopia-donor-wave1-closed-v1
gateway-web	Run actions/checkout@v4	2026-10-07T03:15:38.3949902Z  * [new tag]         utopia-v0.3-hardening                    -> utopia-v0.3-hardening
gateway-web	Run actions/checkout@v4	2026-10-07T03:15:38.3951114Z  * [new tag]         utopia-wave3                             -> utopia-wave3
gateway-web	Run actions/checkout@v4	2026-10-07T03:15:38.3951912Z  * [new tag]         v0.1.0-product                           -> v0.1.0-product
gateway-web	Run actions/checkout@v4	2026-10-07T03:15:38.3952861Z  * [new tag]         v0.2.0-device-center-connectivity        -> v0.2.0-device-center-connectivity
gateway-web	Run actions/checkout@v4	2026-10-07T03:15:38.3953854Z  * [new ref]         1e22b0c1922b78add2d70a9a63b1b390bbf610d6 -> pull/43/merge
gateway-web	Run actions/checkout@v4	2026-10-07T03:15:38.3955657Z ##[endgroup]
gateway-web	Run actions/checkout@v4	2026-10-07T03:15:38.3956292Z ##[group]Determining the checkout info
gateway-web	Run actions/checkout@v4	2026-10-07T03:15:38.3957002Z ##[endgroup]
gateway-web	Run actions/checkout@v4	2026-10-07T03:15:38.3957508Z [command]"C:\Program Files\Git\bin\git.exe" sparse-checkout disable
gateway-web	Run actions/checkout@v4	2026-10-07T03:15:38.4253415Z [command]"C:\Program Files\Git\bin\git.exe" config --local --unset-all extensions.worktreeConfig
gateway-web	Run actions/checkout@v4	2026-10-07T03:15:38.4536548Z ##[group]Checking out the ref
gateway-web	Run actions/checkout@v4	2026-10-07T03:15:38.4544385Z [command]"C:\Program Files\Git\bin\git.exe" checkout --progress --force refs/remotes/pull/43/merge
gateway-web	Run actions/checkout@v4	2026-10-07T03:15:39.0491001Z Note: switching to 'refs/remotes/pull/43/merge'.
gateway-web	Run actions/checkout@v4	2026-10-07T03:15:39.0491520Z 
gateway-web	Run actions/checkout@v4	2026-10-07T03:15:39.0491869Z You are in 'detached HEAD' state. You can look around, make experimental
gateway-web	Run actions/checkout@v4	2026-10-07T03:15:39.0492713Z changes and commit them, and you can discard any commits you make in this
gateway-web	Run actions/checkout@v4	2026-10-07T03:15:39.0493326Z state without impacting any branches by switching back to a branch.
gateway-web	Run actions/checkout@v4	2026-10-07T03:15:39.0493623Z 
gateway-web	Run actions/checkout@v4	2026-10-07T03:15:39.0493822Z If you want to create a new branch to retain commits you create, you may
gateway-web	Run actions/checkout@v4	2026-10-07T03:15:39.0494264Z do so (now or later) by using -c with the switch command. Example:
gateway-web	Run actions/checkout@v4	2026-10-07T03:15:39.0494516Z 
gateway-web	Run actions/checkout@v4	2026-10-07T03:15:39.0494667Z   git switch -c <new-branch-name>
gateway-web	Run actions/checkout@v4	2026-10-07T03:15:39.0494889Z 
gateway-web	Run actions/checkout@v4	2026-10-07T03:15:39.0494985Z Or undo this operation with:
gateway-web	Run actions/checkout@v4	2026-10-07T03:15:39.0495144Z 
gateway-web	Run actions/checkout@v4	2026-10-07T03:15:39.0495518Z   git switch -
gateway-web	Run actions/checkout@v4	2026-10-07T03:15:39.0495720Z 
gateway-web	Run actions/checkout@v4	2026-10-07T03:15:39.0496520Z Turn off this advice by setting config variable advice.detachedHead to false
gateway-web	Run actions/checkout@v4	2026-10-07T03:15:39.0497087Z 
gateway-web	Run actions/checkout@v4	2026-10-07T03:15:39.0497783Z HEAD is now at 1e22b0c Merge 2decc71b2b9a3d0e66293498f4f1676e461da8da into cc799234e7daa3d8ccfde5673b9d07ccb2376742
gateway-web	Run actions/checkout@v4	2026-10-07T03:15:39.0643913Z ##[endgroup]
gateway-web	Run actions/checkout@v4	2026-10-07T03:15:39.1050714Z [command]"C:\Program Files\Git\bin\git.exe" log -1 --format=%H
gateway-web	Run actions/checkout@v4	2026-10-07T03:15:39.1306387Z 1e22b0c1922b78add2d70a9a63b1b390bbf610d6
gateway-web	Run actions/setup-node@v4	﻿2026-10-07T03:15:39.1759775Z ##[group]Run actions/setup-node@v4
gateway-web	Run actions/setup-node@v4	2026-10-07T03:15:39.1760120Z with:
gateway-web	Run actions/setup-node@v4	2026-10-07T03:15:39.1760305Z   node-version: 24
gateway-web	Run actions/setup-node@v4	2026-10-07T03:15:39.1760506Z   always-auth: false
gateway-web	Run actions/setup-node@v4	2026-10-07T03:15:39.1760703Z   check-latest: false
gateway-web	Run actions/setup-node@v4	2026-10-07T03:15:39.1763494Z   token: ***
gateway-web	Run actions/setup-node@v4	2026-10-07T03:15:39.1763678Z ##[endgroup]
gateway-web	Run actions/setup-node@v4	2026-10-07T03:15:39.3602503Z Found in cache @ C:\hostedtoolcache\windows\node\24.21.0\x64
gateway-web	Run actions/setup-node@v4	2026-10-07T03:15:39.3609366Z (node:6732) [DEP0040] DeprecationWarning: The `punycode` module is deprecated. Please use a userland alternative instead.
gateway-web	Run actions/setup-node@v4	2026-10-07T03:15:39.3610618Z (Use `node --trace-deprecation ...` to show where the warning was created)
gateway-web	Run actions/setup-node@v4	2026-10-07T03:15:39.3613101Z ##[group]Environment details
gateway-web	Run actions/setup-node@v4	2026-10-07T03:15:44.8272854Z node: v24.21.0
gateway-web	Run actions/setup-node@v4	2026-10-07T03:15:44.8273269Z npm: 11.19.0
gateway-web	Run actions/setup-node@v4	2026-10-07T03:15:44.8273758Z yarn: 1.22.22
gateway-web	Run actions/setup-node@v4	2026-10-07T03:15:44.8275065Z ##[endgroup]
gateway-web	Run pnpm/action-setup@v4	﻿2026-10-07T03:15:44.8659378Z ##[group]Run pnpm/action-setup@v4
gateway-web	Run pnpm/action-setup@v4	2026-10-07T03:15:44.8659740Z with:
gateway-web	Run pnpm/action-setup@v4	2026-10-07T03:15:44.8659919Z   version: 11.19.0
gateway-web	Run pnpm/action-setup@v4	2026-10-07T03:15:44.8660118Z   dest: ~/setup-pnpm
gateway-web	Run pnpm/action-setup@v4	2026-10-07T03:15:44.8660318Z   run_install: null
gateway-web	Run pnpm/action-setup@v4	2026-10-07T03:15:44.8660491Z   cache: false
gateway-web	Run pnpm/action-setup@v4	2026-10-07T03:15:44.8660687Z   cache_dependency_path: pnpm-lock.yaml
gateway-web	Run pnpm/action-setup@v4	2026-10-07T03:15:44.8660961Z   package_json_file: package.json
gateway-web	Run pnpm/action-setup@v4	2026-10-07T03:15:44.8661971Z   standalone: false
gateway-web	Run pnpm/action-setup@v4	2026-10-07T03:15:44.8662158Z ##[endgroup]
gateway-web	Run pnpm/action-setup@v4	2026-10-07T03:15:45.0489358Z ##[group]Running self-installer...
gateway-web	Run pnpm/action-setup@v4	2026-10-07T03:15:45.5101731Z (node:4456) [DEP0169] DeprecationWarning: `url.parse()` behavior is not standardized and prone to errors that have security implications. Use the WHATWG URL API instead. CVEs are not issued for `url.parse()` vulnerabilities.
gateway-web	Run pnpm/action-setup@v4	2026-10-07T03:15:45.5103029Z (Use `node --trace-deprecation ...` to show where the warning was created)
gateway-web	Run pnpm/action-setup@v4	2026-10-07T03:15:45.7107311Z Progress: resolved 1, reused 0, downloaded 0, added 0
gateway-web	Run pnpm/action-setup@v4	2026-10-07T03:15:45.7211683Z Packages: +1
gateway-web	Run pnpm/action-setup@v4	2026-10-07T03:15:45.7212458Z +
gateway-web	Run pnpm/action-setup@v4	2026-10-07T03:15:46.9796034Z Progress: resolved 1, reused 0, downloaded 1, added 0
gateway-web	Run pnpm/action-setup@v4	2026-10-07T03:15:47.4543571Z Progress: resolved 1, reused 0, downloaded 1, added 1, done
gateway-web	Run pnpm/action-setup@v4	2026-10-07T03:15:47.5521054Z 
gateway-web	Run pnpm/action-setup@v4	2026-10-07T03:15:47.5521630Z dependencies:
gateway-web	Run pnpm/action-setup@v4	2026-10-07T03:15:47.5522102Z + pnpm 11.19.0 (12.9.1 is available)
gateway-web	Run pnpm/action-setup@v4	2026-10-07T03:15:47.5522414Z 
gateway-web	Run pnpm/action-setup@v4	2026-10-07T03:15:47.5637370Z Done in 2.3s
gateway-web	Run pnpm/action-setup@v4	2026-10-07T03:15:47.5883268Z ##[endgroup]
gateway-web	Run pnpm/action-setup@v4	2026-10-07T03:15:47.5884331Z Installation Completed!
gateway-web	Run pnpm install --frozen-lockfile	﻿2026-10-07T03:15:47.6264782Z ##[group]Run pnpm install --frozen-lockfile
gateway-web	Run pnpm install --frozen-lockfile	2026-10-07T03:15:47.6265234Z ^[[36;1mpnpm install --frozen-lockfile^[[0m
gateway-web	Run pnpm install --frozen-lockfile	2026-10-07T03:15:48.0016881Z shell: C:\Program Files\PowerShell\7\pwsh.EXE -command ". '{0}'"
gateway-web	Run pnpm install --frozen-lockfile	2026-10-07T03:15:48.0017356Z env:
gateway-web	Run pnpm install --frozen-lockfile	2026-10-07T03:15:48.0017704Z   PNPM_HOME: C:\Users\runneradmin\setup-pnpm\node_modules\.bin
gateway-web	Run pnpm install --frozen-lockfile	2026-10-07T03:15:48.0018140Z ##[endgroup]
gateway-web	Run pnpm install --frozen-lockfile	2026-10-07T03:15:49.8019823Z ? Verifying lockfile against supply-chain policies (39 entries)...
gateway-web	Run pnpm install --frozen-lockfile	2026-10-07T03:15:49.8094382Z Lockfile is up to date, resolution step is skipped
gateway-web	Run pnpm install --frozen-lockfile	2026-10-07T03:15:49.9898507Z Progress: resolved 1, reused 0, downloaded 0, added 0
gateway-web	Run pnpm install --frozen-lockfile	2026-10-07T03:15:50.0042632Z Packages: +38
gateway-web	Run pnpm install --frozen-lockfile	2026-10-07T03:15:50.0044281Z ++++++++++++++++++++++++++++++++++++++
gateway-web	Run pnpm install --frozen-lockfile	2026-10-07T03:15:50.5936763Z Packages are hard linked from the content-addressable store to the virtual store.
gateway-web	Run pnpm install --frozen-lockfile	2026-10-07T03:15:50.6025835Z   Content-addressable store is at: D:\.pnpm-store\v11
gateway-web	Run pnpm install --frozen-lockfile	2026-10-07T03:15:50.6042147Z   Virtual store is at:             node_modules/.pnpm
gateway-web	Run pnpm install --frozen-lockfile	2026-10-07T03:15:50.9115937Z Progress: resolved 38, reused 0, downloaded 38, added 38, done
gateway-web	Run pnpm install --frozen-lockfile	2026-10-07T03:15:50.9474010Z ✓ Lockfile passes supply-chain policies (39 entries in 1.1s)
gateway-web	Run pnpm install --frozen-lockfile	2026-10-07T03:15:50.9782056Z 
gateway-web	Run pnpm install --frozen-lockfile	2026-10-07T03:15:50.9782672Z dependencies:
gateway-web	Run pnpm install --frozen-lockfile	2026-10-07T03:15:50.9783109Z + bonjour-service 1.4.4
gateway-web	Run pnpm install --frozen-lockfile	2026-10-07T03:15:50.9783470Z + qrcode 1.5.4
gateway-web	Run pnpm install --frozen-lockfile	2026-10-07T03:15:50.9783784Z + ws 8.18.3
gateway-web	Run pnpm install --frozen-lockfile	2026-10-07T03:15:50.9783968Z 
gateway-web	Run pnpm install --frozen-lockfile	2026-10-07T03:15:50.9784117Z devDependencies:
gateway-web	Run pnpm install --frozen-lockfile	2026-10-07T03:15:50.9784793Z + playwright 1.55.1
gateway-web	Run pnpm install --frozen-lockfile	2026-10-07T03:15:50.9785032Z 
gateway-web	Run pnpm install --frozen-lockfile	2026-10-07T03:15:50.9928474Z Done in 2.5s using pnpm v11.19.0
gateway-web	Run pnpm --dir city install --frozen-lockfile	﻿2026-10-07T03:15:51.1956984Z ##[group]Run pnpm --dir city install --frozen-lockfile
gateway-web	Run pnpm --dir city install --frozen-lockfile	2026-10-07T03:15:51.1957488Z ^[[36;1mpnpm --dir city install --frozen-lockfile^[[0m
gateway-web	Run pnpm --dir city install --frozen-lockfile	2026-10-07T03:15:51.2027573Z shell: C:\Program Files\PowerShell\7\pwsh.EXE -command ". '{0}'"
gateway-web	Run pnpm --dir city install --frozen-lockfile	2026-10-07T03:15:51.2027940Z env:
gateway-web	Run pnpm --dir city install --frozen-lockfile	2026-10-07T03:15:51.2028219Z   PNPM_HOME: C:\Users\runneradmin\setup-pnpm\node_modules\.bin
gateway-web	Run pnpm --dir city install --frozen-lockfile	2026-10-07T03:15:51.2028556Z ##[endgroup]
gateway-web	Run pnpm --dir city install --frozen-lockfile	2026-10-07T03:15:52.1288925Z ? Verifying lockfile against supply-chain policies (41 entries)...
gateway-web	Run pnpm --dir city install --frozen-lockfile	2026-10-07T03:15:52.1356333Z Lockfile is up to date, resolution step is skipped
gateway-web	Run pnpm --dir city install --frozen-lockfile	2026-10-07T03:15:52.2201583Z Progress: resolved 1, reused 0, downloaded 0, added 0
gateway-web	Run pnpm --dir city install --frozen-lockfile	2026-10-07T03:15:52.2404256Z Packages: +31
gateway-web	Run pnpm --dir city install --frozen-lockfile	2026-10-07T03:15:52.2404988Z +++++++++++++++++++++++++++++++
gateway-web	Run pnpm --dir city install --frozen-lockfile	2026-10-07T03:15:53.2393950Z Progress: resolved 31, reused 0, downloaded 29, added 0
gateway-web	Run pnpm --dir city install --frozen-lockfile	2026-10-07T03:15:53.2837223Z Packages are hard linked from the content-addressable store to the virtual store.
gateway-web	Run pnpm --dir city install --frozen-lockfile	2026-10-07T03:15:53.2932873Z   Content-addressable store is at: D:\.pnpm-store\v11
gateway-web	Run pnpm --dir city install --frozen-lockfile	2026-10-07T03:15:53.2972519Z   Virtual store is at:             node_modules/.pnpm
gateway-web	Run pnpm --dir city install --frozen-lockfile	2026-10-07T03:15:53.3887056Z ✓ Lockfile passes supply-chain policies (41 entries in 1.2s)
gateway-web	Run pnpm --dir city install --frozen-lockfile	2026-10-07T03:15:53.7917447Z Progress: resolved 31, reused 0, downloaded 31, added 31, done
gateway-web	Run pnpm --dir city install --frozen-lockfile	2026-10-07T03:15:53.8412033Z 
gateway-web	Run pnpm --dir city install --frozen-lockfile	2026-10-07T03:15:53.8412760Z dependencies:
gateway-web	Run pnpm --dir city install --frozen-lockfile	2026-10-07T03:15:53.8413345Z + fflate 0.8.3
gateway-web	Run pnpm --dir city install --frozen-lockfile	2026-10-07T03:15:53.8413720Z + mammoth 1.12.2
gateway-web	Run pnpm --dir city install --frozen-lockfile	2026-10-07T03:15:53.8414115Z + pdfjs-dist 6.3.289
gateway-web	Run pnpm --dir city install --frozen-lockfile	2026-10-07T03:15:53.8414475Z + yaml 2.9.0
gateway-web	Run pnpm --dir city install --frozen-lockfile	2026-10-07T03:15:53.8414664Z 
gateway-web	Run pnpm --dir city install --frozen-lockfile	2026-10-07T03:15:53.8582555Z Done in 2.3s using pnpm v11.19.0
gateway-web	Run pnpm test	﻿2026-10-07T03:15:54.0150633Z ##[group]Run pnpm test
gateway-web	Run pnpm test	2026-10-07T03:15:54.0150937Z ^[[36;1mpnpm test^[[0m
gateway-web	Run pnpm test	2026-10-07T03:15:54.0219133Z shell: C:\Program Files\PowerShell\7\pwsh.EXE -command ". '{0}'"
gateway-web	Run pnpm test	2026-10-07T03:15:54.0219483Z env:
gateway-web	Run pnpm test	2026-10-07T03:15:54.0219740Z   PNPM_HOME: C:\Users\runneradmin\setup-pnpm\node_modules\.bin
gateway-web	Run pnpm test	2026-10-07T03:15:54.0220291Z ##[endgroup]
gateway-web	Run pnpm test	2026-10-07T03:15:54.8854581Z $ node --test tests/*.test.mjs
gateway-web	Run pnpm test	2026-10-07T03:15:55.3972548Z ✔ UXI-301 android: the Kotlin term table equals the contract EXACTLY, in both directions (16.5049ms)
gateway-web	Run pnpm test	2026-10-07T03:15:55.3974253Z ✔ UXI-301 android: the Kotlin state and action tables equal the contract (0.5706ms)
gateway-web	Run pnpm test	2026-10-07T03:15:55.3999844Z ✔ UXI-301 android: Kotlin severity agrees with the contract class wherever the class carries meaning (0.4386ms)
gateway-web	Run pnpm test	2026-10-07T03:15:55.4002116Z ✔ UXI-301 android: the parity guard would actually fail on drift (0.4469ms)
gateway-web	Run pnpm test	2026-10-07T03:15:55.4003855Z ✔ UXI-390: Android action wiring equals the web surface wiring map (1.0806ms)
gateway-web	Run pnpm test	2026-10-07T03:15:56.4536989Z ✔ Android UI evidence parser preserves single-quoted JSON and double-quoted attributes (11.8156ms)
gateway-web	Run pnpm test	2026-10-07T03:15:57.9723521Z ✔ a committed record from one embodiment is visible to another embodiment of the same assistant (11.0733ms)
gateway-web	Run pnpm test	2026-10-07T03:15:57.9725288Z ✔ two embodiments keep different local context while sharing one authoritative identity (2.3416ms)
gateway-web	Run pnpm test	2026-10-07T03:15:57.9727001Z ✔ disconnecting one embodiment does not terminate the assistant while another remains (1.1477ms)
gateway-web	Run pnpm test	2026-10-07T03:15:57.9728445Z ✔ embodiment-local transient state never leaks into shared state unless promoted (2.3126ms)
gateway-web	Run pnpm test	2026-10-07T03:15:57.9730453Z ✔ concurrent promotion attempts are settled by revision checks, not last-writer-wins (1.0872ms)
gateway-web	Run pnpm test	2026-10-07T03:15:57.9731785Z ✔ promotion is idempotent and rejects key reuse with a different payload (0.6996ms)
gateway-web	Run pnpm test	2026-10-07T03:15:57.9733232Z ✔ authoritative state never holds user identity, authority or raw secrets (1.2494ms)
gateway-web	Run pnpm test	2026-10-07T03:15:57.9734547Z ✔ disclosure is limited by audience and requested scopes (1.3468ms)
gateway-web	Run pnpm test	2026-10-07T03:15:57.9763420Z ✔ recovery keeps the logical assistant and its durable records across a restart (1.5676ms)
gateway-web	Run pnpm test	2026-10-07T03:15:57.9766219Z ✔ a process restart refuses old sessions and stale local scratch as authority (1.3011ms)
gateway-web	Run pnpm test	2026-10-07T03:15:57.9769145Z ✔ in-process recovery expires live sessions until the device re-fetches authority (1.0386ms)
gateway-web	Run pnpm test	2026-10-07T03:15:57.9770640Z ✔ one expired embodiment does not disturb the other embodiments of the same assistant (0.6328ms)
gateway-web	Run pnpm test	2026-10-07T03:15:57.9772040Z ✔ the assistant profile port is a versioned seam with a deterministic double (0.5827ms)
gateway-web	Run pnpm test	2026-10-07T03:15:57.9773399Z ✔ core contract flags state the one-identity-many-projections invariant (0.3311ms)
gateway-web	Run pnpm test	2026-10-07T03:15:57.9774679Z ✔ authority and user-identity state cannot be promoted under a different spelling (0.4706ms)
gateway-web	Run pnpm test	2026-10-07T03:15:57.9775969Z ✔ a raw secret cannot be promoted under a plural or camelCase spelling (0.2582ms)
gateway-web	Run pnpm test	2026-10-07T03:15:57.9777286Z ✔ an embodiment reference from a previous epoch never names a live embodiment (0.5674ms)
gateway-web	Run pnpm test	2026-10-07T03:15:57.9778951Z ✔ a tampered snapshot cannot install authority, a secret, an unpromotable scope or an unknown audience as truth (1.237ms)
gateway-web	Run pnpm test	2026-10-07T03:15:57.9780370Z ✔ a retry carrying a different payload is refused, not silently replayed (0.3106ms)
gateway-web	Run pnpm test	2026-10-07T03:15:58.4104300Z ✔ two assistants hold different duties and proactivity over one authorized user context (4.3051ms)
gateway-web	Run pnpm test	2026-10-07T03:15:58.4105938Z ✔ out-of-duty requests are refused or delegated without changing permissions (0.8761ms)
gateway-web	Run pnpm test	2026-10-07T03:15:58.4113381Z ✔ effective permission is the four-axis intersection and a lease never substitutes for it (1.844ms)
gateway-web	Run pnpm test	2026-10-07T03:15:58.4116412Z ✔ a handoff to a less-privileged assistant stays less privileged (0.777ms)
gateway-web	Run pnpm test	2026-10-07T03:15:58.4120104Z ✔ permission is recomputed after handoff, device change, reconnect and capability change (1.152ms)
gateway-web	Run pnpm test	2026-10-07T03:15:58.4123497Z ✔ proactivity levels bound initiative and notification audiences (0.8246ms)
gateway-web	Run pnpm test	2026-10-07T03:15:58.4129246Z ✔ the policy engine is strict, frozen, observable and independent (449.2396ms)
gateway-web	Run pnpm test	2026-10-07T03:15:58.4130793Z ✔ the deployment policy is validated and its ceiling cannot be removed (0.5791ms)
gateway-web	Run pnpm test	2026-10-07T03:15:58.4132314Z ✔ the confirmation floor comes from the deployment policy, not from the assistant (0.6557ms)
gateway-web	Run pnpm test	2026-10-07T03:15:58.4134832Z ✔ notification audiences are a list of references, not a substring match (0.7093ms)
gateway-web	Run pnpm test	2026-10-07T03:15:58.4136312Z ✔ a handoff payload cannot carry authority whatever its shape (1.0518ms)
gateway-web	Run pnpm test	2026-10-07T03:15:58.4137625Z ✔ the assistant axis is the registry own duty policy and the Core axes say so (0.5674ms)
gateway-web	Run pnpm test	2026-10-07T03:15:58.4139758Z ✔ an uninterpretable instant is refused rather than recorded (0.4432ms)
gateway-web	Run pnpm test	2026-10-07T03:15:58.4141032Z ✔ the duty gate is about the action, and a named duty only narrows it (0.5187ms)
gateway-web	Run pnpm test	2026-10-07T03:15:58.4142388Z ✔ a handoff carries the capability factor and reports relative privilege honestly (0.3787ms)
gateway-web	Run pnpm test	2026-10-07T03:15:58.4143798Z ✔ a lease must be unexpired and held here to count as execution safety (0.5253ms)
gateway-web	Run pnpm test	2026-10-07T03:15:58.4145281Z ✔ a recomputation supersedes the decisions it replaces, and ids are registry scoped (0.5392ms)
gateway-web	Run pnpm test	2026-10-07T03:15:58.5176360Z ✔ embodiment events are the canonical Assistant model and transport stays non-canonical (9.138ms)
gateway-web	Run pnpm test	2026-10-07T03:15:58.5237892Z ✔ contradictory commands from two devices cannot produce two exclusive side effects (4.69ms)
gateway-web	Run pnpm test	2026-10-07T03:15:58.5253966Z ✔ retries and replays with the same action key never duplicate the external side effect (1.8149ms)
gateway-web	Run pnpm test	2026-10-07T03:15:58.5257692Z ✔ lease expiry, revocation and reassignment are authoritative and observable (3.513ms)
gateway-web	Run pnpm test	2026-10-07T03:15:58.5277020Z ✔ after a disconnect nothing resumes on a stale local lease (3.4275ms)
gateway-web	Run pnpm test	2026-10-07T03:15:58.5287052Z ✔ output routing respects availability, foreground and privacy without broadcasting (2.0269ms)
gateway-web	Run pnpm test	2026-10-07T03:15:58.5297062Z ✔ the bus is strict, frozen and free of ambient state (1.1122ms)
gateway-web	Run pnpm test	2026-10-07T03:15:58.5299510Z ✔ the canonical contract allow-list is decided by own keys (0.3955ms)
gateway-web	Run pnpm test	2026-10-07T03:15:58.5300761Z ✔ a caller instant must be real, not merely well shaped (0.7696ms)
gateway-web	Run pnpm test	2026-10-07T03:15:58.5307732Z ✔ the bus policy bounds are validated rather than trusted (0.7936ms)
gateway-web	Run pnpm test	2026-10-07T03:15:58.5310954Z ✔ a reconnecting device never revives a lease another holder has taken over (0.984ms)
gateway-web	Run pnpm test	2026-10-07T03:15:58.5313040Z ✔ an action key stays the same action across renewal and reassignment (0.5161ms)
gateway-web	Run pnpm test	2026-10-07T03:15:58.5314532Z ✔ renewal retires the previous lease reference instead of aliasing it (0.4955ms)
gateway-web	Run pnpm test	2026-10-07T03:15:58.5316006Z ✔ authority is never anonymous: acting on a lease needs the holder it names (0.8597ms)
gateway-web	Run pnpm test	2026-10-07T03:15:58.5317369Z ✔ an expired lease cannot be revived with a backdated instant (0.9696ms)
gateway-web	Run pnpm test	2026-10-07T03:15:58.5318665Z ✔ reconciliation requires an authoritative lease inventory (0.9386ms)
gateway-web	Run pnpm test	2026-10-07T03:15:58.5327848Z ✔ routing never delivers to a device the bus knows is disconnected (0.4591ms)
gateway-web	Run pnpm test	2026-10-07T03:15:58.5329817Z ✔ staleness and replay absorption do not depend on an optional command reference (0.7677ms)
gateway-web	Run pnpm test	2026-10-07T03:15:58.5331214Z ✔ a refused reconciliation grants no authority (0.8038ms)
gateway-web	Run pnpm test	2026-10-07T03:15:58.5334806Z ✔ the canonical event carries the declared identity and transport correlation (0.5444ms)
gateway-web	Run pnpm test	2026-10-07T03:15:58.5355770Z ✔ an envelope field is validated and used exactly once (0.4197ms)
gateway-web	Run pnpm test	2026-10-07T03:15:58.5357567Z ✔ exclusivity is a boolean grant, not a truthy flag (0.6619ms)
gateway-web	Run pnpm test	2026-10-07T03:15:58.5358890Z ✔ an instant helper that guards decisions is not shape-only (0.187ms)
gateway-web	Run pnpm test	2026-10-07T03:15:58.8161939Z ✔ an embodiment descriptor references Remote Fabric identity and never mints its own (19.077ms)
gateway-web	Run pnpm test	2026-10-07T03:15:58.8165087Z ✔ a device without cross-device identity is representable, and says so (1.5761ms)
gateway-web	Run pnpm test	2026-10-07T03:15:58.8170313Z ✔ descriptor vocabularies are closed and unknown values are refused (2.1799ms)
gateway-web	Run pnpm test	2026-10-07T03:15:58.8179330Z ✔ one logical assistant inhabits PC and Android at the same time (2.1829ms)
gateway-web	Run pnpm test	2026-10-07T03:15:58.8186895Z ✔ a device refuses a second simultaneous foreground assistant (1.2408ms)
gateway-web	Run pnpm test	2026-10-07T03:15:58.8195057Z ✔ detaching the foreground assistant releases the binding (0.599ms)
gateway-web	Run pnpm test	2026-10-07T03:15:58.8196683Z ✔ foreground A->B switches cleanly and releases the outgoing local context (1.6089ms)
gateway-web	Run pnpm test	2026-10-07T03:15:58.8197917Z ✔ a stale foreground view cannot take the device over (1.0324ms)
gateway-web	Run pnpm test	2026-10-07T03:15:58.8199283Z ✔ a foreground switch leaves an unrelated background task owned, executing and uncancelled (22.7573ms)
gateway-web	Run pnpm test	2026-10-07T03:15:58.8200816Z ✔ device-local context stays per-device and never becomes authoritative (1.5511ms)
gateway-web	Run pnpm test	2026-10-07T03:15:58.8202215Z ✔ binding reconstructs from authoritative state after a restart (2.426ms)
gateway-web	Run pnpm test	2026-10-07T03:15:58.8203556Z ✔ a reconnecting device is refused when its local belief disagrees with authority (1.1617ms)
gateway-web	Run pnpm test	2026-10-07T03:15:58.8204907Z ✔ one assistant on many devices keeps each device independent (0.5446ms)
gateway-web	Run pnpm test	2026-10-07T03:15:58.8206198Z ✔ duplicate device identity and unknown embodiments are refused (1.7642ms)
gateway-web	Run pnpm test	2026-10-07T03:15:58.8207934Z ✔ undeclared keys inherited from Object.prototype are refused, and a prototype key never is a descriptor field (2.0615ms)
gateway-web	Run pnpm test	2026-10-07T03:15:58.8209851Z ✔ a competing physical-device identity is refused in every spelling (2.6789ms)
gateway-web	Run pnpm test	2026-10-07T03:15:58.8211069Z ✔ a foreground binding reference is never re-issued across a restart (7.2203ms)
gateway-web	Run pnpm test	2026-10-07T03:15:58.8212189Z ✔ a physical device cannot be claimed twice, including by refreshing an unidentified embodiment (0.8241ms)
gateway-web	Run pnpm test	2026-10-07T03:15:58.8212989Z ✔ the single-foreground invariant is derived from physical device identity (0.917ms)
gateway-web	Run pnpm test	2026-10-07T03:15:58.8213663Z ✔ a restored binding keeps its recovery provenance on every later read (0.6607ms)
gateway-web	Run pnpm test	2026-10-07T03:15:58.8214364Z ✔ the foreground compare-and-set token is the binding reference, not the assistant (0.573ms)
gateway-web	Run pnpm test	2026-10-07T03:15:58.8215308Z ✔ re-attaching with a different session is a session change, not an idempotent repeat (0.6268ms)
gateway-web	Run pnpm test	2026-10-07T03:15:58.8313165Z ✔ switching the foreground assistant touches no task (4.4809ms)
gateway-web	Run pnpm test	2026-10-07T03:15:58.8323741Z ✔ a handoff carries responsibility and never authority (4.6909ms)
gateway-web	Run pnpm test	2026-10-07T03:15:58.8327253Z ✔ a true transfer needs acceptance and leaves exactly one authoritative owner (1.9923ms)
gateway-web	Run pnpm test	2026-10-07T03:15:58.8329743Z ✔ an explicit executor move is carried by the handoff and recorded separately (0.5665ms)
gateway-web	Run pnpm test	2026-10-07T03:15:58.8331193Z ✔ a rejected or expired handoff leaves the authoritative owner unchanged (1.0324ms)
gateway-web	Run pnpm test	2026-10-07T03:15:58.8333274Z ✔ a consultation transfers nothing even when accepted (0.4151ms)
gateway-web	Run pnpm test	2026-10-07T03:15:58.8334949Z ✔ the handoff package is strict, idempotent and refuses terminal or foreign tasks (2.242ms)
gateway-web	Run pnpm test	2026-10-07T03:15:58.8336524Z ✔ unknown fields are refused even when named after Object.prototype members (1.2023ms)
gateway-web	Run pnpm test	2026-10-07T03:15:58.8337978Z ✔ a non-enumerable own authority field cannot evade the authority scan (3.9786ms)
gateway-web	Run pnpm test	2026-10-07T03:15:58.8339319Z ✔ a stale concurrent handoff cannot take ownership from a new owner (2.1266ms)
gateway-web	Run pnpm test	2026-10-07T03:15:58.8340756Z ✔ recipient authority is recomputed at takeover, not reused from proposal time (0.6999ms)
gateway-web	Run pnpm test	2026-10-07T03:15:58.8342150Z ✔ a policy lookup is own-key only, never through the prototype chain (0.5135ms)
gateway-web	Run pnpm test	2026-10-07T03:15:58.8343574Z ✔ a re-proposal under a live id is only a duplicate when it says the same thing (0.9747ms)
gateway-web	Run pnpm test	2026-10-07T03:15:58.8346088Z ✔ transition timestamps must be real instants at or after the proposal (0.919ms)
gateway-web	Run pnpm test	2026-10-07T03:15:58.8347668Z ✔ a cyclic or over-deep handoff is refused, never a stack overflow (1.0283ms)
gateway-web	Run pnpm test	2026-10-07T03:15:58.8349098Z ✔ a calendar-impossible instant is refused, not merely shape-checked (0.323ms)
gateway-web	Run pnpm test	2026-10-07T03:15:58.8350502Z ✔ the switch report does not invent the outgoing assistant's presence (0.2338ms)
gateway-web	Run pnpm test	2026-10-07T03:15:58.8351977Z ✔ a refusal that cannot be explained is not half-applied (0.8431ms)
gateway-web	Run pnpm test	2026-10-07T03:15:58.8353141Z ✔ a transfer must declare the capabilities the recipient is judged against (0.5468ms)
gateway-web	Run pnpm test	2026-10-07T03:15:58.8354646Z ✔ the task store double does not leak or alias canonical state (0.3539ms)
gateway-web	Run pnpm test	2026-10-07T03:15:58.8355877Z ✔ a versioned task refuses a handoff built against another version (1.32ms)
gateway-web	Run pnpm test	2026-10-07T03:15:59.0399468Z ✔ assistants are listed and selected, with the five identity roles kept distinct (21.3277ms)
gateway-web	Run pnpm test	2026-10-07T03:15:59.0407553Z ✔ profile changes propagate as committed shared state and never touch Digital-Me or tasks (2.4249ms)
gateway-web	Run pnpm test	2026-10-07T03:15:59.0422945Z ✔ foreground switching is a UI operation that transfers nothing (3.5416ms)
gateway-web	Run pnpm test	2026-10-07T03:15:59.0456443Z ✔ stale, offline and reconnecting embodiments are surfaced and never shown as authority (2.114ms)
gateway-web	Run pnpm test	2026-10-07T03:15:59.0462758Z ✔ reserved voice/avatar adapters exist as adapters without being required now (1.6345ms)
gateway-web	Run pnpm test	2026-10-07T03:15:59.0468849Z ✔ the surface is strict, frozen and independent of ambient state (2.2541ms)
gateway-web	Run pnpm test	2026-10-07T03:15:59.0484047Z ✔ an editable field carries the kind of value its name promises (1.8233ms)
gateway-web	Run pnpm test	2026-10-07T03:15:59.0495773Z ✔ a change the surface cannot read is refused rather than dropped (0.8467ms)
gateway-web	Run pnpm test	2026-10-07T03:15:59.0498324Z ✔ the version guard is not switchable off by policy (1.0476ms)
gateway-web	Run pnpm test	2026-10-07T03:15:59.0499567Z ✔ re-registering a device never discards the binding the user chose (1.4653ms)
gateway-web	Run pnpm test	2026-10-07T03:15:59.0509426Z ✔ a task the surface cannot read is reported, not hidden (0.8976ms)
gateway-web	Run pnpm test	2026-10-07T03:15:59.0527070Z ✔ the committed-update cursor must be a version and the instants must be real (0.7083ms)
gateway-web	Run pnpm test	2026-10-07T03:15:59.0551645Z ✔ freshness needs a recent observation, not only a declared state (1.2566ms)
gateway-web	Run pnpm test	2026-10-07T03:15:59.0553683Z ✔ every projection of a device gives the same freshness answer (0.3454ms)
gateway-web	Run pnpm test	2026-10-07T03:15:59.0559430Z ✔ a committed update carries the change, the previous values and the actor (0.7268ms)
gateway-web	Run pnpm test	2026-10-07T03:15:59.0566848Z ✔ a handoff or a provisional switch is never taken from a cached view (0.5479ms)
gateway-web	Run pnpm test	2026-10-07T03:15:59.0579029Z ✔ a task foreground flag is a boolean and its role reflects the data (0.4255ms)
gateway-web	Run pnpm test	2026-10-07T03:15:59.0584051Z ✔ an untypeable value is refused before anything is recorded (0.6086ms)
gateway-web	Run pnpm test	2026-10-07T03:15:59.1080400Z ✔ one authoritative task is shared by every embodiment — never duplicated per device (4.4921ms)
gateway-web	Run pnpm test	2026-10-07T03:15:59.1082739Z ✔ ownership is logical, execution is physical — sessions and devices are never the owner (3.0753ms)
gateway-web	Run pnpm test	2026-10-07T03:15:59.1084346Z ✔ mutations are versioned and typed, and conflicting updates keep a causal audit trail (2.567ms)
gateway-web	Run pnpm test	2026-10-07T03:15:59.1086750Z ✔ foreground switching never changes owner, coordinator or executor (0.6831ms)
gateway-web	Run pnpm test	2026-10-07T03:15:59.1088434Z ✔ ownership moves only through an explicit accepted handoff, and never restarts the executor (2.6244ms)
gateway-web	Run pnpm test	2026-10-07T03:15:59.1091193Z ✔ an exclusive side effect can never have two simultaneous valid executors (1.4489ms)
gateway-web	Run pnpm test	2026-10-07T03:15:59.1092820Z ✔ device release suspends the lease, never orphans a task and never moves ownership (1.4506ms)
gateway-web	Run pnpm test	2026-10-07T03:15:59.1095619Z ✔ every contract surface is closed, frozen and free of ambient state (0.8641ms)
gateway-web	Run pnpm test	2026-10-07T03:15:59.1102883Z ✔ the canonical contract allow-list is decided by own keys (0.5305ms)
gateway-web	Run pnpm test	2026-10-07T03:15:59.1106078Z ✔ a hidden authority field in a handoff is found, and a cycle does not crash the scan (0.7763ms)
gateway-web	Run pnpm test	2026-10-07T03:15:59.1107654Z ✔ a caller instant must be real, not merely well shaped (0.6778ms)
gateway-web	Run pnpm test	2026-10-07T03:15:59.1108488Z ✔ a refused patch changes nothing (0.7619ms)
gateway-web	Run pnpm test	2026-10-07T03:15:59.1109529Z ✔ a released executor must revalidate its lease instead of re-issuing it (1.2895ms)
gateway-web	Run pnpm test	2026-10-07T03:15:59.1110702Z ✔ an exclusive side effect cannot complete without a lease (1.2309ms)
gateway-web	Run pnpm test	2026-10-07T03:15:59.1111763Z ✔ a refused foreground change leaves the binding untouched (0.8971ms)
gateway-web	Run pnpm test	2026-10-07T03:15:59.1113284Z ✔ a device release never rewrites a settled task, and a handoff checkpoint is text (1.1275ms)
gateway-web	Run pnpm test	2026-10-07T03:15:59.1152121Z ✔ Windows manufacturer payload prefixes locator with canonical UUID bytes (1.9457ms)
gateway-web	Run pnpm test	2026-10-07T03:15:59.1165645Z ✔ BLE locator contains exactly version IPv4 and big-endian port (1.9253ms)
gateway-web	Run pnpm test	2026-10-07T03:15:59.1239932Z ✔ non-Windows adapter reports software platform error rather than hardware evidence (1.7224ms)
gateway-web	Run pnpm test	2026-10-07T03:15:59.9076322Z ✔ theme artifact store degrades on an uncreatable root and refuses typed instead of throwing (6.6073ms)
gateway-web	Run pnpm test	2026-10-07T03:15:59.9081369Z ✔ a store that breaks after startup is recorded, and losing it cannot erase a finished build (3.9164ms)
gateway-web	Run pnpm test	2026-10-07T03:16:04.3275710Z ✔ a file at the theme-packages path leaves the City serving and the theme lab typed-failed (4399.54ms)
gateway-web	Run pnpm test	2026-10-07T03:16:04.8517543Z ✔ degrading the artifact store blocks only the theme lab, never the capability registry (566.0731ms)
gateway-web	Run pnpm test	2026-10-07T03:16:07.6507103Z ✔ a store that breaks while the City runs is reported in health, not only after a restart (3255.9865ms)
gateway-web	Run pnpm test	2026-10-07T03:16:07.6657557Z ✔ a fresh profile is fully normalized, descriptive and authority-free (11.4267ms)
gateway-web	Run pnpm test	2026-10-07T03:16:07.6658657Z ✔ partially specified ports receive safe defaults (1.2136ms)
gateway-web	Run pnpm test	2026-10-07T03:16:07.6659871Z ✔ two assistant identities hold independent profiles and relationship modes at the same time (27.1712ms)
gateway-web	Run pnpm test	2026-10-07T03:16:07.6661435Z ✔ a relationship change on one assistant never leaks into another assistant or its bundle (1.5095ms)
gateway-web	Run pnpm test	2026-10-07T03:16:07.6662804Z ✔ several assistant identities can be online at once and presence is idempotent (1.1352ms)
gateway-web	Run pnpm test	2026-10-07T03:16:07.6664888Z ✔ a duplicate assistant id is refused and leaves state untouched (0.6582ms)
gateway-web	Run pnpm test	2026-10-07T03:16:07.6665548Z ✔ minted assistant ids are stable, unique and honestly labelled (0.9007ms)
gateway-web	Run pnpm test	2026-10-07T03:16:07.6666244Z ✔ profiles reject embedded permission grants, execution leases and authority fields (1.1667ms)
gateway-web	Run pnpm test	2026-10-07T03:16:07.6667015Z ✔ extension namespaces cannot smuggle Digital-Me or authority namespaces (1.7103ms)
gateway-web	Run pnpm test	2026-10-07T03:16:07.6667724Z ✔ schema version and port shape are validated instead of silently accepted (1.0159ms)
gateway-web	Run pnpm test	2026-10-07T03:16:07.6668382Z ✔ unknown future attributes migrate forward without losing data (4.0046ms)
gateway-web	Run pnpm test	2026-10-07T03:16:07.6669003Z ✔ a rejected write is a no-op and schema_version cannot be patched (1.7608ms)
gateway-web	Run pnpm test	2026-10-07T03:16:07.6669626Z ✔ a stale profile write is refused instead of silently overwriting (0.8503ms)
gateway-web	Run pnpm test	2026-10-07T03:16:07.6670310Z ✔ export and import restore durable assistant state after a simulated restart (1.9457ms)
gateway-web	Run pnpm test	2026-10-07T03:16:07.6670993Z ✔ replace import touches only the target assistant and bumps its revision (1.052ms)
gateway-web	Run pnpm test	2026-10-07T03:16:07.6671720Z ✔ import rejects Digital-Me data, authority fields and malformed bundles atomically (3.6704ms)
gateway-web	Run pnpm test	2026-10-07T03:16:07.6672450Z ✔ reset restores safe defaults for one assistant without touching the others (2.0706ms)
gateway-web	Run pnpm test	2026-10-07T03:16:07.6673122Z ✔ duty labels describe a role and never grant the corresponding action (1.3555ms)
gateway-web	Run pnpm test	2026-10-07T03:16:07.6673730Z ✔ the personalization surface never writes Digital-Me state (0.8485ms)
gateway-web	Run pnpm test	2026-10-07T03:16:07.6674326Z ✔ identity lifecycle errors are typed and presence is cleaned up (2.0371ms)
gateway-web	Run pnpm test	2026-10-07T03:16:07.6674925Z ✔ applyProfilePatch merges one port level and replaces arrays (0.882ms)
gateway-web	Run pnpm test	2026-10-07T03:16:07.6675476Z ✔ the published schema matches the runtime contract (0.7581ms)
gateway-web	Run pnpm test	2026-10-07T03:16:07.6676349Z ✔ a profile patch cannot rewrite a prototype or inject a hidden property (0.7513ms)
gateway-web	Run pnpm test	2026-10-07T03:16:07.6677049Z ✔ the Zone patch path is closed to prototype injection and leaves state untouched (0.4687ms)
gateway-web	Run pnpm test	2026-10-07T03:16:07.6677681Z ✔ a rejected patch leaves the stored profile byte-identical (0.5083ms)
gateway-web	Run pnpm test	2026-10-07T03:16:07.6678234Z ✔ inherited property names are not declared port fields (1.3478ms)
gateway-web	Run pnpm test	2026-10-07T03:16:07.6679654Z ✔ reserved keys are refused at every depth of a stored profile document (0.4309ms)
gateway-web	Run pnpm test	2026-10-07T03:16:07.6680362Z ✔ a bundle refuses a reserved key anywhere, including inside an extension value (0.6028ms)
gateway-web	Run pnpm test	2026-10-07T03:16:07.6681015Z ✔ a reserved key cannot be registered as a personalization port (0.4453ms)
gateway-web	Run pnpm test	2026-10-07T03:16:07.6681705Z ✔ the published schema states the reserved-prototype-key rule the runtime enforces (0.5234ms)
gateway-web	Run pnpm test	2026-10-07T03:16:11.6988428Z ✔ document bytes flow through real readers and into temporary knowledge (12341.9816ms)
gateway-web	Run pnpm test	2026-10-07T03:16:11.6994730Z ✔ evidence review is deterministic and tampering never gets rehashed (8.8537ms)
gateway-web	Run pnpm test	2026-10-07T03:16:11.6996447Z ✔ theme generation returns a reproducible PNG and validation (69.9796ms)
gateway-web	Run pnpm test	2026-10-07T03:16:11.7001112Z ✔ future promoted module stays pending and all five existing adapters still execute (28.1805ms)
gateway-web	Run pnpm test	2026-10-07T03:16:11.7003618Z ✔ malformed and oversized inputs have explicit refusals (24.4873ms)
gateway-web	Run pnpm test	2026-10-07T03:16:11.7264486Z ✔ dependency failure degrades the same descriptor used to gate invocations (446.19ms)
gateway-web	Run pnpm test	2026-10-07T03:16:11.7265612Z ✔ capabilities use control auth, canonical results, typed refusal and durable history (1363.3244ms)
gateway-web	Run pnpm test	2026-10-07T03:16:11.7266705Z ✔ the per-capability degradation latch is owned by the migrated provider-resilience breaker (432.3908ms)
gateway-web	Run pnpm test	2026-10-07T03:16:31.8505173Z ✔ old SQLite results migrate without changing identity, digest or metadata, including restart (326.213ms)
gateway-web	Run pnpm test	2026-10-07T03:16:31.8506874Z ✔ migration fails closed and rolls back earlier rows when legacy history is corrupt (363.3407ms)
gateway-web	Run pnpm test	2026-10-07T03:16:31.8508245Z ✔ 560 large legacy results keep 500 summaries and 50 details; new saves remain bounded (29106.3751ms)
gateway-web	Run pnpm test	2026-10-07T03:16:33.2899562Z ✔ city and list APIs send summaries only, enforce limits and retrieve individual details (1438.0971ms)
gateway-web	Run pnpm test	2026-10-07T03:16:45.2604955Z ✔ a long running invocation survives pruning and its completion remains readable (11972.0872ms)
gateway-web	Run pnpm test	2026-10-07T03:16:45.2749635Z ✔ qualified identities keep duplicate names independent and cannot replace missing dependencies (5.5793ms)
gateway-web	Run pnpm test	2026-10-07T03:16:45.2751459Z ✔ registry restricts mixed module lifecycle and exposes every dependency lifecycle (3.214ms)
gateway-web	Run pnpm test	2026-10-07T03:16:45.2754067Z ✔ unbridged duplicate module names receive different qualified capability IDs (1.2048ms)
gateway-web	Run pnpm test	2026-10-07T03:16:45.2755513Z ✔ Theme advertises implemented generate and build operations and refuses validate (1.2052ms)
gateway-web	Run pnpm test	2026-10-07T03:16:45.2756840Z ✔ infrastructure modules are never advertised as capabilities (0.8558ms)
gateway-web	Run pnpm test	2026-10-07T03:16:45.2758890Z ✔ CEX701 owner sees canonical clone findings and explicitly recovers unbound installation without deleting other devices (9910.2314ms)
gateway-web	Run pnpm test	2026-10-07T03:16:45.2762806Z ✔ CEX701 session sees only own installation and actionable owner guidance; rebind and cross-revoke stay forbidden (2793.9328ms)
gateway-web	Run pnpm test	2026-10-07T03:16:45.2764632Z ✔ CEX701 recovery selection and owner confirmation do not survive credential changes (2851.3874ms)
gateway-web	Run pnpm test	2026-10-07T03:16:45.2766452Z ✔ CEX702 ordinary Web choice records a single decline, hands off and returns actual result to same surface (20225.1143ms)
gateway-web	Run pnpm test	2026-10-07T03:16:45.2768536Z ✔ CEX702 strict target and no alternate have explicit canonical refusal without conflicting mutation (81.9354ms)
gateway-web	Run pnpm test	2026-10-07T03:16:45.2771229Z ✔ CEX702 backend rejects stale decisions and withdrawn/offline alternates using current City truth (46.5599ms)
gateway-web	Run pnpm test	2026-10-07T03:16:45.2772833Z ✔ CEX702 legacy decline does not authorize a stale explicit alternate replay (42.6369ms)
gateway-web	Run pnpm test	2026-10-07T03:16:45.2774717Z ✔ CEX703 fresh user opens live catalog without failed Ask and selection never executes (2839.4603ms)
gateway-web	Run pnpm test	2026-10-07T03:16:45.2776234Z ✔ CEX703 catalog action follows existing confirmation before any City task exists (2502.2687ms)
gateway-web	Run pnpm test	2026-10-07T03:16:45.2779830Z ✔ CEX703 uncertain selected-request retry preserves exact selection and idempotency key (2382.132ms)
gateway-web	Run pnpm test	2026-10-07T03:16:45.2781641Z ✔ CEX704 guarded native generation keeps active session fixed and requires fresh terminal state (155.5365ms)
gateway-web	Run pnpm test	2026-10-07T03:16:45.2784170Z ✔ CEX705 canonical scoped management preserves rename/sharing/message/revoke authority and reconnect identity (260.2687ms)
gateway-web	Run pnpm test	2026-10-07T03:16:45.2789245Z ✔ CEX790 current audit includes reversed routes, owner controls, catalogs and branch-scoped YAML candidates (824.8326ms)
gateway-web	Run pnpm test	2026-10-07T03:16:45.2793588Z ✔ each member sees itself first and all City devices by admission name, with real message receipt (4472.939ms)
gateway-web	Run pnpm test	2026-10-07T03:16:45.2795923Z ✔ real joined devices retain names, appear beside the host and may register only their own worker (239.2494ms)
gateway-web	Run pnpm test	2026-10-07T03:16:45.2798038Z ✔ two members exchange messages with explicit receipt and sender identity cannot be forged (113.7834ms)
gateway-web	Run pnpm test	2026-10-07T03:16:45.2799720Z ✔ member B actually computes a task from A; disabling sharing and revoke prevents further claims (304.2923ms)
gateway-web	Run pnpm test	2026-10-07T03:16:45.2801409Z ✔ new admission cannot take the host or an existing member identity, even with a valid short code (94.2293ms)
gateway-web	Run pnpm test	2026-10-07T03:16:45.2803163Z ✔ an active browser session refresh actually extends expiry while preserving its installation scope (88.4064ms)
gateway-web	Run pnpm test	2026-10-07T03:16:45.2805629Z ✔ local primary control surface can switch only its own computing resources (113.09ms)
gateway-web	Run pnpm test	2026-10-07T03:16:45.2807162Z ✔ custom City name is canonical across snapshot, pairing, discovery descriptor and restart (115.1023ms)
gateway-web	Run pnpm test	2026-10-07T03:16:45.2808970Z ✔ Settings changes the visible City name and keeps editing stable across snapshots (6091.5655ms)
gateway-web	Run pnpm test	2026-10-07T03:16:45.2810460Z ✔ Road rejects missing array elements instead of producing null serialized entries (2.8559ms)
gateway-web	Run pnpm test	2026-10-07T03:16:45.2812905Z ✔ Road preserves section order, deterministic IDs and explicit temporary unverified ownership (0.9332ms)
gateway-web	Run pnpm test	2026-10-07T03:16:45.2815386Z ✔ Road accepts empty documents and preserves empty heading and text without coercion (0.2424ms)
gateway-web	Run pnpm test	2026-10-07T03:16:45.2816809Z ✔ Road refuses malformed document boundaries and never accepts caller trust injection (0.376ms)
gateway-web	Run pnpm test	2026-10-07T03:16:45.2818541Z ✔ Road output validation rejects permanence, trust escalation and reordered IDs (0.221ms)
gateway-web	Run pnpm test	2026-10-07T03:16:45.2820033Z ✔ Bridge Road extraction preserves all six published document retrieval digests (458.6019ms)
gateway-web	Run pnpm test	2026-10-07T03:16:45.2821670Z ✔ the canonical store refuses to start the City, with a typed refusal that names the path and the reason (8.622ms)
gateway-web	Run pnpm test	2026-10-07T03:16:45.2823330Z ✔ a corrupted canonical database is refused the same typed way, not as a raw sqlite failure (3.5559ms)
gateway-web	Run pnpm test	2026-10-07T03:16:45.2825099Z ✔ CONTROL: a healthy runtime starts the City, so the refusals above are about the store and not the fixture (44.5157ms)
gateway-web	Run pnpm test	2026-10-07T03:16:45.2826901Z ✔ scope: local, lan, remote and unknown are distinguished, and an address we hold is never called "nearby" (1.3665ms)
gateway-web	Run pnpm test	2026-10-07T03:16:45.2828615Z ✔ the list always contains this machine, and offers to use it (1.3202ms)
gateway-web	Run pnpm test	2026-10-07T03:16:45.2829814Z ✔ the list is NOT fixed at two: any number of PCs is listed, in one list (10.687ms)
gateway-web	Run pnpm test	2026-10-07T03:16:45.2831099Z ✔ each PC offers the actions that make sense for it, and none that do not (1.0585ms)
gateway-web	Run pnpm test	2026-10-07T03:16:45.2832645Z ✔ a remembered PC that discovery did NOT find is still listed, because that is when the address matters (0.6085ms)
gateway-web	Run pnpm test	2026-10-07T03:16:45.2834144Z ✔ discovery and memory overlap constantly, and a PC is never listed twice (0.3293ms)
gateway-web	Run pnpm test	2026-10-07T03:16:45.2835642Z ✔ the recommendation is attached to a row, so the list and the recommendation cannot disagree (0.3516ms)
gateway-web	Run pnpm test	2026-10-07T03:16:45.2838655Z ✔ a machine with no telemetry is marked as thin evidence rather than being scored as if it were measured (0.363ms)
gateway-web	Run pnpm test	2026-10-07T03:16:45.2840227Z ✔ row count is bounded and the discarded overlap is stated rather than silently dropped (1.1769ms)
gateway-web	Run pnpm test	2026-10-07T03:16:45.2841722Z ✔ the fallback channels are DESCRIBED, not moved: the entry controls stay where the app renders them (1.0518ms)
gateway-web	Run pnpm test	2026-10-07T03:16:45.2844348Z ✔ rendering is escaped and carries its action as data (0.3516ms)
gateway-web	Run pnpm test	2026-10-07T03:16:45.2846485Z ✔ an empty world renders an honest sentence, not an empty list (0.1613ms)
gateway-web	Run pnpm test	2026-10-07T03:16:45.2849600Z ✔ capability summaries report only what was measured, and say unknown when nothing was (0.1759ms)
gateway-web	Run pnpm test	2026-10-07T03:16:45.2852818Z ✔ different assistants receive different authorized scopes from the same Digital-Me (5.7097ms)
gateway-web	Run pnpm test	2026-10-07T03:16:45.2855424Z ✔ a denied scope is a typed refusal with no partial leakage (0.6158ms)
gateway-web	Run pnpm test	2026-10-07T03:16:45.2856914Z ✔ assistant profile and relationship changes never change canonical records (0.9142ms)
gateway-web	Run pnpm test	2026-10-07T03:16:45.2858456Z ✔ a private fact is not surfaced through another audience without disclosure authorization (1.8312ms)
gateway-web	Run pnpm test	2026-10-07T03:16:45.2859809Z ✔ cross-assistant private memory is never visible to another assistant (0.4009ms)
gateway-web	Run pnpm test	2026-10-07T03:16:45.2860991Z ✔ least data by default, with values only when the purpose needs them (0.8534ms)
gateway-web	Run pnpm test	2026-10-07T03:16:45.2862384Z ✔ stale context is reported rather than served, and device-ephemeral context is never durable (0.8467ms)
gateway-web	Run pnpm test	2026-10-07T03:16:45.2863767Z ✔ every projection carries provenance, and the surface is strict (0.5299ms)
gateway-web	Run pnpm test	2026-10-07T03:16:45.2864881Z ✔ record fields named after Object.prototype members are refused (0.732ms)
gateway-web	Run pnpm test	2026-10-07T03:16:45.2865952Z ✔ a replayed or future-dated record is never served as current (0.924ms)
gateway-web	Run pnpm test	2026-10-07T03:16:45.2867346Z ✔ a policy grant is read from the policy itself, never from the prototype chain (0.9565ms)
gateway-web	Run pnpm test	2026-10-07T03:16:45.2871996Z ✔ a SENSITIVE record is not released like an ordinary one (0.8791ms)
gateway-web	Run pnpm test	2026-10-07T03:16:45.2873534Z ✔ a cyclic or over-deep record is a typed refusal, not a stack overflow (0.6378ms)
gateway-web	Run pnpm test	2026-10-07T03:16:45.2875120Z ✔ a calendar-impossible instant is refused, not merely shape-checked (0.2662ms)
gateway-web	Run pnpm test	2026-10-07T03:16:45.2877044Z ✔ a record must be a bare own-property object (0.3355ms)
gateway-web	Run pnpm test	2026-10-07T03:16:45.2879437Z ✔ assistant-private memory belongs to the assistant that owns it (0.4524ms)
gateway-web	Run pnpm test	2026-10-07T03:16:45.2883768Z ✔ the port hands out copies, and refuses two records under one id (0.4501ms)
gateway-web	Run pnpm test	2026-10-07T03:16:45.2885601Z ✔ a malformed record refuses the whole query before anything is assembled (0.6797ms)
gateway-web	Run pnpm test	2026-10-07T03:16:45.2889023Z ✔ the gateway does not read authority from a live policy object (0.4746ms)
gateway-web	Run pnpm test	2026-10-07T03:16:45.2890712Z ✔ values are released only for an explicit includeValues boolean (1.1595ms)
gateway-web	Run pnpm test	2026-10-07T03:16:45.2894664Z ✔ device-ephemeral context cannot smuggle durable or sensitive facts (0.6146ms)
gateway-web	Run pnpm test	2026-10-07T03:16:45.2896840Z ✔ one attention_id is one logical question however many projections it carries (2.618ms)
gateway-web	Run pnpm test	2026-10-07T03:16:45.2898105Z ✔ the current interaction device always carries the actionable projection (1.1428ms)
gateway-web	Run pnpm test	2026-10-07T03:16:45.2899813Z ✔ only the configured 2-3 recent eligible devices receive auxiliary projections (0.763ms)
gateway-web	Run pnpm test	2026-10-07T03:16:45.2901246Z ✔ recent devices are ranked by user interaction, never by uptime or heartbeat (10.5422ms)
gateway-web	Run pnpm test	2026-10-07T03:16:45.2902728Z ✔ the first valid acknowledgement closes the question globally and withdraws the rest (0.696ms)
gateway-web	Run pnpm test	2026-10-07T03:16:45.2905250Z ✔ a response routes back to the originating connector whichever device answered (0.8651ms)
gateway-web	Run pnpm test	2026-10-07T03:16:45.2907225Z ✔ reconnect, refresh and repeated delivery never ring the same epoch twice (1.8764ms)
gateway-web	Run pnpm test	2026-10-07T03:16:45.2908663Z ✔ quiet, full-screen and protected use suppress sound but keep the notification (0.5821ms)
gateway-web	Run pnpm test	2026-10-07T03:16:45.2910353Z ✔ a non-blocking informational event is delivered visibly without ringing (0.8865ms)
gateway-web	Run pnpm test	2026-10-07T03:16:45.2911855Z ✔ withdrawal closes a question, and the envelope is strict (1.8067ms)
gateway-web	Run pnpm test	2026-10-07T03:16:45.2913054Z ✔ attention fields named after Object.prototype members are refused (0.6788ms)
gateway-web	Run pnpm test	2026-10-07T03:16:45.2915146Z ✔ a "recent" device is bounded on both sides, and never duplicated (0.7128ms)
gateway-web	Run pnpm test	2026-10-07T03:16:45.2916671Z ✔ a different question under a live attention id is refused (1.4579ms)
gateway-web	Run pnpm test	2026-10-07T03:16:45.2917973Z ✔ a malformed instant cannot half-apply a transition (1.755ms)
gateway-web	Run pnpm test	2026-10-07T03:16:45.2918715Z ✔ a response routes exactly once (0.5197ms)
gateway-web	Run pnpm test	2026-10-07T03:16:45.2919723Z ✔ a response that cannot be stored is refused before the routing is committed (0.4934ms)
gateway-web	Run pnpm test	2026-10-07T03:16:45.2920895Z ✔ canonical state holds handle references, never plaintext secrets (4.9923ms)
gateway-web	Run pnpm test	2026-10-07T03:16:45.2921972Z ✔ each auth mode maps to exactly one reference kind, and NONE needs no handle (1.5777ms)
gateway-web	Run pnpm test	2026-10-07T03:16:45.2922727Z ✔ secret values are absent from logs and errors even when the secure store fails (0.8176ms)
gateway-web	Run pnpm test	2026-10-07T03:16:45.2923636Z ✔ an expired session becomes EXPIRED/NEEDS_USER with a job-scoped AttentionEnvelope (1.0282ms)
gateway-web	Run pnpm test	2026-10-07T03:16:45.2927346Z ✔ restart restores permitted persistent session references, and only those (1.8543ms)
gateway-web	Run pnpm test	2026-10-07T03:16:45.2928863Z ✔ missing secure-store support degrades honestly with no plaintext fallback (0.9401ms)
gateway-web	Run pnpm test	2026-10-07T03:16:45.2930320Z ✔ legacy DeepSeek env discovery is consumable through the abstraction without becoming the schema (0.998ms)
gateway-web	Run pnpm test	2026-10-07T03:16:45.2931983Z ✔ the profile contract is declarative, versioned and lifecycle-honest (1.7717ms)
gateway-web	Run pnpm test	2026-10-07T03:16:45.2933199Z ✔ a handle reference that is secret material never reaches canonical state (1.0864ms)
gateway-web	Run pnpm test	2026-10-07T03:16:45.2934299Z ✔ binding refuses an ambiguous secret-or-handle request (0.8033ms)
gateway-web	Run pnpm test	2026-10-07T03:16:45.2935365Z ✔ an uninterpretable instant is never fresh, READY or recorded (0.7725ms)
gateway-web	Run pnpm test	2026-10-07T03:16:45.2936434Z ✔ a user-action requirement is a boolean, not a truthy flag (0.442ms)
gateway-web	Run pnpm test	2026-10-07T03:16:45.2937324Z ✔ canonical records are plain own-key objects (0.5588ms)
gateway-web	Run pnpm test	2026-10-07T03:16:45.2938242Z ✔ a cyclic caller value is refused instead of crashing the scan (0.7147ms)
gateway-web	Run pnpm test	2026-10-07T03:16:45.2939395Z ✔ restore validates a snapshot entry as strictly as a registration (0.7695ms)
gateway-web	Run pnpm test	2026-10-07T03:16:45.2940459Z ✔ revocation stays observable after the handle is cleared (0.3742ms)
gateway-web	Run pnpm test	2026-10-07T03:16:45.2941565Z ✔ a rotation revokes the handle it replaces instead of abandoning it (0.4648ms)
gateway-web	Run pnpm test	2026-10-07T03:16:45.2942700Z ✔ a well-shaped record may not carry a secret in a legitimate field (0.5414ms)
gateway-web	Run pnpm test	2026-10-07T03:16:45.2943701Z ✔ everything the scan calls a secret is redacted (0.514ms)
gateway-web	Run pnpm test	2026-10-07T03:16:45.2944651Z ✔ a hidden own field on a snapshot entry is not copied into canonical state (0.2915ms)
gateway-web	Run pnpm test	2026-10-07T03:16:45.2945731Z ✔ legacy discovery never binds the key into a foreign default profile (0.6666ms)
gateway-web	Run pnpm test	2026-10-07T03:16:45.2946723Z ✔ a caller field is validated and stored as the same value (0.2246ms)
gateway-web	Run pnpm test	2026-10-07T03:16:45.2947720Z ✔ a refused restore installs nothing and never replaces a live profile (0.3781ms)
gateway-web	Run pnpm test	2026-10-07T03:16:45.2948677Z ✔ revoke reports whether the store released the secret (0.5029ms)
gateway-web	Run pnpm test	2026-10-07T03:16:45.2949512Z ✔ freshness cannot be rewound behind the layer clock (0.4126ms)
gateway-web	Run pnpm test	2026-10-07T03:16:45.2950411Z ✔ carrying a stale expiry over a new credential is observable (0.7352ms)
gateway-web	Run pnpm test	2026-10-07T03:16:45.2951891Z ✔ the SDK validates a definition and documents what an author must supply (3.8128ms)
gateway-web	Run pnpm test	2026-10-07T03:16:45.2953109Z ✔ a synthetic third connector passes the conformance harness without core edits (2.8233ms)
gateway-web	Run pnpm test	2026-10-07T03:16:45.2954387Z ✔ adapter exceptions, timeouts and malformed results are isolated to the faulting adapter (2.5806ms)
gateway-web	Run pnpm test	2026-10-07T03:16:45.2955757Z ✔ optional provider absence is a typed state that blocks nothing and fabricates nothing (1.1868ms)
gateway-web	Run pnpm test	2026-10-07T03:16:45.2957327Z ✔ Claude Code and WorkBuddy adapters use the SDK path, and acceptance needs real host evidence (0.9913ms)
gateway-web	Run pnpm test	2026-10-07T03:16:45.2958696Z ✔ adding an adapter alters neither the EngineeringManagerPort nor the scheduling core (0.452ms)
gateway-web	Run pnpm test	2026-10-07T03:16:45.2959901Z ✔ the SDK surface is strict, frozen and free of ambient state (1.0403ms)
gateway-web	Run pnpm test	2026-10-07T03:16:45.2961130Z ✔ a definition cannot be declared with mistyped policy fields or an impossible instant (0.4313ms)
gateway-web	Run pnpm test	2026-10-07T03:16:45.2963717Z ✔ a cyclic port result crosses the boundary as a frozen cycle, not as the adapter own object (0.4038ms)
gateway-web	Run pnpm test	2026-10-07T03:16:45.2965093Z ✔ a non-cloneable port result is a typed refusal instead of a live object (0.7325ms)
gateway-web	Run pnpm test	2026-10-07T03:16:45.2966509Z ✔ the harness does not certify a connector that silently accepts an unsupported capability (0.5288ms)
gateway-web	Run pnpm test	2026-10-07T03:16:45.2968077Z ✔ the harness does not certify a connector that silently accepts an unsupported control (0.4154ms)
gateway-web	Run pnpm test	2026-10-07T03:16:45.2969614Z ✔ an enabled adapter whose product is not installed is not usable, not selected and not accepted (0.4936ms)
gateway-web	Run pnpm test	2026-10-07T03:16:45.2971139Z ✔ only a faulted adapter can be cleared, and the fault record survives the clearing (0.8417ms)
gateway-web	Run pnpm test	2026-10-07T03:16:45.2972784Z ✔ re-declaring availability cannot revive a faulted adapter (0.6258ms)
gateway-web	Run pnpm test	2026-10-07T03:16:45.2974080Z ✔ the registry refuses an adapter the SDK did not wrap, so isolation cannot be bypassed (0.3745ms)
gateway-web	Run pnpm test	2026-10-07T03:16:45.2975670Z ✔ a caller-declared acceptance says so instead of implying the SDK verified a host (0.5126ms)
gateway-web	Run pnpm test	2026-10-07T03:16:45.2976996Z ✔ an error whose code getter throws is still an isolated, typed fault (0.4112ms)
gateway-web	Run pnpm test	2026-10-07T03:16:45.2978272Z ✔ the harness refuses a connector that reports a state outside the vocabulary (0.4139ms)
gateway-web	Run pnpm test	2026-10-07T03:16:45.2979469Z ✔ the harness refuses a declared capability the connector does not report (1.0972ms)
gateway-web	Run pnpm test	2026-10-07T03:16:45.2980491Z ✔ the harness proves the unsupported-control expectation instead of skipping it (0.4242ms)
gateway-web	Run pnpm test	2026-10-07T03:16:45.2981306Z ✔ a definition whose handlers are only inherited is refused, not claimed as satisfied (0.1454ms)
gateway-web	Run pnpm test	2026-10-07T03:16:45.2982040Z ✔ a definition stores the methods it validated, including non-enumerable ones (0.236ms)
gateway-web	Run pnpm test	2026-10-07T03:16:45.3006212Z ✔ a non-conformant connector is given no core-edit certificate (0.4032ms)
gateway-web	Run pnpm test	2026-10-07T03:16:45.3007528Z ✔ a runtime that throws is not evidence and does not break the acceptance summary (0.2596ms)
gateway-web	Run pnpm test	2026-10-07T03:16:45.3019804Z ✔ fault identities are unique across adapters of the same kind in one process (0.3933ms)
gateway-web	Run pnpm test	2026-10-07T03:16:45.3021311Z ✔ a connector manifest declares runtime, capabilities, needs and budgets (4.9494ms)
gateway-web	Run pnpm test	2026-10-07T03:16:45.3022526Z ✔ a connector manifest has no credential slot, and raw secrets are refused (0.5626ms)
gateway-web	Run pnpm test	2026-10-07T03:16:45.3024338Z ✔ policy decides permissions and an adapter can never grant itself one (0.8199ms)
gateway-web	Run pnpm test	2026-10-07T03:16:45.3025462Z ✔ undeclared capability or method calls are refused (0.913ms)
gateway-web	Run pnpm test	2026-10-07T03:16:45.3026606Z ✔ the pipeline runs detect, select, adapt, validate, standardize and unify (0.9674ms)
gateway-web	Run pnpm test	2026-10-07T03:16:45.3027873Z ✔ one malformed connector cannot prevent another connector from loading (1.1433ms)
gateway-web	Run pnpm test	2026-10-07T03:16:45.3029156Z ✔ loading two synthetic connectors with different capabilities needs no core change (1.7725ms)
gateway-web	Run pnpm test	2026-10-07T03:16:45.3032291Z ✔ the runtime hosts two synthetic connectors with different capabilities (1.8176ms)
gateway-web	Run pnpm test	2026-10-07T03:16:45.3033724Z ✔ startup is bounded and a process that never becomes ready is stopped, not awaited (1.0349ms)
gateway-web	Run pnpm test	2026-10-07T03:16:45.3035417Z ✔ a failing spawn is data, and a failing invocation does not crash the runtime (1.0553ms)
gateway-web	Run pnpm test	2026-10-07T03:16:45.3036745Z ✔ heartbeat freshness is bounded by the manifest interval (0.7244ms)
gateway-web	Run pnpm test	2026-10-07T03:16:45.3037848Z ✔ restarts are bounded and exhaustion is a terminal safe mode (1.3331ms)
gateway-web	Run pnpm test	2026-10-07T03:16:45.3039027Z ✔ logs are bounded by the manifest and redactable by caller policy (1.1196ms)
gateway-web	Run pnpm test	2026-10-07T03:16:45.3042358Z ✔ runtime lifecycle is honest about state and unknown instances (0.8325ms)
gateway-web	Run pnpm test	2026-10-07T03:16:45.3043921Z ✔ undeclared keys inherited from Object.prototype are refused at every level (2.1629ms)
gateway-web	Run pnpm test	2026-10-07T03:16:45.3046565Z ✔ a secret-shaped name is refused in its plural and compound spellings (0.4369ms)
gateway-web	Run pnpm test	2026-10-07T03:16:45.3047966Z ✔ raw credential bytes are refused in any field, not only a secret-shaped one (0.8865ms)
gateway-web	Run pnpm test	2026-10-07T03:16:45.3049384Z ✔ a connector cannot forge the runtime kind it won (0.6765ms)
gateway-web	Run pnpm test	2026-10-07T03:16:45.3050888Z ✔ a nullish adapter cannot stop the other connectors from loading (1.4562ms)
gateway-web	Run pnpm test	2026-10-07T03:16:45.3052099Z ✔ a manifest carrying a reserved prototype key is refused at unify (0.3921ms)
gateway-web	Run pnpm test	2026-10-07T03:16:45.3053063Z ✔ heartbeat freshness is measured in one unit, whatever the clock returns (0.3976ms)
gateway-web	Run pnpm test	2026-10-07T03:16:45.3053702Z ✔ a heartbeat cannot resurrect a process that was killed (1.0084ms)
gateway-web	Run pnpm test	2026-10-07T03:16:45.3054342Z ✔ start persists the mediated intersection and bounds the spawn request (0.7702ms)
gateway-web	Run pnpm test	2026-10-07T03:16:45.3055524Z ✔ one adapter producing un-copyable output cannot stop the others loading (0.6038ms)
gateway-web	Run pnpm test	2026-10-07T03:16:45.3056191Z ✔ a connector entry reference is confined to its own root (0.5393ms)
gateway-web	Run pnpm test	2026-10-07T03:16:45.3056834Z ✔ one canonical job is observed by Web and Android without duplicate execution (4.9557ms)
gateway-web	Run pnpm test	2026-10-07T03:16:45.3057494Z ✔ the interaction device may differ from the execution device (0.6572ms)
gateway-web	Run pnpm test	2026-10-07T03:16:45.3058173Z ✔ remote fallback requires explicit approval and local allowed work stays local (0.9892ms)
gateway-web	Run pnpm test	2026-10-07T03:16:45.3058964Z ✔ attention comes from shared state and one acknowledgement reconciles every projection (1.5235ms)
gateway-web	Run pnpm test	2026-10-07T03:16:45.3059688Z ✔ user-visible success comes only from a terminal accepted result (1.208ms)
gateway-web	Run pnpm test	2026-10-07T03:16:45.3061033Z ✔ advanced provenance exposes identifiers without leaking secrets, and the surface is strict (1.8753ms)
gateway-web	Run pnpm test	2026-10-07T03:16:45.3062588Z ✔ the surface policy cannot be used to switch the canonical binding or the attention source off (0.4032ms)
gateway-web	Run pnpm test	2026-10-07T03:16:45.3063343Z ✔ an impossible instant is refused everywhere it could become evidence (0.3798ms)
gateway-web	Run pnpm test	2026-10-07T03:16:45.3064016Z ✔ a hidden, symbol-keyed or header-shaped secret is still secret material (0.6624ms)
gateway-web	Run pnpm test	2026-10-07T03:16:45.3064743Z ✔ a cancelled job is finished even though it carries no result (0.5528ms)
gateway-web	Run pnpm test	2026-10-07T03:16:45.3065648Z ✔ control authority is bound to the job, not to whoever calls (0.5074ms)
gateway-web	Run pnpm test	2026-10-07T03:16:45.3066305Z ✔ a retry re-queues failed work only and never revives or duplicates execution (0.5391ms)
gateway-web	Run pnpm test	2026-10-07T03:16:45.3067083Z ✔ the first terminal result is the job truth and malformed artifacts are refused, not dropped (0.726ms)
gateway-web	Run pnpm test	2026-10-07T03:16:45.3067768Z ✔ an attention-required backend is not rendered as success (0.4625ms)
gateway-web	Run pnpm test	2026-10-07T03:16:45.3068411Z ✔ the surface reports the execution device it was given and never invents one (0.2067ms)
gateway-web	Run pnpm test	2026-10-07T03:16:45.3069116Z ✔ owner and executor separation is about the owner and the executor connector (0.2209ms)
gateway-web	Run pnpm test	2026-10-07T03:16:45.3069910Z ✔ canonical refs are unique across surfaces in one process (0.3238ms)
gateway-web	Run pnpm test	2026-10-07T03:16:45.3071049Z ✔ an attention acknowledgement records the subject it answers and the read views are frozen (0.6978ms)
gateway-web	Run pnpm test	2026-10-07T03:16:45.3072466Z ✔ a finished job is not re-opened for attention and an answered question is not reset (0.9677ms)
gateway-web	Run pnpm test	2026-10-07T03:16:45.3073466Z ✔ a blocking canonical question gates progress and resume (0.5394ms)
gateway-web	Run pnpm test	2026-10-07T03:16:45.3074093Z ✔ attention and approvals answer only to devices connected to the job (0.5495ms)
gateway-web	Run pnpm test	2026-10-07T03:16:45.3074756Z ✔ an object is not a provenance reference, and a nested payload is refused (0.4393ms)
gateway-web	Run pnpm test	2026-10-07T03:16:45.3075367Z ✔ the secret scan reads maps, sets and records it cannot read (0.1716ms)
gateway-web	Run pnpm test	2026-10-07T03:16:45.3076310Z ✔ a lease belongs to one job and a shared task core confirms the binding when one is wired in (0.6539ms)
gateway-web	Run pnpm test	2026-10-07T03:16:45.3077396Z ✔ a result that is not a success is not accepted as one, and an uncloneable artifact is a typed refusal (0.4444ms)
gateway-web	Run pnpm test	2026-10-07T03:16:45.3078175Z ✔ the surface names where control came from and scopes its structural claims (0.2249ms)
gateway-web	Run pnpm test	2026-10-07T03:16:45.3078830Z ✔ a DAG is validated and only dependency-satisfied work is runnable (8.2727ms)
gateway-web	Run pnpm test	2026-10-07T03:16:45.3079581Z ✔ two writers cannot hold the same protected scope at once, and conflicts are reported not merged (1.3227ms)
gateway-web	Run pnpm test	2026-10-07T03:16:45.3080530Z ✔ resource pressure scales workers down and pauses new work without failing completed work (0.9046ms)
gateway-web	Run pnpm test	2026-10-07T03:16:45.3081720Z ✔ one-worker serial mode uses the same lifecycle and acceptance path (0.8569ms)
gateway-web	Run pnpm test	2026-10-07T03:16:45.3083026Z ✔ bounded retry and reassignment never duplicate a terminal result or an external effect (1.6876ms)
gateway-web	Run pnpm test	2026-10-07T03:16:45.3084183Z ✔ worker selection is capability and placement based with no provider-name branching (0.9491ms)
gateway-web	Run pnpm test	2026-10-07T03:16:45.3085163Z ✔ a controlled restart keeps completed work and never resumes stale state as success (2.6763ms)
gateway-web	Run pnpm test	2026-10-07T03:16:45.3085887Z ✔ a terminal result is immutable against late and out-of-order reports (0.759ms)
gateway-web	Run pnpm test	2026-10-07T03:16:45.3086679Z ✔ a stall or crash report cannot re-open completed work (0.5515ms)
gateway-web	Run pnpm test	2026-10-07T03:16:45.3087299Z ✔ the attempt budget is a bound at dispatch, not only in the stall path (0.6721ms)
gateway-web	Run pnpm test	2026-10-07T03:16:45.3087957Z ✔ a running node cannot be dispatched twice into two concurrent attempts (0.5131ms)
gateway-web	Run pnpm test	2026-10-07T03:16:45.3088638Z ✔ a named worker is a choice, not a bypass of capability, readiness or capacity (0.9403ms)
gateway-web	Run pnpm test	2026-10-07T03:16:45.3089247Z ✔ every foreman bound is validated rather than trusted (0.8471ms)
gateway-web	Run pnpm test	2026-10-07T03:16:45.3089781Z ✔ a worker with running attempts cannot be re-registered (0.4756ms)
gateway-web	Run pnpm test	2026-10-07T03:16:45.3090491Z ✔ a node declaration is validated where it is used (0.7143ms)
gateway-web	Run pnpm test	2026-10-07T03:16:45.3091176Z ✔ a refused resume leaves the live queue intact, and a cyclic entry cannot overflow (0.6442ms)
gateway-web	Run pnpm test	2026-10-07T03:16:45.3092302Z ✔ an uninterpretable instant is refused rather than recorded (0.4668ms)
gateway-web	Run pnpm test	2026-10-07T03:16:45.3093314Z ✔ a handover or a cancel releases the worker slot it abandons (0.5931ms)
gateway-web	Run pnpm test	2026-10-07T03:16:45.3094228Z ✔ a restart keeps the completed-effect memory and a dependency list must be readable (0.7631ms)
gateway-web	Run pnpm test	2026-10-07T03:16:45.3094884Z ✔ a node no worker can staff is reported instead of vanishing (0.3901ms)
gateway-web	Run pnpm test	2026-10-07T03:16:45.3095505Z ✔ a declaration the module cannot clone is a typed refusal, not a crash (0.9749ms)
gateway-web	Run pnpm test	2026-10-07T03:16:45.3096231Z ✔ an autonomous job needs an objective and bounded constraints, not an operation list (4.6151ms)
gateway-web	Run pnpm test	2026-10-07T03:16:45.3097232Z ✔ a scripted job without an executable specification is refused honestly, not admitted (0.6315ms)
gateway-web	Run pnpm test	2026-10-07T03:16:45.3097911Z ✔ the job envelope is strict about route, vocabulary and secrets (1.2832ms)
gateway-web	Run pnpm test	2026-10-07T03:16:45.3098494Z ✔ a partial or progress event can never mark a job terminal (1.1812ms)
gateway-web	Run pnpm test	2026-10-07T03:16:45.3099132Z ✔ late, duplicate and out-of-order events are deterministic and idempotent (1.9087ms)
gateway-web	Run pnpm test	2026-10-07T03:16:45.3099776Z ✔ a terminal result is final and cannot be resurrected by replay (1.7627ms)
gateway-web	Run pnpm test	2026-10-07T03:16:45.3100445Z ✔ a result must be honest: success needs acceptance, and versions must line up (0.9325ms)
gateway-web	Run pnpm test	2026-10-07T03:16:45.3101402Z ✔ artifact references preserve job, device and connector provenance (1.1634ms)
gateway-web	Run pnpm test	2026-10-07T03:16:45.3102561Z ✔ the protocol publishes its guarantees and stays transport neutral (0.4188ms)
gateway-web	Run pnpm test	2026-10-07T03:16:45.3103551Z ✔ unknown fields are refused even when named after Object.prototype members (2.91ms)
gateway-web	Run pnpm test	2026-10-07T03:16:45.3104271Z ✔ a job record cannot be born terminal, and success is only reached through a result (0.7979ms)
gateway-web	Run pnpm test	2026-10-07T03:16:45.3105083Z ✔ an event from a superseded job version never acts on the current job (0.7736ms)
gateway-web	Run pnpm test	2026-10-07T03:16:45.3106149Z ✔ a replayed result is recognised by its content, not by its ref (0.8014ms)
gateway-web	Run pnpm test	2026-10-07T03:16:45.3106792Z ✔ a replayed artifact is recognised by its content and digest (0.6221ms)
gateway-web	Run pnpm test	2026-10-07T03:16:45.3107357Z ✔ a malformed batch is refused with a typed contract error (0.5979ms)
gateway-web	Run pnpm test	2026-10-07T03:16:45.3107982Z ✔ an ignored duplicate is recorded on the record, once, and stays idempotent (1.0004ms)
gateway-web	Run pnpm test	2026-10-07T03:16:45.3108644Z ✔ a calendar-impossible instant is refused, not merely shape-checked (0.931ms)
gateway-web	Run pnpm test	2026-10-07T03:16:45.3109469Z ✔ a terminal announcement without a result is completed by the honest result (0.9368ms)
gateway-web	Run pnpm test	2026-10-07T03:16:45.3110320Z ✔ the job record is immutable at every level, not only at the top (0.9616ms)
gateway-web	Run pnpm test	2026-10-07T03:16:45.3110924Z ✔ a non-enumerable own out-of-contract field is refused too (0.4326ms)
gateway-web	Run pnpm test	2026-10-07T03:16:45.3111506Z ✔ the structured result arrays are bounded like their siblings (25.0208ms)
gateway-web	Run pnpm test	2026-10-07T03:16:45.3112112Z ✔ a cyclic or over-deep envelope is refused, never a stack overflow (0.9413ms)
gateway-web	Run pnpm test	2026-10-07T03:16:45.3112830Z ✔ a provider-neutral autonomous job validates and keeps owner and executor distinct (4.6383ms)
gateway-web	Run pnpm test	2026-10-07T03:16:45.3113598Z ✔ scripted executors need explicit operations while agent modes must not carry them (1.0007ms)
gateway-web	Run pnpm test	2026-10-07T03:16:45.3114341Z ✔ unknown version, state, mode, event type or port is rejected rather than guessed (1.7036ms)
gateway-web	Run pnpm test	2026-10-07T03:16:45.3115011Z ✔ foreign routes cannot be redefined as Engineering routes (3.9131ms)
gateway-web	Run pnpm test	2026-10-07T03:16:45.3115690Z ✔ provider product names are never a route and are never required by the core contract (1.2698ms)
gateway-web	Run pnpm test	2026-10-07T03:16:45.3116332Z ✔ Codex-Boss is rejected everywhere it could be referenced (0.623ms)
gateway-web	Run pnpm test	2026-10-07T03:16:45.3116896Z ✔ raw secrets are rejected while handle references are allowed (1.8349ms)
gateway-web	Run pnpm test	2026-10-07T03:16:45.3117471Z ✔ Engineering Manager stores only Engineering execution state (1.8132ms)
gateway-web	Run pnpm test	2026-10-07T03:16:45.3117980Z ✔ canonical events are typed and validated (0.6674ms)
gateway-web	Run pnpm test	2026-10-07T03:16:45.3118584Z ✔ one attention event projects to the current plus recent devices and rings once (1.1985ms)
gateway-web	Run pnpm test	2026-10-07T03:16:45.3119332Z ✔ first attention acknowledgement closes the epoch globally and never rings again (1.2844ms)
gateway-web	Run pnpm test	2026-10-07T03:16:45.3120014Z ✔ reconnect and duplicate delivery do not re-ring an attention epoch (0.9906ms)
gateway-web	Run pnpm test	2026-10-07T03:16:45.3120750Z ✔ a result cannot report success on a typed blocker, without acceptance or with failing tests (0.8145ms)
gateway-web	Run pnpm test	2026-10-07T03:16:45.3121497Z ✔ ports are versioned, replacement-safe and refuse non-conforming subjects (0.6546ms)
gateway-web	Run pnpm test	2026-10-07T03:16:45.3122201Z ✔ a deterministic connector double runs a scripted job without a real provider (1.0634ms)
gateway-web	Run pnpm test	2026-10-07T03:16:45.3122832Z ✔ duplicate submit replays instead of creating a second job (2.298ms)
gateway-web	Run pnpm test	2026-10-07T03:16:45.3123403Z ✔ control commands check version, transition and terminal state (3.2119ms)
gateway-web	Run pnpm test	2026-10-07T03:16:45.3124041Z ✔ results are idempotent and cannot overwrite or resurrect a terminal job (3.0531ms)
gateway-web	Run pnpm test	2026-10-07T03:16:45.3124766Z ✔ canonical job identity survives restart/reconnect and rejects incompatible replay (1.2232ms)
gateway-web	Run pnpm test	2026-10-07T03:16:45.3125690Z ✔ remote fallback is measured, user-approved and preserves the logical owner (2.8771ms)
gateway-web	Run pnpm test	2026-10-07T03:16:45.3126605Z ✔ canonical serialization is order-independent and the schema matches the runtime contract (1.139ms)
gateway-web	Run pnpm test	2026-10-07T03:16:45.3127893Z ✔ contract error type carries a stable code and status (0.1485ms)
gateway-web	Run pnpm test	2026-10-07T03:16:45.3129006Z ✔ a secret-shaped field is refused in its plural and camelCase spellings too (0.3377ms)
gateway-web	Run pnpm test	2026-10-07T03:16:45.3130586Z ✔ foreign canonical state is refused in camelCase and separator variants (0.2193ms)
gateway-web	Run pnpm test	2026-10-07T03:16:45.3131824Z ✔ reserved prototype keys are refused at every depth of an owned state (0.5046ms)
gateway-web	Run pnpm test	2026-10-07T03:16:45.3133144Z ✔ an envelope refuses a reserved prototype key, so a wire payload cannot smuggle one (0.3088ms)
gateway-web	Run pnpm test	2026-10-07T03:16:45.3134419Z ✔ a codex-boss reference is caught however its separators are spelled (0.1346ms)
gateway-web	Run pnpm test	2026-10-07T03:16:45.3136002Z ✔ provider product names are caught however their separators are spelled (0.1156ms)
gateway-web	Run pnpm test	2026-10-07T03:16:45.3137234Z ✔ an absent field and an explicitly null field have different digests (0.1686ms)
gateway-web	Run pnpm test	2026-10-07T03:16:45.3138678Z ✔ the published schema states the normalisation and reserved-key rules the runtime enforces (0.471ms)
gateway-web	Run pnpm test	2026-10-07T03:16:45.3140010Z ✔ a healthy local host is used, with local concurrency as the answer (2.4579ms)
gateway-web	Run pnpm test	2026-10-07T03:16:45.3141522Z ✔ resource pressure reduces local concurrency before any remote fallback (0.9668ms)
gateway-web	Run pnpm test	2026-10-07T03:16:45.3143007Z ✔ a protected foreground workload blocks the local host rather than displacing the user (0.5737ms)
gateway-web	Run pnpm test	2026-10-07T03:16:45.3144343Z ✔ an unmeasurable local host is unavailable, never assumed free (0.7458ms)
gateway-web	Run pnpm test	2026-10-07T03:16:45.3145536Z ✔ a faster or less loaded remote host alone never triggers fallback (1.3928ms)
gateway-web	Run pnpm test	2026-10-07T03:16:45.3146791Z ✔ remote fallback needs a measured reason and explicit user approval (0.6931ms)
gateway-web	Run pnpm test	2026-10-07T03:16:45.3148167Z ✔ candidates are ranked by capability fit, only after fallback is justified (10.4789ms)
gateway-web	Run pnpm test	2026-10-07T03:16:45.3149922Z ✔ a remote dispatch requires a recorded local attempt first (0.3668ms)
gateway-web	Run pnpm test	2026-10-07T03:16:45.3151280Z ✔ a measurement is a strict own-property record (0.8409ms)
gateway-web	Run pnpm test	2026-10-07T03:16:45.3152114Z ✔ a measured GPU load is used, and a contradictory worker count is unavailable (0.4239ms)
gateway-web	Run pnpm test	2026-10-07T03:16:45.3152910Z ✔ only a justified fallback proposal can be approved (0.574ms)
gateway-web	Run pnpm test	2026-10-07T03:16:45.3153850Z ✔ both reference connectors register and resolve generically, with no provider branches in the core (3.6339ms)
gateway-web	Run pnpm test	2026-10-07T03:16:45.3154813Z ✔ installed, uninstalled and auth-required states are probed honestly (2.5042ms)
gateway-web	Run pnpm test	2026-10-07T03:16:45.3155614Z ✔ one canonical job id is preserved while backend ids stay provenance (1.3067ms)
gateway-web	Run pnpm test	2026-10-07T03:16:45.3156431Z ✔ unsupported operations become typed states instead of silence or success (0.9036ms)
gateway-web	Run pnpm test	2026-10-07T03:16:45.3158002Z ✔ an unknown outcome is never reported as success, and retries do not duplicate (1.0429ms)
gateway-web	Run pnpm test	2026-10-07T03:16:45.3159449Z ✔ component-stage acceptance is only claimed with genuine real-host evidence (0.7028ms)
gateway-web	Run pnpm test	2026-10-07T03:16:45.3160710Z ✔ the connector contract is strict, frozen and independent of ambient state (0.8705ms)
gateway-web	Run pnpm test	2026-10-07T03:16:45.3161903Z ✔ component acceptance needs a real terminal state, not an assumed one (0.5407ms)
gateway-web	Run pnpm test	2026-10-07T03:16:45.3163027Z ✔ a submit the backend refused is never reported as submitted (0.6991ms)
gateway-web	Run pnpm test	2026-10-07T03:16:45.3164020Z ✔ a control the backend refused does not close the session (0.6395ms)
gateway-web	Run pnpm test	2026-10-07T03:16:45.3164941Z ✔ an unreadable event stream is not an empty one (0.4949ms)
gateway-web	Run pnpm test	2026-10-07T03:16:45.3165867Z ✔ a result about another backend run is not this job outcome (0.5387ms)
gateway-web	Run pnpm test	2026-10-07T03:16:45.3166720Z ✔ a session the backend refused is not created (0.5069ms)
gateway-web	Run pnpm test	2026-10-07T03:16:45.3167649Z ✔ an uninterpretable instant is refused rather than recorded (0.4278ms)
gateway-web	Run pnpm test	2026-10-07T03:16:45.3169086Z ✔ acceptance is not claimed for a product this host did not install (0.5499ms)
gateway-web	Run pnpm test	2026-10-07T03:16:45.3170082Z ✔ a closed session is not reported as live work (0.4411ms)
gateway-web	Run pnpm test	2026-10-07T03:16:45.3171188Z ✔ the canonical job id addresses control, events and result, and backend refs come back (0.8167ms)
gateway-web	Run pnpm test	2026-10-07T03:16:45.3172643Z ✔ one logical action key executes the backend once, even after a cancel and re-attach (0.4301ms)
gateway-web	Run pnpm test	2026-10-07T03:16:45.3173898Z ✔ a connector kind is an own key, and a crashing probe degrades honestly (0.8135ms)
gateway-web	Run pnpm test	2026-10-07T03:16:45.3175174Z ✔ the registry refuses an under-specified connector and derives its emulated count (0.4592ms)
gateway-web	Run pnpm test	2026-10-07T03:16:45.3176361Z ✔ one connector kind may have two distinct instances (16.0773ms)
gateway-web	Run pnpm test	2026-10-07T03:16:45.3177384Z ✔ stale probe data is visible as stale and never silently healthy (1.0786ms)
gateway-web	Run pnpm test	2026-10-07T03:16:45.3178364Z ✔ auth READY is never inferred from a live process (0.5856ms)
gateway-web	Run pnpm test	2026-10-07T03:16:45.3179557Z ✔ a capability mismatch is a typed refusal before execution (0.5326ms)
gateway-web	Run pnpm test	2026-10-07T03:16:45.3180535Z ✔ the registry survives a probe that throws or times out (1.7709ms)
gateway-web	Run pnpm test	2026-10-07T03:16:45.3181617Z ✔ registry records refuse raw credential material and keep handles only (1.0649ms)
gateway-web	Run pnpm test	2026-10-07T03:16:45.3182817Z ✔ records are strict, and eligibility reports fit without choosing a host (1.9791ms)
gateway-web	Run pnpm test	2026-10-07T03:16:45.3184177Z ✔ unknown fields are refused even when named after Object.prototype members (2.0602ms)
gateway-web	Run pnpm test	2026-10-07T03:16:45.3185346Z ✔ a future-dated probe is never fresh, and never silently usable (0.5515ms)
gateway-web	Run pnpm test	2026-10-07T03:16:45.3186375Z ✔ the typed refusal names the blocker that actually applies (0.5956ms)
gateway-web	Run pnpm test	2026-10-07T03:16:45.3187365Z ✔ the auditable snapshot cannot be rewritten by its reader (1.6194ms)
gateway-web	Run pnpm test	2026-10-07T03:16:45.3188437Z ✔ a partial probe update leaves the fields it does not mention alone (0.8748ms)
gateway-web	Run pnpm test	2026-10-07T03:16:45.3189874Z ✔ a raw credential is refused by value as well as by key name (0.9422ms)
gateway-web	Run pnpm test	2026-10-07T03:16:45.3190967Z ✔ a cyclic or over-deep record is refused, never a stack overflow (0.8709ms)
gateway-web	Run pnpm test	2026-10-07T03:16:45.3192212Z ✔ a calendar-impossible instant is refused, not merely shape-checked (0.3793ms)
gateway-web	Run pnpm test	2026-10-07T03:16:45.3193356Z ✔ a probe cannot claim to stay current indefinitely (0.4229ms)
gateway-web	Run pnpm test	2026-10-07T03:16:45.3194489Z ✔ a failed probe is visible on the instance and blocks dispatch (1.5401ms)
gateway-web	Run pnpm test	2026-10-07T03:16:45.3195662Z ✔ a probe that reports not-installed cannot be a running, usable worker (0.2075ms)
gateway-web	Run pnpm test	2026-10-07T03:16:45.3196879Z ✔ an exempted reference field must still look like a reference (0.8734ms)
gateway-web	Run pnpm test	2026-10-07T03:16:45.3197884Z ✔ the evidence source travels with the answer (0.2515ms)
gateway-web	Run pnpm test	2026-10-07T03:16:45.3198894Z ✔ a remote dispatch needs an approved proposal and an eligible host (2.7655ms)
gateway-web	Run pnpm test	2026-10-07T03:16:45.3200693Z ✔ every channel returns to the current interaction surface, not to the execution device (1.6207ms)
gateway-web	Run pnpm test	2026-10-07T03:16:45.3202065Z ✔ the control plane follows the user when they move to another surface (0.5612ms)
gateway-web	Run pnpm test	2026-10-07T03:16:45.3203328Z ✔ stale and duplicate remote events are reconciled instead of re-applied (0.472ms)
gateway-web	Run pnpm test	2026-10-07T03:16:45.3205097Z ✔ control is forwarded from any authorised device and applied once (0.8944ms)
gateway-web	Run pnpm test	2026-10-07T03:16:45.3207167Z ✔ a hardware-bound action is a typed blocker, never a fabricated success (0.436ms)
gateway-web	Run pnpm test	2026-10-07T03:16:45.3208580Z ✔ context is staged semantically, and the port contract owns trust and transport elsewhere (0.5836ms)
gateway-web	Run pnpm test	2026-10-07T03:16:45.3210058Z ✔ the return path can only move onto a surface this module resolved for the same owner (0.5869ms)
gateway-web	Run pnpm test	2026-10-07T03:16:45.3211368Z ✔ a dispatch validates the executor reference and the capability list (0.5221ms)
gateway-web	Run pnpm test	2026-10-07T03:16:45.3212676Z ✔ the bridge itself refuses a second dispatch and keeps the run ledger (0.6388ms)
gateway-web	Run pnpm test	2026-10-07T03:16:45.3214021Z ✔ an execution port that refuses is never reported as success (0.496ms)
gateway-web	Run pnpm test	2026-10-07T03:16:45.3216859Z ✔ an attention reply reaches the originating worker through the respond path (0.581ms)
gateway-web	Run pnpm test	2026-10-07T03:16:45.3218200Z ✔ a control command without an idempotency key is refused rather than swallowed (0.2972ms)
gateway-web	Run pnpm test	2026-10-07T03:16:45.3219619Z ✔ an untransferable remote payload is refused without consuming its sequence (0.3764ms)
gateway-web	Run pnpm test	2026-10-07T03:16:45.3220851Z ✔ a physical-action block is observable and blocks a fabricated success (0.3762ms)
gateway-web	Run pnpm test	2026-10-07T03:16:45.3222329Z ✔ recording instants are validated rather than stored as given (0.3689ms)
gateway-web	Run pnpm test	2026-10-07T03:16:45.3223530Z ✔ the approval gate reads the proposal itself, not its prototype (0.3438ms)
gateway-web	Run pnpm test	2026-10-07T03:16:45.3224766Z ✔ a refused replay does not move where the run returns are delivered (0.2168ms)
gateway-web	Run pnpm test	2026-10-07T03:16:45.3225878Z ✔ an envelope field is validated and used exactly once (0.3749ms)
gateway-web	Run pnpm test	2026-10-07T03:16:45.3226899Z ✔ a device field is validated and projected exactly once (0.1969ms)
gateway-web	Run pnpm test	2026-10-07T03:16:45.3228064Z ✔ context staging enforces the bound and the cleanup policy it advertises (0.3893ms)
gateway-web	Run pnpm test	2026-10-07T03:16:45.3229355Z ✔ a return that reaches nobody is not normal remote-free operation (0.3227ms)
gateway-web	Run pnpm test	2026-10-07T03:16:45.3230537Z ✔ a surface is resolved only from devices belonging to that owner (0.1745ms)
gateway-web	Run pnpm test	2026-10-07T03:16:45.3232375Z ✔ authority is split: the monitor senses, the supervisor restarts, and neither can do the other (4.6169ms)
gateway-web	Run pnpm test	2026-10-07T03:16:45.3233564Z ✔ a stale or reused pid is never signalled (1.7291ms)
gateway-web	Run pnpm test	2026-10-07T03:16:45.3234564Z ✔ the restart budget ends in safe mode instead of an infinite loop (2.1485ms)
gateway-web	Run pnpm test	2026-10-07T03:16:45.3235698Z ✔ resume happens only after a checkpoint and a readiness confirmation (1.366ms)
gateway-web	Run pnpm test	2026-10-07T03:16:45.3236714Z ✔ a terminal job does not resurrect after recovery (0.6776ms)
gateway-web	Run pnpm test	2026-10-07T03:16:45.3237692Z ✔ one crashed connector never terminates unrelated connectors (0.9765ms)
gateway-web	Run pnpm test	2026-10-07T03:16:45.3238842Z ✔ the contract is strict, frozen, and honest about stale observations (1.5589ms)
gateway-web	Run pnpm test	2026-10-07T03:16:45.3240200Z ✔ pressure is the evidence the monitor recorded, not a copy the caller supplies (0.4178ms)
gateway-web	Run pnpm test	2026-10-07T03:16:45.3241391Z ✔ a policy bound that can be switched off is refused (1.0195ms)
gateway-web	Run pnpm test	2026-10-07T03:16:45.3242617Z ✔ an uninterpretable instant cannot make stale evidence fresh or release the cooldown (0.9934ms)
gateway-web	Run pnpm test	2026-10-07T03:16:45.3244101Z ✔ a throwing readiness or process hook is a typed outcome, not a half-applied restart (0.8277ms)
gateway-web	Run pnpm test	2026-10-07T03:16:45.3245200Z ✔ an absent confidence is no confidence (0.2908ms)
gateway-web	Run pnpm test	2026-10-07T03:16:45.3246136Z ✔ a caller structure that points at itself is refused, not fatal (0.9923ms)
gateway-web	Run pnpm test	2026-10-07T03:16:45.3247194Z ✔ a malformed active entry is reported rather than dropped (0.2433ms)
gateway-web	Run pnpm test	2026-10-07T03:16:45.3248288Z ✔ a minted decision is authority for one instance and one restart (0.5986ms)
gateway-web	Run pnpm test	2026-10-07T03:16:45.3249514Z ✔ an unrecordable port answer is not an untyped failure after a real restart (0.6138ms)
gateway-web	Run pnpm test	2026-10-07T03:16:45.3250805Z ✔ a readiness answer about another instance or checkpoint is not this resume (0.9037ms)
gateway-web	Run pnpm test	2026-10-07T03:16:45.3252469Z ✔ supervise refuses a malformed set instead of failing part-way (0.3873ms)
gateway-web	Run pnpm test	2026-10-07T03:16:45.3253726Z ✔ host-pass: the original contract still works and is labelled HOST_PASS (87.399ms)
gateway-web	Run pnpm test	2026-10-07T03:16:45.3255066Z ✔ owner-override: an Owner ruling over a real blocker produces a VERIFIED episode (80.238ms)
gateway-web	Run pnpm test	2026-10-07T03:16:45.3256245Z ✔ owner-override without a migration blocker fails (69.3356ms)
gateway-web	Run pnpm test	2026-10-07T03:16:45.3257286Z ✔ owner-override without an owner ruling argument fails (68.2411ms)
gateway-web	Run pnpm test	2026-10-07T03:16:45.3266709Z ✔ owner-override whose intervention does not cite the ruling fails (69.3772ms)
gateway-web	Run pnpm test	2026-10-07T03:16:45.3267965Z ✔ owner-override without a verifier finding fails (77.743ms)
gateway-web	Run pnpm test	2026-10-07T03:16:45.3269074Z ✔ owner-override whose verifier finding precedes the blocker fails (86.032ms)
gateway-web	Run pnpm test	2026-10-07T03:16:45.3270210Z ✔ a final CI that is not PASS fails in owner-override too (91.0127ms)
gateway-web	Run pnpm test	2026-10-07T03:16:45.3271381Z ✔ the same host for both roles fails (190.2531ms)
gateway-web	Run pnpm test	2026-10-07T03:16:45.3272780Z ✔ an inbox that already has a host PASS cannot use owner-override (76.7739ms)
gateway-web	Run pnpm test	2026-10-07T03:16:45.3274298Z ✔ --owner-ruling is rejected in host-pass mode (80.1875ms)
gateway-web	Run pnpm test	2026-10-07T03:16:45.3275634Z ✔ owner-waived host separation: an Owner ruling lets the migration host finish verification (109.5395ms)
gateway-web	Run pnpm test	2026-10-07T03:16:45.3276955Z ✔ a strict episode records hostSeparation STRICT (82.0619ms)
gateway-web	Run pnpm test	2026-10-07T03:16:45.3278180Z ✔ owner-waived without --completing-host fails (82.4428ms)
gateway-web	Run pnpm test	2026-10-07T03:16:45.3279105Z ✔ owner-waived without --owner-ruling fails (74.8304ms)
gateway-web	Run pnpm test	2026-10-07T03:16:45.3280245Z ✔ owner-waived whose completing host produced no verification events fails (86.6656ms)
gateway-web	Run pnpm test	2026-10-07T03:16:45.3281540Z ✔ owner-waived whose record cites no ruling fails (83.3906ms)
gateway-web	Run pnpm test	2026-10-07T03:16:45.3282820Z ✔ owner-waived is refused when the completing host is already the verification host (88.9551ms)
gateway-web	Run pnpm test	2026-10-07T03:16:45.3284389Z ✔ owner-waived still refuses a verification event from a host that does not participate (81.1686ms)
gateway-web	Run pnpm test	2026-10-07T03:16:45.3285657Z ✔ --completing-host is rejected in strict host separation (84.6524ms)
gateway-web	Run pnpm test	2026-10-07T03:16:45.3286821Z ✔ strict host separation still refuses the same host for both roles (83.5093ms)
gateway-web	Run pnpm test	2026-10-07T03:16:45.3288023Z ✔ a finished Action is never re-opened by a later observation (2.1986ms)
gateway-web	Run pnpm test	2026-10-07T03:16:45.3289216Z ✔ an in-flight Action still follows the City task it is reporting on (0.2579ms)
gateway-web	Run pnpm test	2026-10-07T03:16:45.3290669Z ✔ the reserved GENERAL_AI route answers a typed UNAVAILABLE and never becomes a City task (3.0618ms)
gateway-web	Run pnpm test	2026-10-07T03:16:45.3292548Z ✔ a reordered idempotency key is the same request, and a different one is refused (8.1097ms)
gateway-web	Run pnpm test	2026-10-07T03:16:45.3294238Z ✔ UXI-301 feed: real telemetry becomes a load vector, and unmeasured dimensions stay missing (2.5875ms)
gateway-web	Run pnpm test	2026-10-07T03:16:45.3295565Z ✔ UXI-301 feed: disk CAPACITY is not reported as io LOAD (0.2154ms)
gateway-web	Run pnpm test	2026-10-07T03:16:45.3296742Z ✔ UXI-301 feed: the node mapping mirrors the gateway liveness truth (0.3168ms)
gateway-web	Run pnpm test	2026-10-07T03:16:45.3298215Z ✔ UXI-391: the candidate carries an EXPLICIT enablement, and an explicit disable is honoured (1.4548ms)
gateway-web	Run pnpm test	2026-10-07T03:16:45.3299789Z ✔ UXI-301 feed: eligibility terms come from RS-202 and are all declared in the contract (1.3795ms)
gateway-web	Run pnpm test	2026-10-07T03:16:45.3301266Z ✔ UXI-301 feed: an ONLINE, healthy node must NOT present as unusable (2.0528ms)
gateway-web	Run pnpm test	2026-10-07T03:16:45.3302509Z ✔ UXI-301 feed: COMPLETED is reachable ONLY from a terminal City state (0.6562ms)
gateway-web	Run pnpm test	2026-10-07T03:16:45.3303300Z ✔ UXI-301 feed: a healthy node plus a cold one offers waiting, never a forced choice (0.2236ms)
gateway-web	Run pnpm test	2026-10-07T03:16:45.3304392Z ✔ UXI-301 feed: a structurally refused fleet DOES demand a choice and withholds waiting (0.4116ms)
gateway-web	Run pnpm test	2026-10-07T03:16:45.3305268Z ✔ UXI-301 feed: the producer rejects malformed input rather than guessing (0.7984ms)
gateway-web	Run pnpm test	2026-10-07T03:16:45.3306050Z ✔ UXI-301 feed: the feed is versioned, lists its candidates, and hides finished work by default (1.1207ms)
gateway-web	Run pnpm test	2026-10-07T03:16:45.3306854Z ✔ UXI-301 feed: termsInUse reports only declared terms, so a UI can preload copy (0.6147ms)
gateway-web	Run pnpm test	2026-10-07T03:16:45.3307602Z ✔ UXI-301 feed: an empty City produces an empty feed rather than a fabricated status (0.2053ms)
gateway-web	Run pnpm test	2026-10-07T03:16:45.3308368Z ✔ UXI-301 feed: a node already running OTHER work reports real capacity pressure (0.3939ms)
gateway-web	Run pnpm test	2026-10-07T03:16:45.3309057Z ✔ UXI-301 feed: capacity pressure clears once the other work finishes (0.5099ms)
gateway-web	Run pnpm test	2026-10-07T03:16:45.3310063Z ✔ UXI-301 feed: two busy nodes and one free node is reported truthfully per node (0.7658ms)
gateway-web	Run pnpm test	2026-10-07T03:16:45.3314518Z ✔ versioned authenticated gateway rejects unsafe commands and persists history (175.9614ms)
gateway-web	Run pnpm test	2026-10-07T03:16:45.3316751Z ✔ the post-restart resume decision is owned by the migrated checkpoint gate (70.8728ms)
gateway-web	Run pnpm test	2026-10-07T03:16:45.3318196Z ✔ the gateway places work on exactly the nodes its own policy and the Core both accept (1254.6748ms)
gateway-web	Run pnpm test	2026-10-07T03:16:45.3319874Z ✔ an interrupted task is never falsified as success across a gateway restart (62.3132ms)
gateway-web	Run pnpm test	2026-10-07T03:16:45.3321066Z ✔ no API network call happens before consent and budget admission (4.707ms)
gateway-web	Run pnpm test	2026-10-07T03:16:45.3322358Z ✔ a Web failure proposes API but never grants it, and budget does not stand in for consent (1.5325ms)
gateway-web	Run pnpm test	2026-10-07T03:16:45.3323694Z ✔ rate limit, auth and provider faults stay typed and never look like success (2.0139ms)
gateway-web	Run pnpm test	2026-10-07T03:16:45.3326369Z ✔ usage the provider did not report stays unknown, never zero (0.821ms)
gateway-web	Run pnpm test	2026-10-07T03:16:45.3327671Z ✔ streaming is supported only where the adapter says so, and secrets never reach provenance (1.0358ms)
gateway-web	Run pnpm test	2026-10-07T03:16:45.3328953Z ✔ channel state stays isolated, frozen and free of ambient behaviour (0.8639ms)
gateway-web	Run pnpm test	2026-10-07T03:16:45.3330743Z ✔ budget policy limits must be real numbers, so the second gate cannot vanish (0.6876ms)
gateway-web	Run pnpm test	2026-10-07T03:16:45.3331866Z ✔ provider usage that is negative is not usage (0.1681ms)
gateway-web	Run pnpm test	2026-10-07T03:16:45.3333117Z ✔ secrets are found and redacted however they are hidden (0.4986ms)
gateway-web	Run pnpm test	2026-10-07T03:16:45.3334313Z ✔ an admitted call with no usable adapter is a typed refusal, not a crash (0.5857ms)
gateway-web	Run pnpm test	2026-10-07T03:16:45.3335514Z ✔ the budget result does not claim knowledge it does not have (0.6635ms)
gateway-web	Run pnpm test	2026-10-07T03:16:45.3336875Z ✔ one conversation continues while backend thread, provider and device metadata change (5.3131ms)
gateway-web	Run pnpm test	2026-10-07T03:16:45.3338385Z ✔ backend thread loss is reported and never becomes a silent false continuation (1.903ms)
gateway-web	Run pnpm test	2026-10-07T03:16:45.3339676Z ✔ InputBundle enforces bounds, media type, digest and provenance (2.3828ms)
gateway-web	Run pnpm test	2026-10-07T03:16:45.3341269Z ✔ temporary staging metadata always carries an explicit cleanup policy (2.1138ms)
gateway-web	Run pnpm test	2026-10-07T03:16:45.3343240Z ✔ partial events are ordered, versioned and never terminal, and RF envelopes stay non-canonical (1.2916ms)
gateway-web	Run pnpm test	2026-10-07T03:16:45.3344963Z ✔ cancellation is idempotent, works across channel changes, and reconciles late results (1.0688ms)
gateway-web	Run pnpm test	2026-10-07T03:16:45.3346477Z ✔ the conversation contract is closed, frozen and identity-independent (1.2834ms)
gateway-web	Run pnpm test	2026-10-07T03:16:45.3348416Z ✔ the canonical contract allow-list is decided by own keys (0.896ms)
gateway-web	Run pnpm test	2026-10-07T03:16:45.3349775Z ✔ the conversation policy is a bound, and a non-boolean cannot disable verification (0.7476ms)
gateway-web	Run pnpm test	2026-10-07T03:16:45.3351280Z ✔ a cyclic caller value cannot crash the freezer, and attachments are canonical records (0.9514ms)
gateway-web	Run pnpm test	2026-10-07T03:16:45.3352781Z ✔ a malformed caller instant is refused as a typed error (1.1097ms)
gateway-web	Run pnpm test	2026-10-07T03:16:45.3353693Z ✔ a settled turn cannot accept further transport data (0.8897ms)
gateway-web	Run pnpm test	2026-10-07T03:16:45.3354594Z ✔ a refused call leaves no partial write and no poisoned projection (0.6543ms)
gateway-web	Run pnpm test	2026-10-07T03:16:45.3356391Z ✔ each late result is reconciled under its own reference (0.5169ms)
gateway-web	Run pnpm test	2026-10-07T03:16:45.3363090Z ✔ the published stream carries cancellation and a conversation-level order (0.5502ms)
gateway-web	Run pnpm test	2026-10-07T03:16:45.3377790Z ✔ every free-text field is bounded (0.6234ms)
gateway-web	Run pnpm test	2026-10-07T03:16:45.3379767Z ✔ the staging cleanup deadline is a decision, not decoration (0.8047ms)
gateway-web	Run pnpm test	2026-10-07T03:16:45.3380797Z ✔ GENERAL_AI is reserved as a user-level route and the legacy routes are untouched (2.0177ms)
gateway-web	Run pnpm test	2026-10-07T03:16:45.3382024Z ✔ a historical product name is not a route, and an unknown route is refused not guessed (0.3287ms)
gateway-web	Run pnpm test	2026-10-07T03:16:45.3383687Z ✔ the gateway route vocabulary is exactly the contract vocabulary (0.265ms)
gateway-web	Run pnpm test	2026-10-07T03:16:45.3384934Z ✔ a canonical general-AI request validates and keeps typed backend references (2.2997ms)
gateway-web	Run pnpm test	2026-10-07T03:16:45.3386209Z ✔ unknown version, channel, state and malformed input are refused (0.9053ms)
gateway-web	Run pnpm test	2026-10-07T03:16:45.3387781Z ✔ no canonical envelope may carry raw credential, cookie or token bytes (0.8171ms)
gateway-web	Run pnpm test	2026-10-07T03:16:45.3390755Z ✔ provider, model, attention, usage and proposal envelopes validate strictly (0.6929ms)
gateway-web	Run pnpm test	2026-10-07T03:16:45.3392391Z ✔ partial output cannot mark an Action terminal and terminal status is final (0.4064ms)
gateway-web	Run pnpm test	2026-10-07T03:16:45.3393755Z ✔ a partial result carries in-flight status and a result envelope carries a terminal one (0.7806ms)
gateway-web	Run pnpm test	2026-10-07T03:16:45.3395076Z ✔ an idempotency key replayed for the same request returns the first result (0.5292ms)
gateway-web	Run pnpm test	2026-10-07T03:16:45.3396245Z ✔ the same idempotency key bound to a different request is refused (0.3304ms)
gateway-web	Run pnpm test	2026-10-07T03:16:45.3397518Z ✔ a deterministic local answer never reaches a general-AI channel (0.2921ms)
gateway-web	Run pnpm test	2026-10-07T03:16:45.3398647Z ✔ Web is the default channel and JEV failure degrades instead of blocking (0.1698ms)
gateway-web	Run pnpm test	2026-10-07T03:16:45.3399871Z ✔ Web failure does not silently trigger API, and API needs explicit user consent (0.1857ms)
gateway-web	Run pnpm test	2026-10-07T03:16:45.3401014Z ✔ budget policy runs after consent and can never substitute for it (0.1675ms)
gateway-web	Run pnpm test	2026-10-07T03:16:45.3402285Z ✔ another device is proposed, never chosen, and the interaction device does not move (0.4222ms)
gateway-web	Run pnpm test	2026-10-07T03:16:45.3403617Z ✔ API escalation requires a user confirmation reference, not a budget decision (0.9076ms)
gateway-web	Run pnpm test	2026-10-07T03:16:45.3405122Z ✔ a decision that needs the user becomes an attention request (0.348ms)
gateway-web	Run pnpm test	2026-10-07T03:16:45.3406283Z ✔ JEV output is advisory and a JEV failure degrades instead of blocking (0.5128ms)
gateway-web	Run pnpm test	2026-10-07T03:16:45.3407441Z ✔ programme ports are versioned, and non-conforming subjects are refused (0.4583ms)
gateway-web	Run pnpm test	2026-10-07T03:16:45.3409132Z ✔ the deterministic remote double never fakes a completed run (0.842ms)
gateway-web	Run pnpm test	2026-10-07T03:16:45.3410422Z ✔ the repository carries no runtime dependency on the historical product (161.7277ms)
gateway-web	Run pnpm test	2026-10-07T03:16:45.3411754Z ✔ the contract publishes its routing guarantees and error vocabulary (0.1812ms)
gateway-web	Run pnpm test	2026-10-07T03:16:45.3413260Z ✔ undeclared keys inherited from Object.prototype are refused, and a prototype key never is canonical (0.6575ms)
gateway-web	Run pnpm test	2026-10-07T03:16:45.3414965Z ✔ a secret-shaped name is refused in its plural and compound spellings, and a quantity is not a secret (0.2899ms)
gateway-web	Run pnpm test	2026-10-07T03:16:45.3416539Z ✔ raw credential bytes are refused in any field, not only in a secret-shaped one (0.3159ms)
gateway-web	Run pnpm test	2026-10-07T03:16:45.3418072Z ✔ a partial result cannot claim a terminal status by relabelling or omitting its source (0.9878ms)
gateway-web	Run pnpm test	2026-10-07T03:16:45.3419498Z ✔ UNAVAILABLE is final for this action, and entering it is still allowed (0.3019ms)
gateway-web	Run pnpm test	2026-10-07T03:16:45.3425214Z ✔ an advisory assessment carries advisory fields and nothing else (0.5163ms)
gateway-web	Run pnpm test	2026-10-07T03:16:45.3426879Z ✔ the linkage scanner catches real dependency shapes it used to miss, and still ignores provenance prose (0.4054ms)
gateway-web	Run pnpm test	2026-10-07T03:16:45.3428845Z ✔ availability, health, auth, rate limit and budget stay separate signals (5.2229ms)
gateway-web	Run pnpm test	2026-10-07T03:16:45.3429948Z ✔ stale health is distinguishable from healthy and never reported as healthy (1.0071ms)
gateway-web	Run pnpm test	2026-10-07T03:16:45.3431064Z ✔ a transient technical failure follows a bounded retry and backoff policy (1.0795ms)
gateway-web	Run pnpm test	2026-10-07T03:16:45.3433169Z ✔ human-blocked and ambiguous failures never auto-resume as a technical retry (1.135ms)
gateway-web	Run pnpm test	2026-10-07T03:16:45.3434723Z ✔ circuits are scoped so one failure cannot trip all AI or the local surfaces (2.5174ms)
gateway-web	Run pnpm test	2026-10-07T03:16:45.3435484Z ✔ a Web failure degrades honestly and never silently escalates to the API (0.6778ms)
gateway-web	Run pnpm test	2026-10-07T03:16:45.3436605Z ✔ the governor is strict, frozen, and free of ambient state (1.099ms)
gateway-web	Run pnpm test	2026-10-07T03:16:45.3437636Z ✔ the resilience policy bounds are real bounds (0.7676ms)
gateway-web	Run pnpm test	2026-10-07T03:16:45.3438631Z ✔ a malformed caller instant is refused as a typed error (1.2016ms)
gateway-web	Run pnpm test	2026-10-07T03:16:45.3439821Z ✔ a side-effecting failure is not retried without an idempotency key (0.5053ms)
gateway-web	Run pnpm test	2026-10-07T03:16:45.3441203Z ✔ a cyclic value cannot crash the freezer, and a degraded availability is named (0.4615ms)
gateway-web	Run pnpm test	2026-10-07T03:16:45.3442304Z ✔ the governor policy is a plain record (0.2431ms)
gateway-web	Run pnpm test	2026-10-07T03:16:45.3443658Z ✔ a caller instant cannot extend or shorten a circuit cooldown (0.6207ms)
gateway-web	Run pnpm test	2026-10-07T03:16:45.3445125Z ✔ an acknowledgment survives a replayed failure (0.4135ms)
gateway-web	Run pnpm test	2026-10-07T03:16:45.3446372Z ✔ a non-boolean flag cannot silently drop a proposal or an idempotency requirement (0.3153ms)
gateway-web	Run pnpm test	2026-10-07T03:16:45.3447914Z ✔ a degraded or unknown availability is never ready, and the report agrees with the query (0.8387ms)
gateway-web	Run pnpm test	2026-10-07T03:16:45.3453943Z ✔ provider, model and account identities stay distinct across multiple accounts (16.8732ms)
gateway-web	Run pnpm test	2026-10-07T03:16:45.3456436Z ✔ stale capability metadata is visible as stale and reads as unknown (0.93ms)
gateway-web	Run pnpm test	2026-10-07T03:16:45.3457746Z ✔ WEB and API readiness are answered independently and may differ (0.8472ms)
gateway-web	Run pnpm test	2026-10-07T03:16:45.3459048Z ✔ a missing provider, model or account produces typed absence, not a throw (1.0509ms)
gateway-web	Run pnpm test	2026-10-07T03:16:45.3460350Z ✔ canonical records refuse raw secret material and keep handles only (1.1551ms)
gateway-web	Run pnpm test	2026-10-07T03:16:45.3461625Z ✔ the registry starts empty and works entirely with synthetic providers (0.8739ms)
gateway-web	Run pnpm test	2026-10-07T03:16:45.3462738Z ✔ registry records are strict about their shape (1.7634ms)
gateway-web	Run pnpm test	2026-10-07T03:16:45.3464191Z ✔ undeclared keys inherited from Object.prototype are refused (1.0783ms)
gateway-web	Run pnpm test	2026-10-07T03:16:45.3466033Z ✔ a secret-shaped name is refused in its plural and compound spellings (0.3516ms)
gateway-web	Run pnpm test	2026-10-07T03:16:45.3467673Z ✔ raw credential bytes are refused in a declared text field, not only under a secret-shaped name (0.7446ms)
gateway-web	Run pnpm test	2026-10-07T03:16:45.3469219Z ✔ one reference cannot name two records, and a parent binding cannot be re-pointed (2.149ms)
gateway-web	Run pnpm test	2026-10-07T03:16:45.3470433Z ✔ a handle reference is content-addressed and epoch-scoped (0.439ms)
gateway-web	Run pnpm test	2026-10-07T03:16:45.3471536Z ✔ a stale or unavailable channel is not advertised as supported (0.8263ms)
gateway-web	Run pnpm test	2026-10-07T03:16:45.3472865Z ✔ a missing subject reports its own absence code, and a future observation is not fresh (0.336ms)
gateway-web	Run pnpm test	2026-10-07T03:16:45.3474212Z ✔ RS-201: enablement is REQUIRED, so an omitted field can never read as enabled (0.4305ms)
gateway-web	Run pnpm test	2026-10-07T03:16:45.3475680Z ✔ RS-201: enablement accepts exactly the two declared states and nothing that merely looks like one (1.278ms)
gateway-web	Run pnpm test	2026-10-07T03:16:45.3477259Z ✔ RS-201: DISABLED is a user choice, not a capability fact, and does not contaminate freshness (0.4316ms)
gateway-web	Run pnpm test	2026-10-07T03:16:45.3481565Z ✔ RS-201: region is required but explicitly nullable, and is never inferred (1.1503ms)
gateway-web	Run pnpm test	2026-10-07T03:16:45.3484068Z ✔ RS-201: the availability reason vocabulary carries all seven required categories (0.2252ms)
gateway-web	Run pnpm test	2026-10-07T03:16:45.3485299Z ✔ RS-201: disable and re-enable are reversible and destroy nothing (0.5526ms)
gateway-web	Run pnpm test	2026-10-07T03:16:45.3486527Z ✔ RS-201: setEnablement refuses a bad state and answers a bad reference with a typed absence (0.819ms)
gateway-web	Run pnpm test	2026-10-07T03:16:45.3487845Z ✔ RS-201: a provider with dependents is REFUSED removal, and the dependents are named (0.5349ms)
gateway-web	Run pnpm test	2026-10-07T03:16:45.3489186Z ✔ RS-201: removal tombstones the reference, so RETIRED is distinguishable from UNKNOWN (0.3344ms)
gateway-web	Run pnpm test	2026-10-07T03:16:45.3490547Z ✔ RS-201: restore is the explicit act that makes a removed reference registerable again (0.3464ms)
gateway-web	Run pnpm test	2026-10-07T03:16:45.3491902Z ✔ RS-201: unavailability never removes anything - only an explicit user remove() does (0.2611ms)
gateway-web	Run pnpm test	2026-10-07T03:16:45.3493174Z ✔ RS-201: models and accounts are removable once they have no dependents of their own (0.2696ms)
gateway-web	Run pnpm test	2026-10-07T03:16:45.3494473Z ✔ RS-201: a fresh, enabled, unimpeded record is the ONLY thing that reads AVAILABLE (0.3727ms)
gateway-web	Run pnpm test	2026-10-07T03:16:45.3495787Z ✔ RS-201: staleness is NOT live truth - a stale observation is UNKNOWN, never AVAILABLE (0.2342ms)
gateway-web	Run pnpm test	2026-10-07T03:16:45.3497125Z ✔ RS-201: region is checked only against a DECLARED region, so a neutral provider never mismatches (0.1974ms)
gateway-web	Run pnpm test	2026-10-07T03:16:45.3498495Z ✔ RS-201: session and credential reasons come from the account status, and stay apart (0.3447ms)
gateway-web	Run pnpm test	2026-10-07T03:16:45.3499793Z ✔ RS-201: a channel that is UNAVAILABLE is a service fault, and neither is selectable (0.1542ms)
gateway-web	Run pnpm test	2026-10-07T03:16:45.3501350Z ✔ RS-201: precedence is ordered and the user instruction outranks every observation (0.3645ms)
gateway-web	Run pnpm test	2026-10-07T03:16:45.3502714Z ✔ RS-201: the candidate list keeps refused entries WITH their reasons rather than hiding them (0.9649ms)
gateway-web	Run pnpm test	2026-10-07T03:16:45.3504402Z ✔ RS-201: an all-refused pool and an empty pool are distinct, named conditions (0.2545ms)
gateway-web	Run pnpm test	2026-10-07T03:16:45.3505606Z ✔ RS-201: a suggestion is structurally incapable of being an execution (0.3946ms)
gateway-web	Run pnpm test	2026-10-07T03:16:45.3507097Z ✔ RS-201: when nothing is selectable the suggestion says so instead of inventing a fallback (0.8809ms)
gateway-web	Run pnpm test	2026-10-07T03:16:45.3508445Z ✔ RS-201: a probe that answers inside the bound is FRESH, and is then served from cache (0.7589ms)
gateway-web	Run pnpm test	2026-10-07T03:16:45.3509684Z ✔ RS-201: the bound HOLDS - a probe that never answers cannot block the caller (43.4217ms)
gateway-web	Run pnpm test	2026-10-07T03:16:45.3510912Z ✔ RS-201: a missed bound degrades to the last known answer, marked as degraded and aged (41.23ms)
gateway-web	Run pnpm test	2026-10-07T03:16:45.3512270Z ✔ RS-201: when nothing was ever known, the bound yields NO_DATA and never invents availability (37.3022ms)
gateway-web	Run pnpm test	2026-10-07T03:16:45.3513614Z ✔ RS-201: a probe that throws degrades instead of propagating into the calling path (0.8234ms)
gateway-web	Run pnpm test	2026-10-07T03:16:45.3514901Z ✔ RS-201: the probe reports its own bounds and refuses an unusable configuration (0.2667ms)
gateway-web	Run pnpm test	2026-10-07T03:16:45.3516208Z ✔ RS-201: the outcome vocabulary keeps a degraded answer distinguishable from a fresh one (0.1362ms)
gateway-web	Run pnpm test	2026-10-07T03:16:45.3517600Z ✔ a healthy current device is preferred, so nothing moves and nothing is interrupted (4.2102ms)
gateway-web	Run pnpm test	2026-10-07T03:16:45.3518887Z ✔ endpoints are ranked from metadata only, and stale or offline ones are never healthy (2.1822ms)
gateway-web	Run pnpm test	2026-10-07T03:16:45.3520020Z ✔ no execution begins before the V1 device-switch confirmation (1.1835ms)
gateway-web	Run pnpm test	2026-10-07T03:16:45.3521260Z ✔ exactly one canonical Action exists on the execution host, and every event correlates to it (1.2391ms)
gateway-web	Run pnpm test	2026-10-07T03:16:45.3524477Z ✔ remote cancel works from any authorized device and reconciles late results (1.3562ms)
gateway-web	Run pnpm test	2026-10-07T03:16:45.3526024Z ✔ hardware-bound authentication surfaces as ATTENTION_REQUIRED, never as false success (1.0541ms)
gateway-web	Run pnpm test	2026-10-07T03:16:45.3527495Z ✔ semantic input staging carries an explicit cleanup policy, and the router is strict (1.7651ms)
gateway-web	Run pnpm test	2026-10-07T03:16:45.3528803Z ✔ the policy cannot switch off confirmation or the health ceilings (0.5474ms)
gateway-web	Run pnpm test	2026-10-07T03:16:45.3530005Z ✔ the approved endpoint must still be healthy at dispatch time (0.6442ms)
gateway-web	Run pnpm test	2026-10-07T03:16:45.3531046Z ✔ a malformed caller instant is refused as a typed error (0.9763ms)
gateway-web	Run pnpm test	2026-10-07T03:16:45.3534053Z ✔ a settled action is not regressed by a late attention request (0.5221ms)
gateway-web	Run pnpm test	2026-10-07T03:16:45.3536302Z ✔ a cancellation event is terminal because the action is (0.4322ms)
gateway-web	Run pnpm test	2026-10-07T03:16:45.3537485Z ✔ a cyclic caller value cannot crash the freezer, and stored text is typed (1.0391ms)
gateway-web	Run pnpm test	2026-10-07T03:16:45.3542454Z ✔ a non-boolean requirement cannot skip an exclusion (0.4022ms)
gateway-web	Run pnpm test	2026-10-07T03:16:45.3543529Z ✔ a live action id cannot bypass the confirmation gates (0.6319ms)
gateway-web	Run pnpm test	2026-10-07T03:16:45.3544696Z ✔ an executor refusal is not recorded as a dispatch (0.4932ms)
gateway-web	Run pnpm test	2026-10-07T03:16:45.3545718Z ✔ a hardware-bound action stays addressable while it awaits the user (0.4796ms)
gateway-web	Run pnpm test	2026-10-07T03:16:45.3547321Z ✔ a success carries its result, and an exact replay is not applied twice (0.4176ms)
gateway-web	Run pnpm test	2026-10-07T03:16:45.3548426Z ✔ a cancellation is only reported when the executor accepted it (0.5976ms)
gateway-web	Run pnpm test	2026-10-07T03:16:45.3549450Z ✔ a known deterministic command consults no JEV and no provider (3.7041ms)
gateway-web	Run pnpm test	2026-10-07T03:16:45.3550612Z ✔ JEV recommends, gateway policy decides, and both are independently auditable (0.6687ms)
gateway-web	Run pnpm test	2026-10-07T03:16:45.3551855Z ✔ unavailable, timed-out, malformed and low-confidence JEV is non-blocking (1.0128ms)
gateway-web	Run pnpm test	2026-10-07T03:16:45.3552864Z ✔ JEV cannot execute an Action or grant permission (1.3163ms)
gateway-web	Run pnpm test	2026-10-07T03:16:45.3554179Z ✔ engineering intent routes to the Engineering programme, never to General AI (0.8203ms)
gateway-web	Run pnpm test	2026-10-07T03:16:45.3555240Z ✔ the router is strict, frozen and free of ambient state (1.558ms)
gateway-web	Run pnpm test	2026-10-07T03:16:45.3556264Z ✔ a classification that carries an execution is refused however it is hidden (0.4672ms)
gateway-web	Run pnpm test	2026-10-07T03:16:45.3557421Z ✔ policy values are validated, so a route cannot be invented or a gate removed (0.5067ms)
gateway-web	Run pnpm test	2026-10-07T03:16:45.3558420Z ✔ command records are strict and instants are real (0.8232ms)
gateway-web	Run pnpm test	2026-10-07T03:16:45.3559462Z ✔ deterministic local commands route exactly as before (3.2118ms)
gateway-web	Run pnpm test	2026-10-07T03:16:45.3560516Z ✔ an ordinary AI request produces a GENERAL_AI Action with provenance as advanced state (1.5073ms)
gateway-web	Run pnpm test	2026-10-07T03:16:45.3562206Z ✔ device-switch and API proposals never navigate the user away, and remote results return to the action (1.5562ms)
gateway-web	Run pnpm test	2026-10-07T03:16:45.3563703Z ✔ an API proposal requires explicit confirmation and shows the budget outcome before execution (1.2097ms)
gateway-web	Run pnpm test	2026-10-07T03:16:45.3564999Z ✔ attention is projected into canonical shared state, never a GAI-only store (1.0144ms)
gateway-web	Run pnpm test	2026-10-07T03:16:45.3566320Z ✔ cancel and control work from Web and Android for the same Action, with one shared history (0.9186ms)
gateway-web	Run pnpm test	2026-10-07T03:16:45.3567630Z ✔ no path claims success while the backend is unavailable, and legacy routes are refused (1.6977ms)
gateway-web	Run pnpm test	2026-10-07T03:16:45.3568996Z ✔ nothing is reported as executed without a channel, and a confirmed device is not rewritten (0.4876ms)
gateway-web	Run pnpm test	2026-10-07T03:16:45.3570258Z ✔ the first terminal result is the action truth and cannot be rewritten (0.7068ms)
gateway-web	Run pnpm test	2026-10-07T03:16:45.3573400Z ✔ the advanced view keeps real identifiers and refuses unreadable provenance (0.7635ms)
gateway-web	Run pnpm test	2026-10-07T03:16:45.3575406Z ✔ a crashing port is a typed refusal and instants are real (0.5219ms)
gateway-web	Run pnpm test	2026-10-07T03:16:45.3576140Z ✔ a cancelled action cannot be advanced, proposed to, projected, or executed (0.458ms)
gateway-web	Run pnpm test	2026-10-07T03:16:45.3576800Z ✔ an approved API proposal is consumed by its one execution (0.3609ms)
gateway-web	Run pnpm test	2026-10-07T03:16:45.3577494Z ✔ a shared Attention port that refuses is refused, not claimed as canonical state (0.5796ms)
gateway-web	Run pnpm test	2026-10-07T03:16:45.3578236Z ✔ success is refused while canonical attention is outstanding, even after a resume (0.3686ms)
gateway-web	Run pnpm test	2026-10-07T03:16:45.3578917Z ✔ the routing policy decides whether the local matcher runs first (0.2759ms)
gateway-web	Run pnpm test	2026-10-07T03:16:45.3579960Z ✔ the canonical history names the device that acted (0.3303ms)
gateway-web	Run pnpm test	2026-10-07T03:16:45.3580907Z ✔ a device-switch confirmation cannot revive a cancelled action (0.3352ms)
gateway-web	Run pnpm test	2026-10-07T03:16:45.3581626Z ✔ Web is the default execution channel and execution is bound to a profile handle (2.8283ms)
gateway-web	Run pnpm test	2026-10-07T03:16:45.3582638Z ✔ a channel state that cannot execute is a typed refusal (1.7087ms)
gateway-web	Run pnpm test	2026-10-07T03:16:45.3583190Z ✔ partial output is never reported as the final result (0.5686ms)
gateway-web	Run pnpm test	2026-10-07T03:16:45.3583933Z ✔ cancel is typed and idempotent (0.5388ms)
gateway-web	Run pnpm test	2026-10-07T03:16:45.3584726Z ✔ a persistent login survives an allowed restart when the profile handle still resolves (1.1126ms)
gateway-web	Run pnpm test	2026-10-07T03:16:45.3586278Z ✔ a profile that cannot be resolved reports AUTH_REQUIRED instead of a silent fresh login (0.2542ms)
gateway-web	Run pnpm test	2026-10-07T03:16:45.3587475Z ✔ raw cookies, storage and tokens never enter persisted City state (0.5732ms)
gateway-web	Run pnpm test	2026-10-07T03:16:45.3588240Z ✔ real-provider acceptance is recorded, never fabricated (0.2676ms)
gateway-web	Run pnpm test	2026-10-07T03:16:45.3589181Z ✔ a restore may not take over a live session (0.5421ms)
gateway-web	Run pnpm test	2026-10-07T03:16:45.3589873Z ✔ a persisted state must be this module version and cannot hide raw browser state (1.1805ms)
gateway-web	Run pnpm test	2026-10-07T03:16:45.3590458Z ✔ a persisted instant must be a real instant (0.4263ms)
gateway-web	Run pnpm test	2026-10-07T03:16:45.3591079Z ✔ a persisted state must be a bare own-property object, and accountRef a reference (0.4176ms)
gateway-web	Run pnpm test	2026-10-07T03:16:45.3591898Z ✔ a completion whose session is gone is refused, and case-variant raw state is still raw state (0.4472ms)
gateway-web	Run pnpm test	2026-10-07T03:18:34.7720477Z ✔ two installation launchers share one City across ports and recover the same identity after a crash (110254.6545ms)
gateway-web	Run pnpm test	2026-10-07T03:18:35.0154680Z ✔ forgetting migrated enrollment cannot import the legacy credential again (243.7386ms)
gateway-web	Run pnpm test	2026-10-07T03:18:37.1487641Z ✔ remote short code enrolls with a local member agent and reconnects without launching a host City (2133.4202ms)
gateway-web	Run pnpm test	2026-10-07T03:18:40.7721126Z ✔ PRIMARY launcher reports successful MEMBER transition and normal main restart preserves it (3624.4931ms)
gateway-web	Run pnpm test	2026-10-07T03:18:40.7890353Z ✔ host reservation is atomic across requested ports and retains the canonical data directory (98.4167ms)
gateway-web	Run pnpm test	2026-10-07T03:18:40.7892503Z ✔ joining only demotes the local host, saves its admission name and leaves remote City intact (177.9734ms)
gateway-web	Run pnpm test	2026-10-07T03:18:40.7894062Z ✔ failed pairing and busy local work do not demote or write a new membership (46.7268ms)
gateway-web	Run pnpm test	2026-10-07T03:18:40.7896638Z ✔ native production transition retires only local Gateway and its worker, while remote host stays primary (263.2641ms)
gateway-web	Run pnpm test	2026-10-07T03:18:40.7898630Z ✔ selected MEMBER role survives coordinator crash without replacing the original City pointer (5.2729ms)
gateway-web	Run pnpm test	2026-10-07T03:18:40.7902704Z ✔ startup preflight recognizes old absolute Windows paths and refuses duplicate Cities (6.0937ms)
gateway-web	Run pnpm test	2026-10-07T03:18:40.7905715Z ✔ an interrupted Windows inventory is an explicit blocking error, never an empty host (1.131ms)
gateway-web	Run pnpm test	2026-10-07T03:18:40.7907671Z ✔ a relative Gateway path with an inconclusive identity probe blocks startup (0.4105ms)
gateway-web	Run pnpm test	2026-10-07T03:18:40.7911788Z ✔ a cold Windows inventory timeout retries one complete scan before declaring the host empty (1.5475ms)
gateway-web	Run pnpm test	2026-10-07T03:18:40.7914511Z ✔ a persistent inventory timeout refuses after exactly two attempts (0.6942ms)
gateway-web	Run pnpm test	2026-10-07T03:18:40.7916497Z ✔ a non-timeout inventory error refuses without retrying (0.6125ms)
gateway-web	Run pnpm test	2026-10-07T03:18:40.7918982Z ✔ mixed timeout and non-timeout failures cannot hide a blocking inventory error (0.7142ms)
gateway-web	Run pnpm test	2026-10-07T03:18:40.7920758Z ✔ REVIEW JOIN-501 A1: when ANOTHER client replaces the canonical session, the first page stops showing a dead code (6181.3532ms)
gateway-web	Run pnpm test	2026-10-07T03:18:40.7923104Z ✔ REVIEW JOIN-501 A2: a real WebSocket drop and the product’s own reconnect neither create nor lose a session (6518.9966ms)
gateway-web	Run pnpm test	2026-10-07T03:18:40.7924796Z ✔ REVIEW JOIN-501 A3: a burst of same-task clicks can create at most one session (9310.5478ms)
gateway-web	Run pnpm test	2026-10-07T03:18:40.7927169Z ✔ REVIEW JOIN-501 A4: a code that expires while the tab is HIDDEN is not restored as ACTIVE (12026.3419ms)
gateway-web	Run pnpm test	2026-10-07T03:18:40.7928827Z ✔ JOIN-502: a join request grants nothing until an already trusted device approves it (134.9928ms)
gateway-web	Run pnpm test	2026-10-07T03:18:40.7931091Z ✔ JOIN-502: the browse is authenticated, and a nearby City never makes this City mint a pairing code (755.7197ms)
gateway-web	Run pnpm test	2026-10-07T03:18:40.7932703Z ✔ JOIN-502: a duplicate or replayed request is bounded, not a second approval card (64.7514ms)
gateway-web	Run pnpm test	2026-10-07T03:18:40.7934207Z ✔ JOIN-502: a rejected request stays rejected, and re-asking after a rejection is refused (62.4869ms)
gateway-web	Run pnpm test	2026-10-07T03:18:40.7935957Z ✔ JOIN-502: an expired request cannot be approved back into life, and expiry does not need a request to happen (55.9381ms)
gateway-web	Run pnpm test	2026-10-07T03:18:40.7937553Z ✔ JOIN-502: the request list is BOUNDED, and a decision survives a City restart (101.5938ms)
gateway-web	Run pnpm test	2026-10-07T03:18:40.7940782Z ✔ JOIN-502: the state machine refuses what it cannot honour, instead of guessing (8.0015ms)
gateway-web	Run pnpm test	2026-10-07T03:18:40.7943049Z ✔ JOIN-502: an approval reaches OTHER surfaces as a canonical event, not only the owner that made it (55.1546ms)
gateway-web	Run pnpm test	2026-10-07T03:18:40.7944850Z ✔ JOIN-502: decisions are canonical events, and their payloads carry no secret (38.7295ms)
gateway-web	Run pnpm test	2026-10-07T03:18:40.7946313Z ✔ JOIN-502 discovery adapter: a discovered City is a candidate, never a credential (2.6248ms)
gateway-web	Run pnpm test	2026-10-07T03:18:40.7947891Z ✔ JOIN-502 discovery adapter: the same City advertised twice is ONE row, and the newest address wins (0.5605ms)
gateway-web	Run pnpm test	2026-10-07T03:18:40.7949728Z ✔ JOIN-502 discovery adapter: a stale or future-dated sighting is not offered, and an unidentified one is not merged (4.5874ms)
gateway-web	Run pnpm test	2026-10-07T03:18:40.7952718Z ✔ JOIN-502 discovery adapter: a row with no reachable endpoint is refused rather than offered (3.0364ms)
gateway-web	Run pnpm test	2026-10-07T03:18:40.7954412Z ✔ JOIN-502 discovery adapter: the probe fails SOFT - no probe, no fetch or a bad answer is an empty list (1.6152ms)
gateway-web	Run pnpm test	2026-10-07T03:18:40.7956308Z ✔ JOIN-502 gateway browse: mDNS records become RF-003 advertisements, and the contract still refuses to pair from them (4.6ms)
gateway-web	Run pnpm test	2026-10-07T03:18:40.7958317Z ✔ JOIN-502 gateway browse: the view carries the ADVERTISED address and withholds it once stale (39.7537ms)
gateway-web	Run pnpm test	2026-10-07T03:18:40.7959933Z ✔ JOIN-502 capability statement: a City states what it accepts instead of a client guessing (0.4014ms)
gateway-web	Run pnpm test	2026-10-07T03:18:40.7961471Z ✔ P1-P5 discovery, request, approval and exchange hold the workbook boundaries (138.4908ms)
gateway-web	Run pnpm test	2026-10-07T03:18:40.7963516Z     OBSERVED: /pairing/info bad-version -> 200; /pairing/session bad-version -> 409
gateway-web	Run pnpm test	2026-10-07T03:18:40.7966024Z ✔ P6 REGRESSION PROBE the version check on the legacy public pairing routes (34.3905ms)
gateway-web	Run pnpm test	2026-10-07T03:18:40.7968378Z ✔ the browse is reachable WITHOUT a credential, because a joining PC has none (2081.1588ms)
gateway-web	Run pnpm test	2026-10-07T03:18:40.7971559Z ✔ the DECISION routes stay authenticated: a public read must not widen into a public write (38.4935ms)
gateway-web	Run pnpm test	2026-10-07T03:18:40.7975164Z ✔ the version check still applies to the join routes that are public (26.8204ms)
gateway-web	Run pnpm test	2026-10-07T03:18:40.7979589Z ✔ JOIN-502 surface: a nearby City is offered without being trusted, and joining waits for an approval (6195.712ms)
gateway-web	Run pnpm test	2026-10-07T03:18:40.7983927Z ✔ JOIN-502 surface: a refused browse still offers the fallbacks, and a rejected ask leaves the device untrusted (6816.1512ms)
gateway-web	Run pnpm test	2026-10-07T03:18:40.7986910Z ✔ JOIN-503 (1)(2): one join enrolls an installation, and a RESTART reconnects with nothing typed (150.199ms)
gateway-web	Run pnpm test	2026-10-07T03:18:40.7989715Z ✔ JOIN-503 (3): an EXPIRED session is replaced by an internal re-auth, with no user-visible token prompt (48.9424ms)
gateway-web	Run pnpm test	2026-10-07T03:18:40.7992179Z ✔ JOIN-503 (4)(5): REVOKE denies reconnect, and a revoked installation cannot mint new membership (44.8683ms)
gateway-web	Run pnpm test	2026-10-07T03:18:40.7993805Z ✔ JOIN-503 (6): a REINSTALL mints new identities and is unbound until an explicit rebind (49.3742ms)
gateway-web	Run pnpm test	2026-10-07T03:18:40.7995467Z ✔ JOIN-503 (7): the secret-exposure sweep - no durable secret in the snapshot, events, records or a URL (41.9749ms)
gateway-web	Run pnpm test	2026-10-07T03:18:40.7996966Z ✔ JOIN-503: a broken or foreign device file is refused rather than half-used (5.4208ms)
gateway-web	Run pnpm test	2026-10-07T03:18:40.7999250Z ✔ JOIN-503 (8): the engineering manual fallback still exists and is not the default path (32.1914ms)
gateway-web	Run pnpm test	2026-10-07T03:18:40.8001423Z ✔ JOIN-503: an invite of either shape is understood, and junk is refused instead of guessed at (0.6515ms)
gateway-web	Run pnpm test	2026-10-07T03:18:40.8003108Z ✔ JOIN-503: enrollment events are emitted on a CLONE, which is the population-level half of detection (40.0636ms)
gateway-web	Run pnpm test	2026-10-07T03:18:40.8004844Z ✔ REVIEW JOIN-503 D-1/D-2: a session may act on ITSELF and on nothing else (195.0458ms)
gateway-web	Run pnpm test	2026-10-07T03:18:40.8006341Z ✔ D-1: an enrolled session may NOT revoke another installation, and the refusal really refuses (182.146ms)
gateway-web	Run pnpm test	2026-10-07T03:18:40.8009702Z ✔ D-2: a session sees ONLY itself - not the roster, and not the City-wide clone scan (69.6998ms)
gateway-web	Run pnpm test	2026-10-07T03:18:40.8012449Z ✔ D-1/D-2: the owner keeps FULL authority, so the repair did not break the surface it protects (66.2026ms)
gateway-web	Run pnpm test	2026-10-07T03:18:40.8014015Z ✔ D-1/D-2: the two sibling guards the review compared against are still in place (45.8955ms)
gateway-web	Run pnpm test	2026-10-07T03:18:40.8015601Z ✔ Android approval enrolls a named member; durable reconnect survives City restart and self-revoke (356.2373ms)
gateway-web	Run pnpm test	2026-10-07T03:18:40.8017367Z ✔ LINK: two independent Cities link over a pipe the main City dialled out, and a join completes across it (132.5636ms)
gateway-web	Run pnpm test	2026-10-07T03:18:40.8018942Z ✔ MESH-301 naming: a fresh machine joins as Alien-Win, and that name is persisted (1.1139ms)
gateway-web	Run pnpm test	2026-10-07T03:18:40.8020660Z ✔ MESH-301 naming: RENAMING changes the label and never the physical identity (0.1665ms)
gateway-web	Run pnpm test	2026-10-07T03:18:40.8022174Z ✔ MESH-301 naming: the persisted identity beats the default even with no arguments at all (0.1489ms)
gateway-web	Run pnpm test	2026-10-07T03:18:40.8023605Z ✔ MESH-301 naming: an explicit environment identity wins and is persisted (0.1935ms)
gateway-web	Run pnpm test	2026-10-07T03:18:40.8026561Z ✔ MESH-301 naming: --id wins, and the flag does NOT swallow the display name (0.2343ms)
gateway-web	Run pnpm test	2026-10-07T03:18:40.8028406Z ✔ MESH-301 naming: an unreadable identity store does not stop the node, and the default still applies (0.228ms)
gateway-web	Run pnpm test	2026-10-07T03:18:40.8029977Z ✔ targeting: an absent or empty target means untargeted, never an error (1.0658ms)
gateway-web	Run pnpm test	2026-10-07T03:18:40.8031310Z ✔ targeting: a malformed target is a typed refusal, not a silently ignored field (0.2441ms)
gateway-web	Run pnpm test	2026-10-07T03:18:40.8032857Z ✔ targeting: the claim rule is total - untargeted always allowed, strict only for the named device (0.2125ms)
gateway-web	Run pnpm test	2026-10-07T03:18:40.8036113Z ✔ targeting: KNOWN, ONLINE and ELIGIBLE are three questions, and only the last one is claimable (0.3593ms)
gateway-web	Run pnpm test	2026-10-07T03:18:40.8037791Z ✔ targeting: a withheld task names the device it is held for and the device that asked (0.9827ms)
gateway-web	Run pnpm test	2026-10-07T03:18:40.8039073Z ✔ targeting: waiting means strict, unfinished and unclaimed (0.1626ms)
gateway-web	Run pnpm test	2026-10-07T03:18:40.8040596Z ✔ MESH-301 step 3: a strict target routes to one device, waits when that device is away, and never reroutes (1399.7567ms)
gateway-web	Run pnpm test	2026-10-07T03:18:40.8042444Z ✔ D-R1: a surface with two sockets is ONE surface, and only the last socket closing announces its departure (1321.4374ms)
gateway-web	Run pnpm test	2026-10-07T03:18:40.8044589Z ✔ D-R1: an ANONYMOUS surface is still recorded, and anonymous sockets do not silence each other (751.7012ms)
gateway-web	Run pnpm test	2026-10-07T03:18:40.8047018Z ✔ records mission events and finalizes a verified episode (543.9682ms)
gateway-web	Run pnpm test	2026-10-07T03:18:40.8048135Z ✔ refuses same host for migration and verification (312.9051ms)
gateway-web	Run pnpm test	2026-10-07T03:18:40.8049642Z ✔ bounded canonical projection exposes active task, binding and exact event evidence without raw secrets (207.9157ms)
gateway-web	Run pnpm test	2026-10-07T03:18:40.8051459Z ✔ overflow and missing history remain visible; fresh snapshot reflects canonical state, not cached truth (204.92ms)
gateway-web	Run pnpm test	2026-10-07T03:18:40.8053024Z ✔ slow/disconnected observation never gates real canonical task persistence (142.8573ms)
gateway-web	Run pnpm test	2026-10-07T03:18:40.8055555Z ✔ real API claim/report projection follows persisted lifecycle and cannot execute commands (190.4502ms)
gateway-web	Run pnpm test	2026-10-07T03:18:40.8058039Z ✔ stalled HTTP monitor request and broken reader leave independent create/cancel requests working (144.7095ms)
gateway-web	Run pnpm test	2026-10-07T03:18:40.8059846Z ✔ invalid limits cannot create unbounded queries, single flight and unknown populations stay honest (127.1421ms)
gateway-web	Run pnpm test	2026-10-07T03:18:40.8061425Z ✔ deleted historical prefix and tail cannot be reported as complete history (150.2116ms)
gateway-web	Run pnpm test	2026-10-07T03:18:40.8062977Z ✔ Gateway shares outstanding observation and retains stale last view on later source failure (131.5701ms)
gateway-web	Run pnpm test	2026-10-07T03:18:40.8065845Z ✔ same LAN is direct, and it is chosen FIRST so the common case pays for nothing (2.0491ms)
gateway-web	Run pnpm test	2026-10-07T03:18:40.8068734Z ✔ a peer that cannot be dialled uses the outbound relay when one exists - no account, no router change (0.2103ms)
gateway-web	Run pnpm test	2026-10-07T03:18:40.8071348Z ✔ an overlay the user ALREADY has beats asking them to create one (0.167ms)
gateway-web	Run pnpm test	2026-10-07T03:18:40.8073527Z ✔ a forwarded port is offered WITH its cost, as an Owner decision rather than a silent choice (0.188ms)
gateway-web	Run pnpm test	2026-10-07T03:18:40.8075392Z ✔ two PCs on different networks with no relay and no overlay get an HONEST none plus the Owner question (0.2499ms)
gateway-web	Run pnpm test	2026-10-07T03:18:40.8076947Z ✔ a /24 mismatch is only used to prefer a direct attempt, never to claim reachability (0.1596ms)
gateway-web	Run pnpm test	2026-10-07T03:18:40.8078221Z ✔ loopback and Bluetooth are direct, with their reasons stated (0.2271ms)
gateway-web	Run pnpm test	2026-10-07T03:18:40.8080556Z ✔ the group plan reports the HARDEST peer as what the group requires, not the easiest (1.0735ms)
gateway-web	Run pnpm test	2026-10-07T03:18:40.8082517Z ✔ when every peer needs the Owner, the plan says so and lists them rather than offering a spinner (0.3702ms)
gateway-web	Run pnpm test	2026-10-07T03:18:40.8085717Z ✔ an empty group and junk input are answered, not thrown at (0.4229ms)
gateway-web	Run pnpm test	2026-10-07T03:18:40.8087178Z ✔ the preference list is exported so the order is reviewable rather than buried (0.188ms)
gateway-web	Run pnpm test	2026-10-07T03:18:40.8089805Z ✔ real node executes file checkpoint task; cancelled task stays cancelled (1153.7658ms)
gateway-web	Run pnpm test	2026-10-07T03:18:40.8091751Z ✔ custom City lockout never directs users to an unrelated Alien host; explicit renewal remains usable (142.7644ms)
gateway-web	Run pnpm test	2026-10-07T03:18:40.8094374Z ✔ mDNS tries reachable advertised addresses instead of trusting lexical order (17.5728ms)
gateway-web	Run pnpm test	2026-10-07T03:18:40.8096876Z ✔ a multicast browse error is unavailable, not a successful empty search (0.4687ms)
gateway-web	Run pnpm test	2026-10-07T03:18:40.8099763Z ✔ Bluetooth scanning decodes the existing Android locator and reports unsupported hosts (0.5759ms)
gateway-web	Run pnpm test	2026-10-07T03:18:40.8103107Z ✔ Bluetooth discovery retains the default HTTP port and verifies the endpoint identity (0.5436ms)
gateway-web	Run pnpm test	2026-10-07T03:18:40.8104633Z ✔ N3: a pairing session offers a WEB link a second PC can open, without replacing the QR payload (28.2616ms)
gateway-web	Run pnpm test	2026-10-07T03:18:40.8107506Z ✔ N3: the session route hands the web link to the surface, so the page has something to show (99.5938ms)
gateway-web	Run pnpm test	2026-10-07T03:18:40.8109844Z ✔ N3: the pairing entry exists in BOTH states the page can be in (1.2674ms)
gateway-web	Run pnpm test	2026-10-07T03:18:40.8111454Z ✔ N3: the page can take a link from the address bar, and it asks before it connects (0.6482ms)
gateway-web	Run pnpm test	2026-10-07T03:18:40.8114226Z ✔ IDLE: no session exists until create() is called, and a read never changes that (1.5409ms)
gateway-web	Run pnpm test	2026-10-07T03:18:40.8115672Z ✔ generate once: exactly one ACTIVE session with the City payload kept verbatim (1.009ms)
gateway-web	Run pnpm test	2026-10-07T03:18:40.8118660Z ✔ ACTIVE is FINAL against re-generation: a second create() cannot rotate the code (0.9984ms)
gateway-web	Run pnpm test	2026-10-07T03:18:40.8120083Z ✔ ordinary reads keep the SAME id, code and payload (0.3119ms)
gateway-web	Run pnpm test	2026-10-07T03:18:40.8123103Z ✔ CONSUMED: the City reporting a different canonical session ends ACTIVE as USED, not as a mystery (0.2596ms)
gateway-web	Run pnpm test	2026-10-07T03:18:40.8124851Z ✔ EXPIRED: the countdown tick ends the session, names it EXPIRED, and creates nothing (0.217ms)
gateway-web	Run pnpm test	2026-10-07T03:18:40.8127916Z ✔ a second EXPLICIT generate after expiry produces a new, different session (0.2643ms)
gateway-web	Run pnpm test	2026-10-07T03:18:40.8129442Z ✔ a malformed session response creates nothing (a half-session is not rendered) (0.3524ms)
gateway-web	Run pnpm test	2026-10-07T03:18:40.8137199Z ✔ reload persistence: the SAME valid session is restored, with its original expiry (0.4481ms)
gateway-web	Run pnpm test	2026-10-07T03:18:40.8140695Z ✔ a stored session that expired while the page was away comes back EXPIRED, never as a new code (0.3347ms)
gateway-web	Run pnpm test	2026-10-07T03:18:40.8142751Z ✔ a corrupt or foreign storage record is dropped rather than half-rendered (0.3092ms)
gateway-web	Run pnpm test	2026-10-07T03:18:40.8144619Z ✔ an explicit user clear names its reason and still creates nothing (0.1859ms)
gateway-web	Run pnpm test	2026-10-07T03:18:40.8145962Z ✔ clearOnSessionChanged is a no-op while the City still reports our own session (0.2125ms)
gateway-web	Run pnpm test	2026-10-07T03:18:40.8147943Z ✔ when the City session vanished AND ours is past expiry, the reason reported is EXPIRED (0.1491ms)
gateway-web	Run pnpm test	2026-10-07T03:18:40.8149275Z ✔ a new session after a terminal state is a full fresh display, and generate stays offered only when idle (1.0074ms)
gateway-web	Run pnpm test	2026-10-07T03:18:40.8150883Z ✔ pairing input survives slow typing, refresh, navigation and a failed attempt (14396.8196ms)
gateway-web	Run pnpm test	2026-10-07T03:18:40.8151689Z ✔ a six digit code pairs to the City serving the disconnected page (2177.732ms)
gateway-web	Run pnpm test	2026-10-07T03:18:40.8153035Z ✔ LAN search selects a peer and hands the code to its origin without a cross-origin POST (2072.9477ms)
gateway-web	Run pnpm test	2026-10-07T03:18:40.8154611Z ✔ BLE_BOOTSTRAP search selects a peer and hands the code to its origin without a cross-origin POST (3272.7679ms)
gateway-web	Run pnpm test	2026-10-07T03:18:40.8155533Z ✔ Bluetooth search is actionable and explains an unavailable radio (2955.4962ms)
gateway-web	Run pnpm test	2026-10-07T03:18:40.8157925Z ✔ a failed code handoff retains the target identity on retries (3859.386ms)
gateway-web	Run pnpm test	2026-10-07T03:18:40.8159606Z ✔ JOIN-501 acceptance: no implicit generation, an ACTIVE code that cannot rotate, and both terminal states (15511.3787ms)
gateway-web	Run pnpm test	2026-10-07T03:18:40.8161477Z ✔ JOIN-501 real-endpoint receiver: a SECOND process (not the owner page) consumes the code the page shows (6210.973ms)
gateway-web	Run pnpm test	2026-10-07T03:18:40.8163771Z ✔ JOIN-501 acceptance: expiry ends the display by itself, and the expiry path creates nothing (5643.409ms)
gateway-web	Run pnpm test	2026-10-07T03:18:40.8165833Z ✔ JOIN-501: a fresh browser session starts with NO code, and a stored expired record is never exchanged (6431.6443ms)
gateway-web	Run pnpm test	2026-10-07T03:18:40.8169342Z ✔ short code preserves identity pinning, reports lockout, and never sends a code to the wrong City (132.01ms)
gateway-web	Run pnpm test	2026-10-07T03:18:40.8171535Z ✔ code handoff carries only a selected City, six digits and the existing transport in a fragment (0.7778ms)
gateway-web	Run pnpm test	2026-10-07T03:18:40.8173750Z ✔ pairing sessions exchange once, expire and reject secret/code guesses without exposing credentials (188.4147ms)
gateway-web	Run pnpm test	2026-10-07T03:18:40.8175740Z ✔ descriptor validation rejects invalid input and conflicts, discovery TXT excludes secrets (0.9879ms)
gateway-web	Run pnpm test	2026-10-07T03:18:40.8177316Z ✔ T1: the Web shell is served from apps/web and cannot be escaped (102.3705ms)
gateway-web	Run pnpm test	2026-10-07T03:18:40.8179192Z ✔ T1: rooms are reported truthfully when the hub is up (38.469ms)
gateway-web	Run pnpm test	2026-10-07T03:18:40.8180290Z ✔ T1: an unreachable Room Hub is a state, not an error (35.6713ms)
gateway-web	Run pnpm test	2026-10-07T03:18:40.8181324Z ✔ T2: a Room Action keeps the Room own truth and is idempotent (50.6313ms)
gateway-web	Run pnpm test	2026-10-07T03:18:40.8194797Z ✔ T2: a Capability Action carries the real invocation identity (88.7877ms)
gateway-web	Run pnpm test	2026-10-07T03:18:40.8196110Z ✔ T2: a City task is UNAVAILABLE with no node, and follows the real task when there is one (46.59ms)
gateway-web	Run pnpm test	2026-10-07T03:18:40.8197872Z ✔ T3: Ask / Do routes deterministically, refuses to guess, and confirms side effects (366.6092ms)
gateway-web	Run pnpm test	2026-10-07T03:18:40.8199106Z ✔ scope: no BOSS or HNS route can be created, by any path (31.1722ms)
gateway-web	Run pnpm test	2026-10-07T03:18:40.8200190Z ✔ T1.1: health reflects real readiness instead of being a constant (49.1319ms)
gateway-web	Run pnpm test	2026-10-07T03:18:40.8201528Z ✔ T2: an idempotency key is bound to one request (34.3837ms)
gateway-web	Run pnpm test	2026-10-07T03:18:40.8202460Z ✔ T2: City task provenance follows the real task state (36.1531ms)
gateway-web	Run pnpm test	2026-10-07T03:18:40.8203699Z ✔ network: local beats LAN beats remote beats unknown, and latency only ever removes score (2.3797ms)
gateway-web	Run pnpm test	2026-10-07T03:18:40.8205360Z ✔ capacity: missing telemetry is EXCLUDED, never defaulted to a middle value (0.4094ms)
gateway-web	Run pnpm test	2026-10-07T03:18:40.8207087Z ✔ role: a City already carrying devices outranks an identical empty one, and a known City outranks a stranger (0.2617ms)
gateway-web	Run pnpm test	2026-10-07T03:18:40.8209101Z ✔ recommendation: the best carrier wins on network + capacity together, not on either alone (0.6758ms)
gateway-web	Run pnpm test	2026-10-07T03:18:40.8210086Z ✔ recommendation: a candidate with NO telemetry falls back to network+role rather than scoring zero capacity (0.3359ms)
gateway-web	Run pnpm test	2026-10-07T03:18:40.8211373Z ✔ recommendation: an EMPTY list recommends nothing, and says why instead of throwing (0.8396ms)
gateway-web	Run pnpm test	2026-10-07T03:18:40.8213767Z ✔ recommendation: the order is DETERMINISTIC for equal scores, so the list cannot reshuffle between renders (10.4907ms)
gateway-web	Run pnpm test	2026-10-07T03:18:40.8215954Z ✔ recommendation: a single loopback City is recommended with the honest reason that it is the only one (0.2618ms)
gateway-web	Run pnpm test	2026-10-07T03:18:40.8217520Z ✔ weights are exported and the balance is visible rather than guessed (0.2331ms)
gateway-web	Run pnpm test	2026-10-07T03:18:40.8219299Z ✔ attachment: wired beats wireless for a CARRIER, and a metered link is halved (0.3063ms)
gateway-web	Run pnpm test	2026-10-07T03:18:40.8220798Z ✔ group carrier: a City nobody else can reach is NOT the carrier, however powerful the machine (0.5972ms)
gateway-web	Run pnpm test	2026-10-07T03:18:40.8222913Z ✔ group carrier: when one City is reachable by every peer it wins, even against a higher-scoring partial one (0.2177ms)
gateway-web	Run pnpm test	2026-10-07T03:18:40.8225239Z ✔ group carrier: with no peer reachability reported, it says the ranking alone decided rather than implying a check (0.1939ms)
gateway-web	Run pnpm test	2026-10-07T03:18:40.8227091Z ✔ group carrier: an empty topology answers honestly instead of throwing (0.1722ms)
gateway-web	Run pnpm test	2026-10-07T03:18:40.8228842Z ✔ the old inline implementation throws on empty output, which is the regression (2.3023ms)
gateway-web	Run pnpm test	2026-10-07T03:18:40.8230108Z ✔ empty output is read as "already gone", not as an unparseable error (0.4753ms)
gateway-web	Run pnpm test	2026-10-07T03:18:40.8232241Z ✔ "null" from ConvertTo-Json is also treated as already gone (0.1524ms)
gateway-web	Run pnpm test	2026-10-07T03:18:40.8233211Z ✔ a live, matching process verifies through CIM (0.2134ms)
gateway-web	Run pnpm test	2026-10-07T03:18:40.8234774Z ✔ a live process running something else is a FATAL mismatch, as it was before (0.1718ms)
gateway-web	Run pnpm test	2026-10-07T03:18:40.8236029Z ✔ a quoting-safe array result is handled as well as a single object (0.214ms)
gateway-web	Run pnpm test	2026-10-07T03:18:40.8237621Z ✔ a missing CommandLine field is not mistaken for a match (0.2866ms)
gateway-web	Run pnpm test	2026-10-07T03:18:40.8238735Z ✔ when CIM is unusable, tasklist still catches a plainly wrong process (0.2778ms)
gateway-web	Run pnpm test	2026-10-07T03:18:40.8239962Z ✔ tasklist reporting no match is already-gone rather than unavailable (0.2892ms)
gateway-web	Run pnpm test	2026-10-07T03:18:40.8241715Z ✔ both probes failing is unavailable and aborts before stopping any process (0.3659ms)
gateway-web	Run pnpm test	2026-10-07T03:18:40.8243715Z ✔ unparseable-but-non-empty CIM output falls through to the weaker probe instead of claiming absence (0.2697ms)
gateway-web	Run pnpm test	2026-10-07T03:18:40.8245056Z ✔ a UTF-8 BOM on the output does not break parsing (0.1712ms)
gateway-web	Run pnpm test	2026-10-07T03:18:40.8246027Z ✔ every returned status is one of the declared statuses (0.2569ms)
gateway-web	Run pnpm test	2026-10-07T03:18:40.8247535Z ✔ a non-numeric PID is fatal and never reaches a command line (0.1344ms)
gateway-web	Run pnpm test	2026-10-07T03:18:40.8249083Z ✔ the CIM and tasklist filters refuse a non-numeric PID outright (0.3937ms)
gateway-web	Run pnpm test	2026-10-07T03:18:40.8250280Z ✔ only positively verified identity permits stopping a PID (0.1779ms)
gateway-web	Run pnpm test	2026-10-07T03:18:40.8251644Z ✔ runner stops file side effects when gateway has made task terminal (1.1006ms)
gateway-web	Run pnpm test	2026-10-07T03:18:40.8253314Z ✔ runner returns failed report for retry when transport is unavailable (0.3846ms)
gateway-web	Run pnpm test	2026-10-07T03:18:40.8256211Z ✔ S1: a peer that cannot be dialled registers over an OUTBOUND socket, and the City names its ref (91.9209ms)
gateway-web	Run pnpm test	2026-10-07T03:18:40.8258984Z ✔ S1: admission reuses the City’s OWN credentials - a session ref comes from the registry, and a bad one is refused (70.1152ms)
gateway-web	Run pnpm test	2026-10-07T03:18:40.8261488Z ✔ S3: a real join completes over the pipe - the CITY runs the payload, the owner approves, the claim is spent once (54.436ms)
gateway-web	Run pnpm test	2026-10-07T03:18:40.8264719Z ✔ S3: without approval the pipe grants nothing - the City is not joined just because a path exists (25.3804ms)
gateway-web	Run pnpm test	2026-10-07T03:18:40.8266400Z ✔ S2/S3: the relay refuses to be an open proxy - no path outside the list, and no widening by method (54.2327ms)
gateway-web	Run pnpm test	2026-10-07T03:18:40.8268044Z ✔ S3: a City refusal travels back as its OWN status, so the surface can say why instead of "unreachable" (25.1734ms)
gateway-web	Run pnpm test	2026-10-07T03:18:40.8269760Z ✔ S2: the dialling peer also SERVES the City - a payload the City PUSHES runs on the City it was dialled to (25.084ms)
gateway-web	Run pnpm test	2026-10-07T03:18:40.8271266Z ✔ N2: the whole cross-network join runs over the pipe - capability, ask, decision, credential (83.749ms)
gateway-web	Run pnpm test	2026-10-07T03:18:40.8272662Z ✔ N2: a rejection is reported AS a rejection and never retried; the flow stops there (88.5901ms)
gateway-web	Run pnpm test	2026-10-07T03:18:40.8273988Z ✔ N2: a pipe that answers for ANOTHER City is refused before an ask is created (24.7298ms)
gateway-web	Run pnpm test	2026-10-07T03:18:40.8275356Z ✔ N2: the reach decision sends the same link to navigation and the far network to the pipe (0.3648ms)
gateway-web	Run pnpm test	2026-10-07T03:18:40.8277305Z ✔ S1: a pipe that never stops is rate-limited, and the version check still applies to the handshake (67.4607ms)
gateway-web	Run pnpm test	2026-10-07T03:18:40.8278849Z ✔ an admitted peer registers and is listed; a refused one is refused WITH a reason (3.6539ms)
gateway-web	Run pnpm test	2026-10-07T03:18:40.8280248Z ✔ a forwarded request reaches the peer and its answer comes back to the caller (0.5936ms)
gateway-web	Run pnpm test	2026-10-07T03:18:40.8281867Z ✔ forwarding to a peer that is not connected is a typed 404, not a hang (0.2142ms)
gateway-web	Run pnpm test	2026-10-07T03:18:40.8283234Z ✔ a peer that never answers produces a TIMEOUT rather than an unbounded wait (50.6877ms)
gateway-web	Run pnpm test	2026-10-07T03:18:40.8284329Z ✔ the in-flight cap is a REFUSAL, not a queue (0.6351ms)
gateway-web	Run pnpm test	2026-10-07T03:18:40.8285589Z ✔ an answer nobody is waiting for is dropped, and an answer from the WRONG peer is not accepted (0.4707ms)
gateway-web	Run pnpm test	2026-10-07T03:18:40.8287206Z ✔ a peer answering with an error rejects the caller with that error, typed (0.3724ms)
gateway-web	Run pnpm test	2026-10-07T03:18:40.8288662Z ✔ a re-dial REPLACES the old connection for that peer rather than leaving two live pipes (0.2291ms)
gateway-web	Run pnpm test	2026-10-07T03:18:40.8289961Z ✔ the peer cap and close() are both refusals rather than silent behaviour (0.5842ms)
gateway-web	Run pnpm test	2026-10-07T03:18:40.8291191Z ✔ a write that throws fails THAT request instead of corrupting the hub (0.4111ms)
gateway-web	Run pnpm test	2026-10-07T03:18:40.8292356Z ✔ a bootstrap payload is a pointer to the pairing path, never trust (3.5019ms)
gateway-web	Run pnpm test	2026-10-07T03:18:40.8293336Z ✔ a MAC address is never consulted for a decision (0.3772ms)
gateway-web	Run pnpm test	2026-10-07T03:18:40.8294885Z ✔ an expired or replayed bootstrap is refused without partial state (0.4977ms)
gateway-web	Run pnpm test	2026-10-07T03:18:40.8296277Z ✔ the IP handoff requires trust and re-verifies the fingerprint on the new path (0.8909ms)
gateway-web	Run pnpm test	2026-10-07T03:18:40.8297351Z ✔ scanning is bounded and payloads are strict (1.2118ms)
gateway-web	Run pnpm test	2026-10-07T03:18:40.8298841Z ✔ a bootstrap window is bounded and a junk clock is a refusal (0.7162ms)
gateway-web	Run pnpm test	2026-10-07T03:18:40.8299822Z ✔ an expired bootstrap cannot be handed off (0.3959ms)
gateway-web	Run pnpm test	2026-10-07T03:18:40.8300842Z ✔ a payload must carry a real nonce, real candidates and its own fields (1.1308ms)
gateway-web	Run pnpm test	2026-10-07T03:18:40.8302018Z ✔ a bootstrap payload is strict, and replay protection is auditable (0.7125ms)
gateway-web	Run pnpm test	2026-10-07T03:18:40.8303392Z ✔ two heterogeneous devices advertise different implementations of one logical capability (8.2016ms)
gateway-web	Run pnpm test	2026-10-07T03:18:40.8304853Z ✔ callers resolve a compatible version without knowing the device class (4.4437ms)
gateway-web	Run pnpm test	2026-10-07T03:18:40.8306084Z ✔ an unsupported version fails explicitly instead of being coerced (5.7439ms)
gateway-web	Run pnpm test	2026-10-07T03:18:40.8307373Z ✔ capability loss invalidates new invocations and stays visible in state (43.7094ms)
gateway-web	Run pnpm test	2026-10-07T03:18:40.8308785Z ✔ exclusive/shared/background and live/queue metadata survive serialization and versioning (1.9704ms)
gateway-web	Run pnpm test	2026-10-07T03:18:40.8310202Z ✔ an advertised capability is availability metadata, never permission (2.0469ms)
gateway-web	Run pnpm test	2026-10-07T03:18:40.8311411Z ✔ the registry is strict, frozen and free of ambient state (1.1384ms)
gateway-web	Run pnpm test	2026-10-07T03:18:40.8312665Z ✔ canonical execution metadata is decided by own keys, not the prototype chain (0.5438ms)
gateway-web	Run pnpm test	2026-10-07T03:18:40.8314004Z ✔ a malformed or impossible caller instant is refused as a typed error (2.5133ms)
gateway-web	Run pnpm test	2026-10-07T03:18:40.8315343Z ✔ an expired advertisement cannot be invoked by naming an earlier instant (0.9175ms)
gateway-web	Run pnpm test	2026-10-07T03:18:40.8316973Z ✔ a refused wire payload leaves the registry untouched (0.5157ms)
gateway-web	Run pnpm test	2026-10-07T03:18:40.8318218Z ✔ a wire snapshot may not replace newer state or silently clear a recorded loss (2.105ms)
gateway-web	Run pnpm test	2026-10-07T03:18:40.8319462Z ✔ the wire path enforces the same validation as direct advertisement (17.1812ms)
gateway-web	Run pnpm test	2026-10-07T03:18:40.8320717Z ✔ a capability id whose major is not a safe integer is not addressable (0.368ms)
gateway-web	Run pnpm test	2026-10-07T03:18:40.8321988Z ✔ a declared canonical execution field is never silently downgraded (0.5502ms)
gateway-web	Run pnpm test	2026-10-07T03:18:40.8323219Z ✔ the advertisement TTL ceiling cannot be lifted by the caller (0.7801ms)
gateway-web	Run pnpm test	2026-10-07T03:18:40.8324466Z ✔ the advertisements() surface is frozen like every other descriptor surface (2.7986ms)
gateway-web	Run pnpm test	2026-10-07T03:18:40.8325791Z ✔ the public surface is frozen and a mock or real adapter satisfies it unchanged (5.6018ms)
gateway-web	Run pnpm test	2026-10-07T03:18:40.8326986Z ✔ policy denial stays a denial even on a perfect authenticated session (1.9546ms)
gateway-web	Run pnpm test	2026-10-07T03:18:40.8328287Z ✔ an advertised capability without effective permission cannot execute (0.6246ms)
gateway-web	Run pnpm test	2026-10-07T03:18:40.8330259Z ✔ foreground-sensitive resources are enforced locally without Fabric deciding ownership (0.885ms)
gateway-web	Run pnpm test	2026-10-07T03:18:40.8331703Z ✔ Fabric holds no task graph, no assistant state and no competing identity namespace (1.2536ms)
gateway-web	Run pnpm test	2026-10-07T03:18:40.8333686Z ✔ integration seams are recorded without importing a sibling branch (0.9844ms)
gateway-web	Run pnpm test	2026-10-07T03:18:40.8335067Z ✔ the resource class and the local confirmation requirement cannot be dodged by the request (0.9837ms)
gateway-web	Run pnpm test	2026-10-07T03:18:40.8336628Z ✔ a session authorizes only the device it was opened for (0.5367ms)
gateway-web	Run pnpm test	2026-10-07T03:18:40.8337970Z ✔ the adapter cannot hand back a colliding or unauthenticated session (0.6026ms)
gateway-web	Run pnpm test	2026-10-07T03:18:40.8339153Z ✔ a Fabric with no policy port refuses rather than granting every axis (0.5705ms)
gateway-web	Run pnpm test	2026-10-07T03:18:40.8340852Z ✔ revocation reports the presence it can actually observe and releases the foreground claim (0.4513ms)
gateway-web	Run pnpm test	2026-10-07T03:18:40.8342284Z ✔ a failed transport invoke leaves no foreground claim behind (0.4702ms)
gateway-web	Run pnpm test	2026-10-07T03:18:40.8343722Z ✔ subscription and stream inputs are bounded (0.5021ms)
gateway-web	Run pnpm test	2026-10-07T03:18:40.8344664Z ✔ a malformed caller instant is refused as a typed error (0.6243ms)
gateway-web	Run pnpm test	2026-10-07T03:18:40.8345920Z ✔ the foreground policy config and the adapter port are validated rather than trusted (0.5514ms)
gateway-web	Run pnpm test	2026-10-07T03:18:40.8347504Z ✔ a stream runs the same gates as an invocation (0.677ms)
gateway-web	Run pnpm test	2026-10-07T03:18:40.8348586Z ✔ an exclusive foreground resource needs the action that owns it (0.28ms)
gateway-web	Run pnpm test	2026-10-07T03:18:40.8350136Z ✔ the adapter interface and its failures are typed (0.5191ms)
gateway-web	Run pnpm test	2026-10-07T03:18:40.8351033Z ✔ a cyclic policy config cannot crash the freezer (0.1943ms)
gateway-web	Run pnpm test	2026-10-07T03:18:40.8352115Z ✔ the advertised capability version is normalized before it is compared (0.2654ms)
gateway-web	Run pnpm test	2026-10-07T03:18:40.8353757Z ✔ the emitted denial reason is part of the exported vocabulary (0.1173ms)
gateway-web	Run pnpm test	2026-10-07T03:18:40.8355138Z ✔ a calendar-impossible instant is refused (0.2998ms)
gateway-web	Run pnpm test	2026-10-07T03:18:40.8356495Z ✔ one invite renders as code, deep link, web link and QR payload without creating trust records (7.4448ms)
gateway-web	Run pnpm test	2026-10-07T03:18:40.8358680Z ✔ expired, cancelled and already-used invites fail with one indistinguishable generic error (3.0843ms)
gateway-web	Run pnpm test	2026-10-07T03:18:40.8360917Z ✔ guessing is rate-limited and never reveals whether a device exists (1.1148ms)
gateway-web	Run pnpm test	2026-10-07T03:18:40.8362443Z ✔ entering an invite reaches pairing preview but cannot invoke capabilities before confirmation (2.2386ms)
gateway-web	Run pnpm test	2026-10-07T03:18:40.8364381Z ✔ an invite is a one-time rendezvous, and after trust it can no longer reconnect anything (2.4658ms)
gateway-web	Run pnpm test	2026-10-07T03:18:40.8365718Z ✔ the rendezvous service stays independent of the eventual data path (2.0156ms)
gateway-web	Run pnpm test	2026-10-07T03:18:40.8366878Z ✔ invite policy values are bounded, so a locator cannot be eternal (0.9304ms)
gateway-web	Run pnpm test	2026-10-07T03:18:40.8368367Z ✔ a hostile link is a bad link, never a crash (0.42ms)
gateway-web	Run pnpm test	2026-10-07T03:18:40.8370261Z ✔ a consumed invite keeps its outcome, and an impossible instant is typed (0.7897ms)
gateway-web	Run pnpm test	2026-10-07T03:18:40.8371828Z ✔ enumeration is throttled even without a client reference, and an unparseable instant is refused (1.4174ms)
gateway-web	Run pnpm test	2026-10-07T03:18:40.8373610Z ✔ an adapter discovers a peer on the LAN without manual address entry (4.8874ms)
gateway-web	Run pnpm test	2026-10-07T03:18:40.8374888Z ✔ wired and Wi-Fi sightings normalize to the same device abstraction (0.625ms)
gateway-web	Run pnpm test	2026-10-07T03:18:40.8376955Z ✔ duplicate and stale advertisements never create duplicate logical devices (12.1206ms)
gateway-web	Run pnpm test	2026-10-07T03:18:40.8378309Z ✔ an untrusted candidate cannot invoke anything (0.5862ms)
gateway-web	Run pnpm test	2026-10-07T03:18:40.8379831Z ✔ only a trusted node with the right fingerprint upgrades to an encrypted direct path (0.94ms)
gateway-web	Run pnpm test	2026-10-07T03:18:40.8381534Z ✔ a local network change re-resolves addresses without changing logical identity (2.0171ms)
gateway-web	Run pnpm test	2026-10-07T03:18:40.8383256Z ✔ discovery and fallback scanning stay bounded (3.8072ms)
gateway-web	Run pnpm test	2026-10-07T03:18:40.8383927Z ✔ advertisements are strict, and metadata is never a required identity (0.6542ms)
gateway-web	Run pnpm test	2026-10-07T03:18:40.8384667Z ✔ freshness is a two-sided bound: a replayed future sighting is never current (0.7782ms)
gateway-web	Run pnpm test	2026-10-07T03:18:40.8385695Z ✔ an impossible calendar instant is refused, not read as "not stale" (0.8488ms)
gateway-web	Run pnpm test	2026-10-07T03:18:40.8387103Z ✔ an advertisement must carry its fields as own properties on a bare object (0.6129ms)
gateway-web	Run pnpm test	2026-10-07T03:18:40.8387725Z ✔ the per-round advertisement cap is two-sided (7.2364ms)
gateway-web	Run pnpm test	2026-10-07T03:18:40.8388383Z ✔ two different unidentified devices never collapse on a display name (1.392ms)
gateway-web	Run pnpm test	2026-10-07T03:18:40.8389795Z ✔ one address has exactly one canonical spelling (0.3425ms)
gateway-web	Run pnpm test	2026-10-07T03:18:40.8390489Z ✔ a stale freshness snapshot is never re-emitted as a current verdict (0.5112ms)
gateway-web	Run pnpm test	2026-10-07T03:18:40.8391101Z ✔ logical identity preservation is computed, not asserted (0.442ms)
gateway-web	Run pnpm test	2026-10-07T03:18:40.8392239Z ✔ native and browser invites retain the target address rather than falling back to this host (1.6539ms)
gateway-web	Run pnpm test	2026-10-07T03:18:40.8393717Z ✔ remote reconnect stays on the recorded origin and rejects a different City response (2.5424ms)
gateway-web	Run pnpm test	2026-10-07T03:18:40.8394658Z ✔ callers use one Fabric surface while the transport implementation is swapped underneath (18.2814ms)
gateway-web	Run pnpm test	2026-10-07T03:18:40.8396271Z ✔ path selection prefers a usable direct route and falls back to relay honestly (7.1493ms)
gateway-web	Run pnpm test	2026-10-07T03:18:40.8397045Z ✔ an unauthenticated or unencrypted path is never adopted, not even on the LAN (21.0073ms)
gateway-web	Run pnpm test	2026-10-07T03:18:40.8398608Z ✔ a relay forwards opaque payloads and can never authorize a peer (10.4975ms)
gateway-web	Run pnpm test	2026-10-07T03:18:40.8399410Z ✔ path loss migrates without a new logical device or a duplicated command (11.0768ms)
gateway-web	Run pnpm test	2026-10-07T03:18:40.8400622Z ✔ one exclusive action can never end up with two authoritative sessions (7.1792ms)
gateway-web	Run pnpm test	2026-10-07T03:18:40.8401912Z ✔ path metadata is bounded, secret-free and frozen (3.01ms)
gateway-web	Run pnpm test	2026-10-07T03:18:40.8402474Z ✔ a caller-supplied instant is validated on every path (2.8987ms)
gateway-web	Run pnpm test	2026-10-07T03:18:40.8403171Z ✔ the preference list may narrow the canonical order but never promote relay (2.9812ms)
gateway-web	Run pnpm test	2026-10-07T03:18:40.8404666Z ✔ a path descriptor reports what the adapter measured (1.2199ms)
gateway-web	Run pnpm test	2026-10-07T03:18:40.8405334Z ✔ a transport fault during send is typed and records no command (2.1598ms)
gateway-web	Run pnpm test	2026-10-07T03:18:40.8405913Z ✔ the secret scan sees hidden own keys and survives a cycle (0.4972ms)
gateway-web	Run pnpm test	2026-10-07T03:18:40.8407327Z ✔ presence is honest, distinct and never collapses into ONLINE or FAILED (4.9407ms)
gateway-web	Run pnpm test	2026-10-07T03:18:40.8408604Z ✔ a silent node becomes UNREACHABLE rather than ONLINE or FAILED (1.6493ms)
gateway-web	Run pnpm test	2026-10-07T03:18:40.8409666Z ✔ queueable work expires and live-only actions never run late (1.5565ms)
gateway-web	Run pnpm test	2026-10-07T03:18:40.8410732Z ✔ an unknown transport outcome stays UNKNOWN until it is reconciled (0.7283ms)
gateway-web	Run pnpm test	2026-10-07T03:18:40.8412583Z ✔ reconnect revalidates identity, trust, capability, presence and authority before resuming (1.812ms)
gateway-web	Run pnpm test	2026-10-07T03:18:40.8414489Z ✔ a stale replay after reconnect cannot duplicate a completed side effect (0.8996ms)
gateway-web	Run pnpm test	2026-10-07T03:18:40.8415250Z ✔ the audit log carries causal identifiers and no secrets, and state is isolated (2.0107ms)
gateway-web	Run pnpm test	2026-10-07T03:18:40.8416995Z ✔ the audit sequence stays monotonic and retention is reported honestly (0.546ms)
gateway-web	Run pnpm test	2026-10-07T03:18:40.8417663Z ✔ the audit secret-freedom claim is checked, not asserted (0.7654ms)
gateway-web	Run pnpm test	2026-10-07T03:18:40.8418227Z ✔ a malformed caller instant is refused as a typed error (1.3595ms)
gateway-web	Run pnpm test	2026-10-07T03:18:40.8419853Z ✔ an observation instant may not lie in the future (0.4432ms)
gateway-web	Run pnpm test	2026-10-07T03:18:40.8420431Z ✔ a backdated instant cannot make a silent node reachable (0.4818ms)
gateway-web	Run pnpm test	2026-10-07T03:18:40.8421001Z ✔ a backdated instant cannot revive an expired queued action (0.4981ms)
gateway-web	Run pnpm test	2026-10-07T03:18:40.8422317Z ✔ a replayed enqueue cannot clear an unknown outcome (0.9711ms)
gateway-web	Run pnpm test	2026-10-07T03:18:40.8423004Z ✔ a settled outcome is never regressed to UNKNOWN (0.5346ms)
gateway-web	Run pnpm test	2026-10-07T03:18:40.8423608Z ✔ identifiers are text, so a cyclic object cannot reach the freezer (0.7243ms)
gateway-web	Run pnpm test	2026-10-07T03:18:40.8424195Z ✔ the presence policy is a bound, so it is validated (0.5423ms)
gateway-web	Run pnpm test	2026-10-07T03:18:40.8425632Z ✔ an impossible queue deadline is refused rather than never expiring (0.3639ms)
gateway-web	Run pnpm test	2026-10-07T03:18:40.8426413Z ✔ a duplicate check needs a subject and does not match one it was not given (0.3287ms)
gateway-web	Run pnpm test	2026-10-07T03:18:40.8426984Z ✔ a refusal that protects new work is audited (0.2969ms)
gateway-web	Run pnpm test	2026-10-07T03:18:40.8427458Z ✔ refreshed reconnect state is a plain record (0.2201ms)
gateway-web	Run pnpm test	2026-10-07T03:18:40.8428062Z ✔ an effect confirmed without an in-flight command still suppresses its replay (0.4125ms)
gateway-web	Run pnpm test	2026-10-07T03:18:40.8428724Z ✔ a presence record may not be rebound to another logical identity (0.4138ms)
gateway-web	Run pnpm test	2026-10-07T03:18:40.8429534Z ✔ a live action cannot be downgraded by a non-boolean flag (0.4156ms)
gateway-web	Run pnpm test	2026-10-07T03:18:40.8431006Z ✔ a measurement is validated before any state changes (0.396ms)
gateway-web	Run pnpm test	2026-10-07T03:18:40.8431731Z ✔ RPC, EVENT and STREAM are separate versioned envelopes with opaque domain payloads (5.1264ms)
gateway-web	Run pnpm test	2026-10-07T03:18:40.8433494Z ✔ a retried idempotent command does not repeat the effect, and a new command id is a new action (2.4591ms)
gateway-web	Run pnpm test	2026-10-07T03:18:40.8434507Z ✔ delivery, acceptance, running and completion are observably distinct, and ack is never success (0.7673ms)
gateway-web	Run pnpm test	2026-10-07T03:18:40.8435523Z ✔ a deadline stops a stale interactive command from executing later (0.7178ms)
gateway-web	Run pnpm test	2026-10-07T03:18:40.8437229Z ✔ event subscriptions reconnect and replay with ordering, causation and gap reporting (1.5697ms)
gateway-web	Run pnpm test	2026-10-07T03:18:40.8438265Z ✔ stream lifecycle, backpressure and cancellation are independent of RPC (1.8858ms)
gateway-web	Run pnpm test	2026-10-07T03:18:40.8439739Z ✔ the data plane is strict, frozen, and keeps task truth outside the transport session (1.091ms)
gateway-web	Run pnpm test	2026-10-07T03:18:40.8440450Z ✔ canonical envelopes are decided by own keys on a plain record (0.6736ms)
gateway-web	Run pnpm test	2026-10-07T03:18:40.8441879Z ✔ reference fields are text, so a cyclic object cannot reach the freezer (0.7671ms)
gateway-web	Run pnpm test	2026-10-07T03:18:40.8442681Z ✔ an object-valued action reference cannot turn a retry into a different action (0.6047ms)
gateway-web	Run pnpm test	2026-10-07T03:18:40.8443313Z ✔ a malformed caller instant is refused as a typed error (1.59ms)
gateway-web	Run pnpm test	2026-10-07T03:18:40.8444283Z ✔ a deadline is judged at the registry clock and bounded by policy (1.0382ms)
gateway-web	Run pnpm test	2026-10-07T03:18:40.8445545Z ✔ a sweep cannot expire a command before its deadline by naming a later instant (0.2605ms)
gateway-web	Run pnpm test	2026-10-07T03:18:40.8446336Z ✔ a contiguous replay never reports a phantom gap, and its resume point is validated (0.4712ms)
gateway-web	Run pnpm test	2026-10-07T03:18:40.8447965Z ✔ an execution result must be terminal and must carry a real result reference (0.5955ms)
gateway-web	Run pnpm test	2026-10-07T03:18:40.8448711Z ✔ a retry may only replay the result its own command produced (0.5184ms)
gateway-web	Run pnpm test	2026-10-07T03:18:40.8449443Z ✔ a reused command id may not silently change the subject it addresses (0.5847ms)
gateway-web	Run pnpm test	2026-10-07T03:18:40.8451126Z ✔ stream accounting cannot run backwards or exceed the configured window (0.9081ms)
gateway-web	Run pnpm test	2026-10-07T03:18:40.8452225Z ✔ a replayed setup envelope cannot clobber live state (1.0923ms)
gateway-web	Run pnpm test	2026-10-07T03:18:40.8453722Z ✔ data and control paths declare their arguments instead of swallowing envelope tags (0.5467ms)
gateway-web	Run pnpm test	2026-10-07T03:18:40.8454625Z ✔ Alien independently constructs all workbook negative cases and restart seed consistency (1355.005ms)
gateway-web	Run pnpm test	2026-10-07T03:18:40.8456510Z ✔ a manifest with only a movable branch must not pass exact software provenance validation (407.5694ms)
gateway-web	Run pnpm test	2026-10-07T03:18:40.8457593Z ✔ two equal host references are one physical host, not a TWO_HOST_MESH (321.6904ms)
gateway-web	Run pnpm test	2026-10-07T03:18:40.8459238Z ✔ an experiment can be listed, validated, registered, inspected, seeded — without ever being run (122.9245ms)
gateway-web	Run pnpm test	2026-10-07T03:18:40.8460357Z ✔ the research routes require the control credential: a worker cannot certify the experiment it runs (27.1713ms)
gateway-web	Run pnpm test	2026-10-07T03:18:40.8461568Z ✔ an invalid manifest is refused with every issue at once, and the rejection is stored as evidence (32.662ms)
gateway-web	Run pnpm test	2026-10-07T03:18:40.8463125Z ✔ manifests survive a gateway restart, and a broken file is reported instead of silently dropped (50.2055ms)
gateway-web	Run pnpm test	2026-10-07T03:18:40.8464222Z ✔ the registry itself refuses task-domain keys and never offers an update (2.9607ms)
gateway-web	Run pnpm test	2026-10-07T03:18:40.8465622Z ✔ CEX790 Web reports validated but unfiled registration and degraded store (2741.4047ms)
gateway-web	Run pnpm test	2026-10-07T03:18:40.8466759Z ✔ Web Research discovers imports validates registers and inspects canonical experiments without running (5541.532ms)
gateway-web	Run pnpm test	2026-10-07T03:18:40.8468335Z ✔ a failed list refresh cannot hide a successful canonical registration (4129.1793ms)
gateway-web	Run pnpm test	2026-10-07T03:18:40.8469483Z ✔ REX801 store guard: a file where research (the registry parent) belongs cannot stop the City (1226.0306ms)
gateway-web	Run pnpm test	2026-10-07T03:18:40.8471295Z ✔ REX801 store guard: a file where research/experiments (the registry itself) belongs cannot stop the City (438.2515ms)
gateway-web	Run pnpm test	2026-10-07T03:18:40.8473096Z ✔ REX802 a delayed response cannot remove offline guidance or replace another page (2159.6668ms)
gateway-web	Run pnpm test	2026-10-07T03:18:40.8473695Z Error: CONTROLLED_COMMIT_FAILURE
gateway-web	Run pnpm test	2026-10-07T03:18:40.8474080Z     at file:///D:/a/utopia/utopia/tests/rex802-gateway.test.mjs:4:360
gateway-web	Run pnpm test	2026-10-07T03:18:40.8474609Z     at Store.atomic (file:///D:/a/utopia/utopia/services/dev-gateway/store.mjs:106:62)
gateway-web	Run pnpm test	2026-10-07T03:18:40.8475568Z     at app.store.atomic (file:///D:/a/utopia/utopia/tests/rex802-gateway.test.mjs:4:337)
gateway-web	Run pnpm test	2026-10-07T03:18:40.8476953Z     at atomicWithTrace (file:///D:/a/utopia/utopia/services/dev-gateway/server.mjs:194:93)
gateway-web	Run pnpm test	2026-10-07T03:18:40.8477579Z     at createCityTask (file:///D:/a/utopia/utopia/services/dev-gateway/server.mjs:469:12)
gateway-web	Run pnpm test	2026-10-07T03:18:40.8479094Z     at Server.<anonymous> (file:///D:/a/utopia/utopia/services/dev-gateway/server.mjs:1025:13)
gateway-web	Run pnpm test	2026-10-07T03:18:40.8479816Z     at process.processTicksAndRejections (node:internal/process/task_queues:104:5)
gateway-web	Run pnpm test	2026-10-07T03:18:40.8480679Z ✔ REX802 rolled-back canonical events never enter the trace (36.1291ms)
gateway-web	Run pnpm test	2026-10-07T03:18:40.8482133Z ✔ REX802 member Web surface exposes explicit owner-required guidance (3902.3584ms)
gateway-web	Run pnpm test	2026-10-07T03:18:40.8482949Z ✔ REX802 records only supplied resource samples, preserves zero and declared source time (37.5501ms)
gateway-web	Run pnpm test	2026-10-07T03:18:40.8484734Z ✔ REX802 real Gateway records task references and Web Advanced exposes recording/provenance without secrets (2107.4624ms)
gateway-web	Run pnpm test	2026-10-07T03:18:40.8485772Z ✔ REX802 failing collector cannot break real Gateway task/health and reports partial failure (33.598ms)
gateway-web	Run pnpm test	2026-10-07T03:18:40.8487451Z ✔ REX802 external resource clocks cannot change canonical sequence time ordering (38.7984ms)
gateway-web	Run pnpm test	2026-10-07T03:18:40.8488157Z ✔ REX802 broken observation clock remains a contained failure (1.3384ms)
gateway-web	Run pnpm test	2026-10-07T03:18:40.8489046Z ✔ REX802 rejects an oversized existing file before rotating or modifying it (19.6875ms)
gateway-web	Run pnpm test	2026-10-07T03:18:40.8490556Z ✔ REX802 rotation remains explicit after restart and restores bounded previous records (77.7846ms)
gateway-web	Run pnpm test	2026-10-07T03:18:40.8492127Z ✔ REX802 pure normalization binds clocks/provenance and retains unknown metrics (3.0213ms)
gateway-web	Run pnpm test	2026-10-07T03:18:40.8493667Z ✔ REX802 canonical tap drops arbitrary payload and credentials; explicit measured zero remains zero (0.6619ms)
gateway-web	Run pnpm test	2026-10-07T03:18:40.8494703Z ✔ REX802 recognizes missing, duplicate, reordered and stale timestamp observations (0.815ms)
gateway-web	Run pnpm test	2026-10-07T03:18:40.8496282Z ✔ REX802 storage raw-to-normalized replay is reproducible and restart starts new epoch (92.4464ms)
gateway-web	Run pnpm test	2026-10-07T03:18:40.8499229Z ✔ REX802 collector failures and queue bounds are explicit without throwing into callers (3.4728ms)
gateway-web	Run pnpm test	2026-10-07T03:18:40.8500156Z ✔ REX802 hung storage is bounded; queue drop and close do not block indefinitely (45.5429ms)
gateway-web	Run pnpm test	2026-10-07T03:18:40.8501714Z ✔ REX802 early capture waits for restored watermark before normalization (5.7508ms)
gateway-web	Run pnpm test	2026-10-07T03:18:40.8502599Z ✔ REX802 supports rule lifecycle, supervision quality and semantic integration without invented defaults (0.8963ms)
gateway-web	Run pnpm test	2026-10-07T03:18:40.8504536Z ✔ REX803 adversarial R-1: a blocked receipt store degrades the campaign surface instead of failing it (165.4179ms)
gateway-web	Run pnpm test	2026-10-07T03:18:40.8505663Z ✔ REX803 adversarial R-2: a canonical task cancelled from outside the campaign is CANCELLED, not FAILED (91.047ms)
gateway-web	Run pnpm test	2026-10-07T03:18:40.8507213Z ✔ REX803 Alien: malformed interrupted state degrades instead of preventing construction (31.652ms)
gateway-web	Run pnpm test	2026-10-07T03:18:40.8508164Z ✔ REX803 Alien: resume cannot rename the scenario while executing the old campaign (5.3396ms)
gateway-web	Run pnpm test	2026-10-07T03:18:40.8509696Z ✔ REX803 Alien: a timed-out run keeps its own cleanup scope after the next run begins (81.3363ms)
gateway-web	Run pnpm test	2026-10-07T03:18:40.8510685Z ✔ REX803 Alien: contradictory run measurement cannot manufacture an early successful stop (3.6359ms)
gateway-web	Run pnpm test	2026-10-07T03:18:40.8512631Z ✔ REX803 campaigns: every repetition is a real canonical task, and the receipt accounts for all of them (303.8964ms)
gateway-web	Run pnpm test	2026-10-07T03:18:40.8513616Z ✔ REX803 campaigns: the surface is owner-only, and every refusal is typed (78.914ms)
gateway-web	Run pnpm test	2026-10-07T03:18:40.8515296Z ✔ REX803 campaigns: the topology gate is measured against live refs, and its refusal states what was missing (45.0516ms)
gateway-web	Run pnpm test	2026-10-07T03:18:40.8516195Z ✔ REX803 campaigns: stopping cancels the canonical task the run had already created (151.6331ms)
gateway-web	Run pnpm test	2026-10-07T03:18:40.8518420Z ✔ REX803 web: the owner runs a real campaign and every repetition without a measurement shows its reason (4161.6088ms)
gateway-web	Run pnpm test	2026-10-07T03:18:40.8519618Z ✔ REX803 web: a member is told the campaign surface is the owner's, and is offered no controls (2276.7248ms)
gateway-web	Run pnpm test	2026-10-07T03:18:40.8521216Z ✔ critic: unavailable topology on resume preserves original unfinished campaign (140.4854ms)
gateway-web	Run pnpm test	2026-10-07T03:18:40.8522086Z ✔ critic: resume readiness checks persisted execution context (8.853ms)
gateway-web	Run pnpm test	2026-10-07T03:18:40.8523596Z ✔ critic: malformed persisted bounds cannot bypass resumed repetition and timeout limits (10.3396ms)
gateway-web	Run pnpm test	2026-10-07T03:18:40.8524423Z ✔ critic: bounded close uses elapsed wall time with frozen research clock (271.8482ms)
gateway-web	Run pnpm test	2026-10-07T03:18:40.8526056Z ✔ REX803 seeds: a run seed is a pure function of the campaign seed and the index (1.2746ms)
gateway-web	Run pnpm test	2026-10-07T03:18:40.8526988Z ✔ REX803 campaign: N repetitions yield exactly N measured outcomes, and warmup is run but never measured (22.7362ms)
gateway-web	Run pnpm test	2026-10-07T03:18:40.8528761Z ✔ REX803 campaign: a timeout and a failure are absences WITH reasons, never silent gaps (51.983ms)
gateway-web	Run pnpm test	2026-10-07T03:18:40.8529706Z ✔ REX803 campaign: stopping cancels the runs that never happened, each with the operator reason (28.5681ms)
gateway-web	Run pnpm test	2026-10-07T03:18:40.8531650Z ✔ REX803 campaign: an unfinished campaign is refused unless resuming is asked for explicitly (66.5966ms)
gateway-web	Run pnpm test	2026-10-07T03:18:40.8532989Z ✔ REX803 campaign: unknown scenarios, bad repetitions, a busy runner and an unready topology are typed refusals (14.265ms)
gateway-web	Run pnpm test	2026-10-07T03:18:40.8534708Z ✔ REX803 stop: the cleanups a run registered are fired, so a stop reaches the work and not only the bookkeeping (39.7229ms)
gateway-web	Run pnpm test	2026-10-07T03:18:40.8536997Z ✔ REX803 timeout: a run that never answers is torn down, and its cleanup failure is stated rather than hidden (70.0502ms)
gateway-web	Run pnpm test	2026-10-07T03:18:40.8538354Z ✔ REX803 restart: a campaign left RUNNING by a dead process is recovered as INTERRUPTED, named, and optionally resumed (12.9811ms)
gateway-web	Run pnpm test	2026-10-07T03:18:40.8540113Z ✔ REX803 resume: abandoning an unfinished campaign is an explicit act, and it is recorded on the replacement (18.1671ms)
gateway-web	Run pnpm test	2026-10-07T03:18:40.8542170Z ✔ REX803 limits: declared stop conditions end the campaign early, and every unrun repetition is SKIPPED with that reason (89.4803ms)
gateway-web	Run pnpm test	2026-10-07T03:18:40.8543187Z ✔ REX803 receipts: a finished campaign is filed once and the next campaign cannot overwrite it (16.4044ms)
gateway-web	Run pnpm test	2026-10-07T03:18:40.8545092Z ✔ REX803 L6: the receipt list is ordered by AGE, not by a random identifier in the filename (13.2022ms)
gateway-web	Run pnpm test	2026-10-07T03:18:40.8546176Z ✔ REX803 L1b: the receipt list says how many campaigns exist beyond the bound (7.3562ms)
gateway-web	Run pnpm test	2026-10-07T03:18:40.8547633Z ✔ REX803 L7: a runner that has been closed refuses new work instead of starting a campaign (2.7649ms)
gateway-web	Run pnpm test	2026-10-07T03:18:40.8548796Z ✔ REX803 positive control: a normal campaign still plans, measures and files exactly once (15.2185ms)
gateway-web	Run pnpm test	2026-10-07T03:18:40.8550373Z ✔ REX803 rehearsal: with TWO workers every repetition is TARGETED by its derived seed, not left to claim order (419.9479ms)
gateway-web	Run pnpm test	2026-10-07T03:18:40.8552458Z ✔ REX803 rehearsal: the observed assignment equals the declared rule, and both workers are used (228.947ms)
gateway-web	Run pnpm test	2026-10-07T03:18:40.8553396Z ✔ fault confirmation, live canonical target and bounded duration required (4.2046ms)
gateway-web	Run pnpm test	2026-10-07T03:18:40.8555096Z ✔ heartbeat loss refuses only targeted heartbeats, stop and expiry restore requests (36.353ms)
gateway-web	Run pnpm test	2026-10-07T03:18:40.8556172Z ✔ provider unavailable refuses targeted claim and records measured recovery after stop (6.6023ms)
gateway-web	Run pnpm test	2026-10-07T03:18:40.8557916Z ✔ delayed report releases immediately on emergency stop without blocking unrelated requests (10.9582ms)
gateway-web	Run pnpm test	2026-10-07T03:18:40.8559156Z ✔ duplicate event affects observation only and is absent after emergency stop (5.547ms)
gateway-web	Run pnpm test	2026-10-07T03:18:40.8560307Z ✔ restart disables persisted activation and never resumes fault silently (6.028ms)
gateway-web	Run pnpm test	2026-10-07T03:18:40.8561923Z ✔ unexercised or stopped fault cannot receive unrelated future detection or recovery measurements (5.0393ms)
gateway-web	Run pnpm test	2026-10-07T03:18:40.8563017Z ✔ expired fault persistence failure cannot turn normal canonical observation into an error (3.5557ms)
gateway-web	Run pnpm test	2026-10-07T03:18:40.8564924Z ✔ four fault classes change real Gateway boundaries and emergency stop restores canonical requests (3346.6607ms)
gateway-web	Run pnpm test	2026-10-07T03:18:40.8566735Z ✔ REX804 repair guard: an unreadable fault receipt is reported and never prevents the City from starting (233.2815ms)
gateway-web	Run pnpm test	2026-10-07T03:18:40.8568227Z ✔ REX804 repair guard: a receipt with no fault identity is reported as broken, not adopted without identity (153.7581ms)
gateway-web	Run pnpm test	2026-10-07T03:18:40.8570380Z ✔ REX804 unavailable receipt directory is disclosed and refuses injection without affecting observation (8.9756ms)
gateway-web	Run pnpm test	2026-10-07T03:18:40.8572211Z ✔ REX804 Web discloses unavailable fault store and prevents injection while normal task creation works (3250.9067ms)
gateway-web	Run pnpm test	2026-10-07T03:18:40.8573236Z ✔ Research Danger Zone requires explicit confirmation and offers real emergency stop (3870.962ms)
gateway-web	Run pnpm test	2026-10-07T03:18:40.8575028Z ✔ REX805 real canonical original/replay/ablation preserve selected seed and change target policy only (444.4358ms)
gateway-web	Run pnpm test	2026-10-07T03:18:40.8576106Z ✔ REX805 replay API is Owner-only and lists truthful bounded mechanism support (33.8747ms)
gateway-web	Run pnpm test	2026-10-07T03:18:40.8577676Z ✔ REX805 an unbounded HTTP campaign remains comparable after runner normalizes absent limits (198.7599ms)
gateway-web	Run pnpm test	2026-10-07T03:18:40.8579413Z ✔ REX805 replay preserves selected seed and input with fresh identities and untouched source (3.1703ms)
gateway-web	Run pnpm test	2026-10-07T03:18:40.8580419Z ✔ REX805 alternate-device ablation changes actual target selection and records exact mechanism (1.0832ms)
gateway-web	Run pnpm test	2026-10-07T03:18:40.8584242Z ✔ REX805 unsupported, ambiguous and ineffective ablations are refused before creating experiments (1.1425ms)
gateway-web	Run pnpm test	2026-10-07T03:18:40.8585424Z ✔ REX805 corrupt source identity, seed, measured outcome and index cannot be laundered into replay (1.0225ms)
gateway-web	Run pnpm test	2026-10-07T03:18:40.8587142Z ✔ REX805 comparisons expose policy difference and reject changed source material (1.5194ms)
gateway-web	Run pnpm test	2026-10-07T03:18:40.8588533Z ✔ REX805 registry persistence failure refuses execution while retaining original (0.3353ms)
gateway-web	Run pnpm test	2026-10-07T03:18:40.8591967Z ✔ REX805 unavailable fault conditions and undeclared request switches are refused explicitly (0.4146ms)
gateway-web	Run pnpm test	2026-10-07T03:18:40.8594079Z ✔ REX805 reviewer R1: replay of ablation preserves effective policy and re-ablation refuses (1.0753ms)
gateway-web	Run pnpm test	2026-10-07T03:18:40.8595841Z ✔ REX805 reviewer R2: comparison cannot certify controlled-input or recorded-placement drift (3.0414ms)
gateway-web	Run pnpm test	2026-10-07T03:18:40.8597488Z ✔ REX805 reviewer R3: inconsistent measured source placement refuses before registration (0.3814ms)
gateway-web	Run pnpm test	2026-10-07T03:18:40.8599129Z ✔ REX805 single selected run adjusts the declared success stop without losing failure bounds (0.8984ms)
gateway-web	Run pnpm test	2026-10-07T03:18:40.8600684Z ✔ REX805 comparisons reject fabricated lineage and jointly changed registered references (2.8454ms)
gateway-web	Run pnpm test	2026-10-07T03:18:40.8602080Z ✔ REX805 selected index1 preserves original derived seed under new run index0 (18.736ms)
gateway-web	Run pnpm test	2026-10-07T03:18:40.8603306Z ✔ REX805 offset is bounded, typed and checked before creating work (2.2334ms)
gateway-web	Run pnpm test	2026-10-07T03:18:40.8604595Z ✔ REX805 interrupted recovery and resume retain offset and refuse offset drift (11.7086ms)
gateway-web	Run pnpm test	2026-10-07T03:18:40.8606637Z ✔ REX805 Web owner selects recorded run and executes real replay/ablation from Research (3488.7352ms)
gateway-web	Run pnpm test	2026-10-07T03:18:40.8608350Z ✔ REX805 Web switching source discards a delayed comparison from the previous selection (2219.3019ms)
gateway-web	Run pnpm test	2026-10-07T03:18:40.8610334Z ✔ REX806 S1: the owner can read the artifact export and its preview (104.4484ms)
gateway-web	Run pnpm test	2026-10-07T03:18:40.8612194Z ✔ REX806 S2: a member session cannot read the artifact export (98.4915ms)
gateway-web	Run pnpm test	2026-10-07T03:18:40.8613917Z ✔ REX806 S3: the CSV surface matches the module and stays table-ready (32.8979ms)
gateway-web	Run pnpm test	2026-10-07T03:18:40.8615043Z ✔ REX806 S4: the preview is bounded and says so (29.6994ms)
gateway-web	Run pnpm test	2026-10-07T03:18:40.8616420Z ✔ REX806 S5: an export with nothing behind it is refused by name (22.4997ms)
gateway-web	Run pnpm test	2026-10-07T03:18:40.8618381Z ✔ REX806 S6: the owner download retains the enrolled member identities (80.4805ms)
gateway-web	Run pnpm test	2026-10-07T03:18:40.8620087Z ✔ REX806 S7: corrupt receipt loss remains visible in full, preview and CSV responses (34.019ms)
gateway-web	Run pnpm test	2026-10-07T03:18:40.8621887Z ✔ REX806 S8: a 51-receipt City labels its bounded download as partial (103.6912ms)
gateway-web	Run pnpm test	2026-10-07T03:18:40.8623819Z ✔ REX806 S9: corruption between the receipt listing and detail keeps the readable study (31.5988ms)
gateway-web	Run pnpm test	2026-10-07T03:18:40.8625602Z ✔ REX806 verifier accepts justified unavailable completion after canonical task loss (423.1026ms)
gateway-web	Run pnpm test	2026-10-07T03:18:40.8627140Z ✔ REX806 verifier accepts the published six-decimal failure rate precision (421.125ms)
gateway-web	Run pnpm test	2026-10-07T03:18:40.8629050Z ✔ REX806 verifier accepts justified unavailable rates for an all-refused study (479.6509ms)
gateway-web	Run pnpm test	2026-10-07T03:18:40.8630999Z ✔ REX806 V1: the verifier passes an untampered artifact (215.2976ms)
gateway-web	Run pnpm test	2026-10-07T03:18:40.8633090Z ✔ REX806 verifier accepts real duplicate canonical execution outside the selected run task (105.3507ms)
gateway-web	Run pnpm test	2026-10-07T03:18:40.8635050Z ✔ REX806 verifier rejects a fabricated duplicate count with valid integrity hashes (97.7159ms)
gateway-web	Run pnpm test	2026-10-07T03:18:40.8636512Z ✔ REX806 verifier rejects task associations outside the canonical source pointers (104.5135ms)
gateway-web	Run pnpm test	2026-10-07T03:18:40.8638440Z ✔ REX806 verifier rejects counting one canonical task twice even when metrics agree (260.3487ms)
gateway-web	Run pnpm test	2026-10-07T03:18:40.8640143Z ✔ REX806 V2: a tampered metric value is caught (109.7046ms)
gateway-web	Run pnpm test	2026-10-07T03:18:40.8641097Z ✔ REX806 V3: an emptied NOT_MEASURED reason is caught (113.6438ms)
gateway-web	Run pnpm test	2026-10-07T03:18:40.8642776Z ✔ REX806 V4: a missing section is caught (84.9997ms)
gateway-web	Run pnpm test	2026-10-07T03:18:40.8644161Z ✔ REX806 V5: a changed dataset timestamp is caught (83.8689ms)
gateway-web	Run pnpm test	2026-10-07T03:18:40.8645201Z ✔ REX806 V6: a fabricated intervention count is caught (85.6242ms)
gateway-web	Run pnpm test	2026-10-07T03:18:40.8646873Z ✔ REX806 missing canonical tasks remain counted rather than being filtered from convergence (3.0444ms)
gateway-web	Run pnpm test	2026-10-07T03:18:40.8649006Z ✔ REX806 A1: the artifact carries every section the workbook names (2.7166ms)
gateway-web	Run pnpm test	2026-10-07T03:18:40.8651023Z ✔ REX806 A2: every named metric appears, with a value and provenance or NOT_MEASURED and a reason (0.7125ms)
gateway-web	Run pnpm test	2026-10-07T03:18:40.8653202Z ✔ REX806 A3: an unobserved intervention window is NOT_MEASURED, never 0 (0.4227ms)
gateway-web	Run pnpm test	2026-10-07T03:18:40.8655697Z ✔ REX806 A4: an export with no real campaign is refused (0.5381ms)
gateway-web	Run pnpm test	2026-10-07T03:18:40.8657078Z ✔ REX806 A5: the evaluator refuses a value with no provenance and NOT_MEASURED with no reason (0.5911ms)
gateway-web	Run pnpm test	2026-10-07T03:18:40.8659040Z ✔ REX806 A6: every dataset row carries a raw pointer and a seed-placement verdict (0.3634ms)
gateway-web	Run pnpm test	2026-10-07T03:18:40.8660893Z ✔ REX806 A7: checksums cover the exact bytes and change when a byte changes (1.3823ms)
gateway-web	Run pnpm test	2026-10-07T03:18:40.8662711Z ✔ REX806 A8: the paper-ready table leads with G3/G4 and keeps their NOT_MEASURED reasons visible (0.5628ms)
gateway-web	Run pnpm test	2026-10-07T03:18:40.8664900Z ✔ REX806 A9: the artifact separates statistics from narrative and refuses the autonomy inference (0.5039ms)
gateway-web	Run pnpm test	2026-10-07T03:18:40.8666414Z ✔ REX806 A10: richer campaign data does not conjure Owner-side metrics (0.5119ms)
gateway-web	Run pnpm test	2026-10-07T03:18:40.8668089Z ✔ REX806 A11: warmup runs are classified separately from failures (0.3242ms)
gateway-web	Run pnpm test	2026-10-07T03:18:40.8669846Z ✔ REX806 A12: a refused campaign stays visible as undelivered planned runs (0.4518ms)
gateway-web	Run pnpm test	2026-10-07T03:18:40.8672052Z ✔ REX806 A13: an ablation placement is judged against its policy, and the seed comparison is kept separately (0.316ms)
gateway-web	Run pnpm test	2026-10-07T03:18:40.8674381Z ✔ REX806 CLI retains canonical deviceId members in the downloaded topology (239.9785ms)
gateway-web	Run pnpm test	2026-10-07T03:18:40.8676316Z ✔ REX806 CLI partial download itself names an unreadable receipt without requiring terminal output (214.7528ms)
gateway-web	Run pnpm test	2026-10-07T03:18:40.8678393Z ✔ REX806 CLI partial download itself names the latest missing receipt (417.5516ms)
gateway-web	Run pnpm test	2026-10-07T03:18:40.8679680Z ✔ REX806 CLI exposes a known truncated receipt window as partial (409.0317ms)
gateway-web	Run pnpm test	2026-10-07T03:18:40.8681284Z ✔ REX806 CLI survives an unreadable detail after a readable listing (355.3182ms)
gateway-web	Run pnpm test	2026-10-07T03:18:40.8683393Z ✔ REX807 S9: the surface refuses to exist if any advanced control could be triggered without confirmation (2.2849ms)
gateway-web	Run pnpm test	2026-10-07T03:18:40.8685591Z ✔ REX807 S10: the client confirmation rule refuses anything except the exact token the gateway enforces (539.2912ms)
gateway-web	Run pnpm test	2026-10-07T03:18:40.8688810Z ✔ REX807 S11: in a real browser a wrong confirmation injects nothing, and the exact token then injects (2471.2637ms)
gateway-web	Run pnpm test	2026-10-07T03:18:40.8691325Z ✔ REX807 S12: the Owner downloads the research artifact from the page, with no API call and no console (3058.9666ms)
gateway-web	Run pnpm test	2026-10-07T03:18:40.8693751Z ✔ REX807 S1: the primary labels are human summaries, and raw identifiers are folded into Diagnostics (4.6944ms)
gateway-web	Run pnpm test	2026-10-07T03:18:40.8696012Z ✔ REX807 S2: fault injection is a Danger Zone control that requires confirmation and is not open by default (0.6931ms)
gateway-web	Run pnpm test	2026-10-07T03:18:40.8698137Z ✔ REX807 S3: errors, exclusions and incomplete metrics stay visible with their reasons (0.6063ms)
gateway-web	Run pnpm test	2026-10-07T03:18:40.8700183Z ✔ REX807 S4: a payload field this view does not place is reported, never silently dropped (6.9004ms)
gateway-web	Run pnpm test	2026-10-07T03:18:40.8702045Z ✔ REX807 S5: the research entry is secondary and the primary surfaces stay clean (28.7116ms)
gateway-web	Run pnpm test	2026-10-07T03:18:40.8703728Z ✔ REX807 S6: nothing INTERNAL_ONLY is rendered as a user control (1.6612ms)
gateway-web	Run pnpm test	2026-10-07T03:18:40.8705135Z ✔ REX807 S7: the same payload renders in zh-CN with real translation, not English fallback (4.4578ms)
gateway-web	Run pnpm test	2026-10-07T03:18:40.8708072Z ✔ REX807 S8: the rendered page folds identifiers, keeps the technical layer collapsed, and surfaces alerts (73.9947ms)
gateway-web	Run pnpm test	2026-10-07T03:18:40.8709704Z ✔ RS-203: the correlation carries BOTH devices and asserts that they may differ (3.2891ms)
gateway-web	Run pnpm test	2026-10-07T03:18:40.8711551Z ✔ RS-203: a handoff moves the execution device and never the interaction device (0.354ms)
gateway-web	Run pnpm test	2026-10-07T03:18:40.8713617Z ✔ RS-203: DUPLICATE messages are ignored rather than applied twice (0.8732ms)
gateway-web	Run pnpm test	2026-10-07T03:18:40.8715199Z ✔ RS-203: OUT-OF-ORDER progress is refused and cannot move the state backwards (0.3336ms)
gateway-web	Run pnpm test	2026-10-07T03:18:40.8716500Z ✔ RS-203: an event after a terminal state is LATE and does not resurrect the run (0.5955ms)
gateway-web	Run pnpm test	2026-10-07T03:18:40.8718292Z ✔ RS-203: every kind maps to a DECLARED canonical state and a DECLARED return channel (0.4761ms)
gateway-web	Run pnpm test	2026-10-07T03:18:40.8719775Z ✔ RS-203: canonical state advances for each terminal kind, and terminal is sticky (0.3967ms)
gateway-web	Run pnpm test	2026-10-07T03:18:40.8721721Z ✔ RS-203: a result that CANNOT reach the user is never reported as truthful success (0.3911ms)
gateway-web	Run pnpm test	2026-10-07T03:18:40.8723076Z ✔ RS-203: a resolver that THROWS degrades rather than propagating into the caller (0.4328ms)
gateway-web	Run pnpm test	2026-10-07T03:18:40.8724196Z ✔ RS-203: a projected success reports where it landed (0.4096ms)
gateway-web	Run pnpm test	2026-10-07T03:18:40.8725927Z ✔ RS-203: unknown correlations, unknown kinds and bad sequences are refused with typed codes (1.1186ms)
gateway-web	Run pnpm test	2026-10-07T03:18:40.8728955Z ✔ RS-203: the bridge refuses to be constructed without an injected surface resolver (1.0459ms)
gateway-web	Run pnpm test	2026-10-07T03:18:40.8730278Z ✔ RS-203: a STATUS event reports without moving the state (0.2189ms)
gateway-web	Run pnpm test	2026-10-07T03:18:40.8731159Z ✔ RS-203: the contract version is declared (0.3162ms)
gateway-web	Run pnpm test	2026-10-07T03:18:40.8732695Z ✔ RS-203 scenario 1: remote execution START is correlated before anything is returned (1.7034ms)
gateway-web	Run pnpm test	2026-10-07T03:18:40.8734346Z ✔ RS-203 scenario 2: PROGRESS returns on the PROGRESS channel and moves the run to RUNNING (0.3127ms)
gateway-web	Run pnpm test	2026-10-07T03:18:40.8735939Z ✔ RS-203 scenario 3: WAITING FOR USER is reachable, and is cleared the same way it is set (0.1787ms)
gateway-web	Run pnpm test	2026-10-07T03:18:40.8736780Z ✔ RS-203 scenario 3b: attention on a non-STATUS kind is REFUSED rather than guessed (0.2775ms)
gateway-web	Run pnpm test	2026-10-07T03:18:40.8737547Z ✔ RS-203 scenario 4: SUCCESS lands truthfully only when it actually reached the user (0.1606ms)
gateway-web	Run pnpm test	2026-10-07T03:18:40.8738232Z ✔ RS-203 scenario 5: FAILURE is terminal and reports no success (0.1522ms)
gateway-web	Run pnpm test	2026-10-07T03:18:40.8739254Z ✔ RS-203 scenario 6: CANCEL is terminal and sticky against later events (0.1733ms)
gateway-web	Run pnpm test	2026-10-07T03:18:40.8740765Z ✔ RS-203 scenario 7: DEVICE DISCONNECT degrades knowledge without moving the run or claiming success (0.6445ms)
gateway-web	Run pnpm test	2026-10-07T03:18:40.8742546Z ✔ RS-203 scenario 8: RECOVERY clears the degraded state and the run can still finish (0.1936ms)
gateway-web	Run pnpm test	2026-10-07T03:18:40.8744449Z ✔ RS-203 scenario 8b: a disconnect AFTER a terminal result changes nothing about it (0.303ms)
gateway-web	Run pnpm test	2026-10-07T03:18:40.8745834Z ✔ RS-203: the full eight-situation walk leaves the counters consistent (0.6526ms)
gateway-web	Run pnpm test	2026-10-07T03:18:40.8747539Z ✔ RS-203 step 3: a request is delivered to the CURRENT authorized surface (1.8187ms)
gateway-web	Run pnpm test	2026-10-07T03:18:40.8748947Z ✔ RS-203 step 3: an answer from the current authorized surface is accepted (0.6145ms)
gateway-web	Run pnpm test	2026-10-07T03:18:40.8750684Z ✔ RS-203 step 3: an answer from ANY OTHER device is REFUSED, however well-informed it is (0.5592ms)
gateway-web	Run pnpm test	2026-10-07T03:18:40.8752724Z ✔ RS-203 step 3: when the surface MOVED, the answer must come from where the user now is (0.2535ms)
gateway-web	Run pnpm test	2026-10-07T03:18:40.8754007Z ✔ RS-203 step 3: an answer cannot arrive when NO surface is authorized (0.321ms)
gateway-web	Run pnpm test	2026-10-07T03:18:40.8755389Z ✔ RS-203 step 3: OFFLINE asks are HELD with a reason and a recovery path, not dropped or failed (0.2417ms)
gateway-web	Run pnpm test	2026-10-07T03:18:40.8757301Z ✔ RS-203 step 3: TIMEOUT is explained and recoverable, and is NEVER a failure (1.0377ms)
gateway-web	Run pnpm test	2026-10-07T03:18:40.8759124Z ✔ RS-203 step 3: a timeout cannot retract an answer that already arrived (0.2536ms)
gateway-web	Run pnpm test	2026-10-07T03:18:40.8760805Z ✔ RS-203 step 3: a double answer is refused rather than silently overwriting the first (0.3492ms)
gateway-web	Run pnpm test	2026-10-07T03:18:40.8762101Z ✔ RS-203 step 3: only RESPOND is accepted, and only APPROVE or DENY decide (0.5123ms)
gateway-web	Run pnpm test	2026-10-07T03:18:40.8763834Z ✔ RS-203 step 3: a HANDOFF does not move where the user is asked (0.1509ms)
gateway-web	Run pnpm test	2026-10-07T03:18:40.8765032Z ✔ RS-203 step 3: the codes are declared, not invented at the throw site (0.113ms)
gateway-web	Run pnpm test	2026-10-07T03:18:40.8767256Z ✔ RS-203 step 4: the flat EXCLUSION_REASONS list is CLASSIFIED, and every reason has an axis (1.2026ms)
gateway-web	Run pnpm test	2026-10-07T03:18:40.8768804Z ✔ RS-203 step 4: a DEVICE outage is classified as DEVICE and nothing else (0.3924ms)
gateway-web	Run pnpm test	2026-10-07T03:18:40.8770131Z ✔ RS-203 step 4: a PROVIDER outage is classified as PROVIDER and nothing else (0.1314ms)
gateway-web	Run pnpm test	2026-10-07T03:18:40.8771900Z ✔ RS-203 step 4: an INPUT problem is NEITHER a device nor a provider fault (0.2009ms)
gateway-web	Run pnpm test	2026-10-07T03:18:40.8773227Z ✔ RS-203 step 4: an UNKNOWN reason is reported, not silently dropped (0.2234ms)
gateway-web	Run pnpm test	2026-10-07T03:18:40.8775004Z ✔ RS-203 step 4: a DEVICE fallback does NOT implicate the provider (0.6802ms)
gateway-web	Run pnpm test	2026-10-07T03:18:40.8776115Z ✔ RS-203 step 4: a PROVIDER fallback does NOT implicate the device (0.2948ms)
gateway-web	Run pnpm test	2026-10-07T03:18:40.8777501Z ✔ RS-203 step 4: an eligible alternate is offered for a DEVICE outage, but the cause is still named (0.1775ms)
gateway-web	Run pnpm test	2026-10-07T03:18:40.8779000Z ✔ RS-203 step 4: MIXED causes are NOT collapsed to one, and no single cause is claimed (0.2229ms)
gateway-web	Run pnpm test	2026-10-07T03:18:40.8781029Z ✔ RS-203 step 4: the reason codes SURVIVE into the plan rather than being paraphrased away (0.2034ms)
gateway-web	Run pnpm test	2026-10-07T03:18:40.8782945Z ✔ RS-203 step 4: with nothing unavailable the plan claims no cause at all (0.1446ms)
gateway-web	Run pnpm test	2026-10-07T03:18:40.8784260Z ✔ RS-203 step 4: planning against an unknown correlation is refused (0.1927ms)
gateway-web	Run pnpm test	2026-10-07T03:18:40.8786722Z ✔ RS-203 step 5: a remote result is bound to its provenance, including WHICH device produced it (0.3449ms)
gateway-web	Run pnpm test	2026-10-07T03:18:40.8788495Z ✔ RS-203 step 5: the provenance is IMMUTABLE once bound, so a result cannot be re-attributed (0.2321ms)
gateway-web	Run pnpm test	2026-10-07T03:18:40.8790556Z ✔ RS-203 step 5: the summary key set is EXACTLY the declared set - stability by construction (0.208ms)
gateway-web	Run pnpm test	2026-10-07T03:18:40.8792178Z ✔ RS-203 step 5: the summary NEVER carries the evidence, the digests or the routing identifiers (0.2634ms)
gateway-web	Run pnpm test	2026-10-07T03:18:40.8794382Z ✔ RS-203 step 5: whether evidence EXISTS is presentable, without saying what it is (0.1546ms)
gateway-web	Run pnpm test	2026-10-07T03:18:40.8795943Z ✔ RS-203 step 5: the summary is STABLE across state changes - same shape, always (0.1867ms)
gateway-web	Run pnpm test	2026-10-07T03:18:40.8797903Z ✔ RS-203 step 5: the summary still tells the truth about a degraded and a finished run (0.1739ms)
gateway-web	Run pnpm test	2026-10-07T03:18:40.8799219Z ✔ RS-203 step 5: binding against an unknown correlation is refused (1.2811ms)
gateway-web	Run pnpm test	2026-10-07T03:18:40.8800495Z ✔ RS-203 step 5: the declared field list is frozen, so it cannot be widened at runtime (0.1418ms)
gateway-web	Run pnpm test	2026-10-07T03:18:40.8802500Z ✔ RS-290: the mapping COVERS every source vocabulary exactly - no gap and no stale extra (3.1951ms)
gateway-web	Run pnpm test	2026-10-07T03:18:40.8804604Z ✔ RS-290: the presentation vocabulary is CLOSED - every target is a declared term with a class (0.3881ms)
gateway-web	Run pnpm test	2026-10-07T03:18:40.8806110Z ✔ RS-290: the four UNKNOWN senses stay FOUR distinct terms - the polysemy fix (0.3388ms)
gateway-web	Run pnpm test	2026-10-07T03:18:40.8807422Z ✔ RS-290: the SAME meaning reached through different components MERGES to one term (0.3511ms)
gateway-web	Run pnpm test	2026-10-07T03:18:40.8809495Z ✔ RS-290: the STRUCTURAL and RESOURCE partition is PRESERVED, which a naive merge would destroy (0.5749ms)
gateway-web	Run pnpm test	2026-10-07T03:18:40.8811868Z ✔ RS-290: an unmapped or unknown source THROWS rather than yielding undefined (1.0527ms)
gateway-web	Run pnpm test	2026-10-07T03:18:40.8813195Z ✔ RS-290: presentState always yields a declared presentation state (0.7157ms)
gateway-web	Run pnpm test	2026-10-07T03:18:40.8814488Z ✔ RS-290: the action and state vocabularies are closed sets of the shapes step 3 names (0.1908ms)
gateway-web	Run pnpm test	2026-10-07T03:18:40.8817217Z ✔ RS-290: a selectable provider renders RUNNING with CANCEL and no choice demanded (0.76ms)
gateway-web	Run pnpm test	2026-10-07T03:18:40.8818728Z ✔ RS-290: a pool that is only BUSY does NOT demand a choice, because waiting can help (0.6001ms)
gateway-web	Run pnpm test	2026-10-07T03:18:40.8820752Z ✔ RS-290: a structurally refused pool DOES demand a choice, and does not offer waiting (0.3856ms)
gateway-web	Run pnpm test	2026-10-07T03:18:40.8822189Z ✔ RS-290 F1: a raw word that COLLIDES with a term name is still mapped by its VOCABULARY (0.8562ms)
gateway-web	Run pnpm test	2026-10-07T03:18:40.8824331Z ✔ RS-290 F1: the guard needs PROVENANCE - bare words and bare terms are both refused (1.3114ms)
gateway-web	Run pnpm test	2026-10-07T03:18:40.8825901Z ✔ RS-290 F2: a terminal outcome OUTRANKS waitingUser, so a failure is never masked (0.5044ms)
gateway-web	Run pnpm test	2026-10-07T03:18:40.8827746Z ✔ RS-290 F3: FRESHNESS.STALE and FRESHNESS.UNKNOWN stay DISTINCT terms (0.3048ms)
gateway-web	Run pnpm test	2026-10-07T03:18:40.8829395Z ✔ RS-290 F3: NO collapse of two meanings onto one term goes UNDECLARED - quantified over the table (2.1848ms)
gateway-web	Run pnpm test	2026-10-07T03:18:40.8830901Z ✔ RS-290: no path FABRICATES success - COMPLETED needs an explicit terminal flag (0.4066ms)
gateway-web	Run pnpm test	2026-10-07T03:18:40.8832663Z ✔ RS-290: the route stage drives the state through its own vocabulary, and only where it should (0.5055ms)
gateway-web	Run pnpm test	2026-10-07T03:18:40.8833487Z ✔ RS-290: every DTO output is inside the declared vocabularies (0.4803ms)
gateway-web	Run pnpm test	2026-10-07T03:18:40.8834284Z ✔ RS-290 matrix: concurrent submissions cannot double-execute, and the pool still reports a reason (2.6296ms)
gateway-web	Run pnpm test	2026-10-07T03:18:40.8836061Z ✔ RS-290 matrix: a saturated device is routed around, and the projection says WAITING not CHOOSE (6.3358ms)
gateway-web	Run pnpm test	2026-10-07T03:18:40.8837144Z ✔ RS-290 matrix: lease transfer is holder-only and the old holder cannot resume reassigned work (0.5655ms)
gateway-web	Run pnpm test	2026-10-07T03:18:40.8838665Z ✔ RS-290 matrix: a disconnect degrades truthfully and recovery restores, through the projection (1.2804ms)
gateway-web	Run pnpm test	2026-10-07T03:18:40.8839931Z ✔ RS-290 matrix: a flapping pool does not move the work, and the rescan is event-driven (0.8386ms)
gateway-web	Run pnpm test	2026-10-07T03:18:40.8841485Z ✔ RS-290 matrix: availability, routing and return compose into ONE stable presentation contract (28.9583ms)
gateway-web	Run pnpm test	2026-10-07T03:18:40.8842288Z ✔ successful live transport cannot mask broken offline product behavior (1.2122ms)
gateway-web	Run pnpm test	2026-10-07T03:18:40.8842921Z ✔ CPU uses elapsed counters and unavailable disk remains null (7.252ms)
gateway-web	Run pnpm test	2026-10-07T03:18:40.8843438Z ✔ disabled sampler never reads host counters (0.5489ms)
gateway-web	Run pnpm test	2026-10-07T03:18:40.8844901Z ✔ counter reset does not fabricate CPU load and cached sample keeps its timestamp (0.8497ms)
gateway-web	Run pnpm test	2026-10-07T03:18:40.8845841Z ✔ native filesystem volume measurement is finite and internally consistent (8.4174ms)
gateway-web	Run pnpm test	2026-10-07T03:18:40.8846633Z ✔ validator accepts unavailable sampler metrics but rejects invalid numeric measurements (7.9332ms)
gateway-web	Run pnpm test	2026-10-07T03:18:49.3696898Z ✔ theme artifact retention is bounded and restart removes abandoned sandbox work (101.4884ms)
gateway-web	Run pnpm test	2026-10-07T03:18:49.3700654Z ✔ D9 Bridge builds retained sandbox artifacts with canonical bounded results and typed refusal (21470.1274ms)
gateway-web	Run pnpm test	2026-10-07T03:18:54.1132345Z ✔ Windows Theme Build uses real prompt, observation, fallback controls and digest summary (5157.4862ms)
gateway-web	Run pnpm test	2026-10-07T03:18:54.1660195Z ✔ unavailable artifact storage yields a terminal typed failure, not orphaned RUNNING history (168.0334ms)
gateway-web	Run pnpm test	2026-10-07T03:18:54.1857752Z ✔ the redesigned-shell fixture really is the zero-sized-label shape (2.6706ms)
gateway-web	Run pnpm test	2026-10-07T03:18:54.1860178Z ✔ a bare first-match label lookup selects a zero-bounds node, which is the original defect (0.42ms)
gateway-web	Run pnpm test	2026-10-07T03:18:54.1862694Z ✔ no sized nav label exists on the shipped shell, so a size filter ALONE would leave nothing to tap (1.2531ms)
gateway-web	Run pnpm test	2026-10-07T03:18:54.1864291Z ✔ the active tab has no clickable node, so clickable ordinal alone is unstable (0.6583ms)
gateway-web	Run pnpm test	2026-10-07T03:18:54.1865743Z ✔ targets are paired to labels in document order, giving a page-independent index (0.5376ms)
gateway-web	Run pnpm test	2026-10-07T03:18:54.1867056Z ✔ resolveRoute reaches Home from the Devices page via the paired target (0.3497ms)
gateway-web	Run pnpm test	2026-10-07T03:18:54.1872622Z ✔ the nav band excludes page content that happens to be clickable (0.4177ms)
gateway-web	Run pnpm test	2026-10-07T03:18:54.1873662Z ✔ a sized heading is not mistaken for a nav target (1.2527ms)
gateway-web	Run pnpm test	2026-10-07T03:18:54.1874774Z ✔ resolveRoute prefers a sized label inside the band, preserving the earlier shell (0.7269ms)
gateway-web	Run pnpm test	2026-10-07T03:18:54.1875717Z ✔ the two shells are distinguished rather than one being assumed (0.7085ms)
gateway-web	Run pnpm test	2026-10-07T03:18:54.1876646Z ✔ an unresolvable tree returns null rather than a zero-bounds node (0.2575ms)
gateway-web	Run pnpm test	2026-10-07T03:18:54.1877299Z ✔ the task pilot creates its evidence directory before writing into it (0.2609ms)
gateway-web	Run pnpm test	2026-10-07T03:18:54.1877890Z ✔ task pilot imports a usable sized nodeByLabel selector (0.444ms)
gateway-web	Run pnpm test	2026-10-07T03:18:54.1878548Z ✔ UXI-390: every supported action is bound to a handler branch AND a client method (1.3332ms)
gateway-web	Run pnpm test	2026-10-07T03:18:54.1879778Z ✔ UXI-390: no handler branch is unreachable dead code that looks like a handler (1.0077ms)
gateway-web	Run pnpm test	2026-10-07T03:18:54.1880601Z ✔ UXI-390: the per-provider Choose control sends THAT row ref, and cannot send a blank one (0.2829ms)
gateway-web	Run pnpm test	2026-10-07T03:18:54.1881373Z ✔ UXI-390: CHOOSE_PROVIDER is NOT an action-row action - that is the trap Mech named (0.266ms)
gateway-web	Run pnpm test	2026-10-07T03:18:54.1882128Z ✔ UXI-390 C-1: the Advanced disclosure is named with the Web pack's own words on Android (1.951ms)
gateway-web	Run pnpm test	2026-10-07T03:18:54.1883238Z ✔ UXI-390 C-2: a disabled control states its reason in the Web pack's own words (0.5146ms)
gateway-web	Run pnpm test	2026-10-07T03:18:54.1884044Z ✔ UXI-391: the City really has FIVE requestable task types - the premise the old record denied (2.4711ms)
gateway-web	Run pnpm test	2026-10-07T03:18:54.1884832Z ✔ UXI-391: a MISSING load dimension is not zero, and one observed dimension is enough (0.598ms)
gateway-web	Run pnpm test	2026-10-07T03:18:54.1885579Z ✔ UXI-391: the BINDING dimension is the maximum OBSERVED one, not an average over five (0.2067ms)
gateway-web	Run pnpm test	2026-10-07T03:18:54.1886463Z ✔ UXI-391: telemetry produces the vector honestly - measured dimensions only, null when nothing is measured (0.3746ms)
gateway-web	Run pnpm test	2026-10-07T03:18:54.1887297Z ✔ UXI-391: the bridge transfers ONLY on ALTERNATE_DEVICE, and moves ownership once (0.8202ms)
gateway-web	Run pnpm test	2026-10-07T03:18:54.1888062Z ✔ UXI-391: a stale holder cannot hand on work it no longer owns, and a disabled path refuses (0.2483ms)
gateway-web	Run pnpm test	2026-10-07T03:18:54.1888838Z ✔ UXI-391: only the reserved device - and never a stale holder - may claim a moved task (0.3893ms)
gateway-web	Run pnpm test	2026-10-07T03:18:54.1889580Z ✔ UXI-391: a pending handoff is REMOTE_HANDOFF on the surface, from the task record (1.7139ms)
gateway-web	Run pnpm test	2026-10-07T03:18:54.1890564Z ✔ UXI-391: the planner decision is exposed WITH the chosen device, and routeStageFor stays a thin read (1.3076ms)
gateway-web	Run pnpm test	2026-10-07T03:18:54.1891488Z ✔ UXI-391: the term and the route agree about the SAME candidate - the defect this task is about (0.7622ms)
gateway-web	Run pnpm test	2026-10-07T03:18:54.1892334Z ✔ a City with no Workbench starts, serves and executes: the seam adds no startup dependency (138.7479ms)
gateway-web	Run pnpm test	2026-10-07T03:18:54.1893084Z ✔ the port and the live route reach the same claim decision on the same facts (66.0522ms)
gateway-web	Run pnpm test	2026-10-07T03:18:54.1893806Z ✔ an offline named device is withheld by the port exactly as the route withholds it (59.8464ms)
gateway-web	Run pnpm test	2026-10-07T03:18:54.1894578Z ✔ the City exposes which backend placed the work, and only STANDARD_DEVICES is ever enabled (27.4249ms)
gateway-web	Run pnpm test	2026-10-07T03:18:54.1895568Z ✔ STANDARD_DEVICES is the enabled long-term default and claims exactly the profile it wraps (2.4684ms)
gateway-web	Run pnpm test	2026-10-07T03:18:54.1896428Z ✔ fleet readiness distinguishes "no device at all" from "devices present, none accepting work" (2.3282ms)
gateway-web	Run pnpm test	2026-10-07T03:18:54.1897310Z ✔ an endpoint row is a truthful view: offline, capability-less and sharing-off are different facts (0.6041ms)
gateway-web	Run pnpm test	2026-10-07T03:18:54.1898138Z ✔ claim reproduces the frozen decision for every negative control the pre-seam route covered (2.1557ms)
gateway-web	Run pnpm test	2026-10-07T03:18:54.1899747Z ✔ report keeps the same transitions, the same refusals and the same event names (1.3706ms)
gateway-web	Run pnpm test	2026-10-07T03:18:54.1901233Z ✔ dispatch and control refuse honestly instead of pretending the endpoint is ready (1.4929ms)
gateway-web	Run pnpm test	2026-10-07T03:18:54.1902283Z ✔ a probe failure is reported as UNKNOWN rather than being allowed to crash a status read (0.3548ms)
gateway-web	Run pnpm test	2026-10-07T03:18:54.1903443Z ✔ the port refuses to be constructed without the facts it must not invent (0.6351ms)
gateway-web	Run pnpm test	2026-10-07T03:18:54.1904154Z ✔ review: dispatch cannot bypass strict target or handoff reservation (0.6414ms)
gateway-web	Run pnpm test	2026-10-07T03:18:54.1905630Z ✔ review: dispatch cannot transfer an already running task to a different free endpoint (0.5386ms)
gateway-web	Run pnpm test	2026-10-07T03:18:54.1906559Z ✔ review: claim readiness does not say ready when sharing is disabled or endpoint busy (0.4775ms)
gateway-web	Run pnpm test	2026-10-07T03:18:54.1907402Z ✔ review: endpoint readiness and dispatch honor injected canonical Core acceptance (0.4081ms)
gateway-web	Run pnpm test	2026-10-07T03:18:54.1908343Z ✔ a node registered with the old payload still registers, claims and completes, and gains a descriptor (143.6098ms)
gateway-web	Run pnpm test	2026-10-07T03:18:54.1909261Z ✔ the descriptor is computed at read time, so a sharing change and fresh telemetry are reflected at once (56.5292ms)
gateway-web	Run pnpm test	2026-10-07T03:18:54.1910346Z ✔ an unknown node has no descriptor, and a control surface is never among the node descriptors (35.7185ms)
gateway-web	Run pnpm test	2026-10-07T03:18:54.1911395Z ✔ strict target still outranks every generic descriptor fact (58.1984ms)
gateway-web	Run pnpm test	2026-10-07T03:18:54.1912108Z ✔ WBC602 review: explicit malformed roles cannot manufacture an execution identity (2.8105ms)
gateway-web	Run pnpm test	2026-10-07T03:18:54.1912867Z ✔ WBC602 review: absent GPU/network observations are unknown, not hardware absence (0.7774ms)
gateway-web	Run pnpm test	2026-10-07T03:18:54.1913674Z ✔ WBC602 review: platform mismatch and measured zero accelerators are distinguished from unknown (0.7784ms)
gateway-web	Run pnpm test	2026-10-07T03:18:54.1914437Z ✔ WBC602 review: malformed requirement arrays yield typed contract refusals (0.3249ms)
gateway-web	Run pnpm test	2026-10-07T03:18:54.1915076Z ✔ WBC602 review: busy endpoint cannot advertise accepting work (138.3598ms)
gateway-web	Run pnpm test	2026-10-07T03:18:54.1915823Z ✔ WBC602 review: explicitly declared multiple worker roles survive real registration and restart (78.3106ms)
gateway-web	Run pnpm test	2026-10-07T03:18:54.1916693Z ✔ agent construction has no I/O; drain prevents new claim; canary uses canonical state and result (170.7091ms)
gateway-web	Run pnpm test	2026-10-07T03:18:54.1917503Z ✔ crash and restart use canonical interruption refusal rather than duplicate execution (61.3192ms)
gateway-web	Run pnpm test	2026-10-07T03:18:54.1918271Z ✔ unknown protocol and unavailable adapter are typed refusals without a startup loop (1.1357ms)
gateway-web	Run pnpm test	2026-10-07T03:18:54.1919088Z ✔ executor failure after progress remains canonical FAILED and drain permits held completion (66.5375ms)
gateway-web	Run pnpm test	2026-10-07T03:18:54.1919841Z ✔ cancel aborts held executor and late result never replaces terminal state (47.3237ms)
gateway-web	Run pnpm test	2026-10-07T03:18:54.1920570Z ✔ delayed old-task cancel cannot abort a later task or admit work while control pending (13.464ms)
gateway-web	Run pnpm test	2026-10-07T03:18:54.1921352Z ✔ stop during unresolved claim refuses busy and preserves assignment for subsequent stop (15.0816ms)
gateway-web	Run pnpm test	2026-10-07T03:18:54.1922238Z ✔ explicit bounded pool adapter executes canonical canary, then absent pool leaves standard work usable (76.8584ms)
gateway-web	Run pnpm test	2026-10-07T03:18:54.1923492Z ✔ pool registers dormant without adapter or I/O and refuses direct or registry work (3.1801ms)
gateway-web	Run pnpm test	2026-10-07T03:18:54.1924298Z ✔ explicit pool narrows canonical endpoints by membership, role and descriptor readiness (1.4344ms)
gateway-web	Run pnpm test	2026-10-07T03:18:54.1925034Z ✔ enabled pool with missing canonical adapter fails typed unavailable (0.3204ms)
gateway-web	Run pnpm test	2026-10-07T03:18:54.1925723Z ✔ pool control must not cancel work held by an unrelated standard endpoint (0.2852ms)
gateway-web	Run pnpm test	2026-10-07T03:18:54.1926456Z ✔ WBC604 profile: STANDARD_DEVICES is the default and is always an available rollback (9.319ms)
gateway-web	Run pnpm test	2026-10-07T03:18:54.1927244Z ✔ WBC604 profile: a not-ready switch is REFUSED with a typed code and writes nothing at all (3.6926ms)
gateway-web	Run pnpm test	2026-10-07T03:18:54.1927974Z ✔ WBC604 profile: a ready switch activates, persists, and survives a restart (4.4261ms)
gateway-web	Run pnpm test	2026-10-07T03:18:54.1928785Z ✔ WBC604 profile: an untrustworthy persisted value recovers to the safe default instead of being obeyed (4.2603ms)
gateway-web	Run pnpm test	2026-10-07T03:18:54.1929849Z ✔ WBC604 profile: unknown profiles and no-op changes are answered distinctly, never silently (1.5704ms)
gateway-web	Run pnpm test	2026-10-07T03:18:54.1930642Z ✔ WBC604 profile: rollback returns to STANDARD_DEVICES even after the pool disappears (3.4556ms)
gateway-web	Run pnpm test	2026-10-07T03:18:54.1931472Z ✔ WBC604 hybrid: an explicit strict target outranks every general rule and is never reinterpreted (0.5356ms)
gateway-web	Run pnpm test	2026-10-07T03:18:54.1932491Z ✔ WBC604 hybrid: a hard capability requirement outranks load, and validation work goes to a validation node (0.8445ms)
gateway-web	Run pnpm test	2026-10-07T03:18:54.1933321Z ✔ WBC604 hybrid: a legacy task that declares nothing keeps the compatible default (0.2819ms)
gateway-web	Run pnpm test	2026-10-07T03:18:54.1934032Z ✔ WBC604 hybrid: an untrusted node is never a candidate, whatever its capacity (0.3511ms)
gateway-web	Run pnpm test	2026-10-07T03:18:54.1935259Z ✔ WBC604 fail-safe: a persisted profile whose backend is no longer ready degrades to the rollback profile (8.7392ms)
gateway-web	Run pnpm test	2026-10-07T03:18:54.1937231Z ✔ WBC604 fail-safe: a change never leaves the persisted file disagreeing with the running profile (5.701ms)
gateway-web	Run pnpm test	2026-10-07T03:18:54.1938228Z ✔ WBC604 fail-safe: changing or rolling back the profile never rewrites canonical task truth (144.4969ms)
gateway-web	Run pnpm test	2026-10-07T03:18:54.1939059Z ✔ WBC604 fail-safe: readiness is re-read on every question, never cached into a stale answer (3.3288ms)
gateway-web	Run pnpm test	2026-10-07T03:18:54.1939881Z ✔ WBC604 route: the City reports its profile, refuses an absent pool, and can always roll back (133.1544ms)
gateway-web	Run pnpm test	2026-10-07T03:18:54.1940630Z ✔ WBC604 route: a persisted selection is what the restarted City runs (43.477ms)
gateway-web	Run pnpm test	2026-10-07T03:18:54.1941267Z ✔ locale contract: supported tokens, fallback and first-run detection (2.5147ms)
gateway-web	Run pnpm test	2026-10-07T03:18:54.1941929Z ✔ both language packs cover every message key with matching placeholders (4.6842ms)
gateway-web	Run pnpm test	2026-10-07T03:18:54.1942549Z ✔ every fixed Web UI string is present in the language packs (2.2992ms)
gateway-web	Run pnpm test	2026-10-07T03:18:54.1943645Z ✔ protocol tokens and City Control state names are never translated (14.0655ms)
gateway-web	Run pnpm test	2026-10-07T03:18:54.1944267Z ✔ web assets only use message keys that exist in the packs (3.402ms)
gateway-web	Run pnpm test	2026-10-07T03:18:54.1944826Z ✔ badge state and display label stay separate in every locale (2.3265ms)
gateway-web	Run pnpm test	2026-10-07T03:18:54.1945533Z ✔ applyTranslations and setLocale update the document without touching storage contracts (0.6568ms)
gateway-web	Run pnpm test	2026-10-07T03:18:54.1946275Z ✔ translation fills placeholders and time formatting follows the locale (27.9799ms)
gateway-web	Run pnpm test	2026-10-07T03:18:54.1947010Z ✔ Web Settings language switch, persistence and protocol stability (real browser) (4290.0419ms)
gateway-web	Run pnpm test	2026-10-07T03:18:54.1947736Z ✔ an invite names the City it belongs to, which is the whole point of the form (1.5061ms)
gateway-web	Run pnpm test	2026-10-07T03:18:54.1948417Z ✔ a bare credential is NOT an invite - it cannot say which City it belongs to (0.1938ms)
gateway-web	Run pnpm test	2026-10-07T03:18:54.1948960Z ✔ junk does not throw, it returns null (1.0004ms)
gateway-web	Run pnpm test	2026-10-07T03:18:54.1949470Z ✔ an invite without a host is refused rather than half-understood (0.2165ms)
gateway-web	Run pnpm test	2026-10-07T03:18:54.1950010Z ✔ trailing slashes and origins compare cleanly (0.5244ms)
gateway-web	Run pnpm test	2026-10-07T03:18:54.1950515Z ✔ the invite survives a round trip through a URL fragment (0.3084ms)
gateway-web	Run pnpm test	2026-10-07T03:18:54.1951224Z ✔ REGRESSION: a PARSED invite handed back in must still resolve, not become "[object Object]" (0.2364ms)
gateway-web	Run pnpm test	2026-10-07T03:18:54.1952000Z ✔ UXI-301: the adapter table agrees with the contract EXACTLY, in both directions (2.4521ms)
gateway-web	Run pnpm test	2026-10-07T03:18:54.1952771Z ✔ UXI-301: severity cannot contradict the contract class where the class carries meaning (0.4574ms)
gateway-web	Run pnpm test	2026-10-07T03:18:54.1953426Z ✔ UXI-301: every referenced key exists in BOTH locale packs (1.5682ms)
gateway-web	Run pnpm test	2026-10-07T03:18:54.1954051Z ✔ UXI-301: every state and every action renders real copy, not a fallback key (1.0126ms)
gateway-web	Run pnpm test	2026-10-07T03:18:54.1954800Z ✔ UXI-301: zh-CN renders different copy from en, so the locale is really applied (0.3289ms)
gateway-web	Run pnpm test	2026-10-07T03:18:54.1956619Z ✔ UXI-301: a non-permitted provider is never selectable or interactive (0.3542ms)
gateway-web	Run pnpm test	2026-10-07T03:18:54.1958324Z ✔ UXI-301: the adapter forces unselectable even when the DTO LIES about selectable (0.2493ms)
gateway-web	Run pnpm test	2026-10-07T03:18:54.1959640Z ✔ UXI-301: NO raw scheduler vocabulary leaks into the default view model (0.9044ms)
gateway-web	Run pnpm test	2026-10-07T03:18:54.1961567Z ✔ UXI-301: the leak rule survives every provider term the contract can produce (0.6761ms)
gateway-web	Run pnpm test	2026-10-07T03:18:54.1963818Z ✔ UXI-301: raw vocabulary IS reachable, but only through the explicit advanced block (0.6234ms)
gateway-web	Run pnpm test	2026-10-07T03:18:54.1965519Z ✔ UXI-301: the adapter never fabricates success and never claims to have chosen (0.3685ms)
gateway-web	Run pnpm test	2026-10-07T03:18:54.1967195Z ✔ UXI-301: an unknown state or term THROWS rather than rendering blank (0.8077ms)
gateway-web	Run pnpm test	2026-10-07T03:18:54.1968902Z ✔ UXI-301: the adapter does not recompute selection - it reports the contract decision unchanged (0.2586ms)
gateway-web	Run pnpm test	2026-10-07T03:18:54.1970998Z ✔ UXI-301: the view model is frozen, so a renderer cannot mutate presentation truth (0.2873ms)
gateway-web	Run pnpm test	2026-10-07T03:18:54.1972893Z ✔ UXI-301: real registry vocabulary flows end to end into user language (0.2322ms)
gateway-web	Run pnpm test	2026-10-07T03:18:54.1974602Z ✔ UXI-301 panel: a state renders in user language, not as a token (5.7901ms)
gateway-web	Run pnpm test	2026-10-07T03:18:54.1976457Z ✔ UXI-301 panel: NO raw scheduler vocabulary appears in the default HTML (2.4315ms)
gateway-web	Run pnpm test	2026-10-07T03:18:54.1978235Z ✔ UXI-301 panel: an unavailable provider is visible with its reason and is NOT a control (0.6681ms)
gateway-web	Run pnpm test	2026-10-07T03:18:54.1981176Z ✔ UXI-301 panel: a submitting action carries its token for wiring and its LABEL in user language (0.7363ms)
gateway-web	Run pnpm test	2026-10-07T03:18:54.1982560Z ✔ UXI-301 panel: the provider choice lives on the ROW and names a candidate the feed offered (0.7581ms)
gateway-web	Run pnpm test	2026-10-07T03:18:54.1983592Z ✔ UXI-301 panel: with nothing available to switch to, the instruction says so (0.3849ms)
gateway-web	Run pnpm test	2026-10-07T03:18:54.1984296Z ✔ UXI-301 panel: a decision is asked for only when the feed requires one (0.7647ms)
gateway-web	Run pnpm test	2026-10-07T03:18:54.1985046Z ✔ UXI-301 panel: technical detail appears ONLY behind the explicit Advanced disclosure (0.4227ms)
gateway-web	Run pnpm test	2026-10-07T03:18:54.1986046Z ✔ UXI-301 panel: an unreported feed never looks like a healthy or idle one (0.7759ms)
gateway-web	Run pnpm test	2026-10-07T03:18:54.1986687Z ✔ UXI-301 panel: all text is escaped, including ids from the feed (0.4952ms)
gateway-web	Run pnpm test	2026-10-07T03:18:54.1987253Z ✔ UXI-301 panel: the panel renders in zh-CN as well as en (0.5838ms)
gateway-web	Run pnpm test	2026-10-07T03:18:54.1987855Z ✔ UXI-301 panel: every copy key the panel uses exists in both locale packs (3.0804ms)
gateway-web	Run pnpm test	2026-10-07T03:18:54.1988672Z ✔ Windows history loads detail explicitly, retains it across snapshots and fences late selections (4590.0747ms)
gateway-web	Run pnpm test	2026-10-07T03:18:54.1989520Z ✔ Windows Services invokes real document, knowledge, skill, evidence and theme adapters (7105.7169ms)
gateway-web	Run pnpm test	2026-10-07T03:18:54.1990451Z ✔ renderTerminal returns the terminal controller, not a boolean (1.6344ms)
gateway-web	Run pnpm test	2026-10-07T03:18:54.1992040Z ✔ every terminal page renders, and the page actually follows the shell (1.9179ms)
gateway-web	Run pnpm test	2026-10-07T03:18:54.1993325Z ✔ the Ask / Do page does not duplicate any id owned by the shell (0.9684ms)
gateway-web	Run pnpm test	2026-10-07T03:18:54.1994371Z ✔ no id is duplicated anywhere in the shell document (0.1899ms)
gateway-web	Run pnpm test	2026-10-07T03:18:54.1995515Z ✔ the terminal module never attaches a second submit path to the shell bar (0.5013ms)
gateway-web	Run pnpm test	2026-10-07T03:18:54.1996702Z ✔ the shell bar is a real form so Enter submits it once, natively (0.2372ms)
gateway-web	Run pnpm test	2026-10-07T03:20:03.8507538Z ✔ Web Devices and ephemeral pairing share the authoritative Gateway (81961.2647ms)
gateway-web	Run pnpm test	2026-10-07T03:20:15.4734572Z ✔ Web freshness, device detail, node offline and pairing expiry (11622.9056ms)
gateway-web	Run pnpm test	2026-10-07T03:20:53.1632701Z ✔ Web control creates a real task and shows durable result (119156.6827ms)
gateway-web	Run pnpm test	2026-10-07T03:20:53.1948703Z ℹ tests 1483
gateway-web	Run pnpm test	2026-10-07T03:20:53.1949204Z ℹ suites 0
gateway-web	Run pnpm test	2026-10-07T03:20:53.1949565Z ℹ pass 1483
gateway-web	Run pnpm test	2026-10-07T03:20:53.1949909Z ℹ fail 0
gateway-web	Run pnpm test	2026-10-07T03:20:53.1950247Z ℹ cancelled 0
gateway-web	Run pnpm test	2026-10-07T03:20:53.1950615Z ℹ skipped 0
gateway-web	Run pnpm test	2026-10-07T03:20:53.1950915Z ℹ todo 0
gateway-web	Run pnpm test	2026-10-07T03:20:53.1952208Z ℹ duration_ms 298062.6101
gateway-web	Run node scripts/verify-promotion-history.mjs	﻿2026-10-07T03:20:53.3538206Z ##[group]Run node scripts/verify-promotion-history.mjs
gateway-web	Run node scripts/verify-promotion-history.mjs	2026-10-07T03:20:53.3538767Z ^[[36;1mnode scripts/verify-promotion-history.mjs^[[0m
gateway-web	Run node scripts/verify-promotion-history.mjs	2026-10-07T03:20:53.3612566Z shell: C:\Program Files\PowerShell\7\pwsh.EXE -command ". '{0}'"
gateway-web	Run node scripts/verify-promotion-history.mjs	2026-10-07T03:20:53.3612937Z env:
gateway-web	Run node scripts/verify-promotion-history.mjs	2026-10-07T03:20:53.3613201Z   PNPM_HOME: C:\Users\runneradmin\setup-pnpm\node_modules\.bin
gateway-web	Run node scripts/verify-promotion-history.mjs	2026-10-07T03:20:53.3613544Z ##[endgroup]
gateway-web	Run node scripts/verify-promotion-history.mjs	2026-10-07T03:20:55.6219805Z promotion history:
gateway-web	Run node scripts/verify-promotion-history.mjs	2026-10-07T03:20:55.6222904Z   OK   document-intake-lab: 165e2664ad4e -> e3d6bbd9dd91 -> city/09-planning-knowledge/02-document-intake/ingestion-core
gateway-web	Run node scripts/verify-promotion-history.mjs	2026-10-07T03:20:55.6224323Z   OK   document-readers-lab: e9a4c2370544 -> 6a95bf4502f1 -> city/09-planning-knowledge/02-document-intake/document-readers
gateway-web	Run node scripts/verify-promotion-history.mjs	2026-10-07T03:20:55.6226645Z   OK   evidence-engine-lab: ec4202f774a9 -> e1dcfd73e9b3 -> city/06-research/01-research-institute/evidence-engine
gateway-web	Run node scripts/verify-promotion-history.mjs	2026-10-07T03:20:55.6228345Z   OK   knowledge-core-lab: 01f932bd2aad -> b82fcfd0f153 -> city/09-planning-knowledge/01-knowledge-service/knowledge-core
gateway-web	Run node scripts/verify-promotion-history.mjs	2026-10-07T03:20:55.6229947Z   OK   skill-discovery-lab: b4dff8150312 -> 48494263d755 -> city/02-engineering/02-worker-gateway/skill-intake
gateway-web	Run node scripts/verify-promotion-history.mjs	2026-10-07T03:20:55.6231220Z   OK   skill-intake-lab: 1ba5b4809f05 -> 140287250ef1 -> city/02-engineering/02-worker-gateway/skill-intake
gateway-web	Run node scripts/verify-promotion-history.mjs	2026-10-07T03:20:55.6232572Z   OK   theme-builder-lab: 3ff7d805f043 -> 74c277cbc2a4 -> city/11-entertainment/01-entertainment-centre/theme-engine
gateway-web	Run node scripts/verify-promotion-history.mjs	2026-10-07T03:20:55.6233921Z   OK   theme-engine-lab: 9819ed7a4a21 -> a18b1e80b740 -> city/11-entertainment/01-entertainment-centre/theme-engine
gateway-web	Run node scripts/verify-promotion-history.mjs	2026-10-07T03:20:55.6235321Z   OK   theme-package-lab: 95d958ddacc6 -> 5d1abecdc38a -> city/11-entertainment/01-entertainment-centre/theme-engine
gateway-web	Run node scripts/verify-promotion-history.mjs	2026-10-07T03:20:55.6236722Z   OK   yaml-intake-lab: b6d7733c9272 -> e068d58ee890 -> city/09-planning-knowledge/02-document-intake/ingestion-core
gateway-web	Run node scripts/verify-promotion-history.mjs	2026-10-07T03:20:55.6237981Z promotion-history: 10 record(s) verified against local Git history at 1e22b0c1922b
gateway-web	Run node --test apps/rooms/tests/*.test.mjs	﻿2026-10-07T03:20:55.7678943Z ##[group]Run node --test apps/rooms/tests/*.test.mjs
gateway-web	Run node --test apps/rooms/tests/*.test.mjs	2026-10-07T03:20:55.7679402Z ^[[36;1mnode --test apps/rooms/tests/*.test.mjs^[[0m
gateway-web	Run node --test apps/rooms/tests/*.test.mjs	2026-10-07T03:20:55.7747836Z shell: C:\Program Files\PowerShell\7\pwsh.EXE -command ". '{0}'"
gateway-web	Run node --test apps/rooms/tests/*.test.mjs	2026-10-07T03:20:55.7748190Z env:
gateway-web	Run node --test apps/rooms/tests/*.test.mjs	2026-10-07T03:20:55.7748463Z   PNPM_HOME: C:\Users\runneradmin\setup-pnpm\node_modules\.bin
gateway-web	Run node --test apps/rooms/tests/*.test.mjs	2026-10-07T03:20:55.7748797Z ##[endgroup]
gateway-web	Run node --test apps/rooms/tests/*.test.mjs	2026-10-07T03:20:56.3518215Z ✔ bookmark room creates, edits and deletes bookmarks (126.2383ms)
gateway-web	Run node --test apps/rooms/tests/*.test.mjs	2026-10-07T03:20:56.3978082Z ✔ bookmark room accepts only absolute http(s) URLs (46.7378ms)
gateway-web	Run node --test apps/rooms/tests/*.test.mjs	2026-10-07T03:20:56.4271155Z ✔ bookmark title falls back to the URL and search covers url and note (28.2337ms)
gateway-web	Run node --test apps/rooms/tests/*.test.mjs	2026-10-07T03:20:56.4738595Z ✔ bookmark export/import replaces the collection and rejects bad payloads (47.0323ms)
gateway-web	Run node --test apps/rooms/tests/*.test.mjs	2026-10-07T03:20:56.5044654Z ✔ bookmark data is durable across a hub restart (30.6604ms)
gateway-web	Run node --test apps/rooms/tests/*.test.mjs	2026-10-07T03:20:59.5285046Z ✔ calendar room creates, edits and deletes a dated event (179.3158ms)
gateway-web	Run node --test apps/rooms/tests/*.test.mjs	2026-10-07T03:20:59.5289494Z ✔ calendar room validates dates and times (63.0773ms)
gateway-web	Run node --test apps/rooms/tests/*.test.mjs	2026-10-07T03:20:59.5291115Z ✔ calendar groups events into today, upcoming and past in order (2.2115ms)
gateway-web	Run node --test apps/rooms/tests/*.test.mjs	2026-10-07T03:20:59.5292169Z ✔ calendar scope filters today and upcoming over HTTP (26.4433ms)
gateway-web	Run node --test apps/rooms/tests/*.test.mjs	2026-10-07T03:20:59.5294450Z ✔ calendar export/import replaces events and data survives a restart (25.7816ms)
gateway-web	Run node --test apps/rooms/tests/*.test.mjs	2026-10-07T03:20:59.5611419Z ✔ checklist room creates lists and items with progress (227.8337ms)
gateway-web	Run node --test apps/rooms/tests/*.test.mjs	2026-10-07T03:20:59.5613278Z ✔ checklist items can be reordered and deleted (48.421ms)
gateway-web	Run node --test apps/rooms/tests/*.test.mjs	2026-10-07T03:20:59.5618310Z ✔ checklist clear-completed removes only done items (19.5164ms)
gateway-web	Run node --test apps/rooms/tests/*.test.mjs	2026-10-07T03:20:59.5619595Z ✔ checklist data is durable across a hub restart (16.904ms)
gateway-web	Run node --test apps/rooms/tests/*.test.mjs	2026-10-07T03:20:59.5620833Z ✔ checklist room avoids City Control task vocabulary (2.1275ms)
gateway-web	Run node --test apps/rooms/tests/*.test.mjs	2026-10-07T03:20:59.6334567Z ✔ csv parser handles quotes, escaped quotes and embedded newlines (3.0583ms)
gateway-web	Run node --test apps/rooms/tests/*.test.mjs	2026-10-07T03:20:59.6349628Z ✔ csv summary reports columns, rows and truncation (0.4557ms)
gateway-web	Run node --test apps/rooms/tests/*.test.mjs	2026-10-07T03:20:59.6353345Z ✔ json parse reports a position for invalid input (0.6937ms)
gateway-web	Run node --test apps/rooms/tests/*.test.mjs	2026-10-07T03:20:59.7466350Z ✔ data lab pretty prints and minifies over HTTP (121.8089ms)
gateway-web	Run node --test apps/rooms/tests/*.test.mjs	2026-10-07T03:20:59.7707672Z ✔ data lab returns a structured error for invalid json and parses valid json (22.3748ms)
gateway-web	Run node --test apps/rooms/tests/*.test.mjs	2026-10-07T03:20:59.8055998Z ✔ data lab csv preview endpoint works and rejects broken csv (33.8613ms)
gateway-web	Run node --test apps/rooms/tests/*.test.mjs	2026-10-07T03:20:59.8377968Z ✔ decision room records a question with options and opens as OPEN (131.3382ms)
gateway-web	Run node --test apps/rooms/tests/*.test.mjs	2026-10-07T03:20:59.8386449Z ✔ decision room appends options and keeps selected option ids stable (36.1127ms)
gateway-web	Run node --test apps/rooms/tests/*.test.mjs	2026-10-07T03:20:59.8771356Z ✔ decision room decide and revisit transitions (40.1093ms)
gateway-web	Run node --test apps/rooms/tests/*.test.mjs	2026-10-07T03:20:59.9223938Z ✔ decision room searches and filters by status (46.9001ms)
gateway-web	Run node --test apps/rooms/tests/*.test.mjs	2026-10-07T03:20:59.9664162Z ✔ decision export/import replaces data, validates payloads and survives a restart (44.2579ms)
gateway-web	Run node --test apps/rooms/tests/*.test.mjs	2026-10-07T03:21:03.0130080Z ✔ focus room exposes presets and completes a real short session (183.9734ms)
gateway-web	Run node --test apps/rooms/tests/*.test.mjs	2026-10-07T03:21:03.0131755Z ✔ focus room records an interrupted session honestly after a reload (31.7723ms)
gateway-web	Run node --test apps/rooms/tests/*.test.mjs	2026-10-07T03:21:03.0133546Z ✔ focus room validates session input (28.8231ms)
gateway-web	Run node --test apps/rooms/tests/*.test.mjs	2026-10-07T03:21:03.0134597Z ✔ focus room deletes a session and keeps the rest (31.0406ms)
gateway-web	Run node --test apps/rooms/tests/*.test.mjs	2026-10-07T03:21:03.0135816Z ✔ focus summary counts today using local dates and sessions are durable (23.7258ms)
gateway-web	Run node --test apps/rooms/tests/*.test.mjs	2026-10-07T03:21:03.0318683Z ✔ hash room digest matches Node crypto for fixed inputs (85.8139ms)
gateway-web	Run node --test apps/rooms/tests/*.test.mjs	2026-10-07T03:21:03.0320353Z ✔ hash room compares an expected digest and reports match or mismatch (20.4513ms)
gateway-web	Run node --test apps/rooms/tests/*.test.mjs	2026-10-07T03:21:03.0323033Z ✔ hash room rejects unknown algorithms and writes nothing to runtime (11.7146ms)
gateway-web	Run node --test apps/rooms/tests/*.test.mjs	2026-10-07T03:21:03.0324470Z ✔ room store writes schemaVersion/updatedAt/data and survives a reload (12.9117ms)
gateway-web	Run node --test apps/rooms/tests/*.test.mjs	2026-10-07T03:21:03.0325947Z ✔ room store rejects a wrong schemaVersion and a non-object root (6.2248ms)
gateway-web	Run node --test apps/rooms/tests/*.test.mjs	2026-10-07T03:21:03.0327344Z ✔ store mutations are serialized so concurrent writes do not lose items (28.2809ms)
gateway-web	Run node --test apps/rooms/tests/*.test.mjs	2026-10-07T03:21:03.0331692Z ✔ shared helpers normalize text, tags and collection CRUD (6.3543ms)
gateway-web	Run node --test apps/rooms/tests/*.test.mjs	2026-10-07T03:21:03.0333035Z ✔ hub serves health, the room catalog and the product shell on loopback (80.6781ms)
gateway-web	Run node --test apps/rooms/tests/*.test.mjs	2026-10-07T03:21:03.0334448Z ✔ hub rejects unknown rooms and unknown routes without touching other rooms (14.4678ms)
gateway-web	Run node --test apps/rooms/tests/*.test.mjs	2026-10-07T03:21:03.0335624Z ✔ static serving never escapes the configured root (3.6747ms)
gateway-web	Run node --test apps/rooms/tests/*.test.mjs	2026-10-07T03:21:03.0336953Z ✔ room data files are isolated: clearing one room leaves the others intact (30.6047ms)
gateway-web	Run node --test apps/rooms/tests/*.test.mjs	2026-10-07T03:21:03.0338348Z ✔ hub configuration defaults to port 4320 and loopback only (0.5391ms)
gateway-web	Run node --test apps/rooms/tests/*.test.mjs	2026-10-07T03:21:03.0339676Z ✔ all ten local rooms are LOCAL_PRODUCT and carry null donor metadata (1.7131ms)
gateway-web	Run node --test apps/rooms/tests/*.test.mjs	2026-10-07T03:21:03.0341053Z ✔ every incubating room declares a full donor and promotion contract (0.7236ms)
gateway-web	Run node --test apps/rooms/tests/*.test.mjs	2026-10-07T03:21:03.0343176Z ✔ lifecycle defaults and metadata projection follow the §5.2 contract (0.2752ms)
gateway-web	Run node --test apps/rooms/tests/*.test.mjs	2026-10-07T03:21:03.0344606Z ✔ a promoted room leaves the active catalog but stays known to Git history (0.4504ms)
gateway-web	Run node --test apps/rooms/tests/*.test.mjs	2026-10-07T03:21:03.0345882Z ✔ promotion records are validated and rejected when malformed (13.5383ms)
gateway-web	Run node --test apps/rooms/tests/*.test.mjs	2026-10-07T03:21:03.0347251Z ✔ promotion cross-checks catch an unknown room, an active room and a path mismatch (0.5391ms)
gateway-web	Run node --test apps/rooms/tests/*.test.mjs	2026-10-07T03:21:03.0348554Z ✔ hub exposes lifecycle metadata and the promotion record set (63.6424ms)
gateway-web	Run node --test apps/rooms/tests/*.test.mjs	2026-10-07T03:21:03.7889833Z ✔ knowledge room creates, lists, edits and deletes entries over HTTP (90.9879ms)
gateway-web	Run node --test apps/rooms/tests/*.test.mjs	2026-10-07T03:21:03.7891360Z ✔ knowledge entries survive a hub restart (17.4977ms)
gateway-web	Run node --test apps/rooms/tests/*.test.mjs	2026-10-07T03:21:03.7892244Z ✔ knowledge search covers title, body and tags and is case-insensitive (19.4789ms)
gateway-web	Run node --test apps/rooms/tests/*.test.mjs	2026-10-07T03:21:03.7893254Z ✔ knowledge export bundle carries format, schemaVersion and full entries (11.8746ms)
gateway-web	Run node --test apps/rooms/tests/*.test.mjs	2026-10-07T03:21:03.7894241Z ✔ knowledge import replaces data and rejects malformed bundles whole (24.5279ms)
gateway-web	Run node --test apps/rooms/tests/*.test.mjs	2026-10-07T03:21:03.7895181Z ✔ knowledge entries are ordered newest-updated first (40.6084ms)
gateway-web	Run node --test apps/rooms/tests/*.test.mjs	2026-10-07T03:21:03.8011601Z ✔ a relocated promotion keeps its historical target and names its authority (11.3572ms)
gateway-web	Run node --test apps/rooms/tests/*.test.mjs	2026-10-07T03:21:03.8012394Z ✔ every promotion record still names a landing point under city/ (5.0404ms)
gateway-web	Run node --test apps/rooms/tests/*.test.mjs	2026-10-07T03:21:06.2728298Z ✔ prompt library creates a prompt and derives its variables (87.7518ms)
gateway-web	Run node --test apps/rooms/tests/*.test.mjs	2026-10-07T03:21:06.2729682Z ✔ prompt rendering fills known variables and reports the missing ones (21.1178ms)
gateway-web	Run node --test apps/rooms/tests/*.test.mjs	2026-10-07T03:21:06.2730942Z ✔ prompt values persist with the prompt and are reused as defaults (19.9832ms)
gateway-web	Run node --test apps/rooms/tests/*.test.mjs	2026-10-07T03:21:06.2731753Z ✔ prompt search covers title, template and note (23.6631ms)
gateway-web	Run node --test apps/rooms/tests/*.test.mjs	2026-10-07T03:21:06.2732423Z ✔ prompt export/import replaces the library and the room never calls an AI provider (23.2913ms)
gateway-web	Run node --test apps/rooms/tests/*.test.mjs	2026-10-07T03:21:06.2861468Z ✔ text stats count characters, words and lines (1.8402ms)
gateway-web	Run node --test apps/rooms/tests/*.test.mjs	2026-10-07T03:21:06.2862640Z ✔ whitespace and blank-line operations are deterministic (0.3156ms)
gateway-web	Run node --test apps/rooms/tests/*.test.mjs	2026-10-07T03:21:06.2863657Z ✔ sort and dedupe behave predictably (0.4874ms)
gateway-web	Run node --test apps/rooms/tests/*.test.mjs	2026-10-07T03:21:06.2864465Z ✔ case operations cover upper, lower and title (0.3325ms)
gateway-web	Run node --test apps/rooms/tests/*.test.mjs	2026-10-07T03:21:06.2865729Z ✔ line diff reports added, removed and identical lines (0.4755ms)
gateway-web	Run node --test apps/rooms/tests/*.test.mjs	2026-10-07T03:21:06.2866885Z ✔ text workshop serves transforms over HTTP and persists nothing (96.4817ms)
gateway-web	Run node --test apps/rooms/tests/*.test.mjs	2026-10-07T03:21:06.2867707Z ℹ tests 69
gateway-web	Run node --test apps/rooms/tests/*.test.mjs	2026-10-07T03:21:06.2868210Z ℹ suites 0
gateway-web	Run node --test apps/rooms/tests/*.test.mjs	2026-10-07T03:21:06.2868731Z ℹ pass 69
gateway-web	Run node --test apps/rooms/tests/*.test.mjs	2026-10-07T03:21:06.2869104Z ℹ fail 0
gateway-web	Run node --test apps/rooms/tests/*.test.mjs	2026-10-07T03:21:06.2869485Z ℹ cancelled 0
gateway-web	Run node --test apps/rooms/tests/*.test.mjs	2026-10-07T03:21:06.2869886Z ℹ skipped 0
gateway-web	Run node --test apps/rooms/tests/*.test.mjs	2026-10-07T03:21:06.2870252Z ℹ todo 0
gateway-web	Run node --test apps/rooms/tests/*.test.mjs	2026-10-07T03:21:06.2870661Z ℹ duration_ms 10190.9294
gateway-web	Run node city/test-all.mjs	﻿2026-10-07T03:21:06.4198309Z ##[group]Run node city/test-all.mjs
gateway-web	Run node city/test-all.mjs	2026-10-07T03:21:06.4198673Z ^[[36;1mnode city/test-all.mjs^[[0m
gateway-web	Run node city/test-all.mjs	2026-10-07T03:21:06.4267068Z shell: C:\Program Files\PowerShell\7\pwsh.EXE -command ". '{0}'"
gateway-web	Run node city/test-all.mjs	2026-10-07T03:21:06.4267450Z env:
gateway-web	Run node city/test-all.mjs	2026-10-07T03:21:06.4267724Z   PNPM_HOME: C:\Users\runneradmin\setup-pnpm\node_modules\.bin
gateway-web	Run node city/test-all.mjs	2026-10-07T03:21:06.4268058Z ##[endgroup]
gateway-web	Run node city/test-all.mjs	2026-10-07T03:21:06.7556940Z city: running 121 test file(s)
gateway-web	Run node city/test-all.mjs	2026-10-07T03:21:06.7559286Z   00-foundation/01-city-core/audit-ledger/tests/decision-ledger.test.mjs
gateway-web	Run node city/test-all.mjs	2026-10-07T03:21:06.7560270Z   00-foundation/01-city-core/audit-ledger/tests/guardian-gate.test.mjs
gateway-web	Run node city/test-all.mjs	2026-10-07T03:21:06.7561135Z   00-foundation/01-city-core/audit-ledger/tests/recovery.test.mjs
gateway-web	Run node city/test-all.mjs	2026-10-07T03:21:06.7562009Z   00-foundation/01-city-core/fleet-routing/tests/adaptive-routing.test.mjs
gateway-web	Run node city/test-all.mjs	2026-10-07T03:21:06.7562726Z   00-foundation/01-city-core/fleet-routing/tests/capability-routing.test.mjs
gateway-web	Run node city/test-all.mjs	2026-10-07T03:21:06.7563656Z   00-foundation/01-city-core/fleet-routing/tests/coverage.test.mjs
gateway-web	Run node city/test-all.mjs	2026-10-07T03:21:06.7564698Z   00-foundation/01-city-core/fleet-routing/tests/fleet.test.mjs
gateway-web	Run node city/test-all.mjs	2026-10-07T03:21:06.7565483Z   00-foundation/01-city-core/fleet-routing/tests/hysteresis.test.mjs
gateway-web	Run node city/test-all.mjs	2026-10-07T03:21:06.7566667Z   00-foundation/01-city-core/fleet-routing/tests/pressure.test.mjs
gateway-web	Run node city/test-all.mjs	2026-10-07T03:21:06.7567486Z   00-foundation/01-city-core/fleet-routing/tests/rescan.test.mjs
gateway-web	Run node city/test-all.mjs	2026-10-07T03:21:06.7568317Z   00-foundation/01-city-core/fleet-routing/tests/routing-sequence.test.mjs
gateway-web	Run node city/test-all.mjs	2026-10-07T03:21:06.7569132Z   00-foundation/01-city-core/root-authority/tests/guard.test.mjs
gateway-web	Run node city/test-all.mjs	2026-10-07T03:21:06.7569813Z   00-foundation/01-city-core/root-authority/tests/protected-surface.test.mjs
gateway-web	Run node city/test-all.mjs	2026-10-07T03:21:06.7570628Z   00-foundation/01-city-core/task-lifecycle/tests/task-lifecycle.test.mjs
gateway-web	Run node city/test-all.mjs	2026-10-07T03:21:06.7571869Z   00-foundation/02-city-node-network/device-identity/tests/device-identity.test.mjs
gateway-web	Run node city/test-all.mjs	2026-10-07T03:21:06.7573058Z   00-foundation/02-city-node-network/pairing-trust/tests/pairing-trust.test.mjs
gateway-web	Run node city/test-all.mjs	2026-10-07T03:21:06.7574227Z   00-foundation/03-capability-fabric/capability-fabric/tests/capability-fabric.test.mjs
gateway-web	Run node city/test-all.mjs	2026-10-07T03:21:06.7575506Z   00-foundation/03-capability-fabric/capability-fabric/tests/v03-derivation-parity.test.mjs
gateway-web	Run node city/test-all.mjs	2026-10-07T03:21:06.7576611Z   00-foundation/05-control-centre/theme-engine/tests/d9-core.test.mjs
gateway-web	Run node city/test-all.mjs	2026-10-07T03:21:06.7577511Z   00-foundation/05-control-centre/theme-engine/tests/d9-parity.test.mjs
gateway-web	Run node city/test-all.mjs	2026-10-07T03:21:06.7578395Z   00-foundation/05-control-centre/theme-engine/tests/theme-engine.test.mjs
gateway-web	Run node city/test-all.mjs	2026-10-07T03:21:06.7579289Z   00-foundation/05-control-centre/theme-engine/tests/theme-package.test.mjs
gateway-web	Run node city/test-all.mjs	2026-10-07T03:21:06.7580351Z   02-engineering/01-project-foreman/project-foreman/tests/adapters-autonomy.test.mjs
gateway-web	Run node city/test-all.mjs	2026-10-07T03:21:06.7581478Z   02-engineering/01-project-foreman/project-foreman/tests/donor/engineering-checkpoint.test.mjs
gateway-web	Run node city/test-all.mjs	2026-10-07T03:21:06.7582607Z   02-engineering/01-project-foreman/project-foreman/tests/donor/engineering-context.test.mjs
gateway-web	Run node city/test-all.mjs	2026-10-07T03:21:06.7583946Z   02-engineering/01-project-foreman/project-foreman/tests/donor/engineering-cross-volume-cleanup.test.mjs
gateway-web	Run node city/test-all.mjs	2026-10-07T03:21:06.7585194Z   02-engineering/01-project-foreman/project-foreman/tests/donor/engineering-plan.test.mjs
gateway-web	Run node city/test-all.mjs	2026-10-07T03:21:06.7586509Z   02-engineering/01-project-foreman/project-foreman/tests/donor/engineering-process-identity.test.mjs
gateway-web	Run node city/test-all.mjs	2026-10-07T03:21:06.7587528Z   02-engineering/01-project-foreman/project-foreman/tests/donor/engineering-process-real.test.mjs
gateway-web	Run node city/test-all.mjs	2026-10-07T03:21:06.7588283Z   02-engineering/01-project-foreman/project-foreman/tests/donor/engineering-recovery-journal.test.mjs
gateway-web	Run node city/test-all.mjs	2026-10-07T03:21:06.7589590Z   02-engineering/01-project-foreman/project-foreman/tests/donor/engineering-recovery-schema.test.mjs
gateway-web	Run node city/test-all.mjs	2026-10-07T03:21:06.7591429Z   02-engineering/01-project-foreman/project-foreman/tests/donor/engineering-scenarios-autonomy.test.mjs
gateway-web	Run node city/test-all.mjs	2026-10-07T03:21:06.7592888Z   02-engineering/01-project-foreman/project-foreman/tests/donor/engineering-scenarios.test.mjs
gateway-web	Run node city/test-all.mjs	2026-10-07T03:21:06.7596828Z   02-engineering/01-project-foreman/project-foreman/tests/donor/engineering-verifier.test.mjs
gateway-web	Run node city/test-all.mjs	2026-10-07T03:21:06.7598267Z   02-engineering/01-project-foreman/project-foreman/tests/donor/engineering-wiring-lock.test.mjs
gateway-web	Run node city/test-all.mjs	2026-10-07T03:21:06.7599629Z   02-engineering/01-project-foreman/project-foreman/tests/donor-boss/recovery-model.test.mjs
gateway-web	Run node city/test-all.mjs	2026-10-07T03:21:06.7600865Z   02-engineering/01-project-foreman/project-foreman/tests/failure-recovery.test.mjs
gateway-web	Run node city/test-all.mjs	2026-10-07T03:21:06.7602003Z   02-engineering/01-project-foreman/project-foreman/tests/plan-parity.test.mjs
gateway-web	Run node city/test-all.mjs	2026-10-07T03:21:06.7603073Z   02-engineering/01-project-foreman/project-foreman/tests/recovery.test.mjs
gateway-web	Run node city/test-all.mjs	2026-10-07T03:21:06.7604127Z   02-engineering/01-project-foreman/project-foreman/tests/supervisor.test.mjs
gateway-web	Run node city/test-all.mjs	2026-10-07T03:21:06.7605207Z   02-engineering/01-project-foreman/project-foreman/tests/verification.test.mjs
gateway-web	Run node city/test-all.mjs	2026-10-07T03:21:06.7606301Z   02-engineering/02-worker-gateway/provider-adapter/tests/provider-state.test.mjs
gateway-web	Run node city/test-all.mjs	2026-10-07T03:21:06.7607385Z   02-engineering/02-worker-gateway/provider-adapter/tests/runtime.test.mjs
gateway-web	Run node city/test-all.mjs	2026-10-07T03:21:06.7608481Z   02-engineering/02-worker-gateway/provider-resilience/tests/circuit-breaker.test.mjs
gateway-web	Run node city/test-all.mjs	2026-10-07T03:21:06.7609858Z   02-engineering/02-worker-gateway/provider-resilience/tests/provider-outcome.test.mjs
gateway-web	Run node city/test-all.mjs	2026-10-07T03:21:06.7610994Z   02-engineering/02-worker-gateway/skill-intake/tests/catalog-semantics.test.mjs
gateway-web	Run node city/test-all.mjs	2026-10-07T03:21:06.7612473Z   02-engineering/02-worker-gateway/skill-intake/tests/skill-discovery.test.mjs
gateway-web	Run node city/test-all.mjs	2026-10-07T03:21:06.7613473Z   02-engineering/02-worker-gateway/skill-intake/tests/skill-intake.test.mjs
gateway-web	Run node city/test-all.mjs	2026-10-07T03:21:06.7614403Z   02-engineering/02-worker-gateway/worker-runner/tests/runner.test.mjs
gateway-web	Run node city/test-all.mjs	2026-10-07T03:21:06.7615361Z   02-engineering/02-worker-gateway/worker-task-contract/tests/lifecycle.test.mjs
gateway-web	Run node city/test-all.mjs	2026-10-07T03:21:06.7616432Z   02-engineering/03-host-health-station/host-health-station/tests/differential.test.mjs
gateway-web	Run node city/test-all.mjs	2026-10-07T03:21:06.7617614Z   02-engineering/03-host-health-station/host-health-station/tests/host-health-station.test.mjs
gateway-web	Run node city/test-all.mjs	2026-10-07T03:21:06.7618875Z   02-engineering/04-restart-recovery-station/checkpoint-gate/tests/checkpoint-gate.test.mjs
gateway-web	Run node city/test-all.mjs	2026-10-07T03:21:06.7620149Z   02-engineering/04-restart-recovery-station/restart-lock/tests/restart-lock.test.mjs
gateway-web	Run node city/test-all.mjs	2026-10-07T03:21:06.7621378Z   02-engineering/04-restart-recovery-station/restart-protocol/tests/canonical-json.test.mjs
gateway-web	Run node city/test-all.mjs	2026-10-07T03:21:06.7622719Z   02-engineering/04-restart-recovery-station/restart-protocol/tests/request-validator.test.mjs
gateway-web	Run node city/test-all.mjs	2026-10-07T03:21:06.7623945Z   02-engineering/04-restart-recovery-station/restart-ticket/tests/ticket.test.mjs
gateway-web	Run node city/test-all.mjs	2026-10-07T03:21:06.7625100Z   06-research/01-research-institute/evidence-engine/tests/evidence-engine.test.mjs
gateway-web	Run node city/test-all.mjs	2026-10-07T03:21:06.7626226Z   06-research/01-research-institute/research-manuscript/tests/figures.test.mjs
gateway-web	Run node city/test-all.mjs	2026-10-07T03:21:06.7627350Z   06-research/01-research-institute/research-manuscript/tests/manuscript.test.mjs
gateway-web	Run node city/test-all.mjs	2026-10-07T03:21:06.7628450Z   06-research/01-research-institute/research-protocol/tests/command.test.mjs
gateway-web	Run node city/test-all.mjs	2026-10-07T03:21:06.7630013Z   06-research/01-research-institute/research-protocol/tests/contract.test.mjs
gateway-web	Run node city/test-all.mjs	2026-10-07T03:21:06.7631099Z   06-research/01-research-institute/research-protocol/tests/contracts.test.mjs
gateway-web	Run node city/test-all.mjs	2026-10-07T03:21:06.7632122Z   06-research/01-research-institute/research-protocol/tests/ir.test.mjs
gateway-web	Run node city/test-all.mjs	2026-10-07T03:21:06.7633149Z   06-research/01-research-institute/research-protocol/tests/protocol.test.mjs
gateway-web	Run node city/test-all.mjs	2026-10-07T03:21:06.7634147Z   06-research/01-research-institute/research-protocol/tests/roles.test.mjs
gateway-web	Run node city/test-all.mjs	2026-10-07T03:21:06.7635253Z   06-research/01-research-institute/research-provenance/tests/bibliography.test.mjs
gateway-web	Run node city/test-all.mjs	2026-10-07T03:21:06.7636288Z   06-research/01-research-institute/research-provenance/tests/citation.test.mjs
gateway-web	Run node city/test-all.mjs	2026-10-07T03:21:06.7637280Z   06-research/01-research-institute/research-provenance/tests/contracts.test.mjs
gateway-web	Run node city/test-all.mjs	2026-10-07T03:21:06.7639103Z   06-research/01-research-institute/research-provenance/tests/input.test.mjs
gateway-web	Run node city/test-all.mjs	2026-10-07T03:21:06.7640067Z   06-research/01-research-institute/research-review/tests/adjudicate.test.mjs
gateway-web	Run node city/test-all.mjs	2026-10-07T03:21:06.7641121Z   06-research/01-research-institute/research-review/tests/capability-registry.test.mjs
gateway-web	Run node city/test-all.mjs	2026-10-07T03:21:06.7642194Z   06-research/01-research-institute/research-review/tests/contracts.test.mjs
gateway-web	Run node city/test-all.mjs	2026-10-07T03:21:06.7643109Z   06-research/01-research-institute/research-review/tests/index.test.mjs
gateway-web	Run node city/test-all.mjs	2026-10-07T03:21:06.7643951Z   06-research/01-research-institute/research-review/tests/levela.test.mjs
gateway-web	Run node city/test-all.mjs	2026-10-07T03:21:06.7644799Z   06-research/01-research-institute/research-review/tests/levelb.test.mjs
gateway-web	Run node city/test-all.mjs	2026-10-07T03:21:06.7645646Z   06-research/01-research-institute/research-review/tests/review.test.mjs
gateway-web	Run node city/test-all.mjs	2026-10-07T03:21:06.7646540Z   06-research/01-research-institute/research-statistics/tests/battery.test.mjs
gateway-web	Run node city/test-all.mjs	2026-10-07T03:21:06.7647496Z   06-research/01-research-institute/research-statistics/tests/statistics.test.mjs
gateway-web	Run node city/test-all.mjs	2026-10-07T03:21:06.7648531Z   09-planning-knowledge/01-knowledge-service/knowledge-core/tests/knowledge-core.test.mjs
gateway-web	Run node city/test-all.mjs	2026-10-07T03:21:06.7650002Z   09-planning-knowledge/02-document-intake/document-readers/tests/document-readers.test.mjs
gateway-web	Run node city/test-all.mjs	2026-10-07T03:21:06.7651306Z   09-planning-knowledge/02-document-intake/document-readers/tests/docx.test.mjs
gateway-web	Run node city/test-all.mjs	2026-10-07T03:21:06.7652293Z   09-planning-knowledge/02-document-intake/document-readers/tests/engines.test.mjs
gateway-web	Run node city/test-all.mjs	2026-10-07T03:21:06.7653311Z   09-planning-knowledge/02-document-intake/document-readers/tests/pdf.test.mjs
gateway-web	Run node city/test-all.mjs	2026-10-07T03:21:06.7654320Z   09-planning-knowledge/02-document-intake/document-readers/tests/xlsx.test.mjs
gateway-web	Run node city/test-all.mjs	2026-10-07T03:21:06.7655376Z   09-planning-knowledge/02-document-intake/ingestion-core/tests/ingestion-core.test.mjs
gateway-web	Run node city/test-all.mjs	2026-10-07T03:21:06.7656498Z   09-planning-knowledge/02-document-intake/ingestion-core/tests/yaml-intake.test.mjs
gateway-web	Run node city/test-all.mjs	2026-10-07T03:21:06.7657600Z   09-planning-knowledge/02-document-intake/ingestion-core/tests/yaml-parser.test.mjs
gateway-web	Run node city/test-all.mjs	2026-10-07T03:21:06.7658748Z   10-automation/01-computer-use-runtime/backend-surface/tests/action-readiness.test.mjs
gateway-web	Run node city/test-all.mjs	2026-10-07T03:21:06.7659962Z   10-automation/01-computer-use-runtime/backend-surface/tests/computer-recovery.test.mjs
gateway-web	Run node city/test-all.mjs	2026-10-07T03:21:06.7661079Z   10-automation/01-computer-use-runtime/backend-surface/tests/dom-page.test.mjs
gateway-web	Run node city/test-all.mjs	2026-10-07T03:21:06.7662061Z   10-automation/01-computer-use-runtime/backend-surface/tests/permission.test.mjs
gateway-web	Run node city/test-all.mjs	2026-10-07T03:21:06.7663233Z   10-automation/01-computer-use-runtime/backend-surface/tests/provider-dom-surface.test.mjs
gateway-web	Run node city/test-all.mjs	2026-10-07T03:21:06.7664276Z   10-automation/01-computer-use-runtime/backend-surface/tests/semantic.test.mjs
gateway-web	Run node city/test-all.mjs	2026-10-07T03:21:06.7665314Z   10-automation/01-computer-use-runtime/backend-surface/tests/ui-surface.test.mjs
gateway-web	Run node city/test-all.mjs	2026-10-07T03:21:06.7666379Z   10-automation/01-computer-use-runtime/bounded-run/tests/health.test.mjs
gateway-web	Run node city/test-all.mjs	2026-10-07T03:21:06.7667390Z   10-automation/01-computer-use-runtime/bounded-run/tests/identity.test.mjs
gateway-web	Run node city/test-all.mjs	2026-10-07T03:21:06.7668395Z   10-automation/01-computer-use-runtime/bounded-run/tests/index.test.mjs
gateway-web	Run node city/test-all.mjs	2026-10-07T03:21:06.7669701Z   10-automation/01-computer-use-runtime/bounded-run/tests/reconnect.test.mjs
gateway-web	Run node city/test-all.mjs	2026-10-07T03:21:06.7670715Z   10-automation/01-computer-use-runtime/bounded-run/tests/recovery.test.mjs
gateway-web	Run node city/test-all.mjs	2026-10-07T03:21:06.7671572Z   10-automation/01-computer-use-runtime/bounded-run/tests/resources.test.mjs
gateway-web	Run node city/test-all.mjs	2026-10-07T03:21:06.7672652Z   10-automation/01-computer-use-runtime/bounded-run/tests/stabilization.test.mjs
gateway-web	Run node city/test-all.mjs	2026-10-07T03:21:06.7673680Z   10-automation/01-computer-use-runtime/bounded-run/tests/stall.test.mjs
gateway-web	Run node city/test-all.mjs	2026-10-07T03:21:06.7674650Z   10-automation/01-computer-use-runtime/bounded-run/tests/state-machine.test.mjs
gateway-web	Run node city/test-all.mjs	2026-10-07T03:21:06.7675244Z   10-automation/01-computer-use-runtime/execution-contract/tests/action.test.mjs
gateway-web	Run node city/test-all.mjs	2026-10-07T03:21:06.7675820Z   10-automation/01-computer-use-runtime/execution-contract/tests/contract.test.mjs
gateway-web	Run node city/test-all.mjs	2026-10-07T03:21:06.7676629Z   10-automation/01-computer-use-runtime/execution-contract/tests/contracts.test.mjs
gateway-web	Run node city/test-all.mjs	2026-10-07T03:21:06.7677215Z   10-automation/01-computer-use-runtime/execution-contract/tests/criteria.test.mjs
gateway-web	Run node city/test-all.mjs	2026-10-07T03:21:06.7677787Z   10-automation/01-computer-use-runtime/execution-contract/tests/errors.test.mjs
gateway-web	Run node city/test-all.mjs	2026-10-07T03:21:06.7678353Z   10-automation/01-computer-use-runtime/execution-contract/tests/parity.test.mjs
gateway-web	Run node city/test-all.mjs	2026-10-07T03:21:06.7678920Z   10-automation/01-computer-use-runtime/routing-safety/tests/evidence.test.mjs
gateway-web	Run node city/test-all.mjs	2026-10-07T03:21:06.7679462Z   10-automation/01-computer-use-runtime/routing-safety/tests/modal.test.mjs
gateway-web	Run node city/test-all.mjs	2026-10-07T03:21:06.7679998Z   10-automation/01-computer-use-runtime/routing-safety/tests/routing.test.mjs
gateway-web	Run node city/test-all.mjs	2026-10-07T03:21:06.7680532Z   10-automation/01-computer-use-runtime/routing-safety/tests/safety.test.mjs
gateway-web	Run node city/test-all.mjs	2026-10-07T03:21:06.7681074Z   10-automation/01-computer-use-runtime/target-guard/tests/target.test.mjs
gateway-web	Run node city/test-all.mjs	2026-10-07T03:21:06.7681636Z   10-automation/01-computer-use-runtime/world-verification/tests/miss.test.mjs
gateway-web	Run node city/test-all.mjs	2026-10-07T03:21:06.7682217Z   10-automation/01-computer-use-runtime/world-verification/tests/observer.test.mjs
gateway-web	Run node city/test-all.mjs	2026-10-07T03:21:06.7682806Z   10-automation/01-computer-use-runtime/world-verification/tests/progress.test.mjs
gateway-web	Run node city/test-all.mjs	2026-10-07T03:21:06.7683535Z   10-automation/01-computer-use-runtime/world-verification/tests/verification.test.mjs
gateway-web	Run node city/test-all.mjs	2026-10-07T03:21:06.7684161Z   10-automation/01-computer-use-runtime/world-verification/tests/world-state.test.mjs
gateway-web	Run node city/test-all.mjs	2026-10-07T03:21:06.7684592Z   tests/manifest.test.mjs
gateway-web	Run node city/test-all.mjs	2026-10-07T03:21:06.9803147Z ✔ a well-formed entry validates and keeps every field (2.9747ms)
gateway-web	Run node city/test-all.mjs	2026-10-07T03:21:06.9853592Z ✔ the donor bounds are enforced one for one (1.831ms)
gateway-web	Run node city/test-all.mjs	2026-10-07T03:21:06.9867133Z ✔ append is immutable and refuses to overwrite an existing decision (0.5295ms)
gateway-web	Run node city/test-all.mjs	2026-10-07T03:21:06.9886668Z ✔ appendAllToLedger appends in order and stops at the first bad entry (0.4742ms)
gateway-web	Run node city/test-all.mjs	2026-10-07T03:21:06.9894672Z ✔ summarizeLedger counts by source and outcome and reports rollbacks (0.6509ms)
gateway-web	Run node city/test-all.mjs	2026-10-07T03:21:06.9904424Z ✔ entriesForTask returns that task history in ledger order (0.3143ms)
gateway-web	Run node city/test-all.mjs	2026-10-07T03:21:07.0029429Z ✔ the donor vocabulary is seven checks plus four theme checks (2.9634ms)
gateway-web	Run node city/test-all.mjs	2026-10-07T03:21:07.0039286Z ✔ no observations means NOT_RUN, not a pass, and release is blocked (1.4917ms)
gateway-web	Run node city/test-all.mjs	2026-10-07T03:21:07.0041051Z ✔ a fully evidenced candidate is released with every check named (0.7139ms)
gateway-web	Run node city/test-all.mjs	2026-10-07T03:21:07.0042648Z ✔ a partial context reports exactly what is still owed (0.2983ms)
gateway-web	Run node city/test-all.mjs	2026-10-07T03:21:07.0043896Z ✔ a removal check that could not run is NOT_RUN, never PASS (0.474ms)
gateway-web	Run node city/test-all.mjs	2026-10-07T03:21:07.0045047Z ✔ unapproved removals fail the destructive-change check and name the kind (1.4064ms)
gateway-web	Run node city/test-all.mjs	2026-10-07T03:21:07.0046351Z ✔ coverage below 100% fails and reports the ratio (0.4717ms)
gateway-web	Run node city/test-all.mjs	2026-10-07T03:21:07.0047512Z ✔ an empty goal fails even when requirements are listed (0.342ms)
gateway-web	Run node city/test-all.mjs	2026-10-07T03:21:07.0048740Z ✔ a deliverable with no serving requirement fails the goal check (0.4237ms)
gateway-web	Run node city/test-all.mjs	2026-10-07T03:21:07.0052198Z ✔ scope violations and refusals fail the scope check (0.6815ms)
gateway-web	Run node city/test-all.mjs	2026-10-07T03:21:07.0053519Z ✔ an empty evidence ledger fails completeness even with nothing outstanding (0.3379ms)
gateway-web	Run node city/test-all.mjs	2026-10-07T03:21:07.0057523Z ✔ an Owner override must be lexically reflected in the work (0.6572ms)
gateway-web	Run node city/test-all.mjs	2026-10-07T03:21:07.0073579Z ✔ a touched theme lane requires the four theme checks even when nothing was read (0.8458ms)
gateway-web	Run node city/test-all.mjs	2026-10-07T03:21:07.0091994Z ✔ readable theme packages produce real theme verdicts (0.8058ms)
gateway-web	Run node city/test-all.mjs	2026-10-07T03:21:07.0096342Z ✔ a non-built-in theme with diagnostics is not judged on built-in integrity (0.3443ms)
gateway-web	Run node city/test-all.mjs	2026-10-07T03:21:07.0099597Z ✔ termsOf keeps runs of four or more alphanumerics and deduplicates (0.515ms)
gateway-web	Run node city/test-all.mjs	2026-10-07T03:21:07.0101624Z ✔ the result factories shape their inputs (1.0963ms)
gateway-web	Run node city/test-all.mjs	2026-10-07T03:21:07.0250259Z ✔ the §33 vocabularies are declared exactly as the donor declares them (3.3779ms)
gateway-web	Run node city/test-all.mjs	2026-10-07T03:21:07.0276994Z ✔ every class the donor can produce is classified with its own confidence, severity and reason (10.9264ms)
gateway-web	Run node city/test-all.mjs	2026-10-07T03:21:07.0303541Z ✔ the ladder is decided most-authoritative-first, not by whichever pattern is easiest (0.4426ms)
gateway-web	Run node city/test-all.mjs	2026-10-07T03:21:07.0304985Z ✔ a rule whose host-verified precondition is absent does not fire (1.9112ms)
gateway-web	Run node city/test-all.mjs	2026-10-07T03:21:07.0308004Z ✔ a gate that failed with no signature is classified from the gate itself (0.7732ms)
gateway-web	Run node city/test-all.mjs	2026-10-07T03:21:07.0309923Z ✔ an observation with no signal at all is UNKNOWN, not the most convenient class (0.5807ms)
gateway-web	Run node city/test-all.mjs	2026-10-07T03:21:07.0311554Z ✔ an unlisted TS error code is a dependency when no module was confirmed missing (0.331ms)
gateway-web	Run node city/test-all.mjs	2026-10-07T03:21:07.0314003Z ✔ the classifier reads the provider fields, not only the detail (0.2992ms)
gateway-web	Run node city/test-all.mjs	2026-10-07T03:21:07.0315523Z ✔ a plan exists for every class, walks the whole ladder, and always ends at the Hard Blocker (2.1869ms)
gateway-web	Run node city/test-all.mjs	2026-10-07T03:21:07.0316912Z ✔ an inapplicable step keeps its donor reason rather than being dropped (0.8715ms)
gateway-web	Run node city/test-all.mjs	2026-10-07T03:21:07.0319372Z ✔ a TERMINAL failure has no applicable step but the Hard Blocker, and is never planned for retry (0.6098ms)
gateway-web	Run node city/test-all.mjs	2026-10-07T03:21:07.0335700Z ✔ the THEME class carries §33.2's own ladder (0.2841ms)
gateway-web	Run node city/test-all.mjs	2026-10-07T03:21:07.0344978Z ✔ progress offers the next step while its budget remains, and moves on at the exact boundary (0.5737ms)
gateway-web	Run node city/test-all.mjs	2026-10-07T03:21:07.0348081Z ✔ the ladder is not advisory: a later step is never offered while a cheaper one has budget (0.2335ms)
gateway-web	Run node city/test-all.mjs	2026-10-07T03:21:07.0350622Z ✔ a PASS still spends the budget, because the run advances on attempts made (0.9376ms)
gateway-web	Run node city/test-all.mjs	2026-10-07T03:21:07.0370177Z ✔ a class with no applicable step reports the reason for its first skipped step (0.3827ms)
gateway-web	Run node city/test-all.mjs	2026-10-07T03:21:07.0375045Z ✔ the shape helpers construct the donor shapes and copy their lists (0.7426ms)
gateway-web	Run node city/test-all.mjs	2026-10-07T03:21:07.0376973Z ✔ the shape validators refuse a field that lies about its type, without inventing new rules (3.1458ms)
gateway-web	Run node city/test-all.mjs	2026-10-07T03:21:07.0379913Z ✔ the ported functions refuse a classification that is not one of §33.1's classes (0.2289ms)
gateway-web	Run node city/test-all.mjs	2026-10-07T03:21:07.1044277Z ✔ the policy constants are the donor constants (1.8834ms)
gateway-web	Run node city/test-all.mjs	2026-10-07T03:21:07.1045697Z ✔ clamp01 clamps the range and treats a non-finite value as zero (0.3983ms)
gateway-web	Run node city/test-all.mjs	2026-10-07T03:21:07.1047279Z ✔ expectedUtility scores the neutral prior exactly (0.4099ms)
gateway-web	Run node city/test-all.mjs	2026-10-07T03:21:07.1054564Z ✔ expectedUtility charges the latency term only when latency is defined (0.282ms)
gateway-web	Run node city/test-all.mjs	2026-10-07T03:21:07.1056212Z ✔ expectedUtility charges the resource term only when it is defined (0.3199ms)
gateway-web	Run node city/test-all.mjs	2026-10-07T03:21:07.1057561Z ✔ expectedUtility clamps every out-of-range input (0.2271ms)
gateway-web	Run node city/test-all.mjs	2026-10-07T03:21:07.1061188Z ✔ expectedUtility rounds to four decimals with Number(toFixed(4)) (0.3247ms)
gateway-web	Run node city/test-all.mjs	2026-10-07T03:21:07.1062798Z ✔ the adaptive value shapes validate scores, decisions and rerank results (1.9169ms)
gateway-web	Run node city/test-all.mjs	2026-10-07T03:21:07.1244372Z ✔ the routing vocabulary is the donor vocabulary, with an unobserved default (2.9822ms)
gateway-web	Run node city/test-all.mjs	2026-10-07T03:21:07.1246155Z ✔ states that cannot accept work are excluded with their reason (0.5174ms)
gateway-web	Run node city/test-all.mjs	2026-10-07T03:21:07.1281223Z ✔ blocked never lists a capability exclusion, even when both exclusion kinds occur (0.2784ms)
gateway-web	Run node city/test-all.mjs	2026-10-07T03:21:07.1294565Z ✔ a missing requirement is named in full, and an unobserved state is UNKNOWN (0.4574ms)
gateway-web	Run node city/test-all.mjs	2026-10-07T03:21:07.1323103Z ✔ candidate order is preserved and empty requirements admit state-eligible candidates (0.2907ms)
gateway-web	Run node city/test-all.mjs	2026-10-07T03:21:07.1325318Z ✔ self-inspection reports every capability in the donor order from observed facts only (0.7487ms)
gateway-web	Run node city/test-all.mjs	2026-10-07T03:21:07.1326866Z ✔ an unobserved web-AI provider and an absent GPU are never READY (0.4069ms)
gateway-web	Run node city/test-all.mjs	2026-10-07T03:21:07.1329553Z ✔ compute FAILED fails the node, memory DEGRADED degrades it, READY needs neither (0.4696ms)
gateway-web	Run node city/test-all.mjs	2026-10-07T03:21:07.1332552Z ✔ inspectNode derives the verdicts and the node state once, from one record (0.5115ms)
gateway-web	Run node city/test-all.mjs	2026-10-07T03:21:07.1336320Z ✔ the self-inspection value shapes validate observed records (2.7835ms)
gateway-web	Run node city/test-all.mjs	2026-10-07T03:21:07.1586796Z ✔ RS-202 scenario: several devices submitting at once cannot double-execute the same subject (2.078ms)
gateway-web	Run node city/test-all.mjs	2026-10-07T03:21:07.1590038Z ✔ RS-202 scenario: a RETRY is idempotent while a second device on the same work is not (0.3325ms)
gateway-web	Run node city/test-all.mjs	2026-10-07T03:21:07.1595463Z ✔ RS-202 scenario: a heavily loaded device is paused while its peers stay eligible (1.162ms)
gateway-web	Run node city/test-all.mjs	2026-10-07T03:21:07.1600330Z ✔ RS-202 scenario: a congested provider session is queued or diverted, never terminal (0.5294ms)
gateway-web	Run node city/test-all.mjs	2026-10-07T03:21:07.1602674Z ✔ RS-202 scenario: a device that drops offline is unreachable, and its return wakes the re-scan (8.9702ms)
gateway-web	Run node city/test-all.mjs	2026-10-07T03:21:07.1611698Z ✔ RS-202 scenario: a claim survives a dropout by TRANSFER, and the old holder cannot retry it (0.7613ms)
gateway-web	Run node city/test-all.mjs	2026-10-07T03:21:07.1661463Z ✔ RS-202 scenario: an eligible set going 0 -> 1 is a TEMPORARY absence that then wakes on an event (1.6689ms)
gateway-web	Run node city/test-all.mjs	2026-10-07T03:21:07.1683743Z ✔ RS-202 scenario: a flapping pool cannot move work that is already claimed (1.031ms)
gateway-web	Run node city/test-all.mjs	2026-10-07T03:21:07.2191808Z ✔ the heartbeat windows are the donor constants (2.1663ms)
gateway-web	Run node city/test-all.mjs	2026-10-07T03:21:07.2218277Z ✔ node state is derived from the heartbeat age at exact boundaries (0.3683ms)
gateway-web	Run node city/test-all.mjs	2026-10-07T03:21:07.2225726Z ✔ work is accepted by state and by every required capability, never by assumption (0.2723ms)
gateway-web	Run node city/test-all.mjs	2026-10-07T03:21:07.2248803Z ✔ first-fit routing walks nodes in join order and records the placement (0.4453ms)
gateway-web	Run node city/test-all.mjs	2026-10-07T03:21:07.2256675Z ✔ no eligible node queues the task with an honest note instead of a placement (0.3197ms)
gateway-web	Run node city/test-all.mjs	2026-10-07T03:21:07.2258335Z ✔ dropout leaves unrelated and completed work untouched, by identity (0.3912ms)
gateway-web	Run node city/test-all.mjs	2026-10-07T03:21:07.2272272Z ✔ checkpointed work transfers back to the queue with its checkpoint (0.3712ms)
gateway-web	Run node city/test-all.mjs	2026-10-07T03:21:07.2282254Z ✔ replay-safe work is reassigned; unsafe work fails without bumping attempts (0.263ms)
gateway-web	Run node city/test-all.mjs	2026-10-07T03:21:07.2283959Z ✔ dropout resolves each assignment independently in one pass (0.4183ms)
gateway-web	Run node city/test-all.mjs	2026-10-07T03:21:07.2291928Z ✔ the value shape validators accept honest records and refuse invented ones (1.1524ms)
gateway-web	Run node city/test-all.mjs	2026-10-07T03:21:07.2506628Z ✔ RS-202: the first selection is ADOPTED immediately, because a non-flap should not pay latency (1.9914ms)
gateway-web	Run node city/test-all.mjs	2026-10-07T03:21:07.2533115Z ✔ RS-202: a single different reading never moves work - persistence is required (1.1812ms)
gateway-web	Run node city/test-all.mjs	2026-10-07T03:21:07.2538596Z ✔ RS-202: two consecutive confirmations satisfy persistence but the DWELL still suppresses (0.4412ms)
gateway-web	Run node city/test-all.mjs	2026-10-07T03:21:07.2540297Z ✔ RS-202: past the dwell a persistent alternative switches, exactly once (0.4021ms)
gateway-web	Run node city/test-all.mjs	2026-10-07T03:21:07.2541951Z ✔ RS-202: an ALTERNATING pool never earns a switch - the anti-flap case itself (0.294ms)
gateway-web	Run node city/test-all.mjs	2026-10-07T03:21:07.2549157Z ✔ RS-202: with nothing eligible the decision HOLDS rather than moving to nothing (0.2381ms)
gateway-web	Run node city/test-all.mjs	2026-10-07T03:21:07.2557116Z ✔ RS-202: subjects are damped independently, so one task cannot suppress another (0.1969ms)
gateway-web	Run node city/test-all.mjs	2026-10-07T03:21:07.2575476Z ✔ RS-202: the damping policy and decision vocabulary are inspectable, and flapping is measurable (2.2056ms)
gateway-web	Run node city/test-all.mjs	2026-10-07T03:21:07.2799369Z ✔ RS-202: load is a VECTOR and a full vector yields a known pressure (5.1477ms)
gateway-web	Run node city/test-all.mjs	2026-10-07T03:21:07.2802741Z ✔ RS-202: a partial load vector is reported as PARTIAL, with the unobserved dimensions named (0.4932ms)
gateway-web	Run node city/test-all.mjs	2026-10-07T03:21:07.2804362Z ✔ RS-202: an absent or empty load vector is UNKNOWN, never zero (0.472ms)
gateway-web	Run node city/test-all.mjs	2026-10-07T03:21:07.2810059Z ✔ RS-202: a single saturated dimension BINDS, so idle dimensions cannot dilute it (0.8395ms)
gateway-web	Run node city/test-all.mjs	2026-10-07T03:21:07.2812149Z ✔ RS-202: UNKNOWN load makes a device INELIGIBLE - absence is not spare capacity (0.3002ms)
gateway-web	Run node city/test-all.mjs	2026-10-07T03:21:07.2814135Z ✔ RS-202: load at or above the pause threshold pauses placement (0.3182ms)
gateway-web	Run node city/test-all.mjs	2026-10-07T03:21:07.2815763Z ✔ RS-202: a user-disabled device is refused, and an unreadable enablement is refused too (0.44ms)
gateway-web	Run node city/test-all.mjs	2026-10-07T03:21:07.2819370Z ✔ RS-202: eligibility precedence is ordered, so the reported reason is the actionable one (0.5786ms)
gateway-web	Run node city/test-all.mjs	2026-10-07T03:21:07.2858777Z ✔ RS-202: refusing and unreachable states come from the fleet/presence vocabularies, not a new one (0.4241ms)
gateway-web	Run node city/test-all.mjs	2026-10-07T03:21:07.2861581Z ✔ RS-202: session and provider concurrency ceilings are enforced independently (0.4965ms)
gateway-web	Run node city/test-all.mjs	2026-10-07T03:21:07.2863684Z ✔ RS-202: a reachable but BUSY device is momentarily unsuitable rather than ineligible (0.5919ms)
gateway-web	Run node city/test-all.mjs	2026-10-07T03:21:07.2866702Z ✔ RS-202: policy exclusion is reported as policy rather than hidden behind a resource reason (0.2064ms)
gateway-web	Run node city/test-all.mjs	2026-10-07T03:21:07.2868361Z ✔ RS-202: every verdict is explainable - it carries its reasons and the evidence for them (0.29ms)
gateway-web	Run node city/test-all.mjs	2026-10-07T03:21:07.2869787Z ✔ RS-202: the pressure input bundle exposes all six named factors in one place (0.337ms)
gateway-web	Run node city/test-all.mjs	2026-10-07T03:21:07.2871361Z ✔ RS-202: eligibility stays a SCHEDULABILITY decision and never touches permission or trust (0.3707ms)
gateway-web	Run node city/test-all.mjs	2026-10-07T03:21:07.3346740Z ✔ RS-202: an already-eligible key resolves IMMEDIATELY without waiting at all (2.5302ms)
gateway-web	Run node city/test-all.mjs	2026-10-07T03:21:07.3363202Z ✔ RS-202: an EVENT wake is the primary mechanism, and it beats the ceiling (6.3481ms)
gateway-web	Run node city/test-all.mjs	2026-10-07T03:21:07.3377205Z ✔ RS-202: a signal that changes NOTHING must not wake the waiter - the re-scan-storm guard (1.8412ms)
gateway-web	Run node city/test-all.mjs	2026-10-07T03:21:07.3712444Z ✔ RS-202: the CEILING is a backstop that prompts a re-scan instead of hanging forever (32.0488ms)
gateway-web	Run node city/test-all.mjs	2026-10-07T03:21:07.3714361Z ✔ RS-202: the default ceiling is the 20-minute policy figure and is a bound, not an interval (0.5082ms)
gateway-web	Run node city/test-all.mjs	2026-10-07T03:21:07.3725858Z ✔ RS-202: signals are scoped to their key, so one pool cannot wake another pool waiters (1.8184ms)
gateway-web	Run node city/test-all.mjs	2026-10-07T03:21:07.3736743Z ✔ RS-202: a predicate that throws degrades to not-eligible instead of breaking the main path (1.119ms)
gateway-web	Run node city/test-all.mjs	2026-10-07T03:21:07.3750100Z ✔ RS-202: cancellation resolves every waiter and reports that no re-scan is required (0.9442ms)
gateway-web	Run node city/test-all.mjs	2026-10-07T03:21:07.3998833Z ✔ RS-202: no wake path can ever report a terminal failure (22.6778ms)
gateway-web	Run node city/test-all.mjs	2026-10-07T03:21:07.4223623Z ✔ RS-202: an eligible current device runs DIRECTLY, without offering anything (1.8934ms)
gateway-web	Run node city/test-all.mjs	2026-10-07T03:21:07.4225646Z ✔ RS-202: an unavailable current device produces a SWITCH OFFER that is data, not an action (0.2631ms)
gateway-web	Run node city/test-all.mjs	2026-10-07T03:21:07.4227420Z ✔ RS-202: the offer is made BEFORE any queueing, so the user gets the choice first (0.5236ms)
gateway-web	Run node city/test-all.mjs	2026-10-07T03:21:07.4229094Z ✔ RS-202: after a declined switch the sequence diverts to an eligible alternate device (0.2835ms)
gateway-web	Run node city/test-all.mjs	2026-10-07T03:21:07.4230782Z ✔ RS-202: with no spare candidate the sequence QUEUES with a bounded, event-driven deadline (0.4081ms)
gateway-web	Run node city/test-all.mjs	2026-10-07T03:21:07.4232166Z ✔ RS-202: TRANSIENT no-resource is never a terminal failure (0.2681ms)
gateway-web	Run node city/test-all.mjs	2026-10-07T03:21:07.4233528Z ✔ RS-202: ineligibility and temporary absence are DIFFERENT facts, not one bucket (0.3542ms)
gateway-web	Run node city/test-all.mjs	2026-10-07T03:21:07.4234975Z ✔ RS-202: an empty pool is an absence of candidates rather than a refusal of them (0.1863ms)
gateway-web	Run node city/test-all.mjs	2026-10-07T03:21:07.4236387Z ✔ RS-202: retry is bounded and reaching the bound still does not end the task (0.4631ms)
gateway-web	Run node city/test-all.mjs	2026-10-07T03:21:07.4237740Z ✔ RS-202: the result always returns to the ORIGIN device on every path (0.5294ms)
gateway-web	Run node city/test-all.mjs	2026-10-07T03:21:07.4239918Z ✔ RS-202: the stage vocabulary is ordered as data, and the reason sets do not overlap (1.1002ms)
gateway-web	Run node city/test-all.mjs	2026-10-07T03:21:07.4268635Z ✔ the composition rule is fixed: escape beats protected beats clean (5.9129ms)
gateway-web	Run node city/test-all.mjs	2026-10-07T03:21:07.4270434Z ✔ assessPaths treats anything unresolvable as an escape, never as unprotected (1.2332ms)
gateway-web	Run node city/test-all.mjs	2026-10-07T03:21:07.4271765Z ✔ a rename is classified on both endpoints and a delete like a write (2.8318ms)
gateway-web	Run node city/test-all.mjs	2026-10-07T03:21:07.4273257Z ✔ assessChangeSet reads repo-relative diff names and skips blanks (1.2175ms)
gateway-web	Run node city/test-all.mjs	2026-10-07T03:21:07.4274678Z ✔ reasons list at most five escapes and at most ten protected hits (1.1227ms)
gateway-web	Run node city/test-all.mjs	2026-10-07T03:21:07.4276107Z ✔ patterns() is the compiled surface in order, immutable manifest first (1.1757ms)
gateway-web	Run node city/test-all.mjs	2026-10-07T03:21:07.4278012Z ✔ one-shot assessment needs a resolver too, and the guard is deterministic (0.8076ms)
gateway-web	Run node city/test-all.mjs	2026-10-07T03:21:07.4279919Z ✔ the guard carries no fs, realpath or CODEOWNERS loading of its own (17.6727ms)
gateway-web	Run node city/test-all.mjs	2026-10-07T03:21:07.4834138Z ✔ the classifier compiles only the patterns the caller supplies (7.638ms)
gateway-web	Run node city/test-all.mjs	2026-10-07T03:21:07.4846911Z ✔ the CODEOWNERS subset grammar matches exactly the vectors the donor documents (1.7963ms)
gateway-web	Run node city/test-all.mjs	2026-10-07T03:21:07.4851449Z ✔ a directory pattern protects the entry itself and everything beneath it (0.3948ms)
gateway-web	Run node city/test-all.mjs	2026-10-07T03:21:07.4855509Z ✔ a bare double-star pattern behaves as the donor implements it (0.4254ms)
gateway-web	Run node city/test-all.mjs	2026-10-07T03:21:07.4863450Z ✔ matching is case-insensitive by default and can be tightened (0.415ms)
gateway-web	Run node city/test-all.mjs	2026-10-07T03:21:07.4869815Z ✔ one rule per path, and a repeated path is counted once (0.3745ms)
gateway-web	Run node city/test-all.mjs	2026-10-07T03:21:07.4877444Z ✔ the rename/delete evidence contract: `also` is assessed as well as `paths` (0.2719ms)
gateway-web	Run node city/test-all.mjs	2026-10-07T03:21:07.4879308Z ✔ normalizeRepoPath accepts repo-relative input and refuses anything that escapes (0.3502ms)
gateway-web	Run node city/test-all.mjs	2026-10-07T03:21:07.4889097Z ✔ absolute paths, escapes and non-strings become escapes, never silent passes (0.5757ms)
gateway-web	Run node city/test-all.mjs	2026-10-07T03:21:07.4890371Z ✔ CODEOWNERS parsing keeps only patterns that carry an owner (0.7951ms)
gateway-web	Run node city/test-all.mjs	2026-10-07T03:21:07.5215750Z ✔ the declared lifecycle is the donor order and ends in the terminal state (2.503ms)
gateway-web	Run node city/test-all.mjs	2026-10-07T03:21:07.5236963Z ✔ every edge table entry agrees with the declared order and the event tables (0.3782ms)
gateway-web	Run node city/test-all.mjs	2026-10-07T03:21:07.5240271Z ✔ the lifecycle walks forward one declared state at a time and never jumps (1.7264ms)
gateway-web	Run node city/test-all.mjs	2026-10-07T03:21:07.5252603Z ✔ ACCEPTED cannot be left by any event, including REPAIR (0.3259ms)
gateway-web	Run node city/test-all.mjs	2026-10-07T03:21:07.5260447Z ✔ a refused event keeps the current state and reports the allowed set (0.4561ms)
gateway-web	Run node city/test-all.mjs	2026-10-07T03:21:07.5263931Z ✔ REPAIR moves exactly one step back and is reported as a repair (0.4158ms)
gateway-web	Run node city/test-all.mjs	2026-10-07T03:21:07.5267877Z ✔ CANDIDATE is reachable but is not a release (1.4815ms)
gateway-web	Run node city/test-all.mjs	2026-10-07T03:21:07.5270315Z ✔ a record built without a clock is deterministic and copies its inputs (0.3765ms)
gateway-web	Run node city/test-all.mjs	2026-10-07T03:21:07.5273371Z ✔ candidateIdFor is stable and independent of requirement order (1.2481ms)
gateway-web	Run node city/test-all.mjs	2026-10-07T03:21:07.5274902Z ✔ lifecycleStep validates its shape instead of accepting a nameless step (1.1888ms)
gateway-web	Run node city/test-all.mjs	2026-10-07T03:21:07.5276376Z ✔ the walker refuses unknown states and events rather than guessing (0.3478ms)
gateway-web	Run node city/test-all.mjs	2026-10-07T03:21:07.5782386Z ✔ an IP or hostname change does not change device_id (10.0048ms)
gateway-web	Run node city/test-all.mjs	2026-10-07T03:21:07.5787279Z ✔ metadata is declared non-authoritative and device_id is not derived from it (0.6871ms)
gateway-web	Run node city/test-all.mjs	2026-10-07T03:21:07.5793975Z ✔ a device with no network observation at all is valid (network is not required for identity) (0.7153ms)
gateway-web	Run node city/test-all.mjs	2026-10-07T03:21:07.5795741Z ✔ rename changes display metadata without changing authority (0.7504ms)
gateway-web	Run node city/test-all.mjs	2026-10-07T03:21:07.5801059Z ✔ rename does not mutate the document it was given (0.5343ms)
gateway-web	Run node city/test-all.mjs	2026-10-07T03:21:07.5806557Z ✔ two devices may share a display name: a name is never an identity (0.5364ms)
gateway-web	Run node city/test-all.mjs	2026-10-07T03:21:07.5813137Z ✔ an empty or non-string rename is refused (1.4166ms)
gateway-web	Run node city/test-all.mjs	2026-10-07T03:21:07.5843394Z ✔ key rotation moves activeKeyId and demotes the previous key to ROTATED history (0.6255ms)
gateway-web	Run node city/test-all.mjs	2026-10-07T03:21:07.5898800Z ✔ a rotated key is no longer authority even though it is still recorded (0.6145ms)
gateway-web	Run node city/test-all.mjs	2026-10-07T03:21:07.5907364Z ✔ a device always has exactly one active key and it always exists (0.6744ms)
gateway-web	Run node city/test-all.mjs	2026-10-07T03:21:07.5921219Z ✔ a duplicate key handle is refused (0.3758ms)
gateway-web	Run node city/test-all.mjs	2026-10-07T03:21:07.5994391Z ✔ revoking the active key is refused; a rotated key may be revoked (1.0273ms)
gateway-web	Run node city/test-all.mjs	2026-10-07T03:21:07.5995722Z ✔ a retired device cannot rotate a key (0.3735ms)
gateway-web	Run node city/test-all.mjs	2026-10-07T03:21:07.5998172Z ✔ retirement is terminal and recorded with its instant (0.3917ms)
gateway-web	Run node city/test-all.mjs	2026-10-07T03:21:07.6037971Z ✔ a reinstall mints a new installation_id and does not inherit the logical device (1.5143ms)
gateway-web	Run node city/test-all.mjs	2026-10-07T03:21:07.6042865Z ✔ an unbound reinstalled installation can do nothing until it is explicitly rebound (1.0637ms)
gateway-web	Run node city/test-all.mjs	2026-10-07T03:21:07.6047206Z ✔ rebinding requires explicit proof and refuses to invent it (0.7482ms)
gateway-web	Run node city/test-all.mjs	2026-10-07T03:21:07.6052570Z ✔ an explicit rebind binds the reinstalled installation to the surviving logical device (0.4868ms)
gateway-web	Run node city/test-all.mjs	2026-10-07T03:21:07.6059080Z ✔ an installation already bound to one device cannot be re-pointed at another (0.2979ms)
gateway-web	Run node city/test-all.mjs	2026-10-07T03:21:07.6073643Z ✔ a reinstall must actually mint new identities (0.35ms)
gateway-web	Run node city/test-all.mjs	2026-10-07T03:21:07.6075511Z ✔ enrollment refuses to create a bound installation without a device (0.165ms)
gateway-web	Run node city/test-all.mjs	2026-10-07T03:21:07.6077050Z ✔ a credential presented from a different physical instance is detected as a clone (0.2223ms)
gateway-web	Run node city/test-all.mjs	2026-10-07T03:21:07.6084807Z ✔ a matching presentation is accepted (0.1587ms)
gateway-web	Run node city/test-all.mjs	2026-10-07T03:21:07.6085986Z ✔ a wrong credential is reported as a mismatch, not as a clone (0.1835ms)
gateway-web	Run node city/test-all.mjs	2026-10-07T03:21:07.6087431Z ✔ an unknown installation id is refused before anything else is considered (0.3192ms)
gateway-web	Run node city/test-all.mjs	2026-10-07T03:21:07.6088952Z ✔ a malformed presentation is refused without throwing (0.4045ms)
gateway-web	Run node city/test-all.mjs	2026-10-07T03:21:07.6090498Z ✔ quarantining a cloned installation is terminal and cannot be undone by the clone (0.5882ms)
gateway-web	Run node city/test-all.mjs	2026-10-07T03:21:07.6093674Z ✔ a retired installation is refused even when the credential still matches (0.481ms)
gateway-web	Run node city/test-all.mjs	2026-10-07T03:21:07.6095352Z ✔ a retired installation cannot be quarantined, so history is not rewritten (0.32ms)
gateway-web	Run node city/test-all.mjs	2026-10-07T03:21:07.6097126Z ✔ a population scan finds two records sharing one installation identity under two instances (0.6035ms)
gateway-web	Run node city/test-all.mjs	2026-10-07T03:21:07.6098946Z ✔ a population scan finds one installation identity carrying two credential fingerprints (0.2989ms)
gateway-web	Run node city/test-all.mjs	2026-10-07T03:21:07.6100597Z ✔ a population scan reports nothing for a healthy population (0.3416ms)
gateway-web	Run node city/test-all.mjs	2026-10-07T03:21:07.6104104Z ✔ a population scan refuses a malformed record instead of ignoring it (0.3604ms)
gateway-web	Run node city/test-all.mjs	2026-10-07T03:21:07.6115475Z ✔ a missing MAC does not block a valid pairing path (0.549ms)
gateway-web	Run node city/test-all.mjs	2026-10-07T03:21:07.6122606Z ✔ a randomised MAC does not block a valid pairing path (0.3057ms)
gateway-web	Run node city/test-all.mjs	2026-10-07T03:21:07.6125556Z ✔ MAC randomisation is recognised from the locally-administered bit, not from a guess (0.1657ms)
gateway-web	Run node city/test-all.mjs	2026-10-07T03:21:07.6127265Z ✔ MAC formatting, case and separators are normalised and never rejected (0.1153ms)
gateway-web	Run node city/test-all.mjs	2026-10-07T03:21:07.6131251Z ✔ multiple NICs are all representable and none of them is privileged (0.1317ms)
gateway-web	Run node city/test-all.mjs	2026-10-07T03:21:07.6132687Z ✔ spoofed MAC evidence alone cannot impersonate a trusted node (0.1311ms)
gateway-web	Run node city/test-all.mjs	2026-10-07T03:21:07.6134154Z ✔ MAC never enters an authority-bearing field of a device document (0.5637ms)
gateway-web	Run node city/test-all.mjs	2026-10-07T03:21:07.6135690Z ✔ the document discriminators keep a device and an installation distinguishable (0.2661ms)
gateway-web	Run node city/test-all.mjs	2026-10-07T03:21:07.6137028Z ✔ a wrong schema version is refused by both validators (0.6518ms)
gateway-web	Run node city/test-all.mjs	2026-10-07T03:21:07.6138314Z ✔ malformed device records are refused with a specific code (0.5957ms)
gateway-web	Run node city/test-all.mjs	2026-10-07T03:21:07.6139737Z ✔ malformed installation records are refused with a specific code (0.8157ms)
gateway-web	Run node city/test-all.mjs	2026-10-07T03:21:07.6141145Z ✔ the assert helpers throw with the validator code attached (0.278ms)
gateway-web	Run node city/test-all.mjs	2026-10-07T03:21:07.6142415Z ✔ a v1 document migrates to itself and is reported as unmigrated (0.4447ms)
gateway-web	Run node city/test-all.mjs	2026-10-07T03:21:07.6143638Z ✔ a live gateway node row upgrades to a v1 device identity (0.3607ms)
gateway-web	Run node city/test-all.mjs	2026-10-07T03:21:07.6145047Z ✔ a legacy row with no key material yields a placeholder reference, not an invented key (0.4084ms)
gateway-web	Run node city/test-all.mjs	2026-10-07T03:21:07.6146670Z ✔ an unknown future schema version is refused rather than guessed at (0.2135ms)
gateway-web	Run node city/test-all.mjs	2026-10-07T03:21:07.6148033Z ✔ a legacy row whose id is not a device identity is refused (0.1904ms)
gateway-web	Run node city/test-all.mjs	2026-10-07T03:21:07.6149930Z ✔ a migration requires an instant because it must not read the clock itself (0.206ms)
gateway-web	Run node city/test-all.mjs	2026-10-07T03:21:07.6151411Z ✔ canonical serialisation is independent of key insertion order (0.6165ms)
gateway-web	Run node city/test-all.mjs	2026-10-07T03:21:07.6152685Z ✔ a rename changes the digest but not the device id (0.2604ms)
gateway-web	Run node city/test-all.mjs	2026-10-07T03:21:07.6155672Z ✔ the serialised identity is a JSON document carrying exactly the declared fields (0.3915ms)
gateway-web	Run node city/test-all.mjs	2026-10-07T03:21:07.6157169Z ✔ a credential secret never appears in a serialised installation document (0.282ms)
gateway-web	Run node city/test-all.mjs	2026-10-07T03:21:07.6158621Z ✔ credential fingerprints are reproducible and secret-specific (0.2577ms)
gateway-web	Run node city/test-all.mjs	2026-10-07T03:21:07.6160018Z ✔ a secret is refused everywhere a fingerprint is offered in its place (0.2007ms)
gateway-web	Run node city/test-all.mjs	2026-10-07T03:21:07.6161369Z ✔ minting refuses entropy that is not exactly 16 bytes (0.5919ms)
gateway-web	Run node city/test-all.mjs	2026-10-07T03:21:07.6162496Z ✔ minted ids carry their type prefix and 32 hex digits (0.1601ms)
gateway-web	Run node city/test-all.mjs	2026-10-07T03:21:07.6163893Z ✔ minting is pure: the same entropy yields the same id, different entropy does not (0.1053ms)
gateway-web	Run node city/test-all.mjs	2026-10-07T03:21:07.6165182Z ✔ randomEntropy produces 16 usable bytes each call (0.3864ms)
gateway-web	Run node city/test-all.mjs	2026-10-07T03:21:07.6167648Z ✔ instants are parameters and a bad instant is refused with a code (0.2611ms)
gateway-web	Run node city/test-all.mjs	2026-10-07T03:21:07.6169366Z ✔ the metadata builder tolerates a partial observation set (0.1237ms)
gateway-web	Run node city/test-all.mjs	2026-10-07T03:21:07.6170636Z ✔ the exported vocabularies are frozen and internally consistent (0.6142ms)
gateway-web	Run node city/test-all.mjs	2026-10-07T03:21:07.6171967Z ✔ every lifecycle refusal raised by the ladder is a declared rejection code (0.637ms)
gateway-web	Run node city/test-all.mjs	2026-10-07T03:21:07.6174076Z ✔ C1 a retired device cannot present key authority (0.2541ms)
gateway-web	Run node city/test-all.mjs	2026-10-07T03:21:07.6175379Z ✔ C2 a migrated legacy placeholder key is identity, never authentication (0.3729ms)
gateway-web	Run node city/test-all.mjs	2026-10-07T03:21:07.6176520Z ✔ C2 every v1 key must state a known material kind (0.1638ms)
gateway-web	Run node city/test-all.mjs	2026-10-07T03:21:07.6181733Z ✔ C3 a reinstall must mint a new installation credential (0.5424ms)
gateway-web	Run node city/test-all.mjs	2026-10-07T03:21:07.6185864Z ✔ C4 a population scan finds one credential shared by two installation identities (0.5622ms)
gateway-web	Run node city/test-all.mjs	2026-10-07T03:21:07.6187622Z ✔ C5 a quarantined installation can be retired and keeps its quarantine evidence (0.3488ms)
gateway-web	Run node city/test-all.mjs	2026-10-07T03:21:07.6189934Z ✔ C5 a reinstall from a quarantined installation works and preserves the quarantine record (0.2906ms)
gateway-web	Run node city/test-all.mjs	2026-10-07T03:21:07.6191869Z ✔ C5 a quarantine block is legal only on a quarantined or already-quarantined-retired record (0.2891ms)
gateway-web	Run node city/test-all.mjs	2026-10-07T03:21:07.6193701Z ✔ C6 MAC pairing evidence accepts one address, several, or none, and refuses other shapes (0.2601ms)
gateway-web	Run node city/test-all.mjs	2026-10-07T03:21:07.6195332Z ✔ C6 every correction refusal code is declared in the rejection vocabulary (0.1093ms)
gateway-web	Run node city/test-all.mjs	2026-10-07T03:21:07.6769747Z ✔ every join entry point feeds the same pairing state machine (6.1907ms)
gateway-web	Run node city/test-all.mjs	2026-10-07T03:21:07.6771231Z ✔ a Bluetooth bootstrap and a remote invite end in the same TRUSTED record (3.3175ms)
gateway-web	Run node city/test-all.mjs	2026-10-07T03:21:07.6773029Z ✔ possession of an invite or proximity never becomes trust on its own (1.1067ms)
gateway-web	Run node city/test-all.mjs	2026-10-07T03:21:07.6774484Z ✔ both sides present stable fingerprints, and the confirmation is bound to them (1.2477ms)
gateway-web	Run node city/test-all.mjs	2026-10-07T03:21:07.6777034Z ✔ a preview that carries a different fingerprint than the key exchange is refused (0.4594ms)
gateway-web	Run node city/test-all.mjs	2026-10-07T03:21:07.6801706Z ✔ both sides reporting the same fingerprint is refused: a pairing needs two peers (0.3384ms)
gateway-web	Run node city/test-all.mjs	2026-10-07T03:21:07.6845695Z ✔ a replayed bootstrap nonce is refused, so an observed handshake cannot be reused (0.4792ms)
gateway-web	Run node city/test-all.mjs	2026-10-07T03:21:07.6855123Z ✔ a confirmation token is single-use even across sessions (1.2299ms)
gateway-web	Run node city/test-all.mjs	2026-10-07T03:21:07.6856614Z ✔ a wrong confirmation token is refused and the session stays open (0.6388ms)
gateway-web	Run node city/test-all.mjs	2026-10-07T03:21:07.6862899Z ✔ a session past its deadline cannot advance, whatever the caller tries (0.743ms)
gateway-web	Run node city/test-all.mjs	2026-10-07T03:21:07.6873182Z ✔ expiry is a fact about the clock, not something a caller can assert (0.3964ms)
gateway-web	Run node city/test-all.mjs	2026-10-07T03:21:07.6876141Z ✔ failed-pair cleanup retires exactly the overdue sessions and nothing else (0.4005ms)
gateway-web	Run node city/test-all.mjs	2026-10-07T03:21:07.6877872Z ✔ the transition table is respected and terminal states are terminal (0.6303ms)
gateway-web	Run node city/test-all.mjs	2026-10-07T03:21:07.6879326Z ✔ reject, cancel and fail are distinct recorded outcomes (0.7521ms)
gateway-web	Run node city/test-all.mjs	2026-10-07T03:21:07.6882584Z ✔ a revoked device cannot reconnect with its old credentials (1.066ms)
gateway-web	Run node city/test-all.mjs	2026-10-07T03:21:07.6926957Z ✔ a lost device loses every trust it holds, and re-pairing needs an explicit decision (1.568ms)
gateway-web	Run node city/test-all.mjs	2026-10-07T03:21:07.6934638Z ✔ a refusal never leaves the session changed (0.7953ms)
gateway-web	Run node city/test-all.mjs	2026-10-07T03:21:07.6946849Z ✔ a pairing can be refused at any phase, and the refusal is recorded (0.6969ms)
gateway-web	Run node city/test-all.mjs	2026-10-07T03:21:07.6960707Z ✔ a quarantined device is refused, and a second trust for one device is refused (0.838ms)
gateway-web	Run node city/test-all.mjs	2026-10-07T03:21:07.6971499Z ✔ a rotated credential stops working and the refusal names the reason (0.6517ms)
gateway-web	Run node city/test-all.mjs	2026-10-07T03:21:07.6983385Z ✔ an unknown device, a wrong fingerprint and a wrong credential are all refused distinctly (0.4651ms)
gateway-web	Run node city/test-all.mjs	2026-10-07T03:21:07.6985138Z ✔ a trust role change is explicit, auditable and transfers no capability (0.9142ms)
gateway-web	Run node city/test-all.mjs	2026-10-07T03:21:07.6991750Z ✔ a trust role is a classification, never a capability grant (1.2826ms)
gateway-web	Run node city/test-all.mjs	2026-10-07T03:21:07.6993023Z ✔ local MAC evidence may warn a human but never blocks or grants (0.2728ms)
gateway-web	Run node city/test-all.mjs	2026-10-07T03:21:07.6994285Z ✔ a missing or randomised MAC does not obstruct pairing (0.5235ms)
gateway-web	Run node city/test-all.mjs	2026-10-07T03:21:07.6995500Z ✔ MAC evidence can never be turned into trust (0.1736ms)
gateway-web	Run node city/test-all.mjs	2026-10-07T03:21:07.6997742Z ✔ the audit log proves every state transition without carrying key material (1.791ms)
gateway-web	Run node city/test-all.mjs	2026-10-07T03:21:07.6999604Z ✔ the leak scanner really detects a leak, so its clean answer means something (0.2142ms)
gateway-web	Run node city/test-all.mjs	2026-10-07T03:21:07.7019709Z ✔ the audit log is bounded (1.9734ms)
gateway-web	Run node city/test-all.mjs	2026-10-07T03:21:07.7021905Z ✔ a session document round-trips through validation and refuses malformed input (0.7615ms)
gateway-web	Run node city/test-all.mjs	2026-10-07T03:21:07.7026771Z ✔ a trust record round-trips through validation and refuses malformed input (0.8204ms)
gateway-web	Run node city/test-all.mjs	2026-10-07T03:21:07.7028438Z ✔ a peer session document can be inspected without an authority (0.7061ms)
gateway-web	Run node city/test-all.mjs	2026-10-07T03:21:07.7029861Z ✔ the authority refuses structural nonsense instead of guessing (0.6097ms)
gateway-web	Run node city/test-all.mjs	2026-10-07T03:21:07.7032354Z ✔ confirmation requires a named human actor (1.4814ms)
gateway-web	Run node city/test-all.mjs	2026-10-07T03:21:07.7038543Z ✔ a trust id and a credential must be well formed before any trust exists (0.7139ms)
gateway-web	Run node city/test-all.mjs	2026-10-07T03:21:07.7042385Z ✔ minting is pure and refuses entropy that is not 16 bytes (0.9999ms)
gateway-web	Run node city/test-all.mjs	2026-10-07T03:21:07.7044272Z ✔ randomEntropy produces 16 usable bytes each call (0.5803ms)
gateway-web	Run node city/test-all.mjs	2026-10-07T03:21:07.7045524Z ✔ the exported vocabularies are frozen and internally consistent (0.2821ms)
gateway-web	Run node city/test-all.mjs	2026-10-07T03:21:07.7046705Z ✔ C1 a trusted session is final: expiry and cleanup never rewrite it (0.7266ms)
gateway-web	Run node city/test-all.mjs	2026-10-07T03:21:07.7050189Z ✔ C2 a live re-pair supersedes the previous trust instead of leaving two (0.7286ms)
gateway-web	Run node city/test-all.mjs	2026-10-07T03:21:07.7051878Z ✔ C2 the superseded credential and the replacement credential are both cut off by revocation (0.5648ms)
gateway-web	Run node city/test-all.mjs	2026-10-07T03:21:07.7053339Z ✔ C2 two live records for one device are reported, never silently resolved (0.27ms)
gateway-web	Run node city/test-all.mjs	2026-10-07T03:21:07.7054697Z ✔ C3 a preview that claims MAC authority, or names a foreign device, is refused (0.3706ms)
gateway-web	Run node city/test-all.mjs	2026-10-07T03:21:07.7057107Z ✔ C3 the authority records its own copy of the preview (0.4927ms)
gateway-web	Run node city/test-all.mjs	2026-10-07T03:21:07.7058563Z ✔ C3 the trusted device must be the device the human was shown (0.5372ms)
gateway-web	Run node city/test-all.mjs	2026-10-07T03:21:07.7066819Z ✔ C4 wrong confirmation tokens are bounded and then fail the session (0.7926ms)
gateway-web	Run node city/test-all.mjs	2026-10-07T03:21:07.7068442Z ✔ C4 re-requesting a different token is refused, and a decoy preview is never success (0.5ms)
gateway-web	Run node city/test-all.mjs	2026-10-07T03:21:07.7069705Z ✔ C5 a refused startSession does not burn the challenge (0.3147ms)
gateway-web	Run node city/test-all.mjs	2026-10-07T03:21:07.7070705Z ✔ C5 the MAC mismatch flag must be a real boolean (0.4835ms)
gateway-web	Run node city/test-all.mjs	2026-10-07T03:21:07.7221959Z ✔ a capability resolves by name, never by provider identity (3.1631ms)
gateway-web	Run node city/test-all.mjs	2026-10-07T03:21:07.7226908Z ✔ a missing required capability is recorded as a miss and emits, an optional one only records (1.443ms)
gateway-web	Run node city/test-all.mjs	2026-10-07T03:21:07.7232578Z ✔ a required-capability gate names every capability nothing provides (0.5156ms)
gateway-web	Run node city/test-all.mjs	2026-10-07T03:21:07.7234372Z ✔ one capability has exactly one owner, and a second owner is refused at registration (0.4384ms)
gateway-web	Run node city/test-all.mjs	2026-10-07T03:21:07.7242278Z ✔ the same owner re-registering its own capability is an update, not a conflict (0.4795ms)
gateway-web	Run node city/test-all.mjs	2026-10-07T03:21:07.7244127Z ✔ priority orders providers and the order is total, not insertion order (13.6766ms)
gateway-web	Run node city/test-all.mjs	2026-10-07T03:21:07.7245395Z ✔ a provider that does not say what it can do is refused (1.1907ms)
gateway-web	Run node city/test-all.mjs	2026-10-07T03:21:07.7250145Z ✔ unloading an owner revokes everything it provided, and the miss says why (0.5828ms)
gateway-web	Run node city/test-all.mjs	2026-10-07T03:21:07.7251933Z ✔ revoking one capability is owner-checked (0.6287ms)
gateway-web	Run node city/test-all.mjs	2026-10-07T03:21:07.7259943Z ✔ the lookup log is bounded and returned as copies (1.4303ms)
gateway-web	Run node city/test-all.mjs	2026-10-07T03:21:07.7271931Z ✔ the four lifecycle questions stay separate and the derived state has a fixed order (2.1358ms)
gateway-web	Run node city/test-all.mjs	2026-10-07T03:21:07.7290543Z ✔ a disabled provider is refused a load unless forced, and a second load is a no-op (0.8044ms)
gateway-web	Run node city/test-all.mjs	2026-10-07T03:21:07.7333429Z ✔ a duplicate owner is refused and an unknown owner is a coded refusal, never a throw (0.7025ms)
gateway-web	Run node city/test-all.mjs	2026-10-07T03:21:07.7392502Z ✔ a throwing health probe is contained and never escapes (0.6029ms)
gateway-web	Run node city/test-all.mjs	2026-10-07T03:21:07.7401589Z ✔ an unasked or unparseable health answer stays UNKNOWN, never HEALTHY (0.5963ms)
gateway-web	Run node city/test-all.mjs	2026-10-07T03:21:07.7404356Z ✔ unloading releases the capability and resets the restart budget (0.6628ms)
gateway-web	Run node city/test-all.mjs	2026-10-07T03:21:07.7411888Z ✔ a provider fault is recorded at its declared level and contains the provider (1.0723ms)
gateway-web	Run node city/test-all.mjs	2026-10-07T03:21:07.7415633Z ✔ the health reaction ladder is the donor order: fatal stops, soft ignores, then budget (0.3404ms)
gateway-web	Run node city/test-all.mjs	2026-10-07T03:21:07.7419952Z ✔ the aggregate verdict is blocked, degraded or healthy and names the providers (2.3807ms)
gateway-web	Run node city/test-all.mjs	2026-10-07T03:21:07.7424499Z ✔ a runtime-layer fault is never evidence about the provider (5.2176ms)
gateway-web	Run node city/test-all.mjs	2026-10-07T03:21:07.7429703Z ✔ an explicit refusal inside a successful call is semantic, not a runtime failure (0.2094ms)
gateway-web	Run node city/test-all.mjs	2026-10-07T03:21:07.7433462Z ✔ a deterministic verification or format failure outranks provider behaviour (0.5012ms)
gateway-web	Run node city/test-all.mjs	2026-10-07T03:21:07.7435024Z ✔ an unobservable success is UNCLASSIFIED rather than a fabricated completion (0.4872ms)
gateway-web	Run node city/test-all.mjs	2026-10-07T03:21:07.7436766Z ✔ the classifier walks completion coverage, drift and quality in the donor order (0.3041ms)
gateway-web	Run node city/test-all.mjs	2026-10-07T03:21:07.7437933Z ✔ goal drift is reported, never rewritten (1.8834ms)
gateway-web	Run node city/test-all.mjs	2026-10-07T03:21:07.7439049Z ✔ an evaluator revision is appended and never overwrites the original (0.2897ms)
gateway-web	Run node city/test-all.mjs	2026-10-07T03:21:07.7440413Z ✔ the provider lifecycle is two named states with an explicit autoResume flag (0.3128ms)
gateway-web	Run node city/test-all.mjs	2026-10-07T03:21:07.7443148Z ✔ the runtime outcome maps to a recovery action and a provider update (0.355ms)
gateway-web	Run node city/test-all.mjs	2026-10-07T03:21:07.7445530Z ✔ the City lifecycle maps onto a routing state and availability is lifecycle-derived (1.0309ms)
gateway-web	Run node city/test-all.mjs	2026-10-07T03:21:07.7448226Z ✔ hard eligibility excludes failed, disabled, recovering and unknown candidates and tracks degraded ones (0.57ms)
gateway-web	Run node city/test-all.mjs	2026-10-07T03:21:07.7452182Z ✔ an invocation validates the operation against the provider allowlist before any work runs (1.8982ms)
gateway-web	Run node city/test-all.mjs	2026-10-07T03:21:07.7454598Z ✔ a capability whose owner is not accepted answers BRIDGE_PENDING and runs nothing (0.7498ms)
gateway-web	Run node city/test-all.mjs	2026-10-07T03:21:07.7457038Z ✔ a completed invocation carries a stable digest of its canonical result (1.9877ms)
gateway-web	Run node city/test-all.mjs	2026-10-07T03:21:07.7460765Z ✔ a typed error survives, an unknown throw becomes ADAPTER_UNAVAILABLE, and an oversized result is refused (9.2864ms)
gateway-web	Run node city/test-all.mjs	2026-10-07T03:21:07.7465804Z ✔ concurrency is bounded so one caller cannot exhaust the process (0.7471ms)
gateway-web	Run node city/test-all.mjs	2026-10-07T03:21:07.7467843Z ✔ a restart marks in-flight invocations INTERRUPTED rather than leaving them running (0.8435ms)
gateway-web	Run node city/test-all.mjs	2026-10-07T03:21:07.7471396Z ✔ a learned ranking may reorder the approved candidates and nothing else (1.0529ms)
gateway-web	Run node city/test-all.mjs	2026-10-07T03:21:07.7473183Z ✔ the fabric reports only the capabilities that exist and revokes with their owner (0.9682ms)
gateway-web	Run node city/test-all.mjs	2026-10-07T03:21:07.7474875Z ✔ the invocation list is bounded and a summary never leaks the stored result (0.5479ms)
gateway-web	Run node city/test-all.mjs	2026-10-07T03:21:07.7476862Z ✔ rendering a lock sorts ids so an unchanged composition keeps the same bytes (0.2416ms)
gateway-web	Run node city/test-all.mjs	2026-10-07T03:21:07.7479771Z ✔ the parser refuses what it does not understand instead of guessing (0.5288ms)
gateway-web	Run node city/test-all.mjs	2026-10-07T03:21:07.7481550Z ✔ drift is an exact owner/version set diff with a reason naming every class (0.5625ms)
gateway-web	Run node city/test-all.mjs	2026-10-07T03:21:07.7505239Z ✔ an absent lock is not drift, an empty write is refused, and enforcement is opt-in (38.259ms)
gateway-web	Run node city/test-all.mjs	2026-10-07T03:21:07.7507937Z ✔ the fabric contract exposes the donors' vocabulary without inventing new terms (0.4024ms)
gateway-web	Run node city/test-all.mjs	2026-10-07T03:21:07.7765686Z ✔ the live bridgeState derivation is identical to the accepted V0.3 rule for every lifecycle mixture (22.7702ms)
gateway-web	Run node city/test-all.mjs	2026-10-07T03:21:07.7767944Z ✔ the live cityLifecycle derivation is identical to the accepted V0.3 rule for every backed capability (4.3642ms)
gateway-web	Run node city/test-all.mjs	2026-10-07T03:21:07.7795047Z ✔ the empty-moduleRefs case differs from the old rule and is unreachable from the live registry (0.2937ms)
gateway-web	Run node city/test-all.mjs	2026-10-07T03:21:08.1496675Z ✔ same prompt gives byte-stable offline intent; explicit styles change the design (11.6549ms)
gateway-web	Run node city/test-all.mjs	2026-10-07T03:21:08.1503701Z ✔ observation bounds and critical regions constrain placement; missing observation is truthful (5.5744ms)
gateway-web	Run node city/test-all.mjs	2026-10-07T03:21:08.1510157Z ✔ procedural pixels are deterministic and character alpha has real content bounds (139.9575ms)
gateway-web	Run node city/test-all.mjs	2026-10-07T03:21:08.1511907Z ✔ valid injected image is measured and accepted; bad image retries then falls back (156.965ms)
gateway-web	Run node city/test-all.mjs	2026-10-07T03:21:19.3288685Z ✔ timeout retries and falls back; invalid fallback disables only its asset (155.1778ms)
gateway-web	Run node city/test-all.mjs	2026-10-07T03:21:19.3291379Z ✔ pixel-invalid image falls back and protected surface never calls an image generator (67.6197ms)
gateway-web	Run node city/test-all.mjs	2026-10-07T03:21:19.3293969Z ✔ pixel validator refuses opaque characters, flat images, dimension drift and budgets (55.5995ms)
gateway-web	Run node city/test-all.mjs	2026-10-07T03:21:19.3299678Z ✔ builder validates then atomically publishes a stable self-contained sandbox package (6037.8771ms)
gateway-web	Run node city/test-all.mjs	2026-10-07T03:21:19.3301526Z ✔ builder refuses escape, existing output, protected writes, excess overlay and partial failure (2193.4404ms)
gateway-web	Run node city/test-all.mjs	2026-10-07T03:21:19.3303159Z ✔ disabled planned assets leave no resurrected token or dangling persona reference (2524.2721ms)
gateway-web	Run node city/test-all.mjs	2026-10-07T03:21:19.3306178Z ✔ empty or malformed observations cannot claim an observed plan (3.3148ms)
gateway-web	Run node city/test-all.mjs	2026-10-07T03:21:19.3307718Z ✔ rejection after final image sizing still retries then tries procedural fallback (143.4008ms)
gateway-web	Run node city/test-all.mjs	2026-10-07T03:21:19.3450528Z ✔ pinned donor intent, token and slot decisions match four frozen oracle vectors (27.0903ms)
gateway-web	Run node city/test-all.mjs	2026-10-07T03:21:19.3452047Z ✔ pinned donor plan vocabulary, asset requests and protected write semantics are preserved (6.7046ms)
gateway-web	Run node city/test-all.mjs	2026-10-07T03:21:19.3453506Z ✔ three original procedural PNG digests, alpha/bounds and pixel verdicts match donor (380.8687ms)
gateway-web	Run node city/test-all.mjs	2026-10-07T03:21:19.3454213Z ✔ colour parsing matches the donor grammar (6.9774ms)
gateway-web	Run node city/test-all.mjs	2026-10-07T03:21:19.3455277Z ✔ colour conversion and alpha compositing match the donor (2.5901ms)
gateway-web	Run node city/test-all.mjs	2026-10-07T03:21:19.3456393Z ✔ contrast, readability and shading match the donor thresholds (2.6966ms)
gateway-web	Run node city/test-all.mjs	2026-10-07T03:21:19.3457485Z ✔ the palette ramp is deterministic and stays inside the gamut (3.8722ms)
gateway-web	Run node city/test-all.mjs	2026-10-07T03:21:19.3458310Z ✔ PNG encoding round-trips through the independent decoder (5.0981ms)
gateway-web	Run node city/test-all.mjs	2026-10-07T03:21:19.3459411Z ✔ PNG encoding rejects impossible images instead of producing them (1.1097ms)
gateway-web	Run node city/test-all.mjs	2026-10-07T03:21:19.3460376Z ✔ the swatch builder is deterministic and honours alpha (9.4097ms)
gateway-web	Run node city/test-all.mjs	2026-10-07T03:21:19.3461444Z ✔ the module is self-contained: built-ins only, no donor checkout dependency (16.2505ms)
gateway-web	Run node city/test-all.mjs	2026-10-07T03:21:19.3462662Z ✔ provenance stays honest: DONOR.json pins the donor and records the adaptation (2.8061ms)
gateway-web	Run node city/test-all.mjs	2026-10-07T03:21:19.3463947Z ✔ the contract keeps the safety semantics and drops the donor product nouns (3.0746ms)
gateway-web	Run node city/test-all.mjs	2026-10-07T03:21:19.3464943Z ✔ the write gate refuses a protected surface and never throws (1.1183ms)
gateway-web	Run node city/test-all.mjs	2026-10-07T03:21:19.3466413Z ✔ the validator accepts a conforming package and fails closed on every check (14.3063ms)
gateway-web	Run node city/test-all.mjs	2026-10-07T03:21:19.3467504Z ✔ readability and animation are measured, never assumed (1.0788ms)
gateway-web	Run node city/test-all.mjs	2026-10-07T03:21:19.3468573Z ✔ the procedural asset factory is deterministic and palette-sensitive (688.3523ms)
gateway-web	Run node city/test-all.mjs	2026-10-07T03:21:19.3469724Z ✔ the module is self-contained: built-ins only, no donor checkout dependency (17.6627ms)
gateway-web	Run node city/test-all.mjs	2026-10-07T03:21:19.3471170Z ✔ provenance stays honest: DONOR.json records all three waves of this module (1.8515ms)
gateway-web	Run node city/test-all.mjs	2026-10-07T03:21:19.3472062Z ✔ every shipped adapter exposes the interface discovery calls (2.0062ms)
gateway-web	Run node city/test-all.mjs	2026-10-07T03:21:19.3472827Z ✔ defaultAdapters keeps the donor specificity order exactly (1.1563ms)
gateway-web	Run node city/test-all.mjs	2026-10-07T03:21:19.3473763Z ✔ OPERATIONS and CONFIDENCE carry the donor values exactly, and match discovery (0.2897ms)
gateway-web	Run node city/test-all.mjs	2026-10-07T03:21:19.3474762Z ✔ every adapter abstains on an empty directory, and only the generic fallback claims it (1.5024ms)
gateway-web	Run node city/test-all.mjs	2026-10-07T03:21:19.3476554Z ✔ each adapter detects its own ecosystem with the donor score and evidence (3.0213ms)
gateway-web	Run node city/test-all.mjs	2026-10-07T03:21:19.3478587Z ✔ an unreadable directory is nothing to detect, not a crash (1.5312ms)
gateway-web	Run node city/test-all.mjs	2026-10-07T03:21:19.3480168Z ✔ every discovered command has the donor shape and a known operation name (44.3749ms)
gateway-web	Run node city/test-all.mjs	2026-10-07T03:21:19.3481237Z ✔ adapters.mjs can never execute anything (0.5899ms)
gateway-web	Run node city/test-all.mjs	2026-10-07T03:21:19.3482340Z ✔ answering detection and commands leaves the project directory untouched (3.0261ms)
gateway-web	Run node city/test-all.mjs	2026-10-07T03:21:19.3485496Z ✔ the package manager is chosen from the lockfile, in the donor precedence order (14.3184ms)
gateway-web	Run node city/test-all.mjs	2026-10-07T03:21:19.3487288Z ✔ the test command prefers a declared script over a framework config over the convention (29.0863ms)
gateway-web	Run node city/test-all.mjs	2026-10-07T03:21:19.3488888Z ✔ a declared TypeScript configuration supplies a build command only when none is declared (6.123ms)
gateway-web	Run node city/test-all.mjs	2026-10-07T03:21:19.3490281Z ✔ every declared Node script is carried over with its own evidence string (8.0686ms)
gateway-web	Run node city/test-all.mjs	2026-10-07T03:21:19.3491664Z ✔ the generic fallback claims nothing it cannot see and labels every guess inferred (8.4258ms)
gateway-web	Run node city/test-all.mjs	2026-10-07T03:21:19.3493071Z ✔ every non-Node command template is the donor string, label and evidence (20.7173ms)
gateway-web	Run node city/test-all.mjs	2026-10-07T03:21:19.3494449Z ✔ a repository with Cargo.toml and package.json is a Rust project, not Node (7.9209ms)
gateway-web	Run node city/test-all.mjs	2026-10-07T03:21:19.3496997Z ✔ the episode phase vocabulary, terminal set, work phases and parkable phases are the donor lists (0.3863ms)
gateway-web	Run node city/test-all.mjs	2026-10-07T03:21:19.3500620Z ✔ every legal transition is allowed and every other move is refused with the donor reason (2.3197ms)
gateway-web	Run node city/test-all.mjs	2026-10-07T03:21:19.3504650Z ✔ an unknown phase is refused by name, at construction and at the move (0.747ms)
gateway-web	Run node city/test-all.mjs	2026-10-07T03:21:19.3511343Z ✔ a terminal episode can force a teardown but cannot walk on (0.2988ms)
gateway-web	Run node city/test-all.mjs	2026-10-07T03:21:19.3513823Z ✔ the machine reports its phase, its allowed moves and a bounded history (0.3449ms)
gateway-web	Run node city/test-all.mjs	2026-10-07T03:21:19.3520953Z ✔ the autonomy vocabulary and its budgets are the donor values (0.1758ms)
gateway-web	Run node city/test-all.mjs	2026-10-07T03:21:19.3524947Z ✔ a boolean may arrive as a spelling, and anything unstated stays unstated (0.2675ms)
gateway-web	Run node city/test-all.mjs	2026-10-07T03:21:19.3526656Z ✔ autonomy resolves runtime default < contract override < explicit run option (0.5845ms)
gateway-web	Run node city/test-all.mjs	2026-10-07T03:21:19.3528498Z ✔ a disabled controller never continues, whatever the evidence says (0.4408ms)
gateway-web	Run node city/test-all.mjs	2026-10-07T03:21:19.3530567Z ✔ completion, cancellation and a block are terminal for autonomy (0.2701ms)
gateway-web	Run node city/test-all.mjs	2026-10-07T03:21:19.3532915Z ✔ the continuation budget is consumed and exhausted with the donor numbers (0.6006ms)
gateway-web	Run node city/test-all.mjs	2026-10-07T03:21:19.3535139Z ✔ the step budget is consumed and exhausted with the donor numbers (0.2278ms)
gateway-web	Run node city/test-all.mjs	2026-10-07T03:21:19.3537539Z ✔ a round that changed nothing is not continued, and says exactly why (0.2448ms)
gateway-web	Run node city/test-all.mjs	2026-10-07T03:21:19.3540182Z ✔ progress is a mutation, a changed file or a passed verification level (0.4102ms)
gateway-web	Run node city/test-all.mjs	2026-10-07T03:21:19.3542817Z ✔ the controller keeps a bounded decision trail and reports its own state (0.7294ms)
gateway-web	Run node city/test-all.mjs	2026-10-07T03:21:19.3544821Z ✔ the donor never consults FINAL_REASONS, and the port keeps that behaviour (0.2071ms)
gateway-web	Run node city/test-all.mjs	2026-10-07T03:21:19.3546744Z ✔ discovery finds commands for a real Node project through the lazily loaded adapter set (10.9403ms)
gateway-web	Run node city/test-all.mjs	2026-10-07T03:21:19.3548336Z ✔ the fix template builds all six steps from the discovered command table (7.945ms)
gateway-web	Run node city/test-all.mjs	2026-10-07T03:21:19.3549792Z ✔ without an adapter set the same repository still produces the empty table the gap described (5.1576ms)
gateway-web	Run node city/test-all.mjs	2026-10-07T03:21:19.3552330Z ﹣ the adapter port agrees with the donor module for every adapter and fixture (0.0706ms) # donor checkout absent at D:\a\utopia\utopia\.runtime\evidence\mission-book\MB-004\donor-hns\app\engineering
gateway-web	Run node city/test-all.mjs	2026-10-07T03:21:19.3555368Z ﹣ the autonomy port agrees with the donor module decision by decision (0.1213ms) # donor checkout absent at D:\a\utopia\utopia\.runtime\evidence\mission-book\MB-004\donor-hns\app\engineering
gateway-web	Run node city/test-all.mjs	2026-10-07T03:21:19.3558758Z ﹣ the episode port agrees with the donor module transition by transition (0.132ms) # donor checkout absent at D:\a\utopia\utopia\.runtime\evidence\mission-book\MB-004\donor-hns\app\engineering
gateway-web	Run node city/test-all.mjs	2026-10-07T03:21:19.3560872Z ▶ checkpoint-10 §33.1 failure classification
gateway-web	Run node city/test-all.mjs	2026-10-07T03:21:19.3561699Z   ✔ covers at least the twelve classes the plan names (1.4192ms)
gateway-web	Run node city/test-all.mjs	2026-10-07T03:21:19.3562656Z   ✔ classifies from the tool's own output, not from a guess (1.3287ms)
gateway-web	Run node city/test-all.mjs	2026-10-07T03:21:19.3563600Z   ✔ reports the signals that decided the class (0.2615ms)
gateway-web	Run node city/test-all.mjs	2026-10-07T03:21:19.3564517Z   ✔ never reclassifies a refusal as something retryable (0.2561ms)
gateway-web	Run node city/test-all.mjs	2026-10-07T03:21:19.3565605Z   ✔ refuses a dependency class when the host verified the module is present (0.5472ms)
gateway-web	Run node city/test-all.mjs	2026-10-07T03:21:19.3566667Z   ✔ classifies a scope refusal as a workspace failure (0.2908ms)
gateway-web	Run node city/test-all.mjs	2026-10-07T03:21:19.3567669Z   ✔ classifies theme and visual failures from their own evidence (1.4326ms)
gateway-web	Run node city/test-all.mjs	2026-10-07T03:21:19.3568701Z   ✔ says UNKNOWN rather than guessing when nothing matched (0.3711ms)
gateway-web	Run node city/test-all.mjs	2026-10-07T03:21:19.3569698Z ✔ checkpoint-10 §33.1 failure classification (8.2296ms)
gateway-web	Run node city/test-all.mjs	2026-10-07T03:21:19.3571104Z ▶ checkpoint-10 §33.2 recovery order
gateway-web	Run node city/test-all.mjs	2026-10-07T03:21:19.3571909Z   ✔ is the plan's order, ending at the Hard Blocker (0.9718ms)
gateway-web	Run node city/test-all.mjs	2026-10-07T03:21:19.3572779Z   ✔ lists every step with a reason, applicable or not (0.8368ms)
gateway-web	Run node city/test-all.mjs	2026-10-07T03:21:19.3573879Z   ✔ goes straight to the Hard Blocker for a prohibited action and forbids HNS (0.3207ms)
gateway-web	Run node city/test-all.mjs	2026-10-07T03:21:19.3575025Z   ✔ sends an auth failure to the Owner instead of retrying (0.2615ms)
gateway-web	Run node city/test-all.mjs	2026-10-07T03:21:19.3575921Z   ✔ gives a theme failure its own §33.2 ladder (0.2963ms)
gateway-web	Run node city/test-all.mjs	2026-10-07T03:21:19.3577298Z   ✔ will not reach HNS while a cheaper applicable step has budget left (0.4897ms)
gateway-web	Run node city/test-all.mjs	2026-10-07T03:21:19.3578498Z   ✔ escalates to the Hard Blocker once every applicable step is exhausted (0.2991ms)
gateway-web	Run node city/test-all.mjs	2026-10-07T03:21:19.3579634Z   ✔ treats a prohibited failure as immediately hard-blocked (0.2197ms)
gateway-web	Run node city/test-all.mjs	2026-10-07T03:21:19.3580612Z ✔ checkpoint-10 §33.2 recovery order (4.3994ms)
gateway-web	Run node city/test-all.mjs	2026-10-07T03:21:19.3581478Z ▶ checkpoint-10 §33.3 HNS positioning and the mandatory gap
gateway-web	Run node city/test-all.mjs	2026-10-07T03:21:19.3582474Z   ✔ allows a first fallback but always produces a CapabilityGap (0.4554ms)
gateway-web	Run node city/test-all.mjs	2026-10-07T03:21:19.3583782Z   ✔ refuses a fallback with no named missing capability — and still records the gap (0.9866ms)
gateway-web	Run node city/test-all.mjs	2026-10-07T03:21:19.3584946Z   ✔ refuses to delegate a prohibited action to HNS (0.2102ms)
gateway-web	Run node city/test-all.mjs	2026-10-07T03:21:19.3586029Z   ✔ stops HNS becoming a permanent crutch after the consecutive ceiling (0.2438ms)
gateway-web	Run node city/test-all.mjs	2026-10-07T03:21:19.3587134Z   ✔ raises the gap's severity with its frequency (0.2239ms)
gateway-web	Run node city/test-all.mjs	2026-10-07T03:21:19.3588123Z   ✔ records only the four §33.3 roles, and never without a gap (0.5225ms)
gateway-web	Run node city/test-all.mjs	2026-10-07T03:21:19.3589242Z ✔ checkpoint-10 §33.3 HNS positioning and the mandatory gap (3.0356ms)
gateway-web	Run node city/test-all.mjs	2026-10-07T03:21:19.3590451Z ✔ a checkpoint round-trips through disk with every saved field intact (7.907ms)
gateway-web	Run node city/test-all.mjs	2026-10-07T03:21:19.3592192Z ✔ the checkpoint directory defaults under the root option instead of a hardcoded path (0.9597ms)
gateway-web	Run node city/test-all.mjs	2026-10-07T03:21:19.3593784Z ✔ recovery checkpoints preserve the full recovery descriptor and assign the first sequence (7.4571ms)
gateway-web	Run node city/test-all.mjs	2026-10-07T03:21:19.3595319Z ✔ checkpoint writes refuse a descriptor whose digest no longer matches its plan (1.7855ms)
gateway-web	Run node city/test-all.mjs	2026-10-07T03:21:19.3597202Z ✔ the latest recovery checkpoint follows checkpointSeq when the wall clock moves backward (7.4836ms)
gateway-web	Run node city/test-all.mjs	2026-10-07T03:21:19.3598634Z ✔ retention prunes old recovery sequences, never the newest sequence after a clock rollback (12.6767ms)
gateway-web	Run node city/test-all.mjs	2026-10-07T03:21:19.3599471Z ✔ a corrupt checkpoint is skipped and latest() still returns the newest good one (12.2541ms)
gateway-web	Run node city/test-all.mjs	2026-10-07T03:21:19.3600142Z ✔ a half-written temporary file is never read as a checkpoint (4.6022ms)
gateway-web	Run node city/test-all.mjs	2026-10-07T03:21:19.3600833Z ✔ list() is newest first and prune() keeps at most maxFiles checkpoints per episode (19.7914ms)
gateway-web	Run node city/test-all.mjs	2026-10-07T03:21:19.3601542Z ✔ save() enforces maxFiles by itself and leaves no temporary files behind (15.9271ms)
gateway-web	Run node city/test-all.mjs	2026-10-07T03:21:19.3602179Z ✔ remove() discards one episode and leaves the others alone (7.9723ms)
gateway-web	Run node city/test-all.mjs	2026-10-07T03:21:19.3602957Z ✔ latest() returns null — never throws — for a missing directory, an unknown episode and corrupt-only files (3.3497ms)
gateway-web	Run node city/test-all.mjs	2026-10-07T03:21:19.3603995Z ✔ truncateOutput keeps the head, the tail and the region around the first error (5.255ms)
gateway-web	Run node city/test-all.mjs	2026-10-07T03:21:19.3605425Z ✔ truncateOutput reports no region when nothing matches, and leaves a small output alone (0.3293ms)
gateway-web	Run node city/test-all.mjs	2026-10-07T03:21:19.3607157Z ✔ summarizeTestOutput extracts the failure summary, failed cases, traces, last lines and artifacts (4.3053ms)
gateway-web	Run node city/test-all.mjs	2026-10-07T03:21:19.3608683Z ✔ summarizeTestOutput bounds a huge suite and says it truncated (24.3206ms)
gateway-web	Run node city/test-all.mjs	2026-10-07T03:21:19.3609822Z ✔ verifyResume resumes an unchanged world (244.994ms)
gateway-web	Run node city/test-all.mjs	2026-10-07T03:21:19.3610683Z ✔ verifyResume restarts when HEAD moved (100.9971ms)
gateway-web	Run node city/test-all.mjs	2026-10-07T03:21:19.3611782Z ✔ verifyResume restarts when a manifest drifted under the same HEAD (158.7876ms)
gateway-web	Run node city/test-all.mjs	2026-10-07T03:21:19.3613252Z ✔ verifyResume refuses when the workspace is gone or is a different workspace (206.9118ms)
gateway-web	Run node city/test-all.mjs	2026-10-07T03:21:19.3615168Z ✔ a pending mutation whose effect is already on disk resumes as already-complete (170.3168ms)
gateway-web	Run node city/test-all.mjs	2026-10-07T03:21:19.3616534Z ✔ a pending mutation that conflicts with the file on disk forces a restart (169.0625ms)
gateway-web	Run node city/test-all.mjs	2026-10-07T03:21:19.3618236Z ✔ verifyResume will not resume over a pending mutation it cannot re-check (148.9816ms)
gateway-web	Run node city/test-all.mjs	2026-10-07T03:21:19.3619618Z ✔ missing owned processes are reported, and the checkpoint is still resumable (139.5599ms)
gateway-web	Run node city/test-all.mjs	2026-10-07T03:21:19.3620817Z ✔ verifyResume only inspects: nothing on disk changes (195.2856ms)
gateway-web	Run node city/test-all.mjs	2026-10-07T03:21:19.3621859Z ✔ verifyResume restarts when there is no checkpoint at all (48.2479ms)
gateway-web	Run node city/test-all.mjs	2026-10-07T03:21:19.3623227Z ✔ a live context holds only the six step fields and is replaced, not accumulated (4.6421ms)
gateway-web	Run node city/test-all.mjs	2026-10-07T03:21:19.3625228Z ✔ snapshot().live is a copy: a caller cannot change what the context remembers (0.5042ms)
gateway-web	Run node city/test-all.mjs	2026-10-07T03:21:19.3626492Z ✔ clearLive removes the named keys and leaves the rest alone (0.7257ms)
gateway-web	Run node city/test-all.mjs	2026-10-07T03:21:19.3628260Z ✔ after 1000 observations the evidence ring is capped and the retained byte count stops growing (7.2101ms)
gateway-web	Run node city/test-all.mjs	2026-10-07T03:21:19.3630494Z ✔ every ring is bounded: verifications, decisions, process milestones and changed files (2.6589ms)
gateway-web	Run node city/test-all.mjs	2026-10-07T03:21:19.3632214Z ✔ a failed verification is a blocker, and the next passing run clears it (0.4902ms)
gateway-web	Run node city/test-all.mjs	2026-10-07T03:21:19.3634634Z ✔ a resolved decision completes the plan step it names, and a failed one becomes a blocker (0.5524ms)
gateway-web	Run node city/test-all.mjs	2026-10-07T03:21:19.3636362Z ✔ an owned process milestone plans a step and its completion closes the step (0.4133ms)
gateway-web	Run node city/test-all.mjs	2026-10-07T03:21:19.3637727Z ✔ the summary is generated from the bounded layers and is not truncated when it fits (0.8978ms)
gateway-web	Run node city/test-all.mjs	2026-10-07T03:21:19.3638937Z ✔ a summary reports truncated when the budget forces it to cut (1.738ms)
gateway-web	Run node city/test-all.mjs	2026-10-07T03:21:19.3640465Z ✔ summarize accepts an inventory produced by the supervisor, not only this context (0.3827ms)
gateway-web	Run node city/test-all.mjs	2026-10-07T03:21:19.3641853Z ✔ snapshot reports its own limits and byte count, and two contexts share no state (0.3023ms)
gateway-web	Run node city/test-all.mjs	2026-10-07T03:21:19.3643373Z ✔ a very long observation is clipped before it is retained, so one entry cannot blow the budget (0.336ms)
gateway-web	Run node city/test-all.mjs	2026-10-07T03:21:19.3645937Z ﹣ a Windows volume-GUID alias is accepted as the same non-reparse work root (1.3802ms) # cross-volume tests require a temp root on a volume separate from C:\Users\RUNNER~1\AppData\Local\Temp\cross-volume-work-root-SLwHcZ
gateway-web	Run node city/test-all.mjs	2026-10-07T03:21:19.3649330Z ﹣ a task-owned off-volume directory is registered with an ownership marker and removed only at terminal cleanup (0.266ms) # cross-volume tests require a temp root on a volume separate from C:\Users\RUNNER~1\AppData\Local\Temp\cross-volume-work-root-SLwHcZ
gateway-web	Run node city/test-all.mjs	2026-10-07T03:21:19.3652576Z ﹣ a pre-existing directory sentinel cannot be registered or deleted (0.2243ms) # cross-volume tests require a temp root on a volume separate from C:\Users\RUNNER~1\AppData\Local\Temp\cross-volume-work-root-SLwHcZ
gateway-web	Run node city/test-all.mjs	2026-10-07T03:21:19.3655485Z ﹣ a mismatched ownership marker blocks cleanup and reports the exact residual (0.214ms) # cross-volume tests require a temp root on a volume separate from C:\Users\RUNNER~1\AppData\Local\Temp\cross-volume-work-root-SLwHcZ
gateway-web	Run node city/test-all.mjs	2026-10-07T03:21:19.3658193Z ﹣ an unregistered foreign file inside an owned directory blocks recursive cleanup (0.2561ms) # cross-volume tests require a temp root on a volume separate from C:\Users\RUNNER~1\AppData\Local\Temp\cross-volume-work-root-SLwHcZ
gateway-web	Run node city/test-all.mjs	2026-10-07T03:21:19.3660060Z ﹣ a task-owned file is removed exactly without deleting its containing directory (0.2691ms) # cross-volume tests require a temp root on a volume separate from C:\Users\RUNNER~1\AppData\Local\Temp\cross-volume-work-root-SLwHcZ
gateway-web	Run node city/test-all.mjs	2026-10-07T03:21:19.3661881Z ﹣ a symlink/reparse entry inside a registered root blocks recursive deletion (0.2646ms) # cross-volume tests require a temp root on a volume separate from C:\Users\RUNNER~1\AppData\Local\Temp\cross-volume-work-root-SLwHcZ
gateway-web	Run node city/test-all.mjs	2026-10-07T03:21:19.3663819Z ﹣ a locked registered child preserves its parent marker and cleanup debt retries after the handle closes (0.3734ms) # cross-volume tests require a temp root on a volume separate from C:\Users\RUNNER~1\AppData\Local\Temp\cross-volume-work-root-SLwHcZ
gateway-web	Run node city/test-all.mjs	2026-10-07T03:21:19.3665495Z ✔ a fix goal shows the failing test failing before anything patches code (4.2015ms)
gateway-web	Run node city/test-all.mjs	2026-10-07T03:21:19.3666663Z ✔ a bug wording alone selects the repair template (0.8565ms)
gateway-web	Run node city/test-all.mjs	2026-10-07T03:21:19.3667505Z ✔ a build goal builds and then verifies (0.8157ms)
gateway-web	Run node city/test-all.mjs	2026-10-07T03:21:19.3668412Z ✔ a refactor goal runs the affected tests after the patch (0.5308ms)
gateway-web	Run node city/test-all.mjs	2026-10-07T03:21:19.3669404Z ✔ a dependency goal installs, builds, tests and verifies (1.4012ms)
gateway-web	Run node city/test-all.mjs	2026-10-07T03:21:19.3670515Z ✔ the plan skips an unavailable command and records why in reasons (0.326ms)
gateway-web	Run node city/test-all.mjs	2026-10-07T03:21:19.3671806Z ✔ a template step whose command discovery did not provide is reported in reasons (0.5038ms)
gateway-web	Run node city/test-all.mjs	2026-10-07T03:21:19.3673650Z ✔ a bounded plan refuses to grow past contract.maxSteps and says what it dropped (0.3754ms)
gateway-web	Run node city/test-all.mjs	2026-10-07T03:21:19.3674827Z ✔ the default budget is the documented 40 steps (0.4209ms)
gateway-web	Run node city/test-all.mjs	2026-10-07T03:21:19.3675803Z ✔ no step may outlive the episode budget the contract declares (0.6556ms)
gateway-web	Run node city/test-all.mjs	2026-10-07T03:21:19.3677162Z ✔ every step carries a closed kind, an operation the supervisor knows and the evidence it records (0.4936ms)
gateway-web	Run node city/test-all.mjs	2026-10-07T03:21:19.3678395Z ✔ a test step expects a zero exit code and no failing tests (0.3836ms)
gateway-web	Run node city/test-all.mjs	2026-10-07T03:21:19.3681130Z ✔ the reproduce step expects the failure, because that is the evidence a repair needs (0.4373ms)
gateway-web	Run node city/test-all.mjs	2026-10-07T03:21:19.3682475Z ✔ an explicit contract plan wins over the inferred template (0.2402ms)
gateway-web	Run node city/test-all.mjs	2026-10-07T03:21:19.3685253Z ✔ an explicit step of an unknown kind is rejected and recorded, not silently kept (0.3671ms)
gateway-web	Run node city/test-all.mjs	2026-10-07T03:21:19.3687776Z ✔ an explicit step naming an operation the supervisor cannot run is refused (0.3176ms)
gateway-web	Run node city/test-all.mjs	2026-10-07T03:21:19.3689249Z ✔ a contract plan that omits reproduce is kept, and the missing regression evidence is recorded (0.2813ms)
gateway-web	Run node city/test-all.mjs	2026-10-07T03:21:19.3691467Z ✔ an explicit step is normalized: operation, command, args, cwd, expects, timeout and evidence (0.5621ms)
gateway-web	Run node city/test-all.mjs	2026-10-07T03:21:19.3692763Z ✔ an explicit step may write its arguments as one string (0.3593ms)
gateway-web	Run node city/test-all.mjs	2026-10-07T03:21:19.3693913Z ✔ an explicit command carries the discovered arguments of its kind (0.3247ms)
gateway-web	Run node city/test-all.mjs	2026-10-07T03:21:19.3695058Z ✔ a step that does not run a command carries a null operation (0.2796ms)
gateway-web	Run node city/test-all.mjs	2026-10-07T03:21:19.3696374Z ✔ the module-level nextStep and advance read and move the same cursor the plan methods do (0.5973ms)
gateway-web	Run node city/test-all.mjs	2026-10-07T03:21:19.3697737Z ✔ nextStep returns the cursor step and skips the steps already complete (0.3516ms)
gateway-web	Run node city/test-all.mjs	2026-10-07T03:21:19.3699151Z ✔ restorePlan restores the exact serialized steps and starts after the verified prefix (0.9373ms)
gateway-web	Run node city/test-all.mjs	2026-10-07T03:21:19.3700488Z ✔ the cursor refuses to advance a step that is not the current one (0.223ms)
gateway-web	Run node city/test-all.mjs	2026-10-07T03:21:19.3708349Z ✔ advance records the outcome and refuses a step that was already settled (0.2268ms)
gateway-web	Run node city/test-all.mjs	2026-10-07T03:21:19.3709595Z ✔ the completed history is bounded at twice the step budget (0.3897ms)
gateway-web	Run node city/test-all.mjs	2026-10-07T03:21:19.3711453Z ✔ an optional step may be recorded as failed without moving the cursor backwards (0.4534ms)
gateway-web	Run node city/test-all.mjs	2026-10-07T03:21:19.3713696Z ✔ a plan built from a goal with no discoverable command keeps only the steps that run no command and says why (0.2085ms)
gateway-web	Run node city/test-all.mjs	2026-10-07T03:21:19.3715209Z ✔ expectsMet judges a step outcome against the expectation it declares (0.1676ms)
gateway-web	Run node city/test-all.mjs	2026-10-07T03:21:19.3716431Z ✔ an unusable expects object is reported rather than silently ignored (0.2689ms)
gateway-web	Run node city/test-all.mjs	2026-10-07T03:21:19.3717499Z ✔ the plan kind vocabulary is closed and frozen (0.1362ms)
gateway-web	Run node city/test-all.mjs	2026-10-07T03:21:19.3718820Z ✔ an owner contains a stable process identity in addition to its PID (2.0392ms)
gateway-web	Run node city/test-all.mjs	2026-10-07T03:21:19.3720016Z ✔ a matching process-creation identity proves the owner is live (0.3685ms)
gateway-web	Run node city/test-all.mjs	2026-10-07T03:21:19.3721390Z ✔ a reused PID with a different process identity is stale, but an unknown probe stays unknown (0.3126ms)
gateway-web	Run node city/test-all.mjs	2026-10-07T03:21:19.3723181Z ✔ an unverified runtime-start fallback never becomes a false stale proof when an OS probe later succeeds (0.2228ms)
gateway-web	Run node city/test-all.mjs	2026-10-07T03:21:19.3724636Z ✔ a real command runs end to end through the real supervisor registry (163.9517ms)
gateway-web	Run node city/test-all.mjs	2026-10-07T03:21:19.3726723Z ✔ mutation intent is durably observed before the filesystem effect, then settled after it (7.3438ms)
gateway-web	Run node city/test-all.mjs	2026-10-07T03:21:19.3728213Z ✔ a failed pre-effect checkpoint blocks the write and leaves the target untouched (1.4954ms)
gateway-web	Run node city/test-all.mjs	2026-10-07T03:21:19.3729612Z ✔ a restored pending mutation is reconciled from disk without applying it again (2.8542ms)
gateway-web	Run node city/test-all.mjs	2026-10-07T03:21:19.3730790Z ✔ plan digests are canonical across object key order (2.5873ms)
gateway-web	Run node city/test-all.mjs	2026-10-07T03:21:19.3734025Z ✔ the supported recovery descriptor validates as a complete replay-safe envelope (1.2571ms)
gateway-web	Run node city/test-all.mjs	2026-10-07T03:21:19.3735251Z ✔ a plan edited after checkpointing fails the digest gate (0.3898ms)
gateway-web	Run node city/test-all.mjs	2026-10-07T03:21:19.3736234Z ✔ unsupported descriptor and plan versions fail closed (1.7394ms)
gateway-web	Run node city/test-all.mjs	2026-10-07T03:21:19.3737412Z ✔ a cursor cannot move beyond the contiguous verified or intentionally skipped prefix (0.3307ms)
gateway-web	Run node city/test-all.mjs	2026-10-07T03:21:19.3738699Z ✔ an expired original deadline and an unknown lifecycle state are rejected (0.4177ms)
gateway-web	Run node city/test-all.mjs	2026-10-07T03:21:19.3739967Z ✔ cross-volume cleanup registrations are bound to episode, work volume, type and state (1.6943ms)
gateway-web	Run node city/test-all.mjs	2026-10-07T03:21:19.3741335Z ✔ autonomy authority: runtime default < contract override < explicit run option (4.3605ms)
gateway-web	Run node city/test-all.mjs	2026-10-07T03:21:19.3742577Z ✔ autonomy continues only with new evidence, and never past its own bounds (1.7491ms)
gateway-web	Run node city/test-all.mjs	2026-10-07T03:21:19.3743942Z ✔ scenario A: a failing unit test is reproduced, repaired and verified with fresh evidence (1105.4659ms)
gateway-web	Run node city/test-all.mjs	2026-10-07T03:21:19.3745616Z ✔ a repair that does not work is not retried blind, and the episode fails with evidence (1052.7843ms)
gateway-web	Run node city/test-all.mjs	2026-10-07T03:21:19.3747108Z ✔ scenario J: a nearly expired episode does not start new work and reports what it has (1065.5755ms)
gateway-web	Run node city/test-all.mjs	2026-10-07T03:21:19.3748568Z ✔ the package entry point runs one episode and returns the report (1108.0641ms)
gateway-web	Run node city/test-all.mjs	2026-10-07T03:21:19.3749786Z ✔ a run resolves the level command, appends the focus and goes through the supervisor (4.2507ms)
gateway-web	Run node city/test-all.mjs	2026-10-07T03:21:19.3750976Z ✔ a focus is not appended to a command that does not accept one (0.4653ms)
gateway-web	Run node city/test-all.mjs	2026-10-07T03:21:19.3752205Z ✔ a level with no discovered command reports the refusal instead of guessing one (0.4931ms)
gateway-web	Run node city/test-all.mjs	2026-10-07T03:21:19.3753457Z ✔ a non-zero exit is classified from the output and is not a success (3.4254ms)
gateway-web	Run node city/test-all.mjs	2026-10-07T03:21:19.3755297Z ✔ a timeout is a failure with the timeout class (0.7698ms)
gateway-web	Run node city/test-all.mjs	2026-10-07T03:21:19.3757620Z ✔ a killed process is not a success even when it exited zero (1.2241ms)
gateway-web	Run node city/test-all.mjs	2026-10-07T03:21:19.3758556Z ✔ a signalled exit is not a success (0.4999ms)
gateway-web	Run node city/test-all.mjs	2026-10-07T03:21:19.3759480Z ✔ every run carries a timeout and truncates the output it retains (0.5586ms)
gateway-web	Run node city/test-all.mjs	2026-10-07T03:21:19.3760754Z ✔ a refused start is reported as a failure rather than thrown (0.5585ms)
gateway-web	Run node city/test-all.mjs	2026-10-07T03:21:19.3762253Z ✔ runLevels stops at the first level that breaks and names it (1.3971ms)
gateway-web	Run node city/test-all.mjs	2026-10-07T03:21:19.3763317Z ✔ satisfied() is false when the full level never ran (0.7506ms)
gateway-web	Run node city/test-all.mjs	2026-10-07T03:21:19.3766142Z ✔ satisfied() is true only with fresh passing evidence at every required level (0.7618ms)
gateway-web	Run node city/test-all.mjs	2026-10-07T03:21:19.3767495Z ✔ satisfied() is false when the full level evidence predates a mutation (1.3672ms)
gateway-web	Run node city/test-all.mjs	2026-10-07T03:21:19.3768560Z ✔ satisfied() honours sinceAt and sinceMs against the clock (0.9283ms)
gateway-web	Run node city/test-all.mjs	2026-10-07T03:21:19.3769581Z ✔ invalidate marks the levels stale and makes the gate refuse (1.2238ms)
gateway-web	Run node city/test-all.mjs	2026-10-07T03:21:19.3770719Z ✔ noteMutation bounds freshness for a verifier that has no mutation log (0.5305ms)
gateway-web	Run node city/test-all.mjs	2026-10-07T03:21:19.3771945Z ✔ evidence() reports when each level last ran and whether it is fresh (0.3949ms)
gateway-web	Run node city/test-all.mjs	2026-10-07T03:21:19.3773019Z ✔ freshAt() with no level answers when anything was last verified (0.3034ms)
gateway-web	Run node city/test-all.mjs	2026-10-07T03:21:19.3774020Z ✔ parseTestSummary reads node --test TAP-ish output (0.156ms)
gateway-web	Run node city/test-all.mjs	2026-10-07T03:21:19.3775161Z ✔ parseTestSummary reads Jest and Vitest output (0.742ms)
gateway-web	Run node city/test-all.mjs	2026-10-07T03:21:19.3775959Z ✔ parseTestSummary reads pytest output (0.4056ms)
gateway-web	Run node city/test-all.mjs	2026-10-07T03:21:19.3776798Z ✔ parseTestSummary reads cargo test output (0.2952ms)
gateway-web	Run node city/test-all.mjs	2026-10-07T03:21:19.3777732Z ✔ parseTestSummary returns null for junk and never throws (0.2788ms)
gateway-web	Run node city/test-all.mjs	2026-10-07T03:21:19.3778926Z ✔ a workspace is locked while an episode runs, and never stolen from a live owner (9.1988ms)
gateway-web	Run node city/test-all.mjs	2026-10-07T03:21:19.3780092Z ✔ the §33.1 vocabulary is the donor's closed set of thirteen classes (3.9352ms)
gateway-web	Run node city/test-all.mjs	2026-10-07T03:21:19.3781102Z ✔ every failure class is selected by its own exact input (3.4149ms)
gateway-web	Run node city/test-all.mjs	2026-10-07T03:21:19.3782378Z ✔ an unknown-class input selects no pattern and the signals stay empty (0.3526ms)
gateway-web	Run node city/test-all.mjs	2026-10-07T03:21:19.3783489Z ✔ a non-zero exit with a runtime code but no prose is still classified (0.3685ms)
gateway-web	Run node city/test-all.mjs	2026-10-07T03:21:19.3792427Z ✔ a policy refusal is decided before any prose, even a retryable-looking one (0.5241ms)
gateway-web	Run node city/test-all.mjs	2026-10-07T03:21:19.3793691Z ✔ a policy refusal is also decided before a runtime code (0.2806ms)
gateway-web	Run node city/test-all.mjs	2026-10-07T03:21:19.3794739Z ✔ AUTH is decided before RATE_LIMIT when the output carries both (0.2151ms)
gateway-web	Run node city/test-all.mjs	2026-10-07T03:21:19.3795949Z ✔ PROVIDER_PAGE is decided before the generic BUILD wording in a provider log (0.2244ms)
gateway-web	Run node city/test-all.mjs	2026-10-07T03:21:19.3797315Z ✔ DEPENDENCY is decided before BUILD, but only when the host agrees the module is absent (0.4535ms)
gateway-web	Run node city/test-all.mjs	2026-10-07T03:21:19.3798593Z ✔ DEPENDENCY reports the verified missing modules in its signals (0.5398ms)
gateway-web	Run node city/test-all.mjs	2026-10-07T03:21:19.3799753Z ✔ ENVIRONMENT is decided before BUILD and before the generic test wording (0.2506ms)
gateway-web	Run node city/test-all.mjs	2026-10-07T03:21:19.3800973Z ✔ WORKSPACE is decided from the host fact, and requires() is what gates it (0.312ms)
gateway-web	Run node city/test-all.mjs	2026-10-07T03:21:19.3802120Z ✔ THEME needs a diagnostic or an unknown gate, not the wording alone (0.2754ms)
gateway-web	Run node city/test-all.mjs	2026-10-07T03:21:19.3803470Z ✔ UI needs the visual fact or one of the three interface gates (0.2861ms)
gateway-web	Run node city/test-all.mjs	2026-10-07T03:21:19.3804517Z ✔ BUILD is decided before TEST when the output carries both (0.2036ms)
gateway-web	Run node city/test-all.mjs	2026-10-07T03:21:19.3805609Z ✔ BUILD is decided before TRANSIENT when a failed build times out (0.1395ms)
gateway-web	Run node city/test-all.mjs	2026-10-07T03:21:19.3806771Z ✔ TEST is decided before TRANSIENT when a failing test also times out (0.1568ms)
gateway-web	Run node city/test-all.mjs	2026-10-07T03:21:19.3808204Z ✔ a gate with no recognisable signature is still evidence, and BENCHMARK is honestly UNKNOWN (0.3117ms)
gateway-web	Run node city/test-all.mjs	2026-10-07T03:21:19.3809546Z ✔ the §33.2 recovery order is the donor's and ends at the Hard Blocker (0.1707ms)
gateway-web	Run node city/test-all.mjs	2026-10-07T03:21:19.3810957Z ✔ the theme ladder is the donor's three steps (0.1156ms)
gateway-web	Run node city/test-all.mjs	2026-10-07T03:21:19.3812047Z ✔ a plan lists every step with a reason and always ends at the Hard Blocker (0.4776ms)
gateway-web	Run node city/test-all.mjs	2026-10-07T03:21:19.3813322Z ✔ every class plans the donor's budgets, and only those steps are applicable (0.7308ms)
gateway-web	Run node city/test-all.mjs	2026-10-07T03:21:19.3815043Z ✔ a representative failure of each class offers the donor's first step (0.4737ms)
gateway-web	Run node city/test-all.mjs	2026-10-07T03:21:19.3816479Z ✔ inapplicable steps are listed with the donor's own reason (0.2381ms)
gateway-web	Run node city/test-all.mjs	2026-10-07T03:21:19.3817704Z ✔ a prohibited action goes straight to the Hard Blocker and forbids HNS (0.1897ms)
gateway-web	Run node city/test-all.mjs	2026-10-07T03:21:19.3818858Z ✔ an auth failure is handed to the Owner and cannot use HNS (0.1505ms)
gateway-web	Run node city/test-all.mjs	2026-10-07T03:21:19.3819947Z ✔ a workspace failure escalates the granted scope to the Owner (0.1219ms)
gateway-web	Run node city/test-all.mjs	2026-10-07T03:21:19.3821081Z ✔ only THEME and WORKSPACE and AUTH and TERMINAL carry requires_owner (0.261ms)
gateway-web	Run node city/test-all.mjs	2026-10-07T03:21:19.3822679Z ✔ a theme failure carries the §33.2 theme ladder and its diagnostic (0.1797ms)
gateway-web	Run node city/test-all.mjs	2026-10-07T03:21:19.3823913Z ✔ a fresh plan offers its first step with the donor's attempt reason (0.2321ms)
gateway-web	Run node city/test-all.mjs	2026-10-07T03:21:19.3825805Z ✔ a step is re-offered until its budget is used, and not beyond (0.3913ms)
gateway-web	Run node city/test-all.mjs	2026-10-07T03:21:19.3826917Z ✔ a NOT_APPLICABLE attempt does not consume the budget (0.2322ms)
gateway-web	Run node city/test-all.mjs	2026-10-07T03:21:19.3828095Z ✔ HNS is never offered while a cheaper applicable step has budget left (0.1871ms)
gateway-web	Run node city/test-all.mjs	2026-10-07T03:21:19.3829338Z ✔ the BUILD ladder is consumed and then terminates at the Hard Blocker (0.2841ms)
gateway-web	Run node city/test-all.mjs	2026-10-07T03:21:19.3830778Z ✔ the DEPENDENCY ladder walks LOCAL_RECOVERY, ALTERNATE_INTERNAL_PATH, HNS, then blocks (0.2439ms)
gateway-web	Run node city/test-all.mjs	2026-10-07T03:21:19.3832137Z ✔ the RATE_LIMIT ladder is the donor's order with the donor's budgets (0.192ms)
gateway-web	Run node city/test-all.mjs	2026-10-07T03:21:19.3833380Z ✔ a prohibited failure is immediately hard-blocked with the "no step applies" reason (0.1465ms)
gateway-web	Run node city/test-all.mjs	2026-10-07T03:21:19.3834152Z ✔ a TRANSIENT ladder exhausts at the native retry and its local repair (0.202ms)
gateway-web	Run node city/test-all.mjs	2026-10-07T03:21:19.3835236Z ✔ the same observation yields an identical classification and plan (0.2392ms)
gateway-web	Run node city/test-all.mjs	2026-10-07T03:21:19.3836083Z ✔ classifying does not mutate the observation it was given (0.1641ms)
gateway-web	Run node city/test-all.mjs	2026-10-07T03:21:19.3836665Z ✔ planRecovery refuses a malformed or unknown failure class (0.7722ms)
gateway-web	Run node city/test-all.mjs	2026-10-07T03:21:19.3837304Z ✔ planRecovery does not mutate or upgrade the classification it was given (0.173ms)
gateway-web	Run node city/test-all.mjs	2026-10-07T03:21:19.3837902Z ✔ the HNS role vocabulary is the donor's four roles (0.1212ms)
gateway-web	Run node city/test-all.mjs	2026-10-07T03:21:19.3838487Z ✔ a first fallback is allowed and always produces a CapabilityGap (0.3732ms)
gateway-web	Run node city/test-all.mjs	2026-10-07T03:21:19.3839206Z ✔ a fallback with no named missing capability is refused and still records the gap (1.3045ms)
gateway-web	Run node city/test-all.mjs	2026-10-07T03:21:19.3839823Z ✔ a prohibited action may not be delegated to HNS (0.271ms)
gateway-web	Run node city/test-all.mjs	2026-10-07T03:21:19.3840412Z ✔ HNS stops being a crutch at the consecutive ceiling and the gap goes HIGH (0.2397ms)
gateway-web	Run node city/test-all.mjs	2026-10-07T03:21:19.3841162Z ✔ the gap severity rises with its frequency, and TERMINAL is always CRITICAL (0.3546ms)
gateway-web	Run node city/test-all.mjs	2026-10-07T03:21:19.3843029Z ✔ every usage is recorded with its gap, and a gapless or unknown role is refused (0.2898ms)
gateway-web	Run node city/test-all.mjs	2026-10-07T03:21:19.3844473Z ✔ the failure vocabulary and its action policy are closed and complete (3.9546ms)
gateway-web	Run node city/test-all.mjs	2026-10-07T03:21:19.3846235Z ✔ classification follows the donor order: timeout flag, then typed code, then patterns, then unknown (2.0893ms)
gateway-web	Run node city/test-all.mjs	2026-10-07T03:21:19.3848113Z ✔ the pattern table keeps the donor order, so an ambiguous message resolves the donor way (0.2491ms)
gateway-web	Run node city/test-all.mjs	2026-10-07T03:21:19.3849772Z ✔ the failure signature ignores what changes between two runs of the same failure (0.4264ms)
gateway-web	Run node city/test-all.mjs	2026-10-07T03:21:19.3851245Z ✔ the repair tracker refuses a blind retry and a repeated hypothesis (1.2162ms)
gateway-web	Run node city/test-all.mjs	2026-10-07T03:21:19.3853469Z ﹣ the failure module agrees with the donor module field by field (0.1415ms) # donor checkout absent; fetch DS-Hns @ eeb57ca5 into .runtime/evidence/mission-book/MB-004/donor-hns to run the differential check
gateway-web	Run node city/test-all.mjs	2026-10-07T03:21:19.3855365Z ✔ the step vocabulary is closed and every kind is fully described (0.411ms)
gateway-web	Run node city/test-all.mjs	2026-10-07T03:21:19.3856547Z ✔ templates keep the donor order, and a repair always shows the failure first (1.0213ms)
gateway-web	Run node city/test-all.mjs	2026-10-07T03:21:19.3858053Z ✔ a step outside the vocabulary is refused, and a command-bearing step with no command names what it needed (0.6867ms)
gateway-web	Run node city/test-all.mjs	2026-10-07T03:21:19.3859388Z ✔ an unusable expects falls back to the exit code and says so (0.9664ms)
gateway-web	Run node city/test-all.mjs	2026-10-07T03:21:19.3860695Z ✔ expects evaluation treats a reproduce step as the one whose success is a failure (0.4483ms)
gateway-web	Run node city/test-all.mjs	2026-10-07T03:21:19.3861901Z ✔ the cursor only moves forward, one step at a time (1.3915ms)
gateway-web	Run node city/test-all.mjs	2026-10-07T03:21:19.3862846Z ✔ the plan is bounded and every dropped step is explained (0.524ms)
gateway-web	Run node city/test-all.mjs	2026-10-07T03:21:19.3864108Z ✔ a repair that could not build its reproduce step records the missing regression evidence (0.3443ms)
gateway-web	Run node city/test-all.mjs	2026-10-07T03:21:19.3865737Z ✔ an explicit contract plan always wins, and its missing reproduce step is recorded not corrected (0.3805ms)
gateway-web	Run node city/test-all.mjs	2026-10-07T03:21:19.3867822Z ✔ a step may not outlive the episode deadline it was clamped to (0.2709ms)
gateway-web	Run node city/test-all.mjs	2026-10-07T03:21:19.3869394Z ✔ an optional step may be skipped, and a non-optional one may not (0.489ms)
gateway-web	Run node city/test-all.mjs	2026-10-07T03:21:19.3870632Z ✔ restorePlan refuses a cursor that skips a step without verified evidence (1.1463ms)
gateway-web	Run node city/test-all.mjs	2026-10-07T03:21:19.3872097Z ✔ command splitting respects quoting and argument inheritance (0.4734ms)
gateway-web	Run node city/test-all.mjs	2026-10-07T03:21:19.3873683Z ✔ a focus is appended to the operation it belongs to, and only to the steps that take one (0.2546ms)
gateway-web	Run node city/test-all.mjs	2026-10-07T03:21:19.3877253Z ﹣ the discovery module agrees with the donor module field by field (0.0713ms) # donor checkout absent; fetch DS-Hns @ eeb57ca5 into .runtime/evidence/mission-book/MB-004/donor-hns to run the differential check
gateway-web	Run node city/test-all.mjs	2026-10-07T03:21:19.3879521Z ✔ the plan digest is a sha256 of the canonical plan and is stable under key order (3.7537ms)
gateway-web	Run node city/test-all.mjs	2026-10-07T03:21:19.3880791Z ✔ the plan digest is sensitive to every part of the plan it covers (1.746ms)
gateway-web	Run node city/test-all.mjs	2026-10-07T03:21:19.3883458Z ✔ a valid recovery descriptor returns a deep copy with the lifecycle state defaulted (3.6897ms)
gateway-web	Run node city/test-all.mjs	2026-10-07T03:21:19.3886805Z ✔ every structural refusal of the recovery descriptor is a closed code (6.1834ms)
gateway-web	Run node city/test-all.mjs	2026-10-07T03:21:19.3888494Z ✔ the cursor must sit exactly after its contiguous verified or optional-skipped prefix (0.9464ms)
gateway-web	Run node city/test-all.mjs	2026-10-07T03:21:19.3890377Z ✔ the descriptor episode id must match the checkpoint that carries it, and the executor must match the run (0.4641ms)
gateway-web	Run node city/test-all.mjs	2026-10-07T03:21:19.3891939Z ✔ the cleanup terminal state is only legal on an active or cleanup-blocked episode (0.6179ms)
gateway-web	Run node city/test-all.mjs	2026-10-07T03:21:19.3893611Z ✔ cross-volume registrations are bound to the episode, work volume, type, state and unique canonical path (3.2329ms)
gateway-web	Run node city/test-all.mjs	2026-10-07T03:21:19.3895562Z ✔ a checkpoint is written whole or not at all, and a killed writer leaves nothing readable (10.1295ms)
gateway-web	Run node city/test-all.mjs	2026-10-07T03:21:19.3897063Z ✔ the default checkpoint directory hangs off the root option and keeps five files (1.4194ms)
gateway-web	Run node city/test-all.mjs	2026-10-07T03:21:19.3898567Z ✔ retention keeps the newest recovery sequences per episode and prune is idempotent (29.2001ms)
gateway-web	Run node city/test-all.mjs	2026-10-07T03:21:19.3899990Z ✔ the newest recovery sequence wins even after the wall clock moves backwards (10.2979ms)
gateway-web	Run node city/test-all.mjs	2026-10-07T03:21:19.3901708Z ✔ a checkpoint write refuses a descriptor that fails validation and stays off disk (1.2762ms)
gateway-web	Run node city/test-all.mjs	2026-10-07T03:21:19.3903710Z ✔ a checkpoint round-trips through disk and remove() clears one episode only (14.6059ms)
gateway-web	Run node city/test-all.mjs	2026-10-07T03:21:19.3905124Z ✔ verifyResume is a read-only gate: it resumes, restarts or refuses and changes nothing (210.4052ms)
gateway-web	Run node city/test-all.mjs	2026-10-07T03:21:19.3907076Z ✔ verifyResume distinguishes a working tree that moved from a plan that no longer means anything (105.558ms)
gateway-web	Run node city/test-all.mjs	2026-10-07T03:21:19.3908523Z ✔ verifyResume re-checks unsettled mutations against disk and never replays them (203.4785ms)
gateway-web	Run node city/test-all.mjs	2026-10-07T03:21:19.3910301Z ✔ verifyResume reports missing owned processes and never turns "cannot tell" into a restart (159.3526ms)
gateway-web	Run node city/test-all.mjs	2026-10-07T03:21:19.3913020Z ✔ the recovery index records a checkpoint, refuses regression and refuses a duplicate sequence (17.3191ms)
gateway-web	Run node city/test-all.mjs	2026-10-07T03:21:19.3914561Z ✔ the recovery index refuses a missing, foreign, symlinked or incompatible checkpoint (10.0441ms)
gateway-web	Run node city/test-all.mjs	2026-10-07T03:21:19.3916228Z ✔ a path-safety refusal needs no live index, and a symlinked checkpoint is refused (3.9607ms)
gateway-web	Run node city/test-all.mjs	2026-10-07T03:21:19.3917701Z ✔ reconcileIndex rebuilds the index, blocks duplicates and keeps a valid descriptor diagnostic (16.0064ms)
gateway-web	Run node city/test-all.mjs	2026-10-07T03:21:19.3919244Z ✔ reconcileIndex blocks duplicate files claiming one sequence and preserves terminal states (16.7737ms)
gateway-web	Run node city/test-all.mjs	2026-10-07T03:21:19.3921059Z ✔ a terminal episode cannot be re-activated by a checkpoint write, and only a repair-authorized newer checkpoint clears a block (19.3117ms)
gateway-web	Run node city/test-all.mjs	2026-10-07T03:21:19.3922716Z ✔ automatic recovery attempts are bounded and exhausted attempts persist the block (13.9973ms)
gateway-web	Run node city/test-all.mjs	2026-10-07T03:21:19.3924145Z ✔ a live owner blocks a second claim, and a stale owner is replaced only with identity proof (20.0715ms)
gateway-web	Run node city/test-all.mjs	2026-10-07T03:21:19.3925465Z ✔ a corrupt claim blocks automatic recovery instead of being overwritten (10.9064ms)
gateway-web	Run node city/test-all.mjs	2026-10-07T03:21:19.3926856Z ✔ a workspace lock excludes a second writer, reports staleness and never steals a live lock (9.6641ms)
gateway-web	Run node city/test-all.mjs	2026-10-07T03:21:19.3928288Z ✔ a dead owner is reported stale and reclaimed only when the caller passes stealStale (4.2599ms)
gateway-web	Run node city/test-all.mjs	2026-10-07T03:21:19.3929482Z ✔ a disabled lock and an unheld heartbeat are the only quiet paths (0.9572ms)
gateway-web	Run node city/test-all.mjs	2026-10-07T03:21:19.3930632Z ✔ mutation intent is durably observed before the effect and settled after it (2.6378ms)
gateway-web	Run node city/test-all.mjs	2026-10-07T03:21:19.3932058Z ✔ a failed pre-effect journal blocks the write and a post-effect journal failure is only a warning (2.6841ms)
gateway-web	Run node city/test-all.mjs	2026-10-07T03:21:19.3933621Z ✔ a content-hash mismatch is detected and a conflicting file is never overwritten on resume (2.4744ms)
gateway-web	Run node city/test-all.mjs	2026-10-07T03:21:19.3935414Z ✔ a restored pending mutation is reconciled from disk without being applied again, and a malformed journal is refused (3.3859ms)
gateway-web	Run node city/test-all.mjs	2026-10-07T03:21:19.3950104Z ✔ a mutation may not escape the workspace or touch a file the user had already changed (4.3364ms)
gateway-web	Run node city/test-all.mjs	2026-10-07T03:21:19.3951650Z ✔ move, mkdir, delete, ring bounding and the changed-file manifest behave as recorded (5.7332ms)
gateway-web	Run node city/test-all.mjs	2026-10-07T03:21:19.3953136Z ✔ the workspace is explicit and unverifiable paths are refused, never guessed (101.7877ms)
gateway-web	Run node city/test-all.mjs	2026-10-07T03:21:19.3954561Z ✔ a fingerprint detects drift under the same HEAD and names each reason once (10.5518ms)
gateway-web	Run node city/test-all.mjs	2026-10-07T03:21:19.3955880Z ✔ the snapshot reads the project surface, and git absence is a reported fact (64.603ms)
gateway-web	Run node city/test-all.mjs	2026-10-07T03:21:19.3957187Z ✔ porcelain parsing keeps renamed targets, conflicts and both change sides (0.4787ms)
gateway-web	Run node city/test-all.mjs	2026-10-07T03:21:19.3958455Z ✔ the repository hashes the same content the same way and reads a bounded file (2.1074ms)
gateway-web	Run node city/test-all.mjs	2026-10-07T03:21:19.3959531Z ✔ an owner carries a process identity alongside its PID (959.7204ms)
gateway-web	Run node city/test-all.mjs	2026-10-07T03:21:19.3960991Z ✔ a matching creation identity proves the owner live, a different one is stale and an unknown probe stays unknown (0.4372ms)
gateway-web	Run node city/test-all.mjs	2026-10-07T03:21:19.3962641Z ✔ the OS creation-identity probe answers known=false on a non-Windows host and for an invalid PID (449.6609ms)
gateway-web	Run node city/test-all.mjs	2026-10-07T03:21:34.5674835Z ✔ the episode lifecycle: verify, discover, plan, patch, verify, COMPLETED (1094.1609ms)
gateway-web	Run node city/test-all.mjs	2026-10-07T03:21:34.5676388Z ✔ a repair that does not work is not retried blind, and the episode fails with evidence (1045.9278ms)
gateway-web	Run node city/test-all.mjs	2026-10-07T03:21:34.5679473Z ✔ a caller may cancel the episode at a step boundary, and it reports CANCELLED (956.2803ms)
gateway-web	Run node city/test-all.mjs	2026-10-07T03:21:34.5683472Z ✔ a transient failure is not retried blind: the attempt is recorded first, so the loop blocks (974.1409ms)
gateway-web	Run node city/test-all.mjs	2026-10-07T03:21:34.5687402Z ✔ a filesystem failure blocks rather than looping (1033.9605ms)
gateway-web	Run node city/test-all.mjs	2026-10-07T03:21:34.5691960Z ✔ a resource ceiling (degrade) blocks rather than looping, as a reconnect does (2194.3077ms)
gateway-web	Run node city/test-all.mjs	2026-10-07T03:21:34.5696635Z ✔ the documented repair tracker is what makes the retry arm unreachable (donor defect) (0.7601ms)
gateway-web	Run node city/test-all.mjs	2026-10-07T03:21:34.5702560Z ✔ a repair already ruled blind stalls instead of repeating the same patch (1035.5445ms)
gateway-web	Run node city/test-all.mjs	2026-10-07T03:21:34.5705910Z ✔ the repair budget is spent -> a stall, not another round (1064.5016ms)
gateway-web	Run node city/test-all.mjs	2026-10-07T03:21:34.5710335Z ✔ the deadline bands gate new work: a nearly expired episode verifies and reports (996.1376ms)
gateway-web	Run node city/test-all.mjs	2026-10-07T03:21:34.5714225Z ✔ the episode budget defaults match the donor exactly (0.3647ms)
gateway-web	Run node city/test-all.mjs	2026-10-07T03:21:34.5718330Z ✔ the module surface the rest of the runtime imports is exactly the donor's (1.1788ms)
gateway-web	Run node city/test-all.mjs	2026-10-07T03:21:34.5722159Z ✔ the donor constants the port must not drift from (0.952ms)
gateway-web	Run node city/test-all.mjs	2026-10-07T03:21:34.5728140Z ✔ a repair is proven before it is patched: reproduce precedes patch end to end (1075.369ms)
gateway-web	Run node city/test-all.mjs	2026-10-07T03:21:34.5732023Z ✔ a killed process is never a success, even when it exited zero (1023.2546ms)
gateway-web	Run node city/test-all.mjs	2026-10-07T03:21:34.5735890Z ✔ a timed-out process is a failure with the timeout class, never a success (1031.6446ms)
gateway-web	Run node city/test-all.mjs	2026-10-07T03:21:34.5738216Z ✔ the completion gate refuses: the required tests, the unresolved failure, the build, the lint (4194.7154ms)
gateway-web	Run node city/test-all.mjs	2026-10-07T03:21:34.5743151Z ✔ the completion gate refuses a workspace that is no longer the one it was given (434.6013ms)
gateway-web	Run node city/test-all.mjs	2026-10-07T03:21:34.5749252Z ✔ the lock is not stolen from a live owner (454.897ms)
gateway-web	Run node city/test-all.mjs	2026-10-07T03:21:34.5752254Z ✔ the user's uncommitted work is never overwritten (854.1613ms)
gateway-web	Run node city/test-all.mjs	2026-10-07T03:21:34.5756490Z ✔ a workspace that does not exist is BLOCKED, and is not conjured into being by the lock (1.4762ms)
gateway-web	Run node city/test-all.mjs	2026-10-07T03:21:34.5760954Z ✔ the episode checkpoints its plan, its cursor and its phase as it walks (824.9201ms)
gateway-web	Run node city/test-all.mjs	2026-10-07T03:21:34.5763463Z ✔ the public entry point is the same loop, and builds the same supervisor (317.6261ms)
gateway-web	Run node city/test-all.mjs	2026-10-07T03:21:34.5995562Z ✔ the ladder is frozen, ordered weakest first, and every level is recognised (3.8293ms)
gateway-web	Run node city/test-all.mjs	2026-10-07T03:21:34.5997732Z ✔ commandFor answers which command a level would run without running it (0.6532ms)
gateway-web	Run node city/test-all.mjs	2026-10-07T03:21:34.5998956Z ✔ a level with no focused command falls back to the broader test command (1.4746ms)
gateway-web	Run node city/test-all.mjs	2026-10-07T03:21:34.6000284Z ✔ a run resolves the level command, appends the focus and goes through the supervisor (0.9448ms)
gateway-web	Run node city/test-all.mjs	2026-10-07T03:21:34.6001539Z ✔ a focus is not appended to a command that does not accept one (0.4346ms)
gateway-web	Run node city/test-all.mjs	2026-10-07T03:21:34.6002681Z ✔ a focusedTest command accepts a focus even when it does not declare one (1.1685ms)
gateway-web	Run node city/test-all.mjs	2026-10-07T03:21:34.6003812Z ✔ a declared command keeps its own arguments and its own cwd (1.0349ms)
gateway-web	Run node city/test-all.mjs	2026-10-07T03:21:34.6005020Z ✔ a level with no discovered command reports the refusal instead of guessing one (0.6547ms)
gateway-web	Run node city/test-all.mjs	2026-10-07T03:21:34.6006534Z ✔ an unknown level and an empty command are refusals that are still recorded (0.72ms)
gateway-web	Run node city/test-all.mjs	2026-10-07T03:21:34.6007741Z ✔ a non-zero exit is classified from the output and is not a success (2.2842ms)
gateway-web	Run node city/test-all.mjs	2026-10-07T03:21:34.6008744Z ✔ a timeout is a failure with the timeout class (0.6002ms)
gateway-web	Run node city/test-all.mjs	2026-10-07T03:21:34.6009697Z ✔ a killed process is not a success even when it exited zero (0.6808ms)
gateway-web	Run node city/test-all.mjs	2026-10-07T03:21:34.6010600Z ✔ a signalled exit is not a success (0.5806ms)
gateway-web	Run node city/test-all.mjs	2026-10-07T03:21:34.6012190Z ✔ a successful run is never left without a reason slot: ok runs carry reason null and failure null (0.3165ms)
gateway-web	Run node city/test-all.mjs	2026-10-07T03:21:34.6013501Z ✔ every run carries a timeout and truncates the output it retains (0.4761ms)
gateway-web	Run node city/test-all.mjs	2026-10-07T03:21:34.6014533Z ✔ a refused start is reported as a failure rather than thrown (0.4151ms)
gateway-web	Run node city/test-all.mjs	2026-10-07T03:21:34.6015770Z ✔ a supervisor that starts nothing, or cannot be awaited, is a failure and not a crash (0.6185ms)
gateway-web	Run node city/test-all.mjs	2026-10-07T03:21:34.6017021Z ✔ the waiter wins over the start record for exit code, signal and duration (0.4507ms)
gateway-web	Run node city/test-all.mjs	2026-10-07T03:21:34.6018366Z ✔ an entry record is used when the waiter is silent, including stdout+stderr concatenation (0.3872ms)
gateway-web	Run node city/test-all.mjs	2026-10-07T03:21:34.6019613Z ✔ runLevels stops at the first level that breaks and names it (0.5717ms)
gateway-web	Run node city/test-all.mjs	2026-10-07T03:21:34.6020753Z ✔ runLevels with no argument climbs the levels this verifier requires (0.4805ms)
gateway-web	Run node city/test-all.mjs	2026-10-07T03:21:34.6021827Z ✔ satisfied() is false when the full level never ran (0.5106ms)
gateway-web	Run node city/test-all.mjs	2026-10-07T03:21:34.6023235Z ✔ satisfied() is true only with fresh passing evidence at every required level (0.4616ms)
gateway-web	Run node city/test-all.mjs	2026-10-07T03:21:34.6024326Z ✔ satisfied() refuses a level that ran and did not pass (0.2678ms)
gateway-web	Run node city/test-all.mjs	2026-10-07T03:21:34.6025372Z ✔ satisfied() is false when the full level evidence predates a mutation (0.5101ms)
gateway-web	Run node city/test-all.mjs	2026-10-07T03:21:34.6026704Z ✔ satisfied() honours sinceAt and sinceMs against the clock (0.4857ms)
gateway-web	Run node city/test-all.mjs	2026-10-07T03:21:34.6027804Z ✔ satisfied() with an explicit level set answers only for those levels (0.2123ms)
gateway-web	Run node city/test-all.mjs	2026-10-07T03:21:34.6028856Z ✔ invalidate marks the levels stale and makes the gate refuse (0.911ms)
gateway-web	Run node city/test-all.mjs	2026-10-07T03:21:34.6029923Z ✔ invalidate drops only the evidence at or before its own timestamp (0.3795ms)
gateway-web	Run node city/test-all.mjs	2026-10-07T03:21:34.6031104Z ✔ noteMutation bounds freshness for a verifier that has no mutation log (0.3771ms)
gateway-web	Run node city/test-all.mjs	2026-10-07T03:21:34.6032194Z ✔ noteMutation keeps the newest time and counts every note (0.2407ms)
gateway-web	Run node city/test-all.mjs	2026-10-07T03:21:34.6033268Z ✔ evidence() reports when each level last ran and whether it is fresh (0.3396ms)
gateway-web	Run node city/test-all.mjs	2026-10-07T03:21:34.6034356Z ✔ freshAt() with no level answers when anything was last verified (0.2943ms)
gateway-web	Run node city/test-all.mjs	2026-10-07T03:21:34.6035421Z ✔ freshAt(level) refuses a level that never ran, failed, or aged out (0.2151ms)
gateway-web	Run node city/test-all.mjs	2026-10-07T03:21:34.6036657Z ✔ setDiscovery points the verifier at a new command table without rebuilding it (0.2975ms)
gateway-web	Run node city/test-all.mjs	2026-10-07T03:21:34.6037871Z ✔ the audit trail is bounded and every recorded run has the same shape (0.5226ms)
gateway-web	Run node city/test-all.mjs	2026-10-07T03:21:34.6038995Z ✔ createVerifier refuses to exist without a supervisor or a workspace (0.6926ms)
gateway-web	Run node city/test-all.mjs	2026-10-07T03:21:34.6040281Z ✔ the workspace and required levels are exposed without letting a caller mutate them (0.2112ms)
gateway-web	Run node city/test-all.mjs	2026-10-07T03:21:34.6041755Z ✔ the default truncation seam resolves the sibling checkpoint module and bounds real output (5.9709ms)
gateway-web	Run node city/test-all.mjs	2026-10-07T03:21:34.6043249Z ✔ parseTestSummary reads node --test TAP-ish output (0.1878ms)
gateway-web	Run node city/test-all.mjs	2026-10-07T03:21:34.6044189Z ✔ parseTestSummary reads Jest and Vitest output (0.4735ms)
gateway-web	Run node city/test-all.mjs	2026-10-07T03:21:34.6044986Z ✔ parseTestSummary reads pytest output (0.2369ms)
gateway-web	Run node city/test-all.mjs	2026-10-07T03:21:34.6045773Z ✔ parseTestSummary reads cargo test output (0.3403ms)
gateway-web	Run node city/test-all.mjs	2026-10-07T03:21:34.6046979Z ✔ parseTestSummary returns null for junk and never throws (0.1917ms)
gateway-web	Run node city/test-all.mjs	2026-10-07T03:21:34.6048098Z ✔ a summary field that is absent stays null and is never guessed at zero (0.4061ms)
gateway-web	Run node city/test-all.mjs	2026-10-07T03:21:34.6049281Z ✔ pytest reports at least one failure when the run failed without naming a count (0.1826ms)
gateway-web	Run node city/test-all.mjs	2026-10-07T03:21:34.6050692Z ✔ cargo reports at least one failure when the summary says FAILED but the count is elsewhere (0.2061ms)
gateway-web	Run node city/test-all.mjs	2026-10-07T03:21:34.6051938Z ✔ a Jest line that names no recognised clause is not a summary at all (0.1557ms)
gateway-web	Run node city/test-all.mjs	2026-10-07T03:21:34.6053132Z ✔ the summary parsers can be called on their own and each refuses foreign output (0.2641ms)
gateway-web	Run node city/test-all.mjs	2026-10-07T03:21:34.6054409Z ✔ splitCommand keeps a quoted argument together (0.2685ms)
gateway-web	Run node city/test-all.mjs	2026-10-07T03:21:34.6058537Z ✔ the refusal vocabulary is frozen and carries the donor's exact nine reasons (0.1619ms)
gateway-web	Run node city/test-all.mjs	2026-10-07T03:21:34.6060912Z ✔ an episode that meets every gate is COMPLETED with no reasons (0.9529ms)
gateway-web	Run node city/test-all.mjs	2026-10-07T03:21:34.6062945Z ✔ gate 1 — unsatisfied criteria refuse with the criteria reason (0.2489ms)
gateway-web	Run node city/test-all.mjs	2026-10-07T03:21:34.6064649Z ✔ gate 1 — an unknown criterion is not a satisfied one, even when satisfied is true (0.2218ms)
gateway-web	Run node city/test-all.mjs	2026-10-07T03:21:34.6066375Z ✔ gate 1 — a missing criteria evaluation is a refusal, not an assumption (0.1636ms)
gateway-web	Run node city/test-all.mjs	2026-10-07T03:21:34.6067626Z ✔ gate 2 — a required level that never ran refuses with its name (0.1946ms)
gateway-web	Run node city/test-all.mjs	2026-10-07T03:21:34.6068823Z ✔ gate 2 — a required level that ran and failed refuses with its name (0.1565ms)
gateway-web	Run node city/test-all.mjs	2026-10-07T03:21:34.6070160Z ✔ gate 2 — a contract that declares its own levels is believed over the default (0.2986ms)
gateway-web	Run node city/test-all.mjs	2026-10-07T03:21:34.6071580Z ✔ gate 2 — the donor's "no test level" escape hatch is unreachable, and that is preserved (0.462ms)
gateway-web	Run node city/test-all.mjs	2026-10-07T03:21:34.6072900Z ✔ gate 2 — requiredTestLevels mirrors the contract declaration (0.1893ms)
gateway-web	Run node city/test-all.mjs	2026-10-07T03:21:34.6074021Z ✔ gate 3 — evidence older than the last change is not fresh (0.2339ms)
gateway-web	Run node city/test-all.mjs	2026-10-07T03:21:34.6075451Z ✔ gate 3 — evidence at or after the last change is fresh, and a level without a timestamp is not judged (0.2159ms)
gateway-web	Run node city/test-all.mjs	2026-10-07T03:21:34.6076828Z ✔ gate 3 — a freshness window expires evidence against the clock (0.2951ms)
gateway-web	Run node city/test-all.mjs	2026-10-07T03:21:34.6078117Z ✔ gate 3 — the window is not consulted at all when there is no last-change timestamp (0.1554ms)
gateway-web	Run node city/test-all.mjs	2026-10-07T03:21:34.6079615Z ✔ gate 4 — a required build that did not run or pass refuses, and both spellings of the flag work (0.353ms)
gateway-web	Run node city/test-all.mjs	2026-10-07T03:21:34.6081182Z ✔ gate 5 — a required lint that did not run or pass refuses, and both spellings of the flag work (0.2607ms)
gateway-web	Run node city/test-all.mjs	2026-10-07T03:21:34.6082986Z ✔ gate 6 — an unresolved critical failure refuses and only the first ten are carried (0.2651ms)
gateway-web	Run node city/test-all.mjs	2026-10-07T03:21:34.6084400Z ✔ gate 6 — the gate judges the list it is handed, and the caller does the filtering (0.2899ms)
gateway-web	Run node city/test-all.mjs	2026-10-07T03:21:34.6085683Z ✔ unresolvedFailures keeps exactly the donor's critical classes (0.2945ms)
gateway-web	Run node city/test-all.mjs	2026-10-07T03:21:34.6086986Z ✔ gate 7 — a workspace that is no longer valid refuses with its own reason (0.2178ms)
gateway-web	Run node city/test-all.mjs	2026-10-07T03:21:34.6088302Z ✔ gate 7 — a workspace check is only made when one is supplied, and ok:true passes (0.1523ms)
gateway-web	Run node city/test-all.mjs	2026-10-07T03:21:34.6089545Z ✔ gate 8 — a leak count above zero refuses and names the offenders (0.3379ms)
gateway-web	Run node city/test-all.mjs	2026-10-07T03:21:34.6090719Z ✔ gate 9 — an episode that verified nothing is not a completed episode (0.1716ms)
gateway-web	Run node city/test-all.mjs	2026-10-07T03:21:34.6091906Z ✔ gate 9 — a command history alone is enough to have run something (0.1196ms)
gateway-web	Run node city/test-all.mjs	2026-10-07T03:21:34.6093040Z ✔ every refusal is reported at once, in the donor's gate order (0.216ms)
gateway-web	Run node city/test-all.mjs	2026-10-07T03:21:34.6094524Z ✔ the durable verdict is deterministic for the same input and clock (0.2049ms)
gateway-web	Run node city/test-all.mjs	2026-10-07T03:21:34.6095771Z ✔ the durable verdict has a stable shape whether it completes or refuses (0.221ms)
gateway-web	Run node city/test-all.mjs	2026-10-07T03:21:34.6097018Z ✔ collectLeaks asks each component and reports counts, not verdicts (0.3984ms)
gateway-web	Run node city/test-all.mjs	2026-10-07T03:21:34.6098466Z ✔ workspaceStillValid asks the filesystem, and a missing root is a refusal with the real error (1.439ms)
gateway-web	Run node city/test-all.mjs	2026-10-07T03:21:34.6099956Z ✔ the forbidden list and the default policy are frozen with the donor's contents (0.1359ms)
gateway-web	Run node city/test-all.mjs	2026-10-07T03:21:34.6101355Z ✔ every destructive command is refused before it reaches the shell (301.6741ms)
gateway-web	Run node city/test-all.mjs	2026-10-07T03:21:34.6102807Z ✔ an allowed verb is executed and answers with the real exit code (387.4355ms)
gateway-web	Run node city/test-all.mjs	2026-10-07T03:21:34.6104029Z ✔ status separates untracked, staged, modified and conflicted files (1337.2791ms)
gateway-web	Run node city/test-all.mjs	2026-10-07T03:21:34.6105270Z ✔ status reports the failure instead of pretending the tree is clean (62.8236ms)
gateway-web	Run node city/test-all.mjs	2026-10-07T03:21:34.6106464Z ✔ head reports the branch, the sha and whether HEAD is detached (839.2652ms)
gateway-web	Run node city/test-all.mjs	2026-10-07T03:21:34.6107520Z ✔ diff is bounded and the staged diff is the cached one (741.9316ms)
gateway-web	Run node city/test-all.mjs	2026-10-07T03:21:34.6108971Z ✔ stage takes explicit paths only, and refuses an empty list (450.4651ms)
gateway-web	Run node city/test-all.mjs	2026-10-07T03:21:34.6110486Z ✔ commit refuses by default, refuses without a message, and works only when the contract allows it (1068.6598ms)
gateway-web	Run node city/test-all.mjs	2026-10-07T03:21:34.6111994Z ✔ a commit with nothing staged fails on git's own refusal, not on a rewritten one (683.3316ms)
gateway-web	Run node city/test-all.mjs	2026-10-07T03:21:34.6113252Z ✔ push and merge are refused unless the contract says otherwise (316.623ms)
gateway-web	Run node city/test-all.mjs	2026-10-07T03:21:34.6114311Z ✔ drift names exactly what moved since the baseline (1589.4705ms)
gateway-web	Run node city/test-all.mjs	2026-10-07T03:21:34.6115407Z ✔ the command history is bounded to the last two hundred entries (11241.6216ms)
gateway-web	Run node city/test-all.mjs	2026-10-07T03:21:34.6116428Z ✔ the exported vocabularies are the donor's (0.2093ms)
gateway-web	Run node city/test-all.mjs	2026-10-07T03:21:34.6117417Z ✔ an incomplete registry identity is refused at construction (4.4269ms)
gateway-web	Run node city/test-all.mjs	2026-10-07T03:21:34.6118692Z ✔ a registry that failed to initialize refuses every operation with the same error (1.5246ms)
gateway-web	Run node city/test-all.mjs	2026-10-07T03:21:34.6120350Z ✔ a scratch path on the work volume is not cross-volume material, and the path is judged before the purpose (1.6608ms)
gateway-web	Run node city/test-all.mjs	2026-10-07T03:21:34.6121665Z ✔ cleanup is a no-op until the episode is terminal (1.336ms)
gateway-web	Run node city/test-all.mjs	2026-10-07T03:21:34.6123053Z ✔ a cleaned registry with nothing registered proves an empty cleanup (0.9921ms)
gateway-web	Run node city/test-all.mjs	2026-10-07T03:21:34.6124260Z ✔ retrying cleanup debt is the terminal cleanup under its own reason (1.1691ms)
gateway-web	Run node city/test-all.mjs	2026-10-07T03:21:34.6125657Z ✔ a restored registration is validated against the episode, the work root and its own type (11.0364ms)
gateway-web	Run node city/test-all.mjs	2026-10-07T03:21:34.6127174Z ✔ the registry deep-copies what it hands out, so a caller cannot edit its own ledger (1.0482ms)
gateway-web	Run node city/test-all.mjs	2026-10-07T03:21:34.6128550Z ✔ §41 CR-01 a compiler failure parses into a step, a diagnostic and an exit code (1.6104ms)
gateway-web	Run node city/test-all.mjs	2026-10-07T03:21:34.6129925Z ✔ §41 CR-02 a test failure parses into the failing test name and keeps the assertion (0.3114ms)
gateway-web	Run node city/test-all.mjs	2026-10-07T03:21:34.6131130Z ✔ the exit-code wrapper is never mistaken for an assertion (0.3838ms)
gateway-web	Run node city/test-all.mjs	2026-10-07T03:21:34.6132328Z ✔ a second assertion for the same test becomes an annotation, not an overwrite (0.2582ms)
gateway-web	Run node city/test-all.mjs	2026-10-07T03:21:34.6133463Z ✔ an assertion with no pending test is an annotation (0.2526ms)
gateway-web	Run node city/test-all.mjs	2026-10-07T03:21:34.6134335Z ✔ the alternate diagnostic form is read too (0.235ms)
gateway-web	Run node city/test-all.mjs	2026-10-07T03:21:34.6135266Z ✔ commands are de-duplicated and ANSI colour is stripped (0.2509ms)
gateway-web	Run node city/test-all.mjs	2026-10-07T03:21:34.6136291Z ✔ the annotation list is capped at twenty exit-code lines (0.275ms)
gateway-web	Run node city/test-all.mjs	2026-10-07T03:21:34.6137617Z ✔ the twenty-line cap does not apply to assertion lines, and the donor does not pretend it does (0.2474ms)
gateway-web	Run node city/test-all.mjs	2026-10-07T03:21:34.6139048Z ✔ a log with nothing recognisable parses honestly empty and invents no cause (0.3272ms)
gateway-web	Run node city/test-all.mjs	2026-10-07T03:21:34.6140788Z ✔ log_bytes counts UTF-8 bytes, not characters (0.6393ms)
gateway-web	Run node city/test-all.mjs	2026-10-07T03:21:34.6141869Z ✔ the signature identifies the failure and moves when the failure moves (0.3593ms)
gateway-web	Run node city/test-all.mjs	2026-10-07T03:21:34.6143082Z ✔ the signature is a sha256 of the donor's exact identity payload (0.3504ms)
gateway-web	Run node city/test-all.mjs	2026-10-07T03:21:34.6144280Z ✔ CI could not start is reported as infrastructure, not as a code failure (0.2901ms)
gateway-web	Run node city/test-all.mjs	2026-10-07T03:21:34.6145423Z ✔ a recognisable failure is never called infrastructure (0.2657ms)
gateway-web	Run node city/test-all.mjs	2026-10-07T03:21:34.6146648Z ✔ §41 CR-03 a compiler failure is BUILD and its local gate is the typecheck (4.2637ms)
gateway-web	Run node city/test-all.mjs	2026-10-07T03:21:34.6147727Z ✔ §41 CR-03 a test failure is TEST with the unit gate (1.1793ms)
gateway-web	Run node city/test-all.mjs	2026-10-07T03:21:34.6148875Z ✔ the local gate table is the donor's, and an unmappable class has no gate at all (0.8792ms)
gateway-web	Run node city/test-all.mjs	2026-10-07T03:21:34.6150108Z ✔ §41 CR-05 a prohibited CI failure goes straight to the Hard Blocker (0.57ms)
gateway-web	Run node city/test-all.mjs	2026-10-07T03:21:34.6151280Z ✔ the loop is bounded by §33.2's budgets, not by a counter invented here (0.7277ms)
gateway-web	Run node city/test-all.mjs	2026-10-07T03:21:34.6152435Z ✔ a NOT_APPLICABLE attempt does not spend a recovery budget (0.2699ms)
gateway-web	Run node city/test-all.mjs	2026-10-07T03:21:34.6153511Z ✔ a class with no local gate is a retry, and the plan says so (0.8534ms)
gateway-web	Run node city/test-all.mjs	2026-10-07T03:21:34.6154906Z ✔ §41 CR-04 only a green CI read counts, and a failed read is not a pass (0.2354ms)
gateway-web	Run node city/test-all.mjs	2026-10-07T03:21:34.6155986Z ✔ §41 the loop ends at PASS, at a Hard Blocker, or not yet (0.1806ms)
gateway-web	Run node city/test-all.mjs	2026-10-07T03:21:34.6157091Z ✔ the CI-repair plan is deterministic for the same log and attempts (0.4662ms)
gateway-web	Run node city/test-all.mjs	2026-10-07T03:21:34.6158279Z ✔ ci-repair needs no clock, no filesystem and no network to decide (0.1788ms)
gateway-web	Run node city/test-all.mjs	2026-10-07T03:21:34.6159671Z ✔ the correctable field list is the donor's eight text fields, and excludes the structured evidence (0.4616ms)
gateway-web	Run node city/test-all.mjs	2026-10-07T03:21:34.6161422Z ✔ a correction replaces only its own field and leaves the rest of the draft alone (0.2197ms)
gateway-web	Run node city/test-all.mjs	2026-10-07T03:21:34.6162746Z ✔ the latest correction per field wins, whatever order the list arrives in (0.1518ms)
gateway-web	Run node city/test-all.mjs	2026-10-07T03:21:34.6164095Z ✔ two corrections with the same timestamp resolve to the later one in the list (0.1285ms)
gateway-web	Run node city/test-all.mjs	2026-10-07T03:21:34.6165405Z ✔ several fields can be corrected at once, each from its own latest entry (0.1906ms)
gateway-web	Run node city/test-all.mjs	2026-10-07T03:21:34.6166876Z ✔ a blank correction is ignored, and a draft nobody corrected is returned unchanged by identity (0.2309ms)
gateway-web	Run node city/test-all.mjs	2026-10-07T03:21:34.6168368Z ✔ a blank correction for one field does not suppress a real correction for another (0.139ms)
gateway-web	Run node city/test-all.mjs	2026-10-07T03:21:34.6169528Z ✔ the donor does not filter corrections by cluster key (0.1219ms)
gateway-web	Run node city/test-all.mjs	2026-10-07T03:21:34.6170568Z ✔ fields the draft does not have are carried through untouched (0.2405ms)
gateway-web	Run node city/test-all.mjs	2026-10-07T03:21:34.6171629Z ✔ applying the same corrections twice is deterministic (0.1635ms)
gateway-web	Run node city/test-all.mjs	2026-10-07T03:21:34.6172668Z ✔ the action sets and the state vocabulary are the donor sets (1.8769ms)
gateway-web	Run node city/test-all.mjs	2026-10-07T03:21:34.6173708Z ✔ every AUTO_ACTION waits and auto-resumes (0.5283ms)
gateway-web	Run node city/test-all.mjs	2026-10-07T03:21:34.6174633Z ✔ every PAUSED_ACTION pauses and must not auto-resume (0.1953ms)
gateway-web	Run node city/test-all.mjs	2026-10-07T03:21:34.6175609Z ✔ an action in neither set is ACTIVE and auto-resumes (0.3537ms)
gateway-web	Run node city/test-all.mjs	2026-10-07T03:21:34.6176742Z ✔ a falsy reason falls back to that state default, a real reason is kept (0.2338ms)
gateway-web	Run node city/test-all.mjs	2026-10-07T03:21:34.6177782Z ✔ retryAt is present only when it was defined (0.3947ms)
gateway-web	Run node city/test-all.mjs	2026-10-07T03:21:34.6178839Z ✔ updatedAt is the injected clock in ISO form, and the clock is required (0.7884ms)
gateway-web	Run node city/test-all.mjs	2026-10-07T03:21:34.6180117Z ✔ pausedForProvider pauses, never auto-resumes and never writes a deadline (0.3958ms)
gateway-web	Run node city/test-all.mjs	2026-10-07T03:21:34.6181408Z ✔ the three labels are the donor labels (0.467ms)
gateway-web	Run node city/test-all.mjs	2026-10-07T03:21:34.6182465Z ✔ providerStateRecord validates the donor shape instead of repairing it (0.9152ms)
gateway-web	Run node city/test-all.mjs	2026-10-07T03:21:34.6183719Z ✔ the availability vocabulary is the donor ten, in the donor order (2.1663ms)
gateway-web	Run node city/test-all.mjs	2026-10-07T03:21:34.6184957Z ✔ isRuntimeAvailable: exactly one of the ten values is available (0.3613ms)
gateway-web	Run node city/test-all.mjs	2026-10-07T03:21:34.6186474Z ✔ isRuntimeAvailable refuses a value outside the ten-value vocabulary (0.7047ms)
gateway-web	Run node city/test-all.mjs	2026-10-07T03:21:34.6187724Z ✔ unsupportedRuntime keeps the donor identity and capability defaults (0.7643ms)
gateway-web	Run node city/test-all.mjs	2026-10-07T03:21:34.6194231Z ✔ unsupportedRuntime.healthCheck reports UNSUPPORTED with the donor message and injected time (1.8522ms)
gateway-web	Run node city/test-all.mjs	2026-10-07T03:21:34.6195766Z ✔ unsupportedRuntime.execute refuses permanently and is not retryable (1.7474ms)
gateway-web	Run node city/test-all.mjs	2026-10-07T03:21:34.6197126Z ✔ providerRuntimeAdapter refuses an id without the web: prefix, with the donor message (1.0411ms)
gateway-web	Run node city/test-all.mjs	2026-10-07T03:21:34.6198390Z ✔ providerRuntimeAdapter accepts a web: id and declares kind web (1.173ms)
gateway-web	Run node city/test-all.mjs	2026-10-07T03:21:34.6199653Z ✔ providerRuntimeAdapter merges the donor all-seven-role default with no override (0.4732ms)
gateway-web	Run node city/test-all.mjs	2026-10-07T03:21:34.6201363Z ✔ providerRuntimeAdapter applies a partial override and keeps the untouched defaults (0.771ms)
gateway-web	Run node city/test-all.mjs	2026-10-07T03:21:34.6202527Z ✔ healthCheck and execute delegate to the injected hooks (1.4428ms)
gateway-web	Run node city/test-all.mjs	2026-10-07T03:21:34.6203573Z ✔ cancel delegates to the hook and resolves when no hook is supplied (0.348ms)
gateway-web	Run node city/test-all.mjs	2026-10-07T03:21:34.6204732Z ✔ a missing healthCheck/execute hook fails at the call, not at construction (0.4264ms)
gateway-web	Run node city/test-all.mjs	2026-10-07T03:21:34.6206306Z ✔ runtimeRequest copies the donor fields and keeps optionals absent when not supplied (0.5429ms)
gateway-web	Run node city/test-all.mjs	2026-10-07T03:21:34.6207593Z ✔ runtimeFailure keeps the donor field shapes and the conditional retryAt (0.3321ms)
gateway-web	Run node city/test-all.mjs	2026-10-07T03:21:34.6208767Z ✔ runtimeResult keeps the four statuses and the optional donor fields (0.9054ms)
gateway-web	Run node city/test-all.mjs	2026-10-07T03:21:34.6209874Z ✔ provider usage never invents a number the provider did not report (0.3194ms)
gateway-web	Run node city/test-all.mjs	2026-10-07T03:21:34.6211003Z ✔ runtimeHealth and runtimeMetrics are validated, not repaired (0.3588ms)
gateway-web	Run node city/test-all.mjs	2026-10-07T03:21:34.6212033Z ✔ the module reads no ambient clock, environment or randomness (18.314ms)
gateway-web	Run node city/test-all.mjs	2026-10-07T03:21:34.6212960Z ✔ an unknown runtime is CLOSED and is never listed (4.1811ms)
gateway-web	Run node city/test-all.mjs	2026-10-07T03:21:34.6213891Z ✔ the donor defaults are a threshold of 3 and a 60 s cooldown (0.9896ms)
gateway-web	Run node city/test-all.mjs	2026-10-07T03:21:34.6214911Z ✔ failureThreshold is clamped to 1..20 and a non-integer throws (1.6479ms)
gateway-web	Run node city/test-all.mjs	2026-10-07T03:21:34.6258412Z ✔ cooldownMs is clamped to 1..604800000 and a non-integer throws (0.4937ms)
gateway-web	Run node city/test-all.mjs	2026-10-07T03:21:34.6259589Z ✔ the clock is the caller’s, and there is no built-in one (0.3419ms)
gateway-web	Run node city/test-all.mjs	2026-10-07T03:21:34.6260864Z ✔ CLOSED reaches OPEN exactly at the failure threshold, and not before (0.7248ms)
gateway-web	Run node city/test-all.mjs	2026-10-07T03:21:34.6262692Z ✔ isOpen is true only while the reported state is OPEN (0.3713ms)
gateway-web	Run node city/test-all.mjs	2026-10-07T03:21:34.6264008Z ✔ HALF_OPEN appears exactly at the cooldown boundary (0.4351ms)
gateway-web	Run node city/test-all.mjs	2026-10-07T03:21:34.6265161Z ✔ a failure while OPEN inside the cooldown stays OPEN and leaves openedAt unchanged (0.5329ms)
gateway-web	Run node city/test-all.mjs	2026-10-07T03:21:34.6266426Z ✔ HALF_OPEN admits at most one probe, and the probe counter is per runtime (0.9678ms)
gateway-web	Run node city/test-all.mjs	2026-10-07T03:21:34.6267619Z ✔ a verified success closes the breaker and clears the streak and the probe (1.3556ms)
gateway-web	Run node city/test-all.mjs	2026-10-07T03:21:34.6269246Z ✔ a verified success also closes a record that is still stored OPEN but past its cooldown (0.2949ms)
gateway-web	Run node city/test-all.mjs	2026-10-07T03:21:34.6270554Z ✔ a failed probe reopens with a fresh cooldown and the streak at the threshold (0.4014ms)
gateway-web	Run node city/test-all.mjs	2026-10-07T03:21:34.6271743Z ✔ cancelProbe frees a consumed probe without changing breaker state (0.5511ms)
gateway-web	Run node city/test-all.mjs	2026-10-07T03:21:34.6272894Z ✔ reset removes the record and the probe, so the runtime is CLOSED again (0.631ms)
gateway-web	Run node city/test-all.mjs	2026-10-07T03:21:34.6274340Z ✔ list reports each runtime’s current state and streak (0.339ms)
gateway-web	Run node city/test-all.mjs	2026-10-07T03:21:34.6275650Z ✔ a snapshot restores exactly, and the effective options travel with it (0.6035ms)
gateway-web	Run node city/test-all.mjs	2026-10-07T03:21:34.6276812Z ✔ a malformed snapshot throws instead of being repaired (1.0435ms)
gateway-web	Run node city/test-all.mjs	2026-10-07T03:21:34.6278077Z ✔ the value-level calls return new state and never mutate the state they were given (0.551ms)
gateway-web	Run node city/test-all.mjs	2026-10-07T03:21:34.6279317Z ✔ only the six provider-technical kinds trip the breaker (0.3023ms)
gateway-web	Run node city/test-all.mjs	2026-10-07T03:21:34.6280593Z ✔ one broken runtime does not disturb another (0.234ms)
gateway-web	Run node city/test-all.mjs	2026-10-07T03:21:34.6281818Z ✔ an option that cannot be an integer fails closed (0.3482ms)
gateway-web	Run node city/test-all.mjs	2026-10-07T03:21:34.6282940Z ✔ a caller-supplied file path is not part of this module’s shape (0.2311ms)
gateway-web	Run node city/test-all.mjs	2026-10-07T03:21:34.6284109Z ✔ covers all 11 semantic outcomes with a continuous axis mapping (2.0698ms)
gateway-web	Run node city/test-all.mjs	2026-10-07T03:21:34.6285217Z ✔ A02: runtime SUCCESS + normal completion ⇒ FULL_COMPLETION (1.1211ms)
gateway-web	Run node city/test-all.mjs	2026-10-07T03:21:34.6286529Z ✔ A03: runtime SUCCESS + explicit refusal ⇒ HARD_REFUSAL without being a runtime failure (0.2184ms)
gateway-web	Run node city/test-all.mjs	2026-10-07T03:21:34.6287842Z ✔ A04: partial completion and partial refusal are distinguishable (0.2379ms)
gateway-web	Run node city/test-all.mjs	2026-10-07T03:21:34.6289021Z ✔ A05: runtime TIMEOUT ⇒ UNCLASSIFIED with no restriction penalty (0.299ms)
gateway-web	Run node city/test-all.mjs	2026-10-07T03:21:34.6290059Z ✔ A06: AUTH_REQUIRED ⇒ no capability/restriction penalty (0.2814ms)
gateway-web	Run node city/test-all.mjs	2026-10-07T03:21:34.6291047Z ✔ A07: PAGE_CHANGED ⇒ no semantic negative evidence (0.1653ms)
gateway-web	Run node city/test-all.mjs	2026-10-07T03:21:34.6292142Z ✔ A08: goal drift is recorded when the worker silently changes scope (1.2391ms)
gateway-web	Run node city/test-all.mjs	2026-10-07T03:21:34.6293272Z ✔ format failure is distinguished from provider restriction (0.3199ms)
gateway-web	Run node city/test-all.mjs	2026-10-07T03:21:34.6294787Z ✔ deterministic verification failure outranks provider behaviour signals (0.4037ms)
gateway-web	Run node city/test-all.mjs	2026-10-07T03:21:34.6296162Z ✔ an unobservable success is UNCLASSIFIED rather than a fabricated completion (0.2704ms)
gateway-web	Run node city/test-all.mjs	2026-10-07T03:21:34.6297250Z ✔ classifies runtime codes as non-semantic (0.2807ms)
gateway-web	Run node city/test-all.mjs	2026-10-07T03:21:34.6298317Z ✔ a SUCCESS that also carries a non-semantic code is still not model behaviour (0.4357ms)
gateway-web	Run node city/test-all.mjs	2026-10-07T03:21:34.6299917Z ✔ a runtime failure with no listed code is still excluded, and says so (0.2959ms)
gateway-web	Run node city/test-all.mjs	2026-10-07T03:21:34.6301289Z ✔ selection precedence between the non-failure signals is the donor’s (0.3701ms)
gateway-web	Run node city/test-all.mjs	2026-10-07T03:21:34.6302520Z ✔ an injected evaluator version is stamped on every classification (0.2647ms)
gateway-web	Run node city/test-all.mjs	2026-10-07T03:21:34.6303836Z ✔ detectGoalDrift reports scope-change markers and unaddressed deliverables (0.8282ms)
gateway-web	Run node city/test-all.mjs	2026-10-07T03:21:34.6305244Z ✔ createEvaluationRevision appends a revision without overwriting the original (0.2694ms)
gateway-web	Run node city/test-all.mjs	2026-10-07T03:21:34.6306495Z ✔ semanticEvaluation validates and copies an evaluation (1.4492ms)
gateway-web	Run node city/test-all.mjs	2026-10-07T03:21:34.6307797Z ✔ catalog describes source resolution and preview without promising installation (18.2732ms)
gateway-web	Run node city/test-all.mjs	2026-10-07T03:21:34.6309055Z ✔ GitHub reference parsing matches the donor (6.1328ms)
gateway-web	Run node city/test-all.mjs	2026-10-07T03:21:34.6310095Z ✔ archive planning and the resolution plan match the donor ordering (1.6148ms)
gateway-web	Run node city/test-all.mjs	2026-10-07T03:21:34.6311349Z ✔ a resolved plan is offline only: no download happens and none is planned (0.6069ms)
gateway-web	Run node city/test-all.mjs	2026-10-07T03:21:34.6312672Z ✔ the tiered scanner resolves bundles, collections, siblings and flat files (16.6263ms)
gateway-web	Run node city/test-all.mjs	2026-10-07T03:21:34.6313926Z ✔ the scanner is deterministic over an injected in-memory tree (3.4892ms)
gateway-web	Run node city/test-all.mjs	2026-10-07T03:21:34.6315014Z ✔ a scanned skill is validated by this module's own parser (2.7047ms)
gateway-web	Run node city/test-all.mjs	2026-10-07T03:21:34.6316251Z ✔ the curated catalog searches offline and degrades a failed live search (12.5471ms)
gateway-web	Run node city/test-all.mjs	2026-10-07T03:21:34.6317550Z ✔ the module never writes a runtime file and never installs or downloads (13.3347ms)
gateway-web	Run node city/test-all.mjs	2026-10-07T03:21:34.6318574Z ✔ skill name grammar matches the donor (1.6466ms)
gateway-web	Run node city/test-all.mjs	2026-10-07T03:21:34.6319973Z ✔ frontmatter parsing reads the donor subset (metadata, whenToUse, invocation) (2.7358ms)
gateway-web	Run node city/test-all.mjs	2026-10-07T03:21:34.6321278Z ✔ malformed frontmatter is rejected with a reason, never guessed (0.3022ms)
gateway-web	Run node city/test-all.mjs	2026-10-07T03:21:34.6322406Z ✔ rendering round-trips through the parser like the donor (0.5226ms)
gateway-web	Run node city/test-all.mjs	2026-10-07T03:21:34.6323690Z ✔ the highest-level analysis accepts a valid document and rejects an oversized one (1.0467ms)
gateway-web	Run node city/test-all.mjs	2026-10-07T03:21:34.6325003Z ✔ the tar reader lists regular files and directories like the donor (2.55ms)
gateway-web	Run node city/test-all.mjs	2026-10-07T03:21:34.6325992Z ✔ traversal and absolute paths are refused (2.0042ms)
gateway-web	Run node city/test-all.mjs	2026-10-07T03:21:34.6327288Z ✔ symlinks, hardlinks and devices are refused, never accepted (0.6748ms)
gateway-web	Run node city/test-all.mjs	2026-10-07T03:21:34.6328483Z ✔ byte and entry caps stop a zip-bomb sized archive and a flood of entries (2.319ms)
gateway-web	Run node city/test-all.mjs	2026-10-07T03:21:34.6329590Z ✔ gzip is detected and decompressed transparently (2.2129ms)
gateway-web	Run node city/test-all.mjs	2026-10-07T03:21:34.6330629Z ✔ a corrupt header checksum is refused instead of being misread (0.4492ms)
gateway-web	Run node city/test-all.mjs	2026-10-07T03:21:34.6331884Z ✔ the module is self-contained: built-ins only, no donor checkout dependency (22.0917ms)
gateway-web	Run node city/test-all.mjs	2026-10-07T03:21:34.6333266Z ✔ provenance stays honest: DONOR.json pins the donor and records the adaptation (2.8914ms)
gateway-web	Run node city/test-all.mjs	2026-10-07T03:21:34.6334572Z ✔ dshBin keeps the donor path shape and follows the injected app root (2.2826ms)
gateway-web	Run node city/test-all.mjs	2026-10-07T03:21:34.6335696Z ✔ nodeExecutable is the donor rule env.DSH_NODE || node (0.3164ms)
gateway-web	Run node city/test-all.mjs	2026-10-07T03:21:34.6336866Z ✔ childEnv sets exactly the donor keys, with the donor defaults and order (1.0594ms)
gateway-web	Run node city/test-all.mjs	2026-10-07T03:21:34.6338156Z ✔ childEnv never mutates the ambient environment and returns a fresh object (0.5138ms)
gateway-web	Run node city/test-all.mjs	2026-10-07T03:21:34.6340145Z ✔ childEnv lets the ambient mode variables win over the defaults, and spreads overrides last (0.4729ms)
gateway-web	Run node city/test-all.mjs	2026-10-07T03:21:34.6341729Z ✔ startJob builds the donor argv, cwd, stdio and pipes, and returns {child, pid, logFile} (1.0318ms)
gateway-web	Run node city/test-all.mjs	2026-10-07T03:21:34.6343151Z ✔ startJob honours an explicit logFile (0.4814ms)
gateway-web	Run node city/test-all.mjs	2026-10-07T03:21:34.6344396Z ✔ startJob passes permissionMode through as DSH_PERMISSION_MODE, and omits it otherwise (1.6489ms)
gateway-web	Run node city/test-all.mjs	2026-10-07T03:21:34.6345912Z ✔ startJob pipes into the log stream it opened, so the child records to that file (0.4778ms)
gateway-web	Run node city/test-all.mjs	2026-10-07T03:21:34.6347248Z ✔ killTree spawns taskkill.exe with the donor argv for a numeric pid (0.5147ms)
gateway-web	Run node city/test-all.mjs	2026-10-07T03:21:34.6348548Z ✔ killTree stringifies a non-numeric pid and spawns nothing for a falsy one (0.3157ms)
gateway-web	Run node city/test-all.mjs	2026-10-07T03:21:34.6349877Z ✔ killTree swallows a synchronous spawn throw, as the donor empty catch did (0.4419ms)
gateway-web	Run node city/test-all.mjs	2026-10-07T03:21:34.6351155Z ✔ index.mjs re-exports the runner factory and the closed vocabularies (0.2467ms)
gateway-web	Run node city/test-all.mjs	2026-10-07T03:21:34.6352480Z ✔ the module is self-contained: built-ins only, no donor checkout dependency (16.8628ms)
gateway-web	Run node city/test-all.mjs	2026-10-07T03:21:34.6353862Z ✔ provenance stays honest: DONOR.json pins the donor and records the deferrals (2.2069ms)
gateway-web	Run node city/test-all.mjs	2026-10-07T03:21:34.6355118Z ✔ the contract carries the donor vocabulary, in the donor order (2.8266ms)
gateway-web	Run node city/test-all.mjs	2026-10-07T03:21:34.6356376Z ✔ factories copy on construct: mutating a result never touches the vocabulary (0.4763ms)
gateway-web	Run node city/test-all.mjs	2026-10-07T03:21:34.6357691Z ✔ validators refuse invalid input instead of turning it into valid input (0.5868ms)
gateway-web	Run node city/test-all.mjs	2026-10-07T03:21:34.6358877Z ✔ every status lands in exactly one of the three status classes (0.497ms)
gateway-web	Run node city/test-all.mjs	2026-10-07T03:21:34.6360118Z ✔ normalizeStatus trims and upper-cases (0.3468ms)
gateway-web	Run node city/test-all.mjs	2026-10-07T03:21:34.6361248Z ✔ terminalState classifies all six persisted spellings and refuses the rest (0.283ms)
gateway-web	Run node city/test-all.mjs	2026-10-07T03:21:34.6362595Z ✔ persistedStatusFor keeps the persisted vocabulary backward compatible (0.2825ms)
gateway-web	Run node city/test-all.mjs	2026-10-07T03:21:34.6363969Z ✔ statusLabel names the three canonical states and falls back to Terminated (0.2053ms)
gateway-web	Run node city/test-all.mjs	2026-10-07T03:21:34.6365137Z ✔ firstLine returns the first non-empty trimmed line (1.4354ms)
gateway-web	Run node city/test-all.mjs	2026-10-07T03:21:34.6366350Z ✔ truncate collapses whitespace and reserves one character for the ellipsis (0.63ms)
gateway-web	Run node city/test-all.mjs	2026-10-07T03:21:34.6367433Z ✔ taskDisplayName walks the donor candidate order (0.5321ms)
gateway-web	Run node city/test-all.mjs	2026-10-07T03:21:34.6368480Z ✔ errorSummary joins code and message, degrades to JSON, and never throws (0.9396ms)
gateway-web	Run node city/test-all.mjs	2026-10-07T03:21:34.6369678Z ✔ shortResult formats Xs / Xm Ys / Xh Ym and refuses incomplete tasks (0.3057ms)
gateway-web	Run node city/test-all.mjs	2026-10-07T03:21:34.6371013Z ✔ terminalEpoch truncates a positive instant and collapses everything else to 0 (0.2658ms)
gateway-web	Run node city/test-all.mjs	2026-10-07T03:21:34.6372378Z ✔ terminalKey is <id>#<state>#<epoch>, including the epoch-0 case (0.3547ms)
gateway-web	Run node city/test-all.mjs	2026-10-07T03:21:34.6373527Z ✔ buildTerminalEvent builds the full COMPLETED payload (0.5561ms)
gateway-web	Run node city/test-all.mjs	2026-10-07T03:21:34.6375031Z ✔ buildTerminalEvent builds the full FAILED_FINAL payload with its error (0.2689ms)
gateway-web	Run node city/test-all.mjs	2026-10-07T03:21:34.6376348Z ✔ buildTerminalEvent keeps the null-vs-zero distinctions of the donor (0.3906ms)
gateway-web	Run node city/test-all.mjs	2026-10-07T03:21:34.6377941Z ✔ buildTerminalEvent defaults the source and lets the caller override it (0.4707ms)
gateway-web	Run node city/test-all.mjs	2026-10-07T03:21:34.6379372Z ✔ buildTerminalEvent takes its clock as a parameter and is deterministic without one (0.3328ms)
gateway-web	Run node city/test-all.mjs	2026-10-07T03:21:34.6381231Z ✔ buildTerminalEvent falls back to CANCELLED and carries the reason verbatim (0.249ms)
gateway-web	Run node city/test-all.mjs	2026-10-07T03:21:34.6382539Z ✔ buildTerminalEvent tolerates a non-task and always names one (0.1653ms)
gateway-web	Run node city/test-all.mjs	2026-10-07T03:21:34.6383662Z ✔ index.mjs is the one export site for this module (0.1412ms)
gateway-web	Run node city/test-all.mjs	2026-10-07T03:21:34.6386500Z ﹣ the port matches the compiled donor on every scripted and seeded scenario (2.1746ms) # donor build absent at D:\a\utopia\utopia\.runtime\evidence\mission-book\MB-005\donor-health\lib\index.js; build it per the header of this file to run the differential parity check
gateway-web	Run node city/test-all.mjs	2026-10-07T03:21:34.6389168Z ✔ the canonical registry is sorted, unique, complete and prototype-safe (4.5798ms)
gateway-web	Run node city/test-all.mjs	2026-10-07T03:21:34.6390524Z ✔ hard physical bounds are declared exactly where the donor declared them (0.2241ms)
gateway-web	Run node city/test-all.mjs	2026-10-07T03:21:34.6392030Z ✔ the dimension dispatch table covers every canonical metric with two named exceptions (0.2896ms)
gateway-web	Run node city/test-all.mjs	2026-10-07T03:21:34.6393470Z ✔ the three shipped preset documents are the documents the code builds (2.4437ms)
gateway-web	Run node city/test-all.mjs	2026-10-07T03:21:34.6394753Z ✔ ramp endpoints come from polarity, never from the written order (0.3786ms)
gateway-web	Run node city/test-all.mjs	2026-10-07T03:21:34.6395942Z ✔ the ramp is linear, rounded to an integer, and clamped at both ends (0.4273ms)
gateway-web	Run node city/test-all.mjs	2026-10-07T03:21:34.6397185Z ✔ a lower-is-worse band ramps the other way and tolerates either written order (0.3071ms)
gateway-web	Run node city/test-all.mjs	2026-10-07T03:21:34.6398422Z ✔ an unknown value scores null and levels as unknown, never as none (0.3594ms)
gateway-web	Run node city/test-all.mjs	2026-10-07T03:21:34.6399457Z ✔ the level boundaries are exactly 0 / 35 / 65 / 85 (0.3091ms)
gateway-web	Run node city/test-all.mjs	2026-10-07T03:21:34.6400881Z ✔ the sustain gate holds a spike at zero and opens exactly at the configured duration (0.5473ms)
gateway-web	Run node city/test-all.mjs	2026-10-07T03:21:34.6401990Z ✔ band identity is derived the same way the store times it (0.334ms)
gateway-web	Run node city/test-all.mjs	2026-10-07T03:21:34.6403095Z ✔ a ratio above 1 and at most 1.5 clamps to 1 with a violation, not a rejection (0.6125ms)
gateway-web	Run node city/test-all.mjs	2026-10-07T03:21:34.6403911Z ✔ a ratio above 1.5 is rejected as above_hard_max (0.204ms)
gateway-web	Run node city/test-all.mjs	2026-10-07T03:21:34.6404519Z ✔ impossible physical values are rejected below and above the hard bound (0.4239ms)
gateway-web	Run node city/test-all.mjs	2026-10-07T03:21:34.6405287Z ✔ a value just outside the hard bound is snapped rather than rejected (the 1e-9 tolerance) (0.2871ms)
gateway-web	Run node city/test-all.mjs	2026-10-07T03:21:34.6406110Z ✔ non-numbers, NaN and Infinity are violations and the survivors come back name-sorted (0.3143ms)
gateway-web	Run node city/test-all.mjs	2026-10-07T03:21:34.6406900Z ✔ a non-canonical metric name is a violation, and an absent metric is never invented (0.2476ms)
gateway-web	Run node city/test-all.mjs	2026-10-07T03:21:34.6407701Z ✔ window statistics are exact, and a metric with no data has null statistics rather than zeros (3.1243ms)
gateway-web	Run node city/test-all.mjs	2026-10-07T03:21:34.6408432Z ✔ the raw retention floor is raised to the longest configured window (1.5192ms)
gateway-web	Run node city/test-all.mjs	2026-10-07T03:21:34.6409042Z ✔ band timing restarts on a band change and on leaving every band (0.607ms)
gateway-web	Run node city/test-all.mjs	2026-10-07T03:21:34.6409788Z ✔ recording a bag declares band identity, so the sustain gate times the data not the question (0.5817ms)
gateway-web	Run node city/test-all.mjs	2026-10-07T03:21:34.6410624Z ✔ the store is bounded: raw points and buckets are pruned by construction (12.0668ms)
gateway-web	Run node city/test-all.mjs	2026-10-07T03:21:34.6411412Z ✔ daily summaries are per local calendar day, weighted by sample count, metrics sorted (8.2481ms)
gateway-web	Run node city/test-all.mjs	2026-10-07T03:21:34.6412151Z ✔ a sustained leak is a trusted worsening trend with an exact slope and R² (1.4252ms)
gateway-web	Run node city/test-all.mjs	2026-10-07T03:21:34.6412824Z ✔ noise is not trusted, and polarity decides which direction is worsening (0.8956ms)
gateway-web	Run node city/test-all.mjs	2026-10-07T03:21:34.6413416Z ✔ the trend gates produce unknown rather than a guess (0.3541ms)
gateway-web	Run node city/test-all.mjs	2026-10-07T03:21:34.6414055Z ✔ past the raw horizon the aggregate buckets take over, and the summary says so (0.4871ms)
gateway-web	Run node city/test-all.mjs	2026-10-07T03:21:34.6414888Z ✔ trend formatting keeps the donor precision asymmetry (0.2245ms)
gateway-web	Run node city/test-all.mjs	2026-10-07T03:21:34.6415571Z ✔ missing telemetry is not health: an unmeasured dimension is unknown with a null score (2.1149ms)
gateway-web	Run node city/test-all.mjs	2026-10-07T03:21:34.6416527Z ✔ the weight of a missing dimension is redistributed, and the redistribution is published as coverage (1.7551ms)
gateway-web	Run node city/test-all.mjs	2026-10-07T03:21:34.6417315Z ✔ with nothing measured at all the pressure is null and the coverage is zero (0.564ms)
gateway-web	Run node city/test-all.mjs	2026-10-07T03:21:34.6418043Z ✔ the worst metric leads: a dimension score is half weighted mean, half worst member (1.5427ms)
gateway-web	Run node city/test-all.mjs	2026-10-07T03:21:34.6418831Z ✔ a single critical metric is not averaged away by calm ones, and no known metric means null (0.9933ms)
gateway-web	Run node city/test-all.mjs	2026-10-07T03:21:34.6419517Z ✔ the time dimension is the uptime ramp from 8 hours to 336 hours (1.19ms)
gateway-web	Run node city/test-all.mjs	2026-10-07T03:21:34.6420552Z ✔ a configured metric with no band and no trend is collected but never scored (0.7065ms)
gateway-web	Run node city/test-all.mjs	2026-10-07T03:21:34.6421332Z ✔ the trend term is added on top of the band score and normalised by the band span (2.0326ms)
gateway-web	Run node city/test-all.mjs	2026-10-07T03:21:34.6422066Z ✔ drivers are produced only at 35 or above, and their contribution is weighted down (1.1806ms)
gateway-web	Run node city/test-all.mjs	2026-10-07T03:21:34.6422808Z ✔ driver codes are dimension-flavoured, and a trend-led driver is a slope code (1.6761ms)
gateway-web	Run node city/test-all.mjs	2026-10-07T03:21:34.6423500Z ✔ the ladder maps pressure onto actions at the exact default thresholds (2.3966ms)
gateway-web	Run node city/test-all.mjs	2026-10-07T03:21:34.6424116Z ✔ every candidate carries its driver codes and a coverage tag (0.3354ms)
gateway-web	Run node city/test-all.mjs	2026-10-07T03:21:34.6424806Z ✔ hysteresis holds the action in force until pressure falls through its own exit band (0.4533ms)
gateway-web	Run node city/test-all.mjs	2026-10-07T03:21:34.6425553Z ✔ a series that oscillates around the enter threshold never oscillates the action (0.3767ms)
gateway-web	Run node city/test-all.mjs	2026-10-07T03:21:34.6426286Z ✔ debounce delays a new high-risk level for exactly the configured evaluations (0.5466ms)
gateway-web	Run node city/test-all.mjs	2026-10-07T03:21:34.6427113Z ✔ dwell slows a low-level transition for exactly the configured duration, and never the first crossing (0.3758ms)
gateway-web	Run node city/test-all.mjs	2026-10-07T03:21:34.6427939Z ✔ the three cooldown buckets and their balanced durations map exactly as documented (0.3021ms)
gateway-web	Run node city/test-all.mjs	2026-10-07T03:21:34.6428699Z ✔ a suppressed repeat is suppressed but a suppressed de-escalation is only delayed (0.3756ms)
gateway-web	Run node city/test-all.mjs	2026-10-07T03:21:34.6429362Z ✔ the state machine names a gated restart instead of forgetting it (0.4802ms)
gateway-web	Run node city/test-all.mjs	2026-10-07T03:21:34.6430025Z ✔ the restart gate downgrades to PAUSE_NEW_WORK and names every blocking reason (0.4591ms)
gateway-web	Run node city/test-all.mjs	2026-10-07T03:21:34.6430671Z ✔ the configuration can forbid a restart, and the reason says so (0.2411ms)
gateway-web	Run node city/test-all.mjs	2026-10-07T03:21:34.6431356Z ✔ the urgent override skips the window, and level 4 alone may override the safe point (0.3447ms)
gateway-web	Run node city/test-all.mjs	2026-10-07T03:21:34.6432074Z ✔ wall-clock parsing is strict and the occurrence boundaries are inclusive (0.7035ms)
gateway-web	Run node city/test-all.mjs	2026-10-07T03:21:34.6432777Z ✔ a wrapping window is handled, and clockWithin is start-inclusive end-exclusive (0.1758ms)
gateway-web	Run node city/test-all.mjs	2026-10-07T03:21:34.6433684Z ✔ the maintenance picture reports every phase, and an exhausted deferral still says go (1.1254ms)
gateway-web	Run node city/test-all.mjs	2026-10-07T03:21:34.6434412Z ✔ window arithmetic is local-calendar based, so it survives a day boundary (0.3196ms)
gateway-web	Run node city/test-all.mjs	2026-10-07T03:21:34.6435093Z ✔ safe points fold worst-first, and an unanswered question is not a yes (51.0592ms)
gateway-web	Run node city/test-all.mjs	2026-10-07T03:21:34.6435783Z ✔ safePointRequired: false skips the question instead of answering it badly (6.4886ms)
gateway-web	Run node city/test-all.mjs	2026-10-07T03:21:34.6436450Z ✔ a registered safe point gates the request through the real scheduler (35.1735ms)
gateway-web	Run node city/test-all.mjs	2026-10-07T03:21:34.6437141Z ✔ the level-to-action mapping reaches the right adapter and always as a request (11.0605ms)
gateway-web	Run node city/test-all.mjs	2026-10-07T03:21:34.6437832Z ✔ a system request always acknowledges the reboot, and only that rung does (1.5163ms)
gateway-web	Run node city/test-all.mjs	2026-10-07T03:21:34.6438618Z ✔ the engine only ever calls the documented adapter methods, so an action cannot become an effect (1.6327ms)
gateway-web	Run node city/test-all.mjs	2026-10-07T03:21:34.6439465Z ✔ the cooldown starts on the attempt, so a long critical run is bounded to a few requests (248.3714ms)
gateway-web	Run node city/test-all.mjs	2026-10-07T03:21:34.6440699Z ✔ a throwing restart adapter never stops the loop and never becomes a request storm (17.9169ms)
gateway-web	Run node city/test-all.mjs	2026-10-07T03:21:34.6441653Z ✔ an unavailable capability reports a refusal rather than throwing or acting (1.6204ms)
gateway-web	Run node city/test-all.mjs	2026-10-07T03:21:34.6442387Z ✔ disabled configuration samples nothing at all (0.3841ms)
gateway-web	Run node city/test-all.mjs	2026-10-07T03:21:34.6442975Z ✔ the ingest seam records violations and never tracks a rejected metric (0.3712ms)
gateway-web	Run node city/test-all.mjs	2026-10-07T03:21:34.6443640Z ✔ per-window history is exposed for one metric and coverage stays honest (0.804ms)
gateway-web	Run node city/test-all.mjs	2026-10-07T03:21:34.6444301Z ✔ provider failures are isolated, backed off exponentially, and reported (5.0204ms)
gateway-web	Run node city/test-all.mjs	2026-10-07T03:21:34.6444996Z ✔ a disabled provider and a per-provider flag are both skipped in sorted order (0.731ms)
gateway-web	Run node city/test-all.mjs	2026-10-07T03:21:34.6445644Z ✔ the decision log keeps a bounded, append-only ring, newest last (0.8066ms)
gateway-web	Run node city/test-all.mjs	2026-10-07T03:21:34.6446346Z ✔ the on-disk log is a JSONL envelope, read back, tolerant of a torn line, and rotates (17.1759ms)
gateway-web	Run node city/test-all.mjs	2026-10-07T03:21:34.6446998Z ✔ an unwritable log directory is reported instead of thrown (0.6582ms)
gateway-web	Run node city/test-all.mjs	2026-10-07T03:21:34.6447699Z ✔ the stats file is read first-match-wins, with unknown keys reported and staleness named (8.8593ms)
gateway-web	Run node city/test-all.mjs	2026-10-07T03:21:34.6448494Z ✔ the command-probe grammar ignores what it cannot trust and reports what it cannot parse (0.6001ms)
gateway-web	Run node city/test-all.mjs	2026-10-07T03:21:34.6449236Z ✔ a command probe with an empty argv refuses instead of executing anything (0.278ms)
gateway-web	Run node city/test-all.mjs	2026-10-07T03:21:34.6449940Z ✔ the built-in provider graph follows the configuration without reading the OS (1.4539ms)
gateway-web	Run node city/test-all.mjs	2026-10-07T03:21:34.6450693Z ✔ the text report never claims that an unknown is healthy and renders goldens exactly (5.0485ms)
gateway-web	Run node city/test-all.mjs	2026-10-07T03:21:34.6451449Z ✔ the machine payload serialises without an undefined, and keeps the donor key names (1.1933ms)
gateway-web	Run node city/test-all.mjs	2026-10-07T03:21:34.6452222Z ✔ a rejected settings document is refused loudly and leaves the configuration in force (0.8395ms)
gateway-web	Run node city/test-all.mjs	2026-10-07T03:21:34.6452996Z ✔ a bad configuration is rejected loudly but the caller can keep running on balanced (1.4515ms)
gateway-web	Run node city/test-all.mjs	2026-10-07T03:21:34.6453663Z ✔ the module ships no process-control primitive of any kind (6.4781ms)
gateway-web	Run node city/test-all.mjs	2026-10-07T03:21:34.6454436Z ✔ the only outbound capability is a bounded action request, and no exported function can stop a process (2.6529ms)
gateway-web	Run node city/test-all.mjs	2026-10-07T03:21:34.6455285Z ✔ the real OS-backed providers are optional: nothing in the module builds one on its own (3.3277ms)
gateway-web	Run node city/test-all.mjs	2026-10-07T03:21:34.6455976Z ✔ the unbound port cannot verify anything, and acknowledges nothing (4.48ms)
gateway-web	Run node city/test-all.mjs	2026-10-07T03:21:34.6456591Z ✔ available is false exactly when the bound port is an unbound one (0.3281ms)
gateway-web	Run node city/test-all.mjs	2026-10-07T03:21:34.6457219Z ✔ a required checkpoint authorizes only when it is safe AND completed (1.0768ms)
gateway-web	Run node city/test-all.mjs	2026-10-07T03:21:34.6458420Z ✔ a checkpoint that is NOT required always authorizes, and says so when it was not safe (1.7164ms)
gateway-web	Run node city/test-all.mjs	2026-10-07T03:21:34.6460108Z ✔ a throwing port becomes checkpoint_threw and never authorizes (1.2523ms)
gateway-web	Run node city/test-all.mjs	2026-10-07T03:21:34.6460738Z ✔ a slow port is bounded by a real timeout, and authorizes nothing (23.6872ms)
gateway-web	Run node city/test-all.mjs	2026-10-07T03:21:34.6461277Z ✔ timeoutMs <= 0 means no timeout at all (130.7837ms)
gateway-web	Run node city/test-all.mjs	2026-10-07T03:21:34.6461834Z ✔ elapsedMs is measured from the injected clock, not from the wall clock (1.3607ms)
gateway-web	Run node city/test-all.mjs	2026-10-07T03:21:34.6462457Z ✔ the contracts validate and copy every value they hand back (1.1874ms)
gateway-web	Run node city/test-all.mjs	2026-10-07T03:21:34.6463080Z ✔ the module is self-contained: timers are the only ambient dependency (6.5379ms)
gateway-web	Run node city/test-all.mjs	2026-10-07T03:21:34.6463789Z ✔ the outcome shape has one declaration: this gate imports it from the shared layer (1.8154ms)
gateway-web	Run node city/test-all.mjs	2026-10-07T03:21:34.6464525Z ✔ the lock vocabulary and the declared transition table are the donor vocabulary (2.6115ms)
gateway-web	Run node city/test-all.mjs	2026-10-07T03:21:34.6465183Z ✔ every declared edge is accepted, and no declared edge is missing (4.0049ms)
gateway-web	Run node city/test-all.mjs	2026-10-07T03:21:34.6465859Z ✔ an undeclared edge is refused with the donor detail and leaves the state alone (0.6986ms)
gateway-web	Run node city/test-all.mjs	2026-10-07T03:21:34.6466555Z ✔ entering REQUESTED needs a holder, and only IDLE -> REQUESTED sets it (0.5776ms)
gateway-web	Run node city/test-all.mjs	2026-10-07T03:21:34.6467317Z ✔ history is bounded by maxHistory and drops the oldest record first (1.0712ms)
gateway-web	Run node city/test-all.mjs	2026-10-07T03:21:34.6467984Z ✔ release forces IDLE from every working state, and is null when already idle (0.8591ms)
gateway-web	Run node city/test-all.mjs	2026-10-07T03:21:34.6468674Z ✔ heldForMs reads the injected clock, and requestState names each lock state (0.6274ms)
gateway-web	Run node city/test-all.mjs	2026-10-07T03:21:34.6469302Z ✔ transitions returns a copy, and the lock object is frozen (0.7452ms)
gateway-web	Run node city/test-all.mjs	2026-10-07T03:21:34.6469997Z ✔ the vocabularies have one declaration: this module imports them from the shared layer (13.5128ms)
gateway-web	Run node city/test-all.mjs	2026-10-07T03:21:34.6470796Z ✔ the module is self-contained: no donor checkout, no ambient clock, no runtime dependency (3.2588ms)
gateway-web	Run node city/test-all.mjs	2026-10-07T03:21:34.6471494Z ✔ sorts object keys by code unit, independently of insertion order (1.9914ms)
gateway-web	Run node city/test-all.mjs	2026-10-07T03:21:34.6472118Z ✔ drops undefined object values and renders array positions as null (0.328ms)
gateway-web	Run node city/test-all.mjs	2026-10-07T03:21:34.6472734Z ✔ recurses through nested objects and arrays, keeping array order (0.3696ms)
gateway-web	Run node city/test-all.mjs	2026-10-07T03:21:34.6473290Z ✔ emits no whitespace and JSON-quotes every key (0.2666ms)
gateway-web	Run node city/test-all.mjs	2026-10-07T03:21:34.6474218Z ✔ passes non-objects through JSON.stringify with the null fallback (1.2905ms)
gateway-web	Run node city/test-all.mjs	2026-10-07T03:21:34.6475419Z ✔ produces a pinned canonical form and sha256 digest for one fixed document (0.9704ms)
gateway-web	Run node city/test-all.mjs	2026-10-07T03:21:34.6476580Z ✔ the digest is stable when the same document is built in another key order (0.3767ms)
gateway-web	Run node city/test-all.mjs	2026-10-07T03:21:34.6477715Z ✔ a different value is a different digest, so the pin is load-bearing (0.3365ms)
gateway-web	Run node city/test-all.mjs	2026-10-07T03:21:34.6479011Z ✔ accepts a complete request and normalizes it (4.6791ms)
gateway-web	Run node city/test-all.mjs	2026-10-07T03:21:34.6479890Z ✔ refuses a non-object with the donor message for its type (0.3153ms)
gateway-web	Run node city/test-all.mjs	2026-10-07T03:21:34.6480936Z ✔ refuses each missing or blank string field with a field-specific message (0.469ms)
gateway-web	Run node city/test-all.mjs	2026-10-07T03:21:34.6482197Z ✔ refuses an unknown mode, a non-boolean checkpoint flag and an unknown priority (0.4073ms)
gateway-web	Run node city/test-all.mjs	2026-10-07T03:21:34.6483346Z ✔ defaults priority to normal and the acknowledgement to false (0.3341ms)
gateway-web	Run node city/test-all.mjs	2026-10-07T03:21:34.6484451Z ✔ defaults createdAt to the epoch and refuses a non-string createdAt (0.2766ms)
gateway-web	Run node city/test-all.mjs	2026-10-07T03:21:34.6485550Z ✔ trims surrounding whitespace instead of accepting it as content (0.2675ms)
gateway-web	Run node city/test-all.mjs	2026-10-07T03:21:34.6486536Z ✔ enforces each MAX_* bound at its limit and one past it (0.4773ms)
gateway-web	Run node city/test-all.mjs	2026-10-07T03:21:34.6487481Z ✔ refuses control characters by name, after the bound check (0.9372ms)
gateway-web	Run node city/test-all.mjs	2026-10-07T03:21:34.6488424Z ✔ refuses everything when disabled, after the shape check (0.4803ms)
gateway-web	Run node city/test-all.mjs	2026-10-07T03:21:34.6489346Z ✔ refuses an unknown source and names the allowed ones (0.2852ms)
gateway-web	Run node city/test-all.mjs	2026-10-07T03:21:34.6490212Z ✔ refuses a priority the deployment does not accept (0.2667ms)
gateway-web	Run node city/test-all.mjs	2026-10-07T03:21:34.6490908Z ✔ refuses a disabled mode (0.3061ms)
gateway-web	Run node city/test-all.mjs	2026-10-07T03:21:34.6491969Z ✔ refuses a system restart unless it is permitted and acknowledged (0.3123ms)
gateway-web	Run node city/test-all.mjs	2026-10-07T03:21:34.6492904Z ✔ refuses while the crash-loop breaker is tripped (0.1894ms)
gateway-web	Run node city/test-all.mjs	2026-10-07T03:21:34.6493904Z ✔ refuses a duplicate request id only when duplicate suppression is on (0.4958ms)
gateway-web	Run node city/test-all.mjs	2026-10-07T03:21:34.6494835Z ✔ refuses while another restart is in flight (0.2167ms)
gateway-web	Run node city/test-all.mjs	2026-10-07T03:21:34.6495744Z ✔ refuses inside a cooldown and reports the rounded remaining time (0.4811ms)
gateway-web	Run node city/test-all.mjs	2026-10-07T03:21:34.6496716Z ✔ refuses when a required checkpoint cannot be verified (0.2137ms)
gateway-web	Run node city/test-all.mjs	2026-10-07T03:21:34.6497770Z ✔ refuses when no supervisor has been seen, because exiting is not restarting (0.2003ms)
gateway-web	Run node city/test-all.mjs	2026-10-07T03:21:34.6499226Z ✔ runs the ladder in the donor order: the cheapest refusal wins (0.4778ms)
gateway-web	Run node city/test-all.mjs	2026-10-07T03:21:34.6500096Z ✔ documents every code the ladder can raise (0.2861ms)
gateway-web	Run node city/test-all.mjs	2026-10-07T03:21:34.6500832Z ✔ builds a refusal with no request attached (0.2004ms)
gateway-web	Run node city/test-all.mjs	2026-10-07T03:21:34.6501701Z ✔ fingerprints the six fingerprinted fields and nothing else (1.5395ms)
gateway-web	Run node city/test-all.mjs	2026-10-07T03:21:34.6502552Z ✔ the vocabularies are frozen donor data (0.2898ms)
gateway-web	Run node city/test-all.mjs	2026-10-07T03:21:34.6503460Z ✔ a contract factory refuses invalid input instead of repairing it (1.8453ms)
gateway-web	Run node city/test-all.mjs	2026-10-07T03:21:34.6504739Z ✔ a contract factory copies, freezes and carries only declared fields (1.5989ms)
gateway-web	Run node city/test-all.mjs	2026-10-07T03:21:34.6505853Z ✔ the three seams are separate, and only the shutdown port asks the host (0.749ms)
gateway-web	Run node city/test-all.mjs	2026-10-07T03:21:34.6506946Z ✔ the pinned digest is the donor digest, recomputed field by field (3.3829ms)
gateway-web	Run node city/test-all.mjs	2026-10-07T03:21:34.6507970Z ✔ a built ticket round-trips through the verification ladder (1.7608ms)
gateway-web	Run node city/test-all.mjs	2026-10-07T03:21:34.6509190Z ✔ the builder fills the schema version and computes the checksum over every other field (0.5608ms)
gateway-web	Run node city/test-all.mjs	2026-10-07T03:21:34.6510538Z ✔ the digest is reproducible and independent of key insertion order (0.8114ms)
gateway-web	Run node city/test-all.mjs	2026-10-07T03:21:34.6511727Z ✔ sha256 is the donor digest spelling: sha256:<hex>, 64 lowercase hex digits (0.5876ms)
gateway-web	Run node city/test-all.mjs	2026-10-07T03:21:34.6512689Z ✔ rejection missing: no document at all (0.3038ms)
gateway-web	Run node city/test-all.mjs	2026-10-07T03:21:34.6513544Z ✔ rejection malformed: a document that is not an object (0.3418ms)
gateway-web	Run node city/test-all.mjs	2026-10-07T03:21:34.6514610Z ✔ the donor's malformed rung is exactly `typeof candidate !== 'object'` (0.3302ms)
gateway-web	Run node city/test-all.mjs	2026-10-07T03:21:34.6515855Z ✔ a short or extra-fielded document is judged by the checksum rung, as in the donor (2.0423ms)
gateway-web	Run node city/test-all.mjs	2026-10-07T03:21:34.6517758Z ✔ rejection schema_version: a document from another schema (0.6441ms)
gateway-web	Run node city/test-all.mjs	2026-10-07T03:21:34.6520260Z ✔ rejection checksum: tampering with one field after the build (1.1613ms)
gateway-web	Run node city/test-all.mjs	2026-10-07T03:21:34.6521403Z ✔ rejection expired: an unparsable or past expiry (0.4765ms)
gateway-web	Run node city/test-all.mjs	2026-10-07T03:21:34.6522372Z ✔ rejection wrong_pid: only when the caller supplies an expected pid (0.5028ms)
gateway-web	Run node city/test-all.mjs	2026-10-07T03:21:34.6523368Z ✔ the ladder is the donor's six rungs, and no seventh can fire (1.5901ms)
gateway-web	Run node city/test-all.mjs	2026-10-07T03:21:34.6524264Z ✔ the ladder stops at the first rung, in the donor order (0.4359ms)
gateway-web	Run node city/test-all.mjs	2026-10-07T03:21:34.6525312Z ✔ the builder throws only where the donor's own date construction throws (2.928ms)
gateway-web	Run node city/test-all.mjs	2026-10-07T03:21:34.6526323Z ✔ the ticket factory never turns an invalid document into a valid one (0.789ms)
gateway-web	Run node city/test-all.mjs	2026-10-07T03:21:34.6527188Z ✔ emptyLedger() has the donor shape exactly (0.2129ms)
gateway-web	Run node city/test-all.mjs	2026-10-07T03:21:34.6527904Z ✔ the contract vocabulary is the donor vocabulary (0.283ms)
gateway-web	Run node city/test-all.mjs	2026-10-07T03:21:34.6528751Z ✔ the contract keeps the donor vocabulary and nothing else (3.5269ms)
gateway-web	Run node city/test-all.mjs	2026-10-07T03:21:34.6529714Z ✔ the manifest is sorted, hashed and rooted deterministically (14.2062ms)
gateway-web	Run node city/test-all.mjs	2026-10-07T03:21:34.6530750Z ✔ a stored hash that no longer matches fails closed instead of re-hashing (2.2368ms)
gateway-web	Run node city/test-all.mjs	2026-10-07T03:21:34.6531928Z ✔ structured claims drive the claim statuses exactly as the donor decides them (2.3474ms)
gateway-web	Run node city/test-all.mjs	2026-10-07T03:21:34.6533189Z ✔ PASS needs every provider, no dispute and no blocking claim; nothing else passes (1.758ms)
gateway-web	Run node city/test-all.mjs	2026-10-07T03:21:34.6534399Z ✔ the bundle is deterministic when the ids and clock are injected (0.6218ms)
gateway-web	Run node city/test-all.mjs	2026-10-07T03:21:34.6535764Z ✔ rehydration addresses only the unresolved claims and calls nobody (0.7952ms)
gateway-web	Run node city/test-all.mjs	2026-10-07T03:21:34.6536823Z ✔ the module is self-contained: no Boss runtime, no donor checkout (11.9135ms)
gateway-web	Run node city/test-all.mjs	2026-10-07T03:21:34.6537884Z ✔ the frozen figure vocabulary keeps the donor defaults and bounds (3.1529ms)
gateway-web	Run node city/test-all.mjs	2026-10-07T03:21:34.6539015Z ✔ a concrete chart is emitted byte for byte (1.2016ms)
gateway-web	Run node city/test-all.mjs	2026-10-07T03:21:34.6539984Z ✔ the chart is deterministic, and its digest is pinned at full length (1.1774ms)
gateway-web	Run node city/test-all.mjs	2026-10-07T03:21:34.6540905Z ✔ rows and labels stay bounded at the donor limits (0.9044ms)
gateway-web	Run node city/test-all.mjs	2026-10-07T03:21:34.6541655Z ✔ user-controlled text is escaped for SVG (0.3861ms)
gateway-web	Run node city/test-all.mjs	2026-10-07T03:21:34.6542577Z ✔ options and defaults flow through without changing the donor rules (1.0362ms)
gateway-web	Run node city/test-all.mjs	2026-10-07T03:21:34.6543576Z ✔ edge inputs render exactly as the donor renders them (0.5001ms)
gateway-web	Run node city/test-all.mjs	2026-10-07T03:21:34.6544700Z ✔ figureForRuns is the donor wrapper: name runs.svg, title passed through (1.9171ms)
gateway-web	Run node city/test-all.mjs	2026-10-07T03:21:34.6545843Z ✔ the figure factories validate, freeze, copy and never repair (2.5761ms)
gateway-web	Run node city/test-all.mjs	2026-10-07T03:21:34.6546858Z ✔ the manuscript vocabulary keeps the donor order and membership (2.5401ms)
gateway-web	Run node city/test-all.mjs	2026-10-07T03:21:34.6548360Z ✔ the six section briefs carry the donor purposes, claim ids and evidence ids (0.9975ms)
gateway-web	Run node city/test-all.mjs	2026-10-07T03:21:34.6549922Z ✔ the evidence check fails on a missing id and on an out-of-scope reference (0.5704ms)
gateway-web	Run node city/test-all.mjs	2026-10-07T03:21:34.6550960Z ✔ the evidence check keeps the donor token grammar and the 20-id cap (0.7278ms)
gateway-web	Run node city/test-all.mjs	2026-10-07T03:21:34.6551664Z ✔ §18 sufficiency reports the exact unmet obligations in declaration order (4.738ms)
gateway-web	Run node city/test-all.mjs	2026-10-07T03:21:34.6552353Z ✔ §19 anti-premature-closure names every undiscussed claim and evidence id (1.2007ms)
gateway-web	Run node city/test-all.mjs	2026-10-07T03:21:34.6552994Z ✔ §19 reports a results section that no discussion interprets (0.486ms)
gateway-web	Run node city/test-all.mjs	2026-10-07T03:21:34.6553584Z ✔ the LaTeX table is emitted byte for byte, with the donor escapes (1.0673ms)
gateway-web	Run node city/test-all.mjs	2026-10-07T03:21:34.6554226Z ✔ the Markdown table mirrors the same rows, with its own escaping rules (1.0251ms)
gateway-web	Run node city/test-all.mjs	2026-10-07T03:21:34.6554850Z ✔ the §21.2 visual-evidence verdict keeps the donor reason string (0.6377ms)
gateway-web	Run node city/test-all.mjs	2026-10-07T03:21:34.6555431Z ✔ the donor plan validator keeps its exact refusal messages (0.8799ms)
gateway-web	Run node city/test-all.mjs	2026-10-07T03:21:34.6556024Z ✔ the manuscript factories validate, freeze, copy and never repair (3.7602ms)
gateway-web	Run node city/test-all.mjs	2026-10-07T03:21:34.6556746Z ✔ the allow-list names the donor executable families and strips path and Windows suffixes (2.8625ms)
gateway-web	Run node city/test-all.mjs	2026-10-07T03:21:34.6557362Z ✔ the command gate accepts a complete spec (0.8502ms)
gateway-web	Run node city/test-all.mjs	2026-10-07T03:21:34.6557914Z ✔ the command gate refuses with the donor messages, in the donor order (1.1962ms)
gateway-web	Run node city/test-all.mjs	2026-10-07T03:21:34.6559180Z ✔ a bare executable outside the allow-list is still a valid spec: the donor does not mix the two gates (0.2763ms)
gateway-web	Run node city/test-all.mjs	2026-10-07T03:21:34.6559991Z ✔ a section prompt is bound to the frozen contract and lists only its claims (3.1602ms)
gateway-web	Run node city/test-all.mjs	2026-10-07T03:21:34.6560735Z ✔ a section that would rewrite the frozen goal is refused with the donor reason (0.5608ms)
gateway-web	Run node city/test-all.mjs	2026-10-07T03:21:34.6561408Z ✔ the sufficiency gate needs evidence, runs, citations and a review (0.849ms)
gateway-web	Run node city/test-all.mjs	2026-10-07T03:21:34.6562031Z ✔ the sufficiency gate keeps the donor accounting exactly (0.4556ms)
gateway-web	Run node city/test-all.mjs	2026-10-07T03:21:34.6562575Z ✔ the frozen vocabularies keep the donor members and order (2.9262ms)
gateway-web	Run node city/test-all.mjs	2026-10-07T03:21:34.6563040Z ✔ every vocabulary array is frozen (1.1094ms)
gateway-web	Run node city/test-all.mjs	2026-10-07T03:21:34.6563612Z ✔ the research budget and scope factories copy and refuse with the donor messages (1.4411ms)
gateway-web	Run node city/test-all.mjs	2026-10-07T03:21:34.6564295Z ✔ the research IR factory keeps the donor validation order and messages (1.1785ms)
gateway-web	Run node city/test-all.mjs	2026-10-07T03:21:34.6564912Z ✔ the protocol factory validates the scientific core and copies (1.9569ms)
gateway-web	Run node city/test-all.mjs	2026-10-07T03:21:34.6565527Z ✔ the amendment factory refuses non-frozen fields and missing reasons (1.1376ms)
gateway-web	Run node city/test-all.mjs	2026-10-07T03:21:34.6566150Z ✔ the research contract factory is a strict gate and copies the lists (1.089ms)
gateway-web	Run node city/test-all.mjs	2026-10-07T03:21:34.6567074Z ✔ the research command spec factory keeps the donor allow-list text and limits (1.7897ms)
gateway-web	Run node city/test-all.mjs	2026-10-07T03:21:34.6567770Z ✔ index.mjs is the one export site and exposes exactly the ported surface (1.1453ms)
gateway-web	Run node city/test-all.mjs	2026-10-07T03:21:34.6568579Z ✔ the module is self-contained and pure: nothing outside its directory, no clock, no randomness (17.1398ms)
gateway-web	Run node city/test-all.mjs	2026-10-07T03:21:34.6569290Z ✔ the transition graph is the donor table and covers every state (3.0053ms)
gateway-web	Run node city/test-all.mjs	2026-10-07T03:21:34.6569859Z ✔ the main flow advances in the plan order and stops at READY (0.335ms)
gateway-web	Run node city/test-all.mjs	2026-10-07T03:21:34.6570466Z ✔ a control state has no successor unless control transitions are allowed (0.2592ms)
gateway-web	Run node city/test-all.mjs	2026-10-07T03:21:34.6571099Z ✔ canAdvance refuses FAILED, READY and the two waiting states (0.312ms)
gateway-web	Run node city/test-all.mjs	2026-10-07T03:21:34.6571724Z ✔ the IR gate accepts a complete IR and refuses with the donor messages (1.7083ms)
gateway-web	Run node city/test-all.mjs	2026-10-07T03:21:34.6572427Z ✔ the canonical form sorts keys recursively and hashes through the injected digest (2.0995ms)
gateway-web	Run node city/test-all.mjs	2026-10-07T03:21:34.6573126Z ✔ the scientific core is the donor field set, exclusion rule optional (1.2433ms)
gateway-web	Run node city/test-all.mjs	2026-10-07T03:21:34.6573895Z ✔ diffProtocol reports a silent change only for a differing frozen field (0.7362ms)
gateway-web	Run node city/test-all.mjs	2026-10-07T03:21:34.6574642Z ✔ the amendment gate refuses with the donor messages and accepts a frozen-field change (1.0397ms)
gateway-web	Run node city/test-all.mjs	2026-10-07T03:21:34.6575437Z ✔ a declared baseline is honoured, an unknown source becomes implementation-declared (0.5689ms)
gateway-web	Run node city/test-all.mjs	2026-10-07T03:21:34.6576165Z ✔ with no declared baseline the host infers a named provenance and records why (0.4798ms)
gateway-web	Run node city/test-all.mjs	2026-10-07T03:21:34.6576821Z ✔ every stage routes to the donor role, and only to a declared role (1.7681ms)
gateway-web	Run node city/test-all.mjs	2026-10-07T03:21:34.6577702Z ✔ every stage expects the donor artifact kind, and only a declared kind (0.3559ms)
gateway-web	Run node city/test-all.mjs	2026-10-07T03:21:34.6578371Z ✔ an unknown stage is not rejected here: the donor lookup yields undefined (0.224ms)
gateway-web	Run node city/test-all.mjs	2026-10-07T03:21:34.6579376Z ✔ a stage artifact is a typed skeleton with a deterministic id (1.4856ms)
gateway-web	Run node city/test-all.mjs	2026-10-07T03:21:34.6580177Z ✔ the clock is an injected parameter and its default is the deterministic epoch (1.0779ms)
gateway-web	Run node city/test-all.mjs	2026-10-07T03:21:34.6584106Z ✔ the summary is truncated to 500 characters and the payload is copied (0.2792ms)
gateway-web	Run node city/test-all.mjs	2026-10-07T03:21:34.6586244Z ✔ a verified record renders as the donor renders it, field for field (3.5764ms)
gateway-web	Run node city/test-all.mjs	2026-10-07T03:21:34.6587791Z ✔ the entry key is the sanitised id, with the donor fallbacks (0.4032ms)
gateway-web	Run node city/test-all.mjs	2026-10-07T03:21:34.6588514Z ✔ author and title fall back exactly where the donor falls back, and nowhere else (0.2678ms)
gateway-web	Run node city/test-all.mjs	2026-10-07T03:21:34.6589259Z ✔ only the four verified statuses are included, and nothing is deduplicated (0.4274ms)
gateway-web	Run node city/test-all.mjs	2026-10-07T03:21:34.6590031Z ✔ referencesBib writes the count header, the blank-line separation and the placeholder (0.6899ms)
gateway-web	Run node city/test-all.mjs	2026-10-07T03:21:34.6590832Z ✔ the bibliography renders records and validates nothing, exactly as the donor does (0.7083ms)
gateway-web	Run node city/test-all.mjs	2026-10-07T03:21:34.6591582Z ✔ the ladder returns exactly the status the evidence reaches, in the donor order (4.029ms)
gateway-web	Run node city/test-all.mjs	2026-10-07T03:21:34.6592229Z ✔ a primary claim is refused while any citation is UNSUPPORTED (0.5575ms)
gateway-web	Run node city/test-all.mjs	2026-10-07T03:21:34.6592877Z ✔ the audit summarises the records it was given, without inventing citations (0.8973ms)
gateway-web	Run node city/test-all.mjs	2026-10-07T03:21:34.6593545Z ✔ the frozen vocabularies are the donor ladder and status sets, frozen (2.712ms)
gateway-web	Run node city/test-all.mjs	2026-10-07T03:21:34.6594351Z ✔ citationRecord validates first and copies, so a validated record cannot be mutated through the caller (0.9279ms)
gateway-web	Run node city/test-all.mjs	2026-10-07T03:21:34.6595220Z ✔ citationRecord never repairs the input it refuses, and never rewrites what it accepts (2.4688ms)
gateway-web	Run node city/test-all.mjs	2026-10-07T03:21:34.6596059Z ✔ humanResearchInput validates with the donor rules and copies the arrays it is given (0.5948ms)
gateway-web	Run node city/test-all.mjs	2026-10-07T03:21:34.6597512Z ✔ validateHumanResearchInput refuses with the donor messages, in the donor order (2.0011ms)
gateway-web	Run node city/test-all.mjs	2026-10-07T03:21:34.6598981Z ✔ the module set is self-contained: no runtime, no clock, no randomness, no sibling import (12.7539ms)
gateway-web	Run node city/test-all.mjs	2026-10-07T03:21:34.6600939Z ✔ the run id is the question slug plus injected entropy, never a timestamp (3.0937ms)
gateway-web	Run node city/test-all.mjs	2026-10-07T03:21:34.6602258Z ✔ humanResearchToIR builds the donor IR, with the donor defaults and the injected clock (2.9521ms)
gateway-web	Run node city/test-all.mjs	2026-10-07T03:21:34.6603589Z ✔ the input rules are the donor rules, reachable through the exported validator (1.1384ms)
gateway-web	Run node city/test-all.mjs	2026-10-07T03:21:34.6604979Z ✔ the constructor factories carry the adjudication shapes, and the default is one vote (2.5516ms)
gateway-web	Run node city/test-all.mjs	2026-10-07T03:21:34.6606202Z ✔ only the votes bound to the evidence claim are counted (0.3179ms)
gateway-web	Run node city/test-all.mjs	2026-10-07T03:21:34.6607317Z ✔ adoption needs both evidence flags: evidence outranks any number of votes (0.4446ms)
gateway-web	Run node city/test-all.mjs	2026-10-07T03:21:34.6608669Z ✔ with decisive evidence, the required-vote threshold decides, at and either side of it (0.4245ms)
gateway-web	Run node city/test-all.mjs	2026-10-07T03:21:34.6609931Z ✔ a non-supporting stance never counts as concurrence (0.2435ms)
gateway-web	Run node city/test-all.mjs	2026-10-07T03:21:34.6611172Z ✔ verifiedCitations is declared but never read, exactly as in the donor (0.2725ms)
gateway-web	Run node city/test-all.mjs	2026-10-07T03:21:34.6612477Z ✔ the plan carries every registered capability, in registry order, and nothing else (2.6824ms)
gateway-web	Run node city/test-all.mjs	2026-10-07T03:21:34.6613830Z ✔ an empty profile needs exactly the always-on five (0.5595ms)
gateway-web	Run node city/test-all.mjs	2026-10-07T03:21:34.6614815Z ✔ bindsCitations is a truthiness test, exactly as the donor has it (0.4328ms)
gateway-web	Run node city/test-all.mjs	2026-10-07T03:21:34.6616110Z ✔ a formal protocol needs the methodology critic, and nothing else beyond the always-on five (0.2799ms)
gateway-web	Run node city/test-all.mjs	2026-10-07T03:21:34.6618150Z ✔ quantitative experiments drive the quantitative capability set (0.3501ms)
gateway-web	Run node city/test-all.mjs	2026-10-07T03:21:34.6619577Z ✔ hasArchitecture is a Boolean() test and hasMultipleReviewers is a strict === true test (0.4326ms)
gateway-web	Run node city/test-all.mjs	2026-10-07T03:21:34.6621040Z ✔ every registry row is the donor row, and every planned status is a refused-or-accepted donor status (0.5119ms)
gateway-web	Run node city/test-all.mjs	2026-10-07T03:21:34.6622369Z ✔ the refusal path refuses anything that is not a donor capability status (0.3144ms)
gateway-web	Run node city/test-all.mjs	2026-10-07T03:21:34.6623557Z ✔ the frozen vocabularies are the donor vocabularies in the donor order (2.7523ms)
gateway-web	Run node city/test-all.mjs	2026-10-07T03:21:34.6624706Z ✔ the capability registry is byte-identical to the donor and pinned by digest (1.2472ms)
gateway-web	Run node city/test-all.mjs	2026-10-07T03:21:34.6625755Z ✔ the thresholds are the donor thresholds, pinned exactly (0.2521ms)
gateway-web	Run node city/test-all.mjs	2026-10-07T03:21:34.6626732Z ✔ the factories copy on construct and enforce the declared shape (2.2892ms)
gateway-web	Run node city/test-all.mjs	2026-10-07T03:21:34.6627858Z ✔ candidateQuestion enforces the donor limit and copies the optional fields (1.3266ms)
gateway-web	Run node city/test-all.mjs	2026-10-07T03:21:34.6629057Z ✔ validateCandidateQuestion is the donor check: exact messages and order (0.6905ms)
gateway-web	Run node city/test-all.mjs	2026-10-07T03:21:34.6630257Z ✔ validateLevelAPlan is the donor check: exact messages, order and boundaries (0.8882ms)
gateway-web	Run node city/test-all.mjs	2026-10-07T03:21:34.6631504Z ✔ isResearchCapabilityStatus refuses anything that is not a donor status (0.3007ms)
gateway-web	Run node city/test-all.mjs	2026-10-07T03:21:34.6632630Z ✔ index.mjs is the single export site, and its surface is pinned (2.6766ms)
gateway-web	Run node city/test-all.mjs	2026-10-07T03:21:34.6634024Z ✔ the module is self-contained and pure: only relative imports, no clock, no randomness, no environment (13.2522ms)
gateway-web	Run node city/test-all.mjs	2026-10-07T03:21:34.6635445Z ✔ no new delayed-learning or Machine Intelligence research direction was added (5.7918ms)
gateway-web	Run node city/test-all.mjs	2026-10-07T03:21:34.6636626Z ✔ the donor levela -> levelb value edge is preserved, and never reversed (6.7ms)
gateway-web	Run node city/test-all.mjs	2026-10-07T03:21:34.6637951Z ✔ the novelty review scores exactly the donor arithmetic (3.3868ms)
gateway-web	Run node city/test-all.mjs	2026-10-07T03:21:34.6639049Z ✔ the A/B value edge is real: falsifiability is worth exactly +2 feasibility (0.4343ms)
gateway-web	Run node city/test-all.mjs	2026-10-07T03:21:34.6640073Z ✔ noveltyReview adds no validation rung of its own (0.2901ms)
gateway-web	Run node city/test-all.mjs	2026-10-07T03:21:34.6640985Z ✔ levelAGate decides at 2.0 on each score, novelty first (0.5279ms)
gateway-web	Run node city/test-all.mjs	2026-10-07T03:21:34.6642096Z ✔ buildExperimentSpec clamps, defaults and stamps, with the clock injected (0.6868ms)
gateway-web	Run node city/test-all.mjs	2026-10-07T03:21:34.6643396Z ✔ validateLevelAPlan is reachable from the levela module and the export site alike (0.2087ms)
gateway-web	Run node city/test-all.mjs	2026-10-07T03:21:34.6644834Z ✔ the Level-A plan gate reports the donor messages at every boundary (0.9561ms)
gateway-web	Run node city/test-all.mjs	2026-10-07T03:21:34.6645953Z ✔ isFalsifiable requires both flags and uses the donor truthiness test (1.2103ms)
gateway-web	Run node city/test-all.mjs	2026-10-07T03:21:34.6647292Z ✔ selectFalsifiableQuestion rejects with the donor reason and never drops a candidate (1.1151ms)
gateway-web	Run node city/test-all.mjs	2026-10-07T03:21:34.6648784Z ✔ a selection with nothing ready distinguishes "no candidates" from "no falsifiable candidate" (0.2964ms)
gateway-web	Run node city/test-all.mjs	2026-10-07T03:21:34.6650213Z ✔ ranking is novelty + feasibility with a ?? 0 default, and a tie keeps the earlier candidate (0.3673ms)
gateway-web	Run node city/test-all.mjs	2026-10-07T03:21:34.6651492Z ✔ the donor candidate check runs before selection, with its exact messages (0.4928ms)
gateway-web	Run node city/test-all.mjs	2026-10-07T03:21:34.6652627Z ✔ the review module re-exports the donor role vocabulary unchanged (2.5315ms)
gateway-web	Run node city/test-all.mjs	2026-10-07T03:21:34.6653862Z ✔ respondToObjections appends, replaces in place, and refuses an unknown objection (0.9131ms)
gateway-web	Run node city/test-all.mjs	2026-10-07T03:21:34.6655228Z ✔ reviewRoundSettled reports open objections and violations, in objection order (0.8115ms)
gateway-web	Run node city/test-all.mjs	2026-10-07T03:21:34.6656428Z ✔ metaReview approves only a settled round whose revisions landed (0.5222ms)
gateway-web	Run node city/test-all.mjs	2026-10-07T03:21:34.6658013Z ✔ metaReview reads revisedSections directly, exactly as the donor does (0.8316ms)
gateway-web	Run node city/test-all.mjs	2026-10-07T03:21:34.6659226Z ✔ publicationReady reports the four publication gates in the donor order (0.534ms)
gateway-web	Run node city/test-all.mjs	2026-10-07T03:21:34.6660576Z ✔ the frozen vocabularies are exactly the donor five domains, five statuses and seven gates (2.7161ms)
gateway-web	Run node city/test-all.mjs	2026-10-07T03:21:34.6661935Z ✔ the contracts validate the declared shapes and never repair an invalid value (1.8849ms)
gateway-web	Run node city/test-all.mjs	2026-10-07T03:21:34.6663167Z ✔ READY passes only with the full §34 artifact chain and an approving review (1.0847ms)
gateway-web	Run node city/test-all.mjs	2026-10-07T03:21:34.6664462Z ✔ REJECTED is a PASS only when the evidence is complete and the hypothesis unsupported (0.4812ms)
gateway-web	Run node city/test-all.mjs	2026-10-07T03:21:34.6665717Z ✔ REPLICATION_FAILED is a PASS only when the failure is actually recorded (0.3647ms)
gateway-web	Run node city/test-all.mjs	2026-10-07T03:21:34.6666810Z ✔ INCONCLUSIVE needs only execution evidence and statistics (0.3121ms)
gateway-web	Run node city/test-all.mjs	2026-10-07T03:21:34.6667900Z ✔ INSUFFICIENT_EVIDENCE needs only a protocol and an execution trail (0.3288ms)
gateway-web	Run node city/test-all.mjs	2026-10-07T03:21:34.6669165Z ✔ an undeclared terminal status reaches the donor last branch rather than being gated (0.2795ms)
gateway-web	Run node city/test-all.mjs	2026-10-07T03:21:34.6670437Z ✔ the battery declares one honest scenario per domain and scores every path (0.8442ms)
gateway-web	Run node city/test-all.mjs	2026-10-07T03:21:34.6671733Z ✔ runResearchBattery reports the donor verdicts and reason strings in scenario order (0.9487ms)
gateway-web	Run node city/test-all.mjs	2026-10-07T03:21:34.6673096Z ✔ the battery module imports only its siblings and stays free of the donor runtime (15.0439ms)
gateway-web	Run node city/test-all.mjs	2026-10-07T03:21:34.6674344Z ✔ mean and median reproduce the donor arithmetic and its empty-sample NaN (2.6314ms)
gateway-web	Run node city/test-all.mjs	2026-10-07T03:21:34.6675737Z ✔ standardDeviation switches between sample and population exactly at its declared boundaries (0.468ms)
gateway-web	Run node city/test-all.mjs	2026-10-07T03:21:34.6676821Z ✔ describe packages the donor four fields (0.3689ms)
gateway-web	Run node city/test-all.mjs	2026-10-07T03:21:34.6678308Z ✔ confidenceInterval is the normal approximation with the donor default z (0.6334ms)
gateway-web	Run node city/test-all.mjs	2026-10-07T03:21:34.6679382Z ✔ mulberry32 is the donor LCG: seed-normalised, reproducible and bounded (0.4359ms)
gateway-web	Run node city/test-all.mjs	2026-10-07T03:21:34.6680378Z ✔ bootstrapCi resamples deterministically at the donor defaults and alpha indices (8.2893ms)
gateway-web	Run node city/test-all.mjs	2026-10-07T03:21:34.6681150Z ✔ effectSize is the donor's pooled Cohen's d (0.3796ms)
gateway-web	Run node city/test-all.mjs	2026-10-07T03:21:34.6682114Z ✔ oneSampleEffectSize is (mean − baseline) / sd and NaN when underpowered (0.3327ms)
gateway-web	Run node city/test-all.mjs	2026-10-07T03:21:34.6683050Z ✔ oneSamplePermutationP is the seeded sign-permutation fraction (21.3236ms)
gateway-web	Run node city/test-all.mjs	2026-10-07T03:21:34.6684192Z ✔ permutationP keeps the donor's paired and unpaired paths, seeds and boundaries (38.2534ms)
gateway-web	Run node city/test-all.mjs	2026-10-07T03:21:34.6685892Z ✔ proportion refuses a non-positive denominator instead of inventing a number (0.8272ms)
gateway-web	Run node city/test-all.mjs	2026-10-07T03:21:34.6687281Z ✔ every pinned literal is verbatim node -e output at full precision (0.4687ms)
gateway-web	Run node city/test-all.mjs	2026-10-07T03:21:34.6688192Z ✔ the module is pure: no clock, no randomness beyond the seed, no io (20.4778ms)
gateway-web	Run node city/test-all.mjs	2026-10-07T03:21:34.6688766Z ✔ trust ordering and query filters match the donor (3.0225ms)
gateway-web	Run node city/test-all.mjs	2026-10-07T03:21:34.6689411Z ✔ retrieval is trust-ordered, recency-broken and within the character budget (15.1898ms)
gateway-web	Run node city/test-all.mjs	2026-10-07T03:21:34.6690070Z ✔ taxonomy and the deterministic domain router match the donor (1.8437ms)
gateway-web	Run node city/test-all.mjs	2026-10-07T03:21:34.6690772Z ✔ goal reranking prefers relevance, then trust, then recency (0.5077ms)
gateway-web	Run node city/test-all.mjs	2026-10-07T03:21:34.6701148Z ✔ planRetrieval combines routing, reranking and the budget in one call (0.6188ms)
gateway-web	Run node city/test-all.mjs	2026-10-07T03:21:34.6701823Z ✔ supersession and conflict metadata is reported honestly (0.4821ms)
gateway-web	Run node city/test-all.mjs	2026-10-07T03:21:34.6702687Z ✔ the module is self-contained: built-ins only, no Boss store dependency (17.7734ms)
gateway-web	Run node city/test-all.mjs	2026-10-07T03:21:34.6703422Z ✔ provenance stays honest: DONOR.json pins the donor and records the adaptation (1.6182ms)
gateway-web	Run node city/test-all.mjs	2026-10-07T03:21:34.6704104Z ✔ every sample is a real document of its kind, built in memory (34.7635ms)
gateway-web	Run node city/test-all.mjs	2026-10-07T03:21:34.6704726Z ✔ the three adapters decode their own sample with the real engines (512.3707ms)
gateway-web	Run node city/test-all.mjs	2026-10-07T03:21:34.6705366Z ✔ a refused document fails closed in every adapter, with its own code (1.0331ms)
gateway-web	Run node city/test-all.mjs	2026-10-07T03:21:34.6706214Z ✔ every adapter carries the same fail-closed default limits shape (0.2619ms)
gateway-web	Run node city/test-all.mjs	2026-10-07T03:21:34.6706767Z ✔ default limits and typed error match the donor (2.6361ms)
gateway-web	Run node city/test-all.mjs	2026-10-07T03:21:34.6707414Z ✔ converter seam extracts, splits paragraphs, maps headings/bullets and truncates (2.6062ms)
gateway-web	Run node city/test-all.mjs	2026-10-07T03:21:34.6708161Z ✔ html converter seam maps h1..h6 and list items, and truncates on its own budget (1.6244ms)
gateway-web	Run node city/test-all.mjs	2026-10-07T03:21:34.6708737Z ✔ guards fail closed before any converter runs (1.2094ms)
gateway-web	Run node city/test-all.mjs	2026-10-07T03:21:34.6709255Z ✔ a ZIP that is not a DOCX is CORRUPT_DOCX, not a crash (164.0103ms)
gateway-web	Run node city/test-all.mjs	2026-10-07T03:21:34.6709850Z ✔ real engine: mammoth parses the synthetic DOCX through the bridge (101.2346ms)
gateway-web	Run node city/test-all.mjs	2026-10-07T03:21:34.6710539Z ✔ paragraph splitting counts characters and paragraphs exactly as the donor (0.6652ms)
gateway-web	Run node city/test-all.mjs	2026-10-07T03:21:34.6711215Z ✔ quarantine: docx.mjs imports only the engine seam and node: builtins (3.8727ms)
gateway-web	Run node city/test-all.mjs	2026-10-07T03:21:34.6711845Z ✔ every engine is named in one module and resolves from the city tree (16.3476ms)
gateway-web	Run node city/test-all.mjs	2026-10-07T03:21:34.6712436Z ✔ the engines really load and expose what the readers need (336.7653ms)
gateway-web	Run node city/test-all.mjs	2026-10-07T03:21:34.6713030Z ✔ a missing install is an installation problem, not a broken document (0.2824ms)
gateway-web	Run node city/test-all.mjs	2026-10-07T03:21:34.6713572Z ✔ limits and verbosity mirror the donor exactly (2.8358ms)
gateway-web	Run node city/test-all.mjs	2026-10-07T03:21:34.6714000Z ✔ PdfError carries its name and code (0.3654ms)
gateway-web	Run node city/test-all.mjs	2026-10-07T03:21:34.6714602Z ✔ inspectPdfHeader accepts a real PDF and rejects other payloads with typed errors (0.6431ms)
gateway-web	Run node city/test-all.mjs	2026-10-07T03:21:34.6715320Z ✔ extractPdf decodes a synthetic one-page PDF through the real engine (329.0855ms)
gateway-web	Run node city/test-all.mjs	2026-10-07T03:21:34.6715973Z ✔ extractPdf honours the page cap and warns about the unread pages (16.4771ms)
gateway-web	Run node city/test-all.mjs	2026-10-07T03:21:34.6716571Z ✔ extractPdf fails closed on a truncated or corrupt document (7.3478ms)
gateway-web	Run node city/test-all.mjs	2026-10-07T03:21:34.6717472Z ✔ extractPdf rejects over-limit bytes before the engine is consulted (0.4084ms)
gateway-web	Run node city/test-all.mjs	2026-10-07T03:21:34.6718059Z ✔ extractPdf is deterministic for identical bytes (13.0734ms)
gateway-web	Run node city/test-all.mjs	2026-10-07T03:21:34.6718511Z ✔ the port keeps its engine quarantine (10.7336ms)
gateway-web	Run node city/test-all.mjs	2026-10-07T03:21:34.6719095Z ✔ a sheet with shared strings extracts the expected rows, part and used range (32.5545ms)
gateway-web	Run node city/test-all.mjs	2026-10-07T03:21:34.6719795Z ✔ the markdown rendering is a real table with a header row and a separator row (2.6864ms)
gateway-web	Run node city/test-all.mjs	2026-10-07T03:21:34.6720433Z ✔ the synthetic package is a real ZIP the engine itself can open (6.0626ms)
gateway-web	Run node city/test-all.mjs	2026-10-07T03:21:34.6721115Z ✔ a formula without a cached value warns and is never given an invented result (2.9479ms)
gateway-web	Run node city/test-all.mjs	2026-10-07T03:21:34.6721698Z ✔ two extractions of the same bytes are deeply equal (2.8987ms)
gateway-web	Run node city/test-all.mjs	2026-10-07T03:21:34.6722622Z ✔ sheets beyond limits.maxSheets are reported, not silently dropped (2.1161ms)
gateway-web	Run node city/test-all.mjs	2026-10-07T03:21:34.6723358Z ✔ a payload that is not a ZIP fails closed as NOT_XLSX (a truncated one as CORRUPT_XLSX) (9.9272ms)
gateway-web	Run node city/test-all.mjs	2026-10-07T03:21:34.6724143Z ✔ an archive above limits.maxEntries or limits.maxBytes fails closed as TOO_LARGE (7.6192ms)
gateway-web	Run node city/test-all.mjs	2026-10-07T03:21:34.6724849Z ✔ an entry expanding above limits.maxEntryBytes fails closed as TOO_LARGE (5.3646ms)
gateway-web	Run node city/test-all.mjs	2026-10-07T03:21:34.6725450Z ✔ DEFAULT_XLSX_LIMITS carries the donor pin and is frozen (0.3838ms)
gateway-web	Run node city/test-all.mjs	2026-10-07T03:21:34.6726104Z ✔ the reader is quarantined: the engine seam and the core, never fflate (13.5329ms)
gateway-web	Run node city/test-all.mjs	2026-10-07T03:21:34.6726900Z ✔ encoding detection follows BOMs, validates UTF-8 and refuses to guess silently (2.6244ms)
gateway-web	Run node city/test-all.mjs	2026-10-07T03:21:34.6727574Z ✔ markdown and plain text split into offset-preserving sections (2.0105ms)
gateway-web	Run node city/test-all.mjs	2026-10-07T03:21:34.6728152Z ✔ JSON, JSON Lines and structured sections match the donor (63.4801ms)
gateway-web	Run node city/test-all.mjs	2026-10-07T03:21:34.6728786Z ✔ CSV and TSV parsing matches the donor, including quoted fields and limits (1.7711ms)
gateway-web	Run node city/test-all.mjs	2026-10-07T03:21:34.6729419Z ✔ XML helpers decode entities and extract text runs exactly once (1.613ms)
gateway-web	Run node city/test-all.mjs	2026-10-07T03:21:34.6730949Z ✔ format detection names the parser, including the completed YAML branch (0.383ms)
gateway-web	Run node city/test-all.mjs	2026-10-07T03:21:34.6731663Z ✔ the module carries no parser of its own: the YAML package stays behind the seam (17.929ms)
gateway-web	Run node city/test-all.mjs	2026-10-07T03:21:34.6732358Z ✔ provenance stays honest: DONOR.json records both waves of this module (6.5945ms)
gateway-web	Run node city/test-all.mjs	2026-10-07T03:21:34.6733022Z ✔ the extension decides the order, and the YAML branch is a real format now (3.0032ms)
gateway-web	Run node city/test-all.mjs	2026-10-07T03:21:34.6733677Z ✔ a .yaml document is parsed as YAML with nested maps and sequences (65.7371ms)
gateway-web	Run node city/test-all.mjs	2026-10-07T03:21:34.6734270Z ✔ the non-YAML fallback is reported, exactly as the donor does (1.9975ms)
gateway-web	Run node city/test-all.mjs	2026-10-07T03:21:34.6734874Z ✔ invalid input fails closed with one reason and the parser detail (17.4759ms)
gateway-web	Run node city/test-all.mjs	2026-10-07T03:21:34.6735439Z ✔ the intake is deterministic, and every guard is real (9.6535ms)
gateway-web	Run node city/test-all.mjs	2026-10-07T03:21:34.6735966Z ✔ the module never names the package outside the seam (10.0491ms)
gateway-web	Run node city/test-all.mjs	2026-10-07T03:21:34.6736612Z ✔ the dependency is quarantined in one file and resolves from the city tree (64.4802ms)
gateway-web	Run node city/test-all.mjs	2026-10-07T03:21:34.6737607Z ✔ a YAML document parses into plain data, including nested maps and sequences (14.2415ms)
gateway-web	Run node city/test-all.mjs	2026-10-07T03:21:34.6738320Z ✔ a malformed document fails closed with a typed error carrying the reason (3.2341ms)
gateway-web	Run node city/test-all.mjs	2026-10-07T03:21:34.6738939Z ✔ the limits are real: size and alias count are both bounded (7.2103ms)
gateway-web	Run node city/test-all.mjs	2026-10-07T03:21:34.6739605Z ✔ a missing package is an installation problem, not an invalid document (1.3991ms)
gateway-web	Run node city/test-all.mjs	2026-10-07T03:21:34.6740276Z ✔ the ordered gate chain is the donor's seven-value literal, in order, frozen (3.2606ms)
gateway-web	Run node city/test-all.mjs	2026-10-07T03:21:34.6740967Z ✔ a fully-ready probe is ready with no blockers and echoes the caller's facts (0.4051ms)
gateway-web	Run node city/test-all.mjs	2026-10-07T03:21:34.6741617Z ✔ a non-ready DOM blocks with exactly the failing gates, in gate order (0.3239ms)
gateway-web	Run node city/test-all.mjs	2026-10-07T03:21:34.6742317Z ✔ an empty probe is ready: absence of every fact is 'unknown ⇒ pass' (0.223ms)
gateway-web	Run node city/test-all.mjs	2026-10-07T03:21:34.6743059Z ✔ each gate blocks only on its own explicit failing fact (0.5793ms)
gateway-web	Run node city/test-all.mjs	2026-10-07T03:21:34.6743665Z ✔ blockers accumulate in gate order across all seven gates at once (0.2287ms)
gateway-web	Run node city/test-all.mjs	2026-10-07T03:21:34.6744261Z ✔ post-action verification never assumes a change happened (0.2633ms)
gateway-web	Run node city/test-all.mjs	2026-10-07T03:21:34.6744893Z ✔ bounded escalation: bounded retry → selector refresh → alternate strategy (0.2592ms)
gateway-web	Run node city/test-all.mjs	2026-10-07T03:21:34.6745570Z ✔ the retry bounds are the donor's arithmetic for every maxBoundedRetries (0.7691ms)
gateway-web	Run node city/test-all.mjs	2026-10-07T03:21:34.6746259Z ✔ the read and mutation action lists are the donor's literals, in order, frozen (2.8685ms)
gateway-web	Run node city/test-all.mjs	2026-10-07T03:21:34.6746937Z ✔ §26 every CU_REPAIR need is classified from the donor's phrase sets (1.2793ms)
gateway-web	Run node city/test-all.mjs	2026-10-07T03:21:34.6747618Z ✔ §26 every HUMAN_REQUIRED phrase gates the page away from CU repair (0.5722ms)
gateway-web	Run node city/test-all.mjs	2026-10-07T03:21:34.6748586Z ✔ §26 NOT_REPAIRABLE is the fallthrough: unknown failures are never guessed into a mutation (0.2534ms)
gateway-web	Run node city/test-all.mjs	2026-10-07T03:21:34.6749387Z ✔ §26 classification lowercases the reason with toLocaleLowerCase, as the donor does (0.2834ms)
gateway-web	Run node city/test-all.mjs	2026-10-07T03:21:34.6750123Z ✔ §24 tierForTarget maps every kind to the donor's tier, unknown kinds to 6 (0.3156ms)
gateway-web	Run node city/test-all.mjs	2026-10-07T03:21:34.6750970Z ✔ §28 geometryTargetValid only guards ICON and POINT, and needs truthy finite frameRevisionAt + boundedRegion (0.5057ms)
gateway-web	Run node city/test-all.mjs	2026-10-07T03:21:34.6751897Z ✔ §26 READY: a SEND plan is read_page → click_control → verify_state with a revisioned ICON affordance (0.6279ms)
gateway-web	Run node city/test-all.mjs	2026-10-07T03:21:34.6752650Z ✔ §26 READY: an INPUT plan inserts submit when the submit grant is present (0.4218ms)
gateway-web	Run node city/test-all.mjs	2026-10-07T03:21:34.6753393Z ✔ §26 the INPUT chain is still READY without the submit grant (3 steps is the donor's floor) (0.4376ms)
gateway-web	Run node city/test-all.mjs	2026-10-07T03:21:34.6754088Z ✔ §26 DRIFT and STRUCTURE plans are ROLE-targeted and never geometry (0.4055ms)
gateway-web	Run node city/test-all.mjs	2026-10-07T03:21:34.6754811Z ✔ §26 DENIED when the required mutation grant is missing, naming the action (fail closed) (1.076ms)
gateway-web	Run node city/test-all.mjs	2026-10-07T03:21:34.6755612Z ✔ §28 UNCERTAIN when the ICON affordance has no usable frame revision (the now === 0 default) (1.1996ms)
gateway-web	Run node city/test-all.mjs	2026-10-07T03:21:34.6756783Z ✔ DEFECT PINNED: the read_page denial branch of buildRepairPlan is unreachable (0.3352ms)
gateway-web	Run node city/test-all.mjs	2026-10-07T03:21:34.6757886Z ✔ §29 grantedComputerActions maps only exact computer:<action> entries, trimming surrounding space (0.5482ms)
gateway-web	Run node city/test-all.mjs	2026-10-07T03:21:34.6758592Z ✔ §29 a granted read action alone never unlocks a mutation (0.2393ms)
gateway-web	Run node city/test-all.mjs	2026-10-07T03:21:34.6759227Z ✔ §25 verdictForOutcome is VERIFIED only when the post-condition was observed (0.2137ms)
gateway-web	Run node city/test-all.mjs	2026-10-07T03:21:34.6759945Z ✔ DEFECT PINNED: verdictForOutcome can never return its exported ACTED status (0.2848ms)
gateway-web	Run node city/test-all.mjs	2026-10-07T03:21:34.6760713Z ✔ §38 planSummary reports steps, actions and only a present reason, in the donor's key order (0.426ms)
gateway-web	Run node city/test-all.mjs	2026-10-07T03:21:34.6761514Z ✔ DOM_TARGET_PREFIX is the donor's literal and the read/mutation sets are its neighbours (2.2436ms)
gateway-web	Run node city/test-all.mjs	2026-10-07T03:21:34.6762307Z ✔ parseDomTarget returns the parsed fields and undefined for non-dom or unparsable targets (0.4455ms)
gateway-web	Run node city/test-all.mjs	2026-10-07T03:21:34.6763360Z ✔ parseDomTarget throws on a malformed providerId and accepts the [a-zA-Z0-9_-] class (0.807ms)
gateway-web	Run node city/test-all.mjs	2026-10-07T03:21:34.6764115Z ✔ supports: dom: targets with a selector for mutations and reads, nothing else (0.3632ms)
gateway-web	Run node city/test-all.mjs	2026-10-07T03:21:34.6764877Z ✔ supports does not throw on a malformed providerId (the parse it uses is the lenient one) (1.0504ms)
gateway-web	Run node city/test-all.mjs	2026-10-07T03:21:34.6765718Z ✔ readinessScript is the donor's probe: found / visible / enabled / stableSamples from the live page (0.3832ms)
gateway-web	Run node city/test-all.mjs	2026-10-07T03:21:34.6766526Z ✔ readyOrBlocked returns null when the first probe is ready and probes exactly once (0.4525ms)
gateway-web	Run node city/test-all.mjs	2026-10-07T03:21:34.6767303Z ✔ readyOrBlocked uses the donor's default of 2 attempts and reports the last block reason (0.3234ms)
gateway-web	Run node city/test-all.mjs	2026-10-07T03:21:34.6768153Z ✔ readinessAttempts is honoured as a lower bound of 1, and the retry stops as soon as a probe is ready (0.7152ms)
gateway-web	Run node city/test-all.mjs	2026-10-07T03:21:34.6768970Z ✔ a null/undefined probe answer is treated as no facts, which is ready ('unknown ⇒ pass') (0.4203ms)
gateway-web	Run node city/test-all.mjs	2026-10-07T03:21:34.6769761Z ✔ the retry interval only delays when it is positive, and the page ref reaches every probe (13.4381ms)
gateway-web	Run node city/test-all.mjs	2026-10-07T03:21:34.6770389Z ✔ execute refuses an action without a dom: selector (0.719ms)
gateway-web	Run node city/test-all.mjs	2026-10-07T03:21:34.6770965Z ✔ execute reports a supported-but-unhandled action as UNSUPPORTED (0.2447ms)
gateway-web	Run node city/test-all.mjs	2026-10-07T03:21:34.6771656Z ✔ click_control reports SUCCESS on ok and FAILED with the surface's reason otherwise (0.4271ms)
gateway-web	Run node city/test-all.mjs	2026-10-07T03:21:34.6772409Z ✔ enter_text reports the donor's three outcomes: sent, not-found, unsupported-element (0.6129ms)
gateway-web	Run node city/test-all.mjs	2026-10-07T03:21:34.6773126Z ✔ submit reports SUCCESS on ok and FAILED with the surface's reason otherwise (0.2387ms)
gateway-web	Run node city/test-all.mjs	2026-10-07T03:21:34.6773655Z ✔ read_page returns the text as evidence (0.2971ms)
gateway-web	Run node city/test-all.mjs	2026-10-07T03:21:34.6774390Z ✔ DEFECT PINNED: read_page lacks the `?? { ok: false }` guard the other branches have (0.1958ms)
gateway-web	Run node city/test-all.mjs	2026-10-07T03:21:34.6775280Z ✔ verify_state checks expected ?? value against the page text (0.3881ms)
gateway-web	Run node city/test-all.mjs	2026-10-07T03:21:34.6775934Z ✔ DEFECT PINNED: verify_state with no expected AND no value is a free SUCCESS (0.2075ms)
gateway-web	Run node city/test-all.mjs	2026-10-07T03:21:34.6776624Z ✔ scripts embed JSON-escaped selectors and values, so nothing can break out (0.4533ms)
gateway-web	Run node city/test-all.mjs	2026-10-07T03:21:34.6777792Z ✔ a dom: providerId is forwarded to the page surface, and a provider-less target sends no page ref (0.2399ms)
gateway-web	Run node city/test-all.mjs	2026-10-07T03:21:34.6778587Z ✔ a surface that rejects is caught and truncated to 300 characters (0.385ms)
gateway-web	Run node city/test-all.mjs	2026-10-07T03:21:34.6779291Z ✔ DEFECT PINNED: an invalid providerId rejects execute() instead of returning FAILED (0.3656ms)
gateway-web	Run node city/test-all.mjs	2026-10-07T03:21:34.6780135Z ✔ DEFECT PINNED: a JSON scalar in a dom: target destructures to all-undefined, and null is UNSUPPORTED (0.227ms)
gateway-web	Run node city/test-all.mjs	2026-10-07T03:21:34.6780931Z ✔ preflightReadiness is OFF by default: a mutation proceeds without any probe (0.1992ms)
gateway-web	Run node city/test-all.mjs	2026-10-07T03:21:34.6781698Z ✔ preflightReadiness probes before a mutation and refuses it while the page is not ready (0.2865ms)
gateway-web	Run node city/test-all.mjs	2026-10-07T03:21:34.6782917Z ✔ preflightReadiness lets a ready page through and then performs the action (0.2297ms)
gateway-web	Run node city/test-all.mjs	2026-10-07T03:21:34.6783615Z ✔ preflightReadiness applies to the three mutations only, never to a read (0.4249ms)
gateway-web	Run node city/test-all.mjs	2026-10-07T03:21:34.6784241Z ✔ the preflight probe carries the target's provider page ref (0.1821ms)
gateway-web	Run node city/test-all.mjs	2026-10-07T03:21:34.6784851Z ✔ the abort signal is accepted and ignored, exactly as the donor does (0.2062ms)
gateway-web	Run node city/test-all.mjs	2026-10-07T03:21:34.6785560Z ✔ the permission vocabulary is the donor's five kinds and four security classes, frozen (3.2903ms)
gateway-web	Run node city/test-all.mjs	2026-10-07T03:21:34.6786184Z ✔ EMPTY_MANIFEST is the donor's five empty scopes (0.3965ms)
gateway-web	Run node city/test-all.mjs	2026-10-07T03:21:34.6786793Z ✔ manifestAllows: an empty allow list denies everything, even a perfect match (0.3046ms)
gateway-web	Run node city/test-all.mjs	2026-10-07T03:21:34.6787474Z ✔ manifestAllows: an exact allow entry is allowed, a non-entry is not (0.2567ms)
gateway-web	Run node city/test-all.mjs	2026-10-07T03:21:34.6788161Z ✔ manifestAllows: an entry without a trailing slash is also a directory prefix (0.3474ms)
gateway-web	Run node city/test-all.mjs	2026-10-07T03:21:34.6788826Z ✔ manifestAllows: a deny entry outranks any allow entry (0.2902ms)
gateway-web	Run node city/test-all.mjs	2026-10-07T03:21:34.6789443Z ✔ DEFECT PINNED: a trailing-slash entry is not equivalent to the bare entry (0.3781ms)
gateway-web	Run node city/test-all.mjs	2026-10-07T03:21:34.6790047Z ✔ manifestAllows reads only the scope it was asked about (0.2128ms)
gateway-web	Run node city/test-all.mjs	2026-10-07T03:21:34.6790758Z ✔ manifestNarrow reports task allow entries the workspace does not allow, as kind:allow:entry (0.6088ms)
gateway-web	Run node city/test-all.mjs	2026-10-07T03:21:34.6791498Z ✔ DEFECT PINNED: manifestNarrow never reports an over-broad task deny (0.3543ms)
gateway-web	Run node city/test-all.mjs	2026-10-07T03:21:34.6792204Z ✔ desktopMutationGate always allows the four read actions, with no manifest at all (0.3805ms)
gateway-web	Run node city/test-all.mjs	2026-10-07T03:21:34.6792946Z ✔ desktopMutationGate denies a mutation when there is no manifest (fails closed) (0.2588ms)
gateway-web	Run node city/test-all.mjs	2026-10-07T03:21:34.6793693Z ✔ desktopMutationGate denies a mutation when the manifest has no side-effect allow (0.2667ms)
gateway-web	Run node city/test-all.mjs	2026-10-07T03:21:34.6794495Z ✔ desktopMutationGate allows a mutation only when its computer:<action> entry is allow-listed (1.5063ms)
gateway-web	Run node city/test-all.mjs	2026-10-07T03:21:34.6795500Z ✔ desktopMutationGate lets a deny entry beat an allow entry for the same key (0.3382ms)
gateway-web	Run node city/test-all.mjs	2026-10-07T03:21:34.6796403Z ✔ a side-effect prefix entry cannot grant a computer: key, because the entry separator is / and the key separator is : (0.2247ms)
gateway-web	Run node city/test-all.mjs	2026-10-07T03:21:34.6797190Z ✔ DEFECT PINNED: a permitted verdict carries no reason key at all (0.2256ms)
gateway-web	Run node city/test-all.mjs	2026-10-07T03:21:34.6797860Z ✔ the read set and the mutation check are the only two paths through the gate (0.2985ms)
gateway-web	Run node city/test-all.mjs	2026-10-07T03:21:34.6798559Z ✔ evaluates scripts on the named provider WebContentsView and returns its value (3.3458ms)
gateway-web	Run node city/test-all.mjs	2026-10-07T03:21:34.6799290Z ✔ fails closed when the provider pane is closed, crashed, or the target is ambiguous (0.9546ms)
gateway-web	Run node city/test-all.mjs	2026-10-07T03:21:34.6800167Z ✔ a providerId that was never open reports the same 'not open' message as a closed one (0.568ms)
gateway-web	Run node city/test-all.mjs	2026-10-07T03:21:34.6800801Z ✔ a destroyed pane short-circuits before the crash check (0.3156ms)
gateway-web	Run node city/test-all.mjs	2026-10-07T03:21:34.6801375Z ✔ returns real page content when the named provider pane is open (0.301ms)
gateway-web	Run node city/test-all.mjs	2026-10-07T03:21:34.6802028Z ✔ the accessor is called freshly per lookup, so a pane that opens later is found (0.3442ms)
gateway-web	Run node city/test-all.mjs	2026-10-07T03:21:34.6802696Z ✔ only the script reaches executeJavaScript, with no extra argument (4.0214ms)
gateway-web	Run node city/test-all.mjs	2026-10-07T03:21:34.6803504Z ✔ a rejecting executeJavaScript propagates unchanged (0.4102ms)
gateway-web	Run node city/test-all.mjs	2026-10-07T03:21:34.6804106Z ✔ the composed surface drives the DOM backend end to end over a fake pane (1.383ms)
gateway-web	Run node city/test-all.mjs	2026-10-07T03:21:34.6804747Z ✔ the nine action names are the donor's line-1 union, in order, frozen (2.7232ms)
gateway-web	Run node city/test-all.mjs	2026-10-07T03:21:34.6805406Z ✔ the six unconditional action names are accepted with just a name and target (0.5613ms)
gateway-web	Run node city/test-all.mjs	2026-10-07T03:21:34.6806075Z ✔ every one of the nine action names passes the membership check itself (0.3164ms)
gateway-web	Run node city/test-all.mjs	2026-10-07T03:21:34.6806588Z ✔ a fully-populated action is accepted (0.3739ms)
gateway-web	Run node city/test-all.mjs	2026-10-07T03:21:34.6807258Z ✔ Invalid semantic action: a missing value, an unknown name, a bad or missing target, unknown keys (1.6365ms)
gateway-web	Run node city/test-all.mjs	2026-10-07T03:21:34.6808506Z ✔ Invalid semantic value: value/expected must be strings of at most 100000 characters (0.6286ms)
gateway-web	Run node city/test-all.mjs	2026-10-07T03:21:34.6809146Z ✔ Text value required: enter_text needs a string value (0.5278ms)
gateway-web	Run node city/test-all.mjs	2026-10-07T03:21:34.6809776Z ✔ Expected state required: verify_state and wait_for_state need expected or value (0.58ms)
gateway-web	Run node city/test-all.mjs	2026-10-07T03:21:34.6810427Z ✔ Invalid semantic timeout: only finite numbers in [1, 120000] (0.5556ms)
gateway-web	Run node city/test-all.mjs	2026-10-07T03:21:34.6810977Z ✔ precedence: the first failing check is the one reported (0.56ms)
gateway-web	Run node city/test-all.mjs	2026-10-07T03:21:34.6811550Z ✔ computerIntent opens the three apps it names, in both languages (1.8378ms)
gateway-web	Run node city/test-all.mjs	2026-10-07T03:21:34.6812091Z ✔ computerIntent reads the four fixed read commands (0.454ms)
gateway-web	Run node city/test-all.mjs	2026-10-07T03:21:34.6812693Z ✔ computerIntent parameterises the terminal-log and browser-state forms (1.5112ms)
gateway-web	Run node city/test-all.mjs	2026-10-07T03:21:34.6813351Z ✔ computerIntent parses the desktop {…} JSON form and validates it (0.5152ms)
gateway-web	Run node city/test-all.mjs	2026-10-07T03:21:34.6814100Z ✔ DEFECT PINNED: a malformed desktop {…} body throws SyntaxError, it is not turned into undefined (0.2001ms)
gateway-web	Run node city/test-all.mjs	2026-10-07T03:21:34.6814832Z ✔ computerIntent returns undefined for anything it does not recognise (0.3871ms)
gateway-web	Run node city/test-all.mjs	2026-10-07T03:21:34.6815768Z ✔ DEFECT PINNED: the Chinese VS Code status form needs the donor's exact ASCII space (0.1868ms)
gateway-web	Run node city/test-all.mjs	2026-10-07T03:21:34.6816488Z ✔ the surface id vocabulary is the donor's 23 ids in the donor's order, frozen (3.1746ms)
gateway-web	Run node city/test-all.mjs	2026-10-07T03:21:34.6817071Z ✔ the registry version string is the donor's literal (0.1451ms)
gateway-web	Run node city/test-all.mjs	2026-10-07T03:21:34.6817597Z ✔ the eleven surface categories are the donor's, in order (0.2222ms)
gateway-web	Run node city/test-all.mjs	2026-10-07T03:21:34.6818203Z ✔ the §10 token groups are the donor's five groups and 31 names, in order (0.5094ms)
gateway-web	Run node city/test-all.mjs	2026-10-07T03:21:34.6818835Z ✔ tokenGroupOf resolves each group and rejects a token in no group (0.3911ms)
gateway-web	Run node city/test-all.mjs	2026-10-07T03:21:34.6819442Z ✔ knownToken accepts the §10 names and the six extras, nothing else (0.2595ms)
gateway-web	Run node city/test-all.mjs	2026-10-07T03:21:34.6820109Z ✔ defaultSurfaceContracts covers every §9 surface exactly once, in id order (0.4235ms)
gateway-web	Run node city/test-all.mjs	2026-10-07T03:21:34.6820943Z ✔ every contract row carries the donor's category, allowedProperties, defaultTokens and fallback (1.471ms)
gateway-web	Run node city/test-all.mjs	2026-10-07T03:21:34.6821759Z ✔ the two fallback notes are the donor's strings and only BORDER/DIVIDER/SCROLLBAR inherit (0.5219ms)
gateway-web	Run node city/test-all.mjs	2026-10-07T03:21:34.6822462Z ✔ every contract reads only known tokens and allows at least one property (0.4689ms)
gateway-web	Run node city/test-all.mjs	2026-10-07T03:21:34.6823417Z ✔ defaultSurfaceContracts returns fresh arrays and fallback objects each call (0.3453ms)
gateway-web	Run node city/test-all.mjs	2026-10-07T03:21:34.6824981Z ✔ surfaceById finds a contract by id and returns undefined otherwise (0.3369ms)
gateway-web	Run node city/test-all.mjs	2026-10-07T03:21:34.6826420Z ✔ §9.1 an allowed property with a literal or a declared token is accepted, property normalised (1.2699ms)
gateway-web	Run node city/test-all.mjs	2026-10-07T03:21:34.6827889Z ✔ §9.1 an unknown surface fails closed with UNKNOWN_SURFACE (0.2306ms)
gateway-web	Run node city/test-all.mjs	2026-10-07T03:21:34.6829679Z ✔ §9.1 a property the surface does not allow fails closed with UNKNOWN_PROPERTY (0.2311ms)
gateway-web	Run node city/test-all.mjs	2026-10-07T03:21:34.6830969Z ✔ §9.1 an empty value fails closed with EMPTY_VALUE, checked after the property (0.2079ms)
gateway-web	Run node city/test-all.mjs	2026-10-07T03:21:34.6832163Z ✔ §20 unsafe values fail closed with UNSAFE_VALUE, in pattern order (0.5338ms)
gateway-web	Run node city/test-all.mjs	2026-10-07T03:21:34.6833533Z ✔ DEFECT PINNED: the unsafe patterns match their substring anywhere, including benign values (0.2437ms)
gateway-web	Run node city/test-all.mjs	2026-10-07T03:21:34.6834912Z ✔ DEFECT PINNED: the §10 token scan is var()-only and stops at an underscore (1.5301ms)
gateway-web	Run node city/test-all.mjs	2026-10-07T03:21:34.6836156Z ✔ DEFECT PINNED: LOCKED_SURFACE is unreachable with the donor's SEEDS table (0.2844ms)
gateway-web	Run node city/test-all.mjs	2026-10-07T03:21:34.6837697Z ✔ validateUISurfaceRegistry accepts a complete, honest registry (0.4762ms)
gateway-web	Run node city/test-all.mjs	2026-10-07T03:21:34.6839079Z ✔ validateUISurfaceRegistry reports every missing surface contract, in seed order (0.1796ms)
gateway-web	Run node city/test-all.mjs	2026-10-07T03:21:34.6840720Z ✔ validateUISurfaceRegistry reports duplicate ids, empty properties, empty tokens and undeclared tokens (0.3999ms)
gateway-web	Run node city/test-all.mjs	2026-10-07T03:21:34.6842246Z ✔ validateUISurfaceRegistry enforces the unbound list in both directions (0.4977ms)
gateway-web	Run node city/test-all.mjs	2026-10-07T03:21:34.6843439Z ✔ validateUISurfaceRegistry refuses an evidence-free binding (0.2597ms)
gateway-web	Run node city/test-all.mjs	2026-10-07T03:21:34.6844673Z ✔ summarizeUISurfaceRegistry reports every summary field from the registry (0.2897ms)
gateway-web	Run node city/test-all.mjs	2026-10-07T03:21:34.6846177Z ✔ summarizeUISurfaceRegistry counts bound surfaces and declared tokens, and copies its arrays (0.1898ms)
gateway-web	Run node city/test-all.mjs	2026-10-07T03:21:34.6847346Z ✔ the status vocabulary is the donor three (2.1832ms)
gateway-web	Run node city/test-all.mjs	2026-10-07T03:21:34.6848268Z ✔ the block reasons are the donor five, with the donor strings (0.218ms)
gateway-web	Run node city/test-all.mjs	2026-10-07T03:21:34.6849510Z ✔ the capability → controller table is the donor ten, and it is not the routing table (0.3141ms)
gateway-web	Run node city/test-all.mjs	2026-10-07T03:21:34.6850989Z ✔ controllerIdsFor maps a capability to its controllers and passes an unknown name through (0.2567ms)
gateway-web	Run node city/test-all.mjs	2026-10-07T03:21:34.6852451Z ✔ capabilityIsUsable accepts a capability or a controller id and needs a real hit (0.3925ms)
gateway-web	Run node city/test-all.mjs	2026-10-07T03:21:34.6853675Z ✔ a healthy snapshot is healthy, and it echoes the donor fields (0.8758ms)
gateway-web	Run node city/test-all.mjs	2026-10-07T03:21:34.6854784Z ✔ the default snapshot is healthy but empty, with the donor defaults (0.2689ms)
gateway-web	Run node city/test-all.mjs	2026-10-07T03:21:34.6855917Z ✔ an explicitly degraded probe is degraded while staying available (0.2839ms)
gateway-web	Run node city/test-all.mjs	2026-10-07T03:21:34.6857473Z ✔ an unavailable controller is degraded, unusable and takes the runtime to degraded (0.4177ms)
gateway-web	Run node city/test-all.mjs	2026-10-07T03:21:34.6859039Z ✔ a null controller entry is unavailable, and `available` is only false when it is literally false (0.404ms)
gateway-web	Run node city/test-all.mjs	2026-10-07T03:21:34.6860388Z ✔ a dead channel the contract does not need still degrades the runtime (0.3602ms)
gateway-web	Run node city/test-all.mjs	2026-10-07T03:21:34.6861603Z ✔ BLOCK_REASONS.WORKSPACE_UNAVAILABLE is derived from the workspace guard (0.4244ms)
gateway-web	Run node city/test-all.mjs	2026-10-07T03:21:34.6863108Z ✔ BLOCK_REASONS.ALL_CAPABILITIES_UNAVAILABLE is derived only when every allowed capability is gone (1.5216ms)
gateway-web	Run node city/test-all.mjs	2026-10-07T03:21:34.6864740Z ✔ BLOCK_REASONS.RESOURCE_CEILING is derived from the evidence snapshot and the process capacity (0.4953ms)
gateway-web	Run node city/test-all.mjs	2026-10-07T03:21:34.6866303Z ✔ BLOCK_REASONS.SAFETY_UNAVAILABLE and STATE_INTEGRITY_UNCERTAIN are derived from their flags (0.361ms)
gateway-web	Run node city/test-all.mjs	2026-10-07T03:21:34.6867804Z ✔ every block reason can appear at once, in the donor order, and blocked outranks degraded (0.2627ms)
gateway-web	Run node city/test-all.mjs	2026-10-07T03:21:34.6869156Z ✔ status is blocked, then degraded, then healthy — in that order of precedence (0.2597ms)
gateway-web	Run node city/test-all.mjs	2026-10-07T03:21:34.6870528Z ✔ capabilityVerdict answers the four donor cases, including the unclaimed capability (0.5235ms)
gateway-web	Run node city/test-all.mjs	2026-10-07T03:21:34.6871917Z ✔ capabilityVerdict judges the degraded flag on every controller the table names (0.1991ms)
gateway-web	Run node city/test-all.mjs	2026-10-07T03:21:34.6873251Z ✔ a snapshot built by buildHealthSnapshot feeds capabilityVerdict unchanged (0.2101ms)
gateway-web	Run node city/test-all.mjs	2026-10-07T03:21:34.6874671Z ✔ stabilization re-exports the target-guard room's own revalidate (1.8838ms)
gateway-web	Run node city/test-all.mjs	2026-10-07T03:21:34.6875700Z ✔ the barrel re-exports that same revalidate binding (0.3704ms)
gateway-web	Run node city/test-all.mjs	2026-10-07T03:21:34.6877282Z ✔ recovery uses the routing-safety room's own channel plan table (2.0537ms)
gateway-web	Run node city/test-all.mjs	2026-10-07T03:21:34.6879024Z ✔ the routing-safety room's fallbackChannels is the function that answers (1.0457ms)
gateway-web	Run node city/test-all.mjs	2026-10-07T03:21:34.6880273Z ✔ the sibling-owned bindings are the donor's algorithms, not lookalikes (3.8693ms)
gateway-web	Run node city/test-all.mjs	2026-10-07T03:21:34.6881400Z ✔ every donor export is re-exported, and each one is defined (1.4662ms)
gateway-web	Run node city/test-all.mjs	2026-10-07T03:21:34.6882469Z ✔ the re-exported names are the same bindings the modules define (1.6773ms)
gateway-web	Run node city/test-all.mjs	2026-10-07T03:21:34.6883612Z ✔ MODULES exposes the seven modules plus the local contracts (1.1005ms)
gateway-web	Run node city/test-all.mjs	2026-10-07T03:21:34.6884737Z ✔ the four closed vocabularies are the donor values, through the barrel (0.388ms)
gateway-web	Run node city/test-all.mjs	2026-10-07T03:21:34.6886009Z ✔ one deterministic step clock is shared by every module that needed a default (0.6054ms)
gateway-web	Run node city/test-all.mjs	2026-10-07T03:21:34.6887272Z ✔ the ported modules read the local contracts rather than a sibling import (0.7377ms)
gateway-web	Run node city/test-all.mjs	2026-10-07T03:21:34.6888357Z ✔ the outcome vocabulary and the donor default budget (3.1829ms)
gateway-web	Run node city/test-all.mjs	2026-10-07T03:21:34.6889293Z ✔ no reattach function is exhausted with zero attempts (0.666ms)
gateway-web	Run node city/test-all.mjs	2026-10-07T03:21:34.6890231Z ✔ one attempt below the bound connects on the first try (0.7176ms)
gateway-web	Run node city/test-all.mjs	2026-10-07T03:21:34.6891422Z ✔ the budget is spent per channel and per step: at, just below and just above the bound (0.7673ms)
gateway-web	Run node city/test-all.mjs	2026-10-07T03:21:34.6892782Z ✔ a channel that never comes back is exhausted after exactly maxAttempts attempts (1.5472ms)
gateway-web	Run node city/test-all.mjs	2026-10-07T03:21:34.6893983Z ✔ the backoff is bounded, and a one-attempt budget never spends it (0.9203ms)
gateway-web	Run node city/test-all.mjs	2026-10-07T03:21:34.6895126Z ✔ a reattach that throws is a failed attempt, and the message is carried (0.5115ms)
gateway-web	Run node city/test-all.mjs	2026-10-07T03:21:34.6896325Z ✔ an undefined reattach result counts as attached, a bare false does not (0.5553ms)
gateway-web	Run node city/test-all.mjs	2026-10-07T03:21:34.6897381Z ✔ a fresh step resets the budget but not the event log (0.4322ms)
gateway-web	Run node city/test-all.mjs	2026-10-07T03:21:34.6898515Z ✔ the event log is bounded at 100 entries (2.6265ms)
gateway-web	Run node city/test-all.mjs	2026-10-07T03:21:34.6899349Z ✔ the transport codes are exactly the donor four (0.2339ms)
gateway-web	Run node city/test-all.mjs	2026-10-07T03:21:34.6900586Z ✔ isTransportFailure classifies the donor codes, the raw transport messages and nothing else (0.6138ms)
gateway-web	Run node city/test-all.mjs	2026-10-07T03:21:34.6901925Z ✔ channelOfError prefers the error-named channel and never guesses (0.2683ms)
gateway-web	Run node city/test-all.mjs	2026-10-07T03:21:34.6903196Z ✔ channelHintFor reads the last route, then the capability map, and never guesses (0.2762ms)
gateway-web	Run node city/test-all.mjs	2026-10-07T03:21:34.6904366Z ✔ exhaustedError is the donor RECONNECT_EXHAUSTED failure (0.6824ms)
gateway-web	Run node city/test-all.mjs	2026-10-07T03:21:34.6905315Z ✔ the policy exposes the donor RECONNECT vocabulary (0.1554ms)
gateway-web	Run node city/test-all.mjs	2026-10-07T03:21:34.6906153Z ✔ channel recovery needs a reconnect policy (1.0376ms)
gateway-web	Run node city/test-all.mjs	2026-10-07T03:21:34.6907477Z ✔ recover reattaches through the controller, then proves it with a fresh observation (1.514ms)
gateway-web	Run node city/test-all.mjs	2026-10-07T03:21:34.6908659Z ✔ recover fails when no controller implements the channel (0.4422ms)
gateway-web	Run node city/test-all.mjs	2026-10-07T03:21:34.6909774Z ✔ a controller that still reports unavailable spends the whole budget (0.2901ms)
gateway-web	Run node city/test-all.mjs	2026-10-07T03:21:34.6910829Z ✔ a probe with no reason falls back to the donor sentence (0.2598ms)
gateway-web	Run node city/test-all.mjs	2026-10-07T03:21:34.6911965Z ✔ a reattached channel with an unobservable state is context_invalid (0.6188ms)
gateway-web	Run node city/test-all.mjs	2026-10-07T03:21:34.6913098Z ✔ a contract that is no longer valid after the reconnect is exhausted (0.9141ms)
gateway-web	Run node city/test-all.mjs	2026-10-07T03:21:34.6914210Z ✔ recover without an observer or a validity check still reconnects (0.2317ms)
gateway-web	Run node city/test-all.mjs	2026-10-07T03:21:34.6915231Z ✔ recover defaults a missing channel name to "unknown" (0.2498ms)
gateway-web	Run node city/test-all.mjs	2026-10-07T03:21:34.6916286Z ✔ a controller with no probe or facts is reattached on the host's word (0.2586ms)
gateway-web	Run node city/test-all.mjs	2026-10-07T03:21:34.6917344Z ✔ channel recovery exposes the donor attribution helpers (0.1567ms)
gateway-web	Run node city/test-all.mjs	2026-10-07T03:21:34.6918723Z ✔ the default clock and delay are deterministic (0.249ms)
gateway-web	Run node city/test-all.mjs	2026-10-07T03:21:34.6919603Z ✔ the documented rungs are the donor seven, in order (2.8273ms)
gateway-web	Run node city/test-all.mjs	2026-10-07T03:21:34.6921468Z ✔ the verdict vocabulary is the donor five and VERDICT_BY_STEP has exactly the donor four keys (0.2958ms)
gateway-web	Run node city/test-all.mjs	2026-10-07T03:21:34.6922706Z ✔ USER_ACTION_CODES is the donor nine, in the donor order (0.2375ms)
gateway-web	Run node city/test-all.mjs	2026-10-07T03:21:34.6923818Z ✔ every USER_ACTION_CODE is checked before the retry rung and is terminal (0.6749ms)
gateway-web	Run node city/test-all.mjs	2026-10-07T03:21:34.6924979Z ✔ rung 0 wins over the retry rung even when a retry would be allowed (0.2234ms)
gateway-web	Run node city/test-all.mjs	2026-10-07T03:21:34.6926045Z ✔ a non-retryable failure fails without spending the ladder (0.3738ms)
gateway-web	Run node city/test-all.mjs	2026-10-07T03:21:34.6927117Z ✔ the explicit retryable override is honoured in both directions (0.3806ms)
gateway-web	Run node city/test-all.mjs	2026-10-07T03:21:34.6928400Z ✔ an absent error is retryable, and an error with no code fails by its code-less message (0.2543ms)
gateway-web	Run node city/test-all.mjs	2026-10-07T03:21:34.6929818Z ✔ the attempt counts down against the action retry policy, not the controller default (1.1712ms)
gateway-web	Run node city/test-all.mjs	2026-10-07T03:21:34.6931099Z ✔ the retry rung escalates the visual level only after the first attempt (0.6532ms)
gateway-web	Run node city/test-all.mjs	2026-10-07T03:21:34.6932286Z ✔ nextVisualLevel climbs one rung and stops at the injected ceiling (0.6022ms)
gateway-web	Run node city/test-all.mjs	2026-10-07T03:21:34.6933392Z ✔ the cooldown signals are the donor mapping, de-duplicated (0.5851ms)
gateway-web	Run node city/test-all.mjs	2026-10-07T03:21:34.6934578Z ✔ the alternative rung converts the same intent to the cheapest untried channel (0.4932ms)
gateway-web	Run node city/test-all.mjs	2026-10-07T03:21:34.6936207Z ✔ the alternative rung is skipped when the action forbids an alternative (0.3058ms)
gateway-web	Run node city/test-all.mjs	2026-10-07T03:21:34.6937511Z ✔ the alternative rung is skipped when the retry policy is absent (donor condition) (0.44ms)
gateway-web	Run node city/test-all.mjs	2026-10-07T03:21:34.6938688Z ✔ the replan rung reports, and runs out at maxStallRecoveries (0.5782ms)
gateway-web	Run node city/test-all.mjs	2026-10-07T03:21:34.6939848Z ✔ an action that cannot be converted names the action type on the replan rung (0.3021ms)
gateway-web	Run node city/test-all.mjs	2026-10-07T03:21:34.6941060Z ✔ a CLICK with no target still converts, because vision click pixels (0.2706ms)
gateway-web	Run node city/test-all.mjs	2026-10-07T03:21:34.6942370Z ✔ the round budget is checked before every other rung and defaults to attemptsAllowed + 2 (0.2732ms)
gateway-web	Run node city/test-all.mjs	2026-10-07T03:21:34.6943574Z ✔ decisions() returns every decision in order, as a copy (0.3237ms)
gateway-web	Run node city/test-all.mjs	2026-10-07T03:21:34.6944417Z ✔ the controller reports its own bounds (0.2433ms)
gateway-web	Run node city/test-all.mjs	2026-10-07T03:21:34.6945568Z ✔ stallStep walks the donor ladder one rung at a time and ends terminal at fail_with_context (0.4023ms)
gateway-web	Run node city/test-all.mjs	2026-10-07T03:21:34.6946879Z ✔ stallStep clamps an out-of-range index to the ends of the ladder (0.2445ms)
gateway-web	Run node city/test-all.mjs	2026-10-07T03:21:34.6948024Z ✔ a fractional stall index throws the donor TypeError (0.913ms)
gateway-web	Run node city/test-all.mjs	2026-10-07T03:21:34.6948975Z ✔ mapType is the donor intent × channel table (0.1972ms)
gateway-web	Run node city/test-all.mjs	2026-10-07T03:21:34.6950151Z ✔ alternativeAction is null for a null action and picks the intent per action type (0.2731ms)
gateway-web	Run node city/test-all.mjs	2026-10-07T03:21:34.6951521Z ✔ alternativeAction never offers dom or accessibility for a visual target (0.2562ms)
gateway-web	Run node city/test-all.mjs	2026-10-07T03:21:34.6953127Z ✔ alternativeAction respects the contract capabilities and the used channel (0.2722ms)
gateway-web	Run node city/test-all.mjs	2026-10-07T03:21:34.6954558Z ✔ alternativeAction prefers the cheapest remaining channel and builds the gui point (0.3726ms)
gateway-web	Run node city/test-all.mjs	2026-10-07T03:21:34.6956532Z ✔ alternativeController reads the channel from either shape and answers null otherwise (0.1835ms)
gateway-web	Run node city/test-all.mjs	2026-10-07T03:21:34.6958142Z ✔ exhaustedError is the donor PLAN_EXHAUSTED failure carrying the decision context (0.8906ms)
gateway-web	Run node city/test-all.mjs	2026-10-07T03:21:34.6959661Z ✔ a decision is stamped with the injected clock, and the default clock is a step clock (0.4148ms)
gateway-web	Run node city/test-all.mjs	2026-10-07T03:21:34.6960900Z ✔ the donor constants are 60s TTL and the five small ceilings (3.077ms)
gateway-web	Run node city/test-all.mjs	2026-10-07T03:21:34.6962029Z ✔ classifyRetention answers every donor verdict from the reason text (0.5521ms)
gateway-web	Run node city/test-all.mjs	2026-10-07T03:21:34.6963219Z ✔ classifyRetention answers its undocumented cases as the donor does (0.4283ms)
gateway-web	Run node city/test-all.mjs	2026-10-07T03:21:34.6964417Z ✔ classifyRetention answers its `undefined` case: no argument at all (0.2831ms)
gateway-web	Run node city/test-all.mjs	2026-10-07T03:21:34.6965614Z ✔ registerScreenshot answers the donor `keep`, which is always true (0.956ms)
gateway-web	Run node city/test-all.mjs	2026-10-07T03:21:34.6966913Z ✔ classifyRetention stays a method on the budget, with the module function identity (0.2451ms)
gateway-web	Run node city/test-all.mjs	2026-10-07T03:21:34.6968944Z ✔ an expired transient is dropped on the next enforcement, and a live one is not (0.492ms)
gateway-web	Run node city/test-all.mjs	2026-10-07T03:21:34.6970046Z ✔ a kept failure capture is never expired by the TTL (0.3282ms)
gateway-web	Run node city/test-all.mjs	2026-10-07T03:21:34.6971144Z ✔ the count ceiling evicts a transient before the oldest retained evidence (0.6462ms)
gateway-web	Run node city/test-all.mjs	2026-10-07T03:21:34.6972416Z ✔ the byte ceiling evicts the oldest first, even when both entries are retained (0.6098ms)
gateway-web	Run node city/test-all.mjs	2026-10-07T03:21:34.6973699Z ✔ the count eviction leaves the donor mark on the entry it tagged and dropped (0.4936ms)
gateway-web	Run node city/test-all.mjs	2026-10-07T03:21:34.6975031Z ✔ the byte ceiling does not guard on the donor mark, but never re-drops the same entry (0.3179ms)
gateway-web	Run node city/test-all.mjs	2026-10-07T03:21:34.6976534Z ✔ pressure is kept as the last five eviction events (0.3881ms)
gateway-web	Run node city/test-all.mjs	2026-10-07T03:21:34.6977730Z ✔ atCeiling needs a drop and then real pressure, exactly as the donor defines it (0.4844ms)
gateway-web	Run node city/test-all.mjs	2026-10-07T03:21:34.6979012Z ✔ the ring buffer keeps the newest `capacity` items and reports its capacity (0.5894ms)
gateway-web	Run node city/test-all.mjs	2026-10-07T03:21:34.6980259Z ✔ the injected limits override every default, and the snapshot echoes them (0.3572ms)
gateway-web	Run node city/test-all.mjs	2026-10-07T03:21:34.6981593Z ✔ the default clock is a deterministic step clock, so a TTL cannot expire by surprise (0.3207ms)
gateway-web	Run node city/test-all.mjs	2026-10-07T03:21:34.6982925Z ✔ a capture with no bytes and no reason is still recorded with the donor defaults (0.331ms)
gateway-web	Run node city/test-all.mjs	2026-10-07T03:21:34.6983983Z ✔ the donor vocabulary is eight signals, in order (4.1836ms)
gateway-web	Run node city/test-all.mjs	2026-10-07T03:21:34.6985014Z ✔ the donor aliases map every hyphenated name, including "animation" (0.3693ms)
gateway-web	Run node city/test-all.mjs	2026-10-07T03:21:34.6986266Z ✔ normalizeSignals starts from every signal false and accumulates unknown names (0.5346ms)
gateway-web	Run node city/test-all.mjs	2026-10-07T03:21:34.6987759Z ✔ normalizeSignals accepts the hyphenated array recovery emits, canonical names and unknowns (0.3428ms)
gateway-web	Run node city/test-all.mjs	2026-10-07T03:21:34.6989314Z ✔ normalizeSignals accepts an object, including a mixed one, and only reports truthy unknowns (0.3696ms)
gateway-web	Run node city/test-all.mjs	2026-10-07T03:21:34.6990725Z ✔ the dynamic cooldown starts at the base and adds one step per active signal (0.7274ms)
gateway-web	Run node city/test-all.mjs	2026-10-07T03:21:34.6992052Z ✔ the dynamic cooldown climbs in the donor signal order and stops at the soft ceiling (0.3853ms)
gateway-web	Run node city/test-all.mjs	2026-10-07T03:21:34.6993292Z ✔ a pending navigation jumps the cooldown to the navigation budget (0.3458ms)
gateway-web	Run node city/test-all.mjs	2026-10-07T03:21:34.6994527Z ✔ the escalate flag uses the hard ceiling, and the injected limits are honoured (0.5095ms)
gateway-web	Run node city/test-all.mjs	2026-10-07T03:21:34.6995807Z ✔ signalInputs turns a signal set into the cooldown input, carrying the reasons (0.6546ms)
gateway-web	Run node city/test-all.mjs	2026-10-07T03:21:34.6996985Z ✔ stabilitySignals reports the donor reasons, and only them (0.8433ms)
gateway-web	Run node city/test-all.mjs	2026-10-07T03:21:34.6998093Z ✔ detectSignals expands the same reasons into the named vocabulary (0.4245ms)
gateway-web	Run node city/test-all.mjs	2026-10-07T03:21:34.6999456Z ✔ postActionSignals reads only the receipt and the two observations (0.5486ms)
gateway-web	Run node city/test-all.mjs	2026-10-07T03:21:34.7000655Z ✔ settle returns stable on the first observation when nothing is moving (0.9636ms)
gateway-web	Run node city/test-all.mjs	2026-10-07T03:21:34.7002048Z ✔ settle spends the bounded minimum before the first observation (0.3542ms)
gateway-web	Run node city/test-all.mjs	2026-10-07T03:21:34.7002666Z ✔ settle clamps a minimum above the ceiling to the ceiling (0.3534ms)
gateway-web	Run node city/test-all.mjs	2026-10-07T03:21:34.7003290Z ✔ settle answers reobserve for a stale target and for one that vanished (0.5141ms)
gateway-web	Run node city/test-all.mjs	2026-10-07T03:21:34.7004072Z ✔ settle reports the donor `updated` verdict when the refreshed coordinate is the only change (0.4009ms)
gateway-web	Run node city/test-all.mjs	2026-10-07T03:21:34.7004863Z ✔ settle answers wait_state when the ceiling is reached while the UI keeps changing (0.2976ms)
gateway-web	Run node city/test-all.mjs	2026-10-07T03:21:34.7005585Z ✔ settle merges the caller-carried signals into every cooldown it spends (0.2005ms)
gateway-web	Run node city/test-all.mjs	2026-10-07T03:21:34.7006226Z ✔ waitFor polls until the condition holds and reports what it saw (0.279ms)
gateway-web	Run node city/test-all.mjs	2026-10-07T03:21:34.7006837Z ✔ waitFor times out at its ceiling and is bounded, not unbounded (0.1548ms)
gateway-web	Run node city/test-all.mjs	2026-10-07T03:21:34.7007452Z ✔ grace is bounded by the grace ceiling and reflects the action budget (0.4197ms)
gateway-web	Run node city/test-all.mjs	2026-10-07T03:21:34.7008613Z ✔ afterAction returns quiet once the minimum is spent and nothing is pending (0.5643ms)
gateway-web	Run node city/test-all.mjs	2026-10-07T03:21:34.7009232Z ✔ afterAction ends the moment the effect is observable (0.2805ms)
gateway-web	Run node city/test-all.mjs	2026-10-07T03:21:34.7009838Z ✔ afterAction is bounded by the grace ceiling when the world never settles (0.3147ms)
gateway-web	Run node city/test-all.mjs	2026-10-07T03:21:34.7010488Z ✔ afterAction ignores a landed check that throws, as the donor does (0.4983ms)
gateway-web	Run node city/test-all.mjs	2026-10-07T03:21:34.7011104Z ✔ the trace holds the most recent notes and is bounded (0.5938ms)
gateway-web	Run node city/test-all.mjs	2026-10-07T03:21:34.7011690Z ✔ the stabilizer exposes the donor limits, thresholds and vocabulary (0.2269ms)
gateway-web	Run node city/test-all.mjs	2026-10-07T03:21:34.7012313Z ✔ the default clock is deterministic and never reads a wall clock (1.2641ms)
gateway-web	Run node city/test-all.mjs	2026-10-07T03:21:34.7012865Z ✔ the injected thresholds drive the settle verdicts (0.4176ms)
gateway-web	Run node city/test-all.mjs	2026-10-07T03:21:34.7013469Z ✔ the donor ladder is eight rungs, in order, each with its exact description (2.8516ms)
gateway-web	Run node city/test-all.mjs	2026-10-07T03:21:34.7014106Z ✔ the donor thresholds are 3 consecutive actions and 2 recoveries (0.3392ms)
gateway-web	Run node city/test-all.mjs	2026-10-07T03:21:34.7014811Z ✔ the stall fires exactly at the third consecutive action without progress, not before (0.5233ms)
gateway-web	Run node city/test-all.mjs	2026-10-07T03:21:34.7015495Z ✔ a meaningful change resets the streak and clears stalledSince (0.3219ms)
gateway-web	Run node city/test-all.mjs	2026-10-07T03:21:34.7016108Z ✔ an explicit meaningful flag overrides changed, in both directions (0.3429ms)
gateway-web	Run node city/test-all.mjs	2026-10-07T03:21:34.7016876Z ✔ a changed signature is progress even with no meaningful change, but only once a signature is known (0.2966ms)
gateway-web	Run node city/test-all.mjs	2026-10-07T03:21:34.7017585Z ✔ the record shape is the donor shape, with its own defaults (0.4271ms)
gateway-web	Run node city/test-all.mjs	2026-10-07T03:21:34.7018195Z ✔ the detector accepts injected thresholds and thresholds them exactly (0.562ms)
gateway-web	Run node city/test-all.mjs	2026-10-07T03:21:34.7018819Z ✔ every recovery is counted and the ladder ends at maxRecoveries (0.4613ms)
gateway-web	Run node city/test-all.mjs	2026-10-07T03:21:34.7019454Z ✔ reset clears the streak and the signature but keeps the recovery count (0.4485ms)
gateway-web	Run node city/test-all.mjs	2026-10-07T03:21:34.7020055Z ✔ history is a bounded copy: 250 records keep the newest 200 (1.444ms)
gateway-web	Run node city/test-all.mjs	2026-10-07T03:21:34.7020614Z ✔ the default clock is deterministic: no wall clock is read (0.2627ms)
gateway-web	Run node city/test-all.mjs	2026-10-07T03:21:34.7021173Z ✔ the donor machine is fifteen states and two terminal states (2.5733ms)
gateway-web	Run node city/test-all.mjs	2026-10-07T03:21:34.7022188Z ✔ the transition table is the donor table, edge for edge and in order (0.8332ms)
gateway-web	Run node city/test-all.mjs	2026-10-07T03:21:34.7022840Z ✔ every ordered state pair is exactly as legal as CU_TRANSITIONS says (7.8042ms)
gateway-web	Run node city/test-all.mjs	2026-10-07T03:21:34.7023498Z ✔ an unknown state is STATE_INVALID from canTransition, transition and force (0.458ms)
gateway-web	Run node city/test-all.mjs	2026-10-07T03:21:34.7024130Z ✔ an unknown initial state is STATE_INVALID and names the state (0.3938ms)
gateway-web	Run node city/test-all.mjs	2026-10-07T03:21:34.7024734Z ✔ force bypasses the edge table but is labelled forced in the history (0.4412ms)
gateway-web	Run node city/test-all.mjs	2026-10-07T03:21:34.7025968Z ✔ isTerminal is true only for COMPLETED and FAILED (0.4438ms)
gateway-web	Run node city/test-all.mjs	2026-10-07T03:21:34.7026631Z ✔ the reason carried into a transition is the previous meta reason when meta omits one (0.3671ms)
gateway-web	Run node city/test-all.mjs	2026-10-07T03:21:34.7027325Z ✔ a transition listener sees the edge and can never break the run (0.8209ms)
gateway-web	Run node city/test-all.mjs	2026-10-07T03:21:34.7027856Z ✔ path, previous, reset and the history copy (0.5961ms)
gateway-web	Run node city/test-all.mjs	2026-10-07T03:21:34.7028310Z ✔ a custom initial state starts the path there (1.0581ms)
gateway-web	Run node city/test-all.mjs	2026-10-07T03:21:34.7028784Z ✔ the default clock is a deterministic step clock (0.3147ms)
gateway-web	Run node city/test-all.mjs	2026-10-07T03:21:34.7029481Z ✔ the action type set, expected-effect and parameter vocabularies are exactly the donor lists (3.278ms)
gateway-web	Run node city/test-all.mjs	2026-10-07T03:21:34.7030276Z ✔ a bare action type and the documented envelope both normalize to one action object (2.8513ms)
gateway-web	Run node city/test-all.mjs	2026-10-07T03:21:34.7031010Z ✔ unsupported and non-object actions fail with the donor ACTION_INVALID shape (0.7788ms)
gateway-web	Run node city/test-all.mjs	2026-10-07T03:21:34.7031925Z ✔ parameters are collected in donor order, with keys/args coercion and the raw timeout kept alongside the resolved one (0.7015ms)
gateway-web	Run node city/test-all.mjs	2026-10-07T03:21:34.7032649Z ✔ preconditions default to the donor tri-state (0.344ms)
gateway-web	Run node city/test-all.mjs	2026-10-07T03:21:34.7033591Z ✔ stabilization is clamped into the donor band and rejects an inverted window (0.5539ms)
gateway-web	Run node city/test-all.mjs	2026-10-07T03:21:34.7034286Z ✔ expected effects normalize into one closed shape and reject unknown keys (1.0469ms)
gateway-web	Run node city/test-all.mjs	2026-10-07T03:21:34.7034930Z ✔ retry budgets clamp to the donor 0..5 attempt window without rounding (0.32ms)
gateway-web	Run node city/test-all.mjs	2026-10-07T03:21:34.7035585Z ✔ destructive is normalized into the donor kind list, defaulting to DELETE (0.7081ms)
gateway-web	Run node city/test-all.mjs	2026-10-07T03:21:34.7036244Z ✔ validation rejects an action that is missing the thing it must act on (1.2761ms)
gateway-web	Run node city/test-all.mjs	2026-10-07T03:21:34.7037091Z ✔ the donor `any` fallback to the resolved target lets a DOM_TYPE through without text (preserved donor defect) (0.312ms)
gateway-web	Run node city/test-all.mjs	2026-10-07T03:21:34.7037875Z ✔ requiresTarget is the donor action list plus any resolved target (0.9901ms)
gateway-web	Run node city/test-all.mjs	2026-10-07T03:21:34.7038623Z ✔ describeAction is log-safe: targets labelled, secrets redacted, long payloads truncated (1.0846ms)
gateway-web	Run node city/test-all.mjs	2026-10-07T03:21:34.7039461Z ✔ destructiveKinds derives DELETE/FORMAT/INSTALL/PUBLISH from structured and shell actions (1.0311ms)
gateway-web	Run node city/test-all.mjs	2026-10-07T03:21:34.7040277Z ✔ the target ladder vocabulary is the donor list, cheapest and most stable first (0.3159ms)
gateway-web	Run node city/test-all.mjs	2026-10-07T03:21:34.7041024Z ✔ normalizeTarget accepts the donor shapes and records kinds, rank and primaryKind (1.5942ms)
gateway-web	Run node city/test-all.mjs	2026-10-07T03:21:34.7042159Z ✔ the donor reads a bare lowercase word as a CSS selector (preserved donor defect) (0.3151ms)
gateway-web	Run node city/test-all.mjs	2026-10-07T03:21:34.7042931Z ✔ normalizeTarget rejects malformed targets with the donor TARGET_INVALID messages (1.1634ms)
gateway-web	Run node city/test-all.mjs	2026-10-07T03:21:34.7043630Z ✔ describeTarget labels the target the way the execution log reads it (0.3027ms)
gateway-web	Run node city/test-all.mjs	2026-10-07T03:21:34.7044263Z ✔ a minimal contract is the donor default document, field for field (4.1297ms)
gateway-web	Run node city/test-all.mjs	2026-10-07T03:21:34.7044844Z ✔ a contract must be an object and must carry a goal (1.2778ms)
gateway-web	Run node city/test-all.mjs	2026-10-07T03:21:34.7045440Z ✔ capabilities are a closed vocabulary: deduplicated, never guessed (0.9203ms)
gateway-web	Run node city/test-all.mjs	2026-10-07T03:21:34.7046164Z ✔ the destructive mode is a closed vocabulary that fails loud instead of defaulting open (0.712ms)
gateway-web	Run node city/test-all.mjs	2026-10-07T03:21:34.7047019Z ✔ safety posture keeps the donor defaults and normalizes forbidden targets through the target model (1.3863ms)
gateway-web	Run node city/test-all.mjs	2026-10-07T03:21:34.7047813Z ✔ limits are clamped to the donor windows and fall back to the effective options (0.6964ms)
gateway-web	Run node city/test-all.mjs	2026-10-07T03:21:34.7048584Z ✔ vision retention is a closed vocabulary and screenshot ceilings keep the donor defaults (0.7408ms)
gateway-web	Run node city/test-all.mjs	2026-10-07T03:21:34.7049253Z ✔ autonomy is opt-in and the workspace never invents a cwd (0.581ms)
gateway-web	Run node city/test-all.mjs	2026-10-07T03:21:34.7049915Z ✔ success criteria are normalized up front, so a bad criterion fails at contract time (0.799ms)
gateway-web	Run node city/test-all.mjs	2026-10-07T03:21:34.7050736Z ✔ plan steps are normalized into donor envelopes and invalid actions are wrapped as PLAN_INVALID (5.0554ms)
gateway-web	Run node city/test-all.mjs	2026-10-07T03:21:34.7051753Z ✔ the donor plan step keeps the contract retry limit out of its actions (preserved donor defect) (0.3758ms)
gateway-web	Run node city/test-all.mjs	2026-10-07T03:21:34.7052518Z ✔ capability assertion fails closed with the donor codes and messages (0.6251ms)
gateway-web	Run node city/test-all.mjs	2026-10-07T03:21:34.7053205Z ✔ declared destructive kinds are filtered against the closed donor families (0.4285ms)
gateway-web	Run node city/test-all.mjs	2026-10-07T03:21:34.7053864Z ✔ describeContract is a log-safe summary, never the plan payload (0.9948ms)
gateway-web	Run node city/test-all.mjs	2026-10-07T03:21:34.7054553Z ✔ the resolved config block is an explicit parameter, replacing the donor file read (0.3963ms)
gateway-web	Run node city/test-all.mjs	2026-10-07T03:21:34.7055204Z ✔ the action surface is the donor closed list, in donor order (2.9832ms)
gateway-web	Run node city/test-all.mjs	2026-10-07T03:21:34.7055855Z ✔ capability routing covers every action and uses the donor capability names (0.1931ms)
gateway-web	Run node city/test-all.mjs	2026-10-07T03:21:34.7056555Z ✔ the route ladder is cheapest-first and the controller map is the donor map (0.3314ms)
gateway-web	Run node city/test-all.mjs	2026-10-07T03:21:34.7057264Z ✔ the state machine, its transitions and its terminal states are the donor lists (0.439ms)
gateway-web	Run node city/test-all.mjs	2026-10-07T03:21:34.7057976Z ✔ verification kinds, verdicts and screenshot levels are the donor values (0.3878ms)
gateway-web	Run node city/test-all.mjs	2026-10-07T03:21:34.7059196Z ✔ capabilities, destructive kinds/modes, retention, step results and run status are the donor lists (0.2742ms)
gateway-web	Run node city/test-all.mjs	2026-10-07T03:21:34.7060020Z ✔ timing, movement, stall, retry and contract defaults keep the donor thresholds (0.3957ms)
gateway-web	Run node city/test-all.mjs	2026-10-07T03:21:34.7060810Z ✔ resolveComputerUseOptions with no config block is exactly the donor default resolution (0.8958ms)
gateway-web	Run node city/test-all.mjs	2026-10-07T03:21:34.7061552Z ✔ the config block is the middle layer: defaults, then block, then overrides (0.565ms)
gateway-web	Run node city/test-all.mjs	2026-10-07T03:21:34.7062652Z ✔ positive limits accept integers only and otherwise keep the shipped default (0.7574ms)
gateway-web	Run node city/test-all.mjs	2026-10-07T03:21:34.7063389Z ✔ an unknown destructive mode falls back to confirm instead of widening the gate (0.4878ms)
gateway-web	Run node city/test-all.mjs	2026-10-07T03:21:34.7064261Z ✔ capability lists are filtered without de-duplication, and a non-array keeps the shipped list by identity (1.3808ms)
gateway-web	Run node city/test-all.mjs	2026-10-07T03:21:34.7064982Z ✔ the filesystem escape hatches are strict booleans (0.2756ms)
gateway-web	Run node city/test-all.mjs	2026-10-07T03:21:34.7065525Z ✔ timing values are rounded and clamped into the donor bands (0.361ms)
gateway-web	Run node city/test-all.mjs	2026-10-07T03:21:34.7066202Z ✔ target movement is copied unsmoothed, and a null override reads as 0 (donor quirk) (0.3612ms)
gateway-web	Run node city/test-all.mjs	2026-10-07T03:21:34.7066916Z ✔ the stall threshold comes from the config block, never from a zero override (0.2528ms)
gateway-web	Run node city/test-all.mjs	2026-10-07T03:21:34.7067626Z ✔ a null config block still throws the donor TypeError (preserved donor defect) (1.0015ms)
gateway-web	Run node city/test-all.mjs	2026-10-07T03:21:34.7068288Z ✔ the criterion vocabulary is the donor closed list, in donor order (2.8424ms)
gateway-web	Run node city/test-all.mjs	2026-10-07T03:21:34.7069027Z ✔ a bare string is a custom criterion, normalized criteria carry kindAlias and a description (0.7232ms)
gateway-web	Run node city/test-all.mjs	2026-10-07T03:21:34.7069892Z ✔ the donor alias only applies to `type`, so `kind: "file"` survives unexpanded (preserved donor defect) (0.8649ms)
gateway-web	Run node city/test-all.mjs	2026-10-07T03:21:34.7070631Z ✔ an object criterion must be plain and must name a supported kind (0.8217ms)
gateway-web	Run node city/test-all.mjs	2026-10-07T03:21:34.7071273Z ✔ negation is coerced to a boolean and only stored when the author wrote it (0.3428ms)
gateway-web	Run node city/test-all.mjs	2026-10-07T03:21:34.7071863Z ✔ all/any nest their criteria and refuse an empty list (0.7229ms)
gateway-web	Run node city/test-all.mjs	2026-10-07T03:21:34.7072604Z ✔ the donor describes an `of`-shaped all/any before it expands it, so it crashes (preserved donor defect) (1.0423ms)
gateway-web	Run node city/test-all.mjs	2026-10-07T03:21:34.7073330Z ✔ normalizeCriteria accepts a list, a single entry, or nothing (0.4014ms)
gateway-web	Run node city/test-all.mjs	2026-10-07T03:21:34.7073887Z ✔ every criterion kind has the donor description string (0.821ms)
gateway-web	Run node city/test-all.mjs	2026-10-07T03:21:34.7074521Z ✔ evaluation is per-kind and reads only the injected facts (3.801ms)
gateway-web	Run node city/test-all.mjs	2026-10-07T03:21:34.7075787Z ✔ missing evidence is unknown, never true, and the result shape is the donor shape (0.4244ms)
gateway-web	Run node city/test-all.mjs	2026-10-07T03:21:34.7077061Z ✔ negate flips a known verdict and leaves an unknown verdict unknown (0.2217ms)
gateway-web	Run node city/test-all.mjs	2026-10-07T03:21:34.7078204Z ✔ all/any combine child verdicts with the donor three-valued rules (0.6805ms)
gateway-web	Run node city/test-all.mjs	2026-10-07T03:21:34.7079583Z ✔ a custom criterion consults the custom fact or the named check function (0.3467ms)
gateway-web	Run node city/test-all.mjs	2026-10-07T03:21:34.7080819Z ✔ no criteria means satisfied and skipped — the donor completion rule (0.3716ms)
gateway-web	Run node city/test-all.mjs	2026-10-07T03:21:34.7082474Z ✔ evaluateCriteria reports per-criterion results and treats unknown as not satisfied (0.3536ms)
gateway-web	Run node city/test-all.mjs	2026-10-07T03:21:34.7084100Z ✔ an already-normalized array is used as-is, so a raw object keeps its raw kind (preserved donor defect) (0.1678ms)
gateway-web	Run node city/test-all.mjs	2026-10-07T03:21:34.7085504Z ✔ CODES holds every donor member, in donor order, with the donor values (2.9548ms)
gateway-web	Run node city/test-all.mjs	2026-10-07T03:21:34.7086501Z ✔ the two donor aliases stay aliases, not copies (0.156ms)
gateway-web	Run node city/test-all.mjs	2026-10-07T03:21:34.7087479Z ✔ defaultRetryable is the donor table and nothing wider (0.3394ms)
gateway-web	Run node city/test-all.mjs	2026-10-07T03:21:34.7088706Z ✔ ComputerUseError carries code, message, details, retryability and fault boundary (0.4924ms)
gateway-web	Run node city/test-all.mjs	2026-10-07T03:21:34.7089985Z ✔ the message falls back to the code, and empty fault fields become null (0.2455ms)
gateway-web	Run node city/test-all.mjs	2026-10-07T03:21:34.7091256Z ✔ an explicit retryable detail wins over the default table, coerced to boolean (0.2232ms)
gateway-web	Run node city/test-all.mjs	2026-10-07T03:21:34.7093388Z ✔ toJSON is the log shape, with details redacted and no extra keys (0.4786ms)
gateway-web	Run node city/test-all.mjs	2026-10-07T03:21:34.7094566Z ✔ redaction matches the donor key pattern, recursively, and only on keys (0.422ms)
gateway-web	Run node city/test-all.mjs	2026-10-07T03:21:34.7095950Z ✔ redaction turns any non-plain object into its enumerable entries (preserved donor defect) (0.3897ms)
gateway-web	Run node city/test-all.mjs	2026-10-07T03:21:34.7097078Z ✔ fail() is the donor constructor shorthand (0.4624ms)
gateway-web	Run node city/test-all.mjs	2026-10-07T03:21:34.7098174Z ✔ every module is pure ESM: no fs, network, clock, randomness, env, cwd or require (13.1564ms)
gateway-web	Run node city/test-all.mjs	2026-10-07T03:21:34.7099332Z ✔ every JSDoc header names its donor file and the frozen commit (4.8396ms)
gateway-web	Run node city/test-all.mjs	2026-10-07T03:21:34.7100420Z ✔ the barrel exposes exactly the donor-derived public surface (1.2044ms)
gateway-web	Run node city/test-all.mjs	2026-10-07T03:21:34.7101494Z ✔ the DONOR.json record matches the manifest assignment exactly (5.6491ms)
gateway-web	Run node city/test-all.mjs	2026-10-07T03:21:34.7102831Z ✔ a contract built through the barrel composes with criteria evaluation and typed failures (4.8457ms)
gateway-web	Run node city/test-all.mjs	2026-10-07T03:21:34.7104270Z ✔ the options resolver is reachable from the barrel and honours an explicit block (0.3822ms)
gateway-web	Run node city/test-all.mjs	2026-10-07T03:21:34.7105529Z ✔ the grade and risk vocabularies and their orders are the donor ones (3.4111ms)
gateway-web	Run node city/test-all.mjs	2026-10-07T03:21:34.7106570Z ✔ the risk action sets are the donor lists, in order (0.3154ms)
gateway-web	Run node city/test-all.mjs	2026-10-07T03:21:34.7107541Z ✔ no action may be in both the high-risk and the low-risk list (0.2473ms)
gateway-web	Run node city/test-all.mjs	2026-10-07T03:21:34.7108611Z ✔ classifyRisk with no action is standard with the donor reason (1.5592ms)
gateway-web	Run node city/test-all.mjs	2026-10-07T03:21:34.7109525Z ✔ classifyRisk grades a low-risk action low (1.363ms)
gateway-web	Run node city/test-all.mjs	2026-10-07T03:21:34.7110410Z ✔ classifyRisk grades a named side effect high (0.3387ms)
gateway-web	Run node city/test-all.mjs	2026-10-07T03:21:34.7111530Z ✔ classifyRisk grades an interactive desktop or browser action standard (0.3152ms)
gateway-web	Run node city/test-all.mjs	2026-10-07T03:21:34.7112983Z ✔ a declared destructive kind is critical whatever the type is (0.4321ms)
gateway-web	Run node city/test-all.mjs	2026-10-07T03:21:34.7114390Z ✔ a destructive array is filtered to the donor vocabulary, and an empty one does not raise the risk (0.4355ms)
gateway-web	Run node city/test-all.mjs	2026-10-07T03:21:34.7115790Z ✔ destructive:true raises the risk on its own and records the donor reason (0.382ms)
gateway-web	Run node city/test-all.mjs	2026-10-07T03:21:34.7117022Z ✔ a destructive description or target name raises the risk to critical (0.2804ms)
gateway-web	Run node city/test-all.mjs	2026-10-07T03:21:34.7118387Z ✔ the donor keyword table is scanned in order and every field of the target is searched (0.3162ms)
gateway-web	Run node city/test-all.mjs	2026-10-07T03:21:34.7119693Z ✔ the declared kinds and the keyword reason are recorded together, kinds last (0.1955ms)
gateway-web	Run node city/test-all.mjs	2026-10-07T03:21:34.7120742Z ✔ a keyword boundary needs a non-letter on each side (0.3131ms)
gateway-web	Run node city/test-all.mjs	2026-10-07T03:21:34.7121860Z ✔ a modal dismissal is low risk even when its own text names a destructive effect (0.2806ms)
gateway-web	Run node city/test-all.mjs	2026-10-07T03:21:34.7123020Z ✔ gradeEvidence refuses to grade anything that did not succeed (0.4199ms)
gateway-web	Run node city/test-all.mjs	2026-10-07T03:21:34.7124419Z ✔ a controller-declared strength wins, and the strongest entry is taken (0.2412ms)
gateway-web	Run node city/test-all.mjs	2026-10-07T03:21:34.7125712Z ✔ a single unrecognised declared strength discards the whole declaration (0.1452ms)
gateway-web	Run node city/test-all.mjs	2026-10-07T03:21:34.7127010Z ✔ the specific verification kinds grade strong and carry the donor reason (0.1952ms)
gateway-web	Run node city/test-all.mjs	2026-10-07T03:21:34.7128038Z ✔ state, focus and visual observations grade medium (0.2381ms)
gateway-web	Run node city/test-all.mjs	2026-10-07T03:21:34.7129016Z ✔ a declared expected effect that held upgrades the observation (0.2836ms)
gateway-web	Run node city/test-all.mjs	2026-10-07T03:21:34.7130184Z ✔ the declared effect is read from the action when the input does not say (0.2056ms)
gateway-web	Run node city/test-all.mjs	2026-10-07T03:21:34.7131192Z ✔ a bare change detection grades weak (0.1506ms)
gateway-web	Run node city/test-all.mjs	2026-10-07T03:21:34.7132071Z ✔ an unknown or absent verification kind grades weak (0.1674ms)
gateway-web	Run node city/test-all.mjs	2026-10-07T03:21:34.7133909Z ✔ a strong kind outranks a declared strength because it is checked first only when no entry declares one (0.1666ms)
gateway-web	Run node city/test-all.mjs	2026-10-07T03:21:34.7135458Z ✔ assess fails immediately when the verdict is not success, whatever the risk (0.3719ms)
gateway-web	Run node city/test-all.mjs	2026-10-07T03:21:34.7136636Z ✔ a low-risk action clears the bar with weak evidence (0.1852ms)
gateway-web	Run node city/test-all.mjs	2026-10-07T03:21:34.7137883Z ✔ a standard-risk action needs medium evidence: just below fails, just above passes (0.1751ms)
gateway-web	Run node city/test-all.mjs	2026-10-07T03:21:34.7139999Z ✔ a high-risk action needs strong evidence: just below fails, just above passes (0.2856ms)
gateway-web	Run node city/test-all.mjs	2026-10-07T03:21:34.7141349Z ✔ a critical action without a declared effect is refused even with strong evidence (0.2159ms)
gateway-web	Run node city/test-all.mjs	2026-10-07T03:21:34.7142723Z ✔ a critical action clears the bar only with strong evidence and a declared effect (0.2874ms)
gateway-web	Run node city/test-all.mjs	2026-10-07T03:21:34.7144007Z ✔ the risk bar is not satisfied by a higher risk alone: the grade must reach it (0.1661ms)
gateway-web	Run node city/test-all.mjs	2026-10-07T03:21:34.7145407Z ✔ FILE_DELETE is high risk, not critical: it is not in the keyword table and declares no kinds (0.4285ms)
gateway-web	Run node city/test-all.mjs	2026-10-07T03:21:34.7146757Z ✔ a modal dismissal is the one critical-risk exemption from declaring an effect (0.2328ms)
gateway-web	Run node city/test-all.mjs	2026-10-07T03:21:34.7148171Z ✔ an explicit declaredEffect argument satisfies the critical declaration requirement (0.1487ms)
gateway-web	Run node city/test-all.mjs	2026-10-07T03:21:34.7149418Z ✔ assess concatenates the grade reasons before the risk reasons (0.1113ms)
gateway-web	Run node city/test-all.mjs	2026-10-07T03:21:34.7150679Z ✔ a critical-risk action is only reached through a declared kind, a true flag or a keyword (0.1887ms)
gateway-web	Run node city/test-all.mjs	2026-10-07T03:21:34.7152010Z ✔ classifyControl follows the donor table order for every label branch (5.0141ms)
gateway-web	Run node city/test-all.mjs	2026-10-07T03:21:34.7153647Z ✔ classifyControl trims its input, and non-string labels are stringified (0.7788ms)
gateway-web	Run node city/test-all.mjs	2026-10-07T03:21:34.7154991Z ✔ the destructive table wins over every later table for the same label (0.1487ms)
gateway-web	Run node city/test-all.mjs	2026-10-07T03:21:34.7156080Z ✔ the donor reasons for one label of each class are exact (0.4287ms)
gateway-web	Run node city/test-all.mjs	2026-10-07T03:21:34.7157132Z ✔ the label tables are the donor tables, entry by entry (0.3482ms)
gateway-web	Run node city/test-all.mjs	2026-10-07T03:21:34.7158297Z ✔ classifyModal classifies every control and counts the classes (1.4439ms)
gateway-web	Run node city/test-all.mjs	2026-10-07T03:21:34.7159704Z ✔ classifyModal falls back to name/text for the label and null for absent fields (0.3983ms)
gateway-web	Run node city/test-all.mjs	2026-10-07T03:21:34.7161228Z ✔ a destructive message is recognised from message or text, first table entry first (0.2729ms)
gateway-web	Run node city/test-all.mjs	2026-10-07T03:21:34.7162674Z ✔ a dialog with no controls asks the user and carries the message kind (0.6345ms)
gateway-web	Run node city/test-all.mjs	2026-10-07T03:21:34.7164022Z ✔ a safe dismissal is always preferred, even beside a destructive control (0.6792ms)
gateway-web	Run node city/test-all.mjs	2026-10-07T03:21:34.7165422Z ✔ a forbidden contract refuses a destructive confirmation and names the kinds (0.3833ms)
gateway-web	Run node city/test-all.mjs	2026-10-07T03:21:34.7166771Z ✔ a destructive control without a declared matching effect asks the user (0.2967ms)
gateway-web	Run node city/test-all.mjs	2026-10-07T03:21:34.7167975Z ✔ a matched effect but no safety authorization still asks the user (0.2947ms)
gateway-web	Run node city/test-all.mjs	2026-10-07T03:21:34.7169241Z ✔ all three conditions together authorize pressing the destructive control (0.2972ms)
gateway-web	Run node city/test-all.mjs	2026-10-07T03:21:34.7170865Z ✔ the kind set is the action kinds, then the control kinds, then the message kind, and the reason lists them all (0.3432ms)
gateway-web	Run node city/test-all.mjs	2026-10-07T03:21:34.7172818Z ✔ a positive confirmation needs a declared effect or a declared destructive kind (0.3664ms)
gateway-web	Run node city/test-all.mjs	2026-10-07T03:21:34.7174626Z ✔ a positive confirmation is reached only after the destructive and safe tables (0.2031ms)
gateway-web	Run node city/test-all.mjs	2026-10-07T03:21:34.7175808Z ✔ an acknowledgement is pressed only when the dialog is harmless (0.5636ms)
gateway-web	Run node city/test-all.mjs	2026-10-07T03:21:34.7176939Z ✔ an unclassifiable dialog asks the user and lists the labels it saw (0.3836ms)
gateway-web	Run node city/test-all.mjs	2026-10-07T03:21:34.7178125Z ✔ destructiveAllowed allows everything except an explicit forbidden mode (0.1458ms)
gateway-web	Run node city/test-all.mjs	2026-10-07T03:21:34.7179213Z ✔ isDestructiveKind is the donor vocabulary check (0.1372ms)
gateway-web	Run node city/test-all.mjs	2026-10-07T03:21:34.7180416Z ✔ planModal classifies candidates, drops disabled ones and reports the chosen ref (0.2491ms)
gateway-web	Run node city/test-all.mjs	2026-10-07T03:21:34.7181779Z ✔ planModal on an empty input asks the user with the donor reason (0.1752ms)
gateway-web	Run node city/test-all.mjs	2026-10-07T03:21:34.7183057Z ✔ planModal drops every disabled control and reports the surface it chose (0.1503ms)
gateway-web	Run node city/test-all.mjs	2026-10-07T03:21:34.7184593Z ✔ planModal forwards its context, so the destructive decision still needs all three conditions (0.2974ms)
gateway-web	Run node city/test-all.mjs	2026-10-07T03:21:34.7186006Z ✔ CHANNEL_PLANS is the donor plan table, action type by action type (3.3341ms)
gateway-web	Run node city/test-all.mjs	2026-10-07T03:21:34.7188025Z ✔ every plan channel has a capability and a controller, exactly as declared (0.3501ms)
gateway-web	Run node city/test-all.mjs	2026-10-07T03:21:34.7189242Z ✔ fallbackChannels returns a copy, never the frozen plan itself (0.2629ms)
gateway-web	Run node city/test-all.mjs	2026-10-07T03:21:34.7190583Z ✔ channelRank is the index in the donor cost ladder, and the ladder length when unknown (0.2827ms)
gateway-web	Run node city/test-all.mjs	2026-10-07T03:21:34.7191714Z ✔ isBrowserAction matches only BROWSER_ and DOM_ prefixes (0.3365ms)
gateway-web	Run node city/test-all.mjs	2026-10-07T03:21:34.7192717Z ✔ an unknown action type is refused with the donor reason and code (0.4616ms)
gateway-web	Run node city/test-all.mjs	2026-10-07T03:21:34.7194381Z ✔ CLICK resolves to the DOM with the donor reason and an ordered alternative list (0.5478ms)
gateway-web	Run node city/test-all.mjs	2026-10-07T03:21:34.7195816Z ✔ a contract that withholds the winning capability records the refusal and moves on (0.4079ms)
gateway-web	Run node city/test-all.mjs	2026-10-07T03:21:34.7197208Z ✔ an unavailable controller is described with the donor label and host reason (1.5076ms)
gateway-web	Run node city/test-all.mjs	2026-10-07T03:21:34.7198627Z ✔ pageReady is not consulted on the api channel: a navigation still routes to the api (0.5249ms)
gateway-web	Run node city/test-all.mjs	2026-10-07T03:21:34.7199987Z ✔ a channel that is available but unsuited reports the unsuitability reason (0.5983ms)
gateway-web	Run node city/test-all.mjs	2026-10-07T03:21:34.7201288Z ✔ an unavailable channel is reported before an unsuited one on the same action (0.2936ms)
gateway-web	Run node city/test-all.mjs	2026-10-07T03:21:34.7202790Z ✔ the accessibility channel accepts FOCUS without a resolved point, and CLICK is not in its plan list (0.3354ms)
gateway-web	Run node city/test-all.mjs	2026-10-07T03:21:34.7204091Z ✔ an accessibility node resolves through the ax source (0.2356ms)
gateway-web	Run node city/test-all.mjs	2026-10-07T03:21:34.7205088Z ✔ TYPE prefers the DOM, then accessibility, then coordinates (0.3645ms)
gateway-web	Run node city/test-all.mjs	2026-10-07T03:21:34.7206043Z ✔ point and vision channels carry the donor reasons (0.3059ms)
gateway-web	Run node city/test-all.mjs	2026-10-07T03:21:34.7207303Z ✔ OPEN_APP reaches the shell channel and the api channel is measured against browser availability (0.213ms)
gateway-web	Run node city/test-all.mjs	2026-10-07T03:21:34.7208651Z ✔ availability entries are available unless explicitly set to false (0.2737ms)
gateway-web	Run node city/test-all.mjs	2026-10-07T03:21:34.7209853Z ✔ every routing reason is the donor string, reached through its own channel (0.6846ms)
gateway-web	Run node city/test-all.mjs	2026-10-07T03:21:34.7210950Z ✔ TYPING_ACTIONS and POINTING_ACTIONS are the donor sets (3.4236ms)
gateway-web	Run node city/test-all.mjs	2026-10-07T03:21:34.7212057Z ✔ the destructive gate classifies a harmless action as allowed (0.731ms)
gateway-web	Run node city/test-all.mjs	2026-10-07T03:21:34.7213330Z ✔ a destructive action with no contract falls back to confirm and records the exact reason (0.345ms)
gateway-web	Run node city/test-all.mjs	2026-10-07T03:21:34.7215095Z ✔ a forbidden contract refuses with DESTRUCTIVE_FORBIDDEN and the exact reason (0.2884ms)
gateway-web	Run node city/test-all.mjs	2026-10-07T03:21:34.7216431Z ✔ an allowed contract lets a destructive action through with no confirmation flag (0.3003ms)
gateway-web	Run node city/test-all.mjs	2026-10-07T03:21:34.7217528Z ✔ a shell command is classified by the donor patterns (1.1042ms)
gateway-web	Run node city/test-all.mjs	2026-10-07T03:21:34.7218588Z ✔ an action that declares its own destructive kinds keeps them verbatim (0.2822ms)
gateway-web	Run node city/test-all.mjs	2026-10-07T03:21:34.7220029Z ✔ the options contract is the fallback when the call carries no contract (0.2595ms)
gateway-web	Run node city/test-all.mjs	2026-10-07T03:21:34.7221495Z ✔ assertActionAllowed throws DESTRUCTIVE_NEEDS_CONFIRMATION when the host supplies no confirm callback (1.2772ms)
gateway-web	Run node city/test-all.mjs	2026-10-07T03:21:34.7223050Z ✔ assertActionAllowed throws DESTRUCTIVE_FORBIDDEN before it ever asks for confirmation (0.6032ms)
gateway-web	Run node city/test-all.mjs	2026-10-07T03:21:34.7224455Z ✔ assertActionAllowed returns the decision for a harmless action and for an already-confirmed one (0.3309ms)
gateway-web	Run node city/test-all.mjs	2026-10-07T03:21:34.7225901Z ✔ the confirmation callback path is ported but no host supplies one (unreachable by construction) (0.4595ms)
gateway-web	Run node city/test-all.mjs	2026-10-07T03:21:34.7227202Z ✔ a refused confirmation throws SAFETY_REFUSED with the donor message (0.3563ms)
gateway-web	Run node city/test-all.mjs	2026-10-07T03:21:34.7228362Z ✔ decisions() is an audit trail of every decision, with the injected clock (0.4858ms)
gateway-web	Run node city/test-all.mjs	2026-10-07T03:21:34.7229333Z ✔ checkWindow skips every non-pointing action (0.1999ms)
gateway-web	Run node city/test-all.mjs	2026-10-07T03:21:34.7230470Z ✔ checkWindow checks ACCESSIBILITY_INVOKE too even though it is not a pointing action (0.4132ms)
gateway-web	Run node city/test-all.mjs	2026-10-07T03:21:34.7231932Z ✔ checkWindow allows the expected foreground window and records its handle as a string (0.2605ms)
gateway-web	Run node city/test-all.mjs	2026-10-07T03:21:34.7234708Z ✔ an unobservable foreground refuses a coordinate click with WINDOW_MISMATCH and the donor reason (0.1941ms)
gateway-web	Run node city/test-all.mjs	2026-10-07T03:21:34.7236076Z ✔ an unobservable world refuses with the same code and reason (0.2094ms)
gateway-web	Run node city/test-all.mjs	2026-10-07T03:21:34.7237429Z ✔ a different foreground window is refused, naming the observed title and pid (0.2167ms)
gateway-web	Run node city/test-all.mjs	2026-10-07T03:21:34.7238713Z ✔ an action with no window expectation skips the foreground check (0.1708ms)
gateway-web	Run node city/test-all.mjs	2026-10-07T03:21:34.7239961Z ✔ the foreground toggle is read from the guard options, never from the call context (0.2536ms)
gateway-web	Run node city/test-all.mjs	2026-10-07T03:21:34.7241178Z ✔ assertWindowAllowed throws the window decision code and details (0.4729ms)
gateway-web	Run node city/test-all.mjs	2026-10-07T03:21:34.7242204Z ✔ checkFocus skips every non-typing action (0.3513ms)
gateway-web	Run node city/test-all.mjs	2026-10-07T03:21:34.7243219Z ✔ a verified focus receipt is trusted without consulting the world (0.266ms)
gateway-web	Run node city/test-all.mjs	2026-10-07T03:21:34.7244290Z ✔ typing with no target and no focus is refused with FOCUS_MISMATCH (0.1902ms)
gateway-web	Run node city/test-all.mjs	2026-10-07T03:21:34.7245467Z ✔ typing with no target but a focused element is allowed from the world (0.1608ms)
gateway-web	Run node city/test-all.mjs	2026-10-07T03:21:34.7246601Z ✔ a targeted type with no focus is refused, naming the target (0.1934ms)
gateway-web	Run node city/test-all.mjs	2026-10-07T03:21:34.7247681Z ✔ focus on the wrong element is refused with the donor detail fields (0.3733ms)
gateway-web	Run node city/test-all.mjs	2026-10-07T03:21:34.7248774Z ✔ focus on any reference the target resolves to is accepted (0.1729ms)
gateway-web	Run node city/test-all.mjs	2026-10-07T03:21:34.7250073Z ✔ a semantic target resolves refs by name containment, and an unrelated pool cannot prove focus (0.396ms)
gateway-web	Run node city/test-all.mjs	2026-10-07T03:21:34.7251454Z ✔ the focus toggle is honoured from the guard options, unlike the window toggle (0.2152ms)
gateway-web	Run node city/test-all.mjs	2026-10-07T03:21:34.7253218Z ✔ assertFocusAllowed throws FOCUS_MISMATCH with the focused ref in the details (0.5578ms)
gateway-web	Run node city/test-all.mjs	2026-10-07T03:21:34.7254526Z ✔ inspectModals reports every open blocking dialog with the donor defaults (0.4376ms)
gateway-web	Run node city/test-all.mjs	2026-10-07T03:21:34.7255790Z ✔ a dialog is blocking unless it is explicitly blocking:false or open:false (0.2637ms)
gateway-web	Run node city/test-all.mjs	2026-10-07T03:21:34.7257149Z ✔ inspectModals with no dialogs, no world and a non-list dialogs field never blocks (0.2464ms)
gateway-web	Run node city/test-all.mjs	2026-10-07T03:21:34.7258522Z ✔ assertNoBlockingModal throws MODAL_BLOCKING and joins the dialog texts (0.4289ms)
gateway-web	Run node city/test-all.mjs	2026-10-07T03:21:34.7259789Z ✔ redactAction redacts typed text, values, keys, stdin and env keys (0.6529ms)
gateway-web	Run node city/test-all.mjs	2026-10-07T03:21:34.7261055Z ✔ redactAction masks single-character keys only for a sensitive action (0.2762ms)
gateway-web	Run node city/test-all.mjs	2026-10-07T03:21:34.7262306Z ✔ redactAction redacts secret-looking parameter keys through redactDetails (0.2126ms)
gateway-web	Run node city/test-all.mjs	2026-10-07T03:21:34.7263673Z ✔ redactAction keeps a harmless action readable and leaves the input untouched (0.2123ms)
gateway-web	Run node city/test-all.mjs	2026-10-07T03:21:34.7264888Z ✔ redactText removes inline secrets and bearer tokens (0.3326ms)
gateway-web	Run node city/test-all.mjs	2026-10-07T03:21:34.7266170Z ✔ matchesWindow is the donor field-by-field comparison (0.2901ms)
gateway-web	Run node city/test-all.mjs	2026-10-07T03:21:34.7267288Z ✔ matchesWindow compares class names case-insensitively but handles exactly (0.1901ms)
gateway-web	Run node city/test-all.mjs	2026-10-07T03:21:34.7268593Z ✔ the ladder is the donor ladder: seven kinds, ranks 1..7, labels unchanged (4.3866ms)
gateway-web	Run node city/test-all.mjs	2026-10-07T03:21:34.7269799Z ✔ both target refusals are non-retryable and carry the donor fields (1.9599ms)
gateway-web	Run node city/test-all.mjs	2026-10-07T03:21:34.7270993Z ✔ a string target is trimmed and split between selector and semantic text (0.6162ms)
gateway-web	Run node city/test-all.mjs	2026-10-07T03:21:34.7272512Z ✔ an empty or blank string target is refused with the donor message (0.7405ms)
gateway-web	Run node city/test-all.mjs	2026-10-07T03:21:34.7273722Z ✔ a non-string, non-object, non-array target is refused with the donor message (0.531ms)
gateway-web	Run node city/test-all.mjs	2026-10-07T03:21:34.7275152Z ✔ an object with no addressing rung is refused with the donor message and the raw target (0.6402ms)
gateway-web	Run node city/test-all.mjs	2026-10-07T03:21:34.7276538Z ✔ selector, dom_selector, page/tab, ref and description survive normalization (0.5842ms)
gateway-web	Run node city/test-all.mjs	2026-10-07T03:21:34.7277937Z ✔ accessibility accepts the raw spellings, the nested form and the ax alias (0.5645ms)
gateway-web	Run node city/test-all.mjs	2026-10-07T03:21:34.7279407Z ✔ a name alone is not an accessibility query: it is a refusal, not a silent semantic match (0.6581ms)
gateway-web	Run node city/test-all.mjs	2026-10-07T03:21:34.7281732Z ✔ bbox accepts the x/y/width/height, left/top and w/h spellings and normalizes the order (1.0927ms)
gateway-web	Run node city/test-all.mjs	2026-10-07T03:21:34.7283116Z ✔ point accepts point, coordinate, coordinates and a bare x/y pair (1.2339ms)
gateway-web	Run node city/test-all.mjs	2026-10-07T03:21:34.7284265Z ✔ window accepts a string title or the structured reference (0.5819ms)
gateway-web	Run node city/test-all.mjs	2026-10-07T03:21:34.7285572Z ✔ visual accepts paint, template, template_path and the flat paint/template spellings (0.7745ms)
gateway-web	Run node city/test-all.mjs	2026-10-07T03:21:34.7286949Z ✔ targetKinds reports every addressing mode present, best first (0.3353ms)
gateway-web	Run node city/test-all.mjs	2026-10-07T03:21:34.7288208Z ✔ a window is only a rung of its own when nothing else addresses the target (0.301ms)
gateway-web	Run node city/test-all.mjs	2026-10-07T03:21:34.7289350Z ✔ rank is the best rung and primaryKind is that same rung (0.2444ms)
gateway-web	Run node city/test-all.mjs	2026-10-07T03:21:34.7290517Z ✔ a candidate list carries the union of its candidates kinds, best first (0.799ms)
gateway-web	Run node city/test-all.mjs	2026-10-07T03:21:34.7291761Z ✔ describeTarget writes the donor label for every rung and never invents one (0.3392ms)
gateway-web	Run node city/test-all.mjs	2026-10-07T03:21:34.7293751Z ✔ the donor precedence of describeTarget is selector, accessibility, semantic, window, visual, bbox, point (0.2771ms)
gateway-web	Run node city/test-all.mjs	2026-10-07T03:21:34.7295118Z ✔ containsPoint is inclusive on both edges and corners (0.2371ms)
gateway-web	Run node city/test-all.mjs	2026-10-07T03:21:34.7296238Z ✔ centerOf rounds to whole pixels and distance rounds to two decimals (0.407ms)
gateway-web	Run node city/test-all.mjs	2026-10-07T03:21:34.7297645Z ✔ rung 1: selector resolves from a resolver, from world.controls and from visibleTargets (0.7694ms)
gateway-web	Run node city/test-all.mjs	2026-10-07T03:21:34.7299195Z ✔ rung 2: accessibility resolves by ref, from the ax tree and from the page controls (0.7215ms)
gateway-web	Run node city/test-all.mjs	2026-10-07T03:21:34.7300494Z ✔ rung 3: semantic matches on the concatenated element text and on role (0.5418ms)
gateway-web	Run node city/test-all.mjs	2026-10-07T03:21:34.7301762Z ✔ rung 4: window resolves from world.windows through the donor predicate (0.5805ms)
gateway-web	Run node city/test-all.mjs	2026-10-07T03:21:34.7303178Z ✔ rung 5: bbox matches the element containing the rect centre, both edges inclusive (0.4565ms)
gateway-web	Run node city/test-all.mjs	2026-10-07T03:21:34.7304644Z ✔ rung 6: visual is never resolved from world state, only through a resolver (0.4548ms)
gateway-web	Run node city/test-all.mjs	2026-10-07T03:21:34.7306034Z ✔ rung 7: point resolves inside a bbox, then falls back to a synthetic 1x1 target (0.3869ms)
gateway-web	Run node city/test-all.mjs	2026-10-07T03:21:34.7307381Z ✔ the ladder is walked in rank order and every rung is recorded until one hits (0.3428ms)
gateway-web	Run node city/test-all.mjs	2026-10-07T03:21:34.7308852Z ✔ a candidate list is the ladder written by hand: candidates first, in order, then the wrapper (0.4718ms)
gateway-web	Run node city/test-all.mjs	2026-10-07T03:21:34.7310457Z ✔ a resolver that throws degrades the ladder: the reason is recorded and the next rung runs (0.2857ms)
gateway-web	Run node city/test-all.mjs	2026-10-07T03:21:34.7311799Z ✔ an error without a code records its message as the reason (0.2777ms)
gateway-web	Run node city/test-all.mjs	2026-10-07T03:21:34.7313373Z ✔ a missing resolver function degrades to the world state instead of failing (0.2995ms)
gateway-web	Run node city/test-all.mjs	2026-10-07T03:21:34.7315207Z ✔ resolved descriptors carry the donor fields, including the disabled/visible derivation (0.3667ms)
gateway-web	Run node city/test-all.mjs	2026-10-07T03:21:34.7316867Z ✔ resolveTarget refuses a missing target and reports a missing one with the donor message (0.2848ms)
gateway-web	Run node city/test-all.mjs	2026-10-07T03:21:34.7318244Z ✔ the not-found error quotes the donor label and every attempted rung (0.1959ms)
gateway-web	Run node city/test-all.mjs	2026-10-07T03:21:34.7319663Z ✔ a world is optional: an absent world is an empty one, and visibleTargets merge after controls (0.2312ms)
gateway-web	Run node city/test-all.mjs	2026-10-07T03:21:34.7321240Z ✔ matchesAccessibility: substring by default, exact on request, and each field can refuse (0.3296ms)
gateway-web	Run node city/test-all.mjs	2026-10-07T03:21:34.7322788Z ✔ matchesSemantic: text, label, placeholder, name and role, with the donor precedence (0.3264ms)
gateway-web	Run node city/test-all.mjs	2026-10-07T03:21:34.7324379Z ✔ matchesWindow: handle and processId are typed equality, className and title are substrings (0.3436ms)
gateway-web	Run node city/test-all.mjs	2026-10-07T03:21:34.7325956Z ✔ revalidate with no previous or no current resolution reports unknown and missing (0.4141ms)
gateway-web	Run node city/test-all.mjs	2026-10-07T03:21:34.7327557Z ✔ revalidate re-reads the thresholds from whatever it is given, falling back to the donor values (0.8965ms)
gateway-web	Run node city/test-all.mjs	2026-10-07T03:21:34.7329608Z ✔ revalidate: just below, exactly at and just above stablePx (0.2807ms)
gateway-web	Run node city/test-all.mjs	2026-10-07T03:21:34.7330722Z ✔ revalidate: just below, exactly at and just above updatePx (0.2981ms)
gateway-web	Run node city/test-all.mjs	2026-10-07T03:21:34.7332036Z ✔ a beyond-tolerance move is stale for the reason that matches the node identity (0.2443ms)
gateway-web	Run node city/test-all.mjs	2026-10-07T03:21:34.7334003Z ✔ revalidate returns the donor shape for each verdict, with the donor key order (0.2546ms)
gateway-web	Run node city/test-all.mjs	2026-10-07T03:21:34.7334950Z ✔ revalidate uses the bbox centre when a resolution has no point (0.2121ms)
gateway-web	Run node city/test-all.mjs	2026-10-07T03:21:34.7335939Z ✔ revalidate compares node identity, and a different node defaults to the donor threshold (0.1852ms)
gateway-web	Run node city/test-all.mjs	2026-10-07T03:21:34.7336943Z ✔ the different-node rule needs two real refs and follows the caller updatePx (0.2657ms)
gateway-web	Run node city/test-all.mjs	2026-10-07T03:21:34.7338071Z ✔ a resolution with the same identity but no geometry is stable; without identity it is unknown (0.236ms)
gateway-web	Run node city/test-all.mjs	2026-10-07T03:21:34.7339287Z ✔ DEFECT 1: a semantic target that carries no text, label, name or placeholder describes itself as "undefined" (0.2447ms)
gateway-web	Run node city/test-all.mjs	2026-10-07T03:21:34.7340472Z ✔ DEFECT 2: a semantic-only target with no text fields matches EVERY element the world holds (0.2847ms)
gateway-web	Run node city/test-all.mjs	2026-10-07T03:21:34.7341736Z ✔ DEFECT 3: a candidate wrapper re-walks a candidate kind with no query, and only the predicate stops a false hit (0.6308ms)
gateway-web	Run node city/test-all.mjs	2026-10-07T03:21:34.7342972Z ✔ DEFECT 4: the synthetic point box is anchored at the point, so its rounded centre is one pixel away (1.297ms)
gateway-web	Run node city/test-all.mjs	2026-10-07T03:21:34.7344089Z ✔ DEFECT 5: window.className is equality, not a substring, while window.title is a substring (0.1583ms)
gateway-web	Run node city/test-all.mjs	2026-10-07T03:21:34.7345151Z ✔ DEFECT 6: a beyond-tolerance move without a ref anywhere is reported as a different node (0.13ms)
gateway-web	Run node city/test-all.mjs	2026-10-07T03:21:34.7346135Z ✔ DEFECT 7: distance() propagates NaN instead of refusing a missing coordinate (0.1381ms)
gateway-web	Run node city/test-all.mjs	2026-10-07T03:21:34.7347221Z ✔ DEFECT 8: Number(null) is 0, so an explicit null threshold is treated as 0 rather than as absent (0.2329ms)
gateway-web	Run node city/test-all.mjs	2026-10-07T03:21:34.7348380Z ✔ DEFECT 9: an empty window or visual object is still a rung, because compact() keeps the container (0.4272ms)
gateway-web	Run node city/test-all.mjs	2026-10-07T03:21:34.7349347Z ✔ DEFECT 10: the flat trigger list has a typo that costs `template_path`, and page is never a rung (0.5812ms)
gateway-web	Run node city/test-all.mjs	2026-10-07T03:21:34.7350153Z ✔ DEFECT 11: a truthy non-integer accessibility index is silently dropped, and 0 is kept (0.2065ms)
gateway-web	Run node city/test-all.mjs	2026-10-07T03:21:34.7351305Z ✔ DEFECT 12: a false-named exact is still a substring match, because `exact` needs the boolean true (0.1475ms)
gateway-web	Run node city/test-all.mjs	2026-10-07T03:21:34.7352320Z ✔ DEFECT 13: buildResolved prefers an explicit disabled/visible only when that field is present (0.2449ms)
gateway-web	Run node city/test-all.mjs	2026-10-07T03:21:34.7353248Z ✔ DEFECT 14: exact-match accessibility still ignores an empty-string automationId expectation on the node (0.2587ms)
gateway-web	Run node city/test-all.mjs	2026-10-07T03:21:34.7354208Z ✔ MISS_SIGNALS is the donor list, in the donor order, frozen (4.1594ms)
gateway-web	Run node city/test-all.mjs	2026-10-07T03:21:34.7355019Z ✔ PRESERVED DONOR DEFECT: a missing observation returns a `no_observation` signal that is not in MISS_SIGNALS (0.5972ms)
gateway-web	Run node city/test-all.mjs	2026-10-07T03:21:34.7355952Z ✔ controller_reported_noop comes from a failed, retryable receipt or an explicit controller miss (1.8808ms)
gateway-web	Run node city/test-all.mjs	2026-10-07T03:21:34.7356797Z ✔ no_state_change is raised when nothing meaningful moved and the evidence did not move either (0.559ms)
gateway-web	Run node city/test-all.mjs	2026-10-07T03:21:34.7357575Z ✔ evidence that moved suppresses no_state_change even when no meaningful field did (0.4857ms)
gateway-web	Run node city/test-all.mjs	2026-10-07T03:21:34.7358421Z ✔ a failed verification contributes expected_event_missing, focus_unchanged and control_state_unchanged (0.8084ms)
gateway-web	Run node city/test-all.mjs	2026-10-07T03:21:34.7359237Z ✔ focus_unchanged also comes from a focus action that left the focused ref alone (0.4187ms)
gateway-web	Run node city/test-all.mjs	2026-10-07T03:21:34.7360037Z ✔ active_element_unchanged is raised for a typing action and is too soft to carry a miss on its own (0.3668ms)
gateway-web	Run node city/test-all.mjs	2026-10-07T03:21:34.7360776Z ✔ visual_identical only carries a miss when the evidence did not move (0.7452ms)
gateway-web	Run node city/test-all.mjs	2026-10-07T03:21:34.7361428Z ✔ the confidence ladder is low for no signal, medium for one and high for more (0.5812ms)
gateway-web	Run node city/test-all.mjs	2026-10-07T03:21:34.7362119Z ✔ signals are reported once each, in the donor order (0.3847ms)
gateway-web	Run node city/test-all.mjs	2026-10-07T03:21:34.7362636Z ✔ detectMiss is deterministic across two identical calls (0.6137ms)
gateway-web	Run node city/test-all.mjs	2026-10-07T03:21:34.7372249Z ✔ PRESERVED DONOR DEFECT: a controller without a probe() is reported unavailable even when snapshot() works (6.5949ms)
gateway-web	Run node city/test-all.mjs	2026-10-07T03:21:34.7373281Z ✔ a probe that throws or answers available:false skips the source without an error record (1.226ms)
gateway-web	Run node city/test-all.mjs	2026-10-07T03:21:34.7374103Z ✔ a snapshot that throws degrades the source, records a note and lands in the error ring (0.7679ms)
gateway-web	Run node city/test-all.mjs	2026-10-07T03:21:34.7374879Z ✔ a source that exceeds the window is reported unavailable with the donor message (16.7536ms)
gateway-web	Run node city/test-all.mjs	2026-10-07T03:21:34.7375646Z ✔ a snapshot returning null or undefined is an unavailable source, not a crash (0.7724ms)
gateway-web	Run node city/test-all.mjs	2026-10-07T03:21:34.7376280Z ✔ the accessibility walk is opt-out through context.ax (0.6815ms)
gateway-web	Run node city/test-all.mjs	2026-10-07T03:21:34.7376983Z ✔ system events are computed from consecutive observations and accumulate until drained (1.6609ms)
gateway-web	Run node city/test-all.mjs	2026-10-07T03:21:34.7377800Z ✔ file events join the system events, and a broken file controller degrades the system source (1.155ms)
gateway-web	Run node city/test-all.mjs	2026-10-07T03:21:34.7378540Z ✔ watchFile pushes watched events into the stream and calls the callback (0.4846ms)
gateway-web	Run node city/test-all.mjs	2026-10-07T03:21:34.7379306Z ✔ the observer passes the world its sources produced, including their notes and sources map (0.9047ms)
gateway-web	Run node city/test-all.mjs	2026-10-07T03:21:34.7380100Z ✔ with no clock injected the world is stamped with the port default, not the wall clock (0.8147ms)
gateway-web	Run node city/test-all.mjs	2026-10-07T03:21:34.7380886Z ✔ the observation is deterministic across two identical calls with the same injected clock (1.3282ms)
gateway-web	Run node city/test-all.mjs	2026-10-07T03:21:34.7381686Z ✔ PROGRESS_KINDS, PROGRESS_KIND_LIST and EVIDENCE_KINDS are the donor vocabulary, frozen (2.3323ms)
gateway-web	Run node city/test-all.mjs	2026-10-07T03:21:34.7382551Z ✔ verified-effect is accepted only on a success verdict whose evidence kind proves the effect landed (0.8361ms)
gateway-web	Run node city/test-all.mjs	2026-10-07T03:21:34.7383521Z ✔ PRESERVED DONOR DEFECT: the verified-effect claim reads `detail.kind`, never the verifier's `verificationKind` (0.356ms)
gateway-web	Run node city/test-all.mjs	2026-10-07T03:21:34.7384185Z ✔ an unknown progress kind is refused (0.3847ms)
gateway-web	Run node city/test-all.mjs	2026-10-07T03:21:34.7384783Z ✔ subprocess-exit needs an exit, and an exit without a code only counts when signalled (0.222ms)
gateway-web	Run node city/test-all.mjs	2026-10-07T03:21:34.7385557Z ✔ file-operation needs `verified: true`, and criteria-satisfied needs `satisfied: true` (0.2483ms)
gateway-web	Run node city/test-all.mjs	2026-10-07T03:21:34.7386291Z ✔ state-transition needs a state, and refuses a state the run was already in (0.1846ms)
gateway-web	Run node city/test-all.mjs	2026-10-07T03:21:34.7387050Z ✔ a heartbeat and an issued action are never progress; only progress() moves lastProgressAt (0.6292ms)
gateway-web	Run node city/test-all.mjs	2026-10-07T03:21:34.7387856Z ✔ status reports the stall-facing view, falling back to lastActionAt before any progress (0.4807ms)
gateway-web	Run node city/test-all.mjs	2026-10-07T03:21:34.7388850Z ✔ noOp counts a repeated identical signature and flags repetition at the repeat window (0.6816ms)
gateway-web	Run node city/test-all.mjs	2026-10-07T03:21:34.7389601Z ✔ recorded progress clears the no-op streak and forgets the last no-op signature (0.2942ms)
gateway-web	Run node city/test-all.mjs	2026-10-07T03:21:34.7390273Z ✔ history is a bounded copy of the ring, defaulting to 200 records (0.7964ms)
gateway-web	Run node city/test-all.mjs	2026-10-07T03:21:34.7391263Z ✔ with no clock injected the tracker records null instants instead of reading the wall clock (0.3236ms)
gateway-web	Run node city/test-all.mjs	2026-10-07T03:21:34.7392391Z ✔ progress counts only verified effects: a failed or unproven verification never advances progress (3.4499ms)
gateway-web	Run node city/test-all.mjs	2026-10-07T03:21:34.7393211Z ✔ the tracker is deterministic across two identical runs with the same injected clock (0.339ms)
gateway-web	Run node city/test-all.mjs	2026-10-07T03:21:34.7393964Z ✔ a controller that reported failure settles the verdict without reading the world (3.9178ms)
gateway-web	Run node city/test-all.mjs	2026-10-07T03:21:34.7394661Z ✔ with no declared effect: a first observation is unknown, never a success (1.7569ms)
gateway-web	Run node city/test-all.mjs	2026-10-07T03:21:34.7395516Z ✔ with no declared effect: the DOM revision is evidence for the digest but is deliberately not a meaningful field (0.9421ms)
gateway-web	Run node city/test-all.mjs	2026-10-07T03:21:34.7396393Z ✔ with no declared effect: a missing observation on either side is unknown, never a verdict (0.3742ms)
gateway-web	Run node city/test-all.mjs	2026-10-07T03:21:34.7397384Z ✔ with no declared effect: receipt signals are appended and receipt.changed can carry the verdict (0.5382ms)
gateway-web	Run node city/test-all.mjs	2026-10-07T03:21:34.7398115Z ✔ any mode: one observed effect is success, none observed is failure (1.4412ms)
gateway-web	Run node city/test-all.mjs	2026-10-07T03:21:34.7398832Z ✔ any mode: unknown only when nothing at all was checkable, otherwise a checked failure wins (0.7788ms)
gateway-web	Run node city/test-all.mjs	2026-10-07T03:21:34.7399554Z ✔ all mode is declared by expectedEffect.mode, not by the `all` key alone (1.0977ms)
gateway-web	Run node city/test-all.mjs	2026-10-07T03:21:34.7400288Z ✔ the declared mode wins over the action default, and neither beats an explicit effectMode (0.8948ms)
gateway-web	Run node city/test-all.mjs	2026-10-07T03:21:34.7401030Z ✔ the dominant kind follows the donor order, and a failed effect keeps its kind (0.8239ms)
gateway-web	Run node city/test-all.mjs	2026-10-07T03:21:34.7401703Z ✔ an effect shape the donor does not know is unknown and names its keys (0.3343ms)
gateway-web	Run node city/test-all.mjs	2026-10-07T03:21:34.7402682Z ✔ PRESERVED DONOR DEFECT: collectEffects reads `any`/`all` as arrays only, so an effectMode of `all` over a non-array declaration checks nothing (0.405ms)
gateway-web	Run node city/test-all.mjs	2026-10-07T03:21:34.7403955Z ✔ PRESERVED DONOR DEFECT: target_appears/target_disappears always report "could not be located" because the donor calls targetPresent(action, after) (0.5122ms)
gateway-web	Run node city/test-all.mjs	2026-10-07T03:21:34.7404954Z ✔ implied state: FOCUS and SWITCH_WINDOW are verified against the window that is in front (0.4729ms)
gateway-web	Run node city/test-all.mjs	2026-10-07T03:21:34.7405411Z ✔ implied state: a window action without a target window falls through to the world-change check (0.4422ms)
gateway-web	Run node city/test-all.mjs	2026-10-07T03:21:34.7405725Z ✔ implied state: CLOSE_WINDOW is verified by the window being gone (0.5198ms)
gateway-web	Run node city/test-all.mjs	2026-10-07T03:21:34.7406183Z ✔ effect: event is found by type or name, failed without an observation, unknown with no after world (0.3064ms)
gateway-web	Run node city/test-all.mjs	2026-10-07T03:21:34.7406548Z ✔ effect: dom_mutated compares the DOM revision, and needs one on both sides (0.2466ms)
gateway-web	Run node city/test-all.mjs	2026-10-07T03:21:34.7406967Z ✔ effect: navigation and url_changed compare URLs, and url_matches is a lowercase substring (0.3877ms)
gateway-web	Run node city/test-all.mjs	2026-10-07T03:21:34.7407369Z ✔ effect: toast and text_appears read controls, the accessibility tree, then the DOM (1.0303ms)
gateway-web	Run node city/test-all.mjs	2026-10-07T03:21:34.7407742Z ✔ effect: text_disappears is ok when the text is gone, failed while it is visible (0.2783ms)
gateway-web	Run node city/test-all.mjs	2026-10-07T03:21:34.7408088Z ✔ effect: control_state_changed compares the target control field by field (0.5778ms)
gateway-web	Run node city/test-all.mjs	2026-10-07T03:21:34.7408500Z ✔ effect: value_equals prefers the focused element value, then the target control value (0.5667ms)
gateway-web	Run node city/test-all.mjs	2026-10-07T03:21:34.7409186Z ✔ effect: checked_equals reads the checkbox state and is unknown without one (0.3894ms)
gateway-web	Run node city/test-all.mjs	2026-10-07T03:21:34.7409680Z ✔ effect: focus_changed and window_changed compare the two observations (0.4069ms)
gateway-web	Run node city/test-all.mjs	2026-10-07T03:21:34.7410203Z ✔ effect: file facts are unknown without the controller and otherwise answered (0.876ms)
gateway-web	Run node city/test-all.mjs	2026-10-07T03:21:34.7410476Z ✔ effect: process facts read the recorded shell result (0.6184ms)
gateway-web	Run node city/test-all.mjs	2026-10-07T03:21:34.7411272Z ✔ effect: visual_change needs the vision controller and can answer unknown (1.0293ms)
gateway-web	Run node city/test-all.mjs	2026-10-07T03:21:34.7411707Z ✔ findControl resolves a target by ref, selector, semantic text or accessibility name (0.434ms)
gateway-web	Run node city/test-all.mjs	2026-10-07T03:21:34.7412208Z ✔ PRESERVED DONOR DEFECT: targetPresent only answers null when the world has no controls AND no ax array (0.2273ms)
gateway-web	Run node city/test-all.mjs	2026-10-07T03:21:34.7412715Z ✔ verifyFactsFrom digests the state with the same evidence digest (0.4779ms)
gateway-web	Run node city/test-all.mjs	2026-10-07T03:21:34.7413253Z ✔ the verdict is always one of exactly three values and every call is deterministic (0.5713ms)
gateway-web	Run node city/test-all.mjs	2026-10-07T03:21:34.7413734Z ✔ the injected clock is the only source of checkedAt (0.3667ms)
gateway-web	Run node city/test-all.mjs	2026-10-07T03:21:34.7414289Z ✔ the pinned world carries the donor shape: foreground, targets, sources, notes (4.0553ms)
gateway-web	Run node city/test-all.mjs	2026-10-07T03:21:34.7414801Z ✔ the pinned world digest is the donor sha1 of the pinned stable string, 16 characters (0.7989ms)
gateway-web	Run node city/test-all.mjs	2026-10-07T03:21:34.7415448Z ✔ the donor-hash world pins the donor signature and the donor evidence digest (0.3968ms)
gateway-web	Run node city/test-all.mjs	2026-10-07T03:21:34.7416312Z ✔ with no injected digest the port computes the donor sha1, and an injected digest replaces it (1.5119ms)
gateway-web	Run node city/test-all.mjs	2026-10-07T03:21:34.7417110Z ✔ stableStringify sorts object keys, keeps array order and renders null and undefined alike (0.3328ms)
gateway-web	Run node city/test-all.mjs	2026-10-07T03:21:34.7417881Z ✔ signatureOf is the donor sha1 truncated to 16 characters and survives a failing digest (0.4336ms)
gateway-web	Run node city/test-all.mjs	2026-10-07T03:21:34.7418549Z ✔ a missing captured time takes the port default instead of the wall clock (1.6848ms)
gateway-web	Run node city/test-all.mjs	2026-10-07T03:21:34.7419326Z ✔ a missing source is recorded as unavailable with its reason, never replaced by a guess (0.4337ms)
gateway-web	Run node city/test-all.mjs	2026-10-07T03:21:34.7420106Z ✔ ax falls back from browser to desktop, controls are filtered, dialogs are concatenated (0.7885ms)
gateway-web	Run node city/test-all.mjs	2026-10-07T03:21:34.7420955Z ✔ the foreground window is taken from desktop.foreground or from the first foreground window (0.8407ms)
gateway-web	Run node city/test-all.mjs	2026-10-07T03:21:34.7421568Z ✔ a focused ref with no matching control is described by ref alone (0.5263ms)
gateway-web	Run node city/test-all.mjs	2026-10-07T03:21:34.7422252Z ✔ computeConfidence follows the donor weights and rounds to two places (0.4932ms)
gateway-web	Run node city/test-all.mjs	2026-10-07T03:21:34.7422906Z ✔ meaningfulChange reports a first observation and a lost observation (0.8918ms)
gateway-web	Run node city/test-all.mjs	2026-10-07T03:21:34.7423556Z ✔ meaningfulChange reports no change for two identical observations (0.4718ms)
gateway-web	Run node city/test-all.mjs	2026-10-07T03:21:34.7424376Z ✔ every MEANINGFUL_FIELDS member is a boundary: changing it alone is the only reported change (5.6153ms)
gateway-web	Run node city/test-all.mjs	2026-10-07T03:21:34.7425030Z ✔ MEANINGFUL_FIELDS is the donor list, in the donor order, frozen (0.6864ms)
gateway-web	Run node city/test-all.mjs	2026-10-07T03:21:34.7426245Z ✔ PRESERVED DONOR DEFECT: the world never populates lastActionType/lastActionResult, so lastAction is invisible to meaningfulChange (0.4479ms)
gateway-web	Run node city/test-all.mjs	2026-10-07T03:21:34.7427084Z ✔ meaningfulChange compares fields individually, and undefined against a value is a change (0.4984ms)
gateway-web	Run node city/test-all.mjs	2026-10-07T03:21:34.7427808Z ✔ meaningfulChange ignores DOM revision churn, which evidenceDigest does not (1.1357ms)
gateway-web	Run node city/test-all.mjs	2026-10-07T03:21:34.7428662Z ✔ evidenceDigest follows the event stream and the focused value, and is null without a world (0.6209ms)
gateway-web	Run node city/test-all.mjs	2026-10-07T03:21:34.7429852Z ✔ two identical calls build the same world and the same digest (0.9193ms)
gateway-web	Run node city/test-all.mjs	2026-10-07T03:21:34.7430583Z ✔ parts.notes is copied and capped at 20, summarizeWorldState caps its notes at 5 (0.4558ms)
gateway-web	Run node city/test-all.mjs	2026-10-07T03:21:34.7431238Z ✔ summarizeWorldState is the compact donor summary, and null for no world (0.4294ms)
gateway-web	Run node city/test-all.mjs	2026-10-07T03:21:34.7431862Z ✔ discardWorldState returns the summary and empties the world in place (0.3364ms)
gateway-web	Run node city/test-all.mjs	2026-10-07T03:21:34.7432629Z ✔ a world with every source degraded still records what it can, and its confidence says so (0.3081ms)
gateway-web	Run node city/test-all.mjs	2026-10-07T03:21:34.7433286Z ✔ the real manifest describes exactly the districts and modules that exist (11.4909ms)
gateway-web	Run node city/test-all.mjs	2026-10-07T03:21:34.7434081Z ✔ the manifest and the city tree agree on what exists (8.3609ms)
gateway-web	Run node city/test-all.mjs	2026-10-07T03:21:34.7434957Z ✔ mission-book incubators are named and provenanced, and Room Pack incubators are not disguised (2.7554ms)
gateway-web	Run node city/test-all.mjs	2026-10-07T03:21:34.7436115Z ✔ a mission-book migration incubator proves a donor; a programme-task incubator proves it has none (16.6399ms)
gateway-web	Run node city/test-all.mjs	2026-10-07T03:21:34.7436745Z ✔ the manifest rejects malformed hierarchy, paths and lifecycles (6.6282ms)
gateway-web	Run node city/test-all.mjs	2026-10-07T03:21:34.7437362Z ✔ module directories and lifecycles must not contradict each other (43.9426ms)
gateway-web	Run node city/test-all.mjs	2026-10-07T03:21:34.7437964Z ✔ loadManifest reports an unreadable manifest instead of guessing (5.2932ms)
gateway-web	Run node city/test-all.mjs	2026-10-07T03:21:34.7438574Z ✔ city/test-all.mjs discovers module tests without shell globs (28.9312ms)
gateway-web	Run node city/test-all.mjs	2026-10-07T03:21:34.7438780Z ℹ tests 1984
gateway-web	Run node city/test-all.mjs	2026-10-07T03:21:34.7438952Z ℹ suites 3
gateway-web	Run node city/test-all.mjs	2026-10-07T03:21:34.7439125Z ℹ pass 1970
gateway-web	Run node city/test-all.mjs	2026-10-07T03:21:34.7439292Z ℹ fail 0
gateway-web	Run node city/test-all.mjs	2026-10-07T03:21:34.7439490Z ℹ cancelled 0
gateway-web	Run node city/test-all.mjs	2026-10-07T03:21:34.7439674Z ℹ skipped 14
gateway-web	Run node city/test-all.mjs	2026-10-07T03:21:34.7439832Z ℹ todo 0
gateway-web	Run node city/test-all.mjs	2026-10-07T03:21:34.7440057Z ℹ duration_ms 27826.8232
gateway-web	Run pnpm check:docs	﻿2026-10-07T03:21:34.7901258Z ##[group]Run pnpm check:docs
gateway-web	Run pnpm check:docs	2026-10-07T03:21:34.7901458Z ^[[36;1mpnpm check:docs^[[0m
gateway-web	Run pnpm check:docs	2026-10-07T03:21:34.7972966Z shell: C:\Program Files\PowerShell\7\pwsh.EXE -command ". '{0}'"
gateway-web	Run pnpm check:docs	2026-10-07T03:21:34.7973047Z env:
gateway-web	Run pnpm check:docs	2026-10-07T03:21:34.7973223Z   PNPM_HOME: C:\Users\runneradmin\setup-pnpm\node_modules\.bin
gateway-web	Run pnpm check:docs	2026-10-07T03:21:34.7973300Z ##[endgroup]
gateway-web	Run pnpm check:docs	2026-10-07T03:21:35.5737696Z $ node scripts/check-bilingual.mjs
gateway-web	Run pnpm check:docs	2026-10-07T03:21:35.6549902Z docs: PAIR_STATUS = SYNCHRONIZED
gateway-web	Run pnpm check:docs	2026-10-07T03:21:35.6636255Z evidence: PAIR_STATUS = SYNCHRONIZED
gateway-web	Run pnpm check:docs	2026-10-07T03:21:35.6664808Z data-records: PAIR_STATUS = SYNCHRONIZED
gateway-web	Post Run pnpm/action-setup@v4	﻿2026-10-07T03:21:35.8341172Z Post job cleanup.
gateway-web	Post Run pnpm/action-setup@v4	2026-10-07T03:21:36.0174339Z Pruning is unnecessary.
gateway-web	Post Run actions/setup-node@v4	﻿2026-10-07T03:21:36.0481162Z Post job cleanup.
gateway-web	Post Run actions/setup-node@v4	2026-10-07T03:21:36.1950372Z (node:9492) [DEP0040] DeprecationWarning: The `punycode` module is deprecated. Please use a userland alternative instead.
gateway-web	Post Run actions/setup-node@v4	2026-10-07T03:21:36.1951358Z (Use `node --trace-deprecation ...` to show where the warning was created)
gateway-web	Post Run actions/checkout@v4	﻿2026-10-07T03:21:36.2260796Z Post job cleanup.
gateway-web	Post Run actions/checkout@v4	2026-10-07T03:21:36.4201245Z [command]"C:\Program Files\Git\bin\git.exe" version
gateway-web	Post Run actions/checkout@v4	2026-10-07T03:21:36.4466739Z git version 2.55.0.windows.5
gateway-web	Post Run actions/checkout@v4	2026-10-07T03:21:36.4530889Z Temporarily overriding HOME='D:\a\_temp\4396e9c4-c32d-4e07-a6de-93bcb18c2f95' before making global git config changes
gateway-web	Post Run actions/checkout@v4	2026-10-07T03:21:36.4532361Z Adding repository directory to the temporary git global config as a safe directory
gateway-web	Post Run actions/checkout@v4	2026-10-07T03:21:36.4542438Z [command]"C:\Program Files\Git\bin\git.exe" config --global --add safe.directory D:\a\utopia\utopia
gateway-web	Post Run actions/checkout@v4	2026-10-07T03:21:36.4840326Z [command]"C:\Program Files\Git\bin\git.exe" config --local --name-only --get-regexp core\.sshCommand
gateway-web	Post Run actions/checkout@v4	2026-10-07T03:21:36.5192094Z [command]"C:\Program Files\Git\bin\git.exe" submodule foreach --recursive "sh -c \"git config --local --name-only --get-regexp 'core\.sshCommand' && git config --local --unset-all 'core.sshCommand' || :\""
gateway-web	Post Run actions/checkout@v4	2026-10-07T03:21:37.0604787Z [command]"C:\Program Files\Git\bin\git.exe" config --local --name-only --get-regexp http\.https\:\/\/github\.com\/\.extraheader
gateway-web	Post Run actions/checkout@v4	2026-10-07T03:21:37.0905117Z http.https://github.com/.extraheader
gateway-web	Post Run actions/checkout@v4	2026-10-07T03:21:37.0948738Z [command]"C:\Program Files\Git\bin\git.exe" config --local --unset-all http.https://github.com/.extraheader
gateway-web	Post Run actions/checkout@v4	2026-10-07T03:21:37.1244733Z [command]"C:\Program Files\Git\bin\git.exe" submodule foreach --recursive "sh -c \"git config --local --name-only --get-regexp 'http\.https\:\/\/github\.com\/\.extraheader' && git config --local --unset-all 'http.https://github.com/.extraheader' || :\""
gateway-web	Post Run actions/checkout@v4	2026-10-07T03:21:37.6382854Z [command]"C:\Program Files\Git\bin\git.exe" config --local --name-only --get-regexp ^includeIf\.gitdir:
gateway-web	Post Run actions/checkout@v4	2026-10-07T03:21:37.6691881Z [command]"C:\Program Files\Git\bin\git.exe" submodule foreach --recursive "git config --local --show-origin --name-only --get-regexp remote.origin.url"
gateway-web	Complete job	﻿2026-10-07T03:21:38.2190866Z Cleaning up orphan processes
gateway-web	Complete job	2026-10-07T03:21:38.2865443Z ##[warning]Node.js 20 is deprecated. The following actions target Node.js 20 but are being forced to run on Node.js 24: actions/checkout@v4, actions/setup-node@v4, pnpm/action-setup@v4. For more information see: https://github.blog/changelog/2025-09-19-deprecation-of-node-20-on-github-actions-runners/
