gateway-web	Set up job	﻿2026-10-07T03:15:21.7098315Z Current runner version: '2.337.0'
gateway-web	Set up job	2026-10-07T03:15:21.7167606Z ##[group]Runner Image Provisioner
gateway-web	Set up job	2026-10-07T03:15:21.7168144Z Hosted Compute Agent
gateway-web	Set up job	2026-10-07T03:15:21.7168692Z Version: 20260901.588
gateway-web	Set up job	2026-10-07T03:15:21.7169307Z Commit: f88ec8081b781fac6c440065ac7ff9e710ce3d0b
gateway-web	Set up job	2026-10-07T03:15:21.7169867Z Build Date: 2026-09-01T19:56:44Z
gateway-web	Set up job	2026-10-07T03:15:21.7170409Z Worker ID: {b8b36a47-3782-44c7-b771-ee8c46f087b5}
gateway-web	Set up job	2026-10-07T03:15:21.7170940Z Azure Region: centralus
gateway-web	Set up job	2026-10-07T03:15:21.7171384Z ##[endgroup]
gateway-web	Set up job	2026-10-07T03:15:21.7172463Z ##[group]Operating System
gateway-web	Set up job	2026-10-07T03:15:21.7172976Z Microsoft Windows Server 2025
gateway-web	Set up job	2026-10-07T03:15:21.7173436Z 10.0.26100
gateway-web	Set up job	2026-10-07T03:15:21.7173817Z Datacenter
gateway-web	Set up job	2026-10-07T03:15:21.7174257Z ##[endgroup]
gateway-web	Set up job	2026-10-07T03:15:21.7174721Z ##[group]Runner Image
gateway-web	Set up job	2026-10-07T03:15:21.7175186Z Image: windows-2025-vs2026
gateway-web	Set up job	2026-10-07T03:15:21.7175549Z Version: 20260925.250.1
gateway-web	Set up job	2026-10-07T03:15:21.7176181Z Included Software: https://github.com/actions/runner-images/blob/win25-vs2026/20260925.250/images/windows/Windows2025-VS2026-Readme.md
gateway-web	Set up job	2026-10-07T03:15:21.7177366Z Image Release: https://github.com/actions/runner-images/releases/tag/win25-vs2026%2F20260925.250
gateway-web	Set up job	2026-10-07T03:15:21.7177935Z ##[endgroup]
gateway-web	Set up job	2026-10-07T03:15:21.7178621Z ##[group]GITHUB_TOKEN Permissions
gateway-web	Set up job	2026-10-07T03:15:21.7180038Z Contents: read
gateway-web	Set up job	2026-10-07T03:15:21.7180367Z Metadata: read
gateway-web	Set up job	2026-10-07T03:15:21.7180667Z Packages: read
gateway-web	Set up job	2026-10-07T03:15:21.7180972Z ##[endgroup]
gateway-web	Set up job	2026-10-07T03:15:21.7182467Z Secret source: Actions
gateway-web	Set up job	2026-10-07T03:15:21.7182961Z Cache mode: write
gateway-web	Set up job	2026-10-07T03:15:21.7183446Z Prepare workflow directory
gateway-web	Set up job	2026-10-07T03:15:21.7407414Z Prepare all required actions
gateway-web	Set up job	2026-10-07T03:15:21.7445113Z Getting action download info
gateway-web	Set up job	2026-10-07T03:15:21.9841081Z Download action repository 'actions/checkout@v4' (SHA:11d5960a326750d5838078e36cf38b85af677262)
gateway-web	Set up job	2026-10-07T03:15:22.0685928Z Download action repository 'actions/setup-node@v4' (SHA:49933ea5288caeca8642d1e84afbd3f7d6820020)
gateway-web	Set up job	2026-10-07T03:15:22.1785417Z Download action repository 'pnpm/action-setup@v4' (SHA:b906affcce14559ad1aafd4ab0e942779e9f58b1)
gateway-web	Set up job	2026-10-07T03:15:22.6502280Z Complete job name: gateway-web
gateway-web	Run actions/checkout@v4	﻿2026-10-07T03:15:22.7698721Z ##[group]Run actions/checkout@v4
gateway-web	Run actions/checkout@v4	2026-10-07T03:15:22.7699495Z with:
gateway-web	Run actions/checkout@v4	2026-10-07T03:15:22.7699718Z   fetch-depth: 0
gateway-web	Run actions/checkout@v4	2026-10-07T03:15:22.7699973Z   repository: zhiheng-zhang-Mera/utopia
gateway-web	Run actions/checkout@v4	2026-10-07T03:15:22.7702352Z   token: ***
gateway-web	Run actions/checkout@v4	2026-10-07T03:15:22.7702570Z   ssh-strict: true
gateway-web	Run actions/checkout@v4	2026-10-07T03:15:22.7702790Z   ssh-user: git
gateway-web	Run actions/checkout@v4	2026-10-07T03:15:22.7703019Z   persist-credentials: true
gateway-web	Run actions/checkout@v4	2026-10-07T03:15:22.7703269Z   clean: true
gateway-web	Run actions/checkout@v4	2026-10-07T03:15:22.7703500Z   sparse-checkout-cone-mode: true
gateway-web	Run actions/checkout@v4	2026-10-07T03:15:22.7703771Z   fetch-tags: false
gateway-web	Run actions/checkout@v4	2026-10-07T03:15:22.7703997Z   show-progress: true
gateway-web	Run actions/checkout@v4	2026-10-07T03:15:22.7704223Z   lfs: false
gateway-web	Run actions/checkout@v4	2026-10-07T03:15:22.7704430Z   submodules: false
gateway-web	Run actions/checkout@v4	2026-10-07T03:15:22.7704660Z   set-safe-directory: true
gateway-web	Run actions/checkout@v4	2026-10-07T03:15:22.7704917Z   allow-unsafe-pr-checkout: false
gateway-web	Run actions/checkout@v4	2026-10-07T03:15:22.7705305Z ##[endgroup]
gateway-web	Run actions/checkout@v4	2026-10-07T03:15:22.8825696Z Syncing repository: zhiheng-zhang-Mera/utopia
gateway-web	Run actions/checkout@v4	2026-10-07T03:15:22.8826965Z ##[group]Getting Git version info
gateway-web	Run actions/checkout@v4	2026-10-07T03:15:22.8827291Z Working directory is 'D:\a\utopia\utopia'
gateway-web	Run actions/checkout@v4	2026-10-07T03:15:22.9406366Z [command]"C:\Program Files\Git\bin\git.exe" version
gateway-web	Run actions/checkout@v4	2026-10-07T03:15:23.4016071Z git version 2.55.0.windows.5
gateway-web	Run actions/checkout@v4	2026-10-07T03:15:23.4080624Z ##[endgroup]
gateway-web	Run actions/checkout@v4	2026-10-07T03:15:23.4099978Z Temporarily overriding HOME='D:\a\_temp\f33ff2a1-35b7-4cfa-9e6d-0e3ed8a6130d' before making global git config changes
gateway-web	Run actions/checkout@v4	2026-10-07T03:15:23.4102199Z Adding repository directory to the temporary git global config as a safe directory
gateway-web	Run actions/checkout@v4	2026-10-07T03:15:23.4108416Z [command]"C:\Program Files\Git\bin\git.exe" config --global --add safe.directory D:\a\utopia\utopia
gateway-web	Run actions/checkout@v4	2026-10-07T03:15:23.4715776Z Deleting the contents of 'D:\a\utopia\utopia'
gateway-web	Run actions/checkout@v4	2026-10-07T03:15:23.4720163Z ##[group]Initializing the repository
gateway-web	Run actions/checkout@v4	2026-10-07T03:15:23.4727447Z [command]"C:\Program Files\Git\bin\git.exe" init D:\a\utopia\utopia
gateway-web	Run actions/checkout@v4	2026-10-07T03:15:23.5501036Z Initialized empty Git repository in D:/a/utopia/utopia/.git/
gateway-web	Run actions/checkout@v4	2026-10-07T03:15:23.5543948Z [command]"C:\Program Files\Git\bin\git.exe" remote add origin https://github.com/zhiheng-zhang-Mera/utopia
gateway-web	Run actions/checkout@v4	2026-10-07T03:15:23.6161570Z ##[endgroup]
gateway-web	Run actions/checkout@v4	2026-10-07T03:15:23.6162776Z ##[group]Disabling automatic garbage collection
gateway-web	Run actions/checkout@v4	2026-10-07T03:15:23.6167990Z [command]"C:\Program Files\Git\bin\git.exe" config --local gc.auto 0
gateway-web	Run actions/checkout@v4	2026-10-07T03:15:23.6409050Z ##[endgroup]
gateway-web	Run actions/checkout@v4	2026-10-07T03:15:23.6410153Z ##[group]Setting up auth
gateway-web	Run actions/checkout@v4	2026-10-07T03:15:23.6418199Z [command]"C:\Program Files\Git\bin\git.exe" config --local --name-only --get-regexp core\.sshCommand
gateway-web	Run actions/checkout@v4	2026-10-07T03:15:23.6665565Z [command]"C:\Program Files\Git\bin\git.exe" submodule foreach --recursive "sh -c \"git config --local --name-only --get-regexp 'core\.sshCommand' && git config --local --unset-all 'core.sshCommand' || :\""
gateway-web	Run actions/checkout@v4	2026-10-07T03:15:25.0601546Z [command]"C:\Program Files\Git\bin\git.exe" config --local --name-only --get-regexp http\.https\:\/\/github\.com\/\.extraheader
gateway-web	Run actions/checkout@v4	2026-10-07T03:15:25.0841749Z [command]"C:\Program Files\Git\bin\git.exe" submodule foreach --recursive "sh -c \"git config --local --name-only --get-regexp 'http\.https\:\/\/github\.com\/\.extraheader' && git config --local --unset-all 'http.https://github.com/.extraheader' || :\""
gateway-web	Run actions/checkout@v4	2026-10-07T03:15:25.5054668Z [command]"C:\Program Files\Git\bin\git.exe" config --local --name-only --get-regexp ^includeIf\.gitdir:
gateway-web	Run actions/checkout@v4	2026-10-07T03:15:25.5287420Z [command]"C:\Program Files\Git\bin\git.exe" submodule foreach --recursive "git config --local --show-origin --name-only --get-regexp remote.origin.url"
gateway-web	Run actions/checkout@v4	2026-10-07T03:15:25.9567572Z [command]"C:\Program Files\Git\bin\git.exe" config --local http.https://github.com/.extraheader "AUTHORIZATION: basic ***"
gateway-web	Run actions/checkout@v4	2026-10-07T03:15:25.9841881Z ##[endgroup]
gateway-web	Run actions/checkout@v4	2026-10-07T03:15:25.9842292Z ##[group]Fetching the repository
gateway-web	Run actions/checkout@v4	2026-10-07T03:15:25.9853227Z [command]"C:\Program Files\Git\bin\git.exe" -c protocol.version=2 fetch --prune --no-recurse-submodules origin +refs/heads/*:refs/remotes/origin/* +refs/tags/*:refs/tags/*
gateway-web	Run actions/checkout@v4	2026-10-07T03:15:27.7774857Z From https://github.com/zhiheng-zhang-Mera/utopia
gateway-web	Run actions/checkout@v4	2026-10-07T03:15:27.7778872Z  * [new branch]      cex/CEX-701-Alien-codex-device-recovery -> origin/cex/CEX-701-Alien-codex-device-recovery
gateway-web	Run actions/checkout@v4	2026-10-07T03:15:27.7779329Z  * [new branch]      cex/CEX-702-Alien-codex-alternate-device -> origin/cex/CEX-702-Alien-codex-alternate-device
gateway-web	Run actions/checkout@v4	2026-10-07T03:15:27.7779799Z  * [new branch]      cex/CEX-703-Alien-codex-capability-catalog -> origin/cex/CEX-703-Alien-codex-capability-catalog
gateway-web	Run actions/checkout@v4	2026-10-07T03:15:27.7780271Z  * [new branch]      cex/CEX-704-Alien-codex-native-owner-onboarding -> origin/cex/CEX-704-Alien-codex-native-owner-onboarding
gateway-web	Run actions/checkout@v4	2026-10-07T03:15:27.7780968Z  * [new branch]      cex/CEX-705-Alien-codex-native-members -> origin/cex/CEX-705-Alien-codex-native-members
gateway-web	Run actions/checkout@v4	2026-10-07T03:15:27.7781434Z  * [new branch]      cex/CEX-790-mech-final-audit -> origin/cex/CEX-790-mech-final-audit
gateway-web	Run actions/checkout@v4	2026-10-07T03:15:27.7782090Z  * [new branch]      feat/mech-join-worker-without-node-token -> origin/feat/mech-join-worker-without-node-token
gateway-web	Run actions/checkout@v4	2026-10-07T03:15:27.7782520Z  * [new branch]      integration/CEX-790-Alien-20261006 -> origin/integration/CEX-790-Alien-20261006
gateway-web	Run actions/checkout@v4	2026-10-07T03:15:27.7782967Z  * [new branch]      integration/MON-accepted-head-mech-preflight -> origin/integration/MON-accepted-head-mech-preflight
gateway-web	Run actions/checkout@v4	2026-10-07T03:15:27.7783386Z  * [new branch]      integration/REX-803-804-mech-preflight -> origin/integration/REX-803-804-mech-preflight
gateway-web	Run actions/checkout@v4	2026-10-07T03:15:27.7783880Z  * [new branch]      integration/REX-803-804-mech-preflight-with-evidence-repair -> origin/integration/REX-803-804-mech-preflight-with-evidence-repair
gateway-web	Run actions/checkout@v4	2026-10-07T03:15:27.7784434Z  * [new branch]      integration/REX-805-candidate-mech-preflight -> origin/integration/REX-805-candidate-mech-preflight
gateway-web	Run actions/checkout@v4	2026-10-07T03:15:27.7784871Z  * [new branch]      integration/REX-805-repaired-mech-preflight -> origin/integration/REX-805-repaired-mech-preflight
gateway-web	Run actions/checkout@v4	2026-10-07T03:15:27.7785850Z  * [new branch]      integration/REX-accepted-heads-mech-preflight -> origin/integration/REX-accepted-heads-mech-preflight
gateway-web	Run actions/checkout@v4	2026-10-07T03:15:27.7786412Z  * [new branch]      integration/REX-accepted-heads-mech-preflight-with-evidence-repair -> origin/integration/REX-accepted-heads-mech-preflight-with-evidence-repair
gateway-web	Run actions/checkout@v4	2026-10-07T03:15:27.7786960Z  * [new branch]      join/JOIN-590-merged-main-physical-acceptance -> origin/join/JOIN-590-merged-main-physical-acceptance
gateway-web	Run actions/checkout@v4	2026-10-07T03:15:27.7787287Z  * [new branch]      main                      -> origin/main
gateway-web	Run actions/checkout@v4	2026-10-07T03:15:27.7787555Z  * [new branch]      mech/standalone-city-lifecycle -> origin/mech/standalone-city-lifecycle
gateway-web	Run actions/checkout@v4	2026-10-07T03:15:27.7787900Z  * [new branch]      merge/REX-series-mech-owner-window -> origin/merge/REX-series-mech-owner-window
gateway-web	Run actions/checkout@v4	2026-10-07T03:15:27.7788260Z  * [new branch]      mon/MON-901-Alien-codex-observation -> origin/mon/MON-901-Alien-codex-observation
gateway-web	Run actions/checkout@v4	2026-10-07T03:15:27.7788613Z  * [new branch]      mon/MON-902-mech-overview-graph -> origin/mon/MON-902-mech-overview-graph
gateway-web	Run actions/checkout@v4	2026-10-07T03:15:27.7788945Z  * [new branch]      mon/MON-903-mech-decision-overlay -> origin/mon/MON-903-mech-decision-overlay
gateway-web	Run actions/checkout@v4	2026-10-07T03:15:27.7789255Z  * [new branch]      mon/MON-990-Alien-20261006 -> origin/mon/MON-990-Alien-20261006
gateway-web	Run actions/checkout@v4	2026-10-07T03:15:27.7789720Z  * [new branch]      pcf/PCF-700-mech-ownership-and-reality-audit -> origin/pcf/PCF-700-mech-ownership-and-reality-audit
gateway-web	Run actions/checkout@v4	2026-10-07T03:15:27.7790153Z  * [new branch]      pcf/PCF-701-mech-live-resource-telemetry -> origin/pcf/PCF-701-mech-live-resource-telemetry
gateway-web	Run actions/checkout@v4	2026-10-07T03:15:27.7790696Z  * [new branch]      pcf/full-flow-alien-pending-verification-20261007 -> origin/pcf/full-flow-alien-pending-verification-20261007
gateway-web	Run actions/checkout@v4	2026-10-07T03:15:27.7791152Z  * [new branch]      pcf/series-mech           -> origin/pcf/series-mech
gateway-web	Run actions/checkout@v4	2026-10-07T03:15:27.7791469Z  * [new branch]      probe/REX-803-mech-two-worker-rehearsal -> origin/probe/REX-803-mech-two-worker-rehearsal
gateway-web	Run actions/checkout@v4	2026-10-07T03:15:27.7792031Z  * [new branch]      repair/MON-903-mech-honest-metrics -> origin/repair/MON-903-mech-honest-metrics
gateway-web	Run actions/checkout@v4	2026-10-07T03:15:27.7792664Z  * [new branch]      repair/MON-903-mech-honest-metrics-on-review-head -> origin/repair/MON-903-mech-honest-metrics-on-review-head
gateway-web	Run actions/checkout@v4	2026-10-07T03:15:27.7793725Z  * [new branch]      repair/PCF-701-alien-windows-cpu-20261007 -> origin/repair/PCF-701-alien-windows-cpu-20261007
gateway-web	Run actions/checkout@v4	2026-10-07T03:15:27.7794093Z  * [new branch]      repair/REX-801-mech-store-guard -> origin/repair/REX-801-mech-store-guard
gateway-web	Run actions/checkout@v4	2026-10-07T03:15:27.7794478Z  * [new branch]      repair/REX-803-mech-receipt-order-and-close -> origin/repair/REX-803-mech-receipt-order-and-close
gateway-web	Run actions/checkout@v4	2026-10-07T03:15:27.7794943Z  * [new branch]      repair/REX-804-mech-fault-store-guard-on-current-main -> origin/repair/REX-804-mech-fault-store-guard-on-current-main
gateway-web	Run actions/checkout@v4	2026-10-07T03:15:27.7795337Z  * [new branch]      repair/REX-804-mech-minimal -> origin/repair/REX-804-mech-minimal
gateway-web	Run actions/checkout@v4	2026-10-07T03:15:27.7795727Z  * [new branch]      repair/REX-804-mech-test-evidence-outside-repo -> origin/repair/REX-804-mech-test-evidence-outside-repo
gateway-web	Run actions/checkout@v4	2026-10-07T03:15:27.7796252Z  * [new branch]      repair/REX-806-alien-members-and-partial-provenance-20261007 -> origin/repair/REX-806-alien-members-and-partial-provenance-20261007
gateway-web	Run actions/checkout@v4	2026-10-07T03:15:27.7796841Z  * [new branch]      repair/REX-806-alien-missing-task-and-bounded-window-20261007 -> origin/repair/REX-806-alien-missing-task-and-bounded-window-20261007
gateway-web	Run actions/checkout@v4	2026-10-07T03:15:27.7797524Z  * [new branch]      repair/REX-806-mech-exporter-missing-receipt-detection -> origin/repair/REX-806-mech-exporter-missing-receipt-detection
gateway-web	Run actions/checkout@v4	2026-10-07T03:15:27.7798011Z  * [new branch]      repair/REX-806-mech-exporter-refusal-exit-code -> origin/repair/REX-806-mech-exporter-refusal-exit-code
gateway-web	Run actions/checkout@v4	2026-10-07T03:15:27.7798463Z  * [new branch]      repair/REX-806-mech-exporter-unreadable-receipt -> origin/repair/REX-806-mech-exporter-unreadable-receipt
gateway-web	Run actions/checkout@v4	2026-10-07T03:15:27.7798999Z  * [new branch]      repair/WBC-604-mech-profile-persist-first -> origin/repair/WBC-604-mech-profile-persist-first
gateway-web	Run actions/checkout@v4	2026-10-07T03:15:27.7799475Z  * [new branch]      repair/WBC-604-mech-profile-persist-first-on-current-main -> origin/repair/WBC-604-mech-profile-persist-first-on-current-main
gateway-web	Run actions/checkout@v4	2026-10-07T03:15:27.7799999Z  * [new branch]      repair/capability-bridge-mech-artifact-store-guard -> origin/repair/capability-bridge-mech-artifact-store-guard
gateway-web	Run actions/checkout@v4	2026-10-07T03:15:27.7800484Z  * [new branch]      repair/mech-city-store-diagnostic-on-current-main -> origin/repair/mech-city-store-diagnostic-on-current-main
gateway-web	Run actions/checkout@v4	2026-10-07T03:15:27.7801012Z  * [new branch]      repair/mech-readme-city-install-step -> origin/repair/mech-readme-city-install-step
gateway-web	Run actions/checkout@v4	2026-10-07T03:15:27.7801369Z  * [new branch]      repair/mech-relay-rate-probe-burst -> origin/repair/mech-relay-rate-probe-burst
gateway-web	Run actions/checkout@v4	2026-10-07T03:15:27.7801675Z  * [new branch]      review/CEX-701-mech-review -> origin/review/CEX-701-mech-review
gateway-web	Run actions/checkout@v4	2026-10-07T03:15:27.7801950Z  * [new branch]      review/CEX-702-mech-review -> origin/review/CEX-702-mech-review
gateway-web	Run actions/checkout@v4	2026-10-07T03:15:27.7802238Z  * [new branch]      review/CEX-703-mech-review -> origin/review/CEX-703-mech-review
gateway-web	Run actions/checkout@v4	2026-10-07T03:15:27.7802506Z  * [new branch]      review/CEX-704-mech-review -> origin/review/CEX-704-mech-review
gateway-web	Run actions/checkout@v4	2026-10-07T03:15:27.7802773Z  * [new branch]      review/CEX-705-mech-review -> origin/review/CEX-705-mech-review
gateway-web	Run actions/checkout@v4	2026-10-07T03:15:27.7803042Z  * [new branch]      review/JOIN-590-Alien-codex -> origin/review/JOIN-590-Alien-codex
gateway-web	Run actions/checkout@v4	2026-10-07T03:15:27.7803310Z  * [new branch]      review/MON-901-mech-review -> origin/review/MON-901-mech-review
gateway-web	Run actions/checkout@v4	2026-10-07T03:15:27.7803586Z  * [new branch]      review/MON-902-Alien-20261006 -> origin/review/MON-902-Alien-20261006
gateway-web	Run actions/checkout@v4	2026-10-07T03:15:27.7803874Z  * [new branch]      review/MON-903-Alien-20261006 -> origin/review/MON-903-Alien-20261006
gateway-web	Run actions/checkout@v4	2026-10-07T03:15:27.7804227Z  * [new branch]      review/MON-990-Mech-20261006 -> origin/review/MON-990-Mech-20261006
gateway-web	Run actions/checkout@v4	2026-10-07T03:15:27.7804671Z  * [new branch]      review/PCF-700-alien-20261007 -> origin/review/PCF-700-alien-20261007
gateway-web	Run actions/checkout@v4	2026-10-07T03:15:27.7805104Z  * [new branch]      review/REX-801-Alien-codex -> origin/review/REX-801-Alien-codex
gateway-web	Run actions/checkout@v4	2026-10-07T03:15:27.7805607Z  * [new branch]      review/REX-802-mech-review -> origin/review/REX-802-mech-review
gateway-web	Run actions/checkout@v4	2026-10-07T03:15:27.7806027Z  * [new branch]      review/REX-803-Alien-20261006 -> origin/review/REX-803-Alien-20261006
gateway-web	Run actions/checkout@v4	2026-10-07T03:15:27.7806451Z  * [new branch]      review/REX-804-mech-review -> origin/review/REX-804-mech-review
gateway-web	Run actions/checkout@v4	2026-10-07T03:15:27.7806900Z  * [new branch]      review/REX-807-Alien-GPT-20261007 -> origin/review/REX-807-Alien-GPT-20261007
gateway-web	Run actions/checkout@v4	2026-10-07T03:15:27.7807350Z  * [new branch]      review/WBC-601-Alien-codex -> origin/review/WBC-601-Alien-codex
gateway-web	Run actions/checkout@v4	2026-10-07T03:15:27.7807759Z  * [new branch]      review/WBC-602-Alien-codex -> origin/review/WBC-602-Alien-codex
gateway-web	Run actions/checkout@v4	2026-10-07T03:15:27.7808280Z  * [new branch]      rex/REX-801-experiment-manifest-registry -> origin/rex/REX-801-experiment-manifest-registry
gateway-web	Run actions/checkout@v4	2026-10-07T03:15:27.7808941Z  * [new branch]      rex/REX-802-Alien-codex-trace-foundation -> origin/rex/REX-802-Alien-codex-trace-foundation
gateway-web	Run actions/checkout@v4	2026-10-07T03:15:27.7809494Z  * [new branch]      rex/REX-803-Alien-codex-scenario -> origin/rex/REX-803-Alien-codex-scenario
gateway-web	Run actions/checkout@v4	2026-10-07T03:15:27.7809982Z  * [new branch]      rex/REX-803-mech-scenario-runner -> origin/rex/REX-803-mech-scenario-runner
gateway-web	Run actions/checkout@v4	2026-10-07T03:15:27.7810462Z  * [new branch]      rex/REX-804-Alien-codex-faults -> origin/rex/REX-804-Alien-codex-faults
gateway-web	Run actions/checkout@v4	2026-10-07T03:15:27.7810954Z  * [new branch]      rex/REX-805-alien-replay-ablation -> origin/rex/REX-805-alien-replay-ablation
gateway-web	Run actions/checkout@v4	2026-10-07T03:15:27.7811484Z  * [new branch]      rex/REX-806-mech-metrics-and-export -> origin/rex/REX-806-mech-metrics-and-export
gateway-web	Run actions/checkout@v4	2026-10-07T03:15:27.7812070Z  * [new branch]      rex/REX-807-mech-research-control-surface -> origin/rex/REX-807-mech-research-control-surface
gateway-web	Run actions/checkout@v4	2026-10-07T03:15:27.7812822Z  * [new branch]      test/mech-startup-store-family-guard -> origin/test/mech-startup-store-family-guard
gateway-web	Run actions/checkout@v4	2026-10-07T03:15:27.7813394Z  * [new branch]      wbc/WBC-601-execution-backend-contract -> origin/wbc/WBC-601-execution-backend-contract
gateway-web	Run actions/checkout@v4	2026-10-07T03:15:27.7813908Z  * [new branch]      wbc/WBC-602-node-descriptor -> origin/wbc/WBC-602-node-descriptor
gateway-web	Run actions/checkout@v4	2026-10-07T03:15:27.7814412Z  * [new branch]      wbc/WBC-603-Alien-codex-worker-pool -> origin/wbc/WBC-603-Alien-codex-worker-pool
gateway-web	Run actions/checkout@v4	2026-10-07T03:15:27.7815018Z  * [new branch]      wbc/WBC-604-mech-execution-profile-switch -> origin/wbc/WBC-604-mech-execution-profile-switch
gateway-web	Run actions/checkout@v4	2026-10-07T03:15:27.7815640Z  * [new tag]         archive/2026-10-04/codex/city-members-host-roles -> archive/2026-10-04/codex/city-members-host-roles
gateway-web	Run actions/checkout@v4	2026-10-07T03:15:27.7816281Z  * [new tag]         archive/2026-10-04/codex/city-names-host-preflight -> archive/2026-10-04/codex/city-names-host-preflight
gateway-web	Run actions/checkout@v4	2026-10-07T03:15:27.7816940Z  * [new tag]         archive/2026-10-04/codex/pairing-discovery-ux -> archive/2026-10-04/codex/pairing-discovery-ux
gateway-web	Run actions/checkout@v4	2026-10-07T03:15:27.7817839Z  * [new tag]         archive/2026-10-04/codex/single-host-city-remote-login -> archive/2026-10-04/codex/single-host-city-remote-login
gateway-web	Run actions/checkout@v4	2026-10-07T03:15:27.7818548Z  * [new tag]         archive/2026-10-04/evidence/MESH-301-mech-receipts -> archive/2026-10-04/evidence/MESH-301-mech-receipts
gateway-web	Run actions/checkout@v4	2026-10-07T03:15:27.7819287Z  * [new tag]         archive/2026-10-04/feat/launcher-and-shareable-invite -> archive/2026-10-04/feat/launcher-and-shareable-invite
gateway-web	Run actions/checkout@v4	2026-10-07T03:15:27.7820017Z  * [new tag]         archive/2026-10-04/feat/primary-city-and-connect-entry -> archive/2026-10-04/feat/primary-city-and-connect-entry
gateway-web	Run actions/checkout@v4	2026-10-07T03:15:27.7820779Z  * [new tag]         archive/2026-10-04/fix/device-pilot-harness-integration -> archive/2026-10-04/fix/device-pilot-harness-integration
gateway-web	Run actions/checkout@v4	2026-10-07T03:15:27.7821506Z  * [new tag]         archive/2026-10-04/fix/device-pilot-process-identity -> archive/2026-10-04/fix/device-pilot-process-identity
gateway-web	Run actions/checkout@v4	2026-10-07T03:15:27.7822217Z  * [new tag]         archive/2026-10-04/fix/device-pilot-route-from-source -> archive/2026-10-04/fix/device-pilot-route-from-source
gateway-web	Run actions/checkout@v4	2026-10-07T03:15:27.7823098Z  * [new tag]         archive/2026-10-04/integration/alien-codex-history-20261004 -> archive/2026-10-04/integration/alien-codex-history-20261004
gateway-web	Run actions/checkout@v4	2026-10-07T03:15:27.7823806Z  * [new tag]         archive/2026-10-04/integration/join-502-nearby -> archive/2026-10-04/integration/join-502-nearby
gateway-web	Run actions/checkout@v4	2026-10-07T03:15:27.7824486Z  * [new tag]         archive/2026-10-04/join/JOIN-501-pairing-session-lifecycle -> archive/2026-10-04/join/JOIN-501-pairing-session-lifecycle
gateway-web	Run actions/checkout@v4	2026-10-07T03:15:27.7825210Z  * [new tag]         archive/2026-10-04/join/JOIN-502-nearby-discovery-approval -> archive/2026-10-04/join/JOIN-502-nearby-discovery-approval
gateway-web	Run actions/checkout@v4	2026-10-07T03:15:27.7826040Z  * [new tag]         archive/2026-10-04/join/JOIN-503-device-enrollment-and-tokenless-reconnect -> archive/2026-10-04/join/JOIN-503-device-enrollment-and-tokenless-reconnect
gateway-web	Run actions/checkout@v4	2026-10-07T03:15:27.7826861Z  * [new tag]         archive/2026-10-04/join/JOIN-503-edenrollment-repair -> archive/2026-10-04/join/JOIN-503-edenrollment-repair
gateway-web	Run actions/checkout@v4	2026-10-07T03:15:27.7827443Z  * [new tag]         archive/2026-10-04/mesh/MESH-301-three-end -> archive/2026-10-04/mesh/MESH-301-three-end
gateway-web	Run actions/checkout@v4	2026-10-07T03:15:27.7828061Z  * [new tag]         archive/2026-10-04/review/JOIN-501-mech-formal-review -> archive/2026-10-04/review/JOIN-501-mech-formal-review
gateway-web	Run actions/checkout@v4	2026-10-07T03:15:27.7828780Z  * [new tag]         archive/2026-10-04/review/JOIN-502-alien-formal-review -> archive/2026-10-04/review/JOIN-502-alien-formal-review
gateway-web	Run actions/checkout@v4	2026-10-07T03:15:27.7829469Z  * [new tag]         archive/2026-10-04/review/JOIN-503-mech-formal-review -> archive/2026-10-04/review/JOIN-503-mech-formal-review
gateway-web	Run actions/checkout@v4	2026-10-07T03:15:27.7830107Z  * [new tag]         archive/2026-10-04/review/MESH-301-mech-formal-review -> archive/2026-10-04/review/MESH-301-mech-formal-review
gateway-web	Run actions/checkout@v4	2026-10-07T03:15:27.7831441Z  * [new tag]         archive/2026-10-04/rs/RS-201-dynamic-ai-pool -> archive/2026-10-04/rs/RS-201-dynamic-ai-pool
gateway-web	Run actions/checkout@v4	2026-10-07T03:15:27.7832105Z  * [new tag]         archive/2026-10-04/rs/RS-202-multi-device-concurrency -> archive/2026-10-04/rs/RS-202-multi-device-concurrency
gateway-web	Run actions/checkout@v4	2026-10-07T03:15:27.7832847Z  * [new tag]         archive/2026-10-04/rs/RS-203-cross-device-return-recovery -> archive/2026-10-04/rs/RS-203-cross-device-return-recovery
gateway-web	Run actions/checkout@v4	2026-10-07T03:15:27.7833611Z  * [new tag]         archive/2026-10-04/rs/RS-290-scheduling-baseline-freeze -> archive/2026-10-04/rs/RS-290-scheduling-baseline-freeze
gateway-web	Run actions/checkout@v4	2026-10-07T03:15:27.7834372Z  * [new tag]         archive/2026-10-04/ui/UI-000-visual-direction-candidates -> archive/2026-10-04/ui/UI-000-visual-direction-candidates
gateway-web	Run actions/checkout@v4	2026-10-07T03:15:27.7835062Z  * [new tag]         archive/2026-10-04/ui/UI-101-web-product-shell -> archive/2026-10-04/ui/UI-101-web-product-shell
gateway-web	Run actions/checkout@v4	2026-10-07T03:15:27.7835663Z  * [new tag]         archive/2026-10-04/ui/UI-102-android-product-shell -> archive/2026-10-04/ui/UI-102-android-product-shell
gateway-web	Run actions/checkout@v4	2026-10-07T03:15:27.7836322Z  * [new tag]         archive/2026-10-04/ui/UI-103-rooms-visual-unification -> archive/2026-10-04/ui/UI-103-rooms-visual-unification
gateway-web	Run actions/checkout@v4	2026-10-07T03:15:27.7836976Z  * [new tag]         archive/2026-10-04/ui/UI-190-ui-baseline-freeze -> archive/2026-10-04/ui/UI-190-ui-baseline-freeze
gateway-web	Run actions/checkout@v4	2026-10-07T03:15:27.7837944Z  * [new tag]         archive/2026-10-04/uxi/UXI-301-scheduler-status-into-product-ui -> archive/2026-10-04/uxi/UXI-301-scheduler-status-into-product-ui
gateway-web	Run actions/checkout@v4	2026-10-07T03:15:27.7838705Z  * [new tag]         archive/2026-10-04/uxi/UXI-390-final-product-acceptance -> archive/2026-10-04/uxi/UXI-390-final-product-acceptance
gateway-web	Run actions/checkout@v4	2026-10-07T03:15:27.7839332Z  * [new tag]         archive/2026-10-04/uxi/UXI-391-remote-handoff-closeout -> archive/2026-10-04/uxi/UXI-391-remote-handoff-closeout
gateway-web	Run actions/checkout@v4	2026-10-07T03:15:27.7839798Z  * [new tag]         archive/2026-10-05/fix/Alien-codex-host-inventory-retry -> archive/2026-10-05/fix/Alien-codex-host-inventory-retry
gateway-web	Run actions/checkout@v4	2026-10-07T03:15:27.7840319Z  * [new tag]         archive/2026-10-05/fix/Alien-codex-pairing-city-neutral-lockout -> archive/2026-10-05/fix/Alien-codex-pairing-city-neutral-lockout
gateway-web	Run actions/checkout@v4	2026-10-07T03:15:27.7841296Z  * [new tag]         archive/BA-001            -> archive/BA-001
gateway-web	Run actions/checkout@v4	2026-10-07T03:15:27.7841509Z  * [new tag]         archive/BA-002            -> archive/BA-002
gateway-web	Run actions/checkout@v4	2026-10-07T03:15:27.7841708Z  * [new tag]         archive/BA-003            -> archive/BA-003
gateway-web	Run actions/checkout@v4	2026-10-07T03:15:27.7841905Z  * [new tag]         archive/BA-004            -> archive/BA-004
gateway-web	Run actions/checkout@v4	2026-10-07T03:15:27.7842101Z  * [new tag]         archive/BA-005            -> archive/BA-005
gateway-web	Run actions/checkout@v4	2026-10-07T03:15:27.7842300Z  * [new tag]         archive/BA-006            -> archive/BA-006
gateway-web	Run actions/checkout@v4	2026-10-07T03:15:27.7842492Z  * [new tag]         archive/BA-007            -> archive/BA-007
gateway-web	Run actions/checkout@v4	2026-10-07T03:15:27.7842678Z  * [new tag]         archive/BA-008            -> archive/BA-008
gateway-web	Run actions/checkout@v4	2026-10-07T03:15:27.7842865Z  * [new tag]         archive/BA-009            -> archive/BA-009
gateway-web	Run actions/checkout@v4	2026-10-07T03:15:27.7843062Z  * [new tag]         archive/EM-001            -> archive/EM-001
gateway-web	Run actions/checkout@v4	2026-10-07T03:15:27.7843254Z  * [new tag]         archive/EM-002            -> archive/EM-002
gateway-web	Run actions/checkout@v4	2026-10-07T03:15:27.7843446Z  * [new tag]         archive/EM-003            -> archive/EM-003
gateway-web	Run actions/checkout@v4	2026-10-07T03:15:27.7843632Z  * [new tag]         archive/EM-004            -> archive/EM-004
gateway-web	Run actions/checkout@v4	2026-10-07T03:15:27.7843829Z  * [new tag]         archive/EM-005            -> archive/EM-005
gateway-web	Run actions/checkout@v4	2026-10-07T03:15:27.7844016Z  * [new tag]         archive/EM-006            -> archive/EM-006
gateway-web	Run actions/checkout@v4	2026-10-07T03:15:27.7844206Z  * [new tag]         archive/EM-007            -> archive/EM-007
gateway-web	Run actions/checkout@v4	2026-10-07T03:15:27.7844396Z  * [new tag]         archive/EM-008            -> archive/EM-008
gateway-web	Run actions/checkout@v4	2026-10-07T03:15:27.7844583Z  * [new tag]         archive/EM-009            -> archive/EM-009
gateway-web	Run actions/checkout@v4	2026-10-07T03:15:27.7844769Z  * [new tag]         archive/EM-010            -> archive/EM-010
gateway-web	Run actions/checkout@v4	2026-10-07T03:15:27.7844952Z  * [new tag]         archive/EM-011            -> archive/EM-011
gateway-web	Run actions/checkout@v4	2026-10-07T03:15:27.7845211Z  * [new tag]         archive/EM-012            -> archive/EM-012
gateway-web	Run actions/checkout@v4	2026-10-07T03:15:27.7845395Z  * [new tag]         archive/EM-013            -> archive/EM-013
gateway-web	Run actions/checkout@v4	2026-10-07T03:15:27.7845592Z  * [new tag]         archive/GAI-001           -> archive/GAI-001
gateway-web	Run actions/checkout@v4	2026-10-07T03:15:27.7845786Z  * [new tag]         archive/GAI-002           -> archive/GAI-002
gateway-web	Run actions/checkout@v4	2026-10-07T03:15:27.7845985Z  * [new tag]         archive/GAI-003           -> archive/GAI-003
gateway-web	Run actions/checkout@v4	2026-10-07T03:15:27.7905651Z  * [new tag]         archive/GAI-004           -> archive/GAI-004
gateway-web	Run actions/checkout@v4	2026-10-07T03:15:27.7906370Z  * [new tag]         archive/GAI-005           -> archive/GAI-005
gateway-web	Run actions/checkout@v4	2026-10-07T03:15:27.7906713Z  * [new tag]         archive/GAI-006           -> archive/GAI-006
gateway-web	Run actions/checkout@v4	2026-10-07T03:15:27.7907020Z  * [new tag]         archive/GAI-007           -> archive/GAI-007
gateway-web	Run actions/checkout@v4	2026-10-07T03:15:27.7907303Z  * [new tag]         archive/GAI-008           -> archive/GAI-008
gateway-web	Run actions/checkout@v4	2026-10-07T03:15:27.7907612Z  * [new tag]         archive/GAI-009           -> archive/GAI-009
gateway-web	Run actions/checkout@v4	2026-10-07T03:15:27.7907893Z  * [new tag]         archive/RF-001            -> archive/RF-001
gateway-web	Run actions/checkout@v4	2026-10-07T03:15:27.7908172Z  * [new tag]         archive/RF-002            -> archive/RF-002
gateway-web	Run actions/checkout@v4	2026-10-07T03:15:27.7908445Z  * [new tag]         archive/RF-003            -> archive/RF-003
gateway-web	Run actions/checkout@v4	2026-10-07T03:15:27.7908720Z  * [new tag]         archive/RF-004            -> archive/RF-004
gateway-web	Run actions/checkout@v4	2026-10-07T03:15:27.7909005Z  * [new tag]         archive/RF-005            -> archive/RF-005
gateway-web	Run actions/checkout@v4	2026-10-07T03:15:27.7909274Z  * [new tag]         archive/RF-006            -> archive/RF-006
gateway-web	Run actions/checkout@v4	2026-10-07T03:15:27.7909555Z  * [new tag]         archive/RF-007            -> archive/RF-007
gateway-web	Run actions/checkout@v4	2026-10-07T03:15:27.7909831Z  * [new tag]         archive/RF-008            -> archive/RF-008
gateway-web	Run actions/checkout@v4	2026-10-07T03:15:27.7910099Z  * [new tag]         archive/RF-009            -> archive/RF-009
gateway-web	Run actions/checkout@v4	2026-10-07T03:15:27.7910373Z  * [new tag]         archive/RF-010            -> archive/RF-010
gateway-web	Run actions/checkout@v4	2026-10-07T03:15:27.7910778Z  * [new tag]         archive/alien/capability-bridge-v0.3 -> archive/alien/capability-bridge-v0.3
gateway-web	Run actions/checkout@v4	2026-10-07T03:15:27.7911269Z  * [new tag]         archive/alien/v0.3-hardening-repair -> archive/alien/v0.3-hardening-repair
gateway-web	Run actions/checkout@v4	2026-10-07T03:15:27.7912004Z  * [new tag]         archive/alien/wave2-repair-v1 -> archive/alien/wave2-repair-v1
gateway-web	Run actions/checkout@v4	2026-10-07T03:15:27.7912462Z  * [new tag]         archive/alien/wave3-theme-build -> archive/alien/wave3-theme-build
gateway-web	Run actions/checkout@v4	2026-10-07T03:15:27.7913095Z  * [new tag]         archive/codex/alien-device-center-connectivity-v0.2 -> archive/codex/alien-device-center-connectivity-v0.2
gateway-web	Run actions/checkout@v4	2026-10-07T03:15:27.7913710Z  * [new tag]         archive/codex/product-v0  -> archive/codex/product-v0
gateway-web	Run actions/checkout@v4	2026-10-07T03:15:27.7914210Z  * [new tag]         archive/docs/v02-acceptance-links -> archive/docs/v02-acceptance-links
gateway-web	Run actions/checkout@v4	2026-10-07T03:15:27.7914779Z  * [new tag]         archive/infra/mission-evolution-bootstrap -> archive/infra/mission-evolution-bootstrap
gateway-web	Run actions/checkout@v4	2026-10-07T03:15:27.7915669Z  * [new tag]         archive/mech/city-implementation-v1 -> archive/mech/city-implementation-v1
gateway-web	Run actions/checkout@v4	2026-10-07T03:15:27.7916243Z  * [new tag]         archive/mech/d9-theme-builder -> archive/mech/d9-theme-builder
gateway-web	Run actions/checkout@v4	2026-10-07T03:15:27.7916793Z  * [new tag]         archive/mech/donor-document-intake-v1 -> archive/mech/donor-document-intake-v1
gateway-web	Run actions/checkout@v4	2026-10-07T03:15:27.7917394Z  * [new tag]         archive/mech/donor-knowledge-core-v1 -> archive/mech/donor-knowledge-core-v1
gateway-web	Run actions/checkout@v4	2026-10-07T03:15:27.7917905Z  * [new tag]         archive/mech/donor-skill-intake-v1 -> archive/mech/donor-skill-intake-v1
gateway-web	Run actions/checkout@v4	2026-10-07T03:15:27.7918423Z  * [new tag]         archive/mech/donor-theme-engine-v1 -> archive/mech/donor-theme-engine-v1
gateway-web	Run actions/checkout@v4	2026-10-07T03:15:27.7918879Z  * [new tag]         archive/mech/knowledge-room-k0 -> archive/mech/knowledge-room-k0
gateway-web	Run actions/checkout@v4	2026-10-07T03:15:27.7919343Z  * [new tag]         archive/mech/room-incubation-v1 -> archive/mech/room-incubation-v1
gateway-web	Run actions/checkout@v4	2026-10-07T03:15:27.7919749Z  * [new tag]         archive/mech/room-pack-v1 -> archive/mech/room-pack-v1
gateway-web	Run actions/checkout@v4	2026-10-07T03:15:27.7920372Z  * [new tag]         archive/mech/wave1-closeout-repair -> archive/mech/wave1-closeout-repair
gateway-web	Run actions/checkout@v4	2026-10-07T03:15:27.7920840Z  * [new tag]         archive/mech/wave3-road-activation -> archive/mech/wave3-road-activation
gateway-web	Run actions/checkout@v4	2026-10-07T03:15:27.7921260Z  * [new tag]         archive/mech/web-i18n-v1  -> archive/mech/web-i18n-v1
gateway-web	Run actions/checkout@v4	2026-10-07T03:15:27.7921686Z  * [new tag]         archive/merge/butler-assistant-integration -> archive/merge/butler-assistant-integration
gateway-web	Run actions/checkout@v4	2026-10-07T03:15:27.7922332Z  * [new tag]         archive/merge/engineering-manager-integration -> archive/merge/engineering-manager-integration
gateway-web	Run actions/checkout@v4	2026-10-07T03:15:27.7922745Z  * [new tag]         archive/merge/general-ai-gateway-integration -> archive/merge/general-ai-gateway-integration
gateway-web	Run actions/checkout@v4	2026-10-07T03:15:27.7923131Z  * [new tag]         archive/merge/remote-fabric-integration -> archive/merge/remote-fabric-integration
gateway-web	Run actions/checkout@v4	2026-10-07T03:15:27.7923457Z  * [new tag]         archive/mission/MB-001-core-os -> archive/mission/MB-001-core-os
gateway-web	Run actions/checkout@v4	2026-10-07T03:15:27.7923785Z  * [new tag]         archive/mission/MB-002-capability-fabric -> archive/mission/MB-002-capability-fabric
gateway-web	Run actions/checkout@v4	2026-10-07T03:15:27.7924140Z  * [new tag]         archive/mission/MB-003-worker-gateway -> archive/mission/MB-003-worker-gateway
gateway-web	Run actions/checkout@v4	2026-10-07T03:15:27.7924484Z  * [new tag]         archive/mission/MB-004-project-foreman -> archive/mission/MB-004-project-foreman
gateway-web	Run actions/checkout@v4	2026-10-07T03:15:27.7924802Z  * [new tag]         archive/mission/MB-005-host-health -> archive/mission/MB-005-host-health
gateway-web	Run actions/checkout@v4	2026-10-07T03:15:27.7925120Z  * [new tag]         archive/mission/MB-006-restart-recovery -> archive/mission/MB-006-restart-recovery
gateway-web	Run actions/checkout@v4	2026-10-07T03:15:27.7925459Z  * [new tag]         archive/mission/MB-007-research-institute -> archive/mission/MB-007-research-institute
gateway-web	Run actions/checkout@v4	2026-10-07T03:15:27.7925788Z  * [new tag]         archive/mission/MB-008-computer-use -> archive/mission/MB-008-computer-use
gateway-web	Run actions/checkout@v4	2026-10-07T03:15:27.7926107Z  * [new tag]         archive/mission/MB-009-theme-relocation -> archive/mission/MB-009-theme-relocation
gateway-web	Run actions/checkout@v4	2026-10-07T03:15:27.7926415Z  * [new tag]         archive/mission/MB-010-node-fabric -> archive/mission/MB-010-node-fabric
gateway-web	Run actions/checkout@v4	2026-10-07T03:15:27.7926798Z  * [new tag]         archive/mission/MB-011-customs -> archive/mission/MB-011-customs
gateway-web	Run actions/checkout@v4	2026-10-07T03:15:27.7927102Z  * [new tag]         archive/mission/MB-012-runtime-compliance -> archive/mission/MB-012-runtime-compliance
gateway-web	Run actions/checkout@v4	2026-10-07T03:15:27.7927466Z  * [new tag]         archive/product/upt-pre-assistant-closeout -> archive/product/upt-pre-assistant-closeout
gateway-web	Run actions/checkout@v4	2026-10-07T03:15:27.7927861Z  * [new tag]         archive/repair/MB-007-owner-override-finalize -> archive/repair/MB-007-owner-override-finalize
gateway-web	Run actions/checkout@v4	2026-10-07T03:15:27.7928201Z  * [new tag]         utopia-donor-wave1-closed-v1 -> utopia-donor-wave1-closed-v1
gateway-web	Run actions/checkout@v4	2026-10-07T03:15:27.7928454Z  * [new tag]         utopia-v0.3-hardening     -> utopia-v0.3-hardening
gateway-web	Run actions/checkout@v4	2026-10-07T03:15:27.7928672Z  * [new tag]         utopia-wave3              -> utopia-wave3
gateway-web	Run actions/checkout@v4	2026-10-07T03:15:27.7928876Z  * [new tag]         v0.1.0-product            -> v0.1.0-product
gateway-web	Run actions/checkout@v4	2026-10-07T03:15:27.7929191Z  * [new tag]         v0.2.0-device-center-connectivity -> v0.2.0-device-center-connectivity
gateway-web	Run actions/checkout@v4	2026-10-07T03:15:27.7930048Z [command]"C:\Program Files\Git\bin\git.exe" branch --list --remote origin/review/REX-807-Alien-GPT-20261007
gateway-web	Run actions/checkout@v4	2026-10-07T03:15:27.8213512Z   origin/review/REX-807-Alien-GPT-20261007
gateway-web	Run actions/checkout@v4	2026-10-07T03:15:27.8256286Z [command]"C:\Program Files\Git\bin\git.exe" rev-parse refs/remotes/origin/review/REX-807-Alien-GPT-20261007
gateway-web	Run actions/checkout@v4	2026-10-07T03:15:27.8457099Z 2decc71b2b9a3d0e66293498f4f1676e461da8da
gateway-web	Run actions/checkout@v4	2026-10-07T03:15:27.8486077Z ##[endgroup]
gateway-web	Run actions/checkout@v4	2026-10-07T03:15:27.8486383Z ##[group]Determining the checkout info
gateway-web	Run actions/checkout@v4	2026-10-07T03:15:27.8487777Z ##[endgroup]
gateway-web	Run actions/checkout@v4	2026-10-07T03:15:27.8495013Z [command]"C:\Program Files\Git\bin\git.exe" sparse-checkout disable
gateway-web	Run actions/checkout@v4	2026-10-07T03:15:27.8984500Z [command]"C:\Program Files\Git\bin\git.exe" config --local --unset-all extensions.worktreeConfig
gateway-web	Run actions/checkout@v4	2026-10-07T03:15:27.9210013Z ##[group]Checking out the ref
gateway-web	Run actions/checkout@v4	2026-10-07T03:15:27.9217439Z [command]"C:\Program Files\Git\bin\git.exe" checkout --progress --force -B review/REX-807-Alien-GPT-20261007 refs/remotes/origin/review/REX-807-Alien-GPT-20261007
gateway-web	Run actions/checkout@v4	2026-10-07T03:15:28.2643960Z Switched to a new branch 'review/REX-807-Alien-GPT-20261007'
gateway-web	Run actions/checkout@v4	2026-10-07T03:15:28.2718768Z branch 'review/REX-807-Alien-GPT-20261007' set up to track 'origin/review/REX-807-Alien-GPT-20261007'.
gateway-web	Run actions/checkout@v4	2026-10-07T03:15:28.2787396Z ##[endgroup]
gateway-web	Run actions/checkout@v4	2026-10-07T03:15:28.3164522Z [command]"C:\Program Files\Git\bin\git.exe" log -1 --format=%H
gateway-web	Run actions/checkout@v4	2026-10-07T03:15:28.3378198Z 2decc71b2b9a3d0e66293498f4f1676e461da8da
gateway-web	Run actions/setup-node@v4	﻿2026-10-07T03:15:28.3755610Z ##[group]Run actions/setup-node@v4
gateway-web	Run actions/setup-node@v4	2026-10-07T03:15:28.3755857Z with:
gateway-web	Run actions/setup-node@v4	2026-10-07T03:15:28.3755971Z   node-version: 24
gateway-web	Run actions/setup-node@v4	2026-10-07T03:15:28.3756106Z   always-auth: false
gateway-web	Run actions/setup-node@v4	2026-10-07T03:15:28.3756225Z   check-latest: false
gateway-web	Run actions/setup-node@v4	2026-10-07T03:15:28.3757705Z   token: ***
gateway-web	Run actions/setup-node@v4	2026-10-07T03:15:28.3757841Z ##[endgroup]
gateway-web	Run actions/setup-node@v4	2026-10-07T03:15:28.5025318Z Found in cache @ C:\hostedtoolcache\windows\node\24.21.0\x64
gateway-web	Run actions/setup-node@v4	2026-10-07T03:15:28.5031826Z (node:9384) [DEP0040] DeprecationWarning: The `punycode` module is deprecated. Please use a userland alternative instead.
gateway-web	Run actions/setup-node@v4	2026-10-07T03:15:28.5032305Z (Use `node --trace-deprecation ...` to show where the warning was created)
gateway-web	Run actions/setup-node@v4	2026-10-07T03:15:28.5034618Z ##[group]Environment details
gateway-web	Run actions/setup-node@v4	2026-10-07T03:15:33.4008906Z node: v24.21.0
gateway-web	Run actions/setup-node@v4	2026-10-07T03:15:33.4009201Z npm: 11.19.0
gateway-web	Run actions/setup-node@v4	2026-10-07T03:15:33.4009384Z yarn: 1.22.22
gateway-web	Run actions/setup-node@v4	2026-10-07T03:15:33.4010193Z ##[endgroup]
gateway-web	Run pnpm/action-setup@v4	﻿2026-10-07T03:15:33.4284830Z ##[group]Run pnpm/action-setup@v4
gateway-web	Run pnpm/action-setup@v4	2026-10-07T03:15:33.4285061Z with:
gateway-web	Run pnpm/action-setup@v4	2026-10-07T03:15:33.4285169Z   version: 11.19.0
gateway-web	Run pnpm/action-setup@v4	2026-10-07T03:15:33.4285284Z   dest: ~/setup-pnpm
gateway-web	Run pnpm/action-setup@v4	2026-10-07T03:15:33.4285393Z   run_install: null
gateway-web	Run pnpm/action-setup@v4	2026-10-07T03:15:33.4285494Z   cache: false
gateway-web	Run pnpm/action-setup@v4	2026-10-07T03:15:33.4285612Z   cache_dependency_path: pnpm-lock.yaml
gateway-web	Run pnpm/action-setup@v4	2026-10-07T03:15:33.4285776Z   package_json_file: package.json
gateway-web	Run pnpm/action-setup@v4	2026-10-07T03:15:33.4285925Z   standalone: false
gateway-web	Run pnpm/action-setup@v4	2026-10-07T03:15:33.4286056Z ##[endgroup]
gateway-web	Run pnpm/action-setup@v4	2026-10-07T03:15:33.5593224Z ##[group]Running self-installer...
gateway-web	Run pnpm/action-setup@v4	2026-10-07T03:15:33.9755898Z (node:3808) [DEP0169] DeprecationWarning: `url.parse()` behavior is not standardized and prone to errors that have security implications. Use the WHATWG URL API instead. CVEs are not issued for `url.parse()` vulnerabilities.
gateway-web	Run pnpm/action-setup@v4	2026-10-07T03:15:33.9757072Z (Use `node --trace-deprecation ...` to show where the warning was created)
gateway-web	Run pnpm/action-setup@v4	2026-10-07T03:15:34.1895080Z Progress: resolved 1, reused 0, downloaded 0, added 0
gateway-web	Run pnpm/action-setup@v4	2026-10-07T03:15:34.1963673Z Packages: +1
gateway-web	Run pnpm/action-setup@v4	2026-10-07T03:15:34.1964073Z +
gateway-web	Run pnpm/action-setup@v4	2026-10-07T03:15:35.5741368Z Progress: resolved 1, reused 0, downloaded 1, added 0
gateway-web	Run pnpm/action-setup@v4	2026-10-07T03:15:35.8682321Z Progress: resolved 1, reused 0, downloaded 1, added 1, done
gateway-web	Run pnpm/action-setup@v4	2026-10-07T03:15:35.9532706Z 
gateway-web	Run pnpm/action-setup@v4	2026-10-07T03:15:35.9533439Z dependencies:
gateway-web	Run pnpm/action-setup@v4	2026-10-07T03:15:35.9533709Z + pnpm 11.19.0 (12.9.1 is available)
gateway-web	Run pnpm/action-setup@v4	2026-10-07T03:15:35.9533863Z 
gateway-web	Run pnpm/action-setup@v4	2026-10-07T03:15:35.9655906Z Done in 2.1s
gateway-web	Run pnpm/action-setup@v4	2026-10-07T03:15:35.9840441Z ##[endgroup]
gateway-web	Run pnpm/action-setup@v4	2026-10-07T03:15:35.9841013Z Installation Completed!
gateway-web	Run pnpm install --frozen-lockfile	﻿2026-10-07T03:15:36.0105975Z ##[group]Run pnpm install --frozen-lockfile
gateway-web	Run pnpm install --frozen-lockfile	2026-10-07T03:15:36.0106425Z ^[[36;1mpnpm install --frozen-lockfile^[[0m
gateway-web	Run pnpm install --frozen-lockfile	2026-10-07T03:15:36.0631182Z shell: C:\Program Files\PowerShell\7\pwsh.EXE -command ". '{0}'"
gateway-web	Run pnpm install --frozen-lockfile	2026-10-07T03:15:36.0631435Z env:
gateway-web	Run pnpm install --frozen-lockfile	2026-10-07T03:15:36.0631614Z   PNPM_HOME: C:\Users\runneradmin\setup-pnpm\node_modules\.bin
gateway-web	Run pnpm install --frozen-lockfile	2026-10-07T03:15:36.0631808Z ##[endgroup]
gateway-web	Run pnpm install --frozen-lockfile	2026-10-07T03:15:37.9109581Z ? Verifying lockfile against supply-chain policies (39 entries)...
gateway-web	Run pnpm install --frozen-lockfile	2026-10-07T03:15:37.9157429Z Lockfile is up to date, resolution step is skipped
gateway-web	Run pnpm install --frozen-lockfile	2026-10-07T03:15:38.0468458Z Progress: resolved 1, reused 0, downloaded 0, added 0
gateway-web	Run pnpm install --frozen-lockfile	2026-10-07T03:15:38.0546903Z Packages: +38
gateway-web	Run pnpm install --frozen-lockfile	2026-10-07T03:15:38.0547602Z ++++++++++++++++++++++++++++++++++++++
gateway-web	Run pnpm install --frozen-lockfile	2026-10-07T03:15:38.4557561Z Packages are hard linked from the content-addressable store to the virtual store.
gateway-web	Run pnpm install --frozen-lockfile	2026-10-07T03:15:38.4560622Z   Content-addressable store is at: D:\.pnpm-store\v11
gateway-web	Run pnpm install --frozen-lockfile	2026-10-07T03:15:38.4560999Z   Virtual store is at:             node_modules/.pnpm
gateway-web	Run pnpm install --frozen-lockfile	2026-10-07T03:15:38.7179592Z Progress: resolved 38, reused 0, downloaded 38, added 38, done
gateway-web	Run pnpm install --frozen-lockfile	2026-10-07T03:15:38.7654654Z ✓ Lockfile passes supply-chain policies (39 entries in 855ms)
gateway-web	Run pnpm install --frozen-lockfile	2026-10-07T03:15:38.7887684Z 
gateway-web	Run pnpm install --frozen-lockfile	2026-10-07T03:15:38.7888294Z dependencies:
gateway-web	Run pnpm install --frozen-lockfile	2026-10-07T03:15:38.7888515Z + bonjour-service 1.4.4
gateway-web	Run pnpm install --frozen-lockfile	2026-10-07T03:15:38.7888663Z + qrcode 1.5.4
gateway-web	Run pnpm install --frozen-lockfile	2026-10-07T03:15:38.7888773Z + ws 8.18.3
gateway-web	Run pnpm install --frozen-lockfile	2026-10-07T03:15:38.7888840Z 
gateway-web	Run pnpm install --frozen-lockfile	2026-10-07T03:15:38.7888889Z devDependencies:
gateway-web	Run pnpm install --frozen-lockfile	2026-10-07T03:15:38.7889217Z + playwright 1.55.1
gateway-web	Run pnpm install --frozen-lockfile	2026-10-07T03:15:38.7889320Z 
gateway-web	Run pnpm install --frozen-lockfile	2026-10-07T03:15:38.7994524Z Done in 2s using pnpm v11.19.0
gateway-web	Run pnpm --dir city install --frozen-lockfile	﻿2026-10-07T03:15:38.9543825Z ##[group]Run pnpm --dir city install --frozen-lockfile
gateway-web	Run pnpm --dir city install --frozen-lockfile	2026-10-07T03:15:38.9544146Z ^[[36;1mpnpm --dir city install --frozen-lockfile^[[0m
gateway-web	Run pnpm --dir city install --frozen-lockfile	2026-10-07T03:15:38.9594031Z shell: C:\Program Files\PowerShell\7\pwsh.EXE -command ". '{0}'"
gateway-web	Run pnpm --dir city install --frozen-lockfile	2026-10-07T03:15:38.9594245Z env:
gateway-web	Run pnpm --dir city install --frozen-lockfile	2026-10-07T03:15:38.9594404Z   PNPM_HOME: C:\Users\runneradmin\setup-pnpm\node_modules\.bin
gateway-web	Run pnpm --dir city install --frozen-lockfile	2026-10-07T03:15:38.9594589Z ##[endgroup]
gateway-web	Run pnpm --dir city install --frozen-lockfile	2026-10-07T03:15:39.7078736Z ? Verifying lockfile against supply-chain policies (41 entries)...
gateway-web	Run pnpm --dir city install --frozen-lockfile	2026-10-07T03:15:39.7125255Z Lockfile is up to date, resolution step is skipped
gateway-web	Run pnpm --dir city install --frozen-lockfile	2026-10-07T03:15:39.7642409Z Progress: resolved 1, reused 0, downloaded 0, added 0
gateway-web	Run pnpm --dir city install --frozen-lockfile	2026-10-07T03:15:39.7741064Z Packages: +31
gateway-web	Run pnpm --dir city install --frozen-lockfile	2026-10-07T03:15:39.7741540Z +++++++++++++++++++++++++++++++
gateway-web	Run pnpm --dir city install --frozen-lockfile	2026-10-07T03:15:40.1035795Z Packages are hard linked from the content-addressable store to the virtual store.
gateway-web	Run pnpm --dir city install --frozen-lockfile	2026-10-07T03:15:40.1036554Z   Content-addressable store is at: D:\.pnpm-store\v11
gateway-web	Run pnpm --dir city install --frozen-lockfile	2026-10-07T03:15:40.1037196Z   Virtual store is at:             node_modules/.pnpm
gateway-web	Run pnpm --dir city install --frozen-lockfile	2026-10-07T03:15:40.1692813Z ✓ Lockfile passes supply-chain policies (41 entries in 456ms)
gateway-web	Run pnpm --dir city install --frozen-lockfile	2026-10-07T03:15:40.7255522Z Progress: resolved 31, reused 0, downloaded 31, added 31, done
gateway-web	Run pnpm --dir city install --frozen-lockfile	2026-10-07T03:15:40.7556608Z 
gateway-web	Run pnpm --dir city install --frozen-lockfile	2026-10-07T03:15:40.7557226Z dependencies:
gateway-web	Run pnpm --dir city install --frozen-lockfile	2026-10-07T03:15:40.7557412Z + fflate 0.8.3
gateway-web	Run pnpm --dir city install --frozen-lockfile	2026-10-07T03:15:40.7557670Z + mammoth 1.12.2
gateway-web	Run pnpm --dir city install --frozen-lockfile	2026-10-07T03:15:40.7557870Z + pdfjs-dist 6.3.289
gateway-web	Run pnpm --dir city install --frozen-lockfile	2026-10-07T03:15:40.7558049Z + yaml 2.9.0
gateway-web	Run pnpm --dir city install --frozen-lockfile	2026-10-07T03:15:40.7558144Z 
gateway-web	Run pnpm --dir city install --frozen-lockfile	2026-10-07T03:15:40.7670463Z Done in 1.3s using pnpm v11.19.0
gateway-web	Run pnpm test	﻿2026-10-07T03:15:40.8883860Z ##[group]Run pnpm test
gateway-web	Run pnpm test	2026-10-07T03:15:40.8884087Z ^[[36;1mpnpm test^[[0m
gateway-web	Run pnpm test	2026-10-07T03:15:40.8933364Z shell: C:\Program Files\PowerShell\7\pwsh.EXE -command ". '{0}'"
gateway-web	Run pnpm test	2026-10-07T03:15:40.8933599Z env:
gateway-web	Run pnpm test	2026-10-07T03:15:40.8933903Z   PNPM_HOME: C:\Users\runneradmin\setup-pnpm\node_modules\.bin
gateway-web	Run pnpm test	2026-10-07T03:15:40.8934100Z ##[endgroup]
gateway-web	Run pnpm test	2026-10-07T03:15:41.4684332Z $ node --test tests/*.test.mjs
gateway-web	Run pnpm test	2026-10-07T03:15:41.6762466Z ✔ UXI-301 android: the Kotlin term table equals the contract EXACTLY, in both directions (24.0729ms)
gateway-web	Run pnpm test	2026-10-07T03:15:41.6766752Z ✔ UXI-301 android: the Kotlin state and action tables equal the contract (0.5314ms)
gateway-web	Run pnpm test	2026-10-07T03:15:41.6771837Z ✔ UXI-301 android: Kotlin severity agrees with the contract class wherever the class carries meaning (0.3331ms)
gateway-web	Run pnpm test	2026-10-07T03:15:41.6774175Z ✔ UXI-301 android: the parity guard would actually fail on drift (0.2642ms)
gateway-web	Run pnpm test	2026-10-07T03:15:41.6774984Z ✔ UXI-390: Android action wiring equals the web surface wiring map (0.8148ms)
gateway-web	Run pnpm test	2026-10-07T03:15:41.6933869Z ✔ Android UI evidence parser preserves single-quoted JSON and double-quoted attributes (14.5439ms)
gateway-web	Run pnpm test	2026-10-07T03:15:41.7042778Z ✔ a committed record from one embodiment is visible to another embodiment of the same assistant (2.375ms)
gateway-web	Run pnpm test	2026-10-07T03:15:41.7043840Z ✔ two embodiments keep different local context while sharing one authoritative identity (2.1642ms)
gateway-web	Run pnpm test	2026-10-07T03:15:41.7044571Z ✔ disconnecting one embodiment does not terminate the assistant while another remains (0.6254ms)
gateway-web	Run pnpm test	2026-10-07T03:15:41.7045255Z ✔ embodiment-local transient state never leaks into shared state unless promoted (3.246ms)
gateway-web	Run pnpm test	2026-10-07T03:15:41.7046326Z ✔ concurrent promotion attempts are settled by revision checks, not last-writer-wins (0.6469ms)
gateway-web	Run pnpm test	2026-10-07T03:15:41.7047742Z ✔ promotion is idempotent and rejects key reuse with a different payload (0.3911ms)
gateway-web	Run pnpm test	2026-10-07T03:15:41.7048547Z ✔ authoritative state never holds user identity, authority or raw secrets (0.6254ms)
gateway-web	Run pnpm test	2026-10-07T03:15:41.7049102Z ✔ disclosure is limited by audience and requested scopes (0.7999ms)
gateway-web	Run pnpm test	2026-10-07T03:15:41.7049687Z ✔ recovery keeps the logical assistant and its durable records across a restart (0.8209ms)
gateway-web	Run pnpm test	2026-10-07T03:15:41.7050311Z ✔ a process restart refuses old sessions and stale local scratch as authority (0.8314ms)
gateway-web	Run pnpm test	2026-10-07T03:15:41.7050985Z ✔ in-process recovery expires live sessions until the device re-fetches authority (0.5993ms)
gateway-web	Run pnpm test	2026-10-07T03:15:41.7051794Z ✔ one expired embodiment does not disturb the other embodiments of the same assistant (0.4522ms)
gateway-web	Run pnpm test	2026-10-07T03:15:41.7052468Z ✔ the assistant profile port is a versioned seam with a deterministic double (0.4873ms)
gateway-web	Run pnpm test	2026-10-07T03:15:41.7053103Z ✔ core contract flags state the one-identity-many-projections invariant (0.2466ms)
gateway-web	Run pnpm test	2026-10-07T03:15:41.7053757Z ✔ authority and user-identity state cannot be promoted under a different spelling (0.412ms)
gateway-web	Run pnpm test	2026-10-07T03:15:41.7054993Z ✔ a raw secret cannot be promoted under a plural or camelCase spelling (0.195ms)
gateway-web	Run pnpm test	2026-10-07T03:15:41.7055678Z ✔ an embodiment reference from a previous epoch never names a live embodiment (0.3292ms)
gateway-web	Run pnpm test	2026-10-07T03:15:41.7056497Z ✔ a tampered snapshot cannot install authority, a secret, an unpromotable scope or an unknown audience as truth (0.7866ms)
gateway-web	Run pnpm test	2026-10-07T03:15:41.7057215Z ✔ a retry carrying a different payload is refused, not silently replayed (0.3269ms)
gateway-web	Run pnpm test	2026-10-07T03:15:41.7914473Z ✔ two assistants hold different duties and proactivity over one authorized user context (3.477ms)
gateway-web	Run pnpm test	2026-10-07T03:15:41.7923828Z ✔ out-of-duty requests are refused or delegated without changing permissions (0.5911ms)
gateway-web	Run pnpm test	2026-10-07T03:15:41.7934170Z ✔ effective permission is the four-axis intersection and a lease never substitutes for it (1.853ms)
gateway-web	Run pnpm test	2026-10-07T03:15:41.7949203Z ✔ a handoff to a less-privileged assistant stays less privileged (0.5644ms)
gateway-web	Run pnpm test	2026-10-07T03:15:41.7950798Z ✔ permission is recomputed after handoff, device change, reconnect and capability change (1.0144ms)
gateway-web	Run pnpm test	2026-10-07T03:15:41.7951498Z ✔ proactivity levels bound initiative and notification audiences (0.7298ms)
gateway-web	Run pnpm test	2026-10-07T03:15:41.7956555Z ✔ the policy engine is strict, frozen, observable and independent (5.6927ms)
gateway-web	Run pnpm test	2026-10-07T03:15:41.7957326Z ✔ the deployment policy is validated and its ceiling cannot be removed (0.4771ms)
gateway-web	Run pnpm test	2026-10-07T03:15:41.7958120Z ✔ the confirmation floor comes from the deployment policy, not from the assistant (0.4131ms)
gateway-web	Run pnpm test	2026-10-07T03:15:41.7958927Z ✔ notification audiences are a list of references, not a substring match (0.4414ms)
gateway-web	Run pnpm test	2026-10-07T03:15:41.7959609Z ✔ a handoff payload cannot carry authority whatever its shape (0.7059ms)
gateway-web	Run pnpm test	2026-10-07T03:15:41.7960342Z ✔ the assistant axis is the registry own duty policy and the Core axes say so (0.5237ms)
gateway-web	Run pnpm test	2026-10-07T03:15:41.7961046Z ✔ an uninterpretable instant is refused rather than recorded (0.3412ms)
gateway-web	Run pnpm test	2026-10-07T03:15:41.7961717Z ✔ the duty gate is about the action, and a named duty only narrows it (0.4987ms)
gateway-web	Run pnpm test	2026-10-07T03:15:41.7963145Z ✔ a handoff carries the capability factor and reports relative privilege honestly (0.3262ms)
gateway-web	Run pnpm test	2026-10-07T03:15:41.7965723Z ✔ a lease must be unexpired and held here to count as execution safety (0.3906ms)
gateway-web	Run pnpm test	2026-10-07T03:15:41.7966799Z ✔ a recomputation supersedes the decisions it replaces, and ids are registry scoped (0.4892ms)
gateway-web	Run pnpm test	2026-10-07T03:15:41.8270093Z ✔ embodiment events are the canonical Assistant model and transport stays non-canonical (3.8094ms)
gateway-web	Run pnpm test	2026-10-07T03:15:41.8270674Z ✔ contradictory commands from two devices cannot produce two exclusive side effects (2.9826ms)
gateway-web	Run pnpm test	2026-10-07T03:15:41.8271112Z ✔ retries and replays with the same action key never duplicate the external side effect (0.938ms)
gateway-web	Run pnpm test	2026-10-07T03:15:41.8271878Z ✔ lease expiry, revocation and reassignment are authoritative and observable (1.2451ms)
gateway-web	Run pnpm test	2026-10-07T03:15:41.8272238Z ✔ after a disconnect nothing resumes on a stale local lease (1.5515ms)
gateway-web	Run pnpm test	2026-10-07T03:15:41.8272607Z ✔ output routing respects availability, foreground and privacy without broadcasting (0.7187ms)
gateway-web	Run pnpm test	2026-10-07T03:15:41.8272984Z ✔ the bus is strict, frozen and free of ambient state (0.6946ms)
gateway-web	Run pnpm test	2026-10-07T03:15:41.8273286Z ✔ the canonical contract allow-list is decided by own keys (0.3897ms)
gateway-web	Run pnpm test	2026-10-07T03:15:41.8273601Z ✔ a caller instant must be real, not merely well shaped (0.4091ms)
gateway-web	Run pnpm test	2026-10-07T03:15:41.8273954Z ✔ the bus policy bounds are validated rather than trusted (0.4295ms)
gateway-web	Run pnpm test	2026-10-07T03:15:41.8274434Z ✔ a reconnecting device never revives a lease another holder has taken over (0.5161ms)
gateway-web	Run pnpm test	2026-10-07T03:15:41.8274822Z ✔ an action key stays the same action across renewal and reassignment (0.3785ms)
gateway-web	Run pnpm test	2026-10-07T03:15:41.8275206Z ✔ renewal retires the previous lease reference instead of aliasing it (0.4303ms)
gateway-web	Run pnpm test	2026-10-07T03:15:41.8275585Z ✔ authority is never anonymous: acting on a lease needs the holder it names (0.3235ms)
gateway-web	Run pnpm test	2026-10-07T03:15:41.8275934Z ✔ an expired lease cannot be revived with a backdated instant (0.4278ms)
gateway-web	Run pnpm test	2026-10-07T03:15:41.8276249Z ✔ reconciliation requires an authoritative lease inventory (0.6612ms)
gateway-web	Run pnpm test	2026-10-07T03:15:41.8276596Z ✔ routing never delivers to a device the bus knows is disconnected (4.2424ms)
gateway-web	Run pnpm test	2026-10-07T03:15:41.8276976Z ✔ staleness and replay absorption do not depend on an optional command reference (0.4357ms)
gateway-web	Run pnpm test	2026-10-07T03:15:41.8277322Z ✔ a refused reconciliation grants no authority (0.4137ms)
gateway-web	Run pnpm test	2026-10-07T03:15:41.8277669Z ✔ the canonical event carries the declared identity and transport correlation (0.2448ms)
gateway-web	Run pnpm test	2026-10-07T03:15:41.8278013Z ✔ an envelope field is validated and used exactly once (0.2458ms)
gateway-web	Run pnpm test	2026-10-07T03:15:41.8278304Z ✔ exclusivity is a boolean grant, not a truthy flag (0.3158ms)
gateway-web	Run pnpm test	2026-10-07T03:15:41.8278609Z ✔ an instant helper that guards decisions is not shape-only (0.1024ms)
gateway-web	Run pnpm test	2026-10-07T03:15:41.8366678Z ✔ an embodiment descriptor references Remote Fabric identity and never mints its own (5.2162ms)
gateway-web	Run pnpm test	2026-10-07T03:15:41.8367878Z ✔ a device without cross-device identity is representable, and says so (0.4254ms)
gateway-web	Run pnpm test	2026-10-07T03:15:41.8373429Z ✔ descriptor vocabularies are closed and unknown values are refused (1.0567ms)
gateway-web	Run pnpm test	2026-10-07T03:15:41.8375909Z ✔ one logical assistant inhabits PC and Android at the same time (0.9862ms)
gateway-web	Run pnpm test	2026-10-07T03:15:41.8376483Z ✔ a device refuses a second simultaneous foreground assistant (0.6731ms)
gateway-web	Run pnpm test	2026-10-07T03:15:41.8377008Z ✔ detaching the foreground assistant releases the binding (2.4793ms)
gateway-web	Run pnpm test	2026-10-07T03:15:41.8377618Z ✔ foreground A->B switches cleanly and releases the outgoing local context (0.7116ms)
gateway-web	Run pnpm test	2026-10-07T03:15:41.8378061Z ✔ a stale foreground view cannot take the device over (0.533ms)
gateway-web	Run pnpm test	2026-10-07T03:15:41.8378705Z ✔ a foreground switch leaves an unrelated background task owned, executing and uncancelled (14.68ms)
gateway-web	Run pnpm test	2026-10-07T03:15:41.8379209Z ✔ device-local context stays per-device and never becomes authoritative (0.9254ms)
gateway-web	Run pnpm test	2026-10-07T03:15:41.8379558Z ✔ binding reconstructs from authoritative state after a restart (1.2928ms)
gateway-web	Run pnpm test	2026-10-07T03:15:41.8379929Z ✔ a reconnecting device is refused when its local belief disagrees with authority (0.8445ms)
gateway-web	Run pnpm test	2026-10-07T03:15:41.8380520Z ✔ one assistant on many devices keeps each device independent (0.4879ms)
gateway-web	Run pnpm test	2026-10-07T03:15:41.8380836Z ✔ duplicate device identity and unknown embodiments are refused (1.3408ms)
gateway-web	Run pnpm test	2026-10-07T03:15:41.8381367Z ✔ undeclared keys inherited from Object.prototype are refused, and a prototype key never is a descriptor field (0.8932ms)
gateway-web	Run pnpm test	2026-10-07T03:15:41.8381790Z ✔ a competing physical-device identity is refused in every spelling (1.6405ms)
gateway-web	Run pnpm test	2026-10-07T03:15:41.8382143Z ✔ a foreground binding reference is never re-issued across a restart (1.5025ms)
gateway-web	Run pnpm test	2026-10-07T03:15:41.8382759Z ✔ a physical device cannot be claimed twice, including by refreshing an unidentified embodiment (0.5116ms)
gateway-web	Run pnpm test	2026-10-07T03:15:41.8383168Z ✔ the single-foreground invariant is derived from physical device identity (0.7111ms)
gateway-web	Run pnpm test	2026-10-07T03:15:41.8383722Z ✔ a restored binding keeps its recovery provenance on every later read (0.5295ms)
gateway-web	Run pnpm test	2026-10-07T03:15:41.8384295Z ✔ the foreground compare-and-set token is the binding reference, not the assistant (0.2863ms)
gateway-web	Run pnpm test	2026-10-07T03:15:41.8384968Z ✔ re-attaching with a different session is a session change, not an idempotent repeat (0.2821ms)
gateway-web	Run pnpm test	2026-10-07T03:15:41.8896954Z ✔ switching the foreground assistant touches no task (1.4926ms)
gateway-web	Run pnpm test	2026-10-07T03:15:41.8911774Z ✔ a handoff carries responsibility and never authority (1.5899ms)
gateway-web	Run pnpm test	2026-10-07T03:15:41.8912889Z ✔ a true transfer needs acceptance and leaves exactly one authoritative owner (1.3482ms)
gateway-web	Run pnpm test	2026-10-07T03:15:41.8913956Z ✔ an explicit executor move is carried by the handoff and recorded separately (0.2302ms)
gateway-web	Run pnpm test	2026-10-07T03:15:41.8916418Z ✔ a rejected or expired handoff leaves the authoritative owner unchanged (0.375ms)
gateway-web	Run pnpm test	2026-10-07T03:15:41.8916985Z ✔ a consultation transfers nothing even when accepted (0.1863ms)
gateway-web	Run pnpm test	2026-10-07T03:15:41.8918052Z ✔ the handoff package is strict, idempotent and refuses terminal or foreign tasks (0.8241ms)
gateway-web	Run pnpm test	2026-10-07T03:15:41.8926580Z ✔ unknown fields are refused even when named after Object.prototype members (0.4541ms)
gateway-web	Run pnpm test	2026-10-07T03:15:41.8927301Z ✔ a non-enumerable own authority field cannot evade the authority scan (1.3805ms)
gateway-web	Run pnpm test	2026-10-07T03:15:41.8928614Z ✔ a stale concurrent handoff cannot take ownership from a new owner (0.9618ms)
gateway-web	Run pnpm test	2026-10-07T03:15:41.8930192Z ✔ recipient authority is recomputed at takeover, not reused from proposal time (0.8095ms)
gateway-web	Run pnpm test	2026-10-07T03:15:41.8934208Z ✔ a policy lookup is own-key only, never through the prototype chain (0.3329ms)
gateway-web	Run pnpm test	2026-10-07T03:15:41.8934871Z ✔ a re-proposal under a live id is only a duplicate when it says the same thing (0.6127ms)
gateway-web	Run pnpm test	2026-10-07T03:15:41.8939681Z ✔ transition timestamps must be real instants at or after the proposal (1.1204ms)
gateway-web	Run pnpm test	2026-10-07T03:15:41.8941424Z ✔ a cyclic or over-deep handoff is refused, never a stack overflow (0.8311ms)
gateway-web	Run pnpm test	2026-10-07T03:15:41.8948416Z ✔ a calendar-impossible instant is refused, not merely shape-checked (0.2256ms)
gateway-web	Run pnpm test	2026-10-07T03:15:41.8950772Z ✔ the switch report does not invent the outgoing assistant's presence (0.1475ms)
gateway-web	Run pnpm test	2026-10-07T03:15:41.8951654Z ✔ a refusal that cannot be explained is not half-applied (0.5012ms)
gateway-web	Run pnpm test	2026-10-07T03:15:41.8957397Z ✔ a transfer must declare the capabilities the recipient is judged against (0.4416ms)
gateway-web	Run pnpm test	2026-10-07T03:15:41.8959504Z ✔ the task store double does not leak or alias canonical state (0.1645ms)
gateway-web	Run pnpm test	2026-10-07T03:15:41.8967591Z ✔ a versioned task refuses a handoff built against another version (0.5037ms)
gateway-web	Run pnpm test	2026-10-07T03:15:41.9562363Z ✔ assistants are listed and selected, with the five identity roles kept distinct (4.8999ms)
gateway-web	Run pnpm test	2026-10-07T03:15:41.9571845Z ✔ profile changes propagate as committed shared state and never touch Digital-Me or tasks (1.4591ms)
gateway-web	Run pnpm test	2026-10-07T03:15:41.9577188Z ✔ foreground switching is a UI operation that transfers nothing (1.8803ms)
gateway-web	Run pnpm test	2026-10-07T03:15:41.9581892Z ✔ stale, offline and reconnecting embodiments are surfaced and never shown as authority (0.8241ms)
gateway-web	Run pnpm test	2026-10-07T03:15:41.9585510Z ✔ reserved voice/avatar adapters exist as adapters without being required now (0.7894ms)
gateway-web	Run pnpm test	2026-10-07T03:15:41.9586268Z ✔ the surface is strict, frozen and independent of ambient state (1.999ms)
gateway-web	Run pnpm test	2026-10-07T03:15:41.9589732Z ✔ an editable field carries the kind of value its name promises (0.9436ms)
gateway-web	Run pnpm test	2026-10-07T03:15:41.9591418Z ✔ a change the surface cannot read is refused rather than dropped (0.4289ms)
gateway-web	Run pnpm test	2026-10-07T03:15:41.9595944Z ✔ the version guard is not switchable off by policy (0.4686ms)
gateway-web	Run pnpm test	2026-10-07T03:15:41.9597436Z ✔ re-registering a device never discards the binding the user chose (1.359ms)
gateway-web	Run pnpm test	2026-10-07T03:15:41.9608971Z ✔ a task the surface cannot read is reported, not hidden (0.5193ms)
gateway-web	Run pnpm test	2026-10-07T03:15:41.9610352Z ✔ the committed-update cursor must be a version and the instants must be real (0.642ms)
gateway-web	Run pnpm test	2026-10-07T03:15:41.9617745Z ✔ freshness needs a recent observation, not only a declared state (1.5447ms)
gateway-web	Run pnpm test	2026-10-07T03:15:41.9620981Z ✔ every projection of a device gives the same freshness answer (0.2892ms)
gateway-web	Run pnpm test	2026-10-07T03:15:41.9623050Z ✔ a committed update carries the change, the previous values and the actor (0.5211ms)
gateway-web	Run pnpm test	2026-10-07T03:15:41.9627754Z ✔ a handoff or a provisional switch is never taken from a cached view (0.5826ms)
gateway-web	Run pnpm test	2026-10-07T03:15:41.9630093Z ✔ a task foreground flag is a boolean and its role reflects the data (0.362ms)
gateway-web	Run pnpm test	2026-10-07T03:15:41.9630712Z ✔ an untypeable value is refused before anything is recorded (1.1482ms)
gateway-web	Run pnpm test	2026-10-07T03:15:41.9782302Z ✔ one authoritative task is shared by every embodiment — never duplicated per device (2.9214ms)
gateway-web	Run pnpm test	2026-10-07T03:15:41.9783490Z ✔ ownership is logical, execution is physical — sessions and devices are never the owner (2.1933ms)
gateway-web	Run pnpm test	2026-10-07T03:15:41.9784173Z ✔ mutations are versioned and typed, and conflicting updates keep a causal audit trail (1.6888ms)
gateway-web	Run pnpm test	2026-10-07T03:15:41.9784596Z ✔ foreground switching never changes owner, coordinator or executor (0.7026ms)
gateway-web	Run pnpm test	2026-10-07T03:15:41.9785261Z ✔ ownership moves only through an explicit accepted handoff, and never restarts the executor (1.6352ms)
gateway-web	Run pnpm test	2026-10-07T03:15:41.9785830Z ✔ an exclusive side effect can never have two simultaneous valid executors (0.8122ms)
gateway-web	Run pnpm test	2026-10-07T03:15:41.9786253Z ✔ device release suspends the lease, never orphans a task and never moves ownership (1.5408ms)
gateway-web	Run pnpm test	2026-10-07T03:15:41.9786647Z ✔ every contract surface is closed, frozen and free of ambient state (0.9976ms)
gateway-web	Run pnpm test	2026-10-07T03:15:41.9787001Z ✔ the canonical contract allow-list is decided by own keys (0.3603ms)
gateway-web	Run pnpm test	2026-10-07T03:15:41.9787370Z ✔ a hidden authority field in a handoff is found, and a cycle does not crash the scan (0.4217ms)
gateway-web	Run pnpm test	2026-10-07T03:15:41.9787744Z ✔ a caller instant must be real, not merely well shaped (0.3945ms)
gateway-web	Run pnpm test	2026-10-07T03:15:41.9788330Z ✔ a refused patch changes nothing (0.2098ms)
gateway-web	Run pnpm test	2026-10-07T03:15:41.9788931Z ✔ a released executor must revalidate its lease instead of re-issuing it (0.4519ms)
gateway-web	Run pnpm test	2026-10-07T03:15:41.9789273Z ✔ an exclusive side effect cannot complete without a lease (0.7469ms)
gateway-web	Run pnpm test	2026-10-07T03:15:41.9789582Z ✔ a refused foreground change leaves the binding untouched (0.2698ms)
gateway-web	Run pnpm test	2026-10-07T03:15:41.9790226Z ✔ a device release never rewrites a settled task, and a handoff checkpoint is text (0.488ms)
gateway-web	Run pnpm test	2026-10-07T03:15:41.9882534Z ✔ Windows manufacturer payload prefixes locator with canonical UUID bytes (1.1674ms)
gateway-web	Run pnpm test	2026-10-07T03:15:41.9902249Z ✔ BLE locator contains exactly version IPv4 and big-endian port (0.7963ms)
gateway-web	Run pnpm test	2026-10-07T03:15:41.9903077Z ✔ non-Windows adapter reports software platform error rather than hardware evidence (1.2072ms)
gateway-web	Run pnpm test	2026-10-07T03:15:42.7465590Z ✔ theme artifact store degrades on an uncreatable root and refuses typed instead of throwing (3.8453ms)
gateway-web	Run pnpm test	2026-10-07T03:15:42.7467575Z ✔ a store that breaks after startup is recorded, and losing it cannot erase a finished build (2.2113ms)
gateway-web	Run pnpm test	2026-10-07T03:15:45.7211156Z ✔ a file at the theme-packages path leaves the City serving and the theme lab typed-failed (3122.6184ms)
gateway-web	Run pnpm test	2026-10-07T03:15:46.2628020Z ✔ degrading the artifact store blocks only the theme lab, never the capability registry (524.6177ms)
gateway-web	Run pnpm test	2026-10-07T03:15:48.7351627Z ✔ a store that breaks while the City runs is reported in health, not only after a restart (2931.8989ms)
gateway-web	Run pnpm test	2026-10-07T03:15:48.7489100Z ✔ a fresh profile is fully normalized, descriptive and authority-free (3.5989ms)
gateway-web	Run pnpm test	2026-10-07T03:15:48.7489798Z ✔ partially specified ports receive safe defaults (0.7177ms)
gateway-web	Run pnpm test	2026-10-07T03:15:48.7490452Z ✔ two assistant identities hold independent profiles and relationship modes at the same time (11.322ms)
gateway-web	Run pnpm test	2026-10-07T03:15:48.7491172Z ✔ a relationship change on one assistant never leaks into another assistant or its bundle (0.7729ms)
gateway-web	Run pnpm test	2026-10-07T03:15:48.7492202Z ✔ several assistant identities can be online at once and presence is idempotent (0.5574ms)
gateway-web	Run pnpm test	2026-10-07T03:15:48.7492743Z ✔ a duplicate assistant id is refused and leaves state untouched (0.3918ms)
gateway-web	Run pnpm test	2026-10-07T03:15:48.7493106Z ✔ minted assistant ids are stable, unique and honestly labelled (0.3399ms)
gateway-web	Run pnpm test	2026-10-07T03:15:48.7493518Z ✔ profiles reject embedded permission grants, execution leases and authority fields (0.6433ms)
gateway-web	Run pnpm test	2026-10-07T03:15:48.7494446Z ✔ extension namespaces cannot smuggle Digital-Me or authority namespaces (0.9189ms)
gateway-web	Run pnpm test	2026-10-07T03:15:48.7495078Z ✔ schema version and port shape are validated instead of silently accepted (0.5405ms)
gateway-web	Run pnpm test	2026-10-07T03:15:48.7495630Z ✔ unknown future attributes migrate forward without losing data (1.2158ms)
gateway-web	Run pnpm test	2026-10-07T03:15:48.7496163Z ✔ a rejected write is a no-op and schema_version cannot be patched (1.2551ms)
gateway-web	Run pnpm test	2026-10-07T03:15:48.7496731Z ✔ a stale profile write is refused instead of silently overwriting (0.6367ms)
gateway-web	Run pnpm test	2026-10-07T03:15:48.7497398Z ✔ export and import restore durable assistant state after a simulated restart (1.286ms)
gateway-web	Run pnpm test	2026-10-07T03:15:48.7498035Z ✔ replace import touches only the target assistant and bumps its revision (0.54ms)
gateway-web	Run pnpm test	2026-10-07T03:15:48.7498681Z ✔ import rejects Digital-Me data, authority fields and malformed bundles atomically (1.7791ms)
gateway-web	Run pnpm test	2026-10-07T03:15:48.7499349Z ✔ reset restores safe defaults for one assistant without touching the others (1.0177ms)
gateway-web	Run pnpm test	2026-10-07T03:15:48.7499991Z ✔ duty labels describe a role and never grant the corresponding action (0.7405ms)
gateway-web	Run pnpm test	2026-10-07T03:15:48.7500928Z ✔ the personalization surface never writes Digital-Me state (0.4744ms)
gateway-web	Run pnpm test	2026-10-07T03:15:48.7501472Z ✔ identity lifecycle errors are typed and presence is cleaned up (1.3923ms)
gateway-web	Run pnpm test	2026-10-07T03:15:48.7502040Z ✔ applyProfilePatch merges one port level and replaces arrays (0.7729ms)
gateway-web	Run pnpm test	2026-10-07T03:15:48.7502520Z ✔ the published schema matches the runtime contract (0.6895ms)
gateway-web	Run pnpm test	2026-10-07T03:15:48.7503037Z ✔ a profile patch cannot rewrite a prototype or inject a hidden property (0.5685ms)
gateway-web	Run pnpm test	2026-10-07T03:15:48.7503628Z ✔ the Zone patch path is closed to prototype injection and leaves state untouched (0.264ms)
gateway-web	Run pnpm test	2026-10-07T03:15:48.7504148Z ✔ a rejected patch leaves the stored profile byte-identical (0.2653ms)
gateway-web	Run pnpm test	2026-10-07T03:15:48.7504618Z ✔ inherited property names are not declared port fields (1.0371ms)
gateway-web	Run pnpm test	2026-10-07T03:15:48.7506291Z ✔ reserved keys are refused at every depth of a stored profile document (0.2646ms)
gateway-web	Run pnpm test	2026-10-07T03:15:48.7506895Z ✔ a bundle refuses a reserved key anywhere, including inside an extension value (0.4182ms)
gateway-web	Run pnpm test	2026-10-07T03:15:48.7507469Z ✔ a reserved key cannot be registered as a personalization port (0.261ms)
gateway-web	Run pnpm test	2026-10-07T03:15:48.7508072Z ✔ the published schema states the reserved-prototype-key rule the runtime enforces (0.4775ms)
gateway-web	Run pnpm test	2026-10-07T03:15:55.1591811Z ✔ document bytes flow through real readers and into temporary knowledge (12990.6273ms)
gateway-web	Run pnpm test	2026-10-07T03:15:55.1592775Z ✔ evidence review is deterministic and tampering never gets rehashed (3.3784ms)
gateway-web	Run pnpm test	2026-10-07T03:15:55.1593455Z ✔ theme generation returns a reproducible PNG and validation (53.0332ms)
gateway-web	Run pnpm test	2026-10-07T03:15:55.1595352Z ✔ future promoted module stays pending and all five existing adapters still execute (17.4819ms)
gateway-web	Run pnpm test	2026-10-07T03:15:55.1597967Z ✔ malformed and oversized inputs have explicit refusals (18.6809ms)
gateway-web	Run pnpm test	2026-10-07T03:15:55.1770085Z ✔ dependency failure degrades the same descriptor used to gate invocations (478.3412ms)
gateway-web	Run pnpm test	2026-10-07T03:15:55.1770823Z ✔ capabilities use control auth, canonical results, typed refusal and durable history (891.308ms)
gateway-web	Run pnpm test	2026-10-07T03:15:55.1771304Z ✔ the per-capability degradation latch is owned by the migrated provider-resilience breaker (391.037ms)
gateway-web	Run pnpm test	2026-10-07T03:16:18.8368051Z ✔ old SQLite results migrate without changing identity, digest or metadata, including restart (372.8894ms)
gateway-web	Run pnpm test	2026-10-07T03:16:18.8369010Z ✔ migration fails closed and rolls back earlier rows when legacy history is corrupt (393.5917ms)
gateway-web	Run pnpm test	2026-10-07T03:16:18.8370096Z ✔ 560 large legacy results keep 500 summaries and 50 details; new saves remain bounded (33884.1688ms)
gateway-web	Run pnpm test	2026-10-07T03:16:23.5033398Z ✔ city and list APIs send summaries only, enforce limits and retrieve individual details (4665.8859ms)
gateway-web	Run pnpm test	2026-10-07T03:16:46.2477477Z ✔ a long running invocation survives pruning and its completion remains readable (22745.1328ms)
gateway-web	Run pnpm test	2026-10-07T03:16:46.2609281Z ✔ qualified identities keep duplicate names independent and cannot replace missing dependencies (3.3895ms)
gateway-web	Run pnpm test	2026-10-07T03:16:46.2609916Z ✔ registry restricts mixed module lifecycle and exposes every dependency lifecycle (1.8476ms)
gateway-web	Run pnpm test	2026-10-07T03:16:46.2610399Z ✔ unbridged duplicate module names receive different qualified capability IDs (0.8634ms)
gateway-web	Run pnpm test	2026-10-07T03:16:46.2610874Z ✔ Theme advertises implemented generate and build operations and refuses validate (0.8009ms)
gateway-web	Run pnpm test	2026-10-07T03:16:46.2611300Z ✔ infrastructure modules are never advertised as capabilities (0.6237ms)
gateway-web	Run pnpm test	2026-10-07T03:16:46.2612552Z ✔ CEX701 owner sees canonical clone findings and explicitly recovers unbound installation without deleting other devices (9539.5071ms)
gateway-web	Run pnpm test	2026-10-07T03:16:46.2613684Z ✔ CEX701 session sees only own installation and actionable owner guidance; rebind and cross-revoke stay forbidden (4102.4365ms)
gateway-web	Run pnpm test	2026-10-07T03:16:46.2614690Z ✔ CEX701 recovery selection and owner confirmation do not survive credential changes (4928.7965ms)
gateway-web	Run pnpm test	2026-10-07T03:16:46.2615648Z ✔ CEX702 ordinary Web choice records a single decline, hands off and returns actual result to same surface (4768.6384ms)
gateway-web	Run pnpm test	2026-10-07T03:16:46.2616625Z ✔ CEX702 strict target and no alternate have explicit canonical refusal without conflicting mutation (72.7773ms)
gateway-web	Run pnpm test	2026-10-07T03:16:46.2617586Z ✔ CEX702 backend rejects stale decisions and withdrawn/offline alternates using current City truth (30.6604ms)
gateway-web	Run pnpm test	2026-10-07T03:16:46.2618422Z ✔ CEX702 legacy decline does not authorize a stale explicit alternate replay (29.688ms)
gateway-web	Run pnpm test	2026-10-07T03:16:46.2619248Z ✔ CEX703 fresh user opens live catalog without failed Ask and selection never executes (4984.0753ms)
gateway-web	Run pnpm test	2026-10-07T03:16:46.2620123Z ✔ CEX703 catalog action follows existing confirmation before any City task exists (3006.3261ms)
gateway-web	Run pnpm test	2026-10-07T03:16:46.2620953Z ✔ CEX703 uncertain selected-request retry preserves exact selection and idempotency key (3918.9781ms)
gateway-web	Run pnpm test	2026-10-07T03:16:46.2621721Z ✔ CEX704 guarded native generation keeps active session fixed and requires fresh terminal state (121.4297ms)
gateway-web	Run pnpm test	2026-10-07T03:16:46.2623039Z ✔ CEX705 canonical scoped management preserves rename/sharing/message/revoke authority and reconnect identity (162.0355ms)
gateway-web	Run pnpm test	2026-10-07T03:16:46.2624076Z ✔ CEX790 current audit includes reversed routes, owner controls, catalogs and branch-scoped YAML candidates (1377.557ms)
gateway-web	Run pnpm test	2026-10-07T03:16:46.2625002Z ✔ each member sees itself first and all City devices by admission name, with real message receipt (4811.1401ms)
gateway-web	Run pnpm test	2026-10-07T03:16:46.2625883Z ✔ real joined devices retain names, appear beside the host and may register only their own worker (129.3924ms)
gateway-web	Run pnpm test	2026-10-07T03:16:46.2626723Z ✔ two members exchange messages with explicit receipt and sender identity cannot be forged (50.9282ms)
gateway-web	Run pnpm test	2026-10-07T03:16:46.2627577Z ✔ member B actually computes a task from A; disabling sharing and revoke prevents further claims (188.4675ms)
gateway-web	Run pnpm test	2026-10-07T03:16:46.2630333Z ✔ new admission cannot take the host or an existing member identity, even with a valid short code (46.8326ms)
gateway-web	Run pnpm test	2026-10-07T03:16:46.2631311Z ✔ an active browser session refresh actually extends expiry while preserving its installation scope (25.042ms)
gateway-web	Run pnpm test	2026-10-07T03:16:46.2632016Z ✔ local primary control surface can switch only its own computing resources (36.1826ms)
gateway-web	Run pnpm test	2026-10-07T03:16:46.2632715Z ✔ custom City name is canonical across snapshot, pairing, discovery descriptor and restart (84.7113ms)
gateway-web	Run pnpm test	2026-10-07T03:16:46.2633446Z ✔ Settings changes the visible City name and keeps editing stable across snapshots (6309.4179ms)
gateway-web	Run pnpm test	2026-10-07T03:16:46.2634358Z ✔ Road rejects missing array elements instead of producing null serialized entries (2.1682ms)
gateway-web	Run pnpm test	2026-10-07T03:16:46.2635075Z ✔ Road preserves section order, deterministic IDs and explicit temporary unverified ownership (0.6473ms)
gateway-web	Run pnpm test	2026-10-07T03:16:46.2635809Z ✔ Road accepts empty documents and preserves empty heading and text without coercion (0.1453ms)
gateway-web	Run pnpm test	2026-10-07T03:16:46.2636522Z ✔ Road refuses malformed document boundaries and never accepts caller trust injection (0.4718ms)
gateway-web	Run pnpm test	2026-10-07T03:16:46.2637228Z ✔ Road output validation rejects permanence, trust escalation and reordered IDs (0.157ms)
gateway-web	Run pnpm test	2026-10-07T03:16:46.2637907Z ✔ Bridge Road extraction preserves all six published document retrieval digests (296.023ms)
gateway-web	Run pnpm test	2026-10-07T03:16:46.2638663Z ✔ the canonical store refuses to start the City, with a typed refusal that names the path and the reason (6.0294ms)
gateway-web	Run pnpm test	2026-10-07T03:16:46.2639439Z ✔ a corrupted canonical database is refused the same typed way, not as a raw sqlite failure (2.2707ms)
gateway-web	Run pnpm test	2026-10-07T03:16:46.2640301Z ✔ CONTROL: a healthy runtime starts the City, so the refusals above are about the store and not the fixture (28.8981ms)
gateway-web	Run pnpm test	2026-10-07T03:16:46.2641216Z ✔ scope: local, lan, remote and unknown are distinguished, and an address we hold is never called "nearby" (0.8695ms)
gateway-web	Run pnpm test	2026-10-07T03:16:46.2641939Z ✔ the list always contains this machine, and offers to use it (0.8807ms)
gateway-web	Run pnpm test	2026-10-07T03:16:46.2642508Z ✔ the list is NOT fixed at two: any number of PCs is listed, in one list (7.2327ms)
gateway-web	Run pnpm test	2026-10-07T03:16:46.2643092Z ✔ each PC offers the actions that make sense for it, and none that do not (1.0926ms)
gateway-web	Run pnpm test	2026-10-07T03:16:46.2643839Z ✔ a remembered PC that discovery did NOT find is still listed, because that is when the address matters (0.5263ms)
gateway-web	Run pnpm test	2026-10-07T03:16:46.2644558Z ✔ discovery and memory overlap constantly, and a PC is never listed twice (0.2423ms)
gateway-web	Run pnpm test	2026-10-07T03:16:46.2645242Z ✔ the recommendation is attached to a row, so the list and the recommendation cannot disagree (0.3068ms)
gateway-web	Run pnpm test	2026-10-07T03:16:46.2646006Z ✔ a machine with no telemetry is marked as thin evidence rather than being scored as if it were measured (0.2601ms)
gateway-web	Run pnpm test	2026-10-07T03:16:46.2646636Z ✔ row count is bounded and the discarded overlap is stated rather than silently dropped (0.6556ms)
gateway-web	Run pnpm test	2026-10-07T03:16:46.2647121Z ✔ the fallback channels are DESCRIBED, not moved: the entry controls stay where the app renders them (1.0331ms)
gateway-web	Run pnpm test	2026-10-07T03:16:46.2648052Z ✔ rendering is escaped and carries its action as data (0.2527ms)
gateway-web	Run pnpm test	2026-10-07T03:16:46.2656103Z ✔ an empty world renders an honest sentence, not an empty list (0.0939ms)
gateway-web	Run pnpm test	2026-10-07T03:16:46.2657024Z ✔ capability summaries report only what was measured, and say unknown when nothing was (0.1019ms)
gateway-web	Run pnpm test	2026-10-07T03:16:46.2657887Z ✔ different assistants receive different authorized scopes from the same Digital-Me (3.1977ms)
gateway-web	Run pnpm test	2026-10-07T03:16:46.2658618Z ✔ a denied scope is a typed refusal with no partial leakage (0.3849ms)
gateway-web	Run pnpm test	2026-10-07T03:16:46.2659269Z ✔ assistant profile and relationship changes never change canonical records (0.4372ms)
gateway-web	Run pnpm test	2026-10-07T03:16:46.2660178Z ✔ a private fact is not surfaced through another audience without disclosure authorization (1.2172ms)
gateway-web	Run pnpm test	2026-10-07T03:16:46.2661016Z ✔ cross-assistant private memory is never visible to another assistant (0.278ms)
gateway-web	Run pnpm test	2026-10-07T03:16:46.2663130Z ✔ least data by default, with values only when the purpose needs them (0.5156ms)
gateway-web	Run pnpm test	2026-10-07T03:16:46.2663903Z ✔ stale context is reported rather than served, and device-ephemeral context is never durable (0.5248ms)
gateway-web	Run pnpm test	2026-10-07T03:16:46.2664602Z ✔ every projection carries provenance, and the surface is strict (0.332ms)
gateway-web	Run pnpm test	2026-10-07T03:16:46.2665217Z ✔ record fields named after Object.prototype members are refused (0.3797ms)
gateway-web	Run pnpm test	2026-10-07T03:16:46.2665823Z ✔ a replayed or future-dated record is never served as current (0.5363ms)
gateway-web	Run pnpm test	2026-10-07T03:16:46.2666497Z ✔ a policy grant is read from the policy itself, never from the prototype chain (0.4645ms)
gateway-web	Run pnpm test	2026-10-07T03:16:46.2667102Z ✔ a SENSITIVE record is not released like an ordinary one (0.5299ms)
gateway-web	Run pnpm test	2026-10-07T03:16:46.2670413Z ✔ a cyclic or over-deep record is a typed refusal, not a stack overflow (0.5567ms)
gateway-web	Run pnpm test	2026-10-07T03:16:46.2670990Z ✔ a calendar-impossible instant is refused, not merely shape-checked (0.1423ms)
gateway-web	Run pnpm test	2026-10-07T03:16:46.2671497Z ✔ a record must be a bare own-property object (0.1668ms)
gateway-web	Run pnpm test	2026-10-07T03:16:46.2671995Z ✔ assistant-private memory belongs to the assistant that owns it (0.3011ms)
gateway-web	Run pnpm test	2026-10-07T03:16:46.2672367Z ✔ the port hands out copies, and refuses two records under one id (0.2673ms)
gateway-web	Run pnpm test	2026-10-07T03:16:46.2672733Z ✔ a malformed record refuses the whole query before anything is assembled (0.2611ms)
gateway-web	Run pnpm test	2026-10-07T03:16:46.2673079Z ✔ the gateway does not read authority from a live policy object (0.18ms)
gateway-web	Run pnpm test	2026-10-07T03:16:46.2673423Z ✔ values are released only for an explicit includeValues boolean (0.3857ms)
gateway-web	Run pnpm test	2026-10-07T03:16:46.2673781Z ✔ device-ephemeral context cannot smuggle durable or sensitive facts (0.3633ms)
gateway-web	Run pnpm test	2026-10-07T03:16:46.2674176Z ✔ one attention_id is one logical question however many projections it carries (1.67ms)
gateway-web	Run pnpm test	2026-10-07T03:16:46.2674566Z ✔ the current interaction device always carries the actionable projection (0.8423ms)
gateway-web	Run pnpm test	2026-10-07T03:16:46.2674974Z ✔ only the configured 2-3 recent eligible devices receive auxiliary projections (0.4015ms)
gateway-web	Run pnpm test	2026-10-07T03:16:46.2675373Z ✔ recent devices are ranked by user interaction, never by uptime or heartbeat (6.6426ms)
gateway-web	Run pnpm test	2026-10-07T03:16:46.2675807Z ✔ the first valid acknowledgement closes the question globally and withdraws the rest (0.51ms)
gateway-web	Run pnpm test	2026-10-07T03:16:46.2676227Z ✔ a response routes back to the originating connector whichever device answered (1.1425ms)
gateway-web	Run pnpm test	2026-10-07T03:16:46.2676622Z ✔ reconnect, refresh and repeated delivery never ring the same epoch twice (0.4239ms)
gateway-web	Run pnpm test	2026-10-07T03:16:46.2677023Z ✔ quiet, full-screen and protected use suppress sound but keep the notification (0.3103ms)
gateway-web	Run pnpm test	2026-10-07T03:16:46.2677422Z ✔ a non-blocking informational event is delivered visibly without ringing (0.345ms)
gateway-web	Run pnpm test	2026-10-07T03:16:46.2677795Z ✔ withdrawal closes a question, and the envelope is strict (0.6107ms)
gateway-web	Run pnpm test	2026-10-07T03:16:46.2678189Z ✔ attention fields named after Object.prototype members are refused (0.2497ms)
gateway-web	Run pnpm test	2026-10-07T03:16:46.2678762Z ✔ a "recent" device is bounded on both sides, and never duplicated (0.201ms)
gateway-web	Run pnpm test	2026-10-07T03:16:46.2679279Z ✔ a different question under a live attention id is refused (0.3036ms)
gateway-web	Run pnpm test	2026-10-07T03:16:46.2679848Z ✔ a malformed instant cannot half-apply a transition (0.3362ms)
gateway-web	Run pnpm test	2026-10-07T03:16:46.2680122Z ✔ a response routes exactly once (0.2553ms)
gateway-web	Run pnpm test	2026-10-07T03:16:46.2680435Z ✔ a response that cannot be stored is refused before the routing is committed (0.2313ms)
gateway-web	Run pnpm test	2026-10-07T03:16:46.2680809Z ✔ canonical state holds handle references, never plaintext secrets (3.9992ms)
gateway-web	Run pnpm test	2026-10-07T03:16:46.2681182Z ✔ each auth mode maps to exactly one reference kind, and NONE needs no handle (0.9623ms)
gateway-web	Run pnpm test	2026-10-07T03:16:46.2681579Z ✔ secret values are absent from logs and errors even when the secure store fails (0.4931ms)
gateway-web	Run pnpm test	2026-10-07T03:16:46.2682026Z ✔ an expired session becomes EXPIRED/NEEDS_USER with a job-scoped AttentionEnvelope (0.5796ms)
gateway-web	Run pnpm test	2026-10-07T03:16:46.2682451Z ✔ restart restores permitted persistent session references, and only those (1.1282ms)
gateway-web	Run pnpm test	2026-10-07T03:16:46.2682841Z ✔ missing secure-store support degrades honestly with no plaintext fallback (0.5239ms)
gateway-web	Run pnpm test	2026-10-07T03:16:46.2683303Z ✔ legacy DeepSeek env discovery is consumable through the abstraction without becoming the schema (0.6274ms)
gateway-web	Run pnpm test	2026-10-07T03:16:46.2683733Z ✔ the profile contract is declarative, versioned and lifecycle-honest (1.1779ms)
gateway-web	Run pnpm test	2026-10-07T03:16:46.2684118Z ✔ a handle reference that is secret material never reaches canonical state (0.9649ms)
gateway-web	Run pnpm test	2026-10-07T03:16:46.2684462Z ✔ binding refuses an ambiguous secret-or-handle request (0.3479ms)
gateway-web	Run pnpm test	2026-10-07T03:16:46.2684792Z ✔ an uninterpretable instant is never fresh, READY or recorded (0.4443ms)
gateway-web	Run pnpm test	2026-10-07T03:16:46.2685236Z ✔ a user-action requirement is a boolean, not a truthy flag (0.244ms)
gateway-web	Run pnpm test	2026-10-07T03:16:46.2685527Z ✔ canonical records are plain own-key objects (0.3604ms)
gateway-web	Run pnpm test	2026-10-07T03:16:46.2685817Z ✔ a cyclic caller value is refused instead of crashing the scan (0.628ms)
gateway-web	Run pnpm test	2026-10-07T03:16:46.2686146Z ✔ restore validates a snapshot entry as strictly as a registration (0.3665ms)
gateway-web	Run pnpm test	2026-10-07T03:16:46.2686478Z ✔ revocation stays observable after the handle is cleared (0.2124ms)
gateway-web	Run pnpm test	2026-10-07T03:16:46.2686817Z ✔ a rotation revokes the handle it replaces instead of abandoning it (0.2727ms)
gateway-web	Run pnpm test	2026-10-07T03:16:46.2687168Z ✔ a well-shaped record may not carry a secret in a legitimate field (0.2457ms)
gateway-web	Run pnpm test	2026-10-07T03:16:46.2687477Z ✔ everything the scan calls a secret is redacted (0.3544ms)
gateway-web	Run pnpm test	2026-10-07T03:16:46.2687811Z ✔ a hidden own field on a snapshot entry is not copied into canonical state (0.2294ms)
gateway-web	Run pnpm test	2026-10-07T03:16:46.2688180Z ✔ legacy discovery never binds the key into a foreign default profile (0.3868ms)
gateway-web	Run pnpm test	2026-10-07T03:16:46.2688518Z ✔ a caller field is validated and stored as the same value (0.1418ms)
gateway-web	Run pnpm test	2026-10-07T03:16:46.2689525Z ✔ a refused restore installs nothing and never replaces a live profile (0.1719ms)
gateway-web	Run pnpm test	2026-10-07T03:16:46.2690249Z ✔ revoke reports whether the store released the secret (0.2415ms)
gateway-web	Run pnpm test	2026-10-07T03:16:46.2690811Z ✔ freshness cannot be rewound behind the layer clock (0.2532ms)
gateway-web	Run pnpm test	2026-10-07T03:16:46.2691394Z ✔ carrying a stale expiry over a new credential is observable (0.3121ms)
gateway-web	Run pnpm test	2026-10-07T03:16:46.2692079Z ✔ the SDK validates a definition and documents what an author must supply (3.2634ms)
gateway-web	Run pnpm test	2026-10-07T03:16:46.2692822Z ✔ a synthetic third connector passes the conformance harness without core edits (2.459ms)
gateway-web	Run pnpm test	2026-10-07T03:16:46.2693650Z ✔ adapter exceptions, timeouts and malformed results are isolated to the faulting adapter (2.2667ms)
gateway-web	Run pnpm test	2026-10-07T03:16:46.2694487Z ✔ optional provider absence is a typed state that blocks nothing and fabricates nothing (0.8552ms)
gateway-web	Run pnpm test	2026-10-07T03:16:46.2695354Z ✔ Claude Code and WorkBuddy adapters use the SDK path, and acceptance needs real host evidence (0.7189ms)
gateway-web	Run pnpm test	2026-10-07T03:16:46.2696191Z ✔ adding an adapter alters neither the EngineeringManagerPort nor the scheduling core (0.4309ms)
gateway-web	Run pnpm test	2026-10-07T03:16:46.2696888Z ✔ the SDK surface is strict, frozen and free of ambient state (0.6592ms)
gateway-web	Run pnpm test	2026-10-07T03:16:46.2697602Z ✔ a definition cannot be declared with mistyped policy fields or an impossible instant (0.2274ms)
gateway-web	Run pnpm test	2026-10-07T03:16:46.2699801Z ✔ a cyclic port result crosses the boundary as a frozen cycle, not as the adapter own object (0.2895ms)
gateway-web	Run pnpm test	2026-10-07T03:16:46.2700580Z ✔ a non-cloneable port result is a typed refusal instead of a live object (0.436ms)
gateway-web	Run pnpm test	2026-10-07T03:16:46.2701350Z ✔ the harness does not certify a connector that silently accepts an unsupported capability (0.466ms)
gateway-web	Run pnpm test	2026-10-07T03:16:46.2702625Z ✔ the harness does not certify a connector that silently accepts an unsupported control (0.394ms)
gateway-web	Run pnpm test	2026-10-07T03:16:46.2703484Z ✔ an enabled adapter whose product is not installed is not usable, not selected and not accepted (0.309ms)
gateway-web	Run pnpm test	2026-10-07T03:16:46.2704318Z ✔ only a faulted adapter can be cleared, and the fault record survives the clearing (0.6765ms)
gateway-web	Run pnpm test	2026-10-07T03:16:46.2705015Z ✔ re-declaring availability cannot revive a faulted adapter (0.3895ms)
gateway-web	Run pnpm test	2026-10-07T03:16:46.2705769Z ✔ the registry refuses an adapter the SDK did not wrap, so isolation cannot be bypassed (0.297ms)
gateway-web	Run pnpm test	2026-10-07T03:16:46.2706716Z ✔ a caller-declared acceptance says so instead of implying the SDK verified a host (0.453ms)
gateway-web	Run pnpm test	2026-10-07T03:16:46.2707486Z ✔ an error whose code getter throws is still an isolated, typed fault (0.3885ms)
gateway-web	Run pnpm test	2026-10-07T03:16:46.2708208Z ✔ the harness refuses a connector that reports a state outside the vocabulary (0.3681ms)
gateway-web	Run pnpm test	2026-10-07T03:16:46.2708962Z ✔ the harness refuses a declared capability the connector does not report (0.9872ms)
gateway-web	Run pnpm test	2026-10-07T03:16:46.2709729Z ✔ the harness proves the unsupported-control expectation instead of skipping it (0.4138ms)
gateway-web	Run pnpm test	2026-10-07T03:16:46.2710660Z ✔ a definition whose handlers are only inherited is refused, not claimed as satisfied (0.1416ms)
gateway-web	Run pnpm test	2026-10-07T03:16:46.2711369Z ✔ a definition stores the methods it validated, including non-enumerable ones (0.2352ms)
gateway-web	Run pnpm test	2026-10-07T03:16:46.2711979Z ✔ a non-conformant connector is given no core-edit certificate (0.3137ms)
gateway-web	Run pnpm test	2026-10-07T03:16:46.2712609Z ✔ a runtime that throws is not evidence and does not break the acceptance summary (0.2129ms)
gateway-web	Run pnpm test	2026-10-07T03:16:46.2713289Z ✔ fault identities are unique across adapters of the same kind in one process (0.2969ms)
gateway-web	Run pnpm test	2026-10-07T03:16:46.2713936Z ✔ a connector manifest declares runtime, capabilities, needs and budgets (3.707ms)
gateway-web	Run pnpm test	2026-10-07T03:16:46.2714566Z ✔ a connector manifest has no credential slot, and raw secrets are refused (0.3858ms)
gateway-web	Run pnpm test	2026-10-07T03:16:46.2715191Z ✔ policy decides permissions and an adapter can never grant itself one (0.5464ms)
gateway-web	Run pnpm test	2026-10-07T03:16:46.2715736Z ✔ undeclared capability or method calls are refused (0.4618ms)
gateway-web	Run pnpm test	2026-10-07T03:16:46.2716317Z ✔ the pipeline runs detect, select, adapt, validate, standardize and unify (0.6295ms)
gateway-web	Run pnpm test	2026-10-07T03:16:46.2717421Z ✔ one malformed connector cannot prevent another connector from loading (0.6612ms)
gateway-web	Run pnpm test	2026-10-07T03:16:46.2718206Z ✔ loading two synthetic connectors with different capabilities needs no core change (0.7281ms)
gateway-web	Run pnpm test	2026-10-07T03:16:46.2718857Z ✔ the runtime hosts two synthetic connectors with different capabilities (1.1151ms)
gateway-web	Run pnpm test	2026-10-07T03:16:46.2720172Z ✔ startup is bounded and a process that never becomes ready is stopped, not awaited (0.3633ms)
gateway-web	Run pnpm test	2026-10-07T03:16:46.2720939Z ✔ a failing spawn is data, and a failing invocation does not crash the runtime (0.9396ms)
gateway-web	Run pnpm test	2026-10-07T03:16:46.2749079Z ✔ heartbeat freshness is bounded by the manifest interval (0.4444ms)
gateway-web	Run pnpm test	2026-10-07T03:16:46.2749854Z ✔ restarts are bounded and exhaustion is a terminal safe mode (0.8042ms)
gateway-web	Run pnpm test	2026-10-07T03:16:46.2750496Z ✔ logs are bounded by the manifest and redactable by caller policy (1.0319ms)
gateway-web	Run pnpm test	2026-10-07T03:16:46.2751148Z ✔ runtime lifecycle is honest about state and unknown instances (0.554ms)
gateway-web	Run pnpm test	2026-10-07T03:16:46.2751823Z ✔ undeclared keys inherited from Object.prototype are refused at every level (1.5696ms)
gateway-web	Run pnpm test	2026-10-07T03:16:46.2752528Z ✔ a secret-shaped name is refused in its plural and compound spellings (0.3598ms)
gateway-web	Run pnpm test	2026-10-07T03:16:46.2753277Z ✔ raw credential bytes are refused in any field, not only a secret-shaped one (1.0371ms)
gateway-web	Run pnpm test	2026-10-07T03:16:46.2754111Z ✔ a connector cannot forge the runtime kind it won (0.4171ms)
gateway-web	Run pnpm test	2026-10-07T03:16:46.2754655Z ✔ a nullish adapter cannot stop the other connectors from loading (0.7768ms)
gateway-web	Run pnpm test	2026-10-07T03:16:46.2755253Z ✔ a manifest carrying a reserved prototype key is refused at unify (0.2404ms)
gateway-web	Run pnpm test	2026-10-07T03:16:46.2755918Z ✔ heartbeat freshness is measured in one unit, whatever the clock returns (0.3284ms)
gateway-web	Run pnpm test	2026-10-07T03:16:46.2756539Z ✔ a heartbeat cannot resurrect a process that was killed (0.2975ms)
gateway-web	Run pnpm test	2026-10-07T03:16:46.2757184Z ✔ start persists the mediated intersection and bounds the spawn request (0.528ms)
gateway-web	Run pnpm test	2026-10-07T03:16:46.2757895Z ✔ one adapter producing un-copyable output cannot stop the others loading (0.471ms)
gateway-web	Run pnpm test	2026-10-07T03:16:46.2758499Z ✔ a connector entry reference is confined to its own root (0.5332ms)
gateway-web	Run pnpm test	2026-10-07T03:16:46.2759156Z ✔ one canonical job is observed by Web and Android without duplicate execution (3.5278ms)
gateway-web	Run pnpm test	2026-10-07T03:16:46.2761056Z ✔ the interaction device may differ from the execution device (0.4482ms)
gateway-web	Run pnpm test	2026-10-07T03:16:46.2761717Z ✔ remote fallback requires explicit approval and local allowed work stays local (0.5745ms)
gateway-web	Run pnpm test	2026-10-07T03:16:46.2762483Z ✔ attention comes from shared state and one acknowledgement reconciles every projection (0.7222ms)
gateway-web	Run pnpm test	2026-10-07T03:16:46.2763208Z ✔ user-visible success comes only from a terminal accepted result (0.8612ms)
gateway-web	Run pnpm test	2026-10-07T03:16:46.2763847Z ✔ advanced provenance exposes identifiers without leaking secrets, and the surface is strict (1.1719ms)
gateway-web	Run pnpm test	2026-10-07T03:16:46.2764377Z ✔ the surface policy cannot be used to switch the canonical binding or the attention source off (0.2226ms)
gateway-web	Run pnpm test	2026-10-07T03:16:46.2764957Z ✔ an impossible instant is refused everywhere it could become evidence (0.2175ms)
gateway-web	Run pnpm test	2026-10-07T03:16:46.2765366Z ✔ a hidden, symbol-keyed or header-shaped secret is still secret material (0.3325ms)
gateway-web	Run pnpm test	2026-10-07T03:16:46.2765741Z ✔ a cancelled job is finished even though it carries no result (0.2896ms)
gateway-web	Run pnpm test	2026-10-07T03:16:46.2766109Z ✔ control authority is bound to the job, not to whoever calls (0.3159ms)
gateway-web	Run pnpm test	2026-10-07T03:16:46.2766500Z ✔ a retry re-queues failed work only and never revives or duplicates execution (0.2884ms)
gateway-web	Run pnpm test	2026-10-07T03:16:46.2766965Z ✔ the first terminal result is the job truth and malformed artifacts are refused, not dropped (0.3687ms)
gateway-web	Run pnpm test	2026-10-07T03:16:46.2767380Z ✔ an attention-required backend is not rendered as success (0.2647ms)
gateway-web	Run pnpm test	2026-10-07T03:16:46.2767757Z ✔ the surface reports the execution device it was given and never invents one (0.1202ms)
gateway-web	Run pnpm test	2026-10-07T03:16:46.2768199Z ✔ owner and executor separation is about the owner and the executor connector (0.0804ms)
gateway-web	Run pnpm test	2026-10-07T03:16:46.2768571Z ✔ canonical refs are unique across surfaces in one process (0.1719ms)
gateway-web	Run pnpm test	2026-10-07T03:16:46.2768999Z ✔ an attention acknowledgement records the subject it answers and the read views are frozen (0.3212ms)
gateway-web	Run pnpm test	2026-10-07T03:16:46.2769446Z ✔ a finished job is not re-opened for attention and an answered question is not reset (1.1762ms)
gateway-web	Run pnpm test	2026-10-07T03:16:46.2769838Z ✔ a blocking canonical question gates progress and resume (0.3437ms)
gateway-web	Run pnpm test	2026-10-07T03:16:46.2770195Z ✔ attention and approvals answer only to devices connected to the job (0.4358ms)
gateway-web	Run pnpm test	2026-10-07T03:16:46.2770590Z ✔ an object is not a provenance reference, and a nested payload is refused (0.4554ms)
gateway-web	Run pnpm test	2026-10-07T03:16:46.2770950Z ✔ the secret scan reads maps, sets and records it cannot read (0.203ms)
gateway-web	Run pnpm test	2026-10-07T03:16:46.2771366Z ✔ a lease belongs to one job and a shared task core confirms the binding when one is wired in (0.4793ms)
gateway-web	Run pnpm test	2026-10-07T03:16:46.2772121Z ✔ a result that is not a success is not accepted as one, and an uncloneable artifact is a typed refusal (0.3696ms)
gateway-web	Run pnpm test	2026-10-07T03:16:46.2772811Z ✔ the surface names where control came from and scopes its structural claims (0.2218ms)
gateway-web	Run pnpm test	2026-10-07T03:16:46.2773418Z ✔ a DAG is validated and only dependency-satisfied work is runnable (4.8399ms)
gateway-web	Run pnpm test	2026-10-07T03:16:46.2774118Z ✔ two writers cannot hold the same protected scope at once, and conflicts are reported not merged (0.6462ms)
gateway-web	Run pnpm test	2026-10-07T03:16:46.2775018Z ✔ resource pressure scales workers down and pauses new work without failing completed work (0.5004ms)
gateway-web	Run pnpm test	2026-10-07T03:16:46.2775638Z ✔ one-worker serial mode uses the same lifecycle and acceptance path (0.3774ms)
gateway-web	Run pnpm test	2026-10-07T03:16:46.2776337Z ✔ bounded retry and reassignment never duplicate a terminal result or an external effect (0.9063ms)
gateway-web	Run pnpm test	2026-10-07T03:16:46.2777122Z ✔ worker selection is capability and placement based with no provider-name branching (0.3652ms)
gateway-web	Run pnpm test	2026-10-07T03:16:46.2777885Z ✔ a controlled restart keeps completed work and never resumes stale state as success (1.3015ms)
gateway-web	Run pnpm test	2026-10-07T03:16:46.2778489Z ✔ a terminal result is immutable against late and out-of-order reports (0.4199ms)
gateway-web	Run pnpm test	2026-10-07T03:16:46.2778979Z ✔ a stall or crash report cannot re-open completed work (0.256ms)
gateway-web	Run pnpm test	2026-10-07T03:16:46.2779525Z ✔ the attempt budget is a bound at dispatch, not only in the stall path (0.3581ms)
gateway-web	Run pnpm test	2026-10-07T03:16:46.2780886Z ✔ a running node cannot be dispatched twice into two concurrent attempts (0.2744ms)
gateway-web	Run pnpm test	2026-10-07T03:16:46.2781512Z ✔ a named worker is a choice, not a bypass of capability, readiness or capacity (0.4002ms)
gateway-web	Run pnpm test	2026-10-07T03:16:46.2782096Z ✔ every foreman bound is validated rather than trusted (0.5199ms)
gateway-web	Run pnpm test	2026-10-07T03:16:46.2782606Z ✔ a worker with running attempts cannot be re-registered (0.2473ms)
gateway-web	Run pnpm test	2026-10-07T03:16:46.2783102Z ✔ a node declaration is validated where it is used (0.3916ms)
gateway-web	Run pnpm test	2026-10-07T03:16:46.2783652Z ✔ a refused resume leaves the live queue intact, and a cyclic entry cannot overflow (0.3639ms)
gateway-web	Run pnpm test	2026-10-07T03:16:46.2784429Z ✔ an uninterpretable instant is refused rather than recorded (0.1949ms)
gateway-web	Run pnpm test	2026-10-07T03:16:46.2784996Z ✔ a handover or a cancel releases the worker slot it abandons (0.3192ms)
gateway-web	Run pnpm test	2026-10-07T03:16:46.2785644Z ✔ a restart keeps the completed-effect memory and a dependency list must be readable (0.4386ms)
gateway-web	Run pnpm test	2026-10-07T03:16:46.2786267Z ✔ a node no worker can staff is reported instead of vanishing (0.2522ms)
gateway-web	Run pnpm test	2026-10-07T03:16:46.2786856Z ✔ a declaration the module cannot clone is a typed refusal, not a crash (0.634ms)
gateway-web	Run pnpm test	2026-10-07T03:16:46.2787522Z ✔ an autonomous job needs an objective and bounded constraints, not an operation list (2.8218ms)
gateway-web	Run pnpm test	2026-10-07T03:16:46.2788227Z ✔ a scripted job without an executable specification is refused honestly, not admitted (1.1538ms)
gateway-web	Run pnpm test	2026-10-07T03:16:46.2788801Z ✔ the job envelope is strict about route, vocabulary and secrets (0.6122ms)
gateway-web	Run pnpm test	2026-10-07T03:16:46.2789301Z ✔ a partial or progress event can never mark a job terminal (0.6777ms)
gateway-web	Run pnpm test	2026-10-07T03:16:46.2789872Z ✔ late, duplicate and out-of-order events are deterministic and idempotent (1.1242ms)
gateway-web	Run pnpm test	2026-10-07T03:16:46.2790404Z ✔ a terminal result is final and cannot be resurrected by replay (1.2323ms)
gateway-web	Run pnpm test	2026-10-07T03:16:46.2790991Z ✔ a result must be honest: success needs acceptance, and versions must line up (0.5087ms)
gateway-web	Run pnpm test	2026-10-07T03:16:46.2791635Z ✔ artifact references preserve job, device and connector provenance (0.6594ms)
gateway-web	Run pnpm test	2026-10-07T03:16:46.2792228Z ✔ the protocol publishes its guarantees and stays transport neutral (0.3359ms)
gateway-web	Run pnpm test	2026-10-07T03:16:46.2792908Z ✔ unknown fields are refused even when named after Object.prototype members (1.6928ms)
gateway-web	Run pnpm test	2026-10-07T03:16:46.2793722Z ✔ a job record cannot be born terminal, and success is only reached through a result (0.5991ms)
gateway-web	Run pnpm test	2026-10-07T03:16:46.2794466Z ✔ an event from a superseded job version never acts on the current job (0.826ms)
gateway-web	Run pnpm test	2026-10-07T03:16:46.2795092Z ✔ a replayed result is recognised by its content, not by its ref (0.4829ms)
gateway-web	Run pnpm test	2026-10-07T03:16:46.2795672Z ✔ a replayed artifact is recognised by its content and digest (0.4402ms)
gateway-web	Run pnpm test	2026-10-07T03:16:46.2796252Z ✔ a malformed batch is refused with a typed contract error (0.3747ms)
gateway-web	Run pnpm test	2026-10-07T03:16:46.2796912Z ✔ an ignored duplicate is recorded on the record, once, and stays idempotent (0.3419ms)
gateway-web	Run pnpm test	2026-10-07T03:16:46.2797620Z ✔ a calendar-impossible instant is refused, not merely shape-checked (0.5483ms)
gateway-web	Run pnpm test	2026-10-07T03:16:46.2798487Z ✔ a terminal announcement without a result is completed by the honest result (0.461ms)
gateway-web	Run pnpm test	2026-10-07T03:16:46.2799150Z ✔ the job record is immutable at every level, not only at the top (0.6167ms)
gateway-web	Run pnpm test	2026-10-07T03:16:46.2799743Z ✔ a non-enumerable own out-of-contract field is refused too (0.2274ms)
gateway-web	Run pnpm test	2026-10-07T03:16:46.2801157Z ✔ the structured result arrays are bounded like their siblings (13.8608ms)
gateway-web	Run pnpm test	2026-10-07T03:16:46.2801730Z ✔ a cyclic or over-deep envelope is refused, never a stack overflow (0.8675ms)
gateway-web	Run pnpm test	2026-10-07T03:16:46.2802354Z ✔ a provider-neutral autonomous job validates and keeps owner and executor distinct (2.6547ms)
gateway-web	Run pnpm test	2026-10-07T03:16:46.2803031Z ✔ scripted executors need explicit operations while agent modes must not carry them (0.7817ms)
gateway-web	Run pnpm test	2026-10-07T03:16:46.2803682Z ✔ unknown version, state, mode, event type or port is rejected rather than guessed (1.0001ms)
gateway-web	Run pnpm test	2026-10-07T03:16:46.2804272Z ✔ foreign routes cannot be redefined as Engineering routes (1.4756ms)
gateway-web	Run pnpm test	2026-10-07T03:16:46.2804905Z ✔ provider product names are never a route and are never required by the core contract (0.5367ms)
gateway-web	Run pnpm test	2026-10-07T03:16:46.2805470Z ✔ Codex-Boss is rejected everywhere it could be referenced (0.431ms)
gateway-web	Run pnpm test	2026-10-07T03:16:46.2806000Z ✔ raw secrets are rejected while handle references are allowed (1.2469ms)
gateway-web	Run pnpm test	2026-10-07T03:16:46.2806553Z ✔ Engineering Manager stores only Engineering execution state (1.1976ms)
gateway-web	Run pnpm test	2026-10-07T03:16:46.2807030Z ✔ canonical events are typed and validated (0.3355ms)
gateway-web	Run pnpm test	2026-10-07T03:16:46.2807577Z ✔ one attention event projects to the current plus recent devices and rings once (0.7942ms)
gateway-web	Run pnpm test	2026-10-07T03:16:46.2808439Z ✔ first attention acknowledgement closes the epoch globally and never rings again (0.6495ms)
gateway-web	Run pnpm test	2026-10-07T03:16:46.2809068Z ✔ reconnect and duplicate delivery do not re-ring an attention epoch (0.416ms)
gateway-web	Run pnpm test	2026-10-07T03:16:46.2809797Z ✔ a result cannot report success on a typed blocker, without acceptance or with failing tests (0.436ms)
gateway-web	Run pnpm test	2026-10-07T03:16:46.2810479Z ✔ ports are versioned, replacement-safe and refuse non-conforming subjects (0.5279ms)
gateway-web	Run pnpm test	2026-10-07T03:16:46.2811131Z ✔ a deterministic connector double runs a scripted job without a real provider (0.534ms)
gateway-web	Run pnpm test	2026-10-07T03:16:46.2811695Z ✔ duplicate submit replays instead of creating a second job (1.3321ms)
gateway-web	Run pnpm test	2026-10-07T03:16:46.2812235Z ✔ control commands check version, transition and terminal state (1.513ms)
gateway-web	Run pnpm test	2026-10-07T03:16:46.2812839Z ✔ results are idempotent and cannot overwrite or resurrect a terminal job (1.5585ms)
gateway-web	Run pnpm test	2026-10-07T03:16:46.2813502Z ✔ canonical job identity survives restart/reconnect and rejects incompatible replay (0.6679ms)
gateway-web	Run pnpm test	2026-10-07T03:16:46.2814249Z ✔ remote fallback is measured, user-approved and preserves the logical owner (1.6876ms)
gateway-web	Run pnpm test	2026-10-07T03:16:46.2815043Z ✔ canonical serialization is order-independent and the schema matches the runtime contract (1.0426ms)
gateway-web	Run pnpm test	2026-10-07T03:16:46.2815699Z ✔ contract error type carries a stable code and status (0.0946ms)
gateway-web	Run pnpm test	2026-10-07T03:16:46.2816298Z ✔ a secret-shaped field is refused in its plural and camelCase spellings too (0.26ms)
gateway-web	Run pnpm test	2026-10-07T03:16:46.2816962Z ✔ foreign canonical state is refused in camelCase and separator variants (0.1251ms)
gateway-web	Run pnpm test	2026-10-07T03:16:46.2817612Z ✔ reserved prototype keys are refused at every depth of an owned state (0.2699ms)
gateway-web	Run pnpm test	2026-10-07T03:16:46.2818320Z ✔ an envelope refuses a reserved prototype key, so a wire payload cannot smuggle one (0.2254ms)
gateway-web	Run pnpm test	2026-10-07T03:16:46.2819007Z ✔ a codex-boss reference is caught however its separators are spelled (0.0946ms)
gateway-web	Run pnpm test	2026-10-07T03:16:46.2819615Z ✔ provider product names are caught however their separators are spelled (0.0505ms)
gateway-web	Run pnpm test	2026-10-07T03:16:46.2820814Z ✔ an absent field and an explicitly null field have different digests (0.084ms)
gateway-web	Run pnpm test	2026-10-07T03:16:46.2821560Z ✔ the published schema states the normalisation and reserved-key rules the runtime enforces (0.4864ms)
gateway-web	Run pnpm test	2026-10-07T03:16:46.2822228Z ✔ a healthy local host is used, with local concurrency as the answer (2.2941ms)
gateway-web	Run pnpm test	2026-10-07T03:16:46.2823055Z ✔ resource pressure reduces local concurrency before any remote fallback (0.7693ms)
gateway-web	Run pnpm test	2026-10-07T03:16:46.2823806Z ✔ a protected foreground workload blocks the local host rather than displacing the user (0.2626ms)
gateway-web	Run pnpm test	2026-10-07T03:16:46.2824485Z ✔ an unmeasurable local host is unavailable, never assumed free (0.3787ms)
gateway-web	Run pnpm test	2026-10-07T03:16:46.2825072Z ✔ a faster or less loaded remote host alone never triggers fallback (1.0262ms)
gateway-web	Run pnpm test	2026-10-07T03:16:46.2825698Z ✔ remote fallback needs a measured reason and explicit user approval (0.7016ms)
gateway-web	Run pnpm test	2026-10-07T03:16:46.2826409Z ✔ candidates are ranked by capability fit, only after fallback is justified (6.6646ms)
gateway-web	Run pnpm test	2026-10-07T03:16:46.2827007Z ✔ a remote dispatch requires a recorded local attempt first (0.2618ms)
gateway-web	Run pnpm test	2026-10-07T03:16:46.2827493Z ✔ a measurement is a strict own-property record (0.471ms)
gateway-web	Run pnpm test	2026-10-07T03:16:46.2828013Z ✔ a measured GPU load is used, and a contradictory worker count is unavailable (0.2868ms)
gateway-web	Run pnpm test	2026-10-07T03:16:46.2828570Z ✔ only a justified fallback proposal can be approved (0.3573ms)
gateway-web	Run pnpm test	2026-10-07T03:16:46.2829250Z ✔ both reference connectors register and resolve generically, with no provider branches in the core (2.3173ms)
gateway-web	Run pnpm test	2026-10-07T03:16:46.2830003Z ✔ installed, uninstalled and auth-required states are probed honestly (1.9955ms)
gateway-web	Run pnpm test	2026-10-07T03:16:46.2830620Z ✔ one canonical job id is preserved while backend ids stay provenance (0.9931ms)
gateway-web	Run pnpm test	2026-10-07T03:16:46.2831291Z ✔ unsupported operations become typed states instead of silence or success (0.4996ms)
gateway-web	Run pnpm test	2026-10-07T03:16:46.2832161Z ✔ an unknown outcome is never reported as success, and retries do not duplicate (0.5647ms)
gateway-web	Run pnpm test	2026-10-07T03:16:46.2832873Z ✔ component-stage acceptance is only claimed with genuine real-host evidence (0.5922ms)
gateway-web	Run pnpm test	2026-10-07T03:16:46.2833535Z ✔ the connector contract is strict, frozen and independent of ambient state (0.7507ms)
gateway-web	Run pnpm test	2026-10-07T03:16:46.2834162Z ✔ component acceptance needs a real terminal state, not an assumed one (0.3191ms)
gateway-web	Run pnpm test	2026-10-07T03:16:46.2834762Z ✔ a submit the backend refused is never reported as submitted (0.4281ms)
gateway-web	Run pnpm test	2026-10-07T03:16:46.2835269Z ✔ a control the backend refused does not close the session (0.3804ms)
gateway-web	Run pnpm test	2026-10-07T03:16:46.2835799Z ✔ an unreadable event stream is not an empty one (0.2722ms)
gateway-web	Run pnpm test	2026-10-07T03:16:46.2836334Z ✔ a result about another backend run is not this job outcome (0.2018ms)
gateway-web	Run pnpm test	2026-10-07T03:16:46.2836845Z ✔ a session the backend refused is not created (0.2927ms)
gateway-web	Run pnpm test	2026-10-07T03:16:46.2837363Z ✔ an uninterpretable instant is refused rather than recorded (0.2692ms)
gateway-web	Run pnpm test	2026-10-07T03:16:46.2837928Z ✔ acceptance is not claimed for a product this host did not install (0.2232ms)
gateway-web	Run pnpm test	2026-10-07T03:16:46.2838413Z ✔ a closed session is not reported as live work (0.1697ms)
gateway-web	Run pnpm test	2026-10-07T03:16:46.2839012Z ✔ the canonical job id addresses control, events and result, and backend refs come back (0.3109ms)
gateway-web	Run pnpm test	2026-10-07T03:16:46.2839706Z ✔ one logical action key executes the backend once, even after a cancel and re-attach (0.2376ms)
gateway-web	Run pnpm test	2026-10-07T03:16:46.2840736Z ✔ a connector kind is an own key, and a crashing probe degrades honestly (0.3578ms)
gateway-web	Run pnpm test	2026-10-07T03:16:46.2841652Z ✔ the registry refuses an under-specified connector and derives its emulated count (0.2631ms)
gateway-web	Run pnpm test	2026-10-07T03:16:46.2842314Z ✔ one connector kind may have two distinct instances (11.3211ms)
gateway-web	Run pnpm test	2026-10-07T03:16:46.2842905Z ✔ stale probe data is visible as stale and never silently healthy (0.788ms)
gateway-web	Run pnpm test	2026-10-07T03:16:46.2843467Z ✔ auth READY is never inferred from a live process (0.3584ms)
gateway-web	Run pnpm test	2026-10-07T03:16:46.2844002Z ✔ a capability mismatch is a typed refusal before execution (0.3096ms)
gateway-web	Run pnpm test	2026-10-07T03:16:46.2844570Z ✔ the registry survives a probe that throws or times out (1.0201ms)
gateway-web	Run pnpm test	2026-10-07T03:16:46.2845175Z ✔ registry records refuse raw credential material and keep handles only (0.6244ms)
gateway-web	Run pnpm test	2026-10-07T03:16:46.2846025Z ✔ records are strict, and eligibility reports fit without choosing a host (1.1178ms)
gateway-web	Run pnpm test	2026-10-07T03:16:46.2846690Z ✔ unknown fields are refused even when named after Object.prototype members (1.4928ms)
gateway-web	Run pnpm test	2026-10-07T03:16:46.2847515Z ✔ a future-dated probe is never fresh, and never silently usable (0.8059ms)
gateway-web	Run pnpm test	2026-10-07T03:16:46.2848093Z ✔ the typed refusal names the blocker that actually applies (0.3805ms)
gateway-web	Run pnpm test	2026-10-07T03:16:46.2848652Z ✔ the auditable snapshot cannot be rewritten by its reader (1.0457ms)
gateway-web	Run pnpm test	2026-10-07T03:16:46.2849276Z ✔ a partial probe update leaves the fields it does not mention alone (0.4779ms)
gateway-web	Run pnpm test	2026-10-07T03:16:46.2849860Z ✔ a raw credential is refused by value as well as by key name (0.5727ms)
gateway-web	Run pnpm test	2026-10-07T03:16:46.2850428Z ✔ a cyclic or over-deep record is refused, never a stack overflow (0.5827ms)
gateway-web	Run pnpm test	2026-10-07T03:16:46.2851042Z ✔ a calendar-impossible instant is refused, not merely shape-checked (0.2516ms)
gateway-web	Run pnpm test	2026-10-07T03:16:46.2851601Z ✔ a probe cannot claim to stay current indefinitely (0.2183ms)
gateway-web	Run pnpm test	2026-10-07T03:16:46.2852146Z ✔ a failed probe is visible on the instance and blocks dispatch (0.8456ms)
gateway-web	Run pnpm test	2026-10-07T03:16:46.2852780Z ✔ a probe that reports not-installed cannot be a running, usable worker (0.1155ms)
gateway-web	Run pnpm test	2026-10-07T03:16:46.2853388Z ✔ an exempted reference field must still look like a reference (0.6877ms)
gateway-web	Run pnpm test	2026-10-07T03:16:46.2853926Z ✔ the evidence source travels with the answer (0.1496ms)
gateway-web	Run pnpm test	2026-10-07T03:16:46.2854494Z ✔ a remote dispatch needs an approved proposal and an eligible host (1.645ms)
gateway-web	Run pnpm test	2026-10-07T03:16:46.2855203Z ✔ every channel returns to the current interaction surface, not to the execution device (1.0801ms)
gateway-web	Run pnpm test	2026-10-07T03:16:46.2855916Z ✔ the control plane follows the user when they move to another surface (0.3762ms)
gateway-web	Run pnpm test	2026-10-07T03:16:46.2856594Z ✔ stale and duplicate remote events are reconciled instead of re-applied (0.8637ms)
gateway-web	Run pnpm test	2026-10-07T03:16:46.2857067Z ✔ control is forwarded from any authorised device and applied once (0.4447ms)
gateway-web	Run pnpm test	2026-10-07T03:16:46.2857643Z ✔ a hardware-bound action is a typed blocker, never a fabricated success (0.2106ms)
gateway-web	Run pnpm test	2026-10-07T03:16:46.2858152Z ✔ context is staged semantically, and the port contract owns trust and transport elsewhere (0.3427ms)
gateway-web	Run pnpm test	2026-10-07T03:16:46.2858590Z ✔ the return path can only move onto a surface this module resolved for the same owner (0.258ms)
gateway-web	Run pnpm test	2026-10-07T03:16:46.2858983Z ✔ a dispatch validates the executor reference and the capability list (0.2515ms)
gateway-web	Run pnpm test	2026-10-07T03:16:46.2859338Z ✔ the bridge itself refuses a second dispatch and keeps the run ledger (0.3519ms)
gateway-web	Run pnpm test	2026-10-07T03:16:46.2859671Z ✔ an execution port that refuses is never reported as success (0.4379ms)
gateway-web	Run pnpm test	2026-10-07T03:16:46.2860029Z ✔ an attention reply reaches the originating worker through the respond path (0.3743ms)
gateway-web	Run pnpm test	2026-10-07T03:16:46.2860448Z ✔ a control command without an idempotency key is refused rather than swallowed (0.1442ms)
gateway-web	Run pnpm test	2026-10-07T03:16:46.2860843Z ✔ an untransferable remote payload is refused without consuming its sequence (0.1864ms)
gateway-web	Run pnpm test	2026-10-07T03:16:46.2861259Z ✔ a physical-action block is observable and blocks a fabricated success (0.17ms)
gateway-web	Run pnpm test	2026-10-07T03:16:46.2862056Z ✔ recording instants are validated rather than stored as given (0.1989ms)
gateway-web	Run pnpm test	2026-10-07T03:16:46.2862390Z ✔ the approval gate reads the proposal itself, not its prototype (0.2069ms)
gateway-web	Run pnpm test	2026-10-07T03:16:46.2862731Z ✔ a refused replay does not move where the run returns are delivered (0.1108ms)
gateway-web	Run pnpm test	2026-10-07T03:16:46.2863056Z ✔ an envelope field is validated and used exactly once (0.2047ms)
gateway-web	Run pnpm test	2026-10-07T03:16:46.2863348Z ✔ a device field is validated and projected exactly once (0.0973ms)
gateway-web	Run pnpm test	2026-10-07T03:16:46.2863689Z ✔ context staging enforces the bound and the cleanup policy it advertises (0.2066ms)
gateway-web	Run pnpm test	2026-10-07T03:16:46.2864070Z ✔ a return that reaches nobody is not normal remote-free operation (0.1546ms)
gateway-web	Run pnpm test	2026-10-07T03:16:46.2864417Z ✔ a surface is resolved only from devices belonging to that owner (0.0851ms)
gateway-web	Run pnpm test	2026-10-07T03:16:46.2864842Z ✔ authority is split: the monitor senses, the supervisor restarts, and neither can do the other (2.9868ms)
gateway-web	Run pnpm test	2026-10-07T03:16:46.2865264Z ✔ a stale or reused pid is never signalled (0.6864ms)
gateway-web	Run pnpm test	2026-10-07T03:16:46.2866199Z ✔ the restart budget ends in safe mode instead of an infinite loop (1.4018ms)
gateway-web	Run pnpm test	2026-10-07T03:16:46.2866786Z ✔ resume happens only after a checkpoint and a readiness confirmation (0.9265ms)
gateway-web	Run pnpm test	2026-10-07T03:16:46.2867283Z ✔ a terminal job does not resurrect after recovery (0.3804ms)
gateway-web	Run pnpm test	2026-10-07T03:16:46.2867759Z ✔ one crashed connector never terminates unrelated connectors (0.5294ms)
gateway-web	Run pnpm test	2026-10-07T03:16:46.2868278Z ✔ the contract is strict, frozen, and honest about stale observations (0.6235ms)
gateway-web	Run pnpm test	2026-10-07T03:16:46.2868852Z ✔ pressure is the evidence the monitor recorded, not a copy the caller supplies (0.2156ms)
gateway-web	Run pnpm test	2026-10-07T03:16:46.2869593Z ✔ a policy bound that can be switched off is refused (0.5534ms)
gateway-web	Run pnpm test	2026-10-07T03:16:46.2870168Z ✔ an uninterpretable instant cannot make stale evidence fresh or release the cooldown (0.4911ms)
gateway-web	Run pnpm test	2026-10-07T03:16:46.2870848Z ✔ a throwing readiness or process hook is a typed outcome, not a half-applied restart (0.4275ms)
gateway-web	Run pnpm test	2026-10-07T03:16:46.2871346Z ✔ an absent confidence is no confidence (0.1519ms)
gateway-web	Run pnpm test	2026-10-07T03:16:46.2871791Z ✔ a caller structure that points at itself is refused, not fatal (0.3886ms)
gateway-web	Run pnpm test	2026-10-07T03:16:46.2872319Z ✔ a malformed active entry is reported rather than dropped (0.1965ms)
gateway-web	Run pnpm test	2026-10-07T03:16:46.2872830Z ✔ a minted decision is authority for one instance and one restart (0.3423ms)
gateway-web	Run pnpm test	2026-10-07T03:16:46.2873389Z ✔ an unrecordable port answer is not an untyped failure after a real restart (0.3531ms)
gateway-web	Run pnpm test	2026-10-07T03:16:46.2873975Z ✔ a readiness answer about another instance or checkpoint is not this resume (0.5924ms)
gateway-web	Run pnpm test	2026-10-07T03:16:46.2874564Z ✔ supervise refuses a malformed set instead of failing part-way (0.3494ms)
gateway-web	Run pnpm test	2026-10-07T03:16:46.2875210Z ✔ host-pass: the original contract still works and is labelled HOST_PASS (100.3625ms)
gateway-web	Run pnpm test	2026-10-07T03:16:46.2876375Z ✔ owner-override: an Owner ruling over a real blocker produces a VERIFIED episode (63.9968ms)
gateway-web	Run pnpm test	2026-10-07T03:16:46.2876869Z ✔ owner-override without a migration blocker fails (68.1432ms)
gateway-web	Run pnpm test	2026-10-07T03:16:46.2877199Z ✔ owner-override without an owner ruling argument fails (90.5728ms)
gateway-web	Run pnpm test	2026-10-07T03:16:46.2877550Z ✔ owner-override whose intervention does not cite the ruling fails (95.1374ms)
gateway-web	Run pnpm test	2026-10-07T03:16:46.2877887Z ✔ owner-override without a verifier finding fails (95.1667ms)
gateway-web	Run pnpm test	2026-10-07T03:16:46.2879385Z ✔ owner-override whose verifier finding precedes the blocker fails (75.2434ms)
gateway-web	Run pnpm test	2026-10-07T03:16:46.2879846Z ✔ a final CI that is not PASS fails in owner-override too (100.1379ms)
gateway-web	Run pnpm test	2026-10-07T03:16:46.2880120Z ✔ the same host for both roles fails (214.9341ms)
gateway-web	Run pnpm test	2026-10-07T03:16:46.2880436Z ✔ an inbox that already has a host PASS cannot use owner-override (90.0589ms)
gateway-web	Run pnpm test	2026-10-07T03:16:46.2881582Z ✔ --owner-ruling is rejected in host-pass mode (90.5461ms)
gateway-web	Run pnpm test	2026-10-07T03:16:46.2882318Z ✔ owner-waived host separation: an Owner ruling lets the migration host finish verification (104.2182ms)
gateway-web	Run pnpm test	2026-10-07T03:16:46.2882929Z ✔ a strict episode records hostSeparation STRICT (71.8584ms)
gateway-web	Run pnpm test	2026-10-07T03:16:46.2883556Z ✔ owner-waived without --completing-host fails (75.5788ms)
gateway-web	Run pnpm test	2026-10-07T03:16:46.2883974Z ✔ owner-waived without --owner-ruling fails (83.6736ms)
gateway-web	Run pnpm test	2026-10-07T03:16:46.2884520Z ✔ owner-waived whose completing host produced no verification events fails (75.8089ms)
gateway-web	Run pnpm test	2026-10-07T03:16:46.2885031Z ✔ owner-waived whose record cites no ruling fails (137.851ms)
gateway-web	Run pnpm test	2026-10-07T03:16:46.2885619Z ✔ owner-waived is refused when the completing host is already the verification host (122.1306ms)
gateway-web	Run pnpm test	2026-10-07T03:16:46.2886314Z ✔ owner-waived still refuses a verification event from a host that does not participate (124.8837ms)
gateway-web	Run pnpm test	2026-10-07T03:16:46.2886917Z ✔ --completing-host is rejected in strict host separation (95.2062ms)
gateway-web	Run pnpm test	2026-10-07T03:16:46.2887463Z ✔ strict host separation still refuses the same host for both roles (96.1634ms)
gateway-web	Run pnpm test	2026-10-07T03:16:46.2888011Z ✔ a finished Action is never re-opened by a later observation (1.1408ms)
gateway-web	Run pnpm test	2026-10-07T03:16:46.2888589Z ✔ an in-flight Action still follows the City task it is reporting on (0.1714ms)
gateway-web	Run pnpm test	2026-10-07T03:16:46.2889245Z ✔ the reserved GENERAL_AI route answers a typed UNAVAILABLE and never becomes a City task (1.5542ms)
gateway-web	Run pnpm test	2026-10-07T03:16:46.2889872Z ✔ a reordered idempotency key is the same request, and a different one is refused (4.4977ms)
gateway-web	Run pnpm test	2026-10-07T03:16:46.2890549Z ✔ UXI-301 feed: real telemetry becomes a load vector, and unmeasured dimensions stay missing (1.5713ms)
gateway-web	Run pnpm test	2026-10-07T03:16:46.2891125Z ✔ UXI-301 feed: disk CAPACITY is not reported as io LOAD (0.196ms)
gateway-web	Run pnpm test	2026-10-07T03:16:46.2891607Z ✔ UXI-301 feed: the node mapping mirrors the gateway liveness truth (0.204ms)
gateway-web	Run pnpm test	2026-10-07T03:16:46.2892437Z ✔ UXI-391: the candidate carries an EXPLICIT enablement, and an explicit disable is honoured (1.0223ms)
gateway-web	Run pnpm test	2026-10-07T03:16:46.2893120Z ✔ UXI-301 feed: eligibility terms come from RS-202 and are all declared in the contract (0.61ms)
gateway-web	Run pnpm test	2026-10-07T03:16:46.2893819Z ✔ UXI-301 feed: an ONLINE, healthy node must NOT present as unusable (1.0651ms)
gateway-web	Run pnpm test	2026-10-07T03:16:46.2894430Z ✔ UXI-301 feed: COMPLETED is reachable ONLY from a terminal City state (0.3154ms)
gateway-web	Run pnpm test	2026-10-07T03:16:46.2895029Z ✔ UXI-301 feed: a healthy node plus a cold one offers waiting, never a forced choice (0.1572ms)
gateway-web	Run pnpm test	2026-10-07T03:16:46.2895727Z ✔ UXI-301 feed: a structurally refused fleet DOES demand a choice and withholds waiting (0.1716ms)
gateway-web	Run pnpm test	2026-10-07T03:16:46.2896345Z ✔ UXI-301 feed: the producer rejects malformed input rather than guessing (0.4137ms)
gateway-web	Run pnpm test	2026-10-07T03:16:46.2896993Z ✔ UXI-301 feed: the feed is versioned, lists its candidates, and hides finished work by default (0.4314ms)
gateway-web	Run pnpm test	2026-10-07T03:16:46.2897664Z ✔ UXI-301 feed: termsInUse reports only declared terms, so a UI can preload copy (0.2165ms)
gateway-web	Run pnpm test	2026-10-07T03:16:46.2898327Z ✔ UXI-301 feed: an empty City produces an empty feed rather than a fabricated status (0.0792ms)
gateway-web	Run pnpm test	2026-10-07T03:16:46.2898979Z ✔ UXI-301 feed: a node already running OTHER work reports real capacity pressure (0.1839ms)
gateway-web	Run pnpm test	2026-10-07T03:16:46.2899554Z ✔ UXI-301 feed: capacity pressure clears once the other work finishes (0.3201ms)
gateway-web	Run pnpm test	2026-10-07T03:16:46.2900168Z ✔ UXI-301 feed: two busy nodes and one free node is reported truthfully per node (0.2874ms)
gateway-web	Run pnpm test	2026-10-07T03:16:46.2901425Z ✔ versioned authenticated gateway rejects unsafe commands and persists history (125.5118ms)
gateway-web	Run pnpm test	2026-10-07T03:16:46.2902033Z ✔ the post-restart resume decision is owned by the migrated checkpoint gate (46.1131ms)
gateway-web	Run pnpm test	2026-10-07T03:16:46.2902619Z ✔ the gateway places work on exactly the nodes its own policy and the Core both accept (1252.3162ms)
gateway-web	Run pnpm test	2026-10-07T03:16:46.2903278Z ✔ an interrupted task is never falsified as success across a gateway restart (34.9344ms)
gateway-web	Run pnpm test	2026-10-07T03:16:46.2903886Z ✔ no API network call happens before consent and budget admission (3.5435ms)
gateway-web	Run pnpm test	2026-10-07T03:16:46.2904295Z ✔ a Web failure proposes API but never grants it, and budget does not stand in for consent (0.9918ms)
gateway-web	Run pnpm test	2026-10-07T03:16:46.2904716Z ✔ rate limit, auth and provider faults stay typed and never look like success (1.83ms)
gateway-web	Run pnpm test	2026-10-07T03:16:46.2906003Z ✔ usage the provider did not report stays unknown, never zero (0.7484ms)
gateway-web	Run pnpm test	2026-10-07T03:16:46.2906429Z ✔ streaming is supported only where the adapter says so, and secrets never reach provenance (0.9196ms)
gateway-web	Run pnpm test	2026-10-07T03:16:46.2906853Z ✔ channel state stays isolated, frozen and free of ambient behaviour (0.5319ms)
gateway-web	Run pnpm test	2026-10-07T03:16:46.2907259Z ✔ budget policy limits must be real numbers, so the second gate cannot vanish (0.5264ms)
gateway-web	Run pnpm test	2026-10-07T03:16:46.2907624Z ✔ provider usage that is negative is not usage (0.1461ms)
gateway-web	Run pnpm test	2026-10-07T03:16:46.2907944Z ✔ secrets are found and redacted however they are hidden (0.3295ms)
gateway-web	Run pnpm test	2026-10-07T03:16:46.2908304Z ✔ an admitted call with no usable adapter is a typed refusal, not a crash (0.4693ms)
gateway-web	Run pnpm test	2026-10-07T03:16:46.2908657Z ✔ the budget result does not claim knowledge it does not have (0.5503ms)
gateway-web	Run pnpm test	2026-10-07T03:16:46.2909078Z ✔ one conversation continues while backend thread, provider and device metadata change (6.1821ms)
gateway-web	Run pnpm test	2026-10-07T03:16:46.2909510Z ✔ backend thread loss is reported and never becomes a silent false continuation (2.5353ms)
gateway-web	Run pnpm test	2026-10-07T03:16:46.2909899Z ✔ InputBundle enforces bounds, media type, digest and provenance (1.7784ms)
gateway-web	Run pnpm test	2026-10-07T03:16:46.2910279Z ✔ temporary staging metadata always carries an explicit cleanup policy (1.4946ms)
gateway-web	Run pnpm test	2026-10-07T03:16:46.2910720Z ✔ partial events are ordered, versioned and never terminal, and RF envelopes stay non-canonical (0.8783ms)
gateway-web	Run pnpm test	2026-10-07T03:16:46.2911189Z ✔ cancellation is idempotent, works across channel changes, and reconciles late results (0.7085ms)
gateway-web	Run pnpm test	2026-10-07T03:16:46.2911698Z ✔ the conversation contract is closed, frozen and identity-independent (0.5913ms)
gateway-web	Run pnpm test	2026-10-07T03:16:46.2912040Z ✔ the canonical contract allow-list is decided by own keys (0.3454ms)
gateway-web	Run pnpm test	2026-10-07T03:16:46.2912407Z ✔ the conversation policy is a bound, and a non-boolean cannot disable verification (0.3666ms)
gateway-web	Run pnpm test	2026-10-07T03:16:46.2912827Z ✔ a cyclic caller value cannot crash the freezer, and attachments are canonical records (0.5266ms)
gateway-web	Run pnpm test	2026-10-07T03:16:46.2913187Z ✔ a malformed caller instant is refused as a typed error (0.5313ms)
gateway-web	Run pnpm test	2026-10-07T03:16:46.2913503Z ✔ a settled turn cannot accept further transport data (0.3708ms)
gateway-web	Run pnpm test	2026-10-07T03:16:46.2913860Z ✔ a refused call leaves no partial write and no poisoned projection (0.4091ms)
gateway-web	Run pnpm test	2026-10-07T03:16:46.2914189Z ✔ each late result is reconciled under its own reference (0.529ms)
gateway-web	Run pnpm test	2026-10-07T03:16:46.2914534Z ✔ the published stream carries cancellation and a conversation-level order (0.3395ms)
gateway-web	Run pnpm test	2026-10-07T03:16:46.2914848Z ✔ every free-text field is bounded (0.4866ms)
gateway-web	Run pnpm test	2026-10-07T03:16:46.2915136Z ✔ the staging cleanup deadline is a decision, not decoration (0.4402ms)
gateway-web	Run pnpm test	2026-10-07T03:16:46.2915509Z ✔ GENERAL_AI is reserved as a user-level route and the legacy routes are untouched (1.3316ms)
gateway-web	Run pnpm test	2026-10-07T03:16:46.2915925Z ✔ a historical product name is not a route, and an unknown route is refused not guessed (0.2359ms)
gateway-web	Run pnpm test	2026-10-07T03:16:46.2916310Z ✔ the gateway route vocabulary is exactly the contract vocabulary (0.1295ms)
gateway-web	Run pnpm test	2026-10-07T03:16:46.2916715Z ✔ a canonical general-AI request validates and keeps typed backend references (1.4969ms)
gateway-web	Run pnpm test	2026-10-07T03:16:46.2917095Z ✔ unknown version, channel, state and malformed input are refused (0.5402ms)
gateway-web	Run pnpm test	2026-10-07T03:16:46.2917455Z ✔ no canonical envelope may carry raw credential, cookie or token bytes (0.4648ms)
gateway-web	Run pnpm test	2026-10-07T03:16:46.2917860Z ✔ provider, model, attention, usage and proposal envelopes validate strictly (0.4569ms)
gateway-web	Run pnpm test	2026-10-07T03:16:46.2918277Z ✔ partial output cannot mark an Action terminal and terminal status is final (0.2589ms)
gateway-web	Run pnpm test	2026-10-07T03:16:46.2918712Z ✔ a partial result carries in-flight status and a result envelope carries a terminal one (0.2696ms)
gateway-web	Run pnpm test	2026-10-07T03:16:46.2919113Z ✔ an idempotency key replayed for the same request returns the first result (0.4622ms)
gateway-web	Run pnpm test	2026-10-07T03:16:46.2919465Z ✔ the same idempotency key bound to a different request is refused (0.1812ms)
gateway-web	Run pnpm test	2026-10-07T03:16:46.2919882Z ✔ a deterministic local answer never reaches a general-AI channel (0.195ms)
gateway-web	Run pnpm test	2026-10-07T03:16:46.2920231Z ✔ Web is the default channel and JEV failure degrades instead of blocking (0.0767ms)
gateway-web	Run pnpm test	2026-10-07T03:16:46.2920675Z ✔ Web failure does not silently trigger API, and API needs explicit user consent (0.065ms)
gateway-web	Run pnpm test	2026-10-07T03:16:46.2921219Z ✔ budget policy runs after consent and can never substitute for it (0.0632ms)
gateway-web	Run pnpm test	2026-10-07T03:16:46.2921715Z ✔ another device is proposed, never chosen, and the interaction device does not move (0.2359ms)
gateway-web	Run pnpm test	2026-10-07T03:16:46.2922357Z ✔ API escalation requires a user confirmation reference, not a budget decision (0.2466ms)
gateway-web	Run pnpm test	2026-10-07T03:16:46.2922908Z ✔ a decision that needs the user becomes an attention request (0.6837ms)
gateway-web	Run pnpm test	2026-10-07T03:16:46.2923356Z ✔ JEV output is advisory and a JEV failure degrades instead of blocking (0.3283ms)
gateway-web	Run pnpm test	2026-10-07T03:16:46.2923712Z ✔ programme ports are versioned, and non-conforming subjects are refused (0.3142ms)
gateway-web	Run pnpm test	2026-10-07T03:16:46.2924084Z ✔ the deterministic remote double never fakes a completed run (0.4233ms)
gateway-web	Run pnpm test	2026-10-07T03:16:46.2924449Z ✔ the repository carries no runtime dependency on the historical product (93.1586ms)
gateway-web	Run pnpm test	2026-10-07T03:16:46.2924810Z ✔ the contract publishes its routing guarantees and error vocabulary (0.1369ms)
gateway-web	Run pnpm test	2026-10-07T03:16:46.2925257Z ✔ undeclared keys inherited from Object.prototype are refused, and a prototype key never is canonical (0.4107ms)
gateway-web	Run pnpm test	2026-10-07T03:16:46.2925779Z ✔ a secret-shaped name is refused in its plural and compound spellings, and a quantity is not a secret (0.1771ms)
gateway-web	Run pnpm test	2026-10-07T03:16:46.2926544Z ✔ raw credential bytes are refused in any field, not only in a secret-shaped one (0.1652ms)
gateway-web	Run pnpm test	2026-10-07T03:16:46.2926984Z ✔ a partial result cannot claim a terminal status by relabelling or omitting its source (0.5998ms)
gateway-web	Run pnpm test	2026-10-07T03:16:46.2927389Z ✔ UNAVAILABLE is final for this action, and entering it is still allowed (0.1488ms)
gateway-web	Run pnpm test	2026-10-07T03:16:46.2927765Z ✔ an advisory assessment carries advisory fields and nothing else (0.3633ms)
gateway-web	Run pnpm test	2026-10-07T03:16:46.2928240Z ✔ the linkage scanner catches real dependency shapes it used to miss, and still ignores provenance prose (0.3064ms)
gateway-web	Run pnpm test	2026-10-07T03:16:46.2928691Z ✔ availability, health, auth, rate limit and budget stay separate signals (2.7433ms)
gateway-web	Run pnpm test	2026-10-07T03:16:46.2929089Z ✔ stale health is distinguishable from healthy and never reported as healthy (0.5349ms)
gateway-web	Run pnpm test	2026-10-07T03:16:46.2929492Z ✔ a transient technical failure follows a bounded retry and backoff policy (0.4676ms)
gateway-web	Run pnpm test	2026-10-07T03:16:46.2929895Z ✔ human-blocked and ambiguous failures never auto-resume as a technical retry (0.572ms)
gateway-web	Run pnpm test	2026-10-07T03:16:46.2930307Z ✔ circuits are scoped so one failure cannot trip all AI or the local surfaces (1.4259ms)
gateway-web	Run pnpm test	2026-10-07T03:16:46.2930722Z ✔ a Web failure degrades honestly and never silently escalates to the API (0.4012ms)
gateway-web	Run pnpm test	2026-10-07T03:16:46.2931080Z ✔ the governor is strict, frozen, and free of ambient state (0.6358ms)
gateway-web	Run pnpm test	2026-10-07T03:16:46.2931381Z ✔ the resilience policy bounds are real bounds (0.3411ms)
gateway-web	Run pnpm test	2026-10-07T03:16:46.2931684Z ✔ a malformed caller instant is refused as a typed error (0.6255ms)
gateway-web	Run pnpm test	2026-10-07T03:16:46.2932036Z ✔ a side-effecting failure is not retried without an idempotency key (0.3072ms)
gateway-web	Run pnpm test	2026-10-07T03:16:46.2932411Z ✔ a cyclic value cannot crash the freezer, and a degraded availability is named (0.1851ms)
gateway-web	Run pnpm test	2026-10-07T03:16:46.2932719Z ✔ the governor policy is a plain record (0.1044ms)
gateway-web	Run pnpm test	2026-10-07T03:16:46.2933016Z ✔ a caller instant cannot extend or shorten a circuit cooldown (0.2834ms)
gateway-web	Run pnpm test	2026-10-07T03:16:46.2933334Z ✔ an acknowledgment survives a replayed failure (0.1404ms)
gateway-web	Run pnpm test	2026-10-07T03:16:46.2933717Z ✔ a non-boolean flag cannot silently drop a proposal or an idempotency requirement (0.1326ms)
gateway-web	Run pnpm test	2026-10-07T03:16:46.2934187Z ✔ a degraded or unknown availability is never ready, and the report agrees with the query (0.3495ms)
gateway-web	Run pnpm test	2026-10-07T03:16:46.2934617Z ✔ provider, model and account identities stay distinct across multiple accounts (11.2882ms)
gateway-web	Run pnpm test	2026-10-07T03:16:46.2935071Z ✔ stale capability metadata is visible as stale and reads as unknown (0.5703ms)
gateway-web	Run pnpm test	2026-10-07T03:16:46.2935428Z ✔ WEB and API readiness are answered independently and may differ (0.4928ms)
gateway-web	Run pnpm test	2026-10-07T03:16:46.2935792Z ✔ a missing provider, model or account produces typed absence, not a throw (0.5591ms)
gateway-web	Run pnpm test	2026-10-07T03:16:46.2936169Z ✔ canonical records refuse raw secret material and keep handles only (0.7396ms)
gateway-web	Run pnpm test	2026-10-07T03:16:46.2936538Z ✔ the registry starts empty and works entirely with synthetic providers (0.5588ms)
gateway-web	Run pnpm test	2026-10-07T03:16:46.2936869Z ✔ registry records are strict about their shape (1.188ms)
gateway-web	Run pnpm test	2026-10-07T03:16:46.2937177Z ✔ undeclared keys inherited from Object.prototype are refused (0.6474ms)
gateway-web	Run pnpm test	2026-10-07T03:16:46.2937524Z ✔ a secret-shaped name is refused in its plural and compound spellings (0.228ms)
gateway-web	Run pnpm test	2026-10-07T03:16:46.2937949Z ✔ raw credential bytes are refused in a declared text field, not only under a secret-shaped name (0.4505ms)
gateway-web	Run pnpm test	2026-10-07T03:16:46.2938402Z ✔ one reference cannot name two records, and a parent binding cannot be re-pointed (1.1782ms)
gateway-web	Run pnpm test	2026-10-07T03:16:46.2938774Z ✔ a handle reference is content-addressed and epoch-scoped (0.2003ms)
gateway-web	Run pnpm test	2026-10-07T03:16:46.2939113Z ✔ a stale or unavailable channel is not advertised as supported (0.4244ms)
gateway-web	Run pnpm test	2026-10-07T03:16:46.2939483Z ✔ a missing subject reports its own absence code, and a future observation is not fresh (0.2425ms)
gateway-web	Run pnpm test	2026-10-07T03:16:46.2939886Z ✔ RS-201: enablement is REQUIRED, so an omitted field can never read as enabled (0.3707ms)
gateway-web	Run pnpm test	2026-10-07T03:16:46.2940439Z ✔ RS-201: enablement accepts exactly the two declared states and nothing that merely looks like one (0.9097ms)
gateway-web	Run pnpm test	2026-10-07T03:16:46.2940951Z ✔ RS-201: DISABLED is a user choice, not a capability fact, and does not contaminate freshness (0.2628ms)
gateway-web	Run pnpm test	2026-10-07T03:16:46.2941373Z ✔ RS-201: region is required but explicitly nullable, and is never inferred (0.5817ms)
gateway-web	Run pnpm test	2026-10-07T03:16:46.2941797Z ✔ RS-201: the availability reason vocabulary carries all seven required categories (0.1715ms)
gateway-web	Run pnpm test	2026-10-07T03:16:46.2942169Z ✔ RS-201: disable and re-enable are reversible and destroy nothing (0.2431ms)
gateway-web	Run pnpm test	2026-10-07T03:16:46.2942566Z ✔ RS-201: setEnablement refuses a bad state and answers a bad reference with a typed absence (0.367ms)
gateway-web	Run pnpm test	2026-10-07T03:16:46.2942989Z ✔ RS-201: a provider with dependents is REFUSED removal, and the dependents are named (0.2842ms)
gateway-web	Run pnpm test	2026-10-07T03:16:46.2943389Z ✔ RS-201: removal tombstones the reference, so RETIRED is distinguishable from UNKNOWN (0.2095ms)
gateway-web	Run pnpm test	2026-10-07T03:16:46.2943803Z ✔ RS-201: restore is the explicit act that makes a removed reference registerable again (0.1824ms)
gateway-web	Run pnpm test	2026-10-07T03:16:46.2944216Z ✔ RS-201: unavailability never removes anything - only an explicit user remove() does (0.1284ms)
gateway-web	Run pnpm test	2026-10-07T03:16:46.2944618Z ✔ RS-201: models and accounts are removable once they have no dependents of their own (0.1353ms)
gateway-web	Run pnpm test	2026-10-07T03:16:46.2945011Z ✔ RS-201: a fresh, enabled, unimpeded record is the ONLY thing that reads AVAILABLE (0.2058ms)
gateway-web	Run pnpm test	2026-10-07T03:16:46.2945422Z ✔ RS-201: staleness is NOT live truth - a stale observation is UNKNOWN, never AVAILABLE (0.0795ms)
gateway-web	Run pnpm test	2026-10-07T03:16:46.2945872Z ✔ RS-201: region is checked only against a DECLARED region, so a neutral provider never mismatches (0.0708ms)
gateway-web	Run pnpm test	2026-10-07T03:16:46.2946900Z ✔ RS-201: session and credential reasons come from the account status, and stay apart (0.1375ms)
gateway-web	Run pnpm test	2026-10-07T03:16:46.2947315Z ✔ RS-201: a channel that is UNAVAILABLE is a service fault, and neither is selectable (0.0464ms)
gateway-web	Run pnpm test	2026-10-07T03:16:46.2947738Z ✔ RS-201: precedence is ordered and the user instruction outranks every observation (0.1255ms)
gateway-web	Run pnpm test	2026-10-07T03:16:46.2948175Z ✔ RS-201: the candidate list keeps refused entries WITH their reasons rather than hiding them (0.3625ms)
gateway-web	Run pnpm test	2026-10-07T03:16:46.2948583Z ✔ RS-201: an all-refused pool and an empty pool are distinct, named conditions (0.1409ms)
gateway-web	Run pnpm test	2026-10-07T03:16:46.2948953Z ✔ RS-201: a suggestion is structurally incapable of being an execution (0.2019ms)
gateway-web	Run pnpm test	2026-10-07T03:16:46.2949446Z ✔ RS-201: when nothing is selectable the suggestion says so instead of inventing a fallback (0.2601ms)
gateway-web	Run pnpm test	2026-10-07T03:16:46.2949882Z ✔ RS-201: a probe that answers inside the bound is FRESH, and is then served from cache (0.4435ms)
gateway-web	Run pnpm test	2026-10-07T03:16:46.2950285Z ✔ RS-201: the bound HOLDS - a probe that never answers cannot block the caller (41.3958ms)
gateway-web	Run pnpm test	2026-10-07T03:16:46.2950693Z ✔ RS-201: a missed bound degrades to the last known answer, marked as degraded and aged (43.0407ms)
gateway-web	Run pnpm test	2026-10-07T03:16:46.2951140Z ✔ RS-201: when nothing was ever known, the bound yields NO_DATA and never invents availability (32.7089ms)
gateway-web	Run pnpm test	2026-10-07T03:16:46.2951578Z ✔ RS-201: a probe that throws degrades instead of propagating into the calling path (0.681ms)
gateway-web	Run pnpm test	2026-10-07T03:16:46.2951989Z ✔ RS-201: the probe reports its own bounds and refuses an unusable configuration (0.1785ms)
gateway-web	Run pnpm test	2026-10-07T03:16:46.2952472Z ✔ RS-201: the outcome vocabulary keeps a degraded answer distinguishable from a fresh one (0.0957ms)
gateway-web	Run pnpm test	2026-10-07T03:16:46.2953004Z ✔ a healthy current device is preferred, so nothing moves and nothing is interrupted (2.5155ms)
gateway-web	Run pnpm test	2026-10-07T03:16:46.2953448Z ✔ endpoints are ranked from metadata only, and stale or offline ones are never healthy (3.844ms)
gateway-web	Run pnpm test	2026-10-07T03:16:46.2953834Z ✔ no execution begins before the V1 device-switch confirmation (0.7112ms)
gateway-web	Run pnpm test	2026-10-07T03:16:46.2954254Z ✔ exactly one canonical Action exists on the execution host, and every event correlates to it (0.801ms)
gateway-web	Run pnpm test	2026-10-07T03:16:46.2954672Z ✔ remote cancel works from any authorized device and reconciles late results (0.8113ms)
gateway-web	Run pnpm test	2026-10-07T03:16:46.2955174Z ✔ hardware-bound authentication surfaces as ATTENTION_REQUIRED, never as false success (0.7071ms)
gateway-web	Run pnpm test	2026-10-07T03:16:46.2955595Z ✔ semantic input staging carries an explicit cleanup policy, and the router is strict (1.0103ms)
gateway-web	Run pnpm test	2026-10-07T03:16:46.2956045Z ✔ the policy cannot switch off confirmation or the health ceilings (0.3382ms)
gateway-web	Run pnpm test	2026-10-07T03:16:46.2956612Z ✔ the approved endpoint must still be healthy at dispatch time (0.3489ms)
gateway-web	Run pnpm test	2026-10-07T03:16:46.2957125Z ✔ a malformed caller instant is refused as a typed error (0.5645ms)
gateway-web	Run pnpm test	2026-10-07T03:16:46.2957643Z ✔ a settled action is not regressed by a late attention request (0.2923ms)
gateway-web	Run pnpm test	2026-10-07T03:16:46.2957990Z ✔ a cancellation event is terminal because the action is (0.2881ms)
gateway-web	Run pnpm test	2026-10-07T03:16:46.2958320Z ✔ a cyclic caller value cannot crash the freezer, and stored text is typed (0.7616ms)
gateway-web	Run pnpm test	2026-10-07T03:16:46.2958646Z ✔ a non-boolean requirement cannot skip an exclusion (0.2247ms)
gateway-web	Run pnpm test	2026-10-07T03:16:46.2958945Z ✔ a live action id cannot bypass the confirmation gates (0.3593ms)
gateway-web	Run pnpm test	2026-10-07T03:16:46.2959230Z ✔ an executor refusal is not recorded as a dispatch (0.3023ms)
gateway-web	Run pnpm test	2026-10-07T03:16:46.2959551Z ✔ a hardware-bound action stays addressable while it awaits the user (0.2139ms)
gateway-web	Run pnpm test	2026-10-07T03:16:46.2959916Z ✔ a success carries its result, and an exact replay is not applied twice (0.2622ms)
gateway-web	Run pnpm test	2026-10-07T03:16:46.2960262Z ✔ a cancellation is only reported when the executor accepted it (0.2744ms)
gateway-web	Run pnpm test	2026-10-07T03:16:46.2960587Z ✔ a known deterministic command consults no JEV and no provider (2.6792ms)
gateway-web	Run pnpm test	2026-10-07T03:16:46.2960960Z ✔ JEV recommends, gateway policy decides, and both are independently auditable (0.5388ms)
gateway-web	Run pnpm test	2026-10-07T03:16:46.2961352Z ✔ unavailable, timed-out, malformed and low-confidence JEV is non-blocking (0.7077ms)
gateway-web	Run pnpm test	2026-10-07T03:16:46.2961678Z ✔ JEV cannot execute an Action or grant permission (1.122ms)
gateway-web	Run pnpm test	2026-10-07T03:16:46.2962016Z ✔ engineering intent routes to the Engineering programme, never to General AI (0.4643ms)
gateway-web	Run pnpm test	2026-10-07T03:16:46.2962355Z ✔ the router is strict, frozen and free of ambient state (1.0459ms)
gateway-web	Run pnpm test	2026-10-07T03:16:46.2962693Z ✔ a classification that carries an execution is refused however it is hidden (0.4242ms)
gateway-web	Run pnpm test	2026-10-07T03:16:46.2963075Z ✔ policy values are validated, so a route cannot be invented or a gate removed (0.494ms)
gateway-web	Run pnpm test	2026-10-07T03:16:46.2963396Z ✔ command records are strict and instants are real (0.6166ms)
gateway-web	Run pnpm test	2026-10-07T03:16:46.2963768Z ✔ deterministic local commands route exactly as before (1.9503ms)
gateway-web	Run pnpm test	2026-10-07T03:16:46.2964152Z ✔ an ordinary AI request produces a GENERAL_AI Action with provenance as advanced state (0.9522ms)
gateway-web	Run pnpm test	2026-10-07T03:16:46.2964685Z ✔ device-switch and API proposals never navigate the user away, and remote results return to the action (0.56ms)
gateway-web	Run pnpm test	2026-10-07T03:16:46.2965318Z ✔ an API proposal requires explicit confirmation and shows the budget outcome before execution (0.6387ms)
gateway-web	Run pnpm test	2026-10-07T03:16:46.2965756Z ✔ attention is projected into canonical shared state, never a GAI-only store (0.7581ms)
gateway-web	Run pnpm test	2026-10-07T03:16:46.2966641Z ✔ cancel and control work from Web and Android for the same Action, with one shared history (0.5896ms)
gateway-web	Run pnpm test	2026-10-07T03:16:46.2967292Z ✔ no path claims success while the backend is unavailable, and legacy routes are refused (0.961ms)
gateway-web	Run pnpm test	2026-10-07T03:16:46.2967729Z ✔ nothing is reported as executed without a channel, and a confirmed device is not rewritten (0.323ms)
gateway-web	Run pnpm test	2026-10-07T03:16:46.2968132Z ✔ the first terminal result is the action truth and cannot be rewritten (0.3374ms)
gateway-web	Run pnpm test	2026-10-07T03:16:46.2968497Z ✔ the advanced view keeps real identifiers and refuses unreadable provenance (0.3999ms)
gateway-web	Run pnpm test	2026-10-07T03:16:46.2968839Z ✔ a crashing port is a typed refusal and instants are real (0.2715ms)
gateway-web	Run pnpm test	2026-10-07T03:16:46.2969181Z ✔ a cancelled action cannot be advanced, proposed to, projected, or executed (0.3095ms)
gateway-web	Run pnpm test	2026-10-07T03:16:46.2969524Z ✔ an approved API proposal is consumed by its one execution (0.1613ms)
gateway-web	Run pnpm test	2026-10-07T03:16:46.2969986Z ✔ a shared Attention port that refuses is refused, not claimed as canonical state (0.2664ms)
gateway-web	Run pnpm test	2026-10-07T03:16:46.2970398Z ✔ success is refused while canonical attention is outstanding, even after a resume (0.3158ms)
gateway-web	Run pnpm test	2026-10-07T03:16:46.2970766Z ✔ the routing policy decides whether the local matcher runs first (0.1589ms)
gateway-web	Run pnpm test	2026-10-07T03:16:46.2971069Z ✔ the canonical history names the device that acted (0.1585ms)
gateway-web	Run pnpm test	2026-10-07T03:16:46.2971382Z ✔ a device-switch confirmation cannot revive a cancelled action (0.1887ms)
gateway-web	Run pnpm test	2026-10-07T03:16:46.2971753Z ✔ Web is the default execution channel and execution is bound to a profile handle (2.0117ms)
gateway-web	Run pnpm test	2026-10-07T03:16:46.2972086Z ✔ a channel state that cannot execute is a typed refusal (1.1341ms)
gateway-web	Run pnpm test	2026-10-07T03:16:46.2972382Z ✔ partial output is never reported as the final result (0.4305ms)
gateway-web	Run pnpm test	2026-10-07T03:16:46.2972642Z ✔ cancel is typed and idempotent (0.2716ms)
gateway-web	Run pnpm test	2026-10-07T03:16:46.2972989Z ✔ a persistent login survives an allowed restart when the profile handle still resolves (0.698ms)
gateway-web	Run pnpm test	2026-10-07T03:16:46.2973435Z ✔ a profile that cannot be resolved reports AUTH_REQUIRED instead of a silent fresh login (0.1519ms)
gateway-web	Run pnpm test	2026-10-07T03:16:46.2973825Z ✔ raw cookies, storage and tokens never enter persisted City state (0.3129ms)
gateway-web	Run pnpm test	2026-10-07T03:16:46.2974163Z ✔ real-provider acceptance is recorded, never fabricated (0.1397ms)
gateway-web	Run pnpm test	2026-10-07T03:16:46.2974442Z ✔ a restore may not take over a live session (0.4091ms)
gateway-web	Run pnpm test	2026-10-07T03:16:46.2974788Z ✔ a persisted state must be this module version and cannot hide raw browser state (0.8593ms)
gateway-web	Run pnpm test	2026-10-07T03:16:46.2975115Z ✔ a persisted instant must be a real instant (0.2362ms)
gateway-web	Run pnpm test	2026-10-07T03:16:46.2975446Z ✔ a persisted state must be a bare own-property object, and accountRef a reference (0.2154ms)
gateway-web	Run pnpm test	2026-10-07T03:16:46.2975880Z ✔ a completion whose session is gone is refused, and case-variant raw state is still raw state (0.2219ms)
gateway-web	Run pnpm test	2026-10-07T03:18:19.5894276Z ✔ two installation launchers share one City across ports and recover the same identity after a crash (117578.6443ms)
gateway-web	Run pnpm test	2026-10-07T03:18:19.7481767Z ✔ forgetting migrated enrollment cannot import the legacy credential again (158.2963ms)
gateway-web	Run pnpm test	2026-10-07T03:18:21.1188548Z ✔ remote short code enrolls with a local member agent and reconnects without launching a host City (1369.2533ms)
gateway-web	Run pnpm test	2026-10-07T03:18:24.1691109Z ✔ PRIMARY launcher reports successful MEMBER transition and normal main restart preserves it (3052.7837ms)
gateway-web	Run pnpm test	2026-10-07T03:18:24.1814005Z ✔ host reservation is atomic across requested ports and retains the canonical data directory (51.9062ms)
gateway-web	Run pnpm test	2026-10-07T03:18:24.1815342Z ✔ joining only demotes the local host, saves its admission name and leaves remote City intact (110.7703ms)
gateway-web	Run pnpm test	2026-10-07T03:18:24.1816071Z ✔ failed pairing and busy local work do not demote or write a new membership (47.9783ms)
gateway-web	Run pnpm test	2026-10-07T03:18:24.1816822Z ✔ native production transition retires only local Gateway and its worker, while remote host stays primary (230.6429ms)
gateway-web	Run pnpm test	2026-10-07T03:18:24.1817671Z ✔ selected MEMBER role survives coordinator crash without replacing the original City pointer (3.9018ms)
gateway-web	Run pnpm test	2026-10-07T03:18:24.1818377Z ✔ startup preflight recognizes old absolute Windows paths and refuses duplicate Cities (4.5939ms)
gateway-web	Run pnpm test	2026-10-07T03:18:24.1819033Z ✔ an interrupted Windows inventory is an explicit blocking error, never an empty host (0.5664ms)
gateway-web	Run pnpm test	2026-10-07T03:18:24.1820216Z ✔ a relative Gateway path with an inconclusive identity probe blocks startup (0.2678ms)
gateway-web	Run pnpm test	2026-10-07T03:18:24.1821393Z ✔ a cold Windows inventory timeout retries one complete scan before declaring the host empty (0.8048ms)
gateway-web	Run pnpm test	2026-10-07T03:18:24.1822040Z ✔ a persistent inventory timeout refuses after exactly two attempts (0.3223ms)
gateway-web	Run pnpm test	2026-10-07T03:18:24.1822546Z ✔ a non-timeout inventory error refuses without retrying (0.3136ms)
gateway-web	Run pnpm test	2026-10-07T03:18:24.1823162Z ✔ mixed timeout and non-timeout failures cannot hide a blocking inventory error (0.3853ms)
gateway-web	Run pnpm test	2026-10-07T03:18:24.1824092Z ✔ REVIEW JOIN-501 A1: when ANOTHER client replaces the canonical session, the first page stops showing a dead code (5684.5237ms)
gateway-web	Run pnpm test	2026-10-07T03:18:24.1825553Z ✔ REVIEW JOIN-501 A2: a real WebSocket drop and the product’s own reconnect neither create nor lose a session (5703.0417ms)
gateway-web	Run pnpm test	2026-10-07T03:18:24.1826921Z ✔ REVIEW JOIN-501 A3: a burst of same-task clicks can create at most one session (9394.9381ms)
gateway-web	Run pnpm test	2026-10-07T03:18:24.1827770Z ✔ REVIEW JOIN-501 A4: a code that expires while the tab is HIDDEN is not restored as ACTIVE (11853.7962ms)
gateway-web	Run pnpm test	2026-10-07T03:18:24.1828624Z ✔ JOIN-502: a join request grants nothing until an already trusted device approves it (83.5667ms)
gateway-web	Run pnpm test	2026-10-07T03:18:24.1829399Z ✔ JOIN-502: the browse is authenticated, and a nearby City never makes this City mint a pairing code (633.6388ms)
gateway-web	Run pnpm test	2026-10-07T03:18:24.1830128Z ✔ JOIN-502: a duplicate or replayed request is bounded, not a second approval card (33.3306ms)
gateway-web	Run pnpm test	2026-10-07T03:18:24.1830871Z ✔ JOIN-502: a rejected request stays rejected, and re-asking after a rejection is refused (23.4399ms)
gateway-web	Run pnpm test	2026-10-07T03:18:24.1831690Z ✔ JOIN-502: an expired request cannot be approved back into life, and expiry does not need a request to happen (19.8083ms)
gateway-web	Run pnpm test	2026-10-07T03:18:24.1832430Z ✔ JOIN-502: the request list is BOUNDED, and a decision survives a City restart (42.5155ms)
gateway-web	Run pnpm test	2026-10-07T03:18:24.1833071Z ✔ JOIN-502: the state machine refuses what it cannot honour, instead of guessing (3.3053ms)
gateway-web	Run pnpm test	2026-10-07T03:18:24.1833801Z ✔ JOIN-502: an approval reaches OTHER surfaces as a canonical event, not only the owner that made it (27.8895ms)
gateway-web	Run pnpm test	2026-10-07T03:18:24.1834528Z ✔ JOIN-502: decisions are canonical events, and their payloads carry no secret (55.6252ms)
gateway-web	Run pnpm test	2026-10-07T03:18:24.1835187Z ✔ JOIN-502 discovery adapter: a discovered City is a candidate, never a credential (2.3919ms)
gateway-web	Run pnpm test	2026-10-07T03:18:24.1835944Z ✔ JOIN-502 discovery adapter: the same City advertised twice is ONE row, and the newest address wins (0.3138ms)
gateway-web	Run pnpm test	2026-10-07T03:18:24.1836804Z ✔ JOIN-502 discovery adapter: a stale or future-dated sighting is not offered, and an unidentified one is not merged (0.9971ms)
gateway-web	Run pnpm test	2026-10-07T03:18:24.1837632Z ✔ JOIN-502 discovery adapter: a row with no reachable endpoint is refused rather than offered (0.4262ms)
gateway-web	Run pnpm test	2026-10-07T03:18:24.1838407Z ✔ JOIN-502 discovery adapter: the probe fails SOFT - no probe, no fetch or a bad answer is an empty list (0.8015ms)
gateway-web	Run pnpm test	2026-10-07T03:18:24.1839263Z ✔ JOIN-502 gateway browse: mDNS records become RF-003 advertisements, and the contract still refuses to pair from them (1.473ms)
gateway-web	Run pnpm test	2026-10-07T03:18:24.1840364Z ✔ JOIN-502 gateway browse: the view carries the ADVERTISED address and withholds it once stale (0.2121ms)
gateway-web	Run pnpm test	2026-10-07T03:18:24.1841103Z ✔ JOIN-502 capability statement: a City states what it accepts instead of a client guessing (0.2921ms)
gateway-web	Run pnpm test	2026-10-07T03:18:24.1841807Z ✔ P1-P5 discovery, request, approval and exchange hold the workbook boundaries (108.9712ms)
gateway-web	Run pnpm test	2026-10-07T03:18:24.1842367Z     OBSERVED: /pairing/info bad-version -> 200; /pairing/session bad-version -> 409
gateway-web	Run pnpm test	2026-10-07T03:18:24.1842986Z ✔ P6 REGRESSION PROBE the version check on the legacy public pairing routes (25.8455ms)
gateway-web	Run pnpm test	2026-10-07T03:18:24.1843619Z ✔ the browse is reachable WITHOUT a credential, because a joining PC has none (2063.5053ms)
gateway-web	Run pnpm test	2026-10-07T03:18:24.1844320Z ✔ the DECISION routes stay authenticated: a public read must not widen into a public write (51.2161ms)
gateway-web	Run pnpm test	2026-10-07T03:18:24.1844966Z ✔ the version check still applies to the join routes that are public (22.5644ms)
gateway-web	Run pnpm test	2026-10-07T03:18:24.1845875Z ✔ JOIN-502 surface: a nearby City is offered without being trusted, and joining waits for an approval (6898.3999ms)
gateway-web	Run pnpm test	2026-10-07T03:18:24.1846813Z ✔ JOIN-502 surface: a refused browse still offers the fallbacks, and a rejected ask leaves the device untrusted (7233.4043ms)
gateway-web	Run pnpm test	2026-10-07T03:18:24.1847757Z ✔ JOIN-503 (1)(2): one join enrolls an installation, and a RESTART reconnects with nothing typed (155.2545ms)
gateway-web	Run pnpm test	2026-10-07T03:18:24.1848672Z ✔ JOIN-503 (3): an EXPIRED session is replaced by an internal re-auth, with no user-visible token prompt (46.0922ms)
gateway-web	Run pnpm test	2026-10-07T03:18:24.1850681Z ✔ JOIN-503 (4)(5): REVOKE denies reconnect, and a revoked installation cannot mint new membership (32.9206ms)
gateway-web	Run pnpm test	2026-10-07T03:18:24.1851506Z ✔ JOIN-503 (6): a REINSTALL mints new identities and is unbound until an explicit rebind (34.1439ms)
gateway-web	Run pnpm test	2026-10-07T03:18:24.1852434Z ✔ JOIN-503 (7): the secret-exposure sweep - no durable secret in the snapshot, events, records or a URL (29.4546ms)
gateway-web	Run pnpm test	2026-10-07T03:18:24.1853254Z ✔ JOIN-503: a broken or foreign device file is refused rather than half-used (3.4123ms)
gateway-web	Run pnpm test	2026-10-07T03:18:24.1854071Z ✔ JOIN-503 (8): the engineering manual fallback still exists and is not the default path (21.7937ms)
gateway-web	Run pnpm test	2026-10-07T03:18:24.1854951Z ✔ JOIN-503: an invite of either shape is understood, and junk is refused instead of guessed at (0.5609ms)
gateway-web	Run pnpm test	2026-10-07T03:18:24.1855917Z ✔ JOIN-503: enrollment events are emitted on a CLONE, which is the population-level half of detection (24.4609ms)
gateway-web	Run pnpm test	2026-10-07T03:18:24.1856739Z ✔ REVIEW JOIN-503 D-1/D-2: a session may act on ITSELF and on nothing else (127.4196ms)
gateway-web	Run pnpm test	2026-10-07T03:18:24.1857661Z ✔ D-1: an enrolled session may NOT revoke another installation, and the refusal really refuses (126.3013ms)
gateway-web	Run pnpm test	2026-10-07T03:18:24.1858529Z ✔ D-2: a session sees ONLY itself - not the roster, and not the City-wide clone scan (46.5195ms)
gateway-web	Run pnpm test	2026-10-07T03:18:24.1859312Z ✔ D-1/D-2: the owner keeps FULL authority, so the repair did not break the surface it protects (52.2722ms)
gateway-web	Run pnpm test	2026-10-07T03:18:24.1860040Z ✔ D-1/D-2: the two sibling guards the review compared against are still in place (41.3815ms)
gateway-web	Run pnpm test	2026-10-07T03:18:24.1860550Z ✔ Android approval enrolls a named member; durable reconnect survives City restart and self-revoke (2435.9566ms)
gateway-web	Run pnpm test	2026-10-07T03:18:24.1861253Z ✔ LINK: two independent Cities link over a pipe the main City dialled out, and a join completes across it (92.5878ms)
gateway-web	Run pnpm test	2026-10-07T03:18:24.1861915Z ✔ MESH-301 naming: a fresh machine joins as Alien-Win, and that name is persisted (0.6712ms)
gateway-web	Run pnpm test	2026-10-07T03:18:24.1862533Z ✔ MESH-301 naming: RENAMING changes the label and never the physical identity (0.1097ms)
gateway-web	Run pnpm test	2026-10-07T03:18:24.1863225Z ✔ MESH-301 naming: the persisted identity beats the default even with no arguments at all (0.0713ms)
gateway-web	Run pnpm test	2026-10-07T03:18:24.1863911Z ✔ MESH-301 naming: an explicit environment identity wins and is persisted (0.1178ms)
gateway-web	Run pnpm test	2026-10-07T03:18:24.1864557Z ✔ MESH-301 naming: --id wins, and the flag does NOT swallow the display name (0.0992ms)
gateway-web	Run pnpm test	2026-10-07T03:18:24.1865938Z ✔ MESH-301 naming: an unreadable identity store does not stop the node, and the default still applies (0.1285ms)
gateway-web	Run pnpm test	2026-10-07T03:18:24.1867063Z ✔ targeting: an absent or empty target means untargeted, never an error (0.6937ms)
gateway-web	Run pnpm test	2026-10-07T03:18:24.1867696Z ✔ targeting: a malformed target is a typed refusal, not a silently ignored field (0.1616ms)
gateway-web	Run pnpm test	2026-10-07T03:18:24.1868344Z ✔ targeting: the claim rule is total - untargeted always allowed, strict only for the named device (0.1291ms)
gateway-web	Run pnpm test	2026-10-07T03:18:24.1869030Z ✔ targeting: KNOWN, ONLINE and ELIGIBLE are three questions, and only the last one is claimable (0.2128ms)
gateway-web	Run pnpm test	2026-10-07T03:18:24.1869477Z ✔ targeting: a withheld task names the device it is held for and the device that asked (0.9663ms)
gateway-web	Run pnpm test	2026-10-07T03:18:24.1869844Z ✔ targeting: waiting means strict, unfinished and unclaimed (0.1188ms)
gateway-web	Run pnpm test	2026-10-07T03:18:24.1870266Z ✔ MESH-301 step 3: a strict target routes to one device, waits when that device is away, and never reroutes (1378.0529ms)
gateway-web	Run pnpm test	2026-10-07T03:18:24.1870835Z ✔ D-R1: a surface with two sockets is ONE surface, and only the last socket closing announces its departure (1181.0235ms)
gateway-web	Run pnpm test	2026-10-07T03:18:24.1871594Z ✔ D-R1: an ANONYMOUS surface is still recorded, and anonymous sockets do not silence each other (747.3339ms)
gateway-web	Run pnpm test	2026-10-07T03:18:24.1872175Z ✔ records mission events and finalizes a verified episode (451.464ms)
gateway-web	Run pnpm test	2026-10-07T03:18:24.1872633Z ✔ refuses same host for migration and verification (258.1816ms)
gateway-web	Run pnpm test	2026-10-07T03:18:24.1873290Z ✔ bounded canonical projection exposes active task, binding and exact event evidence without raw secrets (249.3631ms)
gateway-web	Run pnpm test	2026-10-07T03:18:24.1875198Z ✔ overflow and missing history remain visible; fresh snapshot reflects canonical state, not cached truth (159.5496ms)
gateway-web	Run pnpm test	2026-10-07T03:18:24.1875650Z ✔ slow/disconnected observation never gates real canonical task persistence (119.602ms)
gateway-web	Run pnpm test	2026-10-07T03:18:24.1876091Z ✔ real API claim/report projection follows persisted lifecycle and cannot execute commands (144.5714ms)
gateway-web	Run pnpm test	2026-10-07T03:18:24.1876583Z ✔ stalled HTTP monitor request and broken reader leave independent create/cancel requests working (136.2766ms)
gateway-web	Run pnpm test	2026-10-07T03:18:24.1877073Z ✔ invalid limits cannot create unbounded queries, single flight and unknown populations stay honest (103.2558ms)
gateway-web	Run pnpm test	2026-10-07T03:18:24.1877564Z ✔ deleted historical prefix and tail cannot be reported as complete history (123.7992ms)
gateway-web	Run pnpm test	2026-10-07T03:18:24.1878088Z ✔ Gateway shares outstanding observation and retains stale last view on later source failure (122.4026ms)
gateway-web	Run pnpm test	2026-10-07T03:18:24.1878524Z ✔ same LAN is direct, and it is chosen FIRST so the common case pays for nothing (1.688ms)
gateway-web	Run pnpm test	2026-10-07T03:18:24.1878963Z ✔ a peer that cannot be dialled uses the outbound relay when one exists - no account, no router change (0.1397ms)
gateway-web	Run pnpm test	2026-10-07T03:18:24.1879357Z ✔ an overlay the user ALREADY has beats asking them to create one (0.0772ms)
gateway-web	Run pnpm test	2026-10-07T03:18:24.1879740Z ✔ a forwarded port is offered WITH its cost, as an Owner decision rather than a silent choice (0.1319ms)
gateway-web	Run pnpm test	2026-10-07T03:18:24.1880197Z ✔ two PCs on different networks with no relay and no overlay get an HONEST none plus the Owner question (0.168ms)
gateway-web	Run pnpm test	2026-10-07T03:18:24.1880639Z ✔ a /24 mismatch is only used to prefer a direct attempt, never to claim reachability (0.1367ms)
gateway-web	Run pnpm test	2026-10-07T03:18:24.1880995Z ✔ loopback and Bluetooth are direct, with their reasons stated (0.1213ms)
gateway-web	Run pnpm test	2026-10-07T03:18:24.1881362Z ✔ the group plan reports the HARDEST peer as what the group requires, not the easiest (0.9013ms)
gateway-web	Run pnpm test	2026-10-07T03:18:24.1881798Z ✔ when every peer needs the Owner, the plan says so and lists them rather than offering a spinner (0.2153ms)
gateway-web	Run pnpm test	2026-10-07T03:18:24.1882162Z ✔ an empty group and junk input are answered, not thrown at (0.1924ms)
gateway-web	Run pnpm test	2026-10-07T03:18:24.1882512Z ✔ the preference list is exported so the order is reviewable rather than buried (0.1476ms)
gateway-web	Run pnpm test	2026-10-07T03:18:24.1882889Z ✔ real node executes file checkpoint task; cancelled task stays cancelled (1149.603ms)
gateway-web	Run pnpm test	2026-10-07T03:18:24.1883444Z ✔ custom City lockout never directs users to an unrelated Alien host; explicit renewal remains usable (112.201ms)
gateway-web	Run pnpm test	2026-10-07T03:18:24.1883867Z ✔ mDNS tries reachable advertised addresses instead of trusting lexical order (20.2285ms)
gateway-web	Run pnpm test	2026-10-07T03:18:24.1884242Z ✔ a multicast browse error is unavailable, not a successful empty search (0.4314ms)
gateway-web	Run pnpm test	2026-10-07T03:18:24.1884653Z ✔ Bluetooth scanning decodes the existing Android locator and reports unsupported hosts (0.5488ms)
gateway-web	Run pnpm test	2026-10-07T03:18:24.1885074Z ✔ Bluetooth discovery retains the default HTTP port and verifies the endpoint identity (0.3715ms)
gateway-web	Run pnpm test	2026-10-07T03:18:24.1885508Z ✔ N3: a pairing session offers a WEB link a second PC can open, without replacing the QR payload (19.5116ms)
gateway-web	Run pnpm test	2026-10-07T03:18:24.1886439Z ✔ N3: the session route hands the web link to the surface, so the page has something to show (82.0002ms)
gateway-web	Run pnpm test	2026-10-07T03:18:24.1886811Z ✔ N3: the pairing entry exists in BOTH states the page can be in (0.9801ms)
gateway-web	Run pnpm test	2026-10-07T03:18:24.1887430Z ✔ N3: the page can take a link from the address bar, and it asks before it connects (0.5641ms)
gateway-web	Run pnpm test	2026-10-07T03:18:24.1888023Z ✔ IDLE: no session exists until create() is called, and a read never changes that (1.0413ms)
gateway-web	Run pnpm test	2026-10-07T03:18:24.1888636Z ✔ generate once: exactly one ACTIVE session with the City payload kept verbatim (0.9473ms)
gateway-web	Run pnpm test	2026-10-07T03:18:24.1889286Z ✔ ACTIVE is FINAL against re-generation: a second create() cannot rotate the code (0.7313ms)
gateway-web	Run pnpm test	2026-10-07T03:18:24.1889827Z ✔ ordinary reads keep the SAME id, code and payload (0.2236ms)
gateway-web	Run pnpm test	2026-10-07T03:18:24.1891377Z ✔ CONSUMED: the City reporting a different canonical session ends ACTIVE as USED, not as a mystery (0.1688ms)
gateway-web	Run pnpm test	2026-10-07T03:18:24.1892071Z ✔ EXPIRED: the countdown tick ends the session, names it EXPIRED, and creates nothing (0.1224ms)
gateway-web	Run pnpm test	2026-10-07T03:18:24.1892681Z ✔ a second EXPLICIT generate after expiry produces a new, different session (0.1353ms)
gateway-web	Run pnpm test	2026-10-07T03:18:24.1893343Z ✔ a malformed session response creates nothing (a half-session is not rendered) (0.2382ms)
gateway-web	Run pnpm test	2026-10-07T03:18:24.1893966Z ✔ reload persistence: the SAME valid session is restored, with its original expiry (0.2837ms)
gateway-web	Run pnpm test	2026-10-07T03:18:24.1894402Z ✔ a stored session that expired while the page was away comes back EXPIRED, never as a new code (0.3002ms)
gateway-web	Run pnpm test	2026-10-07T03:18:24.1894899Z ✔ a corrupt or foreign storage record is dropped rather than half-rendered (0.2077ms)
gateway-web	Run pnpm test	2026-10-07T03:18:24.1895432Z ✔ an explicit user clear names its reason and still creates nothing (0.1067ms)
gateway-web	Run pnpm test	2026-10-07T03:18:24.1895808Z ✔ clearOnSessionChanged is a no-op while the City still reports our own session (0.1409ms)
gateway-web	Run pnpm test	2026-10-07T03:18:24.1896214Z ✔ when the City session vanished AND ours is past expiry, the reason reported is EXPIRED (0.1274ms)
gateway-web	Run pnpm test	2026-10-07T03:18:24.1896682Z ✔ a new session after a terminal state is a full fresh display, and generate stays offered only when idle (0.8785ms)
gateway-web	Run pnpm test	2026-10-07T03:18:24.1897123Z ✔ pairing input survives slow typing, refresh, navigation and a failed attempt (14836.6401ms)
gateway-web	Run pnpm test	2026-10-07T03:18:24.1897500Z ✔ a six digit code pairs to the City serving the disconnected page (3148.3412ms)
gateway-web	Run pnpm test	2026-10-07T03:18:24.1897891Z ✔ LAN search selects a peer and hands the code to its origin without a cross-origin POST (3177.1715ms)
gateway-web	Run pnpm test	2026-10-07T03:18:24.1898343Z ✔ BLE_BOOTSTRAP search selects a peer and hands the code to its origin without a cross-origin POST (4055.4984ms)
gateway-web	Run pnpm test	2026-10-07T03:18:24.1898747Z ✔ Bluetooth search is actionable and explains an unavailable radio (2406.9976ms)
gateway-web	Run pnpm test	2026-10-07T03:18:24.1899090Z ✔ a failed code handoff retains the target identity on retries (3783.6956ms)
gateway-web	Run pnpm test	2026-10-07T03:18:24.1899528Z ✔ JOIN-501 acceptance: no implicit generation, an ACTIVE code that cannot rotate, and both terminal states (16445.7629ms)
gateway-web	Run pnpm test	2026-10-07T03:18:24.1900190Z ✔ JOIN-501 real-endpoint receiver: a SECOND process (not the owner page) consumes the code the page shows (5977.8684ms)
gateway-web	Run pnpm test	2026-10-07T03:18:24.1900678Z ✔ JOIN-501 acceptance: expiry ends the display by itself, and the expiry path creates nothing (6538.8555ms)
gateway-web	Run pnpm test	2026-10-07T03:18:24.1901273Z ✔ JOIN-501: a fresh browser session starts with NO code, and a stored expired record is never exchanged (5374.5701ms)
gateway-web	Run pnpm test	2026-10-07T03:18:24.1901738Z ✔ short code preserves identity pinning, reports lockout, and never sends a code to the wrong City (92.1913ms)
gateway-web	Run pnpm test	2026-10-07T03:18:24.1902420Z ✔ code handoff carries only a selected City, six digits and the existing transport in a fragment (0.5625ms)
gateway-web	Run pnpm test	2026-10-07T03:18:24.1903171Z ✔ pairing sessions exchange once, expire and reject secret/code guesses without exposing credentials (145.1743ms)
gateway-web	Run pnpm test	2026-10-07T03:18:24.1904924Z ✔ descriptor validation rejects invalid input and conflicts, discovery TXT excludes secrets (0.9141ms)
gateway-web	Run pnpm test	2026-10-07T03:18:24.1905567Z ✔ T1: the Web shell is served from apps/web and cannot be escaped (77.2947ms)
gateway-web	Run pnpm test	2026-10-07T03:18:24.1906085Z ✔ T1: rooms are reported truthfully when the hub is up (27.8345ms)
gateway-web	Run pnpm test	2026-10-07T03:18:24.1906571Z ✔ T1: an unreachable Room Hub is a state, not an error (27.9019ms)
gateway-web	Run pnpm test	2026-10-07T03:18:24.1907071Z ✔ T2: a Room Action keeps the Room own truth and is idempotent (35.9483ms)
gateway-web	Run pnpm test	2026-10-07T03:18:24.1907625Z ✔ T2: a Capability Action carries the real invocation identity (57.3013ms)
gateway-web	Run pnpm test	2026-10-07T03:18:24.1908248Z ✔ T2: a City task is UNAVAILABLE with no node, and follows the real task when there is one (36.1253ms)
gateway-web	Run pnpm test	2026-10-07T03:18:24.1909570Z ✔ T3: Ask / Do routes deterministically, refuses to guess, and confirms side effects (277.1756ms)
gateway-web	Run pnpm test	2026-10-07T03:18:24.1910252Z ✔ scope: no BOSS or HNS route can be created, by any path (20.5742ms)
gateway-web	Run pnpm test	2026-10-07T03:18:24.1911695Z ✔ T1.1: health reflects real readiness instead of being a constant (35.8775ms)
gateway-web	Run pnpm test	2026-10-07T03:18:24.1912268Z ✔ T2: an idempotency key is bound to one request (25.5043ms)
gateway-web	Run pnpm test	2026-10-07T03:18:24.1912751Z ✔ T2: City task provenance follows the real task state (27.7476ms)
gateway-web	Run pnpm test	2026-10-07T03:18:24.1913395Z ✔ network: local beats LAN beats remote beats unknown, and latency only ever removes score (1.493ms)
gateway-web	Run pnpm test	2026-10-07T03:18:24.1914112Z ✔ capacity: missing telemetry is EXCLUDED, never defaulted to a middle value (0.2457ms)
gateway-web	Run pnpm test	2026-10-07T03:18:24.1914916Z ✔ role: a City already carrying devices outranks an identical empty one, and a known City outranks a stranger (0.1377ms)
gateway-web	Run pnpm test	2026-10-07T03:18:24.1915766Z ✔ recommendation: the best carrier wins on network + capacity together, not on either alone (0.3605ms)
gateway-web	Run pnpm test	2026-10-07T03:18:24.1916660Z ✔ recommendation: a candidate with NO telemetry falls back to network+role rather than scoring zero capacity (0.1664ms)
gateway-web	Run pnpm test	2026-10-07T03:18:24.1917469Z ✔ recommendation: an EMPTY list recommends nothing, and says why instead of throwing (0.4808ms)
gateway-web	Run pnpm test	2026-10-07T03:18:24.1918229Z ✔ recommendation: the order is DETERMINISTIC for equal scores, so the list cannot reshuffle between renders (6.5929ms)
gateway-web	Run pnpm test	2026-10-07T03:18:24.1918966Z ✔ recommendation: a single loopback City is recommended with the honest reason that it is the only one (0.1905ms)
gateway-web	Run pnpm test	2026-10-07T03:18:24.1919624Z ✔ weights are exported and the balance is visible rather than guessed (0.1932ms)
gateway-web	Run pnpm test	2026-10-07T03:18:24.1920224Z ✔ attachment: wired beats wireless for a CARRIER, and a metered link is halved (0.233ms)
gateway-web	Run pnpm test	2026-10-07T03:18:24.1920906Z ✔ group carrier: a City nobody else can reach is NOT the carrier, however powerful the machine (0.3514ms)
gateway-web	Run pnpm test	2026-10-07T03:18:24.1932027Z ✔ group carrier: when one City is reachable by every peer it wins, even against a higher-scoring partial one (0.1385ms)
gateway-web	Run pnpm test	2026-10-07T03:18:24.1932966Z ✔ group carrier: with no peer reachability reported, it says the ranking alone decided rather than implying a check (0.102ms)
gateway-web	Run pnpm test	2026-10-07T03:18:24.1933684Z ✔ group carrier: an empty topology answers honestly instead of throwing (0.0995ms)
gateway-web	Run pnpm test	2026-10-07T03:18:24.1934181Z ✔ the old inline implementation throws on empty output, which is the regression (1.7755ms)
gateway-web	Run pnpm test	2026-10-07T03:18:24.1934619Z ✔ empty output is read as "already gone", not as an unparseable error (0.4111ms)
gateway-web	Run pnpm test	2026-10-07T03:18:24.1935111Z ✔ "null" from ConvertTo-Json is also treated as already gone (0.0883ms)
gateway-web	Run pnpm test	2026-10-07T03:18:24.1935416Z ✔ a live, matching process verifies through CIM (0.1232ms)
gateway-web	Run pnpm test	2026-10-07T03:18:24.1935803Z ✔ a live process running something else is a FATAL mismatch, as it was before (0.0771ms)
gateway-web	Run pnpm test	2026-10-07T03:18:24.1936320Z ✔ a quoting-safe array result is handled as well as a single object (0.0871ms)
gateway-web	Run pnpm test	2026-10-07T03:18:24.1936769Z ✔ a missing CommandLine field is not mistaken for a match (0.1551ms)
gateway-web	Run pnpm test	2026-10-07T03:18:24.1937147Z ✔ when CIM is unusable, tasklist still catches a plainly wrong process (0.2252ms)
gateway-web	Run pnpm test	2026-10-07T03:18:24.1937506Z ✔ tasklist reporting no match is already-gone rather than unavailable (0.1629ms)
gateway-web	Run pnpm test	2026-10-07T03:18:24.1937877Z ✔ both probes failing is unavailable and aborts before stopping any process (0.2277ms)
gateway-web	Run pnpm test	2026-10-07T03:18:24.1938323Z ✔ unparseable-but-non-empty CIM output falls through to the weaker probe instead of claiming absence (0.113ms)
gateway-web	Run pnpm test	2026-10-07T03:18:24.1938694Z ✔ a UTF-8 BOM on the output does not break parsing (0.0995ms)
gateway-web	Run pnpm test	2026-10-07T03:18:24.1938984Z ✔ every returned status is one of the declared statuses (0.1767ms)
gateway-web	Run pnpm test	2026-10-07T03:18:24.1939293Z ✔ a non-numeric PID is fatal and never reaches a command line (0.0866ms)
gateway-web	Run pnpm test	2026-10-07T03:18:24.1939628Z ✔ the CIM and tasklist filters refuse a non-numeric PID outright (0.1355ms)
gateway-web	Run pnpm test	2026-10-07T03:18:24.1939957Z ✔ only positively verified identity permits stopping a PID (0.1201ms)
gateway-web	Run pnpm test	2026-10-07T03:18:24.1940286Z ✔ runner stops file side effects when gateway has made task terminal (0.6649ms)
gateway-web	Run pnpm test	2026-10-07T03:18:24.1940729Z ✔ runner returns failed report for retry when transport is unavailable (0.2367ms)
gateway-web	Run pnpm test	2026-10-07T03:18:24.1941258Z ✔ S1: a peer that cannot be dialled registers over an OUTBOUND socket, and the City names its ref (70.3774ms)
gateway-web	Run pnpm test	2026-10-07T03:18:24.1941968Z ✔ S1: admission reuses the City’s OWN credentials - a session ref comes from the registry, and a bad one is refused (52.3027ms)
gateway-web	Run pnpm test	2026-10-07T03:18:24.1942644Z ✔ S3: a real join completes over the pipe - the CITY runs the payload, the owner approves, the claim is spent once (42.4917ms)
gateway-web	Run pnpm test	2026-10-07T03:18:24.1943330Z ✔ S3: without approval the pipe grants nothing - the City is not joined just because a path exists (17.6802ms)
gateway-web	Run pnpm test	2026-10-07T03:18:24.1943946Z ✔ S2/S3: the relay refuses to be an open proxy - no path outside the list, and no widening by method (45.7285ms)
gateway-web	Run pnpm test	2026-10-07T03:18:24.1944686Z ✔ S3: a City refusal travels back as its OWN status, so the surface can say why instead of "unreachable" (14.3981ms)
gateway-web	Run pnpm test	2026-10-07T03:18:24.1945418Z ✔ S2: the dialling peer also SERVES the City - a payload the City PUSHES runs on the City it was dialled to (21.3148ms)
gateway-web	Run pnpm test	2026-10-07T03:18:24.1946136Z ✔ N2: the whole cross-network join runs over the pipe - capability, ask, decision, credential (78.36ms)
gateway-web	Run pnpm test	2026-10-07T03:18:24.1946748Z ✔ N2: a rejection is reported AS a rejection and never retried; the flow stops there (77.5343ms)
gateway-web	Run pnpm test	2026-10-07T03:18:24.1947325Z ✔ N2: a pipe that answers for ANOTHER City is refused before an ask is created (21.5006ms)
gateway-web	Run pnpm test	2026-10-07T03:18:24.1947976Z ✔ N2: the reach decision sends the same link to navigation and the far network to the pipe (0.4173ms)
gateway-web	Run pnpm test	2026-10-07T03:18:24.1949075Z ✔ S1: a pipe that never stops is rate-limited, and the version check still applies to the handshake (51.9412ms)
gateway-web	Run pnpm test	2026-10-07T03:18:24.1949789Z ✔ an admitted peer registers and is listed; a refused one is refused WITH a reason (2.7648ms)
gateway-web	Run pnpm test	2026-10-07T03:18:24.1950382Z ✔ a forwarded request reaches the peer and its answer comes back to the caller (0.4039ms)
gateway-web	Run pnpm test	2026-10-07T03:18:24.1950987Z ✔ forwarding to a peer that is not connected is a typed 404, not a hang (0.1082ms)
gateway-web	Run pnpm test	2026-10-07T03:18:24.1951578Z ✔ a peer that never answers produces a TIMEOUT rather than an unbounded wait (52.5053ms)
gateway-web	Run pnpm test	2026-10-07T03:18:24.1952089Z ✔ the in-flight cap is a REFUSAL, not a queue (0.5046ms)
gateway-web	Run pnpm test	2026-10-07T03:18:24.1952678Z ✔ an answer nobody is waiting for is dropped, and an answer from the WRONG peer is not accepted (0.4286ms)
gateway-web	Run pnpm test	2026-10-07T03:18:24.1953465Z ✔ a peer answering with an error rejects the caller with that error, typed (0.2576ms)
gateway-web	Run pnpm test	2026-10-07T03:18:24.1954071Z ✔ a re-dial REPLACES the old connection for that peer rather than leaving two live pipes (0.1622ms)
gateway-web	Run pnpm test	2026-10-07T03:18:24.1954695Z ✔ the peer cap and close() are both refusals rather than silent behaviour (0.3275ms)
gateway-web	Run pnpm test	2026-10-07T03:18:24.1955237Z ✔ a write that throws fails THAT request instead of corrupting the hub (0.2394ms)
gateway-web	Run pnpm test	2026-10-07T03:18:24.1955779Z ✔ a bootstrap payload is a pointer to the pairing path, never trust (2.524ms)
gateway-web	Run pnpm test	2026-10-07T03:18:24.1956260Z ✔ a MAC address is never consulted for a decision (0.242ms)
gateway-web	Run pnpm test	2026-10-07T03:18:24.1956742Z ✔ an expired or replayed bootstrap is refused without partial state (0.2792ms)
gateway-web	Run pnpm test	2026-10-07T03:18:24.1957294Z ✔ the IP handoff requires trust and re-verifies the fingerprint on the new path (0.438ms)
gateway-web	Run pnpm test	2026-10-07T03:18:24.1957792Z ✔ scanning is bounded and payloads are strict (0.6244ms)
gateway-web	Run pnpm test	2026-10-07T03:18:24.1958219Z ✔ a bootstrap window is bounded and a junk clock is a refusal (0.3265ms)
gateway-web	Run pnpm test	2026-10-07T03:18:24.1958646Z ✔ an expired bootstrap cannot be handed off (0.1831ms)
gateway-web	Run pnpm test	2026-10-07T03:18:24.1959116Z ✔ a payload must carry a real nonce, real candidates and its own fields (0.765ms)
gateway-web	Run pnpm test	2026-10-07T03:18:24.1959627Z ✔ a bootstrap payload is strict, and replay protection is auditable (0.3789ms)
gateway-web	Run pnpm test	2026-10-07T03:18:24.1960263Z ✔ two heterogeneous devices advertise different implementations of one logical capability (3.188ms)
gateway-web	Run pnpm test	2026-10-07T03:18:24.1960902Z ✔ callers resolve a compatible version without knowing the device class (1.9044ms)
gateway-web	Run pnpm test	2026-10-07T03:18:24.1961665Z ✔ an unsupported version fails explicitly instead of being coerced (0.4866ms)
gateway-web	Run pnpm test	2026-10-07T03:18:24.1962225Z ✔ capability loss invalidates new invocations and stays visible in state (0.6601ms)
gateway-web	Run pnpm test	2026-10-07T03:18:24.1962878Z ✔ exclusive/shared/background and live/queue metadata survive serialization and versioning (0.8947ms)
gateway-web	Run pnpm test	2026-10-07T03:18:24.1963532Z ✔ an advertised capability is availability metadata, never permission (0.6054ms)
gateway-web	Run pnpm test	2026-10-07T03:18:24.1964061Z ✔ the registry is strict, frozen and free of ambient state (0.4869ms)
gateway-web	Run pnpm test	2026-10-07T03:18:24.1964609Z ✔ canonical execution metadata is decided by own keys, not the prototype chain (0.2693ms)
gateway-web	Run pnpm test	2026-10-07T03:18:24.1965216Z ✔ a malformed or impossible caller instant is refused as a typed error (0.5419ms)
gateway-web	Run pnpm test	2026-10-07T03:18:24.1965798Z ✔ an expired advertisement cannot be invoked by naming an earlier instant (0.2806ms)
gateway-web	Run pnpm test	2026-10-07T03:18:24.1966337Z ✔ a refused wire payload leaves the registry untouched (0.1957ms)
gateway-web	Run pnpm test	2026-10-07T03:18:24.1966902Z ✔ a wire snapshot may not replace newer state or silently clear a recorded loss (0.3883ms)
gateway-web	Run pnpm test	2026-10-07T03:18:24.1967499Z ✔ the wire path enforces the same validation as direct advertisement (0.542ms)
gateway-web	Run pnpm test	2026-10-07T03:18:24.1968056Z ✔ a capability id whose major is not a safe integer is not addressable (0.133ms)
gateway-web	Run pnpm test	2026-10-07T03:18:24.1968603Z ✔ a declared canonical execution field is never silently downgraded (0.2052ms)
gateway-web	Run pnpm test	2026-10-07T03:18:24.1969928Z ✔ the advertisement TTL ceiling cannot be lifted by the caller (0.3133ms)
gateway-web	Run pnpm test	2026-10-07T03:18:24.1970532Z ✔ the advertisements() surface is frozen like every other descriptor surface (0.186ms)
gateway-web	Run pnpm test	2026-10-07T03:18:24.1971144Z ✔ the public surface is frozen and a mock or real adapter satisfies it unchanged (3.1309ms)
gateway-web	Run pnpm test	2026-10-07T03:18:24.1971727Z ✔ policy denial stays a denial even on a perfect authenticated session (1.2306ms)
gateway-web	Run pnpm test	2026-10-07T03:18:24.1972264Z ✔ an advertised capability without effective permission cannot execute (0.2841ms)
gateway-web	Run pnpm test	2026-10-07T03:18:24.1972914Z ✔ foreground-sensitive resources are enforced locally without Fabric deciding ownership (0.4514ms)
gateway-web	Run pnpm test	2026-10-07T03:18:24.1973588Z ✔ Fabric holds no task graph, no assistant state and no competing identity namespace (0.5926ms)
gateway-web	Run pnpm test	2026-10-07T03:18:24.1974169Z ✔ integration seams are recorded without importing a sibling branch (0.5676ms)
gateway-web	Run pnpm test	2026-10-07T03:18:24.1974791Z ✔ the resource class and the local confirmation requirement cannot be dodged by the request (0.394ms)
gateway-web	Run pnpm test	2026-10-07T03:18:24.1975543Z ✔ a session authorizes only the device it was opened for (0.2841ms)
gateway-web	Run pnpm test	2026-10-07T03:18:24.1976039Z ✔ the adapter cannot hand back a colliding or unauthenticated session (0.2119ms)
gateway-web	Run pnpm test	2026-10-07T03:18:24.1976576Z ✔ a Fabric with no policy port refuses rather than granting every axis (0.2398ms)
gateway-web	Run pnpm test	2026-10-07T03:18:24.1977209Z ✔ revocation reports the presence it can actually observe and releases the foreground claim (0.2608ms)
gateway-web	Run pnpm test	2026-10-07T03:18:24.1977787Z ✔ a failed transport invoke leaves no foreground claim behind (0.2434ms)
gateway-web	Run pnpm test	2026-10-07T03:18:24.1978234Z ✔ subscription and stream inputs are bounded (0.2676ms)
gateway-web	Run pnpm test	2026-10-07T03:18:24.1978648Z ✔ a malformed caller instant is refused as a typed error (0.328ms)
gateway-web	Run pnpm test	2026-10-07T03:18:24.1979177Z ✔ the foreground policy config and the adapter port are validated rather than trusted (0.3088ms)
gateway-web	Run pnpm test	2026-10-07T03:18:24.1979679Z ✔ a stream runs the same gates as an invocation (0.3269ms)
gateway-web	Run pnpm test	2026-10-07T03:18:24.1980141Z ✔ an exclusive foreground resource needs the action that owns it (0.147ms)
gateway-web	Run pnpm test	2026-10-07T03:18:24.1980646Z ✔ the adapter interface and its failures are typed (0.2562ms)
gateway-web	Run pnpm test	2026-10-07T03:18:24.1981098Z ✔ a cyclic policy config cannot crash the freezer (0.1094ms)
gateway-web	Run pnpm test	2026-10-07T03:18:24.1981623Z ✔ the advertised capability version is normalized before it is compared (0.1596ms)
gateway-web	Run pnpm test	2026-10-07T03:18:24.1982191Z ✔ the emitted denial reason is part of the exported vocabulary (0.0587ms)
gateway-web	Run pnpm test	2026-10-07T03:18:24.1982657Z ✔ a calendar-impossible instant is refused (0.1097ms)
gateway-web	Run pnpm test	2026-10-07T03:18:24.1983446Z ✔ one invite renders as code, deep link, web link and QR payload without creating trust records (2.4367ms)
gateway-web	Run pnpm test	2026-10-07T03:18:24.1984165Z ✔ expired, cancelled and already-used invites fail with one indistinguishable generic error (1.1525ms)
gateway-web	Run pnpm test	2026-10-07T03:18:24.1984765Z ✔ guessing is rate-limited and never reveals whether a device exists (0.49ms)
gateway-web	Run pnpm test	2026-10-07T03:18:24.1985405Z ✔ entering an invite reaches pairing preview but cannot invoke capabilities before confirmation (0.413ms)
gateway-web	Run pnpm test	2026-10-07T03:18:24.1986077Z ✔ an invite is a one-time rendezvous, and after trust it can no longer reconnect anything (0.985ms)
gateway-web	Run pnpm test	2026-10-07T03:18:24.1986664Z ✔ the rendezvous service stays independent of the eventual data path (0.8203ms)
gateway-web	Run pnpm test	2026-10-07T03:18:24.1987166Z ✔ invite policy values are bounded, so a locator cannot be eternal (0.3223ms)
gateway-web	Run pnpm test	2026-10-07T03:18:24.1987606Z ✔ a hostile link is a bad link, never a crash (0.1574ms)
gateway-web	Run pnpm test	2026-10-07T03:18:24.1988109Z ✔ a consumed invite keeps its outcome, and an impossible instant is typed (0.2721ms)
gateway-web	Run pnpm test	2026-10-07T03:18:24.1989384Z ✔ enumeration is throttled even without a client reference, and an unparseable instant is refused (0.5945ms)
gateway-web	Run pnpm test	2026-10-07T03:18:24.1990118Z ✔ an adapter discovers a peer on the LAN without manual address entry (4.019ms)
gateway-web	Run pnpm test	2026-10-07T03:18:24.1990676Z ✔ wired and Wi-Fi sightings normalize to the same device abstraction (0.5564ms)
gateway-web	Run pnpm test	2026-10-07T03:18:24.1991276Z ✔ duplicate and stale advertisements never create duplicate logical devices (13.2809ms)
gateway-web	Run pnpm test	2026-10-07T03:18:24.1991987Z ✔ an untrusted candidate cannot invoke anything (0.4283ms)
gateway-web	Run pnpm test	2026-10-07T03:18:24.1992521Z ✔ only a trusted node with the right fingerprint upgrades to an encrypted direct path (0.8979ms)
gateway-web	Run pnpm test	2026-10-07T03:18:24.1993209Z ✔ a local network change re-resolves addresses without changing logical identity (1.9138ms)
gateway-web	Run pnpm test	2026-10-07T03:18:24.1993750Z ✔ discovery and fallback scanning stay bounded (3.5729ms)
gateway-web	Run pnpm test	2026-10-07T03:18:24.1994263Z ✔ advertisements are strict, and metadata is never a required identity (0.8922ms)
gateway-web	Run pnpm test	2026-10-07T03:18:24.1994883Z ✔ freshness is a two-sided bound: a replayed future sighting is never current (0.4899ms)
gateway-web	Run pnpm test	2026-10-07T03:18:24.1995457Z ✔ an impossible calendar instant is refused, not read as "not stale" (0.3295ms)
gateway-web	Run pnpm test	2026-10-07T03:18:24.1996028Z ✔ an advertisement must carry its fields as own properties on a bare object (0.3673ms)
gateway-web	Run pnpm test	2026-10-07T03:18:24.1996531Z ✔ the per-round advertisement cap is two-sided (3.8266ms)
gateway-web	Run pnpm test	2026-10-07T03:18:24.1997048Z ✔ two different unidentified devices never collapse on a display name (1.1682ms)
gateway-web	Run pnpm test	2026-10-07T03:18:24.1997531Z ✔ one address has exactly one canonical spelling (0.3388ms)
gateway-web	Run pnpm test	2026-10-07T03:18:24.1998043Z ✔ a stale freshness snapshot is never re-emitted as a current verdict (0.4005ms)
gateway-web	Run pnpm test	2026-10-07T03:18:24.1998582Z ✔ logical identity preservation is computed, not asserted (0.2845ms)
gateway-web	Run pnpm test	2026-10-07T03:18:24.1999194Z ✔ native and browser invites retain the target address rather than falling back to this host (7.5955ms)
gateway-web	Run pnpm test	2026-10-07T03:18:24.2000084Z ✔ remote reconnect stays on the recorded origin and rejects a different City response (3.0423ms)
gateway-web	Run pnpm test	2026-10-07T03:18:24.2000789Z ✔ callers use one Fabric surface while the transport implementation is swapped underneath (6.872ms)
gateway-web	Run pnpm test	2026-10-07T03:18:24.2001466Z ✔ path selection prefers a usable direct route and falls back to relay honestly (1.0452ms)
gateway-web	Run pnpm test	2026-10-07T03:18:24.2002083Z ✔ an unauthenticated or unencrypted path is never adopted, not even on the LAN (0.7005ms)
gateway-web	Run pnpm test	2026-10-07T03:18:24.2002685Z ✔ a relay forwards opaque payloads and can never authorize a peer (1.9859ms)
gateway-web	Run pnpm test	2026-10-07T03:18:24.2003250Z ✔ path loss migrates without a new logical device or a duplicated command (1.0945ms)
gateway-web	Run pnpm test	2026-10-07T03:18:24.2003841Z ✔ one exclusive action can never end up with two authoritative sessions (0.5535ms)
gateway-web	Run pnpm test	2026-10-07T03:18:24.2004364Z ✔ path metadata is bounded, secret-free and frozen (0.919ms)
gateway-web	Run pnpm test	2026-10-07T03:18:24.2004820Z ✔ a caller-supplied instant is validated on every path (0.5745ms)
gateway-web	Run pnpm test	2026-10-07T03:18:24.2005371Z ✔ the preference list may narrow the canonical order but never promote relay (0.5395ms)
gateway-web	Run pnpm test	2026-10-07T03:18:24.2005897Z ✔ a path descriptor reports what the adapter measured (0.464ms)
gateway-web	Run pnpm test	2026-10-07T03:18:24.2006399Z ✔ a transport fault during send is typed and records no command (0.3748ms)
gateway-web	Run pnpm test	2026-10-07T03:18:24.2006919Z ✔ the secret scan sees hidden own keys and survives a cycle (1.0865ms)
gateway-web	Run pnpm test	2026-10-07T03:18:24.2007459Z ✔ presence is honest, distinct and never collapses into ONLINE or FAILED (4.351ms)
gateway-web	Run pnpm test	2026-10-07T03:18:24.2008008Z ✔ a silent node becomes UNREACHABLE rather than ONLINE or FAILED (2.9701ms)
gateway-web	Run pnpm test	2026-10-07T03:18:24.2008505Z ✔ queueable work expires and live-only actions never run late (1.393ms)
gateway-web	Run pnpm test	2026-10-07T03:18:24.2009002Z ✔ an unknown transport outcome stays UNKNOWN until it is reconciled (0.8407ms)
gateway-web	Run pnpm test	2026-10-07T03:18:24.2011391Z ✔ reconnect revalidates identity, trust, capability, presence and authority before resuming (1.593ms)
gateway-web	Run pnpm test	2026-10-07T03:18:24.2012092Z ✔ a stale replay after reconnect cannot duplicate a completed side effect (0.9034ms)
gateway-web	Run pnpm test	2026-10-07T03:18:24.2012745Z ✔ the audit log carries causal identifiers and no secrets, and state is isolated (1.2138ms)
gateway-web	Run pnpm test	2026-10-07T03:18:24.2013355Z ✔ the audit sequence stays monotonic and retention is reported honestly (0.3992ms)
gateway-web	Run pnpm test	2026-10-07T03:18:24.2013887Z ✔ the audit secret-freedom claim is checked, not asserted (0.5086ms)
gateway-web	Run pnpm test	2026-10-07T03:18:24.2014390Z ✔ a malformed caller instant is refused as a typed error (0.9269ms)
gateway-web	Run pnpm test	2026-10-07T03:18:24.2015044Z ✔ an observation instant may not lie in the future (0.2897ms)
gateway-web	Run pnpm test	2026-10-07T03:18:24.2015506Z ✔ a backdated instant cannot make a silent node reachable (0.3298ms)
gateway-web	Run pnpm test	2026-10-07T03:18:24.2015990Z ✔ a backdated instant cannot revive an expired queued action (0.2389ms)
gateway-web	Run pnpm test	2026-10-07T03:18:24.2016472Z ✔ a replayed enqueue cannot clear an unknown outcome (0.7429ms)
gateway-web	Run pnpm test	2026-10-07T03:18:24.2016911Z ✔ a settled outcome is never regressed to UNKNOWN (0.254ms)
gateway-web	Run pnpm test	2026-10-07T03:18:24.2017421Z ✔ identifiers are text, so a cyclic object cannot reach the freezer (0.3893ms)
gateway-web	Run pnpm test	2026-10-07T03:18:24.2017923Z ✔ the presence policy is a bound, so it is validated (0.3045ms)
gateway-web	Run pnpm test	2026-10-07T03:18:24.2018408Z ✔ an impossible queue deadline is refused rather than never expiring (0.2321ms)
gateway-web	Run pnpm test	2026-10-07T03:18:24.2019002Z ✔ a duplicate check needs a subject and does not match one it was not given (0.1857ms)
gateway-web	Run pnpm test	2026-10-07T03:18:24.2019497Z ✔ a refusal that protects new work is audited (0.1353ms)
gateway-web	Run pnpm test	2026-10-07T03:18:24.2019924Z ✔ refreshed reconnect state is a plain record (0.1645ms)
gateway-web	Run pnpm test	2026-10-07T03:18:24.2020437Z ✔ an effect confirmed without an in-flight command still suppresses its replay (0.2107ms)
gateway-web	Run pnpm test	2026-10-07T03:18:24.2021028Z ✔ a presence record may not be rebound to another logical identity (0.19ms)
gateway-web	Run pnpm test	2026-10-07T03:18:24.2021537Z ✔ a live action cannot be downgraded by a non-boolean flag (0.2319ms)
gateway-web	Run pnpm test	2026-10-07T03:18:24.2022021Z ✔ a measurement is validated before any state changes (0.1926ms)
gateway-web	Run pnpm test	2026-10-07T03:18:24.2022623Z ✔ RPC, EVENT and STREAM are separate versioned envelopes with opaque domain payloads (3.2466ms)
gateway-web	Run pnpm test	2026-10-07T03:18:24.2023563Z ✔ a retried idempotent command does not repeat the effect, and a new command id is a new action (1.4651ms)
gateway-web	Run pnpm test	2026-10-07T03:18:24.2024353Z ✔ delivery, acceptance, running and completion are observably distinct, and ack is never success (0.4245ms)
gateway-web	Run pnpm test	2026-10-07T03:18:24.2025035Z ✔ a deadline stops a stale interactive command from executing later (0.4428ms)
gateway-web	Run pnpm test	2026-10-07T03:18:24.2025696Z ✔ event subscriptions reconnect and replay with ordering, causation and gap reporting (0.9642ms)
gateway-web	Run pnpm test	2026-10-07T03:18:24.2026335Z ✔ stream lifecycle, backpressure and cancellation are independent of RPC (1.0799ms)
gateway-web	Run pnpm test	2026-10-07T03:18:24.2026929Z ✔ the data plane is strict, frozen, and keeps task truth outside the transport session (0.6998ms)
gateway-web	Run pnpm test	2026-10-07T03:18:24.2027496Z ✔ canonical envelopes are decided by own keys on a plain record (0.283ms)
gateway-web	Run pnpm test	2026-10-07T03:18:24.2028042Z ✔ reference fields are text, so a cyclic object cannot reach the freezer (0.3103ms)
gateway-web	Run pnpm test	2026-10-07T03:18:24.2028745Z ✔ an object-valued action reference cannot turn a retry into a different action (0.3494ms)
gateway-web	Run pnpm test	2026-10-07T03:18:24.2030793Z ✔ a malformed caller instant is refused as a typed error (0.5811ms)
gateway-web	Run pnpm test	2026-10-07T03:18:24.2031342Z ✔ a deadline is judged at the registry clock and bounded by policy (0.5466ms)
gateway-web	Run pnpm test	2026-10-07T03:18:24.2031970Z ✔ a sweep cannot expire a command before its deadline by naming a later instant (0.2501ms)
gateway-web	Run pnpm test	2026-10-07T03:18:24.2032633Z ✔ a contiguous replay never reports a phantom gap, and its resume point is validated (0.3154ms)
gateway-web	Run pnpm test	2026-10-07T03:18:24.2033236Z ✔ an execution result must be terminal and must carry a real result reference (0.38ms)
gateway-web	Run pnpm test	2026-10-07T03:18:24.2033779Z ✔ a retry may only replay the result its own command produced (0.2393ms)
gateway-web	Run pnpm test	2026-10-07T03:18:24.2034304Z ✔ a reused command id may not silently change the subject it addresses (0.2986ms)
gateway-web	Run pnpm test	2026-10-07T03:18:24.2034865Z ✔ stream accounting cannot run backwards or exceed the configured window (0.3212ms)
gateway-web	Run pnpm test	2026-10-07T03:18:24.2035385Z ✔ a replayed setup envelope cannot clobber live state (0.3375ms)
gateway-web	Run pnpm test	2026-10-07T03:18:24.2035951Z ✔ data and control paths declare their arguments instead of swallowing envelope tags (0.2302ms)
gateway-web	Run pnpm test	2026-10-07T03:18:24.2036703Z ✔ Alien independently constructs all workbook negative cases and restart seed consistency (228.4989ms)
gateway-web	Run pnpm test	2026-10-07T03:18:24.2037422Z ✔ a manifest with only a movable branch must not pass exact software provenance validation (136.743ms)
gateway-web	Run pnpm test	2026-10-07T03:18:24.2038232Z ✔ two equal host references are one physical host, not a TWO_HOST_MESH (107.7671ms)
gateway-web	Run pnpm test	2026-10-07T03:18:24.2038939Z ✔ an experiment can be listed, validated, registered, inspected, seeded — without ever being run (102.3904ms)
gateway-web	Run pnpm test	2026-10-07T03:18:24.2039747Z ✔ the research routes require the control credential: a worker cannot certify the experiment it runs (20.5636ms)
gateway-web	Run pnpm test	2026-10-07T03:18:24.2040547Z ✔ an invalid manifest is refused with every issue at once, and the rejection is stored as evidence (21.9476ms)
gateway-web	Run pnpm test	2026-10-07T03:18:24.2041323Z ✔ manifests survive a gateway restart, and a broken file is reported instead of silently dropped (33.5423ms)
gateway-web	Run pnpm test	2026-10-07T03:18:24.2041990Z ✔ the registry itself refuses task-domain keys and never offers an update (2.0448ms)
gateway-web	Run pnpm test	2026-10-07T03:18:24.2042621Z ✔ CEX790 Web reports validated but unfiled registration and degraded store (2525.3372ms)
gateway-web	Run pnpm test	2026-10-07T03:18:24.2043378Z ✔ Web Research discovers imports validates registers and inspects canonical experiments without running (8611.806ms)
gateway-web	Run pnpm test	2026-10-07T03:18:24.2044107Z ✔ a failed list refresh cannot hide a successful canonical registration (3870.2556ms)
gateway-web	Run pnpm test	2026-10-07T03:18:24.2044812Z ✔ REX801 store guard: a file where research (the registry parent) belongs cannot stop the City (1500.5361ms)
gateway-web	Run pnpm test	2026-10-07T03:18:24.2045609Z ✔ REX801 store guard: a file where research/experiments (the registry itself) belongs cannot stop the City (301.6532ms)
gateway-web	Run pnpm test	2026-10-07T03:18:24.2046371Z ✔ REX802 a delayed response cannot remove offline guidance or replace another page (2760.1327ms)
gateway-web	Run pnpm test	2026-10-07T03:18:24.2047006Z Error: CONTROLLED_COMMIT_FAILURE
gateway-web	Run pnpm test	2026-10-07T03:18:24.2047336Z     at file:///D:/a/utopia/utopia/tests/rex802-gateway.test.mjs:4:360
gateway-web	Run pnpm test	2026-10-07T03:18:24.2047785Z     at Store.atomic (file:///D:/a/utopia/utopia/services/dev-gateway/store.mjs:106:62)
gateway-web	Run pnpm test	2026-10-07T03:18:24.2048287Z     at app.store.atomic (file:///D:/a/utopia/utopia/tests/rex802-gateway.test.mjs:4:337)
gateway-web	Run pnpm test	2026-10-07T03:18:24.2048834Z     at atomicWithTrace (file:///D:/a/utopia/utopia/services/dev-gateway/server.mjs:194:93)
gateway-web	Run pnpm test	2026-10-07T03:18:24.2049939Z     at createCityTask (file:///D:/a/utopia/utopia/services/dev-gateway/server.mjs:469:12)
gateway-web	Run pnpm test	2026-10-07T03:18:24.2050560Z     at Server.<anonymous> (file:///D:/a/utopia/utopia/services/dev-gateway/server.mjs:1025:13)
gateway-web	Run pnpm test	2026-10-07T03:18:24.2051101Z     at process.processTicksAndRejections (node:internal/process/task_queues:104:5)
gateway-web	Run pnpm test	2026-10-07T03:18:24.2051712Z ✔ REX802 rolled-back canonical events never enter the trace (28.1931ms)
gateway-web	Run pnpm test	2026-10-07T03:18:24.2052286Z ✔ REX802 member Web surface exposes explicit owner-required guidance (2128.7177ms)
gateway-web	Run pnpm test	2026-10-07T03:18:24.2052938Z ✔ REX802 records only supplied resource samples, preserves zero and declared source time (21.9109ms)
gateway-web	Run pnpm test	2026-10-07T03:18:24.2053731Z ✔ REX802 real Gateway records task references and Web Advanced exposes recording/provenance without secrets (2351.5825ms)
gateway-web	Run pnpm test	2026-10-07T03:18:24.2054540Z ✔ REX802 failing collector cannot break real Gateway task/health and reports partial failure (43.6923ms)
gateway-web	Run pnpm test	2026-10-07T03:18:24.2055262Z ✔ REX802 external resource clocks cannot change canonical sequence time ordering (3.9068ms)
gateway-web	Run pnpm test	2026-10-07T03:18:24.2055848Z ✔ REX802 broken observation clock remains a contained failure (0.3852ms)
gateway-web	Run pnpm test	2026-10-07T03:18:24.2056413Z ✔ REX802 rejects an oversized existing file before rotating or modifying it (6.9005ms)
gateway-web	Run pnpm test	2026-10-07T03:18:24.2057074Z ✔ REX802 rotation remains explicit after restart and restores bounded previous records (13.4898ms)
gateway-web	Run pnpm test	2026-10-07T03:18:24.2057843Z ✔ REX802 pure normalization binds clocks/provenance and retains unknown metrics (0.9296ms)
gateway-web	Run pnpm test	2026-10-07T03:18:24.2058629Z ✔ REX802 canonical tap drops arbitrary payload and credentials; explicit measured zero remains zero (0.2576ms)
gateway-web	Run pnpm test	2026-10-07T03:18:24.2059339Z ✔ REX802 recognizes missing, duplicate, reordered and stale timestamp observations (0.2214ms)
gateway-web	Run pnpm test	2026-10-07T03:18:24.2060017Z ✔ REX802 storage raw-to-normalized replay is reproducible and restart starts new epoch (3.7283ms)
gateway-web	Run pnpm test	2026-10-07T03:18:24.2064298Z ✔ REX802 collector failures and queue bounds are explicit without throwing into callers (1.1957ms)
gateway-web	Run pnpm test	2026-10-07T03:18:24.2065254Z ✔ REX802 hung storage is bounded; queue drop and close do not block indefinitely (51.3408ms)
gateway-web	Run pnpm test	2026-10-07T03:18:24.2065863Z ✔ REX802 early capture waits for restored watermark before normalization (3.9591ms)
gateway-web	Run pnpm test	2026-10-07T03:18:24.2066571Z ✔ REX802 supports rule lifecycle, supervision quality and semantic integration without invented defaults (0.698ms)
gateway-web	Run pnpm test	2026-10-07T03:18:24.2067404Z ✔ REX803 adversarial R-1: a blocked receipt store degrades the campaign surface instead of failing it (138.8666ms)
gateway-web	Run pnpm test	2026-10-07T03:18:24.2068217Z ✔ REX803 adversarial R-2: a canonical task cancelled from outside the campaign is CANCELLED, not FAILED (68.2562ms)
gateway-web	Run pnpm test	2026-10-07T03:18:24.2068958Z ✔ REX803 Alien: malformed interrupted state degrades instead of preventing construction (5.9735ms)
gateway-web	Run pnpm test	2026-10-07T03:18:24.2069665Z ✔ REX803 Alien: resume cannot rename the scenario while executing the old campaign (2.4572ms)
gateway-web	Run pnpm test	2026-10-07T03:18:24.2070322Z ✔ REX803 Alien: a timed-out run keeps its own cleanup scope after the next run begins (114.5112ms)
gateway-web	Run pnpm test	2026-10-07T03:18:24.2071001Z ✔ REX803 Alien: contradictory run measurement cannot manufacture an early successful stop (3.2955ms)
gateway-web	Run pnpm test	2026-10-07T03:18:24.2071754Z ✔ REX803 campaigns: every repetition is a real canonical task, and the receipt accounts for all of them (354.4816ms)
gateway-web	Run pnpm test	2026-10-07T03:18:24.2072431Z ✔ REX803 campaigns: the surface is owner-only, and every refusal is typed (66.727ms)
gateway-web	Run pnpm test	2026-10-07T03:18:24.2073300Z ✔ REX803 campaigns: the topology gate is measured against live refs, and its refusal states what was missing (23.1085ms)
gateway-web	Run pnpm test	2026-10-07T03:18:24.2074032Z ✔ REX803 campaigns: stopping cancels the canonical task the run had already created (110.3111ms)
gateway-web	Run pnpm test	2026-10-07T03:18:24.2074772Z ✔ REX803 web: the owner runs a real campaign and every repetition without a measurement shows its reason (4552.7587ms)
gateway-web	Run pnpm test	2026-10-07T03:18:24.2075529Z ✔ REX803 web: a member is told the campaign surface is the owner's, and is offered no controls (2285.1633ms)
gateway-web	Run pnpm test	2026-10-07T03:18:24.2076194Z ✔ critic: unavailable topology on resume preserves original unfinished campaign (6.6103ms)
gateway-web	Run pnpm test	2026-10-07T03:18:24.2076748Z ✔ critic: resume readiness checks persisted execution context (2.7732ms)
gateway-web	Run pnpm test	2026-10-07T03:18:24.2077351Z ✔ critic: malformed persisted bounds cannot bypass resumed repetition and timeout limits (2.6438ms)
gateway-web	Run pnpm test	2026-10-07T03:18:24.2077994Z ✔ critic: bounded close uses elapsed wall time with frozen research clock (55.6027ms)
gateway-web	Run pnpm test	2026-10-07T03:18:24.2078636Z ✔ REX803 seeds: a run seed is a pure function of the campaign seed and the index (0.9947ms)
gateway-web	Run pnpm test	2026-10-07T03:18:24.2079344Z ✔ REX803 campaign: N repetitions yield exactly N measured outcomes, and warmup is run but never measured (25.4074ms)
gateway-web	Run pnpm test	2026-10-07T03:18:24.2080079Z ✔ REX803 campaign: a timeout and a failure are absences WITH reasons, never silent gaps (51.6403ms)
gateway-web	Run pnpm test	2026-10-07T03:18:24.2080827Z ✔ REX803 campaign: stopping cancels the runs that never happened, each with the operator reason (38.962ms)
gateway-web	Run pnpm test	2026-10-07T03:18:24.2081584Z ✔ REX803 campaign: an unfinished campaign is refused unless resuming is asked for explicitly (66.9101ms)
gateway-web	Run pnpm test	2026-10-07T03:18:24.2082408Z ✔ REX803 campaign: unknown scenarios, bad repetitions, a busy runner and an unready topology are typed refusals (14.5612ms)
gateway-web	Run pnpm test	2026-10-07T03:18:24.2083287Z ✔ REX803 stop: the cleanups a run registered are fired, so a stop reaches the work and not only the bookkeeping (37.9016ms)
gateway-web	Run pnpm test	2026-10-07T03:18:24.2084093Z ✔ REX803 timeout: a run that never answers is torn down, and its cleanup failure is stated rather than hidden (73.8201ms)
gateway-web	Run pnpm test	2026-10-07T03:18:24.2085671Z ✔ REX803 restart: a campaign left RUNNING by a dead process is recovered as INTERRUPTED, named, and optionally resumed (9.9803ms)
gateway-web	Run pnpm test	2026-10-07T03:18:24.2086734Z ✔ REX803 resume: abandoning an unfinished campaign is an explicit act, and it is recorded on the replacement (16.1831ms)
gateway-web	Run pnpm test	2026-10-07T03:18:24.2088158Z ✔ REX803 limits: declared stop conditions end the campaign early, and every unrun repetition is SKIPPED with that reason (95.124ms)
gateway-web	Run pnpm test	2026-10-07T03:18:24.2088957Z ✔ REX803 receipts: a finished campaign is filed once and the next campaign cannot overwrite it (14.309ms)
gateway-web	Run pnpm test	2026-10-07T03:18:24.2089613Z ✔ REX803 L6: the receipt list is ordered by AGE, not by a random identifier in the filename (7.6937ms)
gateway-web	Run pnpm test	2026-10-07T03:18:24.2090238Z ✔ REX803 L1b: the receipt list says how many campaigns exist beyond the bound (3.8881ms)
gateway-web	Run pnpm test	2026-10-07T03:18:24.2090879Z ✔ REX803 L7: a runner that has been closed refuses new work instead of starting a campaign (1.6851ms)
gateway-web	Run pnpm test	2026-10-07T03:18:24.2091559Z ✔ REX803 positive control: a normal campaign still plans, measures and files exactly once (14.3323ms)
gateway-web	Run pnpm test	2026-10-07T03:18:24.2092319Z ✔ REX803 rehearsal: with TWO workers every repetition is TARGETED by its derived seed, not left to claim order (269.7278ms)
gateway-web	Run pnpm test	2026-10-07T03:18:24.2093121Z ✔ REX803 rehearsal: the observed assignment equals the declared rule, and both workers are used (225.0145ms)
gateway-web	Run pnpm test	2026-10-07T03:18:24.2093816Z ✔ fault confirmation, live canonical target and bounded duration required (2.6419ms)
gateway-web	Run pnpm test	2026-10-07T03:18:24.2094458Z ✔ heartbeat loss refuses only targeted heartbeats, stop and expiry restore requests (24.3638ms)
gateway-web	Run pnpm test	2026-10-07T03:18:24.2095164Z ✔ provider unavailable refuses targeted claim and records measured recovery after stop (6.5658ms)
gateway-web	Run pnpm test	2026-10-07T03:18:24.2095911Z ✔ delayed report releases immediately on emergency stop without blocking unrelated requests (12.3083ms)
gateway-web	Run pnpm test	2026-10-07T03:18:24.2096804Z ✔ duplicate event affects observation only and is absent after emergency stop (8.6868ms)
gateway-web	Run pnpm test	2026-10-07T03:18:24.2097440Z ✔ restart disables persisted activation and never resumes fault silently (14.4623ms)
gateway-web	Run pnpm test	2026-10-07T03:18:24.2098157Z ✔ unexercised or stopped fault cannot receive unrelated future detection or recovery measurements (5.2986ms)
gateway-web	Run pnpm test	2026-10-07T03:18:24.2098902Z ✔ expired fault persistence failure cannot turn normal canonical observation into an error (3.2367ms)
gateway-web	Run pnpm test	2026-10-07T03:18:24.2099684Z ✔ four fault classes change real Gateway boundaries and emergency stop restores canonical requests (3808.7114ms)
gateway-web	Run pnpm test	2026-10-07T03:18:24.2100478Z ✔ REX804 repair guard: an unreadable fault receipt is reported and never prevents the City from starting (424.6347ms)
gateway-web	Run pnpm test	2026-10-07T03:18:24.2101304Z ✔ REX804 repair guard: a receipt with no fault identity is reported as broken, not adopted without identity (130.5286ms)
gateway-web	Run pnpm test	2026-10-07T03:18:24.2102139Z ✔ REX804 unavailable receipt directory is disclosed and refuses injection without affecting observation (5.9398ms)
gateway-web	Run pnpm test	2026-10-07T03:18:24.2103262Z ✔ REX804 Web discloses unavailable fault store and prevents injection while normal task creation works (3681.8671ms)
gateway-web	Run pnpm test	2026-10-07T03:18:24.2104028Z ✔ Research Danger Zone requires explicit confirmation and offers real emergency stop (4426.17ms)
gateway-web	Run pnpm test	2026-10-07T03:18:24.2104810Z ✔ REX805 real canonical original/replay/ablation preserve selected seed and change target policy only (378.4605ms)
gateway-web	Run pnpm test	2026-10-07T03:18:24.2105534Z ✔ REX805 replay API is Owner-only and lists truthful bounded mechanism support (46.9876ms)
gateway-web	Run pnpm test	2026-10-07T03:18:24.2106172Z ✔ REX805 an unbounded HTTP campaign remains comparable after runner normalizes absent limits (185.2141ms)
gateway-web	Run pnpm test	2026-10-07T03:18:24.2106921Z ✔ REX805 replay preserves selected seed and input with fresh identities and untouched source (2.614ms)
gateway-web	Run pnpm test	2026-10-07T03:18:24.2107667Z ✔ REX805 alternate-device ablation changes actual target selection and records exact mechanism (1.035ms)
gateway-web	Run pnpm test	2026-10-07T03:18:24.2108463Z ✔ REX805 unsupported, ambiguous and ineffective ablations are refused before creating experiments (0.7248ms)
gateway-web	Run pnpm test	2026-10-07T03:18:24.2109254Z ✔ REX805 corrupt source identity, seed, measured outcome and index cannot be laundered into replay (0.9891ms)
gateway-web	Run pnpm test	2026-10-07T03:18:24.2109947Z ✔ REX805 comparisons expose policy difference and reject changed source material (1.0779ms)
gateway-web	Run pnpm test	2026-10-07T03:18:24.2110587Z ✔ REX805 registry persistence failure refuses execution while retaining original (0.3167ms)
gateway-web	Run pnpm test	2026-10-07T03:18:24.2112188Z ✔ REX805 unavailable fault conditions and undeclared request switches are refused explicitly (0.2968ms)
gateway-web	Run pnpm test	2026-10-07T03:18:24.2112928Z ✔ REX805 reviewer R1: replay of ablation preserves effective policy and re-ablation refuses (0.9003ms)
gateway-web	Run pnpm test	2026-10-07T03:18:24.2113661Z ✔ REX805 reviewer R2: comparison cannot certify controlled-input or recorded-placement drift (3.4632ms)
gateway-web	Run pnpm test	2026-10-07T03:18:24.2114391Z ✔ REX805 reviewer R3: inconsistent measured source placement refuses before registration (0.2964ms)
gateway-web	Run pnpm test	2026-10-07T03:18:24.2115118Z ✔ REX805 single selected run adjusts the declared success stop without losing failure bounds (0.5515ms)
gateway-web	Run pnpm test	2026-10-07T03:18:24.2115809Z ✔ REX805 comparisons reject fabricated lineage and jointly changed registered references (2.4664ms)
gateway-web	Run pnpm test	2026-10-07T03:18:24.2116468Z ✔ REX805 selected index1 preserves original derived seed under new run index0 (9.5576ms)
gateway-web	Run pnpm test	2026-10-07T03:18:24.2117051Z ✔ REX805 offset is bounded, typed and checked before creating work (1.5118ms)
gateway-web	Run pnpm test	2026-10-07T03:18:24.2117639Z ✔ REX805 interrupted recovery and resume retain offset and refuse offset drift (22.6267ms)
gateway-web	Run pnpm test	2026-10-07T03:18:24.2118308Z ✔ REX805 Web owner selects recorded run and executes real replay/ablation from Research (3167.2392ms)
gateway-web	Run pnpm test	2026-10-07T03:18:24.2119012Z ✔ REX805 Web switching source discards a delayed comparison from the previous selection (2604.044ms)
gateway-web	Run pnpm test	2026-10-07T03:18:24.2119620Z ✔ REX806 S1: the owner can read the artifact export and its preview (162.962ms)
gateway-web	Run pnpm test	2026-10-07T03:18:24.2120301Z ✔ REX806 S2: a member session cannot read the artifact export (123.545ms)
gateway-web	Run pnpm test	2026-10-07T03:18:24.2120830Z ✔ REX806 S3: the CSV surface matches the module and stays table-ready (46.0275ms)
gateway-web	Run pnpm test	2026-10-07T03:18:24.2121327Z ✔ REX806 S4: the preview is bounded and says so (22.2472ms)
gateway-web	Run pnpm test	2026-10-07T03:18:24.2121799Z ✔ REX806 S5: an export with nothing behind it is refused by name (17.2942ms)
gateway-web	Run pnpm test	2026-10-07T03:18:24.2122330Z ✔ REX806 S6: the owner download retains the enrolled member identities (88.5892ms)
gateway-web	Run pnpm test	2026-10-07T03:18:24.2123555Z ✔ REX806 S7: corrupt receipt loss remains visible in full, preview and CSV responses (23.8832ms)
gateway-web	Run pnpm test	2026-10-07T03:18:24.2124213Z ✔ REX806 S8: a 51-receipt City labels its bounded download as partial (32.9151ms)
gateway-web	Run pnpm test	2026-10-07T03:18:24.2124844Z ✔ REX806 S9: corruption between the receipt listing and detail keeps the readable study (16.9148ms)
gateway-web	Run pnpm test	2026-10-07T03:18:24.2125536Z ✔ REX806 verifier accepts justified unavailable completion after canonical task loss (150.9557ms)
gateway-web	Run pnpm test	2026-10-07T03:18:24.2126171Z ✔ REX806 verifier accepts the published six-decimal failure rate precision (87.7545ms)
gateway-web	Run pnpm test	2026-10-07T03:18:24.2126756Z ✔ REX806 verifier accepts justified unavailable rates for an all-refused study (79.0232ms)
gateway-web	Run pnpm test	2026-10-07T03:18:24.2127320Z ✔ REX806 V1: the verifier passes an untampered artifact (104.0693ms)
gateway-web	Run pnpm test	2026-10-07T03:18:24.2127942Z ✔ REX806 verifier accepts real duplicate canonical execution outside the selected run task (78.8984ms)
gateway-web	Run pnpm test	2026-10-07T03:18:24.2128636Z ✔ REX806 verifier rejects a fabricated duplicate count with valid integrity hashes (87.515ms)
gateway-web	Run pnpm test	2026-10-07T03:18:24.2129300Z ✔ REX806 verifier rejects task associations outside the canonical source pointers (118.6325ms)
gateway-web	Run pnpm test	2026-10-07T03:18:24.2129974Z ✔ REX806 verifier rejects counting one canonical task twice even when metrics agree (84.5994ms)
gateway-web	Run pnpm test	2026-10-07T03:18:24.2130502Z ✔ REX806 V2: a tampered metric value is caught (63.6001ms)
gateway-web	Run pnpm test	2026-10-07T03:18:24.2130928Z ✔ REX806 V3: an emptied NOT_MEASURED reason is caught (58.8099ms)
gateway-web	Run pnpm test	2026-10-07T03:18:24.2131342Z ✔ REX806 V4: a missing section is caught (58.9285ms)
gateway-web	Run pnpm test	2026-10-07T03:18:24.2131789Z ✔ REX806 V5: a changed dataset timestamp is caught (62.4417ms)
gateway-web	Run pnpm test	2026-10-07T03:18:24.2132222Z ✔ REX806 V6: a fabricated intervention count is caught (73.7236ms)
gateway-web	Run pnpm test	2026-10-07T03:18:24.2132828Z ✔ REX806 missing canonical tasks remain counted rather than being filtered from convergence (1.5796ms)
gateway-web	Run pnpm test	2026-10-07T03:18:24.2133434Z ✔ REX806 A1: the artifact carries every section the workbook names (1.7441ms)
gateway-web	Run pnpm test	2026-10-07T03:18:24.2134645Z ✔ REX806 A2: every named metric appears, with a value and provenance or NOT_MEASURED and a reason (0.5238ms)
gateway-web	Run pnpm test	2026-10-07T03:18:24.2135273Z ✔ REX806 A3: an unobserved intervention window is NOT_MEASURED, never 0 (0.2931ms)
gateway-web	Run pnpm test	2026-10-07T03:18:24.2135770Z ✔ REX806 A4: an export with no real campaign is refused (0.3518ms)
gateway-web	Run pnpm test	2026-10-07T03:18:24.2136362Z ✔ REX806 A5: the evaluator refuses a value with no provenance and NOT_MEASURED with no reason (0.4626ms)
gateway-web	Run pnpm test	2026-10-07T03:18:24.2137029Z ✔ REX806 A6: every dataset row carries a raw pointer and a seed-placement verdict (0.2029ms)
gateway-web	Run pnpm test	2026-10-07T03:18:24.2137669Z ✔ REX806 A7: checksums cover the exact bytes and change when a byte changes (1.0866ms)
gateway-web	Run pnpm test	2026-10-07T03:18:24.2138315Z ✔ REX806 A8: the paper-ready table leads with G3/G4 and keeps their NOT_MEASURED reasons visible (0.4712ms)
gateway-web	Run pnpm test	2026-10-07T03:18:24.2139029Z ✔ REX806 A9: the artifact separates statistics from narrative and refuses the autonomy inference (0.48ms)
gateway-web	Run pnpm test	2026-10-07T03:18:24.2139643Z ✔ REX806 A10: richer campaign data does not conjure Owner-side metrics (0.4627ms)
gateway-web	Run pnpm test	2026-10-07T03:18:24.2140143Z ✔ REX806 A11: warmup runs are classified separately from failures (0.2897ms)
gateway-web	Run pnpm test	2026-10-07T03:18:24.2140673Z ✔ REX806 A12: a refused campaign stays visible as undelivered planned runs (0.3702ms)
gateway-web	Run pnpm test	2026-10-07T03:18:24.2141168Z ✔ REX806 A13: an ablation placement is judged against its policy, and the seed comparison is kept separately (0.3131ms)
gateway-web	Run pnpm test	2026-10-07T03:18:24.2141601Z ✔ REX806 CLI retains canonical deviceId members in the downloaded topology (149.4465ms)
gateway-web	Run pnpm test	2026-10-07T03:18:24.2142484Z ✔ REX806 CLI partial download itself names an unreadable receipt without requiring terminal output (141.3741ms)
gateway-web	Run pnpm test	2026-10-07T03:18:24.2143583Z ✔ REX806 CLI partial download itself names the latest missing receipt (145.6869ms)
gateway-web	Run pnpm test	2026-10-07T03:18:24.2144122Z ✔ REX806 CLI exposes a known truncated receipt window as partial (138.0525ms)
gateway-web	Run pnpm test	2026-10-07T03:18:24.2144667Z ✔ REX806 CLI survives an unreadable detail after a readable listing (204.4662ms)
gateway-web	Run pnpm test	2026-10-07T03:18:24.2150561Z ✔ REX807 S9: the surface refuses to exist if any advanced control could be triggered without confirmation (1.8811ms)
gateway-web	Run pnpm test	2026-10-07T03:18:24.2151490Z ✔ REX807 S10: the client confirmation rule refuses anything except the exact token the gateway enforces (1732.4403ms)
gateway-web	Run pnpm test	2026-10-07T03:18:24.2152281Z ✔ REX807 S11: in a real browser a wrong confirmation injects nothing, and the exact token then injects (2677.5486ms)
gateway-web	Run pnpm test	2026-10-07T03:18:24.2153054Z ✔ REX807 S12: the Owner downloads the research artifact from the page, with no API call and no console (3295.2272ms)
gateway-web	Run pnpm test	2026-10-07T03:18:24.2153849Z ✔ REX807 S1: the primary labels are human summaries, and raw identifiers are folded into Diagnostics (1.8102ms)
gateway-web	Run pnpm test	2026-10-07T03:18:24.2154649Z ✔ REX807 S2: fault injection is a Danger Zone control that requires confirmation and is not open by default (0.3273ms)
gateway-web	Run pnpm test	2026-10-07T03:18:24.2155400Z ✔ REX807 S3: errors, exclusions and incomplete metrics stay visible with their reasons (0.213ms)
gateway-web	Run pnpm test	2026-10-07T03:18:24.2156079Z ✔ REX807 S4: a payload field this view does not place is reported, never silently dropped (0.5487ms)
gateway-web	Run pnpm test	2026-10-07T03:18:24.2156710Z ✔ REX807 S5: the research entry is secondary and the primary surfaces stay clean (0.5ms)
gateway-web	Run pnpm test	2026-10-07T03:18:24.2157227Z ✔ REX807 S6: nothing INTERNAL_ONLY is rendered as a user control (0.1881ms)
gateway-web	Run pnpm test	2026-10-07T03:18:24.2157795Z ✔ REX807 S7: the same payload renders in zh-CN with real translation, not English fallback (0.2062ms)
gateway-web	Run pnpm test	2026-10-07T03:18:24.2158543Z ✔ REX807 S8: the rendered page folds identifiers, keeps the technical layer collapsed, and surfaces alerts (26.9388ms)
gateway-web	Run pnpm test	2026-10-07T03:18:24.2159259Z ✔ RS-203: the correlation carries BOTH devices and asserts that they may differ (1.7504ms)
gateway-web	Run pnpm test	2026-10-07T03:18:24.2159871Z ✔ RS-203: a handoff moves the execution device and never the interaction device (0.2039ms)
gateway-web	Run pnpm test	2026-10-07T03:18:24.2160450Z ✔ RS-203: DUPLICATE messages are ignored rather than applied twice (0.4673ms)
gateway-web	Run pnpm test	2026-10-07T03:18:24.2161195Z ✔ RS-203: OUT-OF-ORDER progress is refused and cannot move the state backwards (0.1113ms)
gateway-web	Run pnpm test	2026-10-07T03:18:24.2161779Z ✔ RS-203: an event after a terminal state is LATE and does not resurrect the run (0.1552ms)
gateway-web	Run pnpm test	2026-10-07T03:18:24.2162393Z ✔ RS-203: every kind maps to a DECLARED canonical state and a DECLARED return channel (0.1935ms)
gateway-web	Run pnpm test	2026-10-07T03:18:24.2163025Z ✔ RS-203: canonical state advances for each terminal kind, and terminal is sticky (0.2124ms)
gateway-web	Run pnpm test	2026-10-07T03:18:24.2163665Z ✔ RS-203: a result that CANNOT reach the user is never reported as truthful success (0.188ms)
gateway-web	Run pnpm test	2026-10-07T03:18:24.2164290Z ✔ RS-203: a resolver that THROWS degrades rather than propagating into the caller (0.1548ms)
gateway-web	Run pnpm test	2026-10-07T03:18:24.2164839Z ✔ RS-203: a projected success reports where it landed (0.1384ms)
gateway-web	Run pnpm test	2026-10-07T03:18:24.2166259Z ✔ RS-203: unknown correlations, unknown kinds and bad sequences are refused with typed codes (0.4446ms)
gateway-web	Run pnpm test	2026-10-07T03:18:24.2166958Z ✔ RS-203: the bridge refuses to be constructed without an injected surface resolver (0.1179ms)
gateway-web	Run pnpm test	2026-10-07T03:18:24.2167471Z ✔ RS-203: a STATUS event reports without moving the state (0.0664ms)
gateway-web	Run pnpm test	2026-10-07T03:18:24.2167890Z ✔ RS-203: the contract version is declared (0.0305ms)
gateway-web	Run pnpm test	2026-10-07T03:18:24.2168424Z ✔ RS-203 scenario 1: remote execution START is correlated before anything is returned (0.0646ms)
gateway-web	Run pnpm test	2026-10-07T03:18:24.2169099Z ✔ RS-203 scenario 2: PROGRESS returns on the PROGRESS channel and moves the run to RUNNING (0.0601ms)
gateway-web	Run pnpm test	2026-10-07T03:18:24.2169750Z ✔ RS-203 scenario 3: WAITING FOR USER is reachable, and is cleared the same way it is set (0.055ms)
gateway-web	Run pnpm test	2026-10-07T03:18:24.2170569Z ✔ RS-203 scenario 3b: attention on a non-STATUS kind is REFUSED rather than guessed (0.0551ms)
gateway-web	Run pnpm test	2026-10-07T03:18:24.2171191Z ✔ RS-203 scenario 4: SUCCESS lands truthfully only when it actually reached the user (0.035ms)
gateway-web	Run pnpm test	2026-10-07T03:18:24.2171765Z ✔ RS-203 scenario 5: FAILURE is terminal and reports no success (0.0344ms)
gateway-web	Run pnpm test	2026-10-07T03:18:24.2172316Z ✔ RS-203 scenario 6: CANCEL is terminal and sticky against later events (0.0491ms)
gateway-web	Run pnpm test	2026-10-07T03:18:24.2172951Z ✔ RS-203 scenario 7: DEVICE DISCONNECT degrades knowledge without moving the run or claiming success (0.0898ms)
gateway-web	Run pnpm test	2026-10-07T03:18:24.2173770Z ✔ RS-203 scenario 8: RECOVERY clears the degraded state and the run can still finish (0.051ms)
gateway-web	Run pnpm test	2026-10-07T03:18:24.2174390Z ✔ RS-203 scenario 8b: a disconnect AFTER a terminal result changes nothing about it (0.0433ms)
gateway-web	Run pnpm test	2026-10-07T03:18:24.2174964Z ✔ RS-203: the full eight-situation walk leaves the counters consistent (0.0757ms)
gateway-web	Run pnpm test	2026-10-07T03:18:24.2175535Z ✔ RS-203 step 3: a request is delivered to the CURRENT authorized surface (0.1641ms)
gateway-web	Run pnpm test	2026-10-07T03:18:24.2175962Z ✔ RS-203 step 3: an answer from the current authorized surface is accepted (0.1229ms)
gateway-web	Run pnpm test	2026-10-07T03:18:24.2176343Z ✔ RS-203 step 3: an answer from ANY OTHER device is REFUSED, however well-informed it is (0.0678ms)
gateway-web	Run pnpm test	2026-10-07T03:18:24.2176843Z ✔ RS-203 step 3: when the surface MOVED, the answer must come from where the user now is (0.1048ms)
gateway-web	Run pnpm test	2026-10-07T03:18:24.2177415Z ✔ RS-203 step 3: an answer cannot arrive when NO surface is authorized (0.2024ms)
gateway-web	Run pnpm test	2026-10-07T03:18:24.2178046Z ✔ RS-203 step 3: OFFLINE asks are HELD with a reason and a recovery path, not dropped or failed (0.0978ms)
gateway-web	Run pnpm test	2026-10-07T03:18:24.2178684Z ✔ RS-203 step 3: TIMEOUT is explained and recoverable, and is NEVER a failure (0.1448ms)
gateway-web	Run pnpm test	2026-10-07T03:18:24.2179234Z ✔ RS-203 step 3: a timeout cannot retract an answer that already arrived (0.0657ms)
gateway-web	Run pnpm test	2026-10-07T03:18:24.2179620Z ✔ RS-203 step 3: a double answer is refused rather than silently overwriting the first (0.1194ms)
gateway-web	Run pnpm test	2026-10-07T03:18:24.2179990Z ✔ RS-203 step 3: only RESPOND is accepted, and only APPROVE or DENY decide (0.1749ms)
gateway-web	Run pnpm test	2026-10-07T03:18:24.2180460Z ✔ RS-203 step 3: a HANDOFF does not move where the user is asked (0.0634ms)
gateway-web	Run pnpm test	2026-10-07T03:18:24.2180845Z ✔ RS-203 step 3: the codes are declared, not invented at the throw site (0.0511ms)
gateway-web	Run pnpm test	2026-10-07T03:18:24.2181446Z ✔ RS-203 step 4: the flat EXCLUSION_REASONS list is CLASSIFIED, and every reason has an axis (0.5146ms)
gateway-web	Run pnpm test	2026-10-07T03:18:24.2181992Z ✔ RS-203 step 4: a DEVICE outage is classified as DEVICE and nothing else (0.2027ms)
gateway-web	Run pnpm test	2026-10-07T03:18:24.2182350Z ✔ RS-203 step 4: a PROVIDER outage is classified as PROVIDER and nothing else (0.0616ms)
gateway-web	Run pnpm test	2026-10-07T03:18:24.2182710Z ✔ RS-203 step 4: an INPUT problem is NEITHER a device nor a provider fault (0.078ms)
gateway-web	Run pnpm test	2026-10-07T03:18:24.2183041Z ✔ RS-203 step 4: an UNKNOWN reason is reported, not silently dropped (0.1235ms)
gateway-web	Run pnpm test	2026-10-07T03:18:24.2183482Z ✔ RS-203 step 4: a DEVICE fallback does NOT implicate the provider (0.2795ms)
gateway-web	Run pnpm test	2026-10-07T03:18:24.2183802Z ✔ RS-203 step 4: a PROVIDER fallback does NOT implicate the device (0.124ms)
gateway-web	Run pnpm test	2026-10-07T03:18:24.2184196Z ✔ RS-203 step 4: an eligible alternate is offered for a DEVICE outage, but the cause is still named (0.1399ms)
gateway-web	Run pnpm test	2026-10-07T03:18:24.2184626Z ✔ RS-203 step 4: MIXED causes are NOT collapsed to one, and no single cause is claimed (0.153ms)
gateway-web	Run pnpm test	2026-10-07T03:18:24.2185043Z ✔ RS-203 step 4: the reason codes SURVIVE into the plan rather than being paraphrased away (0.1142ms)
gateway-web	Run pnpm test	2026-10-07T03:18:24.2185834Z ✔ RS-203 step 4: with nothing unavailable the plan claims no cause at all (0.0802ms)
gateway-web	Run pnpm test	2026-10-07T03:18:24.2186341Z ✔ RS-203 step 4: planning against an unknown correlation is refused (0.1091ms)
gateway-web	Run pnpm test	2026-10-07T03:18:24.2186921Z ✔ RS-203 step 5: a remote result is bound to its provenance, including WHICH device produced it (0.1437ms)
gateway-web	Run pnpm test	2026-10-07T03:18:24.2187764Z ✔ RS-203 step 5: the provenance is IMMUTABLE once bound, so a result cannot be re-attributed (0.0747ms)
gateway-web	Run pnpm test	2026-10-07T03:18:24.2188461Z ✔ RS-203 step 5: the summary key set is EXACTLY the declared set - stability by construction (0.0785ms)
gateway-web	Run pnpm test	2026-10-07T03:18:24.2189155Z ✔ RS-203 step 5: the summary NEVER carries the evidence, the digests or the routing identifiers (0.1232ms)
gateway-web	Run pnpm test	2026-10-07T03:18:24.2189805Z ✔ RS-203 step 5: whether evidence EXISTS is presentable, without saying what it is (0.0481ms)
gateway-web	Run pnpm test	2026-10-07T03:18:24.2190439Z ✔ RS-203 step 5: the summary is STABLE across state changes - same shape, always (0.0589ms)
gateway-web	Run pnpm test	2026-10-07T03:18:24.2191087Z ✔ RS-203 step 5: the summary still tells the truth about a degraded and a finished run (0.0422ms)
gateway-web	Run pnpm test	2026-10-07T03:18:24.2191639Z ✔ RS-203 step 5: binding against an unknown correlation is refused (0.8953ms)
gateway-web	Run pnpm test	2026-10-07T03:18:24.2192231Z ✔ RS-203 step 5: the declared field list is frozen, so it cannot be widened at runtime (0.095ms)
gateway-web	Run pnpm test	2026-10-07T03:18:24.2192896Z ✔ RS-290: the mapping COVERS every source vocabulary exactly - no gap and no stale extra (2.1459ms)
gateway-web	Run pnpm test	2026-10-07T03:18:24.2193367Z ✔ RS-290: the presentation vocabulary is CLOSED - every target is a declared term with a class (0.3927ms)
gateway-web	Run pnpm test	2026-10-07T03:18:24.2193764Z ✔ RS-290: the four UNKNOWN senses stay FOUR distinct terms - the polysemy fix (0.2238ms)
gateway-web	Run pnpm test	2026-10-07T03:18:24.2194146Z ✔ RS-290: the SAME meaning reached through different components MERGES to one term (0.2875ms)
gateway-web	Run pnpm test	2026-10-07T03:18:24.2194576Z ✔ RS-290: the STRUCTURAL and RESOURCE partition is PRESERVED, which a naive merge would destroy (0.3364ms)
gateway-web	Run pnpm test	2026-10-07T03:18:24.2194974Z ✔ RS-290: an unmapped or unknown source THROWS rather than yielding undefined (0.4631ms)
gateway-web	Run pnpm test	2026-10-07T03:18:24.2195324Z ✔ RS-290: presentState always yields a declared presentation state (0.3156ms)
gateway-web	Run pnpm test	2026-10-07T03:18:24.2195701Z ✔ RS-290: the action and state vocabularies are closed sets of the shapes step 3 names (0.1516ms)
gateway-web	Run pnpm test	2026-10-07T03:18:24.2196095Z ✔ RS-290: a selectable provider renders RUNNING with CANCEL and no choice demanded (0.5044ms)
gateway-web	Run pnpm test	2026-10-07T03:18:24.2196489Z ✔ RS-290: a pool that is only BUSY does NOT demand a choice, because waiting can help (0.61ms)
gateway-web	Run pnpm test	2026-10-07T03:18:24.2196882Z ✔ RS-290: a structurally refused pool DOES demand a choice, and does not offer waiting (0.4738ms)
gateway-web	Run pnpm test	2026-10-07T03:18:24.2197285Z ✔ RS-290 F1: a raw word that COLLIDES with a term name is still mapped by its VOCABULARY (0.2937ms)
gateway-web	Run pnpm test	2026-10-07T03:18:24.2197804Z ✔ RS-290 F1: the guard needs PROVENANCE - bare words and bare terms are both refused (0.6717ms)
gateway-web	Run pnpm test	2026-10-07T03:18:24.2198377Z ✔ RS-290 F2: a terminal outcome OUTRANKS waitingUser, so a failure is never masked (0.2228ms)
gateway-web	Run pnpm test	2026-10-07T03:18:24.2198739Z ✔ RS-290 F3: FRESHNESS.STALE and FRESHNESS.UNKNOWN stay DISTINCT terms (0.1434ms)
gateway-web	Run pnpm test	2026-10-07T03:18:24.2199138Z ✔ RS-290 F3: NO collapse of two meanings onto one term goes UNDECLARED - quantified over the table (0.5231ms)
gateway-web	Run pnpm test	2026-10-07T03:18:24.2199604Z ✔ RS-290: no path FABRICATES success - COMPLETED needs an explicit terminal flag (0.1619ms)
gateway-web	Run pnpm test	2026-10-07T03:18:24.2200091Z ✔ RS-290: the route stage drives the state through its own vocabulary, and only where it should (0.2076ms)
gateway-web	Run pnpm test	2026-10-07T03:18:24.2200460Z ✔ RS-290: every DTO output is inside the declared vocabularies (0.5008ms)
gateway-web	Run pnpm test	2026-10-07T03:18:24.2200857Z ✔ RS-290 matrix: concurrent submissions cannot double-execute, and the pool still reports a reason (1.2108ms)
gateway-web	Run pnpm test	2026-10-07T03:18:24.2201314Z ✔ RS-290 matrix: a saturated device is routed around, and the projection says WAITING not CHOOSE (0.91ms)
gateway-web	Run pnpm test	2026-10-07T03:18:24.2201749Z ✔ RS-290 matrix: lease transfer is holder-only and the old holder cannot resume reassigned work (0.2227ms)
gateway-web	Run pnpm test	2026-10-07T03:18:24.2202256Z ✔ RS-290 matrix: a disconnect degrades truthfully and recovery restores, through the projection (0.4988ms)
gateway-web	Run pnpm test	2026-10-07T03:18:24.2202674Z ✔ RS-290 matrix: a flapping pool does not move the work, and the rescan is event-driven (0.4641ms)
gateway-web	Run pnpm test	2026-10-07T03:18:24.2203104Z ✔ RS-290 matrix: availability, routing and return compose into ONE stable presentation contract (11.3887ms)
gateway-web	Run pnpm test	2026-10-07T03:18:24.2204768Z ✔ successful live transport cannot mask broken offline product behavior (4.4541ms)
gateway-web	Run pnpm test	2026-10-07T03:18:24.2205346Z ✔ CPU uses elapsed counters and unavailable disk remains null (12.9388ms)
gateway-web	Run pnpm test	2026-10-07T03:18:24.2206010Z ✔ disabled sampler never reads host counters (0.7632ms)
gateway-web	Run pnpm test	2026-10-07T03:18:24.2206527Z ✔ counter reset does not fabricate CPU load and cached sample keeps its timestamp (0.3912ms)
gateway-web	Run pnpm test	2026-10-07T03:18:24.2207144Z ✔ native filesystem volume measurement is finite and internally consistent (7.6979ms)
gateway-web	Run pnpm test	2026-10-07T03:18:24.2207813Z ✔ validator accepts unavailable sampler metrics but rejects invalid numeric measurements (0.9781ms)
gateway-web	Run pnpm test	2026-10-07T03:18:24.2208498Z ✔ theme artifact retention is bounded and restart removes abandoned sandbox work (548.1328ms)
gateway-web	Run pnpm test	2026-10-07T03:18:24.2209248Z ✔ D9 Bridge builds retained sandbox artifacts with canonical bounded results and typed refusal (8204.0247ms)
gateway-web	Run pnpm test	2026-10-07T03:18:31.5804045Z ✔ Windows Theme Build uses real prompt, observation, fallback controls and digest summary (6965.9973ms)
gateway-web	Run pnpm test	2026-10-07T03:18:31.7041391Z ✔ unavailable artifact storage yields a terminal typed failure, not orphaned RUNNING history (666.6997ms)
gateway-web	Run pnpm test	2026-10-07T03:18:31.7206471Z ✔ the redesigned-shell fixture really is the zero-sized-label shape (2.1576ms)
gateway-web	Run pnpm test	2026-10-07T03:18:31.7207370Z ✔ a bare first-match label lookup selects a zero-bounds node, which is the original defect (0.4818ms)
gateway-web	Run pnpm test	2026-10-07T03:18:31.7209011Z ✔ no sized nav label exists on the shipped shell, so a size filter ALONE would leave nothing to tap (0.6997ms)
gateway-web	Run pnpm test	2026-10-07T03:18:31.7209691Z ✔ the active tab has no clickable node, so clickable ordinal alone is unstable (0.3607ms)
gateway-web	Run pnpm test	2026-10-07T03:18:31.7210352Z ✔ targets are paired to labels in document order, giving a page-independent index (0.1908ms)
gateway-web	Run pnpm test	2026-10-07T03:18:31.7210966Z ✔ resolveRoute reaches Home from the Devices page via the paired target (0.1904ms)
gateway-web	Run pnpm test	2026-10-07T03:18:31.7211540Z ✔ the nav band excludes page content that happens to be clickable (1.4273ms)
gateway-web	Run pnpm test	2026-10-07T03:18:31.7211995Z ✔ a sized heading is not mistaken for a nav target (1.9791ms)
gateway-web	Run pnpm test	2026-10-07T03:18:31.7212520Z ✔ resolveRoute prefers a sized label inside the band, preserving the earlier shell (0.3529ms)
gateway-web	Run pnpm test	2026-10-07T03:18:31.7213091Z ✔ the two shells are distinguished rather than one being assumed (0.4421ms)
gateway-web	Run pnpm test	2026-10-07T03:18:31.7213873Z ✔ an unresolvable tree returns null rather than a zero-bounds node (0.1793ms)
gateway-web	Run pnpm test	2026-10-07T03:18:31.7214438Z ✔ the task pilot creates its evidence directory before writing into it (0.3466ms)
gateway-web	Run pnpm test	2026-10-07T03:18:31.7214950Z ✔ task pilot imports a usable sized nodeByLabel selector (0.418ms)
gateway-web	Run pnpm test	2026-10-07T03:18:31.7215542Z ✔ UXI-390: every supported action is bound to a handler branch AND a client method (1.2271ms)
gateway-web	Run pnpm test	2026-10-07T03:18:31.7216211Z ✔ UXI-390: no handler branch is unreachable dead code that looks like a handler (0.8032ms)
gateway-web	Run pnpm test	2026-10-07T03:18:31.7216931Z ✔ UXI-390: the per-provider Choose control sends THAT row ref, and cannot send a blank one (0.2435ms)
gateway-web	Run pnpm test	2026-10-07T03:18:31.7217629Z ✔ UXI-390: CHOOSE_PROVIDER is NOT an action-row action - that is the trap Mech named (0.1513ms)
gateway-web	Run pnpm test	2026-10-07T03:18:31.7218331Z ✔ UXI-390 C-1: the Advanced disclosure is named with the Web pack's own words on Android (1.5528ms)
gateway-web	Run pnpm test	2026-10-07T03:18:31.7218981Z ✔ UXI-390 C-2: a disabled control states its reason in the Web pack's own words (0.4077ms)
gateway-web	Run pnpm test	2026-10-07T03:18:31.7219727Z ✔ UXI-391: the City really has FIVE requestable task types - the premise the old record denied (2.1444ms)
gateway-web	Run pnpm test	2026-10-07T03:18:31.7220408Z ✔ UXI-391: a MISSING load dimension is not zero, and one observed dimension is enough (0.3942ms)
gateway-web	Run pnpm test	2026-10-07T03:18:31.7221050Z ✔ UXI-391: the BINDING dimension is the maximum OBSERVED one, not an average over five (0.1495ms)
gateway-web	Run pnpm test	2026-10-07T03:18:31.7221843Z ✔ UXI-391: telemetry produces the vector honestly - measured dimensions only, null when nothing is measured (0.1962ms)
gateway-web	Run pnpm test	2026-10-07T03:18:31.7222846Z ✔ UXI-391: the bridge transfers ONLY on ALTERNATE_DEVICE, and moves ownership once (0.4469ms)
gateway-web	Run pnpm test	2026-10-07T03:18:31.7223506Z ✔ UXI-391: a stale holder cannot hand on work it no longer owns, and a disabled path refuses (0.2035ms)
gateway-web	Run pnpm test	2026-10-07T03:18:31.7224181Z ✔ UXI-391: only the reserved device - and never a stale holder - may claim a moved task (0.1785ms)
gateway-web	Run pnpm test	2026-10-07T03:18:31.7224846Z ✔ UXI-391: a pending handoff is REMOTE_HANDOFF on the surface, from the task record (2.3072ms)
gateway-web	Run pnpm test	2026-10-07T03:18:31.7225574Z ✔ UXI-391: the planner decision is exposed WITH the chosen device, and routeStageFor stays a thin read (0.7822ms)
gateway-web	Run pnpm test	2026-10-07T03:18:31.7226330Z ✔ UXI-391: the term and the route agree about the SAME candidate - the defect this task is about (0.7044ms)
gateway-web	Run pnpm test	2026-10-07T03:18:31.7227058Z ✔ a City with no Workbench starts, serves and executes: the seam adds no startup dependency (118.9166ms)
gateway-web	Run pnpm test	2026-10-07T03:18:31.7228311Z ✔ the port and the live route reach the same claim decision on the same facts (85.0501ms)
gateway-web	Run pnpm test	2026-10-07T03:18:31.7229130Z ✔ an offline named device is withheld by the port exactly as the route withholds it (86.5794ms)
gateway-web	Run pnpm test	2026-10-07T03:18:31.7229802Z ✔ the City exposes which backend placed the work, and only STANDARD_DEVICES is ever enabled (22.9377ms)
gateway-web	Run pnpm test	2026-10-07T03:18:31.7230533Z ✔ STANDARD_DEVICES is the enabled long-term default and claims exactly the profile it wraps (1.8223ms)
gateway-web	Run pnpm test	2026-10-07T03:18:31.7231283Z ✔ fleet readiness distinguishes "no device at all" from "devices present, none accepting work" (3.1236ms)
gateway-web	Run pnpm test	2026-10-07T03:18:31.7232021Z ✔ an endpoint row is a truthful view: offline, capability-less and sharing-off are different facts (0.4423ms)
gateway-web	Run pnpm test	2026-10-07T03:18:31.7232708Z ✔ claim reproduces the frozen decision for every negative control the pre-seam route covered (1.3733ms)
gateway-web	Run pnpm test	2026-10-07T03:18:31.7233425Z ✔ report keeps the same transitions, the same refusals and the same event names (0.9571ms)
gateway-web	Run pnpm test	2026-10-07T03:18:31.7234114Z ✔ dispatch and control refuse honestly instead of pretending the endpoint is ready (0.9143ms)
gateway-web	Run pnpm test	2026-10-07T03:18:31.7234789Z ✔ a probe failure is reported as UNKNOWN rather than being allowed to crash a status read (0.2524ms)
gateway-web	Run pnpm test	2026-10-07T03:18:31.7235391Z ✔ the port refuses to be constructed without the facts it must not invent (0.4156ms)
gateway-web	Run pnpm test	2026-10-07T03:18:31.7236018Z ✔ review: dispatch cannot bypass strict target or handoff reservation (0.5452ms)
gateway-web	Run pnpm test	2026-10-07T03:18:31.7236642Z ✔ review: dispatch cannot transfer an already running task to a different free endpoint (0.3517ms)
gateway-web	Run pnpm test	2026-10-07T03:18:31.7237529Z ✔ review: claim readiness does not say ready when sharing is disabled or endpoint busy (0.3317ms)
gateway-web	Run pnpm test	2026-10-07T03:18:31.7238157Z ✔ review: endpoint readiness and dispatch honor injected canonical Core acceptance (0.2755ms)
gateway-web	Run pnpm test	2026-10-07T03:18:31.7238878Z ✔ a node registered with the old payload still registers, claims and completes, and gains a descriptor (158.5777ms)
gateway-web	Run pnpm test	2026-10-07T03:18:31.7239656Z ✔ the descriptor is computed at read time, so a sharing change and fresh telemetry are reflected at once (79.6475ms)
gateway-web	Run pnpm test	2026-10-07T03:18:31.7240406Z ✔ an unknown node has no descriptor, and a control surface is never among the node descriptors (31.4041ms)
gateway-web	Run pnpm test	2026-10-07T03:18:31.7240994Z ✔ strict target still outranks every generic descriptor fact (29.7937ms)
gateway-web	Run pnpm test	2026-10-07T03:18:31.7241579Z ✔ WBC602 review: explicit malformed roles cannot manufacture an execution identity (1.6989ms)
gateway-web	Run pnpm test	2026-10-07T03:18:31.7242243Z ✔ WBC602 review: absent GPU/network observations are unknown, not hardware absence (2.0918ms)
gateway-web	Run pnpm test	2026-10-07T03:18:31.7242968Z ✔ WBC602 review: platform mismatch and measured zero accelerators are distinguished from unknown (0.4887ms)
gateway-web	Run pnpm test	2026-10-07T03:18:31.7243625Z ✔ WBC602 review: malformed requirement arrays yield typed contract refusals (0.1733ms)
gateway-web	Run pnpm test	2026-10-07T03:18:31.7244173Z ✔ WBC602 review: busy endpoint cannot advertise accepting work (169.5233ms)
gateway-web	Run pnpm test	2026-10-07T03:18:31.7244813Z ✔ WBC602 review: explicitly declared multiple worker roles survive real registration and restart (79.3735ms)
gateway-web	Run pnpm test	2026-10-07T03:18:31.7245728Z ✔ agent construction has no I/O; drain prevents new claim; canary uses canonical state and result (135.8536ms)
gateway-web	Run pnpm test	2026-10-07T03:18:31.7246422Z ✔ crash and restart use canonical interruption refusal rather than duplicate execution (131.6318ms)
gateway-web	Run pnpm test	2026-10-07T03:18:31.7247094Z ✔ unknown protocol and unavailable adapter are typed refusals without a startup loop (1.1434ms)
gateway-web	Run pnpm test	2026-10-07T03:18:31.7248764Z ✔ executor failure after progress remains canonical FAILED and drain permits held completion (103.275ms)
gateway-web	Run pnpm test	2026-10-07T03:18:31.7249578Z ✔ cancel aborts held executor and late result never replaces terminal state (61.9799ms)
gateway-web	Run pnpm test	2026-10-07T03:18:31.7250263Z ✔ delayed old-task cancel cannot abort a later task or admit work while control pending (12.7823ms)
gateway-web	Run pnpm test	2026-10-07T03:18:31.7250974Z ✔ stop during unresolved claim refuses busy and preserves assignment for subsequent stop (15.8665ms)
gateway-web	Run pnpm test	2026-10-07T03:18:31.7251721Z ✔ explicit bounded pool adapter executes canonical canary, then absent pool leaves standard work usable (50.3402ms)
gateway-web	Run pnpm test	2026-10-07T03:18:31.7252475Z ✔ pool registers dormant without adapter or I/O and refuses direct or registry work (2.2926ms)
gateway-web	Run pnpm test	2026-10-07T03:18:31.7253159Z ✔ explicit pool narrows canonical endpoints by membership, role and descriptor readiness (0.8797ms)
gateway-web	Run pnpm test	2026-10-07T03:18:31.7253823Z ✔ enabled pool with missing canonical adapter fails typed unavailable (0.1892ms)
gateway-web	Run pnpm test	2026-10-07T03:18:31.7254390Z ✔ pool control must not cancel work held by an unrelated standard endpoint (0.2527ms)
gateway-web	Run pnpm test	2026-10-07T03:18:31.7255025Z ✔ WBC604 profile: STANDARD_DEVICES is the default and is always an available rollback (4.8904ms)
gateway-web	Run pnpm test	2026-10-07T03:18:31.7255806Z ✔ WBC604 profile: a not-ready switch is REFUSED with a typed code and writes nothing at all (3.9777ms)
gateway-web	Run pnpm test	2026-10-07T03:18:31.7256449Z ✔ WBC604 profile: a ready switch activates, persists, and survives a restart (2.9724ms)
gateway-web	Run pnpm test	2026-10-07T03:18:31.7257172Z ✔ WBC604 profile: an untrustworthy persisted value recovers to the safe default instead of being obeyed (2.7909ms)
gateway-web	Run pnpm test	2026-10-07T03:18:31.7257957Z ✔ WBC604 profile: unknown profiles and no-op changes are answered distinctly, never silently (0.8658ms)
gateway-web	Run pnpm test	2026-10-07T03:18:31.7258666Z ✔ WBC604 profile: rollback returns to STANDARD_DEVICES even after the pool disappears (1.7056ms)
gateway-web	Run pnpm test	2026-10-07T03:18:31.7259402Z ✔ WBC604 hybrid: an explicit strict target outranks every general rule and is never reinterpreted (0.3112ms)
gateway-web	Run pnpm test	2026-10-07T03:18:31.7260226Z ✔ WBC604 hybrid: a hard capability requirement outranks load, and validation work goes to a validation node (0.2181ms)
gateway-web	Run pnpm test	2026-10-07T03:18:31.7261203Z ✔ WBC604 hybrid: a legacy task that declares nothing keeps the compatible default (0.2036ms)
gateway-web	Run pnpm test	2026-10-07T03:18:31.7261837Z ✔ WBC604 hybrid: an untrusted node is never a candidate, whatever its capacity (0.1712ms)
gateway-web	Run pnpm test	2026-10-07T03:18:31.7262576Z ✔ WBC604 fail-safe: a persisted profile whose backend is no longer ready degrades to the rollback profile (5.8335ms)
gateway-web	Run pnpm test	2026-10-07T03:18:31.7263393Z ✔ WBC604 fail-safe: a change never leaves the persisted file disagreeing with the running profile (4.4942ms)
gateway-web	Run pnpm test	2026-10-07T03:18:31.7264176Z ✔ WBC604 fail-safe: changing or rolling back the profile never rewrites canonical task truth (91.3686ms)
gateway-web	Run pnpm test	2026-10-07T03:18:31.7264890Z ✔ WBC604 fail-safe: readiness is re-read on every question, never cached into a stale answer (2.5843ms)
gateway-web	Run pnpm test	2026-10-07T03:18:31.7265678Z ✔ WBC604 route: the City reports its profile, refuses an absent pool, and can always roll back (136.0197ms)
gateway-web	Run pnpm test	2026-10-07T03:18:31.7266381Z ✔ WBC604 route: a persisted selection is what the restarted City runs (62.8622ms)
gateway-web	Run pnpm test	2026-10-07T03:18:31.7266984Z ✔ locale contract: supported tokens, fallback and first-run detection (1.3115ms)
gateway-web	Run pnpm test	2026-10-07T03:18:31.7267580Z ✔ both language packs cover every message key with matching placeholders (3.4085ms)
gateway-web	Run pnpm test	2026-10-07T03:18:31.7268366Z ✔ every fixed Web UI string is present in the language packs (0.5829ms)
gateway-web	Run pnpm test	2026-10-07T03:18:31.7268902Z ✔ protocol tokens and City Control state names are never translated (8.7699ms)
gateway-web	Run pnpm test	2026-10-07T03:18:31.7269662Z ✔ web assets only use message keys that exist in the packs (2.3016ms)
gateway-web	Run pnpm test	2026-10-07T03:18:31.7270157Z ✔ badge state and display label stay separate in every locale (8.0617ms)
gateway-web	Run pnpm test	2026-10-07T03:18:31.7270766Z ✔ applyTranslations and setLocale update the document without touching storage contracts (0.5535ms)
gateway-web	Run pnpm test	2026-10-07T03:18:31.7271437Z ✔ translation fills placeholders and time formatting follows the locale (17.4604ms)
gateway-web	Run pnpm test	2026-10-07T03:18:31.7272095Z ✔ Web Settings language switch, persistence and protocol stability (real browser) (7069.9419ms)
gateway-web	Run pnpm test	2026-10-07T03:18:31.7272736Z ✔ an invite names the City it belongs to, which is the whole point of the form (0.9517ms)
gateway-web	Run pnpm test	2026-10-07T03:18:31.7273342Z ✔ a bare credential is NOT an invite - it cannot say which City it belongs to (0.1619ms)
gateway-web	Run pnpm test	2026-10-07T03:18:31.7273819Z ✔ junk does not throw, it returns null (0.9598ms)
gateway-web	Run pnpm test	2026-10-07T03:18:31.7274343Z ✔ an invite without a host is refused rather than half-understood (0.1633ms)
gateway-web	Run pnpm test	2026-10-07T03:18:31.7274811Z ✔ trailing slashes and origins compare cleanly (0.3432ms)
gateway-web	Run pnpm test	2026-10-07T03:18:31.7275279Z ✔ the invite survives a round trip through a URL fragment (0.1594ms)
gateway-web	Run pnpm test	2026-10-07T03:18:31.7275906Z ✔ REGRESSION: a PARSED invite handed back in must still resolve, not become "[object Object]" (0.1038ms)
gateway-web	Run pnpm test	2026-10-07T03:18:31.7276661Z ✔ UXI-301: the adapter table agrees with the contract EXACTLY, in both directions (1.8369ms)
gateway-web	Run pnpm test	2026-10-07T03:18:31.7277372Z ✔ UXI-301: severity cannot contradict the contract class where the class carries meaning (0.3445ms)
gateway-web	Run pnpm test	2026-10-07T03:18:31.7277968Z ✔ UXI-301: every referenced key exists in BOTH locale packs (1.1604ms)
gateway-web	Run pnpm test	2026-10-07T03:18:31.7278517Z ✔ UXI-301: every state and every action renders real copy, not a fallback key (1.2932ms)
gateway-web	Run pnpm test	2026-10-07T03:18:31.7279143Z ✔ UXI-301: zh-CN renders different copy from en, so the locale is really applied (0.4245ms)
gateway-web	Run pnpm test	2026-10-07T03:18:31.7279741Z ✔ UXI-301: a non-permitted provider is never selectable or interactive (0.6625ms)
gateway-web	Run pnpm test	2026-10-07T03:18:31.7280414Z ✔ UXI-301: the adapter forces unselectable even when the DTO LIES about selectable (0.2833ms)
gateway-web	Run pnpm test	2026-10-07T03:18:31.7281019Z ✔ UXI-301: NO raw scheduler vocabulary leaks into the default view model (1.0143ms)
gateway-web	Run pnpm test	2026-10-07T03:18:31.7281603Z ✔ UXI-301: the leak rule survives every provider term the contract can produce (0.5121ms)
gateway-web	Run pnpm test	2026-10-07T03:18:31.7282259Z ✔ UXI-301: raw vocabulary IS reachable, but only through the explicit advanced block (0.3951ms)
gateway-web	Run pnpm test	2026-10-07T03:18:31.7283147Z ✔ UXI-301: the adapter never fabricates success and never claims to have chosen (0.8806ms)
gateway-web	Run pnpm test	2026-10-07T03:18:31.7283785Z ✔ UXI-301: an unknown state or term THROWS rather than rendering blank (0.8579ms)
gateway-web	Run pnpm test	2026-10-07T03:18:31.7284499Z ✔ UXI-301: the adapter does not recompute selection - it reports the contract decision unchanged (0.2146ms)
gateway-web	Run pnpm test	2026-10-07T03:18:31.7285191Z ✔ UXI-301: the view model is frozen, so a renderer cannot mutate presentation truth (0.3314ms)
gateway-web	Run pnpm test	2026-10-07T03:18:31.7285770Z ✔ UXI-301: real registry vocabulary flows end to end into user language (0.1727ms)
gateway-web	Run pnpm test	2026-10-07T03:18:31.7286326Z ✔ UXI-301 panel: a state renders in user language, not as a token (2.7545ms)
gateway-web	Run pnpm test	2026-10-07T03:18:31.7286889Z ✔ UXI-301 panel: NO raw scheduler vocabulary appears in the default HTML (1.0617ms)
gateway-web	Run pnpm test	2026-10-07T03:18:31.7287532Z ✔ UXI-301 panel: an unavailable provider is visible with its reason and is NOT a control (0.451ms)
gateway-web	Run pnpm test	2026-10-07T03:18:31.7288785Z ✔ UXI-301 panel: a submitting action carries its token for wiring and its LABEL in user language (0.5501ms)
gateway-web	Run pnpm test	2026-10-07T03:18:31.7289720Z ✔ UXI-301 panel: the provider choice lives on the ROW and names a candidate the feed offered (0.6405ms)
gateway-web	Run pnpm test	2026-10-07T03:18:31.7290427Z ✔ UXI-301 panel: with nothing available to switch to, the instruction says so (0.3371ms)
gateway-web	Run pnpm test	2026-10-07T03:18:31.7291042Z ✔ UXI-301 panel: a decision is asked for only when the feed requires one (0.3427ms)
gateway-web	Run pnpm test	2026-10-07T03:18:31.7291683Z ✔ UXI-301 panel: technical detail appears ONLY behind the explicit Advanced disclosure (0.3968ms)
gateway-web	Run pnpm test	2026-10-07T03:18:31.7292579Z ✔ UXI-301 panel: an unreported feed never looks like a healthy or idle one (0.3919ms)
gateway-web	Run pnpm test	2026-10-07T03:18:31.7293154Z ✔ UXI-301 panel: all text is escaped, including ids from the feed (0.3167ms)
gateway-web	Run pnpm test	2026-10-07T03:18:31.7293683Z ✔ UXI-301 panel: the panel renders in zh-CN as well as en (0.3859ms)
gateway-web	Run pnpm test	2026-10-07T03:18:31.7294215Z ✔ UXI-301 panel: every copy key the panel uses exists in both locale packs (1.6295ms)
gateway-web	Run pnpm test	2026-10-07T03:18:39.9051036Z ✔ Windows history loads detail explicitly, retains it across snapshots and fences late selections (6139.6999ms)
gateway-web	Run pnpm test	2026-10-07T03:18:39.9052063Z ✔ Windows Services invokes real document, knowledge, skill, evidence and theme adapters (8298.9489ms)
gateway-web	Run pnpm test	2026-10-07T03:18:39.9228524Z ✔ renderTerminal returns the terminal controller, not a boolean (1.7927ms)
gateway-web	Run pnpm test	2026-10-07T03:20:33.3446764Z ✔ every terminal page renders, and the page actually follows the shell (0.9831ms)
gateway-web	Run pnpm test	2026-10-07T03:20:33.3447289Z ✔ the Ask / Do page does not duplicate any id owned by the shell (0.6767ms)
gateway-web	Run pnpm test	2026-10-07T03:20:33.3447677Z ✔ no id is duplicated anywhere in the shell document (0.1125ms)
gateway-web	Run pnpm test	2026-10-07T03:20:33.3448049Z ✔ the terminal module never attaches a second submit path to the shell bar (0.4805ms)
gateway-web	Run pnpm test	2026-10-07T03:20:33.3448435Z ✔ the shell bar is a real form so Enter submits it once, natively (0.2036ms)
gateway-web	Run pnpm test	2026-10-07T03:20:33.3448796Z ✔ Web Devices and ephemeral pairing share the authoritative Gateway (121458.726ms)
gateway-web	Run pnpm test	2026-10-07T03:20:46.6462292Z ✔ Web freshness, device detail, node offline and pairing expiry (13301.5458ms)
gateway-web	Run pnpm test	2026-10-07T03:20:46.6634888Z ✔ Web control creates a real task and shows durable result (112360.7215ms)
gateway-web	Run pnpm test	2026-10-07T03:20:46.6639297Z ℹ tests 1483
gateway-web	Run pnpm test	2026-10-07T03:20:46.6639559Z ℹ suites 0
gateway-web	Run pnpm test	2026-10-07T03:20:46.6639800Z ℹ pass 1483
gateway-web	Run pnpm test	2026-10-07T03:20:46.6640080Z ℹ fail 0
gateway-web	Run pnpm test	2026-10-07T03:20:46.6640303Z ℹ cancelled 0
gateway-web	Run pnpm test	2026-10-07T03:20:46.6640534Z ℹ skipped 0
gateway-web	Run pnpm test	2026-10-07T03:20:46.6640765Z ℹ todo 0
gateway-web	Run pnpm test	2026-10-07T03:20:46.6648899Z ℹ duration_ms 305110.792
gateway-web	Run node scripts/verify-promotion-history.mjs	﻿2026-10-07T03:20:46.7909090Z ##[group]Run node scripts/verify-promotion-history.mjs
gateway-web	Run node scripts/verify-promotion-history.mjs	2026-10-07T03:20:46.7909420Z ^[[36;1mnode scripts/verify-promotion-history.mjs^[[0m
gateway-web	Run node scripts/verify-promotion-history.mjs	2026-10-07T03:20:46.7962837Z shell: C:\Program Files\PowerShell\7\pwsh.EXE -command ". '{0}'"
gateway-web	Run node scripts/verify-promotion-history.mjs	2026-10-07T03:20:46.7963083Z env:
gateway-web	Run node scripts/verify-promotion-history.mjs	2026-10-07T03:20:46.7963246Z   PNPM_HOME: C:\Users\runneradmin\setup-pnpm\node_modules\.bin
gateway-web	Run node scripts/verify-promotion-history.mjs	2026-10-07T03:20:46.7963437Z ##[endgroup]
gateway-web	Run node scripts/verify-promotion-history.mjs	2026-10-07T03:20:48.7237540Z promotion history:
gateway-web	Run node scripts/verify-promotion-history.mjs	2026-10-07T03:20:48.7239406Z   OK   document-intake-lab: 165e2664ad4e -> e3d6bbd9dd91 -> city/09-planning-knowledge/02-document-intake/ingestion-core
gateway-web	Run node scripts/verify-promotion-history.mjs	2026-10-07T03:20:48.7240256Z   OK   document-readers-lab: e9a4c2370544 -> 6a95bf4502f1 -> city/09-planning-knowledge/02-document-intake/document-readers
gateway-web	Run node scripts/verify-promotion-history.mjs	2026-10-07T03:20:48.7241006Z   OK   evidence-engine-lab: ec4202f774a9 -> e1dcfd73e9b3 -> city/06-research/01-research-institute/evidence-engine
gateway-web	Run node scripts/verify-promotion-history.mjs	2026-10-07T03:20:48.7241683Z   OK   knowledge-core-lab: 01f932bd2aad -> b82fcfd0f153 -> city/09-planning-knowledge/01-knowledge-service/knowledge-core
gateway-web	Run node scripts/verify-promotion-history.mjs	2026-10-07T03:20:48.7242600Z   OK   skill-discovery-lab: b4dff8150312 -> 48494263d755 -> city/02-engineering/02-worker-gateway/skill-intake
gateway-web	Run node scripts/verify-promotion-history.mjs	2026-10-07T03:20:48.7243204Z   OK   skill-intake-lab: 1ba5b4809f05 -> 140287250ef1 -> city/02-engineering/02-worker-gateway/skill-intake
gateway-web	Run node scripts/verify-promotion-history.mjs	2026-10-07T03:20:48.7243852Z   OK   theme-builder-lab: 3ff7d805f043 -> 74c277cbc2a4 -> city/11-entertainment/01-entertainment-centre/theme-engine
gateway-web	Run node scripts/verify-promotion-history.mjs	2026-10-07T03:20:48.7244519Z   OK   theme-engine-lab: 9819ed7a4a21 -> a18b1e80b740 -> city/11-entertainment/01-entertainment-centre/theme-engine
gateway-web	Run node scripts/verify-promotion-history.mjs	2026-10-07T03:20:48.7245184Z   OK   theme-package-lab: 95d958ddacc6 -> 5d1abecdc38a -> city/11-entertainment/01-entertainment-centre/theme-engine
gateway-web	Run node scripts/verify-promotion-history.mjs	2026-10-07T03:20:48.7245840Z   OK   yaml-intake-lab: b6d7733c9272 -> e068d58ee890 -> city/09-planning-knowledge/02-document-intake/ingestion-core
gateway-web	Run node scripts/verify-promotion-history.mjs	2026-10-07T03:20:48.7246431Z promotion-history: 10 record(s) verified against local Git history at 2decc71b2b9a
gateway-web	Run node --test apps/rooms/tests/*.test.mjs	﻿2026-10-07T03:20:48.8405384Z ##[group]Run node --test apps/rooms/tests/*.test.mjs
gateway-web	Run node --test apps/rooms/tests/*.test.mjs	2026-10-07T03:20:48.8405697Z ^[[36;1mnode --test apps/rooms/tests/*.test.mjs^[[0m
gateway-web	Run node --test apps/rooms/tests/*.test.mjs	2026-10-07T03:20:48.8460536Z shell: C:\Program Files\PowerShell\7\pwsh.EXE -command ". '{0}'"
gateway-web	Run node --test apps/rooms/tests/*.test.mjs	2026-10-07T03:20:48.8460763Z env:
gateway-web	Run node --test apps/rooms/tests/*.test.mjs	2026-10-07T03:20:48.8460931Z   PNPM_HOME: C:\Users\runneradmin\setup-pnpm\node_modules\.bin
gateway-web	Run node --test apps/rooms/tests/*.test.mjs	2026-10-07T03:20:48.8461132Z ##[endgroup]
gateway-web	Run node --test apps/rooms/tests/*.test.mjs	2026-10-07T03:20:49.3737704Z ✔ bookmark room creates, edits and deletes bookmarks (145.4971ms)
gateway-web	Run node --test apps/rooms/tests/*.test.mjs	2026-10-07T03:20:49.4081092Z ✔ bookmark room accepts only absolute http(s) URLs (34.5263ms)
gateway-web	Run node --test apps/rooms/tests/*.test.mjs	2026-10-07T03:20:49.4285428Z ✔ bookmark title falls back to the URL and search covers url and note (19.1721ms)
gateway-web	Run node --test apps/rooms/tests/*.test.mjs	2026-10-07T03:20:49.4526519Z ✔ bookmark export/import replaces the collection and rejects bad payloads (24.6956ms)
gateway-web	Run node --test apps/rooms/tests/*.test.mjs	2026-10-07T03:20:49.4643248Z ✔ bookmark data is durable across a hub restart (11.8399ms)
gateway-web	Run node --test apps/rooms/tests/*.test.mjs	2026-10-07T03:20:52.4850978Z ✔ calendar room creates, edits and deletes a dated event (113.7518ms)
gateway-web	Run node --test apps/rooms/tests/*.test.mjs	2026-10-07T03:20:52.4854229Z ✔ calendar room validates dates and times (46.0203ms)
gateway-web	Run node --test apps/rooms/tests/*.test.mjs	2026-10-07T03:20:52.4854793Z ✔ calendar groups events into today, upcoming and past in order (1.4653ms)
gateway-web	Run node --test apps/rooms/tests/*.test.mjs	2026-10-07T03:20:52.4855365Z ✔ calendar scope filters today and upcoming over HTTP (43.0967ms)
gateway-web	Run node --test apps/rooms/tests/*.test.mjs	2026-10-07T03:20:52.4855830Z ✔ calendar export/import replaces events and data survives a restart (31.3201ms)
gateway-web	Run node --test apps/rooms/tests/*.test.mjs	2026-10-07T03:20:52.4856162Z ✔ checklist room creates lists and items with progress (98.8241ms)
gateway-web	Run node --test apps/rooms/tests/*.test.mjs	2026-10-07T03:20:52.4856452Z ✔ checklist items can be reordered and deleted (81.7917ms)
gateway-web	Run node --test apps/rooms/tests/*.test.mjs	2026-10-07T03:20:52.4856739Z ✔ checklist clear-completed removes only done items (29.6391ms)
gateway-web	Run node --test apps/rooms/tests/*.test.mjs	2026-10-07T03:20:52.4857031Z ✔ checklist data is durable across a hub restart (24.3799ms)
gateway-web	Run node --test apps/rooms/tests/*.test.mjs	2026-10-07T03:20:52.4857326Z ✔ checklist room avoids City Control task vocabulary (2.5ms)
gateway-web	Run node --test apps/rooms/tests/*.test.mjs	2026-10-07T03:20:52.5686097Z ✔ csv parser handles quotes, escaped quotes and embedded newlines (1.8389ms)
gateway-web	Run node --test apps/rooms/tests/*.test.mjs	2026-10-07T03:20:52.5687385Z ✔ csv summary reports columns, rows and truncation (0.6619ms)
gateway-web	Run node --test apps/rooms/tests/*.test.mjs	2026-10-07T03:20:52.5688211Z ✔ json parse reports a position for invalid input (0.5296ms)
gateway-web	Run node --test apps/rooms/tests/*.test.mjs	2026-10-07T03:20:52.6458682Z ✔ data lab pretty prints and minifies over HTTP (79.3862ms)
gateway-web	Run node --test apps/rooms/tests/*.test.mjs	2026-10-07T03:20:52.6711519Z ✔ data lab returns a structured error for invalid json and parses valid json (28.1838ms)
gateway-web	Run node --test apps/rooms/tests/*.test.mjs	2026-10-07T03:20:52.7196168Z ✔ data lab csv preview endpoint works and rejects broken csv (48.3767ms)
gateway-web	Run node --test apps/rooms/tests/*.test.mjs	2026-10-07T03:20:52.7617521Z ✔ decision room records a question with options and opens as OPEN (113.9952ms)
gateway-web	Run node --test apps/rooms/tests/*.test.mjs	2026-10-07T03:20:52.7618600Z ✔ decision room appends options and keeps selected option ids stable (54.1862ms)
gateway-web	Run node --test apps/rooms/tests/*.test.mjs	2026-10-07T03:20:52.7619278Z ✔ decision room decide and revisit transitions (33.2855ms)
gateway-web	Run node --test apps/rooms/tests/*.test.mjs	2026-10-07T03:20:52.7930074Z ✔ decision room searches and filters by status (31.8992ms)
gateway-web	Run node --test apps/rooms/tests/*.test.mjs	2026-10-07T03:20:52.8294452Z ✔ decision export/import replaces data, validates payloads and survives a restart (36.8393ms)
gateway-web	Run node --test apps/rooms/tests/*.test.mjs	2026-10-07T03:20:55.8373385Z ✔ focus room exposes presets and completes a real short session (124.2108ms)
gateway-web	Run node --test apps/rooms/tests/*.test.mjs	2026-10-07T03:20:55.8374370Z ✔ focus room records an interrupted session honestly after a reload (38.7417ms)
gateway-web	Run node --test apps/rooms/tests/*.test.mjs	2026-10-07T03:20:55.8374930Z ✔ focus room validates session input (24.2173ms)
gateway-web	Run node --test apps/rooms/tests/*.test.mjs	2026-10-07T03:20:55.8375412Z ✔ focus room deletes a session and keeps the rest (32.0082ms)
gateway-web	Run node --test apps/rooms/tests/*.test.mjs	2026-10-07T03:20:55.8375971Z ✔ focus summary counts today using local dates and sessions are durable (27.2014ms)
gateway-web	Run node --test apps/rooms/tests/*.test.mjs	2026-10-07T03:20:55.8376504Z ✔ hash room digest matches Node crypto for fixed inputs (58.1618ms)
gateway-web	Run node --test apps/rooms/tests/*.test.mjs	2026-10-07T03:20:55.8377126Z ✔ hash room compares an expected digest and reports match or mismatch (18.1671ms)
gateway-web	Run node --test apps/rooms/tests/*.test.mjs	2026-10-07T03:20:55.8377852Z ✔ hash room rejects unknown algorithms and writes nothing to runtime (11.4596ms)
gateway-web	Run node --test apps/rooms/tests/*.test.mjs	2026-10-07T03:20:55.8378542Z ✔ room store writes schemaVersion/updatedAt/data and survives a reload (12.3101ms)
gateway-web	Run node --test apps/rooms/tests/*.test.mjs	2026-10-07T03:20:55.8379394Z ✔ room store rejects a wrong schemaVersion and a non-object root (7.0648ms)
gateway-web	Run node --test apps/rooms/tests/*.test.mjs	2026-10-07T03:20:55.8379970Z ✔ store mutations are serialized so concurrent writes do not lose items (19.9856ms)
gateway-web	Run node --test apps/rooms/tests/*.test.mjs	2026-10-07T03:20:55.8386941Z ✔ shared helpers normalize text, tags and collection CRUD (4.7256ms)
gateway-web	Run node --test apps/rooms/tests/*.test.mjs	2026-10-07T03:20:55.8387510Z ✔ hub serves health, the room catalog and the product shell on loopback (64.6786ms)
gateway-web	Run node --test apps/rooms/tests/*.test.mjs	2026-10-07T03:20:55.8388088Z ✔ hub rejects unknown rooms and unknown routes without touching other rooms (12.1744ms)
gateway-web	Run node --test apps/rooms/tests/*.test.mjs	2026-10-07T03:20:55.8388618Z ✔ static serving never escapes the configured root (2.6323ms)
gateway-web	Run node --test apps/rooms/tests/*.test.mjs	2026-10-07T03:20:55.8389151Z ✔ room data files are isolated: clearing one room leaves the others intact (100.8714ms)
gateway-web	Run node --test apps/rooms/tests/*.test.mjs	2026-10-07T03:20:55.8389700Z ✔ hub configuration defaults to port 4320 and loopback only (0.6433ms)
gateway-web	Run node --test apps/rooms/tests/*.test.mjs	2026-10-07T03:20:55.8390224Z ✔ all ten local rooms are LOCAL_PRODUCT and carry null donor metadata (1.232ms)
gateway-web	Run node --test apps/rooms/tests/*.test.mjs	2026-10-07T03:20:55.8390800Z ✔ every incubating room declares a full donor and promotion contract (0.5518ms)
gateway-web	Run node --test apps/rooms/tests/*.test.mjs	2026-10-07T03:20:55.8391455Z ✔ lifecycle defaults and metadata projection follow the §5.2 contract (0.1823ms)
gateway-web	Run node --test apps/rooms/tests/*.test.mjs	2026-10-07T03:20:55.8392088Z ✔ a promoted room leaves the active catalog but stays known to Git history (0.2251ms)
gateway-web	Run node --test apps/rooms/tests/*.test.mjs	2026-10-07T03:20:55.8392902Z ✔ promotion records are validated and rejected when malformed (9.3606ms)
gateway-web	Run node --test apps/rooms/tests/*.test.mjs	2026-10-07T03:20:55.8393533Z ✔ promotion cross-checks catch an unknown room, an active room and a path mismatch (0.4295ms)
gateway-web	Run node --test apps/rooms/tests/*.test.mjs	2026-10-07T03:20:55.8394114Z ✔ hub exposes lifecycle metadata and the promotion record set (49.4721ms)
gateway-web	Run node --test apps/rooms/tests/*.test.mjs	2026-10-07T03:20:56.5711440Z ✔ knowledge room creates, lists, edits and deletes entries over HTTP (76.0769ms)
gateway-web	Run node --test apps/rooms/tests/*.test.mjs	2026-10-07T03:20:56.5712153Z ✔ knowledge entries survive a hub restart (15.0608ms)
gateway-web	Run node --test apps/rooms/tests/*.test.mjs	2026-10-07T03:20:56.5712706Z ✔ knowledge search covers title, body and tags and is case-insensitive (19.1522ms)
gateway-web	Run node --test apps/rooms/tests/*.test.mjs	2026-10-07T03:20:56.5713368Z ✔ knowledge export bundle carries format, schemaVersion and full entries (8.6826ms)
gateway-web	Run node --test apps/rooms/tests/*.test.mjs	2026-10-07T03:20:56.5714018Z ✔ knowledge import replaces data and rejects malformed bundles whole (20.335ms)
gateway-web	Run node --test apps/rooms/tests/*.test.mjs	2026-10-07T03:20:56.5714647Z ✔ knowledge entries are ordered newest-updated first (33.7219ms)
gateway-web	Run node --test apps/rooms/tests/*.test.mjs	2026-10-07T03:20:56.5828517Z ✔ a relocated promotion keeps its historical target and names its authority (6.7156ms)
gateway-web	Run node --test apps/rooms/tests/*.test.mjs	2026-10-07T03:20:56.5829050Z ✔ every promotion record still names a landing point under city/ (3.3264ms)
gateway-web	Run node --test apps/rooms/tests/*.test.mjs	2026-10-07T03:20:59.0398492Z ✔ prompt library creates a prompt and derives its variables (64.4799ms)
gateway-web	Run node --test apps/rooms/tests/*.test.mjs	2026-10-07T03:20:59.0400144Z ✔ prompt rendering fills known variables and reports the missing ones (24.4404ms)
gateway-web	Run node --test apps/rooms/tests/*.test.mjs	2026-10-07T03:20:59.0402383Z ✔ prompt values persist with the prompt and are reused as defaults (31.9498ms)
gateway-web	Run node --test apps/rooms/tests/*.test.mjs	2026-10-07T03:20:59.0403045Z ✔ prompt search covers title, template and note (18.9217ms)
gateway-web	Run node --test apps/rooms/tests/*.test.mjs	2026-10-07T03:20:59.0403750Z ✔ prompt export/import replaces the library and the room never calls an AI provider (20.6169ms)
gateway-web	Run node --test apps/rooms/tests/*.test.mjs	2026-10-07T03:20:59.0526681Z ✔ text stats count characters, words and lines (1.327ms)
gateway-web	Run node --test apps/rooms/tests/*.test.mjs	2026-10-07T03:20:59.0527132Z ✔ whitespace and blank-line operations are deterministic (0.3346ms)
gateway-web	Run node --test apps/rooms/tests/*.test.mjs	2026-10-07T03:20:59.0527811Z ✔ sort and dedupe behave predictably (0.3904ms)
gateway-web	Run node --test apps/rooms/tests/*.test.mjs	2026-10-07T03:20:59.0528080Z ✔ case operations cover upper, lower and title (0.3244ms)
gateway-web	Run node --test apps/rooms/tests/*.test.mjs	2026-10-07T03:20:59.0528353Z ✔ line diff reports added, removed and identical lines (0.3008ms)
gateway-web	Run node --test apps/rooms/tests/*.test.mjs	2026-10-07T03:20:59.0528686Z ✔ text workshop serves transforms over HTTP and persists nothing (71.451ms)
gateway-web	Run node --test apps/rooms/tests/*.test.mjs	2026-10-07T03:20:59.0530243Z ℹ tests 69
gateway-web	Run node --test apps/rooms/tests/*.test.mjs	2026-10-07T03:20:59.0530429Z ℹ suites 0
gateway-web	Run node --test apps/rooms/tests/*.test.mjs	2026-10-07T03:20:59.0530616Z ℹ pass 69
gateway-web	Run node --test apps/rooms/tests/*.test.mjs	2026-10-07T03:20:59.0530782Z ℹ fail 0
gateway-web	Run node --test apps/rooms/tests/*.test.mjs	2026-10-07T03:20:59.0530970Z ℹ cancelled 0
gateway-web	Run node --test apps/rooms/tests/*.test.mjs	2026-10-07T03:20:59.0531179Z ℹ skipped 0
gateway-web	Run node --test apps/rooms/tests/*.test.mjs	2026-10-07T03:20:59.0531359Z ℹ todo 0
gateway-web	Run node --test apps/rooms/tests/*.test.mjs	2026-10-07T03:20:59.0531565Z ℹ duration_ms 9952.7421
gateway-web	Run node city/test-all.mjs	﻿2026-10-07T03:20:59.1488923Z ##[group]Run node city/test-all.mjs
gateway-web	Run node city/test-all.mjs	2026-10-07T03:20:59.1489207Z ^[[36;1mnode city/test-all.mjs^[[0m
gateway-web	Run node city/test-all.mjs	2026-10-07T03:20:59.1539506Z shell: C:\Program Files\PowerShell\7\pwsh.EXE -command ". '{0}'"
gateway-web	Run node city/test-all.mjs	2026-10-07T03:20:59.1539750Z env:
gateway-web	Run node city/test-all.mjs	2026-10-07T03:20:59.1540084Z   PNPM_HOME: C:\Users\runneradmin\setup-pnpm\node_modules\.bin
gateway-web	Run node city/test-all.mjs	2026-10-07T03:20:59.1540330Z ##[endgroup]
gateway-web	Run node city/test-all.mjs	2026-10-07T03:20:59.4045795Z city: running 121 test file(s)
gateway-web	Run node city/test-all.mjs	2026-10-07T03:20:59.4046570Z   00-foundation/01-city-core/audit-ledger/tests/decision-ledger.test.mjs
gateway-web	Run node city/test-all.mjs	2026-10-07T03:20:59.4046928Z   00-foundation/01-city-core/audit-ledger/tests/guardian-gate.test.mjs
gateway-web	Run node city/test-all.mjs	2026-10-07T03:20:59.4047618Z   00-foundation/01-city-core/audit-ledger/tests/recovery.test.mjs
gateway-web	Run node city/test-all.mjs	2026-10-07T03:20:59.4048132Z   00-foundation/01-city-core/fleet-routing/tests/adaptive-routing.test.mjs
gateway-web	Run node city/test-all.mjs	2026-10-07T03:20:59.4048566Z   00-foundation/01-city-core/fleet-routing/tests/capability-routing.test.mjs
gateway-web	Run node city/test-all.mjs	2026-10-07T03:20:59.4048908Z   00-foundation/01-city-core/fleet-routing/tests/coverage.test.mjs
gateway-web	Run node city/test-all.mjs	2026-10-07T03:20:59.4049635Z   00-foundation/01-city-core/fleet-routing/tests/fleet.test.mjs
gateway-web	Run node city/test-all.mjs	2026-10-07T03:20:59.4050018Z   00-foundation/01-city-core/fleet-routing/tests/hysteresis.test.mjs
gateway-web	Run node city/test-all.mjs	2026-10-07T03:20:59.4050436Z   00-foundation/01-city-core/fleet-routing/tests/pressure.test.mjs
gateway-web	Run node city/test-all.mjs	2026-10-07T03:20:59.4051489Z   00-foundation/01-city-core/fleet-routing/tests/rescan.test.mjs
gateway-web	Run node city/test-all.mjs	2026-10-07T03:20:59.4052028Z   00-foundation/01-city-core/fleet-routing/tests/routing-sequence.test.mjs
gateway-web	Run node city/test-all.mjs	2026-10-07T03:20:59.4052552Z   00-foundation/01-city-core/root-authority/tests/guard.test.mjs
gateway-web	Run node city/test-all.mjs	2026-10-07T03:20:59.4053068Z   00-foundation/01-city-core/root-authority/tests/protected-surface.test.mjs
gateway-web	Run node city/test-all.mjs	2026-10-07T03:20:59.4053612Z   00-foundation/01-city-core/task-lifecycle/tests/task-lifecycle.test.mjs
gateway-web	Run node city/test-all.mjs	2026-10-07T03:20:59.4054124Z   00-foundation/02-city-node-network/device-identity/tests/device-identity.test.mjs
gateway-web	Run node city/test-all.mjs	2026-10-07T03:20:59.4054611Z   00-foundation/02-city-node-network/pairing-trust/tests/pairing-trust.test.mjs
gateway-web	Run node city/test-all.mjs	2026-10-07T03:20:59.4055126Z   00-foundation/03-capability-fabric/capability-fabric/tests/capability-fabric.test.mjs
gateway-web	Run node city/test-all.mjs	2026-10-07T03:20:59.4055731Z   00-foundation/03-capability-fabric/capability-fabric/tests/v03-derivation-parity.test.mjs
gateway-web	Run node city/test-all.mjs	2026-10-07T03:20:59.4056210Z   00-foundation/05-control-centre/theme-engine/tests/d9-core.test.mjs
gateway-web	Run node city/test-all.mjs	2026-10-07T03:20:59.4056498Z   00-foundation/05-control-centre/theme-engine/tests/d9-parity.test.mjs
gateway-web	Run node city/test-all.mjs	2026-10-07T03:20:59.4056903Z   00-foundation/05-control-centre/theme-engine/tests/theme-engine.test.mjs
gateway-web	Run node city/test-all.mjs	2026-10-07T03:20:59.4057339Z   00-foundation/05-control-centre/theme-engine/tests/theme-package.test.mjs
gateway-web	Run node city/test-all.mjs	2026-10-07T03:20:59.4057884Z   02-engineering/01-project-foreman/project-foreman/tests/adapters-autonomy.test.mjs
gateway-web	Run node city/test-all.mjs	2026-10-07T03:20:59.4058511Z   02-engineering/01-project-foreman/project-foreman/tests/donor/engineering-checkpoint.test.mjs
gateway-web	Run node city/test-all.mjs	2026-10-07T03:20:59.4059144Z   02-engineering/01-project-foreman/project-foreman/tests/donor/engineering-context.test.mjs
gateway-web	Run node city/test-all.mjs	2026-10-07T03:20:59.4059768Z   02-engineering/01-project-foreman/project-foreman/tests/donor/engineering-cross-volume-cleanup.test.mjs
gateway-web	Run node city/test-all.mjs	2026-10-07T03:20:59.4060151Z   02-engineering/01-project-foreman/project-foreman/tests/donor/engineering-plan.test.mjs
gateway-web	Run node city/test-all.mjs	2026-10-07T03:20:59.4060539Z   02-engineering/01-project-foreman/project-foreman/tests/donor/engineering-process-identity.test.mjs
gateway-web	Run node city/test-all.mjs	2026-10-07T03:20:59.4061698Z   02-engineering/01-project-foreman/project-foreman/tests/donor/engineering-process-real.test.mjs
gateway-web	Run node city/test-all.mjs	2026-10-07T03:20:59.4062560Z   02-engineering/01-project-foreman/project-foreman/tests/donor/engineering-recovery-journal.test.mjs
gateway-web	Run node city/test-all.mjs	2026-10-07T03:20:59.4063288Z   02-engineering/01-project-foreman/project-foreman/tests/donor/engineering-recovery-schema.test.mjs
gateway-web	Run node city/test-all.mjs	2026-10-07T03:20:59.4064014Z   02-engineering/01-project-foreman/project-foreman/tests/donor/engineering-scenarios-autonomy.test.mjs
gateway-web	Run node city/test-all.mjs	2026-10-07T03:20:59.4064736Z   02-engineering/01-project-foreman/project-foreman/tests/donor/engineering-scenarios.test.mjs
gateway-web	Run node city/test-all.mjs	2026-10-07T03:20:59.4067814Z   02-engineering/01-project-foreman/project-foreman/tests/donor/engineering-verifier.test.mjs
gateway-web	Run node city/test-all.mjs	2026-10-07T03:20:59.4068251Z   02-engineering/01-project-foreman/project-foreman/tests/donor/engineering-wiring-lock.test.mjs
gateway-web	Run node city/test-all.mjs	2026-10-07T03:20:59.4068687Z   02-engineering/01-project-foreman/project-foreman/tests/donor-boss/recovery-model.test.mjs
gateway-web	Run node city/test-all.mjs	2026-10-07T03:20:59.4069080Z   02-engineering/01-project-foreman/project-foreman/tests/failure-recovery.test.mjs
gateway-web	Run node city/test-all.mjs	2026-10-07T03:20:59.4069442Z   02-engineering/01-project-foreman/project-foreman/tests/plan-parity.test.mjs
gateway-web	Run node city/test-all.mjs	2026-10-07T03:20:59.4069817Z   02-engineering/01-project-foreman/project-foreman/tests/recovery.test.mjs
gateway-web	Run node city/test-all.mjs	2026-10-07T03:20:59.4070164Z   02-engineering/01-project-foreman/project-foreman/tests/supervisor.test.mjs
gateway-web	Run node city/test-all.mjs	2026-10-07T03:20:59.4070502Z   02-engineering/01-project-foreman/project-foreman/tests/verification.test.mjs
gateway-web	Run node city/test-all.mjs	2026-10-07T03:20:59.4070861Z   02-engineering/02-worker-gateway/provider-adapter/tests/provider-state.test.mjs
gateway-web	Run node city/test-all.mjs	2026-10-07T03:20:59.4071221Z   02-engineering/02-worker-gateway/provider-adapter/tests/runtime.test.mjs
gateway-web	Run node city/test-all.mjs	2026-10-07T03:20:59.4071587Z   02-engineering/02-worker-gateway/provider-resilience/tests/circuit-breaker.test.mjs
gateway-web	Run node city/test-all.mjs	2026-10-07T03:20:59.4071971Z   02-engineering/02-worker-gateway/provider-resilience/tests/provider-outcome.test.mjs
gateway-web	Run node city/test-all.mjs	2026-10-07T03:20:59.4072348Z   02-engineering/02-worker-gateway/skill-intake/tests/catalog-semantics.test.mjs
gateway-web	Run node city/test-all.mjs	2026-10-07T03:20:59.4072695Z   02-engineering/02-worker-gateway/skill-intake/tests/skill-discovery.test.mjs
gateway-web	Run node city/test-all.mjs	2026-10-07T03:20:59.4073022Z   02-engineering/02-worker-gateway/skill-intake/tests/skill-intake.test.mjs
gateway-web	Run node city/test-all.mjs	2026-10-07T03:20:59.4073322Z   02-engineering/02-worker-gateway/worker-runner/tests/runner.test.mjs
gateway-web	Run node city/test-all.mjs	2026-10-07T03:20:59.4073628Z   02-engineering/02-worker-gateway/worker-task-contract/tests/lifecycle.test.mjs
gateway-web	Run node city/test-all.mjs	2026-10-07T03:20:59.4073974Z   02-engineering/03-host-health-station/host-health-station/tests/differential.test.mjs
gateway-web	Run node city/test-all.mjs	2026-10-07T03:20:59.4074365Z   02-engineering/03-host-health-station/host-health-station/tests/host-health-station.test.mjs
gateway-web	Run node city/test-all.mjs	2026-10-07T03:20:59.4074765Z   02-engineering/04-restart-recovery-station/checkpoint-gate/tests/checkpoint-gate.test.mjs
gateway-web	Run node city/test-all.mjs	2026-10-07T03:20:59.4075147Z   02-engineering/04-restart-recovery-station/restart-lock/tests/restart-lock.test.mjs
gateway-web	Run node city/test-all.mjs	2026-10-07T03:20:59.4075537Z   02-engineering/04-restart-recovery-station/restart-protocol/tests/canonical-json.test.mjs
gateway-web	Run node city/test-all.mjs	2026-10-07T03:20:59.4075931Z   02-engineering/04-restart-recovery-station/restart-protocol/tests/request-validator.test.mjs
gateway-web	Run node city/test-all.mjs	2026-10-07T03:20:59.4076292Z   02-engineering/04-restart-recovery-station/restart-ticket/tests/ticket.test.mjs
gateway-web	Run node city/test-all.mjs	2026-10-07T03:20:59.4076624Z   06-research/01-research-institute/evidence-engine/tests/evidence-engine.test.mjs
gateway-web	Run node city/test-all.mjs	2026-10-07T03:20:59.4076984Z   06-research/01-research-institute/research-manuscript/tests/figures.test.mjs
gateway-web	Run node city/test-all.mjs	2026-10-07T03:20:59.4077332Z   06-research/01-research-institute/research-manuscript/tests/manuscript.test.mjs
gateway-web	Run node city/test-all.mjs	2026-10-07T03:20:59.4077683Z   06-research/01-research-institute/research-protocol/tests/command.test.mjs
gateway-web	Run node city/test-all.mjs	2026-10-07T03:20:59.4078026Z   06-research/01-research-institute/research-protocol/tests/contract.test.mjs
gateway-web	Run node city/test-all.mjs	2026-10-07T03:20:59.4078547Z   06-research/01-research-institute/research-protocol/tests/contracts.test.mjs
gateway-web	Run node city/test-all.mjs	2026-10-07T03:20:59.4079189Z   06-research/01-research-institute/research-protocol/tests/ir.test.mjs
gateway-web	Run node city/test-all.mjs	2026-10-07T03:20:59.4079666Z   06-research/01-research-institute/research-protocol/tests/protocol.test.mjs
gateway-web	Run node city/test-all.mjs	2026-10-07T03:20:59.4080140Z   06-research/01-research-institute/research-protocol/tests/roles.test.mjs
gateway-web	Run node city/test-all.mjs	2026-10-07T03:20:59.4080489Z   06-research/01-research-institute/research-provenance/tests/bibliography.test.mjs
gateway-web	Run node city/test-all.mjs	2026-10-07T03:20:59.4080819Z   06-research/01-research-institute/research-provenance/tests/citation.test.mjs
gateway-web	Run node city/test-all.mjs	2026-10-07T03:20:59.4081156Z   06-research/01-research-institute/research-provenance/tests/contracts.test.mjs
gateway-web	Run node city/test-all.mjs	2026-10-07T03:20:59.4082303Z   06-research/01-research-institute/research-provenance/tests/input.test.mjs
gateway-web	Run node city/test-all.mjs	2026-10-07T03:20:59.4082623Z   06-research/01-research-institute/research-review/tests/adjudicate.test.mjs
gateway-web	Run node city/test-all.mjs	2026-10-07T03:20:59.4082975Z   06-research/01-research-institute/research-review/tests/capability-registry.test.mjs
gateway-web	Run node city/test-all.mjs	2026-10-07T03:20:59.4083321Z   06-research/01-research-institute/research-review/tests/contracts.test.mjs
gateway-web	Run node city/test-all.mjs	2026-10-07T03:20:59.4083619Z   06-research/01-research-institute/research-review/tests/index.test.mjs
gateway-web	Run node city/test-all.mjs	2026-10-07T03:20:59.4083909Z   06-research/01-research-institute/research-review/tests/levela.test.mjs
gateway-web	Run node city/test-all.mjs	2026-10-07T03:20:59.4084214Z   06-research/01-research-institute/research-review/tests/levelb.test.mjs
gateway-web	Run node city/test-all.mjs	2026-10-07T03:20:59.4084522Z   06-research/01-research-institute/research-review/tests/review.test.mjs
gateway-web	Run node city/test-all.mjs	2026-10-07T03:20:59.4084845Z   06-research/01-research-institute/research-statistics/tests/battery.test.mjs
gateway-web	Run node city/test-all.mjs	2026-10-07T03:20:59.4085175Z   06-research/01-research-institute/research-statistics/tests/statistics.test.mjs
gateway-web	Run node city/test-all.mjs	2026-10-07T03:20:59.4085553Z   09-planning-knowledge/01-knowledge-service/knowledge-core/tests/knowledge-core.test.mjs
gateway-web	Run node city/test-all.mjs	2026-10-07T03:20:59.4085954Z   09-planning-knowledge/02-document-intake/document-readers/tests/document-readers.test.mjs
gateway-web	Run node city/test-all.mjs	2026-10-07T03:20:59.4086314Z   09-planning-knowledge/02-document-intake/document-readers/tests/docx.test.mjs
gateway-web	Run node city/test-all.mjs	2026-10-07T03:20:59.4086635Z   09-planning-knowledge/02-document-intake/document-readers/tests/engines.test.mjs
gateway-web	Run node city/test-all.mjs	2026-10-07T03:20:59.4086947Z   09-planning-knowledge/02-document-intake/document-readers/tests/pdf.test.mjs
gateway-web	Run node city/test-all.mjs	2026-10-07T03:20:59.4087252Z   09-planning-knowledge/02-document-intake/document-readers/tests/xlsx.test.mjs
gateway-web	Run node city/test-all.mjs	2026-10-07T03:20:59.4087588Z   09-planning-knowledge/02-document-intake/ingestion-core/tests/ingestion-core.test.mjs
gateway-web	Run node city/test-all.mjs	2026-10-07T03:20:59.4087932Z   09-planning-knowledge/02-document-intake/ingestion-core/tests/yaml-intake.test.mjs
gateway-web	Run node city/test-all.mjs	2026-10-07T03:20:59.4088265Z   09-planning-knowledge/02-document-intake/ingestion-core/tests/yaml-parser.test.mjs
gateway-web	Run node city/test-all.mjs	2026-10-07T03:20:59.4088630Z   10-automation/01-computer-use-runtime/backend-surface/tests/action-readiness.test.mjs
gateway-web	Run node city/test-all.mjs	2026-10-07T03:20:59.4088995Z   10-automation/01-computer-use-runtime/backend-surface/tests/computer-recovery.test.mjs
gateway-web	Run node city/test-all.mjs	2026-10-07T03:20:59.4089339Z   10-automation/01-computer-use-runtime/backend-surface/tests/dom-page.test.mjs
gateway-web	Run node city/test-all.mjs	2026-10-07T03:20:59.4089658Z   10-automation/01-computer-use-runtime/backend-surface/tests/permission.test.mjs
gateway-web	Run node city/test-all.mjs	2026-10-07T03:20:59.4090000Z   10-automation/01-computer-use-runtime/backend-surface/tests/provider-dom-surface.test.mjs
gateway-web	Run node city/test-all.mjs	2026-10-07T03:20:59.4090338Z   10-automation/01-computer-use-runtime/backend-surface/tests/semantic.test.mjs
gateway-web	Run node city/test-all.mjs	2026-10-07T03:20:59.4090674Z   10-automation/01-computer-use-runtime/backend-surface/tests/ui-surface.test.mjs
gateway-web	Run node city/test-all.mjs	2026-10-07T03:20:59.4090978Z   10-automation/01-computer-use-runtime/bounded-run/tests/health.test.mjs
gateway-web	Run node city/test-all.mjs	2026-10-07T03:20:59.4091273Z   10-automation/01-computer-use-runtime/bounded-run/tests/identity.test.mjs
gateway-web	Run node city/test-all.mjs	2026-10-07T03:20:59.4091567Z   10-automation/01-computer-use-runtime/bounded-run/tests/index.test.mjs
gateway-web	Run node city/test-all.mjs	2026-10-07T03:20:59.4091869Z   10-automation/01-computer-use-runtime/bounded-run/tests/reconnect.test.mjs
gateway-web	Run node city/test-all.mjs	2026-10-07T03:20:59.4092179Z   10-automation/01-computer-use-runtime/bounded-run/tests/recovery.test.mjs
gateway-web	Run node city/test-all.mjs	2026-10-07T03:20:59.4092577Z   10-automation/01-computer-use-runtime/bounded-run/tests/resources.test.mjs
gateway-web	Run node city/test-all.mjs	2026-10-07T03:20:59.4092878Z   10-automation/01-computer-use-runtime/bounded-run/tests/stabilization.test.mjs
gateway-web	Run node city/test-all.mjs	2026-10-07T03:20:59.4093175Z   10-automation/01-computer-use-runtime/bounded-run/tests/stall.test.mjs
gateway-web	Run node city/test-all.mjs	2026-10-07T03:20:59.4093484Z   10-automation/01-computer-use-runtime/bounded-run/tests/state-machine.test.mjs
gateway-web	Run node city/test-all.mjs	2026-10-07T03:20:59.4093790Z   10-automation/01-computer-use-runtime/execution-contract/tests/action.test.mjs
gateway-web	Run node city/test-all.mjs	2026-10-07T03:20:59.4094103Z   10-automation/01-computer-use-runtime/execution-contract/tests/contract.test.mjs
gateway-web	Run node city/test-all.mjs	2026-10-07T03:20:59.4094501Z   10-automation/01-computer-use-runtime/execution-contract/tests/contracts.test.mjs
gateway-web	Run node city/test-all.mjs	2026-10-07T03:20:59.4094828Z   10-automation/01-computer-use-runtime/execution-contract/tests/criteria.test.mjs
gateway-web	Run node city/test-all.mjs	2026-10-07T03:20:59.4095144Z   10-automation/01-computer-use-runtime/execution-contract/tests/errors.test.mjs
gateway-web	Run node city/test-all.mjs	2026-10-07T03:20:59.4095456Z   10-automation/01-computer-use-runtime/execution-contract/tests/parity.test.mjs
gateway-web	Run node city/test-all.mjs	2026-10-07T03:20:59.4095763Z   10-automation/01-computer-use-runtime/routing-safety/tests/evidence.test.mjs
gateway-web	Run node city/test-all.mjs	2026-10-07T03:20:59.4096062Z   10-automation/01-computer-use-runtime/routing-safety/tests/modal.test.mjs
gateway-web	Run node city/test-all.mjs	2026-10-07T03:20:59.4096365Z   10-automation/01-computer-use-runtime/routing-safety/tests/routing.test.mjs
gateway-web	Run node city/test-all.mjs	2026-10-07T03:20:59.4096662Z   10-automation/01-computer-use-runtime/routing-safety/tests/safety.test.mjs
gateway-web	Run node city/test-all.mjs	2026-10-07T03:20:59.4096952Z   10-automation/01-computer-use-runtime/target-guard/tests/target.test.mjs
gateway-web	Run node city/test-all.mjs	2026-10-07T03:20:59.4097243Z   10-automation/01-computer-use-runtime/world-verification/tests/miss.test.mjs
gateway-web	Run node city/test-all.mjs	2026-10-07T03:20:59.4097549Z   10-automation/01-computer-use-runtime/world-verification/tests/observer.test.mjs
gateway-web	Run node city/test-all.mjs	2026-10-07T03:20:59.4097864Z   10-automation/01-computer-use-runtime/world-verification/tests/progress.test.mjs
gateway-web	Run node city/test-all.mjs	2026-10-07T03:20:59.4098184Z   10-automation/01-computer-use-runtime/world-verification/tests/verification.test.mjs
gateway-web	Run node city/test-all.mjs	2026-10-07T03:20:59.4098516Z   10-automation/01-computer-use-runtime/world-verification/tests/world-state.test.mjs
gateway-web	Run node city/test-all.mjs	2026-10-07T03:20:59.4098760Z   tests/manifest.test.mjs
gateway-web	Run node city/test-all.mjs	2026-10-07T03:20:59.5465939Z ✔ a well-formed entry validates and keeps every field (1.5303ms)
gateway-web	Run node city/test-all.mjs	2026-10-07T03:20:59.5493694Z ✔ the donor bounds are enforced one for one (1.1336ms)
gateway-web	Run node city/test-all.mjs	2026-10-07T03:20:59.5494390Z ✔ append is immutable and refuses to overwrite an existing decision (0.3131ms)
gateway-web	Run node city/test-all.mjs	2026-10-07T03:20:59.5509729Z ✔ appendAllToLedger appends in order and stops at the first bad entry (1.4899ms)
gateway-web	Run node city/test-all.mjs	2026-10-07T03:20:59.5525222Z ✔ summarizeLedger counts by source and outcome and reports rollbacks (0.2887ms)
gateway-web	Run node city/test-all.mjs	2026-10-07T03:20:59.5527086Z ✔ entriesForTask returns that task history in ledger order (0.1436ms)
gateway-web	Run node city/test-all.mjs	2026-10-07T03:20:59.5711116Z ✔ the donor vocabulary is seven checks plus four theme checks (2.0211ms)
gateway-web	Run node city/test-all.mjs	2026-10-07T03:20:59.5712126Z ✔ no observations means NOT_RUN, not a pass, and release is blocked (0.6117ms)
gateway-web	Run node city/test-all.mjs	2026-10-07T03:20:59.5713472Z ✔ a fully evidenced candidate is released with every check named (0.6456ms)
gateway-web	Run node city/test-all.mjs	2026-10-07T03:20:59.5714186Z ✔ a partial context reports exactly what is still owed (0.1469ms)
gateway-web	Run node city/test-all.mjs	2026-10-07T03:20:59.5714819Z ✔ a removal check that could not run is NOT_RUN, never PASS (0.3835ms)
gateway-web	Run node city/test-all.mjs	2026-10-07T03:20:59.5715585Z ✔ unapproved removals fail the destructive-change check and name the kind (1.332ms)
gateway-web	Run node city/test-all.mjs	2026-10-07T03:20:59.5716178Z ✔ coverage below 100% fails and reports the ratio (0.2701ms)
gateway-web	Run node city/test-all.mjs	2026-10-07T03:20:59.5716889Z ✔ an empty goal fails even when requirements are listed (0.177ms)
gateway-web	Run node city/test-all.mjs	2026-10-07T03:20:59.5717452Z ✔ a deliverable with no serving requirement fails the goal check (0.1855ms)
gateway-web	Run node city/test-all.mjs	2026-10-07T03:20:59.5718044Z ✔ scope violations and refusals fail the scope check (0.3662ms)
gateway-web	Run node city/test-all.mjs	2026-10-07T03:20:59.5718675Z ✔ an empty evidence ledger fails completeness even with nothing outstanding (0.23ms)
gateway-web	Run node city/test-all.mjs	2026-10-07T03:20:59.5719319Z ✔ an Owner override must be lexically reflected in the work (0.4571ms)
gateway-web	Run node city/test-all.mjs	2026-10-07T03:20:59.5720351Z ✔ a touched theme lane requires the four theme checks even when nothing was read (0.2143ms)
gateway-web	Run node city/test-all.mjs	2026-10-07T03:20:59.5720983Z ✔ readable theme packages produce real theme verdicts (0.3627ms)
gateway-web	Run node city/test-all.mjs	2026-10-07T03:20:59.5721649Z ✔ a non-built-in theme with diagnostics is not judged on built-in integrity (0.1449ms)
gateway-web	Run node city/test-all.mjs	2026-10-07T03:20:59.5722314Z ✔ termsOf keeps runs of four or more alphanumerics and deduplicates (0.1222ms)
gateway-web	Run node city/test-all.mjs	2026-10-07T03:20:59.5722873Z ✔ the result factories shape their inputs (0.5206ms)
gateway-web	Run node city/test-all.mjs	2026-10-07T03:20:59.5819892Z ✔ the §33 vocabularies are declared exactly as the donor declares them (2.5613ms)
gateway-web	Run node city/test-all.mjs	2026-10-07T03:20:59.5881212Z ✔ every class the donor can produce is classified with its own confidence, severity and reason (2.8837ms)
gateway-web	Run node city/test-all.mjs	2026-10-07T03:20:59.5901021Z ✔ the ladder is decided most-authoritative-first, not by whichever pattern is easiest (0.3282ms)
gateway-web	Run node city/test-all.mjs	2026-10-07T03:20:59.5911699Z ✔ a rule whose host-verified precondition is absent does not fire (1.8386ms)
gateway-web	Run node city/test-all.mjs	2026-10-07T03:20:59.5915188Z ✔ a gate that failed with no signature is classified from the gate itself (0.299ms)
gateway-web	Run node city/test-all.mjs	2026-10-07T03:20:59.5919640Z ✔ an observation with no signal at all is UNKNOWN, not the most convenient class (0.1988ms)
gateway-web	Run node city/test-all.mjs	2026-10-07T03:20:59.5921440Z ✔ an unlisted TS error code is a dependency when no module was confirmed missing (0.1347ms)
gateway-web	Run node city/test-all.mjs	2026-10-07T03:20:59.5922597Z ✔ the classifier reads the provider fields, not only the detail (0.1486ms)
gateway-web	Run node city/test-all.mjs	2026-10-07T03:20:59.5923350Z ✔ a plan exists for every class, walks the whole ladder, and always ends at the Hard Blocker (1.1711ms)
gateway-web	Run node city/test-all.mjs	2026-10-07T03:20:59.5924522Z ✔ an inapplicable step keeps its donor reason rather than being dropped (0.36ms)
gateway-web	Run node city/test-all.mjs	2026-10-07T03:20:59.5926041Z ✔ a TERMINAL failure has no applicable step but the Hard Blocker, and is never planned for retry (0.3325ms)
gateway-web	Run node city/test-all.mjs	2026-10-07T03:20:59.5933187Z ✔ the THEME class carries §33.2's own ladder (0.1754ms)
gateway-web	Run node city/test-all.mjs	2026-10-07T03:20:59.5934706Z ✔ progress offers the next step while its budget remains, and moves on at the exact boundary (0.2767ms)
gateway-web	Run node city/test-all.mjs	2026-10-07T03:20:59.5939679Z ✔ the ladder is not advisory: a later step is never offered while a cheaper one has budget (0.1342ms)
gateway-web	Run node city/test-all.mjs	2026-10-07T03:20:59.5941655Z ✔ a PASS still spends the budget, because the run advances on attempts made (0.1522ms)
gateway-web	Run node city/test-all.mjs	2026-10-07T03:20:59.6027747Z ✔ a class with no applicable step reports the reason for its first skipped step (0.1159ms)
gateway-web	Run node city/test-all.mjs	2026-10-07T03:20:59.6029907Z ✔ the shape helpers construct the donor shapes and copy their lists (0.2656ms)
gateway-web	Run node city/test-all.mjs	2026-10-07T03:20:59.6037372Z ✔ the shape validators refuse a field that lies about its type, without inventing new rules (1.121ms)
gateway-web	Run node city/test-all.mjs	2026-10-07T03:20:59.6039705Z ✔ the ported functions refuse a classification that is not one of §33.1's classes (0.1172ms)
gateway-web	Run node city/test-all.mjs	2026-10-07T03:20:59.6382413Z ✔ the policy constants are the donor constants (1.4208ms)
gateway-web	Run node city/test-all.mjs	2026-10-07T03:20:59.6384012Z ✔ clamp01 clamps the range and treats a non-finite value as zero (0.1781ms)
gateway-web	Run node city/test-all.mjs	2026-10-07T03:20:59.6384894Z ✔ expectedUtility scores the neutral prior exactly (0.1946ms)
gateway-web	Run node city/test-all.mjs	2026-10-07T03:20:59.6387003Z ✔ expectedUtility charges the latency term only when latency is defined (0.1556ms)
gateway-web	Run node city/test-all.mjs	2026-10-07T03:20:59.6389285Z ✔ expectedUtility charges the resource term only when it is defined (0.1902ms)
gateway-web	Run node city/test-all.mjs	2026-10-07T03:20:59.6392329Z ✔ expectedUtility clamps every out-of-range input (0.1255ms)
gateway-web	Run node city/test-all.mjs	2026-10-07T03:20:59.6392995Z ✔ expectedUtility rounds to four decimals with Number(toFixed(4)) (0.1613ms)
gateway-web	Run node city/test-all.mjs	2026-10-07T03:20:59.6394629Z ✔ the adaptive value shapes validate scores, decisions and rerank results (1.0403ms)
gateway-web	Run node city/test-all.mjs	2026-10-07T03:20:59.6551817Z ✔ the routing vocabulary is the donor vocabulary, with an unobserved default (1.7279ms)
gateway-web	Run node city/test-all.mjs	2026-10-07T03:20:59.6554801Z ✔ states that cannot accept work are excluded with their reason (1.0035ms)
gateway-web	Run node city/test-all.mjs	2026-10-07T03:20:59.6556055Z ✔ blocked never lists a capability exclusion, even when both exclusion kinds occur (0.2176ms)
gateway-web	Run node city/test-all.mjs	2026-10-07T03:20:59.6556760Z ✔ a missing requirement is named in full, and an unobserved state is UNKNOWN (0.3016ms)
gateway-web	Run node city/test-all.mjs	2026-10-07T03:20:59.6569149Z ✔ candidate order is preserved and empty requirements admit state-eligible candidates (0.3235ms)
gateway-web	Run node city/test-all.mjs	2026-10-07T03:20:59.6595023Z ✔ self-inspection reports every capability in the donor order from observed facts only (0.4614ms)
gateway-web	Run node city/test-all.mjs	2026-10-07T03:20:59.6597081Z ✔ an unobserved web-AI provider and an absent GPU are never READY (0.2481ms)
gateway-web	Run node city/test-all.mjs	2026-10-07T03:20:59.6598113Z ✔ compute FAILED fails the node, memory DEGRADED degrades it, READY needs neither (0.2448ms)
gateway-web	Run node city/test-all.mjs	2026-10-07T03:20:59.6598924Z ✔ inspectNode derives the verdicts and the node state once, from one record (0.2897ms)
gateway-web	Run node city/test-all.mjs	2026-10-07T03:20:59.6599814Z ✔ the self-inspection value shapes validate observed records (1.9344ms)
gateway-web	Run node city/test-all.mjs	2026-10-07T03:20:59.6681776Z ✔ RS-202 scenario: several devices submitting at once cannot double-execute the same subject (1.4284ms)
gateway-web	Run node city/test-all.mjs	2026-10-07T03:20:59.6684914Z ✔ RS-202 scenario: a RETRY is idempotent while a second device on the same work is not (1.4403ms)
gateway-web	Run node city/test-all.mjs	2026-10-07T03:20:59.6685707Z ✔ RS-202 scenario: a heavily loaded device is paused while its peers stay eligible (1.2768ms)
gateway-web	Run node city/test-all.mjs	2026-10-07T03:20:59.6686424Z ✔ RS-202 scenario: a congested provider session is queued or diverted, never terminal (0.6628ms)
gateway-web	Run node city/test-all.mjs	2026-10-07T03:20:59.6687125Z ✔ RS-202 scenario: a device that drops offline is unreachable, and its return wakes the re-scan (6.0292ms)
gateway-web	Run node city/test-all.mjs	2026-10-07T03:20:59.6687859Z ✔ RS-202 scenario: a claim survives a dropout by TRANSFER, and the old holder cannot retry it (0.5854ms)
gateway-web	Run node city/test-all.mjs	2026-10-07T03:20:59.6688539Z ✔ RS-202 scenario: an eligible set going 0 -> 1 is a TEMPORARY absence that then wakes on an event (1.0857ms)
gateway-web	Run node city/test-all.mjs	2026-10-07T03:20:59.6689206Z ✔ RS-202 scenario: a flapping pool cannot move work that is already claimed (0.7102ms)
gateway-web	Run node city/test-all.mjs	2026-10-07T03:20:59.7245420Z ✔ the heartbeat windows are the donor constants (1.8303ms)
gateway-web	Run node city/test-all.mjs	2026-10-07T03:20:59.7246443Z ✔ node state is derived from the heartbeat age at exact boundaries (0.2113ms)
gateway-web	Run node city/test-all.mjs	2026-10-07T03:20:59.7252263Z ✔ work is accepted by state and by every required capability, never by assumption (0.2085ms)
gateway-web	Run node city/test-all.mjs	2026-10-07T03:20:59.7255651Z ✔ first-fit routing walks nodes in join order and records the placement (0.3434ms)
gateway-web	Run node city/test-all.mjs	2026-10-07T03:20:59.7258682Z ✔ no eligible node queues the task with an honest note instead of a placement (0.2949ms)
gateway-web	Run node city/test-all.mjs	2026-10-07T03:20:59.7259506Z ✔ dropout leaves unrelated and completed work untouched, by identity (0.2864ms)
gateway-web	Run node city/test-all.mjs	2026-10-07T03:20:59.7263827Z ✔ checkpointed work transfers back to the queue with its checkpoint (0.2422ms)
gateway-web	Run node city/test-all.mjs	2026-10-07T03:20:59.7266297Z ✔ replay-safe work is reassigned; unsafe work fails without bumping attempts (0.1839ms)
gateway-web	Run node city/test-all.mjs	2026-10-07T03:20:59.7267956Z ✔ dropout resolves each assignment independently in one pass (0.7548ms)
gateway-web	Run node city/test-all.mjs	2026-10-07T03:20:59.7271588Z ✔ the value shape validators accept honest records and refuse invented ones (0.8795ms)
gateway-web	Run node city/test-all.mjs	2026-10-07T03:20:59.7428446Z ✔ RS-202: the first selection is ADOPTED immediately, because a non-flap should not pay latency (0.9321ms)
gateway-web	Run node city/test-all.mjs	2026-10-07T03:20:59.7429733Z ✔ RS-202: a single different reading never moves work - persistence is required (0.85ms)
gateway-web	Run node city/test-all.mjs	2026-10-07T03:20:59.7430674Z ✔ RS-202: two consecutive confirmations satisfy persistence but the DWELL still suppresses (0.2824ms)
gateway-web	Run node city/test-all.mjs	2026-10-07T03:20:59.7431481Z ✔ RS-202: past the dwell a persistent alternative switches, exactly once (0.1916ms)
gateway-web	Run node city/test-all.mjs	2026-10-07T03:20:59.7432958Z ✔ RS-202: an ALTERNATING pool never earns a switch - the anti-flap case itself (0.1843ms)
gateway-web	Run node city/test-all.mjs	2026-10-07T03:20:59.7435975Z ✔ RS-202: with nothing eligible the decision HOLDS rather than moving to nothing (0.1679ms)
gateway-web	Run node city/test-all.mjs	2026-10-07T03:20:59.7436798Z ✔ RS-202: subjects are damped independently, so one task cannot suppress another (0.1103ms)
gateway-web	Run node city/test-all.mjs	2026-10-07T03:20:59.7437673Z ✔ RS-202: the damping policy and decision vocabulary are inspectable, and flapping is measurable (0.576ms)
gateway-web	Run node city/test-all.mjs	2026-10-07T03:20:59.7478406Z ✔ RS-202: load is a VECTOR and a full vector yields a known pressure (3.1569ms)
gateway-web	Run node city/test-all.mjs	2026-10-07T03:20:59.7480361Z ✔ RS-202: a partial load vector is reported as PARTIAL, with the unobserved dimensions named (0.2714ms)
gateway-web	Run node city/test-all.mjs	2026-10-07T03:20:59.7481704Z ✔ RS-202: an absent or empty load vector is UNKNOWN, never zero (0.2533ms)
gateway-web	Run node city/test-all.mjs	2026-10-07T03:20:59.7482463Z ✔ RS-202: a single saturated dimension BINDS, so idle dimensions cannot dilute it (0.4016ms)
gateway-web	Run node city/test-all.mjs	2026-10-07T03:20:59.7483218Z ✔ RS-202: UNKNOWN load makes a device INELIGIBLE - absence is not spare capacity (0.124ms)
gateway-web	Run node city/test-all.mjs	2026-10-07T03:20:59.7483938Z ✔ RS-202: load at or above the pause threshold pauses placement (0.1559ms)
gateway-web	Run node city/test-all.mjs	2026-10-07T03:20:59.7501113Z ✔ RS-202: a user-disabled device is refused, and an unreadable enablement is refused too (0.2513ms)
gateway-web	Run node city/test-all.mjs	2026-10-07T03:20:59.7507377Z ✔ RS-202: eligibility precedence is ordered, so the reported reason is the actionable one (0.3357ms)
gateway-web	Run node city/test-all.mjs	2026-10-07T03:20:59.7508563Z ✔ RS-202: refusing and unreachable states come from the fleet/presence vocabularies, not a new one (0.2277ms)
gateway-web	Run node city/test-all.mjs	2026-10-07T03:20:59.7509321Z ✔ RS-202: session and provider concurrency ceilings are enforced independently (0.4315ms)
gateway-web	Run node city/test-all.mjs	2026-10-07T03:20:59.7510053Z ✔ RS-202: a reachable but BUSY device is momentarily unsuitable rather than ineligible (0.1955ms)
gateway-web	Run node city/test-all.mjs	2026-10-07T03:20:59.7511548Z ✔ RS-202: policy exclusion is reported as policy rather than hidden behind a resource reason (0.1167ms)
gateway-web	Run node city/test-all.mjs	2026-10-07T03:20:59.7512535Z ✔ RS-202: every verdict is explainable - it carries its reasons and the evidence for them (0.173ms)
gateway-web	Run node city/test-all.mjs	2026-10-07T03:20:59.7513212Z ✔ RS-202: the pressure input bundle exposes all six named factors in one place (0.2866ms)
gateway-web	Run node city/test-all.mjs	2026-10-07T03:20:59.7513908Z ✔ RS-202: eligibility stays a SCHEDULABILITY decision and never touches permission or trust (0.1926ms)
gateway-web	Run node city/test-all.mjs	2026-10-07T03:20:59.7973761Z ✔ RS-202: an already-eligible key resolves IMMEDIATELY without waiting at all (0.8756ms)
gateway-web	Run node city/test-all.mjs	2026-10-07T03:20:59.8007876Z ✔ RS-202: an EVENT wake is the primary mechanism, and it beats the ceiling (3.8525ms)
gateway-web	Run node city/test-all.mjs	2026-10-07T03:20:59.8009150Z ✔ RS-202: a signal that changes NOTHING must not wake the waiter - the re-scan-storm guard (1.9054ms)
gateway-web	Run node city/test-all.mjs	2026-10-07T03:20:59.8381282Z ✔ RS-202: the CEILING is a backstop that prompts a re-scan instead of hanging forever (31.8905ms)
gateway-web	Run node city/test-all.mjs	2026-10-07T03:20:59.8382161Z ✔ RS-202: the default ceiling is the 20-minute policy figure and is a bound, not an interval (1.0778ms)
gateway-web	Run node city/test-all.mjs	2026-10-07T03:20:59.8382620Z ✔ RS-202: signals are scoped to their key, so one pool cannot wake another pool waiters (1.1597ms)
gateway-web	Run node city/test-all.mjs	2026-10-07T03:20:59.8383076Z ✔ RS-202: a predicate that throws degrades to not-eligible instead of breaking the main path (0.6772ms)
gateway-web	Run node city/test-all.mjs	2026-10-07T03:20:59.8383511Z ✔ RS-202: cancellation resolves every waiter and reports that no re-scan is required (0.5633ms)
gateway-web	Run node city/test-all.mjs	2026-10-07T03:20:59.8584872Z ✔ RS-202: no wake path can ever report a terminal failure (21.4153ms)
gateway-web	Run node city/test-all.mjs	2026-10-07T03:20:59.8698217Z ✔ RS-202: an eligible current device runs DIRECTLY, without offering anything (1.2427ms)
gateway-web	Run node city/test-all.mjs	2026-10-07T03:20:59.8714743Z ✔ RS-202: an unavailable current device produces a SWITCH OFFER that is data, not an action (0.1902ms)
gateway-web	Run node city/test-all.mjs	2026-10-07T03:20:59.8716184Z ✔ RS-202: the offer is made BEFORE any queueing, so the user gets the choice first (0.3477ms)
gateway-web	Run node city/test-all.mjs	2026-10-07T03:20:59.8717002Z ✔ RS-202: after a declined switch the sequence diverts to an eligible alternate device (0.1675ms)
gateway-web	Run node city/test-all.mjs	2026-10-07T03:20:59.8719136Z ✔ RS-202: with no spare candidate the sequence QUEUES with a bounded, event-driven deadline (0.2391ms)
gateway-web	Run node city/test-all.mjs	2026-10-07T03:20:59.8719902Z ✔ RS-202: TRANSIENT no-resource is never a terminal failure (0.1131ms)
gateway-web	Run node city/test-all.mjs	2026-10-07T03:20:59.8720568Z ✔ RS-202: ineligibility and temporary absence are DIFFERENT facts, not one bucket (0.2101ms)
gateway-web	Run node city/test-all.mjs	2026-10-07T03:20:59.8721282Z ✔ RS-202: an empty pool is an absence of candidates rather than a refusal of them (0.0792ms)
gateway-web	Run node city/test-all.mjs	2026-10-07T03:20:59.8721985Z ✔ RS-202: retry is bounded and reaching the bound still does not end the task (0.1847ms)
gateway-web	Run node city/test-all.mjs	2026-10-07T03:20:59.8722652Z ✔ RS-202: the result always returns to the ORIGIN device on every path (0.317ms)
gateway-web	Run node city/test-all.mjs	2026-10-07T03:20:59.8723364Z ✔ RS-202: the stage vocabulary is ordered as data, and the reason sets do not overlap (0.6212ms)
gateway-web	Run node city/test-all.mjs	2026-10-07T03:20:59.8724723Z ✔ the composition rule is fixed: escape beats protected beats clean (2.6774ms)
gateway-web	Run node city/test-all.mjs	2026-10-07T03:20:59.8725395Z ✔ assessPaths treats anything unresolvable as an escape, never as unprotected (0.806ms)
gateway-web	Run node city/test-all.mjs	2026-10-07T03:20:59.8726077Z ✔ a rename is classified on both endpoints and a delete like a write (2.0801ms)
gateway-web	Run node city/test-all.mjs	2026-10-07T03:20:59.8726706Z ✔ assessChangeSet reads repo-relative diff names and skips blanks (0.757ms)
gateway-web	Run node city/test-all.mjs	2026-10-07T03:20:59.8736940Z ✔ reasons list at most five escapes and at most ten protected hits (0.5976ms)
gateway-web	Run node city/test-all.mjs	2026-10-07T03:20:59.8737680Z ✔ patterns() is the compiled surface in order, immutable manifest first (0.8014ms)
gateway-web	Run node city/test-all.mjs	2026-10-07T03:20:59.8738717Z ✔ one-shot assessment needs a resolver too, and the guard is deterministic (0.3728ms)
gateway-web	Run node city/test-all.mjs	2026-10-07T03:20:59.8739393Z ✔ the guard carries no fs, realpath or CODEOWNERS loading of its own (8.3688ms)
gateway-web	Run node city/test-all.mjs	2026-10-07T03:20:59.8943135Z ✔ the classifier compiles only the patterns the caller supplies (5.2234ms)
gateway-web	Run node city/test-all.mjs	2026-10-07T03:20:59.8947691Z ✔ the CODEOWNERS subset grammar matches exactly the vectors the donor documents (0.9273ms)
gateway-web	Run node city/test-all.mjs	2026-10-07T03:20:59.8948415Z ✔ a directory pattern protects the entry itself and everything beneath it (0.284ms)
gateway-web	Run node city/test-all.mjs	2026-10-07T03:20:59.8952744Z ✔ a bare double-star pattern behaves as the donor implements it (0.3698ms)
gateway-web	Run node city/test-all.mjs	2026-10-07T03:20:59.8953774Z ✔ matching is case-insensitive by default and can be tightened (0.3697ms)
gateway-web	Run node city/test-all.mjs	2026-10-07T03:20:59.8955549Z ✔ one rule per path, and a repeated path is counted once (0.2934ms)
gateway-web	Run node city/test-all.mjs	2026-10-07T03:20:59.8956300Z ✔ the rename/delete evidence contract: `also` is assessed as well as `paths` (0.2046ms)
gateway-web	Run node city/test-all.mjs	2026-10-07T03:20:59.8957968Z ✔ normalizeRepoPath accepts repo-relative input and refuses anything that escapes (0.2306ms)
gateway-web	Run node city/test-all.mjs	2026-10-07T03:20:59.8958748Z ✔ absolute paths, escapes and non-strings become escapes, never silent passes (0.2986ms)
gateway-web	Run node city/test-all.mjs	2026-10-07T03:20:59.8959543Z ✔ CODEOWNERS parsing keeps only patterns that carry an owner (0.5552ms)
gateway-web	Run node city/test-all.mjs	2026-10-07T03:20:59.9141836Z ✔ the declared lifecycle is the donor order and ends in the terminal state (1.7701ms)
gateway-web	Run node city/test-all.mjs	2026-10-07T03:20:59.9148133Z ✔ every edge table entry agrees with the declared order and the event tables (0.3965ms)
gateway-web	Run node city/test-all.mjs	2026-10-07T03:20:59.9150035Z ✔ the lifecycle walks forward one declared state at a time and never jumps (0.3167ms)
gateway-web	Run node city/test-all.mjs	2026-10-07T03:20:59.9151559Z ✔ ACCEPTED cannot be left by any event, including REPAIR (0.1539ms)
gateway-web	Run node city/test-all.mjs	2026-10-07T03:20:59.9154499Z ✔ a refused event keeps the current state and reports the allowed set (0.2065ms)
gateway-web	Run node city/test-all.mjs	2026-10-07T03:20:59.9155566Z ✔ REPAIR moves exactly one step back and is reported as a repair (0.1573ms)
gateway-web	Run node city/test-all.mjs	2026-10-07T03:20:59.9173006Z ✔ CANDIDATE is reachable but is not a release (0.7802ms)
gateway-web	Run node city/test-all.mjs	2026-10-07T03:20:59.9178256Z ✔ a record built without a clock is deterministic and copies its inputs (0.2177ms)
gateway-web	Run node city/test-all.mjs	2026-10-07T03:20:59.9178868Z ✔ candidateIdFor is stable and independent of requirement order (0.9366ms)
gateway-web	Run node city/test-all.mjs	2026-10-07T03:20:59.9179580Z ✔ lifecycleStep validates its shape instead of accepting a nameless step (0.5793ms)
gateway-web	Run node city/test-all.mjs	2026-10-07T03:20:59.9180727Z ✔ the walker refuses unknown states and events rather than guessing (0.2068ms)
gateway-web	Run node city/test-all.mjs	2026-10-07T03:20:59.9828798Z ✔ an IP or hostname change does not change device_id (4.6628ms)
gateway-web	Run node city/test-all.mjs	2026-10-07T03:20:59.9829872Z ✔ metadata is declared non-authoritative and device_id is not derived from it (0.4921ms)
gateway-web	Run node city/test-all.mjs	2026-10-07T03:20:59.9838315Z ✔ a device with no network observation at all is valid (network is not required for identity) (0.4738ms)
gateway-web	Run node city/test-all.mjs	2026-10-07T03:20:59.9840484Z ✔ rename changes display metadata without changing authority (0.3118ms)
gateway-web	Run node city/test-all.mjs	2026-10-07T03:20:59.9840994Z ✔ rename does not mutate the document it was given (0.3035ms)
gateway-web	Run node city/test-all.mjs	2026-10-07T03:20:59.9841476Z ✔ two devices may share a display name: a name is never an identity (0.2724ms)
gateway-web	Run node city/test-all.mjs	2026-10-07T03:20:59.9845428Z ✔ an empty or non-string rename is refused (0.7311ms)
gateway-web	Run node city/test-all.mjs	2026-10-07T03:20:59.9850056Z ✔ key rotation moves activeKeyId and demotes the previous key to ROTATED history (0.3132ms)
gateway-web	Run node city/test-all.mjs	2026-10-07T03:20:59.9851158Z ✔ a rotated key is no longer authority even though it is still recorded (0.3118ms)
gateway-web	Run node city/test-all.mjs	2026-10-07T03:20:59.9855207Z ✔ a device always has exactly one active key and it always exists (0.3551ms)
gateway-web	Run node city/test-all.mjs	2026-10-07T03:20:59.9856076Z ✔ a duplicate key handle is refused (0.2088ms)
gateway-web	Run node city/test-all.mjs	2026-10-07T03:20:59.9863467Z ✔ revoking the active key is refused; a rotated key may be revoked (0.3565ms)
gateway-web	Run node city/test-all.mjs	2026-10-07T03:20:59.9866116Z ✔ a retired device cannot rotate a key (0.3683ms)
gateway-web	Run node city/test-all.mjs	2026-10-07T03:20:59.9885802Z ✔ retirement is terminal and recorded with its instant (0.2737ms)
gateway-web	Run node city/test-all.mjs	2026-10-07T03:20:59.9889758Z ✔ a reinstall mints a new installation_id and does not inherit the logical device (0.6621ms)
gateway-web	Run node city/test-all.mjs	2026-10-07T03:20:59.9894133Z ✔ an unbound reinstalled installation can do nothing until it is explicitly rebound (0.4312ms)
gateway-web	Run node city/test-all.mjs	2026-10-07T03:20:59.9900109Z ✔ rebinding requires explicit proof and refuses to invent it (0.4109ms)
gateway-web	Run node city/test-all.mjs	2026-10-07T03:20:59.9926541Z ✔ an explicit rebind binds the reinstalled installation to the surviving logical device (0.1868ms)
gateway-web	Run node city/test-all.mjs	2026-10-07T03:20:59.9927486Z ✔ an installation already bound to one device cannot be re-pointed at another (0.1514ms)
gateway-web	Run node city/test-all.mjs	2026-10-07T03:20:59.9928315Z ✔ a reinstall must actually mint new identities (0.1601ms)
gateway-web	Run node city/test-all.mjs	2026-10-07T03:20:59.9928885Z ✔ enrollment refuses to create a bound installation without a device (0.0825ms)
gateway-web	Run node city/test-all.mjs	2026-10-07T03:20:59.9929533Z ✔ a credential presented from a different physical instance is detected as a clone (0.1182ms)
gateway-web	Run node city/test-all.mjs	2026-10-07T03:20:59.9930100Z ✔ a matching presentation is accepted (0.0641ms)
gateway-web	Run node city/test-all.mjs	2026-10-07T03:20:59.9931548Z ✔ a wrong credential is reported as a mismatch, not as a clone (0.0616ms)
gateway-web	Run node city/test-all.mjs	2026-10-07T03:20:59.9932153Z ✔ an unknown installation id is refused before anything else is considered (0.1282ms)
gateway-web	Run node city/test-all.mjs	2026-10-07T03:20:59.9932721Z ✔ a malformed presentation is refused without throwing (0.2074ms)
gateway-web	Run node city/test-all.mjs	2026-10-07T03:20:59.9933280Z ✔ quarantining a cloned installation is terminal and cannot be undone by the clone (0.2453ms)
gateway-web	Run node city/test-all.mjs	2026-10-07T03:20:59.9933899Z ✔ a retired installation is refused even when the credential still matches (0.1533ms)
gateway-web	Run node city/test-all.mjs	2026-10-07T03:20:59.9934522Z ✔ a retired installation cannot be quarantined, so history is not rewritten (0.2145ms)
gateway-web	Run node city/test-all.mjs	2026-10-07T03:20:59.9936514Z ✔ a population scan finds two records sharing one installation identity under two instances (0.3728ms)
gateway-web	Run node city/test-all.mjs	2026-10-07T03:20:59.9937258Z ✔ a population scan finds one installation identity carrying two credential fingerprints (0.9366ms)
gateway-web	Run node city/test-all.mjs	2026-10-07T03:20:59.9937876Z ✔ a population scan reports nothing for a healthy population (0.1553ms)
gateway-web	Run node city/test-all.mjs	2026-10-07T03:20:59.9938434Z ✔ a population scan refuses a malformed record instead of ignoring it (0.1402ms)
gateway-web	Run node city/test-all.mjs	2026-10-07T03:20:59.9938947Z ✔ a missing MAC does not block a valid pairing path (0.3773ms)
gateway-web	Run node city/test-all.mjs	2026-10-07T03:20:59.9939420Z ✔ a randomised MAC does not block a valid pairing path (0.1793ms)
gateway-web	Run node city/test-all.mjs	2026-10-07T03:20:59.9939954Z ✔ MAC randomisation is recognised from the locally-administered bit, not from a guess (0.0775ms)
gateway-web	Run node city/test-all.mjs	2026-10-07T03:20:59.9940549Z ✔ MAC formatting, case and separators are normalised and never rejected (0.0657ms)
gateway-web	Run node city/test-all.mjs	2026-10-07T03:20:59.9941070Z ✔ multiple NICs are all representable and none of them is privileged (0.0771ms)
gateway-web	Run node city/test-all.mjs	2026-10-07T03:20:59.9941573Z ✔ spoofed MAC evidence alone cannot impersonate a trusted node (0.0858ms)
gateway-web	Run node city/test-all.mjs	2026-10-07T03:20:59.9942076Z ✔ MAC never enters an authority-bearing field of a device document (0.365ms)
gateway-web	Run node city/test-all.mjs	2026-10-07T03:20:59.9942639Z ✔ the document discriminators keep a device and an installation distinguishable (0.1591ms)
gateway-web	Run node city/test-all.mjs	2026-10-07T03:20:59.9943204Z ✔ a wrong schema version is refused by both validators (0.5859ms)
gateway-web	Run node city/test-all.mjs	2026-10-07T03:20:59.9943691Z ✔ malformed device records are refused with a specific code (0.4124ms)
gateway-web	Run node city/test-all.mjs	2026-10-07T03:20:59.9944209Z ✔ malformed installation records are refused with a specific code (0.4955ms)
gateway-web	Run node city/test-all.mjs	2026-10-07T03:20:59.9944693Z ✔ the assert helpers throw with the validator code attached (0.1956ms)
gateway-web	Run node city/test-all.mjs	2026-10-07T03:20:59.9945180Z ✔ a v1 document migrates to itself and is reported as unmigrated (0.3422ms)
gateway-web	Run node city/test-all.mjs	2026-10-07T03:20:59.9949064Z ✔ a live gateway node row upgrades to a v1 device identity (0.2528ms)
gateway-web	Run node city/test-all.mjs	2026-10-07T03:20:59.9949664Z ✔ a legacy row with no key material yields a placeholder reference, not an invented key (0.3545ms)
gateway-web	Run node city/test-all.mjs	2026-10-07T03:20:59.9950322Z ✔ an unknown future schema version is refused rather than guessed at (0.1455ms)
gateway-web	Run node city/test-all.mjs	2026-10-07T03:20:59.9950821Z ✔ a legacy row whose id is not a device identity is refused (0.1148ms)
gateway-web	Run node city/test-all.mjs	2026-10-07T03:20:59.9965672Z ✔ a migration requires an instant because it must not read the clock itself (0.1003ms)
gateway-web	Run node city/test-all.mjs	2026-10-07T03:20:59.9967605Z ✔ canonical serialisation is independent of key insertion order (0.406ms)
gateway-web	Run node city/test-all.mjs	2026-10-07T03:20:59.9968349Z ✔ a rename changes the digest but not the device id (0.259ms)
gateway-web	Run node city/test-all.mjs	2026-10-07T03:20:59.9970301Z ✔ the serialised identity is a JSON document carrying exactly the declared fields (0.2613ms)
gateway-web	Run node city/test-all.mjs	2026-10-07T03:20:59.9971040Z ✔ a credential secret never appears in a serialised installation document (0.3195ms)
gateway-web	Run node city/test-all.mjs	2026-10-07T03:20:59.9971724Z ✔ credential fingerprints are reproducible and secret-specific (0.181ms)
gateway-web	Run node city/test-all.mjs	2026-10-07T03:20:59.9986702Z ✔ a secret is refused everywhere a fingerprint is offered in its place (0.1107ms)
gateway-web	Run node city/test-all.mjs	2026-10-07T03:21:00.0010636Z ✔ minting refuses entropy that is not exactly 16 bytes (0.2487ms)
gateway-web	Run node city/test-all.mjs	2026-10-07T03:21:00.0014712Z ✔ minted ids carry their type prefix and 32 hex digits (0.1216ms)
gateway-web	Run node city/test-all.mjs	2026-10-07T03:21:00.0017514Z ✔ minting is pure: the same entropy yields the same id, different entropy does not (0.0657ms)
gateway-web	Run node city/test-all.mjs	2026-10-07T03:21:00.0018256Z ✔ randomEntropy produces 16 usable bytes each call (0.3502ms)
gateway-web	Run node city/test-all.mjs	2026-10-07T03:21:00.0020491Z ✔ instants are parameters and a bad instant is refused with a code (0.2084ms)
gateway-web	Run node city/test-all.mjs	2026-10-07T03:21:00.0021302Z ✔ the metadata builder tolerates a partial observation set (0.1111ms)
gateway-web	Run node city/test-all.mjs	2026-10-07T03:21:00.0023344Z ✔ the exported vocabularies are frozen and internally consistent (0.1195ms)
gateway-web	Run node city/test-all.mjs	2026-10-07T03:21:00.0023970Z ✔ every lifecycle refusal raised by the ladder is a declared rejection code (1.984ms)
gateway-web	Run node city/test-all.mjs	2026-10-07T03:21:00.0024510Z ✔ C1 a retired device cannot present key authority (0.7118ms)
gateway-web	Run node city/test-all.mjs	2026-10-07T03:21:00.0025071Z ✔ C2 a migrated legacy placeholder key is identity, never authentication (0.3395ms)
gateway-web	Run node city/test-all.mjs	2026-10-07T03:21:00.0025614Z ✔ C2 every v1 key must state a known material kind (0.1264ms)
gateway-web	Run node city/test-all.mjs	2026-10-07T03:21:00.0026136Z ✔ C3 a reinstall must mint a new installation credential (0.4861ms)
gateway-web	Run node city/test-all.mjs	2026-10-07T03:21:00.0026733Z ✔ C4 a population scan finds one credential shared by two installation identities (0.6145ms)
gateway-web	Run node city/test-all.mjs	2026-10-07T03:21:00.0027364Z ✔ C5 a quarantined installation can be retired and keeps its quarantine evidence (0.3159ms)
gateway-web	Run node city/test-all.mjs	2026-10-07T03:21:00.0028082Z ✔ C5 a reinstall from a quarantined installation works and preserves the quarantine record (0.2057ms)
gateway-web	Run node city/test-all.mjs	2026-10-07T03:21:00.0028859Z ✔ C5 a quarantine block is legal only on a quarantined or already-quarantined-retired record (0.2098ms)
gateway-web	Run node city/test-all.mjs	2026-10-07T03:21:00.0029622Z ✔ C6 MAC pairing evidence accepts one address, several, or none, and refuses other shapes (0.2094ms)
gateway-web	Run node city/test-all.mjs	2026-10-07T03:21:00.0030289Z ✔ C6 every correction refusal code is declared in the rejection vocabulary (0.0793ms)
gateway-web	Run node city/test-all.mjs	2026-10-07T03:21:00.0633321Z ✔ every join entry point feeds the same pairing state machine (5.8927ms)
gateway-web	Run node city/test-all.mjs	2026-10-07T03:21:00.0634082Z ✔ a Bluetooth bootstrap and a remote invite end in the same TRUSTED record (4.8487ms)
gateway-web	Run node city/test-all.mjs	2026-10-07T03:21:00.0634725Z ✔ possession of an invite or proximity never becomes trust on its own (0.8599ms)
gateway-web	Run node city/test-all.mjs	2026-10-07T03:21:00.0636256Z ✔ both sides present stable fingerprints, and the confirmation is bound to them (0.857ms)
gateway-web	Run node city/test-all.mjs	2026-10-07T03:21:00.0650493Z ✔ a preview that carries a different fingerprint than the key exchange is refused (0.3285ms)
gateway-web	Run node city/test-all.mjs	2026-10-07T03:21:00.0655381Z ✔ both sides reporting the same fingerprint is refused: a pairing needs two peers (0.1861ms)
gateway-web	Run node city/test-all.mjs	2026-10-07T03:21:00.0656342Z ✔ a replayed bootstrap nonce is refused, so an observed handshake cannot be reused (1.6944ms)
gateway-web	Run node city/test-all.mjs	2026-10-07T03:21:00.0657372Z ✔ a confirmation token is single-use even across sessions (2.13ms)
gateway-web	Run node city/test-all.mjs	2026-10-07T03:21:00.0658592Z ✔ a wrong confirmation token is refused and the session stays open (0.7615ms)
gateway-web	Run node city/test-all.mjs	2026-10-07T03:21:00.0660473Z ✔ a session past its deadline cannot advance, whatever the caller tries (0.7069ms)
gateway-web	Run node city/test-all.mjs	2026-10-07T03:21:00.0677588Z ✔ expiry is a fact about the clock, not something a caller can assert (1.9359ms)
gateway-web	Run node city/test-all.mjs	2026-10-07T03:21:00.0683074Z ✔ failed-pair cleanup retires exactly the overdue sessions and nothing else (0.349ms)
gateway-web	Run node city/test-all.mjs	2026-10-07T03:21:00.0684107Z ✔ the transition table is respected and terminal states are terminal (0.5738ms)
gateway-web	Run node city/test-all.mjs	2026-10-07T03:21:00.0693584Z ✔ reject, cancel and fail are distinct recorded outcomes (0.5252ms)
gateway-web	Run node city/test-all.mjs	2026-10-07T03:21:00.0713945Z ✔ a revoked device cannot reconnect with its old credentials (0.6936ms)
gateway-web	Run node city/test-all.mjs	2026-10-07T03:21:00.0715179Z ✔ a lost device loses every trust it holds, and re-pairing needs an explicit decision (5.9287ms)
gateway-web	Run node city/test-all.mjs	2026-10-07T03:21:00.0716793Z ✔ a refusal never leaves the session changed (0.5267ms)
gateway-web	Run node city/test-all.mjs	2026-10-07T03:21:00.0729213Z ✔ a pairing can be refused at any phase, and the refusal is recorded (0.393ms)
gateway-web	Run node city/test-all.mjs	2026-10-07T03:21:00.0730184Z ✔ a quarantined device is refused, and a second trust for one device is refused (0.656ms)
gateway-web	Run node city/test-all.mjs	2026-10-07T03:21:00.0734632Z ✔ a rotated credential stops working and the refusal names the reason (1.2518ms)
gateway-web	Run node city/test-all.mjs	2026-10-07T03:21:00.0777952Z ✔ an unknown device, a wrong fingerprint and a wrong credential are all refused distinctly (0.3757ms)
gateway-web	Run node city/test-all.mjs	2026-10-07T03:21:00.0813813Z ✔ a trust role change is explicit, auditable and transfers no capability (0.5809ms)
gateway-web	Run node city/test-all.mjs	2026-10-07T03:21:00.0816057Z ✔ a trust role is a classification, never a capability grant (3.1ms)
gateway-web	Run node city/test-all.mjs	2026-10-07T03:21:00.0833724Z ✔ local MAC evidence may warn a human but never blocks or grants (1.479ms)
gateway-web	Run node city/test-all.mjs	2026-10-07T03:21:00.0835426Z ✔ a missing or randomised MAC does not obstruct pairing (0.4232ms)
gateway-web	Run node city/test-all.mjs	2026-10-07T03:21:00.0856462Z ✔ MAC evidence can never be turned into trust (0.1027ms)
gateway-web	Run node city/test-all.mjs	2026-10-07T03:21:00.0858052Z ✔ the audit log proves every state transition without carrying key material (3.5208ms)
gateway-web	Run node city/test-all.mjs	2026-10-07T03:21:00.0861073Z ✔ the leak scanner really detects a leak, so its clean answer means something (0.1903ms)
gateway-web	Run node city/test-all.mjs	2026-10-07T03:21:00.0863235Z ✔ the audit log is bounded (0.7621ms)
gateway-web	Run node city/test-all.mjs	2026-10-07T03:21:00.0863859Z ✔ a session document round-trips through validation and refuses malformed input (0.6179ms)
gateway-web	Run node city/test-all.mjs	2026-10-07T03:21:00.0864587Z ✔ a trust record round-trips through validation and refuses malformed input (0.5386ms)
gateway-web	Run node city/test-all.mjs	2026-10-07T03:21:00.0865274Z ✔ a peer session document can be inspected without an authority (0.3452ms)
gateway-web	Run node city/test-all.mjs	2026-10-07T03:21:00.0865906Z ✔ the authority refuses structural nonsense instead of guessing (0.4462ms)
gateway-web	Run node city/test-all.mjs	2026-10-07T03:21:00.0866452Z ✔ confirmation requires a named human actor (2.0441ms)
gateway-web	Run node city/test-all.mjs	2026-10-07T03:21:00.0867077Z ✔ a trust id and a credential must be well formed before any trust exists (0.4558ms)
gateway-web	Run node city/test-all.mjs	2026-10-07T03:21:00.0867710Z ✔ minting is pure and refuses entropy that is not 16 bytes (0.6342ms)
gateway-web	Run node city/test-all.mjs	2026-10-07T03:21:00.0868277Z ✔ randomEntropy produces 16 usable bytes each call (0.4688ms)
gateway-web	Run node city/test-all.mjs	2026-10-07T03:21:00.0868883Z ✔ the exported vocabularies are frozen and internally consistent (0.1916ms)
gateway-web	Run node city/test-all.mjs	2026-10-07T03:21:00.0869522Z ✔ C1 a trusted session is final: expiry and cleanup never rewrite it (0.5887ms)
gateway-web	Run node city/test-all.mjs	2026-10-07T03:21:00.0870185Z ✔ C2 a live re-pair supersedes the previous trust instead of leaving two (0.5909ms)
gateway-web	Run node city/test-all.mjs	2026-10-07T03:21:00.0870935Z ✔ C2 the superseded credential and the replacement credential are both cut off by revocation (0.4196ms)
gateway-web	Run node city/test-all.mjs	2026-10-07T03:21:00.0871637Z ✔ C2 two live records for one device are reported, never silently resolved (0.246ms)
gateway-web	Run node city/test-all.mjs	2026-10-07T03:21:00.0872238Z ✔ C3 a preview that claims MAC authority, or names a foreign device, is refused (0.2848ms)
gateway-web	Run node city/test-all.mjs	2026-10-07T03:21:00.0872812Z ✔ C3 the authority records its own copy of the preview (1.5293ms)
gateway-web	Run node city/test-all.mjs	2026-10-07T03:21:00.0873303Z ✔ C3 the trusted device must be the device the human was shown (1.8202ms)
gateway-web	Run node city/test-all.mjs	2026-10-07T03:21:00.0873823Z ✔ C4 wrong confirmation tokens are bounded and then fail the session (0.539ms)
gateway-web	Run node city/test-all.mjs	2026-10-07T03:21:00.0874862Z ✔ C4 re-requesting a different token is refused, and a decoy preview is never success (1.2419ms)
gateway-web	Run node city/test-all.mjs	2026-10-07T03:21:00.0875424Z ✔ C5 a refused startSession does not burn the challenge (0.2876ms)
gateway-web	Run node city/test-all.mjs	2026-10-07T03:21:00.0875880Z ✔ C5 the MAC mismatch flag must be a real boolean (0.3695ms)
gateway-web	Run node city/test-all.mjs	2026-10-07T03:21:00.1140083Z ✔ a capability resolves by name, never by provider identity (3.1048ms)
gateway-web	Run node city/test-all.mjs	2026-10-07T03:21:00.1142987Z ✔ a missing required capability is recorded as a miss and emits, an optional one only records (3.4144ms)
gateway-web	Run node city/test-all.mjs	2026-10-07T03:21:00.1143823Z ✔ a required-capability gate names every capability nothing provides (1.0788ms)
gateway-web	Run node city/test-all.mjs	2026-10-07T03:21:00.1144597Z ✔ one capability has exactly one owner, and a second owner is refused at registration (2.4453ms)
gateway-web	Run node city/test-all.mjs	2026-10-07T03:21:00.1145751Z ✔ the same owner re-registering its own capability is an update, not a conflict (0.2778ms)
gateway-web	Run node city/test-all.mjs	2026-10-07T03:21:00.1146462Z ✔ priority orders providers and the order is total, not insertion order (12.9484ms)
gateway-web	Run node city/test-all.mjs	2026-10-07T03:21:00.1147073Z ✔ a provider that does not say what it can do is refused (1.001ms)
gateway-web	Run node city/test-all.mjs	2026-10-07T03:21:00.1148368Z ✔ unloading an owner revokes everything it provided, and the miss says why (1.1171ms)
gateway-web	Run node city/test-all.mjs	2026-10-07T03:21:00.1150774Z ✔ revoking one capability is owner-checked (3.2583ms)
gateway-web	Run node city/test-all.mjs	2026-10-07T03:21:00.1151464Z ✔ the lookup log is bounded and returned as copies (0.4643ms)
gateway-web	Run node city/test-all.mjs	2026-10-07T03:21:00.1152027Z ✔ the four lifecycle questions stay separate and the derived state has a fixed order (0.9196ms)
gateway-web	Run node city/test-all.mjs	2026-10-07T03:21:00.1154017Z ✔ a disabled provider is refused a load unless forced, and a second load is a no-op (0.2317ms)
gateway-web	Run node city/test-all.mjs	2026-10-07T03:21:00.1154986Z ✔ a duplicate owner is refused and an unknown owner is a coded refusal, never a throw (0.1845ms)
gateway-web	Run node city/test-all.mjs	2026-10-07T03:21:00.1155855Z ✔ a throwing health probe is contained and never escapes (0.29ms)
gateway-web	Run node city/test-all.mjs	2026-10-07T03:21:00.1157035Z ✔ an unasked or unparseable health answer stays UNKNOWN, never HEALTHY (0.1634ms)
gateway-web	Run node city/test-all.mjs	2026-10-07T03:21:00.1157779Z ✔ unloading releases the capability and resets the restart budget (0.3249ms)
gateway-web	Run node city/test-all.mjs	2026-10-07T03:21:00.1158347Z ✔ a provider fault is recorded at its declared level and contains the provider (0.5591ms)
gateway-web	Run node city/test-all.mjs	2026-10-07T03:21:00.1159005Z ✔ the health reaction ladder is the donor order: fatal stops, soft ignores, then budget (0.197ms)
gateway-web	Run node city/test-all.mjs	2026-10-07T03:21:00.1159669Z ✔ the aggregate verdict is blocked, degraded or healthy and names the providers (0.394ms)
gateway-web	Run node city/test-all.mjs	2026-10-07T03:21:00.1160238Z ✔ a runtime-layer fault is never evidence about the provider (0.3578ms)
gateway-web	Run node city/test-all.mjs	2026-10-07T03:21:00.1160834Z ✔ an explicit refusal inside a successful call is semantic, not a runtime failure (0.0783ms)
gateway-web	Run node city/test-all.mjs	2026-10-07T03:21:00.1161488Z ✔ a deterministic verification or format failure outranks provider behaviour (0.0535ms)
gateway-web	Run node city/test-all.mjs	2026-10-07T03:21:00.1162151Z ✔ an unobservable success is UNCLASSIFIED rather than a fabricated completion (0.0429ms)
gateway-web	Run node city/test-all.mjs	2026-10-07T03:21:00.1162802Z ✔ the classifier walks completion coverage, drift and quality in the donor order (0.082ms)
gateway-web	Run node city/test-all.mjs	2026-10-07T03:21:00.1163356Z ✔ goal drift is reported, never rewritten (1.2988ms)
gateway-web	Run node city/test-all.mjs	2026-10-07T03:21:00.1163841Z ✔ an evaluator revision is appended and never overwrites the original (0.2164ms)
gateway-web	Run node city/test-all.mjs	2026-10-07T03:21:00.1164445Z ✔ the provider lifecycle is two named states with an explicit autoResume flag (0.2141ms)
gateway-web	Run node city/test-all.mjs	2026-10-07T03:21:00.1165009Z ✔ the runtime outcome maps to a recovery action and a provider update (0.2131ms)
gateway-web	Run node city/test-all.mjs	2026-10-07T03:21:00.1165605Z ✔ the City lifecycle maps onto a routing state and availability is lifecycle-derived (0.6533ms)
gateway-web	Run node city/test-all.mjs	2026-10-07T03:21:00.1166294Z ✔ hard eligibility excludes failed, disabled, recovering and unknown candidates and tracks degraded ones (0.304ms)
gateway-web	Run node city/test-all.mjs	2026-10-07T03:21:00.1167048Z ✔ an invocation validates the operation against the provider allowlist before any work runs (2.7873ms)
gateway-web	Run node city/test-all.mjs	2026-10-07T03:21:00.1167718Z ✔ a capability whose owner is not accepted answers BRIDGE_PENDING and runs nothing (0.6412ms)
gateway-web	Run node city/test-all.mjs	2026-10-07T03:21:00.1168332Z ✔ a completed invocation carries a stable digest of its canonical result (1.0497ms)
gateway-web	Run node city/test-all.mjs	2026-10-07T03:21:00.1169320Z ✔ a typed error survives, an unknown throw becomes ADAPTER_UNAVAILABLE, and an oversized result is refused (7.5985ms)
gateway-web	Run node city/test-all.mjs	2026-10-07T03:21:00.1169970Z ✔ concurrency is bounded so one caller cannot exhaust the process (0.6741ms)
gateway-web	Run node city/test-all.mjs	2026-10-07T03:21:00.1170573Z ✔ a restart marks in-flight invocations INTERRUPTED rather than leaving them running (0.5471ms)
gateway-web	Run node city/test-all.mjs	2026-10-07T03:21:00.1171162Z ✔ a learned ranking may reorder the approved candidates and nothing else (0.6494ms)
gateway-web	Run node city/test-all.mjs	2026-10-07T03:21:00.1171740Z ✔ the fabric reports only the capabilities that exist and revokes with their owner (0.4011ms)
gateway-web	Run node city/test-all.mjs	2026-10-07T03:21:00.1172310Z ✔ the invocation list is bounded and a summary never leaks the stored result (0.4314ms)
gateway-web	Run node city/test-all.mjs	2026-10-07T03:21:00.1173050Z ✔ rendering a lock sorts ids so an unchanged composition keeps the same bytes (0.2082ms)
gateway-web	Run node city/test-all.mjs	2026-10-07T03:21:00.1173592Z ✔ the parser refuses what it does not understand instead of guessing (0.4239ms)
gateway-web	Run node city/test-all.mjs	2026-10-07T03:21:00.1174142Z ✔ drift is an exact owner/version set diff with a reason naming every class (0.4267ms)
gateway-web	Run node city/test-all.mjs	2026-10-07T03:21:00.1174736Z ✔ an absent lock is not drift, an empty write is refused, and enforcement is opt-in (51.4719ms)
gateway-web	Run node city/test-all.mjs	2026-10-07T03:21:00.1175345Z ✔ the fabric contract exposes the donors' vocabulary without inventing new terms (0.4488ms)
gateway-web	Run node city/test-all.mjs	2026-10-07T03:21:00.1322482Z ✔ the live bridgeState derivation is identical to the accepted V0.3 rule for every lifecycle mixture (3.9947ms)
gateway-web	Run node city/test-all.mjs	2026-10-07T03:21:00.1323737Z ✔ the live cityLifecycle derivation is identical to the accepted V0.3 rule for every backed capability (2.3464ms)
gateway-web	Run node city/test-all.mjs	2026-10-07T03:21:00.1324722Z ✔ the empty-moduleRefs case differs from the old rule and is unreachable from the live registry (0.2829ms)
gateway-web	Run node city/test-all.mjs	2026-10-07T03:21:00.3902332Z ✔ same prompt gives byte-stable offline intent; explicit styles change the design (7.061ms)
gateway-web	Run node city/test-all.mjs	2026-10-07T03:21:00.3903001Z ✔ observation bounds and critical regions constrain placement; missing observation is truthful (5.8258ms)
gateway-web	Run node city/test-all.mjs	2026-10-07T03:21:00.3903507Z ✔ procedural pixels are deterministic and character alpha has real content bounds (85.3238ms)
gateway-web	Run node city/test-all.mjs	2026-10-07T03:21:00.3903934Z ✔ valid injected image is measured and accepted; bad image retries then falls back (99.1834ms)
gateway-web	Run node city/test-all.mjs	2026-10-07T03:21:06.9918793Z ✔ timeout retries and falls back; invalid fallback disables only its asset (96.6806ms)
gateway-web	Run node city/test-all.mjs	2026-10-07T03:21:06.9919594Z ✔ pixel-invalid image falls back and protected surface never calls an image generator (49.2015ms)
gateway-web	Run node city/test-all.mjs	2026-10-07T03:21:06.9920275Z ✔ pixel validator refuses opaque characters, flat images, dimension drift and budgets (33.5458ms)
gateway-web	Run node city/test-all.mjs	2026-10-07T03:21:06.9920952Z ✔ builder validates then atomically publishes a stable self-contained sandbox package (3480.8191ms)
gateway-web	Run node city/test-all.mjs	2026-10-07T03:21:06.9921919Z ✔ builder refuses escape, existing output, protected writes, excess overlay and partial failure (1333.1801ms)
gateway-web	Run node city/test-all.mjs	2026-10-07T03:21:06.9925196Z ✔ disabled planned assets leave no resurrected token or dangling persona reference (1541.7682ms)
gateway-web	Run node city/test-all.mjs	2026-10-07T03:21:06.9929541Z ✔ empty or malformed observations cannot claim an observed plan (2.1862ms)
gateway-web	Run node city/test-all.mjs	2026-10-07T03:21:06.9947038Z ✔ rejection after final image sizing still retries then tries procedural fallback (69.395ms)
gateway-web	Run node city/test-all.mjs	2026-10-07T03:21:07.0112185Z ✔ pinned donor intent, token and slot decisions match four frozen oracle vectors (19.7327ms)
gateway-web	Run node city/test-all.mjs	2026-10-07T03:21:07.0113001Z ✔ pinned donor plan vocabulary, asset requests and protected write semantics are preserved (11.8757ms)
gateway-web	Run node city/test-all.mjs	2026-10-07T03:21:07.0113610Z ✔ three original procedural PNG digests, alpha/bounds and pixel verdicts match donor (260.6216ms)
gateway-web	Run node city/test-all.mjs	2026-10-07T03:21:07.0114100Z ✔ colour parsing matches the donor grammar (1.8186ms)
gateway-web	Run node city/test-all.mjs	2026-10-07T03:21:07.0114603Z ✔ colour conversion and alpha compositing match the donor (0.6733ms)
gateway-web	Run node city/test-all.mjs	2026-10-07T03:21:07.0115084Z ✔ contrast, readability and shading match the donor thresholds (0.7967ms)
gateway-web	Run node city/test-all.mjs	2026-10-07T03:21:07.0115560Z ✔ the palette ramp is deterministic and stays inside the gamut (1.2499ms)
gateway-web	Run node city/test-all.mjs	2026-10-07T03:21:07.0116349Z ✔ PNG encoding round-trips through the independent decoder (3.5924ms)
gateway-web	Run node city/test-all.mjs	2026-10-07T03:21:07.0116828Z ✔ PNG encoding rejects impossible images instead of producing them (2.2263ms)
gateway-web	Run node city/test-all.mjs	2026-10-07T03:21:07.0117289Z ✔ the swatch builder is deterministic and honours alpha (1.2253ms)
gateway-web	Run node city/test-all.mjs	2026-10-07T03:21:07.0118026Z ✔ the module is self-contained: built-ins only, no donor checkout dependency (15.2639ms)
gateway-web	Run node city/test-all.mjs	2026-10-07T03:21:07.0118615Z ✔ provenance stays honest: DONOR.json pins the donor and records the adaptation (2.9054ms)
gateway-web	Run node city/test-all.mjs	2026-10-07T03:21:07.0119171Z ✔ the contract keeps the safety semantics and drops the donor product nouns (1.8915ms)
gateway-web	Run node city/test-all.mjs	2026-10-07T03:21:07.0119669Z ✔ the write gate refuses a protected surface and never throws (0.6728ms)
gateway-web	Run node city/test-all.mjs	2026-10-07T03:21:07.0120467Z ✔ the validator accepts a conforming package and fails closed on every check (8.0816ms)
gateway-web	Run node city/test-all.mjs	2026-10-07T03:21:07.0120977Z ✔ readability and animation are measured, never assumed (0.619ms)
gateway-web	Run node city/test-all.mjs	2026-10-07T03:21:07.0121504Z ✔ the procedural asset factory is deterministic and palette-sensitive (456.7589ms)
gateway-web	Run node city/test-all.mjs	2026-10-07T03:21:07.0122093Z ✔ the module is self-contained: built-ins only, no donor checkout dependency (15.4146ms)
gateway-web	Run node city/test-all.mjs	2026-10-07T03:21:07.0122584Z ✔ provenance stays honest: DONOR.json records all three waves of this module (9.1499ms)
gateway-web	Run node city/test-all.mjs	2026-10-07T03:21:07.0122922Z ✔ every shipped adapter exposes the interface discovery calls (1.3554ms)
gateway-web	Run node city/test-all.mjs	2026-10-07T03:21:07.0123236Z ✔ defaultAdapters keeps the donor specificity order exactly (0.6959ms)
gateway-web	Run node city/test-all.mjs	2026-10-07T03:21:07.0123589Z ✔ OPERATIONS and CONFIDENCE carry the donor values exactly, and match discovery (0.1908ms)
gateway-web	Run node city/test-all.mjs	2026-10-07T03:21:07.0123998Z ✔ every adapter abstains on an empty directory, and only the generic fallback claims it (1.0064ms)
gateway-web	Run node city/test-all.mjs	2026-10-07T03:21:07.0124389Z ✔ each adapter detects its own ecosystem with the donor score and evidence (1.8871ms)
gateway-web	Run node city/test-all.mjs	2026-10-07T03:21:07.0124720Z ✔ an unreadable directory is nothing to detect, not a crash (0.709ms)
gateway-web	Run node city/test-all.mjs	2026-10-07T03:21:07.0125048Z ✔ every discovered command has the donor shape and a known operation name (21.433ms)
gateway-web	Run node city/test-all.mjs	2026-10-07T03:21:07.0125350Z ✔ adapters.mjs can never execute anything (0.7821ms)
gateway-web	Run node city/test-all.mjs	2026-10-07T03:21:07.0125659Z ✔ answering detection and commands leaves the project directory untouched (3.84ms)
gateway-web	Run node city/test-all.mjs	2026-10-07T03:21:07.0126021Z ✔ the package manager is chosen from the lockfile, in the donor precedence order (9.3ms)
gateway-web	Run node city/test-all.mjs	2026-10-07T03:21:07.0126417Z ✔ the test command prefers a declared script over a framework config over the convention (8.829ms)
gateway-web	Run node city/test-all.mjs	2026-10-07T03:21:07.0126847Z ✔ a declared TypeScript configuration supplies a build command only when none is declared (12.3635ms)
gateway-web	Run node city/test-all.mjs	2026-10-07T03:21:07.0127236Z ✔ every declared Node script is carried over with its own evidence string (2.8944ms)
gateway-web	Run node city/test-all.mjs	2026-10-07T03:21:07.0127786Z ✔ the generic fallback claims nothing it cannot see and labels every guess inferred (9.0355ms)
gateway-web	Run node city/test-all.mjs	2026-10-07T03:21:07.0128163Z ✔ every non-Node command template is the donor string, label and evidence (27.4325ms)
gateway-web	Run node city/test-all.mjs	2026-10-07T03:21:07.0128529Z ✔ a repository with Cargo.toml and package.json is a Rust project, not Node (5.2533ms)
gateway-web	Run node city/test-all.mjs	2026-10-07T03:21:07.0129833Z ✔ the episode phase vocabulary, terminal set, work phases and parkable phases are the donor lists (0.3211ms)
gateway-web	Run node city/test-all.mjs	2026-10-07T03:21:07.0130293Z ✔ every legal transition is allowed and every other move is refused with the donor reason (1.1837ms)
gateway-web	Run node city/test-all.mjs	2026-10-07T03:21:07.0130674Z ✔ an unknown phase is refused by name, at construction and at the move (0.5003ms)
gateway-web	Run node city/test-all.mjs	2026-10-07T03:21:07.0131001Z ✔ a terminal episode can force a teardown but cannot walk on (0.1704ms)
gateway-web	Run node city/test-all.mjs	2026-10-07T03:21:07.0131332Z ✔ the machine reports its phase, its allowed moves and a bounded history (0.1753ms)
gateway-web	Run node city/test-all.mjs	2026-10-07T03:21:07.0131664Z ✔ the autonomy vocabulary and its budgets are the donor values (0.0995ms)
gateway-web	Run node city/test-all.mjs	2026-10-07T03:21:07.0132018Z ✔ a boolean may arrive as a spelling, and anything unstated stays unstated (0.1442ms)
gateway-web	Run node city/test-all.mjs	2026-10-07T03:21:07.0132396Z ✔ autonomy resolves runtime default < contract override < explicit run option (0.3256ms)
gateway-web	Run node city/test-all.mjs	2026-10-07T03:21:07.0132924Z ✔ a disabled controller never continues, whatever the evidence says (0.2466ms)
gateway-web	Run node city/test-all.mjs	2026-10-07T03:21:07.0133260Z ✔ completion, cancellation and a block are terminal for autonomy (0.1164ms)
gateway-web	Run node city/test-all.mjs	2026-10-07T03:21:07.0133608Z ✔ the continuation budget is consumed and exhausted with the donor numbers (0.3991ms)
gateway-web	Run node city/test-all.mjs	2026-10-07T03:21:07.0133944Z ✔ the step budget is consumed and exhausted with the donor numbers (0.104ms)
gateway-web	Run node city/test-all.mjs	2026-10-07T03:21:07.0134284Z ✔ a round that changed nothing is not continued, and says exactly why (0.0957ms)
gateway-web	Run node city/test-all.mjs	2026-10-07T03:21:07.0134625Z ✔ progress is a mutation, a changed file or a passed verification level (0.196ms)
gateway-web	Run node city/test-all.mjs	2026-10-07T03:21:07.0134970Z ✔ the controller keeps a bounded decision trail and reports its own state (0.3411ms)
gateway-web	Run node city/test-all.mjs	2026-10-07T03:21:07.0135447Z ✔ the donor never consults FINAL_REASONS, and the port keeps that behaviour (0.1072ms)
gateway-web	Run node city/test-all.mjs	2026-10-07T03:21:07.0135841Z ✔ discovery finds commands for a real Node project through the lazily loaded adapter set (8.7185ms)
gateway-web	Run node city/test-all.mjs	2026-10-07T03:21:07.0136225Z ✔ the fix template builds all six steps from the discovered command table (6.6588ms)
gateway-web	Run node city/test-all.mjs	2026-10-07T03:21:07.0136625Z ✔ without an adapter set the same repository still produces the empty table the gap described (3.7863ms)
gateway-web	Run node city/test-all.mjs	2026-10-07T03:21:07.0137344Z ﹣ the adapter port agrees with the donor module for every adapter and fixture (0.071ms) # donor checkout absent at D:\a\utopia\utopia\.runtime\evidence\mission-book\MB-004\donor-hns\app\engineering
gateway-web	Run node city/test-all.mjs	2026-10-07T03:21:07.0138130Z ﹣ the autonomy port agrees with the donor module decision by decision (0.0865ms) # donor checkout absent at D:\a\utopia\utopia\.runtime\evidence\mission-book\MB-004\donor-hns\app\engineering
gateway-web	Run node city/test-all.mjs	2026-10-07T03:21:07.0138914Z ﹣ the episode port agrees with the donor module transition by transition (0.0338ms) # donor checkout absent at D:\a\utopia\utopia\.runtime\evidence\mission-book\MB-004\donor-hns\app\engineering
gateway-web	Run node city/test-all.mjs	2026-10-07T03:21:07.0139665Z ▶ checkpoint-10 §33.1 failure classification
gateway-web	Run node city/test-all.mjs	2026-10-07T03:21:07.0140087Z   ✔ covers at least the twelve classes the plan names (1.0026ms)
gateway-web	Run node city/test-all.mjs	2026-10-07T03:21:07.0140609Z   ✔ classifies from the tool's own output, not from a guess (1.1113ms)
gateway-web	Run node city/test-all.mjs	2026-10-07T03:21:07.0141013Z   ✔ reports the signals that decided the class (0.2011ms)
gateway-web	Run node city/test-all.mjs	2026-10-07T03:21:07.0141428Z   ✔ never reclassifies a refusal as something retryable (0.1391ms)
gateway-web	Run node city/test-all.mjs	2026-10-07T03:21:07.0141880Z   ✔ refuses a dependency class when the host verified the module is present (0.1619ms)
gateway-web	Run node city/test-all.mjs	2026-10-07T03:21:07.0142316Z   ✔ classifies a scope refusal as a workspace failure (0.1348ms)
gateway-web	Run node city/test-all.mjs	2026-10-07T03:21:07.0143162Z   ✔ classifies theme and visual failures from their own evidence (1.1539ms)
gateway-web	Run node city/test-all.mjs	2026-10-07T03:21:07.0143614Z   ✔ says UNKNOWN rather than guessing when nothing matched (0.2648ms)
gateway-web	Run node city/test-all.mjs	2026-10-07T03:21:07.0144072Z ✔ checkpoint-10 §33.1 failure classification (5.5222ms)
gateway-web	Run node city/test-all.mjs	2026-10-07T03:21:07.0144416Z ▶ checkpoint-10 §33.2 recovery order
gateway-web	Run node city/test-all.mjs	2026-10-07T03:21:07.0144749Z   ✔ is the plan's order, ending at the Hard Blocker (0.6932ms)
gateway-web	Run node city/test-all.mjs	2026-10-07T03:21:07.0145167Z   ✔ lists every step with a reason, applicable or not (0.4267ms)
gateway-web	Run node city/test-all.mjs	2026-10-07T03:21:07.0145566Z   ✔ goes straight to the Hard Blocker for a prohibited action and forbids HNS (0.3203ms)
gateway-web	Run node city/test-all.mjs	2026-10-07T03:21:07.0145873Z   ✔ sends an auth failure to the Owner instead of retrying (0.1854ms)
gateway-web	Run node city/test-all.mjs	2026-10-07T03:21:07.0146198Z   ✔ gives a theme failure its own §33.2 ladder (0.2321ms)
gateway-web	Run node city/test-all.mjs	2026-10-07T03:21:07.0146961Z   ✔ will not reach HNS while a cheaper applicable step has budget left (0.3241ms)
gateway-web	Run node city/test-all.mjs	2026-10-07T03:21:07.0147288Z   ✔ escalates to the Hard Blocker once every applicable step is exhausted (0.1751ms)
gateway-web	Run node city/test-all.mjs	2026-10-07T03:21:07.0147596Z   ✔ treats a prohibited failure as immediately hard-blocked (0.1141ms)
gateway-web	Run node city/test-all.mjs	2026-10-07T03:21:07.0147874Z ✔ checkpoint-10 §33.2 recovery order (3.6447ms)
gateway-web	Run node city/test-all.mjs	2026-10-07T03:21:07.0148127Z ▶ checkpoint-10 §33.3 HNS positioning and the mandatory gap
gateway-web	Run node city/test-all.mjs	2026-10-07T03:21:07.0148403Z   ✔ allows a first fallback but always produces a CapabilityGap (0.2241ms)
gateway-web	Run node city/test-all.mjs	2026-10-07T03:21:07.0148907Z   ✔ refuses a fallback with no named missing capability — and still records the gap (0.5185ms)
gateway-web	Run node city/test-all.mjs	2026-10-07T03:21:07.0149211Z   ✔ refuses to delegate a prohibited action to HNS (0.0875ms)
gateway-web	Run node city/test-all.mjs	2026-10-07T03:21:07.0149500Z   ✔ stops HNS becoming a permanent crutch after the consecutive ceiling (0.0705ms)
gateway-web	Run node city/test-all.mjs	2026-10-07T03:21:07.0149777Z   ✔ raises the gap's severity with its frequency (0.0945ms)
gateway-web	Run node city/test-all.mjs	2026-10-07T03:21:07.0150039Z   ✔ records only the four §33.3 roles, and never without a gap (0.3119ms)
gateway-web	Run node city/test-all.mjs	2026-10-07T03:21:07.0150334Z ✔ checkpoint-10 §33.3 HNS positioning and the mandatory gap (1.4709ms)
gateway-web	Run node city/test-all.mjs	2026-10-07T03:21:07.0150657Z ✔ a checkpoint round-trips through disk with every saved field intact (6.4673ms)
gateway-web	Run node city/test-all.mjs	2026-10-07T03:21:07.0151184Z ✔ the checkpoint directory defaults under the root option instead of a hardcoded path (0.7881ms)
gateway-web	Run node city/test-all.mjs	2026-10-07T03:21:07.0151714Z ✔ recovery checkpoints preserve the full recovery descriptor and assign the first sequence (5.2054ms)
gateway-web	Run node city/test-all.mjs	2026-10-07T03:21:07.0152117Z ✔ checkpoint writes refuse a descriptor whose digest no longer matches its plan (1.1704ms)
gateway-web	Run node city/test-all.mjs	2026-10-07T03:21:07.0152524Z ✔ the latest recovery checkpoint follows checkpointSeq when the wall clock moves backward (4.4258ms)
gateway-web	Run node city/test-all.mjs	2026-10-07T03:21:07.0152947Z ✔ retention prunes old recovery sequences, never the newest sequence after a clock rollback (8.4886ms)
gateway-web	Run node city/test-all.mjs	2026-10-07T03:21:07.0153345Z ✔ a corrupt checkpoint is skipped and latest() still returns the newest good one (10.0044ms)
gateway-web	Run node city/test-all.mjs	2026-10-07T03:21:07.0153690Z ✔ a half-written temporary file is never read as a checkpoint (5.5139ms)
gateway-web	Run node city/test-all.mjs	2026-10-07T03:21:07.0154045Z ✔ list() is newest first and prune() keeps at most maxFiles checkpoints per episode (12.7108ms)
gateway-web	Run node city/test-all.mjs	2026-10-07T03:21:07.0154408Z ✔ save() enforces maxFiles by itself and leaves no temporary files behind (13.4816ms)
gateway-web	Run node city/test-all.mjs	2026-10-07T03:21:07.0154729Z ✔ remove() discards one episode and leaves the others alone (7.6676ms)
gateway-web	Run node city/test-all.mjs	2026-10-07T03:21:07.0155140Z ✔ latest() returns null — never throws — for a missing directory, an unknown episode and corrupt-only files (2.6071ms)
gateway-web	Run node city/test-all.mjs	2026-10-07T03:21:07.0155574Z ✔ truncateOutput keeps the head, the tail and the region around the first error (3.9304ms)
gateway-web	Run node city/test-all.mjs	2026-10-07T03:21:07.0155968Z ✔ truncateOutput reports no region when nothing matches, and leaves a small output alone (0.2862ms)
gateway-web	Run node city/test-all.mjs	2026-10-07T03:21:07.0156411Z ✔ summarizeTestOutput extracts the failure summary, failed cases, traces, last lines and artifacts (2.3335ms)
gateway-web	Run node city/test-all.mjs	2026-10-07T03:21:07.0156795Z ✔ summarizeTestOutput bounds a huge suite and says it truncated (26.1912ms)
gateway-web	Run node city/test-all.mjs	2026-10-07T03:21:07.0157075Z ✔ verifyResume resumes an unchanged world (200.6301ms)
gateway-web	Run node city/test-all.mjs	2026-10-07T03:21:07.0157316Z ✔ verifyResume restarts when HEAD moved (97.3379ms)
gateway-web	Run node city/test-all.mjs	2026-10-07T03:21:07.0157609Z ✔ verifyResume restarts when a manifest drifted under the same HEAD (149.7021ms)
gateway-web	Run node city/test-all.mjs	2026-10-07T03:21:07.0157974Z ✔ verifyResume refuses when the workspace is gone or is a different workspace (171.2249ms)
gateway-web	Run node city/test-all.mjs	2026-10-07T03:21:07.0158356Z ✔ a pending mutation whose effect is already on disk resumes as already-complete (128.7209ms)
gateway-web	Run node city/test-all.mjs	2026-10-07T03:21:07.0158730Z ✔ a pending mutation that conflicts with the file on disk forces a restart (138.4047ms)
gateway-web	Run node city/test-all.mjs	2026-10-07T03:21:07.0159092Z ✔ verifyResume will not resume over a pending mutation it cannot re-check (132.2583ms)
gateway-web	Run node city/test-all.mjs	2026-10-07T03:21:07.0159464Z ✔ missing owned processes are reported, and the checkpoint is still resumable (125.3507ms)
gateway-web	Run node city/test-all.mjs	2026-10-07T03:21:07.0159795Z ✔ verifyResume only inspects: nothing on disk changes (155.0065ms)
gateway-web	Run node city/test-all.mjs	2026-10-07T03:21:07.0160083Z ✔ verifyResume restarts when there is no checkpoint at all (42.829ms)
gateway-web	Run node city/test-all.mjs	2026-10-07T03:21:07.0160422Z ✔ a live context holds only the six step fields and is replaced, not accumulated (2.7424ms)
gateway-web	Run node city/test-all.mjs	2026-10-07T03:21:07.0160791Z ✔ snapshot().live is a copy: a caller cannot change what the context remembers (0.2373ms)
gateway-web	Run node city/test-all.mjs	2026-10-07T03:21:07.0161121Z ✔ clearLive removes the named keys and leaves the rest alone (0.2253ms)
gateway-web	Run node city/test-all.mjs	2026-10-07T03:21:07.0161506Z ✔ after 1000 observations the evidence ring is capped and the retained byte count stops growing (4.1063ms)
gateway-web	Run node city/test-all.mjs	2026-10-07T03:21:07.0162025Z ✔ every ring is bounded: verifications, decisions, process milestones and changed files (1.658ms)
gateway-web	Run node city/test-all.mjs	2026-10-07T03:21:07.0162406Z ✔ a failed verification is a blocker, and the next passing run clears it (0.3759ms)
gateway-web	Run node city/test-all.mjs	2026-10-07T03:21:07.0162786Z ✔ a resolved decision completes the plan step it names, and a failed one becomes a blocker (0.3627ms)
gateway-web	Run node city/test-all.mjs	2026-10-07T03:21:07.0163170Z ✔ an owned process milestone plans a step and its completion closes the step (0.4312ms)
gateway-web	Run node city/test-all.mjs	2026-10-07T03:21:07.0163553Z ✔ the summary is generated from the bounded layers and is not truncated when it fits (0.4764ms)
gateway-web	Run node city/test-all.mjs	2026-10-07T03:21:07.0163897Z ✔ a summary reports truncated when the budget forces it to cut (1.0815ms)
gateway-web	Run node city/test-all.mjs	2026-10-07T03:21:07.0164340Z ✔ summarize accepts an inventory produced by the supervisor, not only this context (0.3055ms)
gateway-web	Run node city/test-all.mjs	2026-10-07T03:21:07.0164716Z ✔ snapshot reports its own limits and byte count, and two contexts share no state (0.1792ms)
gateway-web	Run node city/test-all.mjs	2026-10-07T03:21:07.0165279Z ✔ a very long observation is clipped before it is retained, so one entry cannot blow the budget (0.2133ms)
gateway-web	Run node city/test-all.mjs	2026-10-07T03:21:07.0166008Z ﹣ a Windows volume-GUID alias is accepted as the same non-reparse work root (1.9771ms) # cross-volume tests require a temp root on a volume separate from C:\Users\RUNNER~1\AppData\Local\Temp\cross-volume-work-root-jJNCP3
gateway-web	Run node city/test-all.mjs	2026-10-07T03:21:07.0167418Z ﹣ a task-owned off-volume directory is registered with an ownership marker and removed only at terminal cleanup (0.2023ms) # cross-volume tests require a temp root on a volume separate from C:\Users\RUNNER~1\AppData\Local\Temp\cross-volume-work-root-jJNCP3
gateway-web	Run node city/test-all.mjs	2026-10-07T03:21:07.0168406Z ﹣ a pre-existing directory sentinel cannot be registered or deleted (0.1158ms) # cross-volume tests require a temp root on a volume separate from C:\Users\RUNNER~1\AppData\Local\Temp\cross-volume-work-root-jJNCP3
gateway-web	Run node city/test-all.mjs	2026-10-07T03:21:07.0169317Z ﹣ a mismatched ownership marker blocks cleanup and reports the exact residual (0.1392ms) # cross-volume tests require a temp root on a volume separate from C:\Users\RUNNER~1\AppData\Local\Temp\cross-volume-work-root-jJNCP3
gateway-web	Run node city/test-all.mjs	2026-10-07T03:21:07.0170237Z ﹣ an unregistered foreign file inside an owned directory blocks recursive cleanup (0.1323ms) # cross-volume tests require a temp root on a volume separate from C:\Users\RUNNER~1\AppData\Local\Temp\cross-volume-work-root-jJNCP3
gateway-web	Run node city/test-all.mjs	2026-10-07T03:21:07.0171153Z ﹣ a task-owned file is removed exactly without deleting its containing directory (0.1091ms) # cross-volume tests require a temp root on a volume separate from C:\Users\RUNNER~1\AppData\Local\Temp\cross-volume-work-root-jJNCP3
gateway-web	Run node city/test-all.mjs	2026-10-07T03:21:07.0172072Z ﹣ a symlink/reparse entry inside a registered root blocks recursive deletion (0.1325ms) # cross-volume tests require a temp root on a volume separate from C:\Users\RUNNER~1\AppData\Local\Temp\cross-volume-work-root-jJNCP3
gateway-web	Run node city/test-all.mjs	2026-10-07T03:21:07.0174509Z ﹣ a locked registered child preserves its parent marker and cleanup debt retries after the handle closes (0.2263ms) # cross-volume tests require a temp root on a volume separate from C:\Users\RUNNER~1\AppData\Local\Temp\cross-volume-work-root-jJNCP3
gateway-web	Run node city/test-all.mjs	2026-10-07T03:21:07.0175860Z ✔ a fix goal shows the failing test failing before anything patches code (2.9922ms)
gateway-web	Run node city/test-all.mjs	2026-10-07T03:21:07.0176713Z ✔ a bug wording alone selects the repair template (0.6468ms)
gateway-web	Run node city/test-all.mjs	2026-10-07T03:21:07.0177113Z ✔ a build goal builds and then verifies (0.5754ms)
gateway-web	Run node city/test-all.mjs	2026-10-07T03:21:07.0177550Z ✔ a refactor goal runs the affected tests after the patch (0.2983ms)
gateway-web	Run node city/test-all.mjs	2026-10-07T03:21:07.0178030Z ✔ a dependency goal installs, builds, tests and verifies (0.7867ms)
gateway-web	Run node city/test-all.mjs	2026-10-07T03:21:07.0178542Z ✔ the plan skips an unavailable command and records why in reasons (0.1785ms)
gateway-web	Run node city/test-all.mjs	2026-10-07T03:21:07.0179163Z ✔ a template step whose command discovery did not provide is reported in reasons (0.321ms)
gateway-web	Run node city/test-all.mjs	2026-10-07T03:21:07.0179808Z ✔ a bounded plan refuses to grow past contract.maxSteps and says what it dropped (0.1579ms)
gateway-web	Run node city/test-all.mjs	2026-10-07T03:21:07.0180322Z ✔ the default budget is the documented 40 steps (0.1248ms)
gateway-web	Run node city/test-all.mjs	2026-10-07T03:21:07.0180796Z ✔ no step may outlive the episode budget the contract declares (0.3342ms)
gateway-web	Run node city/test-all.mjs	2026-10-07T03:21:07.0181455Z ✔ every step carries a closed kind, an operation the supervisor knows and the evidence it records (0.5086ms)
gateway-web	Run node city/test-all.mjs	2026-10-07T03:21:07.0182055Z ✔ a test step expects a zero exit code and no failing tests (0.2165ms)
gateway-web	Run node city/test-all.mjs	2026-10-07T03:21:07.0182658Z ✔ the reproduce step expects the failure, because that is the evidence a repair needs (0.3059ms)
gateway-web	Run node city/test-all.mjs	2026-10-07T03:21:07.0183230Z ✔ an explicit contract plan wins over the inferred template (0.1261ms)
gateway-web	Run node city/test-all.mjs	2026-10-07T03:21:07.0183798Z ✔ an explicit step of an unknown kind is rejected and recorded, not silently kept (0.1021ms)
gateway-web	Run node city/test-all.mjs	2026-10-07T03:21:07.0186234Z ✔ an explicit step naming an operation the supervisor cannot run is refused (0.1346ms)
gateway-web	Run node city/test-all.mjs	2026-10-07T03:21:07.0186882Z ✔ a contract plan that omits reproduce is kept, and the missing regression evidence is recorded (0.1073ms)
gateway-web	Run node city/test-all.mjs	2026-10-07T03:21:07.0187624Z ✔ an explicit step is normalized: operation, command, args, cwd, expects, timeout and evidence (0.2966ms)
gateway-web	Run node city/test-all.mjs	2026-10-07T03:21:07.0188206Z ✔ an explicit step may write its arguments as one string (0.1859ms)
gateway-web	Run node city/test-all.mjs	2026-10-07T03:21:07.0188708Z ✔ an explicit command carries the discovered arguments of its kind (0.1711ms)
gateway-web	Run node city/test-all.mjs	2026-10-07T03:21:07.0189218Z ✔ a step that does not run a command carries a null operation (0.1166ms)
gateway-web	Run node city/test-all.mjs	2026-10-07T03:21:07.0189821Z ✔ the module-level nextStep and advance read and move the same cursor the plan methods do (0.2967ms)
gateway-web	Run node city/test-all.mjs	2026-10-07T03:21:07.0190460Z ✔ nextStep returns the cursor step and skips the steps already complete (0.2097ms)
gateway-web	Run node city/test-all.mjs	2026-10-07T03:21:07.0191103Z ✔ restorePlan restores the exact serialized steps and starts after the verified prefix (0.4723ms)
gateway-web	Run node city/test-all.mjs	2026-10-07T03:21:07.0191708Z ✔ the cursor refuses to advance a step that is not the current one (0.1066ms)
gateway-web	Run node city/test-all.mjs	2026-10-07T03:21:07.0192257Z ✔ advance records the outcome and refuses a step that was already settled (0.0828ms)
gateway-web	Run node city/test-all.mjs	2026-10-07T03:21:07.0192791Z ✔ the completed history is bounded at twice the step budget (0.1798ms)
gateway-web	Run node city/test-all.mjs	2026-10-07T03:21:07.0193356Z ✔ an optional step may be recorded as failed without moving the cursor backwards (0.3013ms)
gateway-web	Run node city/test-all.mjs	2026-10-07T03:21:07.0194105Z ✔ a plan built from a goal with no discoverable command keeps only the steps that run no command and says why (0.0993ms)
gateway-web	Run node city/test-all.mjs	2026-10-07T03:21:07.0194791Z ✔ expectsMet judges a step outcome against the expectation it declares (0.0593ms)
gateway-web	Run node city/test-all.mjs	2026-10-07T03:21:07.0195360Z ✔ an unusable expects object is reported rather than silently ignored (0.1173ms)
gateway-web	Run node city/test-all.mjs	2026-10-07T03:21:07.0195841Z ✔ the plan kind vocabulary is closed and frozen (0.0561ms)
gateway-web	Run node city/test-all.mjs	2026-10-07T03:21:07.0196337Z ✔ an owner contains a stable process identity in addition to its PID (1.4651ms)
gateway-web	Run node city/test-all.mjs	2026-10-07T03:21:07.0196882Z ✔ a matching process-creation identity proves the owner is live (0.356ms)
gateway-web	Run node city/test-all.mjs	2026-10-07T03:21:07.0197533Z ✔ a reused PID with a different process identity is stale, but an unknown probe stays unknown (0.1543ms)
gateway-web	Run node city/test-all.mjs	2026-10-07T03:21:07.0198462Z ✔ an unverified runtime-start fallback never becomes a false stale proof when an OS probe later succeeds (0.1169ms)
gateway-web	Run node city/test-all.mjs	2026-10-07T03:21:07.0199137Z ✔ a real command runs end to end through the real supervisor registry (152.6533ms)
gateway-web	Run node city/test-all.mjs	2026-10-07T03:21:07.0199783Z ✔ mutation intent is durably observed before the filesystem effect, then settled after it (4.3836ms)
gateway-web	Run node city/test-all.mjs	2026-10-07T03:21:07.0200463Z ✔ a failed pre-effect checkpoint blocks the write and leaves the target untouched (1.9123ms)
gateway-web	Run node city/test-all.mjs	2026-10-07T03:21:07.0201105Z ✔ a restored pending mutation is reconciled from disk without applying it again (1.8211ms)
gateway-web	Run node city/test-all.mjs	2026-10-07T03:21:07.0201642Z ✔ plan digests are canonical across object key order (1.6508ms)
gateway-web	Run node city/test-all.mjs	2026-10-07T03:21:07.0202320Z ✔ the supported recovery descriptor validates as a complete replay-safe envelope (0.8476ms)
gateway-web	Run node city/test-all.mjs	2026-10-07T03:21:07.0202882Z ✔ a plan edited after checkpointing fails the digest gate (1.0309ms)
gateway-web	Run node city/test-all.mjs	2026-10-07T03:21:07.0203357Z ✔ unsupported descriptor and plan versions fail closed (0.3676ms)
gateway-web	Run node city/test-all.mjs	2026-10-07T03:21:07.0203963Z ✔ a cursor cannot move beyond the contiguous verified or intentionally skipped prefix (0.3995ms)
gateway-web	Run node city/test-all.mjs	2026-10-07T03:21:07.0204597Z ✔ an expired original deadline and an unknown lifecycle state are rejected (0.2926ms)
gateway-web	Run node city/test-all.mjs	2026-10-07T03:21:07.0205248Z ✔ cross-volume cleanup registrations are bound to episode, work volume, type and state (0.9328ms)
gateway-web	Run node city/test-all.mjs	2026-10-07T03:21:07.0205911Z ✔ autonomy authority: runtime default < contract override < explicit run option (2.2277ms)
gateway-web	Run node city/test-all.mjs	2026-10-07T03:21:07.0207372Z ✔ autonomy continues only with new evidence, and never past its own bounds (1.3828ms)
gateway-web	Run node city/test-all.mjs	2026-10-07T03:21:07.0208110Z ✔ scenario A: a failing unit test is reproduced, repaired and verified with fresh evidence (870.5054ms)
gateway-web	Run node city/test-all.mjs	2026-10-07T03:21:07.0208839Z ✔ a repair that does not work is not retried blind, and the episode fails with evidence (866.5968ms)
gateway-web	Run node city/test-all.mjs	2026-10-07T03:21:07.0209532Z ✔ scenario J: a nearly expired episode does not start new work and reports what it has (832.0096ms)
gateway-web	Run node city/test-all.mjs	2026-10-07T03:21:07.0210167Z ✔ the package entry point runs one episode and returns the report (811.4441ms)
gateway-web	Run node city/test-all.mjs	2026-10-07T03:21:07.0210761Z ✔ a run resolves the level command, appends the focus and goes through the supervisor (2.2306ms)
gateway-web	Run node city/test-all.mjs	2026-10-07T03:21:07.0211279Z ✔ a focus is not appended to a command that does not accept one (0.2682ms)
gateway-web	Run node city/test-all.mjs	2026-10-07T03:21:07.0211814Z ✔ a level with no discovered command reports the refusal instead of guessing one (0.2368ms)
gateway-web	Run node city/test-all.mjs	2026-10-07T03:21:07.0212377Z ✔ a non-zero exit is classified from the output and is not a success (2.406ms)
gateway-web	Run node city/test-all.mjs	2026-10-07T03:21:07.0212839Z ✔ a timeout is a failure with the timeout class (0.7284ms)
gateway-web	Run node city/test-all.mjs	2026-10-07T03:21:07.0213277Z ✔ a killed process is not a success even when it exited zero (0.5742ms)
gateway-web	Run node city/test-all.mjs	2026-10-07T03:21:07.0213706Z ✔ a signalled exit is not a success (0.2457ms)
gateway-web	Run node city/test-all.mjs	2026-10-07T03:21:07.0214162Z ✔ every run carries a timeout and truncates the output it retains (0.2598ms)
gateway-web	Run node city/test-all.mjs	2026-10-07T03:21:07.0214687Z ✔ a refused start is reported as a failure rather than thrown (1.7199ms)
gateway-web	Run node city/test-all.mjs	2026-10-07T03:21:07.0215211Z ✔ runLevels stops at the first level that breaks and names it (0.8793ms)
gateway-web	Run node city/test-all.mjs	2026-10-07T03:21:07.0215685Z ✔ satisfied() is false when the full level never ran (0.3824ms)
gateway-web	Run node city/test-all.mjs	2026-10-07T03:21:07.0216229Z ✔ satisfied() is true only with fresh passing evidence at every required level (0.4463ms)
gateway-web	Run node city/test-all.mjs	2026-10-07T03:21:07.0216827Z ✔ satisfied() is false when the full level evidence predates a mutation (0.5978ms)
gateway-web	Run node city/test-all.mjs	2026-10-07T03:21:07.0217363Z ✔ satisfied() honours sinceAt and sinceMs against the clock (0.5391ms)
gateway-web	Run node city/test-all.mjs	2026-10-07T03:21:07.0217833Z ✔ invalidate marks the levels stale and makes the gate refuse (0.7191ms)
gateway-web	Run node city/test-all.mjs	2026-10-07T03:21:07.0218374Z ✔ noteMutation bounds freshness for a verifier that has no mutation log (0.2691ms)
gateway-web	Run node city/test-all.mjs	2026-10-07T03:21:07.0218913Z ✔ evidence() reports when each level last ran and whether it is fresh (0.2463ms)
gateway-web	Run node city/test-all.mjs	2026-10-07T03:21:07.0219404Z ✔ freshAt() with no level answers when anything was last verified (0.2495ms)
gateway-web	Run node city/test-all.mjs	2026-10-07T03:21:07.0219911Z ✔ parseTestSummary reads node --test TAP-ish output (0.1124ms)
gateway-web	Run node city/test-all.mjs	2026-10-07T03:21:07.0220613Z ✔ parseTestSummary reads Jest and Vitest output (0.3077ms)
gateway-web	Run node city/test-all.mjs	2026-10-07T03:21:07.0221002Z ✔ parseTestSummary reads pytest output (0.1533ms)
gateway-web	Run node city/test-all.mjs	2026-10-07T03:21:07.0221354Z ✔ parseTestSummary reads cargo test output (0.1425ms)
gateway-web	Run node city/test-all.mjs	2026-10-07T03:21:07.0221757Z ✔ parseTestSummary returns null for junk and never throws (0.0875ms)
gateway-web	Run node city/test-all.mjs	2026-10-07T03:21:07.0222283Z ✔ a workspace is locked while an episode runs, and never stolen from a live owner (8.5502ms)
gateway-web	Run node city/test-all.mjs	2026-10-07T03:21:07.0222907Z ✔ the §33.1 vocabulary is the donor's closed set of thirteen classes (3.8676ms)
gateway-web	Run node city/test-all.mjs	2026-10-07T03:21:07.0223403Z ✔ every failure class is selected by its own exact input (1.8752ms)
gateway-web	Run node city/test-all.mjs	2026-10-07T03:21:07.0224000Z ✔ an unknown-class input selects no pattern and the signals stay empty (0.2215ms)
gateway-web	Run node city/test-all.mjs	2026-10-07T03:21:07.0224617Z ✔ a non-zero exit with a runtime code but no prose is still classified (0.1375ms)
gateway-web	Run node city/test-all.mjs	2026-10-07T03:21:07.0225148Z ✔ a policy refusal is decided before any prose, even a retryable-looking one (0.1922ms)
gateway-web	Run node city/test-all.mjs	2026-10-07T03:21:07.0225662Z ✔ a policy refusal is also decided before a runtime code (0.1017ms)
gateway-web	Run node city/test-all.mjs	2026-10-07T03:21:07.0226126Z ✔ AUTH is decided before RATE_LIMIT when the output carries both (0.0785ms)
gateway-web	Run node city/test-all.mjs	2026-10-07T03:21:07.0227129Z ✔ PROVIDER_PAGE is decided before the generic BUILD wording in a provider log (0.0867ms)
gateway-web	Run node city/test-all.mjs	2026-10-07T03:21:07.0227760Z ✔ DEPENDENCY is decided before BUILD, but only when the host agrees the module is absent (0.2114ms)
gateway-web	Run node city/test-all.mjs	2026-10-07T03:21:07.0228318Z ✔ DEPENDENCY reports the verified missing modules in its signals (0.2304ms)
gateway-web	Run node city/test-all.mjs	2026-10-07T03:21:07.0228850Z ✔ ENVIRONMENT is decided before BUILD and before the generic test wording (0.136ms)
gateway-web	Run node city/test-all.mjs	2026-10-07T03:21:07.0229411Z ✔ WORKSPACE is decided from the host fact, and requires() is what gates it (0.2094ms)
gateway-web	Run node city/test-all.mjs	2026-10-07T03:21:07.0229948Z ✔ THEME needs a diagnostic or an unknown gate, not the wording alone (0.2075ms)
gateway-web	Run node city/test-all.mjs	2026-10-07T03:21:07.0230441Z ✔ UI needs the visual fact or one of the three interface gates (0.1818ms)
gateway-web	Run node city/test-all.mjs	2026-10-07T03:21:07.0230913Z ✔ BUILD is decided before TEST when the output carries both (0.1828ms)
gateway-web	Run node city/test-all.mjs	2026-10-07T03:21:07.0231408Z ✔ BUILD is decided before TRANSIENT when a failed build times out (0.1743ms)
gateway-web	Run node city/test-all.mjs	2026-10-07T03:21:07.0231927Z ✔ TEST is decided before TRANSIENT when a failing test also times out (0.7151ms)
gateway-web	Run node city/test-all.mjs	2026-10-07T03:21:07.0232543Z ✔ a gate with no recognisable signature is still evidence, and BENCHMARK is honestly UNKNOWN (0.2491ms)
gateway-web	Run node city/test-all.mjs	2026-10-07T03:21:07.0233138Z ✔ the §33.2 recovery order is the donor's and ends at the Hard Blocker (0.0975ms)
gateway-web	Run node city/test-all.mjs	2026-10-07T03:21:07.0233576Z ✔ the theme ladder is the donor's three steps (0.0578ms)
gateway-web	Run node city/test-all.mjs	2026-10-07T03:21:07.0234050Z ✔ a plan lists every step with a reason and always ends at the Hard Blocker (0.284ms)
gateway-web	Run node city/test-all.mjs	2026-10-07T03:21:07.0234635Z ✔ every class plans the donor's budgets, and only those steps are applicable (0.3706ms)
gateway-web	Run node city/test-all.mjs	2026-10-07T03:21:07.0235194Z ✔ a representative failure of each class offers the donor's first step (0.2486ms)
gateway-web	Run node city/test-all.mjs	2026-10-07T03:21:07.0235710Z ✔ inapplicable steps are listed with the donor's own reason (0.1057ms)
gateway-web	Run node city/test-all.mjs	2026-10-07T03:21:07.0236226Z ✔ a prohibited action goes straight to the Hard Blocker and forbids HNS (0.0864ms)
gateway-web	Run node city/test-all.mjs	2026-10-07T03:21:07.0236726Z ✔ an auth failure is handed to the Owner and cannot use HNS (0.0736ms)
gateway-web	Run node city/test-all.mjs	2026-10-07T03:21:07.0237206Z ✔ a workspace failure escalates the granted scope to the Owner (0.1053ms)
gateway-web	Run node city/test-all.mjs	2026-10-07T03:21:07.0237714Z ✔ only THEME and WORKSPACE and AUTH and TERMINAL carry requires_owner (0.156ms)
gateway-web	Run node city/test-all.mjs	2026-10-07T03:21:07.0239291Z ✔ a theme failure carries the §33.2 theme ladder and its diagnostic (0.113ms)
gateway-web	Run node city/test-all.mjs	2026-10-07T03:21:07.0239919Z ✔ a fresh plan offers its first step with the donor's attempt reason (0.1539ms)
gateway-web	Run node city/test-all.mjs	2026-10-07T03:21:07.0240450Z ✔ a step is re-offered until its budget is used, and not beyond (0.2012ms)
gateway-web	Run node city/test-all.mjs	2026-10-07T03:21:07.0240935Z ✔ a NOT_APPLICABLE attempt does not consume the budget (0.0966ms)
gateway-web	Run node city/test-all.mjs	2026-10-07T03:21:07.0241450Z ✔ HNS is never offered while a cheaper applicable step has budget left (0.0814ms)
gateway-web	Run node city/test-all.mjs	2026-10-07T03:21:07.0242145Z ✔ the BUILD ladder is consumed and then terminates at the Hard Blocker (0.131ms)
gateway-web	Run node city/test-all.mjs	2026-10-07T03:21:07.0242775Z ✔ the DEPENDENCY ladder walks LOCAL_RECOVERY, ALTERNATE_INTERNAL_PATH, HNS, then blocks (0.1182ms)
gateway-web	Run node city/test-all.mjs	2026-10-07T03:21:07.0243382Z ✔ the RATE_LIMIT ladder is the donor's order with the donor's budgets (0.0764ms)
gateway-web	Run node city/test-all.mjs	2026-10-07T03:21:07.0244004Z ✔ a prohibited failure is immediately hard-blocked with the "no step applies" reason (0.0614ms)
gateway-web	Run node city/test-all.mjs	2026-10-07T03:21:07.0244624Z ✔ a TRANSIENT ladder exhausts at the native retry and its local repair (0.1028ms)
gateway-web	Run node city/test-all.mjs	2026-10-07T03:21:07.0245180Z ✔ the same observation yields an identical classification and plan (0.142ms)
gateway-web	Run node city/test-all.mjs	2026-10-07T03:21:07.0245807Z ✔ classifying does not mutate the observation it was given (0.0735ms)
gateway-web	Run node city/test-all.mjs	2026-10-07T03:21:07.0246772Z ✔ planRecovery refuses a malformed or unknown failure class (0.4202ms)
gateway-web	Run node city/test-all.mjs	2026-10-07T03:21:07.0247328Z ✔ planRecovery does not mutate or upgrade the classification it was given (0.1227ms)
gateway-web	Run node city/test-all.mjs	2026-10-07T03:21:07.0247809Z ✔ the HNS role vocabulary is the donor's four roles (0.0383ms)
gateway-web	Run node city/test-all.mjs	2026-10-07T03:21:07.0248250Z ✔ a first fallback is allowed and always produces a CapabilityGap (0.1659ms)
gateway-web	Run node city/test-all.mjs	2026-10-07T03:21:07.0248799Z ✔ a fallback with no named missing capability is refused and still records the gap (0.6737ms)
gateway-web	Run node city/test-all.mjs	2026-10-07T03:21:07.0249264Z ✔ a prohibited action may not be delegated to HNS (0.1404ms)
gateway-web	Run node city/test-all.mjs	2026-10-07T03:21:07.0249791Z ✔ HNS stops being a crutch at the consecutive ceiling and the gap goes HIGH (0.1646ms)
gateway-web	Run node city/test-all.mjs	2026-10-07T03:21:07.0250313Z ✔ the gap severity rises with its frequency, and TERMINAL is always CRITICAL (0.2983ms)
gateway-web	Run node city/test-all.mjs	2026-10-07T03:21:07.0250869Z ✔ every usage is recorded with its gap, and a gapless or unknown role is refused (0.2373ms)
gateway-web	Run node city/test-all.mjs	2026-10-07T03:21:07.0251411Z ✔ the failure vocabulary and its action policy are closed and complete (2.4412ms)
gateway-web	Run node city/test-all.mjs	2026-10-07T03:21:07.0252035Z ✔ classification follows the donor order: timeout flag, then typed code, then patterns, then unknown (1.5488ms)
gateway-web	Run node city/test-all.mjs	2026-10-07T03:21:07.0252696Z ✔ the pattern table keeps the donor order, so an ambiguous message resolves the donor way (0.2338ms)
gateway-web	Run node city/test-all.mjs	2026-10-07T03:21:07.0253273Z ✔ the failure signature ignores what changes between two runs of the same failure (0.2573ms)
gateway-web	Run node city/test-all.mjs	2026-10-07T03:21:07.0253846Z ✔ the repair tracker refuses a blind retry and a repeated hypothesis (0.768ms)
gateway-web	Run node city/test-all.mjs	2026-10-07T03:21:07.0254918Z ﹣ the failure module agrees with the donor module field by field (0.0899ms) # donor checkout absent; fetch DS-Hns @ eeb57ca5 into .runtime/evidence/mission-book/MB-004/donor-hns to run the differential check
gateway-web	Run node city/test-all.mjs	2026-10-07T03:21:07.0255787Z ✔ the step vocabulary is closed and every kind is fully described (0.2141ms)
gateway-web	Run node city/test-all.mjs	2026-10-07T03:21:07.0256339Z ✔ templates keep the donor order, and a repair always shows the failure first (0.6515ms)
gateway-web	Run node city/test-all.mjs	2026-10-07T03:21:07.0257040Z ✔ a step outside the vocabulary is refused, and a command-bearing step with no command names what it needed (0.4075ms)
gateway-web	Run node city/test-all.mjs	2026-10-07T03:21:07.0257664Z ✔ an unusable expects falls back to the exit code and says so (0.4776ms)
gateway-web	Run node city/test-all.mjs	2026-10-07T03:21:07.0258216Z ✔ expects evaluation treats a reproduce step as the one whose success is a failure (0.315ms)
gateway-web	Run node city/test-all.mjs	2026-10-07T03:21:07.0258716Z ✔ the cursor only moves forward, one step at a time (1.039ms)
gateway-web	Run node city/test-all.mjs	2026-10-07T03:21:07.0259151Z ✔ the plan is bounded and every dropped step is explained (0.3739ms)
gateway-web	Run node city/test-all.mjs	2026-10-07T03:21:07.0259685Z ✔ a repair that could not build its reproduce step records the missing regression evidence (0.2071ms)
gateway-web	Run node city/test-all.mjs	2026-10-07T03:21:07.0260410Z ✔ an explicit contract plan always wins, and its missing reproduce step is recorded not corrected (0.2155ms)
gateway-web	Run node city/test-all.mjs	2026-10-07T03:21:07.0261028Z ✔ a step may not outlive the episode deadline it was clamped to (0.1872ms)
gateway-web	Run node city/test-all.mjs	2026-10-07T03:21:07.0261521Z ✔ an optional step may be skipped, and a non-optional one may not (0.3252ms)
gateway-web	Run node city/test-all.mjs	2026-10-07T03:21:07.0262055Z ✔ restorePlan refuses a cursor that skips a step without verified evidence (0.7443ms)
gateway-web	Run node city/test-all.mjs	2026-10-07T03:21:07.0262790Z ✔ command splitting respects quoting and argument inheritance (0.343ms)
gateway-web	Run node city/test-all.mjs	2026-10-07T03:21:07.0263382Z ✔ a focus is appended to the operation it belongs to, and only to the steps that take one (0.1613ms)
gateway-web	Run node city/test-all.mjs	2026-10-07T03:21:07.0264509Z ﹣ the discovery module agrees with the donor module field by field (0.0373ms) # donor checkout absent; fetch DS-Hns @ eeb57ca5 into .runtime/evidence/mission-book/MB-004/donor-hns to run the differential check
gateway-web	Run node city/test-all.mjs	2026-10-07T03:21:07.0265491Z ✔ the plan digest is a sha256 of the canonical plan and is stable under key order (2.3237ms)
gateway-web	Run node city/test-all.mjs	2026-10-07T03:21:07.0266073Z ✔ the plan digest is sensitive to every part of the plan it covers (0.4375ms)
gateway-web	Run node city/test-all.mjs	2026-10-07T03:21:07.0267209Z ✔ a valid recovery descriptor returns a deep copy with the lifecycle state defaulted (1.4751ms)
gateway-web	Run node city/test-all.mjs	2026-10-07T03:21:07.0267898Z ✔ every structural refusal of the recovery descriptor is a closed code (4.9796ms)
gateway-web	Run node city/test-all.mjs	2026-10-07T03:21:07.0268525Z ✔ the cursor must sit exactly after its contiguous verified or optional-skipped prefix (0.5781ms)
gateway-web	Run node city/test-all.mjs	2026-10-07T03:21:07.0269292Z ✔ the descriptor episode id must match the checkpoint that carries it, and the executor must match the run (1.7996ms)
gateway-web	Run node city/test-all.mjs	2026-10-07T03:21:07.0270062Z ✔ the cleanup terminal state is only legal on an active or cleanup-blocked episode (0.4527ms)
gateway-web	Run node city/test-all.mjs	2026-10-07T03:21:07.0270817Z ✔ cross-volume registrations are bound to the episode, work volume, type, state and unique canonical path (1.9522ms)
gateway-web	Run node city/test-all.mjs	2026-10-07T03:21:07.0271570Z ✔ a checkpoint is written whole or not at all, and a killed writer leaves nothing readable (90.8664ms)
gateway-web	Run node city/test-all.mjs	2026-10-07T03:21:07.0272237Z ✔ the default checkpoint directory hangs off the root option and keeps five files (1.0403ms)
gateway-web	Run node city/test-all.mjs	2026-10-07T03:21:07.0272913Z ✔ retention keeps the newest recovery sequences per episode and prune is idempotent (30.5985ms)
gateway-web	Run node city/test-all.mjs	2026-10-07T03:21:07.0273567Z ✔ the newest recovery sequence wins even after the wall clock moves backwards (6.405ms)
gateway-web	Run node city/test-all.mjs	2026-10-07T03:21:07.0274204Z ✔ a checkpoint write refuses a descriptor that fails validation and stays off disk (0.8933ms)
gateway-web	Run node city/test-all.mjs	2026-10-07T03:21:07.0274851Z ✔ a checkpoint round-trips through disk and remove() clears one episode only (7.3744ms)
gateway-web	Run node city/test-all.mjs	2026-10-07T03:21:07.0275524Z ✔ verifyResume is a read-only gate: it resumes, restarts or refuses and changes nothing (179.6063ms)
gateway-web	Run node city/test-all.mjs	2026-10-07T03:21:07.0276264Z ✔ verifyResume distinguishes a working tree that moved from a plan that no longer means anything (78.0351ms)
gateway-web	Run node city/test-all.mjs	2026-10-07T03:21:07.0276977Z ✔ verifyResume re-checks unsettled mutations against disk and never replays them (149.7795ms)
gateway-web	Run node city/test-all.mjs	2026-10-07T03:21:07.0277693Z ✔ verifyResume reports missing owned processes and never turns "cannot tell" into a restart (120.5267ms)
gateway-web	Run node city/test-all.mjs	2026-10-07T03:21:07.0278452Z ✔ the recovery index records a checkpoint, refuses regression and refuses a duplicate sequence (21.3621ms)
gateway-web	Run node city/test-all.mjs	2026-10-07T03:21:07.0279174Z ✔ the recovery index refuses a missing, foreign, symlinked or incompatible checkpoint (6.3469ms)
gateway-web	Run node city/test-all.mjs	2026-10-07T03:21:07.0279835Z ✔ a path-safety refusal needs no live index, and a symlinked checkpoint is refused (2.1985ms)
gateway-web	Run node city/test-all.mjs	2026-10-07T03:21:07.0280545Z ✔ reconcileIndex rebuilds the index, blocks duplicates and keeps a valid descriptor diagnostic (12.13ms)
gateway-web	Run node city/test-all.mjs	2026-10-07T03:21:07.0281292Z ✔ reconcileIndex blocks duplicate files claiming one sequence and preserves terminal states (14.5069ms)
gateway-web	Run node city/test-all.mjs	2026-10-07T03:21:07.0282189Z ✔ a terminal episode cannot be re-activated by a checkpoint write, and only a repair-authorized newer checkpoint clears a block (15.2065ms)
gateway-web	Run node city/test-all.mjs	2026-10-07T03:21:07.0282995Z ✔ automatic recovery attempts are bounded and exhausted attempts persist the block (7.7442ms)
gateway-web	Run node city/test-all.mjs	2026-10-07T03:21:07.0283690Z ✔ a live owner blocks a second claim, and a stale owner is replaced only with identity proof (11.5217ms)
gateway-web	Run node city/test-all.mjs	2026-10-07T03:21:07.0284343Z ✔ a corrupt claim blocks automatic recovery instead of being overwritten (7.2806ms)
gateway-web	Run node city/test-all.mjs	2026-10-07T03:21:07.0285005Z ✔ a workspace lock excludes a second writer, reports staleness and never steals a live lock (5.4185ms)
gateway-web	Run node city/test-all.mjs	2026-10-07T03:21:07.0285820Z ✔ a dead owner is reported stale and reclaimed only when the caller passes stealStale (2.7107ms)
gateway-web	Run node city/test-all.mjs	2026-10-07T03:21:07.0286420Z ✔ a disabled lock and an unheld heartbeat are the only quiet paths (0.7644ms)
gateway-web	Run node city/test-all.mjs	2026-10-07T03:21:07.0287647Z ✔ mutation intent is durably observed before the effect and settled after it (2.5653ms)
gateway-web	Run node city/test-all.mjs	2026-10-07T03:21:07.0288195Z ✔ a failed pre-effect journal blocks the write and a post-effect journal failure is only a warning (2.2891ms)
gateway-web	Run node city/test-all.mjs	2026-10-07T03:21:07.0288875Z ✔ a content-hash mismatch is detected and a conflicting file is never overwritten on resume (1.5199ms)
gateway-web	Run node city/test-all.mjs	2026-10-07T03:21:07.0289668Z ✔ a restored pending mutation is reconciled from disk without being applied again, and a malformed journal is refused (2.5101ms)
gateway-web	Run node city/test-all.mjs	2026-10-07T03:21:07.0290346Z ✔ a mutation may not escape the workspace or touch a file the user had already changed (2.4995ms)
gateway-web	Run node city/test-all.mjs	2026-10-07T03:21:07.0290744Z ✔ move, mkdir, delete, ring bounding and the changed-file manifest behave as recorded (3.5977ms)
gateway-web	Run node city/test-all.mjs	2026-10-07T03:21:07.0291135Z ✔ the workspace is explicit and unverifiable paths are refused, never guessed (78.9446ms)
gateway-web	Run node city/test-all.mjs	2026-10-07T03:21:07.0291507Z ✔ a fingerprint detects drift under the same HEAD and names each reason once (7.0997ms)
gateway-web	Run node city/test-all.mjs	2026-10-07T03:21:07.0291873Z ✔ the snapshot reads the project surface, and git absence is a reported fact (47.8445ms)
gateway-web	Run node city/test-all.mjs	2026-10-07T03:21:07.0292237Z ✔ porcelain parsing keeps renamed targets, conflicts and both change sides (0.5656ms)
gateway-web	Run node city/test-all.mjs	2026-10-07T03:21:07.0292599Z ✔ the repository hashes the same content the same way and reads a bounded file (3.9472ms)
gateway-web	Run node city/test-all.mjs	2026-10-07T03:21:07.0292929Z ✔ an owner carries a process identity alongside its PID (689.7049ms)
gateway-web	Run node city/test-all.mjs	2026-10-07T03:21:07.0293348Z ✔ a matching creation identity proves the owner live, a different one is stale and an unknown probe stays unknown (0.3838ms)
gateway-web	Run node city/test-all.mjs	2026-10-07T03:21:07.0293845Z ✔ the OS creation-identity probe answers known=false on a non-Windows host and for an invalid PID (329.5901ms)
gateway-web	Run node city/test-all.mjs	2026-10-07T03:21:20.0572015Z ✔ the episode lifecycle: verify, discover, plan, patch, verify, COMPLETED (863.39ms)
gateway-web	Run node city/test-all.mjs	2026-10-07T03:21:20.0573008Z ✔ a repair that does not work is not retried blind, and the episode fails with evidence (807.4773ms)
gateway-web	Run node city/test-all.mjs	2026-10-07T03:21:20.0575270Z ✔ a caller may cancel the episode at a step boundary, and it reports CANCELLED (880.7335ms)
gateway-web	Run node city/test-all.mjs	2026-10-07T03:21:20.0577037Z ✔ a transient failure is not retried blind: the attempt is recorded first, so the loop blocks (767.9948ms)
gateway-web	Run node city/test-all.mjs	2026-10-07T03:21:20.0577762Z ✔ a filesystem failure blocks rather than looping (827.4691ms)
gateway-web	Run node city/test-all.mjs	2026-10-07T03:21:20.0578393Z ✔ a resource ceiling (degrade) blocks rather than looping, as a reconnect does (1496.1268ms)
gateway-web	Run node city/test-all.mjs	2026-10-07T03:21:20.0579145Z ✔ the documented repair tracker is what makes the retry arm unreachable (donor defect) (0.7415ms)
gateway-web	Run node city/test-all.mjs	2026-10-07T03:21:20.0579870Z ✔ a repair already ruled blind stalls instead of repeating the same patch (818.2295ms)
gateway-web	Run node city/test-all.mjs	2026-10-07T03:21:20.0580501Z ✔ the repair budget is spent -> a stall, not another round (829.4559ms)
gateway-web	Run node city/test-all.mjs	2026-10-07T03:21:20.0588684Z ✔ the deadline bands gate new work: a nearly expired episode verifies and reports (752.8005ms)
gateway-web	Run node city/test-all.mjs	2026-10-07T03:21:20.0589342Z ✔ the episode budget defaults match the donor exactly (0.2924ms)
gateway-web	Run node city/test-all.mjs	2026-10-07T03:21:20.0590014Z ✔ the module surface the rest of the runtime imports is exactly the donor's (0.9736ms)
gateway-web	Run node city/test-all.mjs	2026-10-07T03:21:20.0590812Z ✔ the donor constants the port must not drift from (0.569ms)
gateway-web	Run node city/test-all.mjs	2026-10-07T03:21:20.0591482Z ✔ a repair is proven before it is patched: reproduce precedes patch end to end (778.5338ms)
gateway-web	Run node city/test-all.mjs	2026-10-07T03:21:20.0592184Z ✔ a killed process is never a success, even when it exited zero (759.093ms)
gateway-web	Run node city/test-all.mjs	2026-10-07T03:21:20.0592823Z ✔ a timed-out process is a failure with the timeout class, never a success (769.3009ms)
gateway-web	Run node city/test-all.mjs	2026-10-07T03:21:20.0593617Z ✔ the completion gate refuses: the required tests, the unresolved failure, the build, the lint (2670.3054ms)
gateway-web	Run node city/test-all.mjs	2026-10-07T03:21:20.0594413Z ✔ the completion gate refuses a workspace that is no longer the one it was given (279.1981ms)
gateway-web	Run node city/test-all.mjs	2026-10-07T03:21:20.0595878Z ✔ the lock is not stolen from a live owner (326.6609ms)
gateway-web	Run node city/test-all.mjs	2026-10-07T03:21:20.0596409Z ✔ the user's uncommitted work is never overwritten (631.4811ms)
gateway-web	Run node city/test-all.mjs	2026-10-07T03:21:20.0596978Z ✔ a workspace that does not exist is BLOCKED, and is not conjured into being by the lock (1.4942ms)
gateway-web	Run node city/test-all.mjs	2026-10-07T03:21:20.0597435Z ✔ the episode checkpoints its plan, its cursor and its phase as it walks (604.4194ms)
gateway-web	Run node city/test-all.mjs	2026-10-07T03:21:20.0599230Z ✔ the public entry point is the same loop, and builds the same supervisor (243.4523ms)
gateway-web	Run node city/test-all.mjs	2026-10-07T03:21:20.0785193Z ✔ the ladder is frozen, ordered weakest first, and every level is recognised (2.8833ms)
gateway-web	Run node city/test-all.mjs	2026-10-07T03:21:20.0786122Z ✔ commandFor answers which command a level would run without running it (0.7383ms)
gateway-web	Run node city/test-all.mjs	2026-10-07T03:21:20.0795440Z ✔ a level with no focused command falls back to the broader test command (0.6807ms)
gateway-web	Run node city/test-all.mjs	2026-10-07T03:21:20.0796305Z ✔ a run resolves the level command, appends the focus and goes through the supervisor (0.6812ms)
gateway-web	Run node city/test-all.mjs	2026-10-07T03:21:20.0796925Z ✔ a focus is not appended to a command that does not accept one (0.3277ms)
gateway-web	Run node city/test-all.mjs	2026-10-07T03:21:20.0797488Z ✔ a focusedTest command accepts a focus even when it does not declare one (0.2583ms)
gateway-web	Run node city/test-all.mjs	2026-10-07T03:21:20.0798026Z ✔ a declared command keeps its own arguments and its own cwd (1.7997ms)
gateway-web	Run node city/test-all.mjs	2026-10-07T03:21:20.0798603Z ✔ a level with no discovered command reports the refusal instead of guessing one (0.3181ms)
gateway-web	Run node city/test-all.mjs	2026-10-07T03:21:20.0799207Z ✔ an unknown level and an empty command are refusals that are still recorded (0.42ms)
gateway-web	Run node city/test-all.mjs	2026-10-07T03:21:20.0799772Z ✔ a non-zero exit is classified from the output and is not a success (1.9954ms)
gateway-web	Run node city/test-all.mjs	2026-10-07T03:21:20.0800249Z ✔ a timeout is a failure with the timeout class (0.5285ms)
gateway-web	Run node city/test-all.mjs	2026-10-07T03:21:20.0800719Z ✔ a killed process is not a success even when it exited zero (0.6014ms)
gateway-web	Run node city/test-all.mjs	2026-10-07T03:21:20.0801132Z ✔ a signalled exit is not a success (0.3287ms)
gateway-web	Run node city/test-all.mjs	2026-10-07T03:21:20.0801714Z ✔ a successful run is never left without a reason slot: ok runs carry reason null and failure null (0.1481ms)
gateway-web	Run node city/test-all.mjs	2026-10-07T03:21:20.0802353Z ✔ every run carries a timeout and truncates the output it retains (0.2507ms)
gateway-web	Run node city/test-all.mjs	2026-10-07T03:21:20.0802863Z ✔ a refused start is reported as a failure rather than thrown (0.2585ms)
gateway-web	Run node city/test-all.mjs	2026-10-07T03:21:20.0803458Z ✔ a supervisor that starts nothing, or cannot be awaited, is a failure and not a crash (0.3174ms)
gateway-web	Run node city/test-all.mjs	2026-10-07T03:21:20.0804076Z ✔ the waiter wins over the start record for exit code, signal and duration (0.2243ms)
gateway-web	Run node city/test-all.mjs	2026-10-07T03:21:20.0804728Z ✔ an entry record is used when the waiter is silent, including stdout+stderr concatenation (0.2188ms)
gateway-web	Run node city/test-all.mjs	2026-10-07T03:21:20.0805225Z ✔ runLevels stops at the first level that breaks and names it (0.4796ms)
gateway-web	Run node city/test-all.mjs	2026-10-07T03:21:20.0805765Z ✔ runLevels with no argument climbs the levels this verifier requires (0.3379ms)
gateway-web	Run node city/test-all.mjs	2026-10-07T03:21:20.0806255Z ✔ satisfied() is false when the full level never ran (0.3133ms)
gateway-web	Run node city/test-all.mjs	2026-10-07T03:21:20.0806800Z ✔ satisfied() is true only with fresh passing evidence at every required level (0.342ms)
gateway-web	Run node city/test-all.mjs	2026-10-07T03:21:20.0807335Z ✔ satisfied() refuses a level that ran and did not pass (0.2124ms)
gateway-web	Run node city/test-all.mjs	2026-10-07T03:21:20.0807874Z ✔ satisfied() is false when the full level evidence predates a mutation (0.3612ms)
gateway-web	Run node city/test-all.mjs	2026-10-07T03:21:20.0808402Z ✔ satisfied() honours sinceAt and sinceMs against the clock (0.3353ms)
gateway-web	Run node city/test-all.mjs	2026-10-07T03:21:20.0808937Z ✔ satisfied() with an explicit level set answers only for those levels (0.153ms)
gateway-web	Run node city/test-all.mjs	2026-10-07T03:21:20.0809399Z ✔ invalidate marks the levels stale and makes the gate refuse (0.6757ms)
gateway-web	Run node city/test-all.mjs	2026-10-07T03:21:20.0809926Z ✔ invalidate drops only the evidence at or before its own timestamp (0.281ms)
gateway-web	Run node city/test-all.mjs	2026-10-07T03:21:20.0810761Z ✔ noteMutation bounds freshness for a verifier that has no mutation log (0.1843ms)
gateway-web	Run node city/test-all.mjs	2026-10-07T03:21:20.0811350Z ✔ noteMutation keeps the newest time and counts every note (0.1039ms)
gateway-web	Run node city/test-all.mjs	2026-10-07T03:21:20.0811997Z ✔ evidence() reports when each level last ran and whether it is fresh (0.1422ms)
gateway-web	Run node city/test-all.mjs	2026-10-07T03:21:20.0812922Z ✔ freshAt() with no level answers when anything was last verified (0.1345ms)
gateway-web	Run node city/test-all.mjs	2026-10-07T03:21:20.0813271Z ✔ freshAt(level) refuses a level that never ran, failed, or aged out (0.1293ms)
gateway-web	Run node city/test-all.mjs	2026-10-07T03:21:20.0813842Z ✔ setDiscovery points the verifier at a new command table without rebuilding it (0.1182ms)
gateway-web	Run node city/test-all.mjs	2026-10-07T03:21:20.0814419Z ✔ the audit trail is bounded and every recorded run has the same shape (0.2946ms)
gateway-web	Run node city/test-all.mjs	2026-10-07T03:21:20.0814956Z ✔ createVerifier refuses to exist without a supervisor or a workspace (0.4873ms)
gateway-web	Run node city/test-all.mjs	2026-10-07T03:21:20.0815560Z ✔ the workspace and required levels are exposed without letting a caller mutate them (0.126ms)
gateway-web	Run node city/test-all.mjs	2026-10-07T03:21:20.0816281Z ✔ the default truncation seam resolves the sibling checkpoint module and bounds real output (5.1111ms)
gateway-web	Run node city/test-all.mjs	2026-10-07T03:21:20.0817125Z ✔ parseTestSummary reads node --test TAP-ish output (0.1106ms)
gateway-web	Run node city/test-all.mjs	2026-10-07T03:21:20.0817604Z ✔ parseTestSummary reads Jest and Vitest output (0.2496ms)
gateway-web	Run node city/test-all.mjs	2026-10-07T03:21:20.0818026Z ✔ parseTestSummary reads pytest output (0.1286ms)
gateway-web	Run node city/test-all.mjs	2026-10-07T03:21:20.0818444Z ✔ parseTestSummary reads cargo test output (0.1071ms)
gateway-web	Run node city/test-all.mjs	2026-10-07T03:21:20.0818926Z ✔ parseTestSummary returns null for junk and never throws (0.0713ms)
gateway-web	Run node city/test-all.mjs	2026-10-07T03:21:20.0819490Z ✔ a summary field that is absent stays null and is never guessed at zero (0.2338ms)
gateway-web	Run node city/test-all.mjs	2026-10-07T03:21:20.0820129Z ✔ pytest reports at least one failure when the run failed without naming a count (0.1316ms)
gateway-web	Run node city/test-all.mjs	2026-10-07T03:21:20.0820696Z ✔ cargo reports at least one failure when the summary says FAILED but the count is elsewhere (0.0751ms)
gateway-web	Run node city/test-all.mjs	2026-10-07T03:21:20.0821094Z ✔ a Jest line that names no recognised clause is not a summary at all (0.0614ms)
gateway-web	Run node city/test-all.mjs	2026-10-07T03:21:20.0821464Z ✔ the summary parsers can be called on their own and each refuses foreign output (0.5423ms)
gateway-web	Run node city/test-all.mjs	2026-10-07T03:21:20.0821809Z ✔ splitCommand keeps a quoted argument together (0.1839ms)
gateway-web	Run node city/test-all.mjs	2026-10-07T03:21:20.0822152Z ✔ the refusal vocabulary is frozen and carries the donor's exact nine reasons (0.0866ms)
gateway-web	Run node city/test-all.mjs	2026-10-07T03:21:20.0822518Z ✔ an episode that meets every gate is COMPLETED with no reasons (0.5871ms)
gateway-web	Run node city/test-all.mjs	2026-10-07T03:21:20.0822860Z ✔ gate 1 — unsatisfied criteria refuse with the criteria reason (0.228ms)
gateway-web	Run node city/test-all.mjs	2026-10-07T03:21:20.0823235Z ✔ gate 1 — an unknown criterion is not a satisfied one, even when satisfied is true (0.1628ms)
gateway-web	Run node city/test-all.mjs	2026-10-07T03:21:20.0823613Z ✔ gate 1 — a missing criteria evaluation is a refusal, not an assumption (0.1072ms)
gateway-web	Run node city/test-all.mjs	2026-10-07T03:21:20.0823958Z ✔ gate 2 — a required level that never ran refuses with its name (0.1178ms)
gateway-web	Run node city/test-all.mjs	2026-10-07T03:21:20.0824292Z ✔ gate 2 — a required level that ran and failed refuses with its name (0.0936ms)
gateway-web	Run node city/test-all.mjs	2026-10-07T03:21:20.0824663Z ✔ gate 2 — a contract that declares its own levels is believed over the default (0.1233ms)
gateway-web	Run node city/test-all.mjs	2026-10-07T03:21:20.0825086Z ✔ gate 2 — the donor's "no test level" escape hatch is unreachable, and that is preserved (0.2399ms)
gateway-web	Run node city/test-all.mjs	2026-10-07T03:21:20.0825457Z ✔ gate 2 — requiredTestLevels mirrors the contract declaration (0.0877ms)
gateway-web	Run node city/test-all.mjs	2026-10-07T03:21:20.0825777Z ✔ gate 3 — evidence older than the last change is not fresh (0.0955ms)
gateway-web	Run node city/test-all.mjs	2026-10-07T03:21:20.0826190Z ✔ gate 3 — evidence at or after the last change is fresh, and a level without a timestamp is not judged (0.0758ms)
gateway-web	Run node city/test-all.mjs	2026-10-07T03:21:20.0826588Z ✔ gate 3 — a freshness window expires evidence against the clock (0.1697ms)
gateway-web	Run node city/test-all.mjs	2026-10-07T03:21:20.0826963Z ✔ gate 3 — the window is not consulted at all when there is no last-change timestamp (0.0691ms)
gateway-web	Run node city/test-all.mjs	2026-10-07T03:21:20.0827399Z ✔ gate 4 — a required build that did not run or pass refuses, and both spellings of the flag work (0.1803ms)
gateway-web	Run node city/test-all.mjs	2026-10-07T03:21:20.0827848Z ✔ gate 5 — a required lint that did not run or pass refuses, and both spellings of the flag work (0.1175ms)
gateway-web	Run node city/test-all.mjs	2026-10-07T03:21:20.0828277Z ✔ gate 6 — an unresolved critical failure refuses and only the first ten are carried (0.1379ms)
gateway-web	Run node city/test-all.mjs	2026-10-07T03:21:20.0828688Z ✔ gate 6 — the gate judges the list it is handed, and the caller does the filtering (0.1667ms)
gateway-web	Run node city/test-all.mjs	2026-10-07T03:21:20.0831411Z ✔ unresolvedFailures keeps exactly the donor's critical classes (0.1576ms)
gateway-web	Run node city/test-all.mjs	2026-10-07T03:21:20.0832066Z ✔ gate 7 — a workspace that is no longer valid refuses with its own reason (0.231ms)
gateway-web	Run node city/test-all.mjs	2026-10-07T03:21:20.0832775Z ✔ gate 7 — a workspace check is only made when one is supplied, and ok:true passes (0.1405ms)
gateway-web	Run node city/test-all.mjs	2026-10-07T03:21:20.0833366Z ✔ gate 8 — a leak count above zero refuses and names the offenders (0.214ms)
gateway-web	Run node city/test-all.mjs	2026-10-07T03:21:20.0833911Z ✔ gate 9 — an episode that verified nothing is not a completed episode (0.1262ms)
gateway-web	Run node city/test-all.mjs	2026-10-07T03:21:20.0834446Z ✔ gate 9 — a command history alone is enough to have run something (0.0939ms)
gateway-web	Run node city/test-all.mjs	2026-10-07T03:21:20.0834961Z ✔ every refusal is reported at once, in the donor's gate order (0.1665ms)
gateway-web	Run node city/test-all.mjs	2026-10-07T03:21:20.0835688Z ✔ the durable verdict is deterministic for the same input and clock (0.1692ms)
gateway-web	Run node city/test-all.mjs	2026-10-07T03:21:20.0836251Z ✔ the durable verdict has a stable shape whether it completes or refuses (0.1829ms)
gateway-web	Run node city/test-all.mjs	2026-10-07T03:21:20.0836815Z ✔ collectLeaks asks each component and reports counts, not verdicts (0.2799ms)
gateway-web	Run node city/test-all.mjs	2026-10-07T03:21:20.0837485Z ✔ workspaceStillValid asks the filesystem, and a missing root is a refusal with the real error (1.3988ms)
gateway-web	Run node city/test-all.mjs	2026-10-07T03:21:20.0838168Z ✔ the forbidden list and the default policy are frozen with the donor's contents (0.1164ms)
gateway-web	Run node city/test-all.mjs	2026-10-07T03:21:20.0838761Z ✔ every destructive command is refused before it reaches the shell (211.9235ms)
gateway-web	Run node city/test-all.mjs	2026-10-07T03:21:20.0839300Z ✔ an allowed verb is executed and answers with the real exit code (373.4322ms)
gateway-web	Run node city/test-all.mjs	2026-10-07T03:21:20.0839860Z ✔ status separates untracked, staged, modified and conflicted files (1239.1961ms)
gateway-web	Run node city/test-all.mjs	2026-10-07T03:21:20.0840420Z ✔ status reports the failure instead of pretending the tree is clean (38.2253ms)
gateway-web	Run node city/test-all.mjs	2026-10-07T03:21:20.0840959Z ✔ head reports the branch, the sha and whether HEAD is detached (629.9886ms)
gateway-web	Run node city/test-all.mjs	2026-10-07T03:21:20.0841447Z ✔ diff is bounded and the staged diff is the cached one (606.6753ms)
gateway-web	Run node city/test-all.mjs	2026-10-07T03:21:20.0841938Z ✔ stage takes explicit paths only, and refuses an empty list (384.4764ms)
gateway-web	Run node city/test-all.mjs	2026-10-07T03:21:20.0842621Z ✔ commit refuses by default, refuses without a message, and works only when the contract allows it (751.0086ms)
gateway-web	Run node city/test-all.mjs	2026-10-07T03:21:20.0843331Z ✔ a commit with nothing staged fails on git's own refusal, not on a rewritten one (508.8105ms)
gateway-web	Run node city/test-all.mjs	2026-10-07T03:21:20.0843919Z ✔ push and merge are refused unless the contract says otherwise (211.1855ms)
gateway-web	Run node city/test-all.mjs	2026-10-07T03:21:20.0844463Z ✔ drift names exactly what moved since the baseline (1205.2317ms)
gateway-web	Run node city/test-all.mjs	2026-10-07T03:21:20.0845002Z ✔ the command history is bounded to the last two hundred entries (7837.1984ms)
gateway-web	Run node city/test-all.mjs	2026-10-07T03:21:20.0845504Z ✔ the exported vocabularies are the donor's (0.1413ms)
gateway-web	Run node city/test-all.mjs	2026-10-07T03:21:20.0845984Z ✔ an incomplete registry identity is refused at construction (3.0745ms)
gateway-web	Run node city/test-all.mjs	2026-10-07T03:21:20.0846580Z ✔ a registry that failed to initialize refuses every operation with the same error (0.9419ms)
gateway-web	Run node city/test-all.mjs	2026-10-07T03:21:20.0847332Z ✔ a scratch path on the work volume is not cross-volume material, and the path is judged before the purpose (0.8525ms)
gateway-web	Run node city/test-all.mjs	2026-10-07T03:21:20.0847931Z ✔ cleanup is a no-op until the episode is terminal (0.7149ms)
gateway-web	Run node city/test-all.mjs	2026-10-07T03:21:20.0848427Z ✔ a cleaned registry with nothing registered proves an empty cleanup (0.6609ms)
gateway-web	Run node city/test-all.mjs	2026-10-07T03:21:20.0848983Z ✔ retrying cleanup debt is the terminal cleanup under its own reason (0.6584ms)
gateway-web	Run node city/test-all.mjs	2026-10-07T03:21:20.0849618Z ✔ a restored registration is validated against the episode, the work root and its own type (5.9035ms)
gateway-web	Run node city/test-all.mjs	2026-10-07T03:21:20.0850319Z ✔ the registry deep-copies what it hands out, so a caller cannot edit its own ledger (7.2989ms)
gateway-web	Run node city/test-all.mjs	2026-10-07T03:21:20.0851209Z ✔ §41 CR-01 a compiler failure parses into a step, a diagnostic and an exit code (1.0414ms)
gateway-web	Run node city/test-all.mjs	2026-10-07T03:21:20.0851623Z ✔ §41 CR-02 a test failure parses into the failing test name and keeps the assertion (0.1967ms)
gateway-web	Run node city/test-all.mjs	2026-10-07T03:21:20.0851979Z ✔ the exit-code wrapper is never mistaken for an assertion (0.2332ms)
gateway-web	Run node city/test-all.mjs	2026-10-07T03:21:20.0852333Z ✔ a second assertion for the same test becomes an annotation, not an overwrite (0.1845ms)
gateway-web	Run node city/test-all.mjs	2026-10-07T03:21:20.0853549Z ✔ an assertion with no pending test is an annotation (0.2041ms)
gateway-web	Run node city/test-all.mjs	2026-10-07T03:21:20.0853968Z ✔ the alternate diagnostic form is read too (0.1518ms)
gateway-web	Run node city/test-all.mjs	2026-10-07T03:21:20.0854407Z ✔ commands are de-duplicated and ANSI colour is stripped (0.1761ms)
gateway-web	Run node city/test-all.mjs	2026-10-07T03:21:20.0854888Z ✔ the annotation list is capped at twenty exit-code lines (0.1126ms)
gateway-web	Run node city/test-all.mjs	2026-10-07T03:21:20.0855509Z ✔ the twenty-line cap does not apply to assertion lines, and the donor does not pretend it does (0.0931ms)
gateway-web	Run node city/test-all.mjs	2026-10-07T03:21:20.0856158Z ✔ a log with nothing recognisable parses honestly empty and invents no cause (0.1274ms)
gateway-web	Run node city/test-all.mjs	2026-10-07T03:21:20.0856791Z ✔ log_bytes counts UTF-8 bytes, not characters (0.272ms)
gateway-web	Run node city/test-all.mjs	2026-10-07T03:21:20.0857279Z ✔ the signature identifies the failure and moves when the failure moves (0.1285ms)
gateway-web	Run node city/test-all.mjs	2026-10-07T03:21:20.0857819Z ✔ the signature is a sha256 of the donor's exact identity payload (0.0963ms)
gateway-web	Run node city/test-all.mjs	2026-10-07T03:21:20.0858368Z ✔ CI could not start is reported as infrastructure, not as a code failure (0.1017ms)
gateway-web	Run node city/test-all.mjs	2026-10-07T03:21:20.0858890Z ✔ a recognisable failure is never called infrastructure (0.1182ms)
gateway-web	Run node city/test-all.mjs	2026-10-07T03:21:20.0859430Z ✔ §41 CR-03 a compiler failure is BUILD and its local gate is the typecheck (2.3742ms)
gateway-web	Run node city/test-all.mjs	2026-10-07T03:21:20.0859924Z ✔ §41 CR-03 a test failure is TEST with the unit gate (0.5501ms)
gateway-web	Run node city/test-all.mjs	2026-10-07T03:21:20.0860450Z ✔ the local gate table is the donor's, and an unmappable class has no gate at all (0.1548ms)
gateway-web	Run node city/test-all.mjs	2026-10-07T03:21:20.0861015Z ✔ §41 CR-05 a prohibited CI failure goes straight to the Hard Blocker (0.3492ms)
gateway-web	Run node city/test-all.mjs	2026-10-07T03:21:20.0861555Z ✔ the loop is bounded by §33.2's budgets, not by a counter invented here (0.3394ms)
gateway-web	Run node city/test-all.mjs	2026-10-07T03:21:20.0862075Z ✔ a NOT_APPLICABLE attempt does not spend a recovery budget (0.1555ms)
gateway-web	Run node city/test-all.mjs	2026-10-07T03:21:20.0862573Z ✔ a class with no local gate is a retry, and the plan says so (1.0257ms)
gateway-web	Run node city/test-all.mjs	2026-10-07T03:21:20.0863088Z ✔ §41 CR-04 only a green CI read counts, and a failed read is not a pass (0.1684ms)
gateway-web	Run node city/test-all.mjs	2026-10-07T03:21:20.0863589Z ✔ §41 the loop ends at PASS, at a Hard Blocker, or not yet (0.094ms)
gateway-web	Run node city/test-all.mjs	2026-10-07T03:21:20.0864089Z ✔ the CI-repair plan is deterministic for the same log and attempts (0.2432ms)
gateway-web	Run node city/test-all.mjs	2026-10-07T03:21:20.0864619Z ✔ ci-repair needs no clock, no filesystem and no network to decide (0.0897ms)
gateway-web	Run node city/test-all.mjs	2026-10-07T03:21:20.0865281Z ✔ the correctable field list is the donor's eight text fields, and excludes the structured evidence (0.3389ms)
gateway-web	Run node city/test-all.mjs	2026-10-07T03:21:20.0865959Z ✔ a correction replaces only its own field and leaves the rest of the draft alone (0.133ms)
gateway-web	Run node city/test-all.mjs	2026-10-07T03:21:20.0866565Z ✔ the latest correction per field wins, whatever order the list arrives in (0.0635ms)
gateway-web	Run node city/test-all.mjs	2026-10-07T03:21:20.0867169Z ✔ two corrections with the same timestamp resolve to the later one in the list (0.0469ms)
gateway-web	Run node city/test-all.mjs	2026-10-07T03:21:20.0867757Z ✔ several fields can be corrected at once, each from its own latest entry (0.1545ms)
gateway-web	Run node city/test-all.mjs	2026-10-07T03:21:20.0868428Z ✔ a blank correction is ignored, and a draft nobody corrected is returned unchanged by identity (0.1445ms)
gateway-web	Run node city/test-all.mjs	2026-10-07T03:21:20.0869111Z ✔ a blank correction for one field does not suppress a real correction for another (0.0677ms)
gateway-web	Run node city/test-all.mjs	2026-10-07T03:21:20.0869640Z ✔ the donor does not filter corrections by cluster key (0.0578ms)
gateway-web	Run node city/test-all.mjs	2026-10-07T03:21:20.0870120Z ✔ fields the draft does not have are carried through untouched (0.0696ms)
gateway-web	Run node city/test-all.mjs	2026-10-07T03:21:20.0870761Z ✔ applying the same corrections twice is deterministic (0.0988ms)
gateway-web	Run node city/test-all.mjs	2026-10-07T03:21:20.0871251Z ✔ the action sets and the state vocabulary are the donor sets (1.2356ms)
gateway-web	Run node city/test-all.mjs	2026-10-07T03:21:20.0871679Z ✔ every AUTO_ACTION waits and auto-resumes (0.2705ms)
gateway-web	Run node city/test-all.mjs	2026-10-07T03:21:20.0872090Z ✔ every PAUSED_ACTION pauses and must not auto-resume (0.0982ms)
gateway-web	Run node city/test-all.mjs	2026-10-07T03:21:20.0872535Z ✔ an action in neither set is ACTIVE and auto-resumes (0.1678ms)
gateway-web	Run node city/test-all.mjs	2026-10-07T03:21:20.0873034Z ✔ a falsy reason falls back to that state default, a real reason is kept (0.1553ms)
gateway-web	Run node city/test-all.mjs	2026-10-07T03:21:20.0873627Z ✔ retryAt is present only when it was defined (0.1854ms)
gateway-web	Run node city/test-all.mjs	2026-10-07T03:21:20.0874115Z ✔ updatedAt is the injected clock in ISO form, and the clock is required (0.4326ms)
gateway-web	Run node city/test-all.mjs	2026-10-07T03:21:20.0874696Z ✔ pausedForProvider pauses, never auto-resumes and never writes a deadline (0.1964ms)
gateway-web	Run node city/test-all.mjs	2026-10-07T03:21:20.0875160Z ✔ the three labels are the donor labels (0.2033ms)
gateway-web	Run node city/test-all.mjs	2026-10-07T03:21:20.0875646Z ✔ providerStateRecord validates the donor shape instead of repairing it (0.3706ms)
gateway-web	Run node city/test-all.mjs	2026-10-07T03:21:20.0876217Z ✔ the availability vocabulary is the donor ten, in the donor order (1.9251ms)
gateway-web	Run node city/test-all.mjs	2026-10-07T03:21:20.0876757Z ✔ isRuntimeAvailable: exactly one of the ten values is available (0.3356ms)
gateway-web	Run node city/test-all.mjs	2026-10-07T03:21:20.0877402Z ✔ isRuntimeAvailable refuses a value outside the ten-value vocabulary (0.5752ms)
gateway-web	Run node city/test-all.mjs	2026-10-07T03:21:20.0877965Z ✔ unsupportedRuntime keeps the donor identity and capability defaults (0.7519ms)
gateway-web	Run node city/test-all.mjs	2026-10-07T03:21:20.0878653Z ✔ unsupportedRuntime.healthCheck reports UNSUPPORTED with the donor message and injected time (1.2156ms)
gateway-web	Run node city/test-all.mjs	2026-10-07T03:21:20.0879315Z ✔ unsupportedRuntime.execute refuses permanently and is not retryable (0.8822ms)
gateway-web	Run node city/test-all.mjs	2026-10-07T03:21:20.0879970Z ✔ providerRuntimeAdapter refuses an id without the web: prefix, with the donor message (0.4048ms)
gateway-web	Run node city/test-all.mjs	2026-10-07T03:21:20.0880575Z ✔ providerRuntimeAdapter accepts a web: id and declares kind web (0.1789ms)
gateway-web	Run node city/test-all.mjs	2026-10-07T03:21:20.0881188Z ✔ providerRuntimeAdapter merges the donor all-seven-role default with no override (1.2274ms)
gateway-web	Run node city/test-all.mjs	2026-10-07T03:21:20.0881869Z ✔ providerRuntimeAdapter applies a partial override and keeps the untouched defaults (0.4712ms)
gateway-web	Run node city/test-all.mjs	2026-10-07T03:21:20.0882438Z ✔ healthCheck and execute delegate to the injected hooks (0.7688ms)
gateway-web	Run node city/test-all.mjs	2026-10-07T03:21:20.0882961Z ✔ cancel delegates to the hook and resolves when no hook is supplied (0.2893ms)
gateway-web	Run node city/test-all.mjs	2026-10-07T03:21:20.0883537Z ✔ a missing healthCheck/execute hook fails at the call, not at construction (0.2493ms)
gateway-web	Run node city/test-all.mjs	2026-10-07T03:21:20.0884180Z ✔ runtimeRequest copies the donor fields and keeps optionals absent when not supplied (0.3119ms)
gateway-web	Run node city/test-all.mjs	2026-10-07T03:21:20.0884810Z ✔ runtimeFailure keeps the donor field shapes and the conditional retryAt (0.2695ms)
gateway-web	Run node city/test-all.mjs	2026-10-07T03:21:20.0885379Z ✔ runtimeResult keeps the four statuses and the optional donor fields (0.5596ms)
gateway-web	Run node city/test-all.mjs	2026-10-07T03:21:20.0885935Z ✔ provider usage never invents a number the provider did not report (0.1897ms)
gateway-web	Run node city/test-all.mjs	2026-10-07T03:21:20.0886464Z ✔ runtimeHealth and runtimeMetrics are validated, not repaired (0.1585ms)
gateway-web	Run node city/test-all.mjs	2026-10-07T03:21:20.0886974Z ✔ the module reads no ambient clock, environment or randomness (9.188ms)
gateway-web	Run node city/test-all.mjs	2026-10-07T03:21:20.0887419Z ✔ an unknown runtime is CLOSED and is never listed (2.1405ms)
gateway-web	Run node city/test-all.mjs	2026-10-07T03:21:20.0887929Z ✔ the donor defaults are a threshold of 3 and a 60 s cooldown (0.897ms)
gateway-web	Run node city/test-all.mjs	2026-10-07T03:21:20.0888462Z ✔ failureThreshold is clamped to 1..20 and a non-integer throws (1.5784ms)
gateway-web	Run node city/test-all.mjs	2026-10-07T03:21:20.0889020Z ✔ cooldownMs is clamped to 1..604800000 and a non-integer throws (0.3119ms)
gateway-web	Run node city/test-all.mjs	2026-10-07T03:21:20.0889557Z ✔ the clock is the caller’s, and there is no built-in one (0.2387ms)
gateway-web	Run node city/test-all.mjs	2026-10-07T03:21:20.0890132Z ✔ CLOSED reaches OPEN exactly at the failure threshold, and not before (0.3801ms)
gateway-web	Run node city/test-all.mjs	2026-10-07T03:21:20.0890673Z ✔ isOpen is true only while the reported state is OPEN (0.1252ms)
gateway-web	Run node city/test-all.mjs	2026-10-07T03:21:20.0903001Z ✔ HALF_OPEN appears exactly at the cooldown boundary (0.1905ms)
gateway-web	Run node city/test-all.mjs	2026-10-07T03:21:20.0903652Z ✔ a failure while OPEN inside the cooldown stays OPEN and leaves openedAt unchanged (0.4443ms)
gateway-web	Run node city/test-all.mjs	2026-10-07T03:21:20.0904326Z ✔ HALF_OPEN admits at most one probe, and the probe counter is per runtime (0.7242ms)
gateway-web	Run node city/test-all.mjs	2026-10-07T03:21:20.0904958Z ✔ a verified success closes the breaker and clears the streak and the probe (0.7965ms)
gateway-web	Run node city/test-all.mjs	2026-10-07T03:21:20.0905671Z ✔ a verified success also closes a record that is still stored OPEN but past its cooldown (0.2122ms)
gateway-web	Run node city/test-all.mjs	2026-10-07T03:21:20.0906364Z ✔ a failed probe reopens with a fresh cooldown and the streak at the threshold (0.2458ms)
gateway-web	Run node city/test-all.mjs	2026-10-07T03:21:20.0907271Z ✔ cancelProbe frees a consumed probe without changing breaker state (0.3417ms)
gateway-web	Run node city/test-all.mjs	2026-10-07T03:21:20.0907848Z ✔ reset removes the record and the probe, so the runtime is CLOSED again (0.8654ms)
gateway-web	Run node city/test-all.mjs	2026-10-07T03:21:20.0908385Z ✔ list reports each runtime’s current state and streak (0.3173ms)
gateway-web	Run node city/test-all.mjs	2026-10-07T03:21:20.0908943Z ✔ a snapshot restores exactly, and the effective options travel with it (0.3729ms)
gateway-web	Run node city/test-all.mjs	2026-10-07T03:21:20.0909496Z ✔ a malformed snapshot throws instead of being repaired (0.8591ms)
gateway-web	Run node city/test-all.mjs	2026-10-07T03:21:20.0910115Z ✔ the value-level calls return new state and never mutate the state they were given (1.2554ms)
gateway-web	Run node city/test-all.mjs	2026-10-07T03:21:20.0910737Z ✔ only the six provider-technical kinds trip the breaker (0.2222ms)
gateway-web	Run node city/test-all.mjs	2026-10-07T03:21:20.0911347Z ✔ one broken runtime does not disturb another (0.156ms)
gateway-web	Run node city/test-all.mjs	2026-10-07T03:21:20.0911782Z ✔ an option that cannot be an integer fails closed (0.2142ms)
gateway-web	Run node city/test-all.mjs	2026-10-07T03:21:20.0912996Z ✔ a caller-supplied file path is not part of this module’s shape (0.1447ms)
gateway-web	Run node city/test-all.mjs	2026-10-07T03:21:20.0913663Z ✔ covers all 11 semantic outcomes with a continuous axis mapping (1.2643ms)
gateway-web	Run node city/test-all.mjs	2026-10-07T03:21:20.0914239Z ✔ A02: runtime SUCCESS + normal completion ⇒ FULL_COMPLETION (0.7179ms)
gateway-web	Run node city/test-all.mjs	2026-10-07T03:21:20.0914874Z ✔ A03: runtime SUCCESS + explicit refusal ⇒ HARD_REFUSAL without being a runtime failure (0.1267ms)
gateway-web	Run node city/test-all.mjs	2026-10-07T03:21:20.0915531Z ✔ A04: partial completion and partial refusal are distinguishable (0.1451ms)
gateway-web	Run node city/test-all.mjs	2026-10-07T03:21:20.0916103Z ✔ A05: runtime TIMEOUT ⇒ UNCLASSIFIED with no restriction penalty (0.1258ms)
gateway-web	Run node city/test-all.mjs	2026-10-07T03:21:20.0916632Z ✔ A06: AUTH_REQUIRED ⇒ no capability/restriction penalty (0.1364ms)
gateway-web	Run node city/test-all.mjs	2026-10-07T03:21:20.0917117Z ✔ A07: PAGE_CHANGED ⇒ no semantic negative evidence (0.1991ms)
gateway-web	Run node city/test-all.mjs	2026-10-07T03:21:20.0917517Z ✔ A08: goal drift is recorded when the worker silently changes scope (0.9799ms)
gateway-web	Run node city/test-all.mjs	2026-10-07T03:21:20.0917843Z ✔ format failure is distinguished from provider restriction (0.1839ms)
gateway-web	Run node city/test-all.mjs	2026-10-07T03:21:20.0918192Z ✔ deterministic verification failure outranks provider behaviour signals (0.2636ms)
gateway-web	Run node city/test-all.mjs	2026-10-07T03:21:20.0918579Z ✔ an unobservable success is UNCLASSIFIED rather than a fabricated completion (0.1783ms)
gateway-web	Run node city/test-all.mjs	2026-10-07T03:21:20.0918895Z ✔ classifies runtime codes as non-semantic (1.1899ms)
gateway-web	Run node city/test-all.mjs	2026-10-07T03:21:20.0919224Z ✔ a SUCCESS that also carries a non-semantic code is still not model behaviour (0.1481ms)
gateway-web	Run node city/test-all.mjs	2026-10-07T03:21:20.0919588Z ✔ a runtime failure with no listed code is still excluded, and says so (0.0949ms)
gateway-web	Run node city/test-all.mjs	2026-10-07T03:21:20.0919945Z ✔ selection precedence between the non-failure signals is the donor’s (0.3794ms)
gateway-web	Run node city/test-all.mjs	2026-10-07T03:21:20.0920293Z ✔ an injected evaluator version is stamped on every classification (0.1877ms)
gateway-web	Run node city/test-all.mjs	2026-10-07T03:21:20.0920658Z ✔ detectGoalDrift reports scope-change markers and unaddressed deliverables (0.7083ms)
gateway-web	Run node city/test-all.mjs	2026-10-07T03:21:20.0921063Z ✔ createEvaluationRevision appends a revision without overwriting the original (0.1746ms)
gateway-web	Run node city/test-all.mjs	2026-10-07T03:21:20.0921414Z ✔ semanticEvaluation validates and copies an evaluation (0.7698ms)
gateway-web	Run node city/test-all.mjs	2026-10-07T03:21:20.0921784Z ✔ catalog describes source resolution and preview without promising installation (12.5322ms)
gateway-web	Run node city/test-all.mjs	2026-10-07T03:21:20.0922104Z ✔ GitHub reference parsing matches the donor (2.5563ms)
gateway-web	Run node city/test-all.mjs	2026-10-07T03:21:20.0922403Z ✔ archive planning and the resolution plan match the donor ordering (0.4321ms)
gateway-web	Run node city/test-all.mjs	2026-10-07T03:21:20.0922763Z ✔ a resolved plan is offline only: no download happens and none is planned (0.3674ms)
gateway-web	Run node city/test-all.mjs	2026-10-07T03:21:20.0923128Z ✔ the tiered scanner resolves bundles, collections, siblings and flat files (5.2909ms)
gateway-web	Run node city/test-all.mjs	2026-10-07T03:21:20.0923595Z ✔ the scanner is deterministic over an injected in-memory tree (1.9931ms)
gateway-web	Run node city/test-all.mjs	2026-10-07T03:21:20.0923905Z ✔ a scanned skill is validated by this module's own parser (1.2398ms)
gateway-web	Run node city/test-all.mjs	2026-10-07T03:21:20.0924244Z ✔ the curated catalog searches offline and degrades a failed live search (9.2328ms)
gateway-web	Run node city/test-all.mjs	2026-10-07T03:21:20.0924598Z ✔ the module never writes a runtime file and never installs or downloads (8.8399ms)
gateway-web	Run node city/test-all.mjs	2026-10-07T03:21:20.0924878Z ✔ skill name grammar matches the donor (1.0814ms)
gateway-web	Run node city/test-all.mjs	2026-10-07T03:21:20.0925383Z ✔ frontmatter parsing reads the donor subset (metadata, whenToUse, invocation) (1.8866ms)
gateway-web	Run node city/test-all.mjs	2026-10-07T03:21:20.0925740Z ✔ malformed frontmatter is rejected with a reason, never guessed (0.2292ms)
gateway-web	Run node city/test-all.mjs	2026-10-07T03:21:20.0926059Z ✔ rendering round-trips through the parser like the donor (0.4414ms)
gateway-web	Run node city/test-all.mjs	2026-10-07T03:21:20.0926431Z ✔ the highest-level analysis accepts a valid document and rejects an oversized one (0.7887ms)
gateway-web	Run node city/test-all.mjs	2026-10-07T03:21:20.0926797Z ✔ the tar reader lists regular files and directories like the donor (2.231ms)
gateway-web	Run node city/test-all.mjs	2026-10-07T03:21:20.0927079Z ✔ traversal and absolute paths are refused (1.6937ms)
gateway-web	Run node city/test-all.mjs	2026-10-07T03:21:20.0927365Z ✔ symlinks, hardlinks and devices are refused, never accepted (0.4086ms)
gateway-web	Run node city/test-all.mjs	2026-10-07T03:21:20.0927800Z ✔ byte and entry caps stop a zip-bomb sized archive and a flood of entries (1.9523ms)
gateway-web	Run node city/test-all.mjs	2026-10-07T03:21:20.0928109Z ✔ gzip is detected and decompressed transparently (1.5162ms)
gateway-web	Run node city/test-all.mjs	2026-10-07T03:21:20.0928411Z ✔ a corrupt header checksum is refused instead of being misread (0.247ms)
gateway-web	Run node city/test-all.mjs	2026-10-07T03:21:20.0928768Z ✔ the module is self-contained: built-ins only, no donor checkout dependency (9.0203ms)
gateway-web	Run node city/test-all.mjs	2026-10-07T03:21:20.0929160Z ✔ provenance stays honest: DONOR.json pins the donor and records the adaptation (2.2984ms)
gateway-web	Run node city/test-all.mjs	2026-10-07T03:21:20.0929529Z ✔ dshBin keeps the donor path shape and follows the injected app root (1.2662ms)
gateway-web	Run node city/test-all.mjs	2026-10-07T03:21:20.0929848Z ✔ nodeExecutable is the donor rule env.DSH_NODE || node (0.2894ms)
gateway-web	Run node city/test-all.mjs	2026-10-07T03:21:20.0930186Z ✔ childEnv sets exactly the donor keys, with the donor defaults and order (0.8677ms)
gateway-web	Run node city/test-all.mjs	2026-10-07T03:21:20.0930549Z ✔ childEnv never mutates the ambient environment and returns a fresh object (0.2405ms)
gateway-web	Run node city/test-all.mjs	2026-10-07T03:21:20.0931674Z ✔ childEnv lets the ambient mode variables win over the defaults, and spreads overrides last (0.2271ms)
gateway-web	Run node city/test-all.mjs	2026-10-07T03:21:20.0932615Z ✔ startJob builds the donor argv, cwd, stdio and pipes, and returns {child, pid, logFile} (0.5266ms)
gateway-web	Run node city/test-all.mjs	2026-10-07T03:21:20.0933121Z ✔ startJob honours an explicit logFile (0.2478ms)
gateway-web	Run node city/test-all.mjs	2026-10-07T03:21:20.0933666Z ✔ startJob passes permissionMode through as DSH_PERMISSION_MODE, and omits it otherwise (1.3938ms)
gateway-web	Run node city/test-all.mjs	2026-10-07T03:21:20.0934290Z ✔ startJob pipes into the log stream it opened, so the child records to that file (0.5395ms)
gateway-web	Run node city/test-all.mjs	2026-10-07T03:21:20.0934850Z ✔ killTree spawns taskkill.exe with the donor argv for a numeric pid (0.3084ms)
gateway-web	Run node city/test-all.mjs	2026-10-07T03:21:20.0935444Z ✔ killTree stringifies a non-numeric pid and spawns nothing for a falsy one (0.1654ms)
gateway-web	Run node city/test-all.mjs	2026-10-07T03:21:20.0936066Z ✔ killTree swallows a synchronous spawn throw, as the donor empty catch did (0.2364ms)
gateway-web	Run node city/test-all.mjs	2026-10-07T03:21:20.0936637Z ✔ index.mjs re-exports the runner factory and the closed vocabularies (0.1362ms)
gateway-web	Run node city/test-all.mjs	2026-10-07T03:21:20.0937225Z ✔ the module is self-contained: built-ins only, no donor checkout dependency (8.5607ms)
gateway-web	Run node city/test-all.mjs	2026-10-07T03:21:20.0937836Z ✔ provenance stays honest: DONOR.json pins the donor and records the deferrals (1.6525ms)
gateway-web	Run node city/test-all.mjs	2026-10-07T03:21:20.0938400Z ✔ the contract carries the donor vocabulary, in the donor order (2.1242ms)
gateway-web	Run node city/test-all.mjs	2026-10-07T03:21:20.0938967Z ✔ factories copy on construct: mutating a result never touches the vocabulary (0.2642ms)
gateway-web	Run node city/test-all.mjs	2026-10-07T03:21:20.0939555Z ✔ validators refuse invalid input instead of turning it into valid input (0.2831ms)
gateway-web	Run node city/test-all.mjs	2026-10-07T03:21:20.0940089Z ✔ every status lands in exactly one of the three status classes (0.3005ms)
gateway-web	Run node city/test-all.mjs	2026-10-07T03:21:20.0940517Z ✔ normalizeStatus trims and upper-cases (0.3732ms)
gateway-web	Run node city/test-all.mjs	2026-10-07T03:21:20.0941012Z ✔ terminalState classifies all six persisted spellings and refuses the rest (0.1833ms)
gateway-web	Run node city/test-all.mjs	2026-10-07T03:21:20.0941605Z ✔ persistedStatusFor keeps the persisted vocabulary backward compatible (0.1371ms)
gateway-web	Run node city/test-all.mjs	2026-10-07T03:21:20.0942208Z ✔ statusLabel names the three canonical states and falls back to Terminated (0.1583ms)
gateway-web	Run node city/test-all.mjs	2026-10-07T03:21:20.0942732Z ✔ firstLine returns the first non-empty trimmed line (2.1094ms)
gateway-web	Run node city/test-all.mjs	2026-10-07T03:21:20.0943247Z ✔ truncate collapses whitespace and reserves one character for the ellipsis (0.4484ms)
gateway-web	Run node city/test-all.mjs	2026-10-07T03:21:20.0943934Z ✔ taskDisplayName walks the donor candidate order (0.3607ms)
gateway-web	Run node city/test-all.mjs	2026-10-07T03:21:20.0944459Z ✔ errorSummary joins code and message, degrades to JSON, and never throws (0.6086ms)
gateway-web	Run node city/test-all.mjs	2026-10-07T03:21:20.0945015Z ✔ shortResult formats Xs / Xm Ys / Xh Ym and refuses incomplete tasks (0.2971ms)
gateway-web	Run node city/test-all.mjs	2026-10-07T03:21:20.0945603Z ✔ terminalEpoch truncates a positive instant and collapses everything else to 0 (0.1911ms)
gateway-web	Run node city/test-all.mjs	2026-10-07T03:21:20.0946165Z ✔ terminalKey is <id>#<state>#<epoch>, including the epoch-0 case (0.2771ms)
gateway-web	Run node city/test-all.mjs	2026-10-07T03:21:20.0946650Z ✔ buildTerminalEvent builds the full COMPLETED payload (0.3762ms)
gateway-web	Run node city/test-all.mjs	2026-10-07T03:21:20.0947177Z ✔ buildTerminalEvent builds the full FAILED_FINAL payload with its error (0.1554ms)
gateway-web	Run node city/test-all.mjs	2026-10-07T03:21:20.0947844Z ✔ buildTerminalEvent keeps the null-vs-zero distinctions of the donor (0.1888ms)
gateway-web	Run node city/test-all.mjs	2026-10-07T03:21:20.0948416Z ✔ buildTerminalEvent defaults the source and lets the caller override it (0.3155ms)
gateway-web	Run node city/test-all.mjs	2026-10-07T03:21:20.0949079Z ✔ buildTerminalEvent takes its clock as a parameter and is deterministic without one (0.289ms)
gateway-web	Run node city/test-all.mjs	2026-10-07T03:21:20.0949504Z ✔ buildTerminalEvent falls back to CANCELLED and carries the reason verbatim (0.1459ms)
gateway-web	Run node city/test-all.mjs	2026-10-07T03:21:20.0950355Z ✔ buildTerminalEvent tolerates a non-task and always names one (0.0807ms)
gateway-web	Run node city/test-all.mjs	2026-10-07T03:21:20.0950722Z ✔ index.mjs is the one export site for this module (0.1089ms)
gateway-web	Run node city/test-all.mjs	2026-10-07T03:21:20.0951955Z ﹣ the port matches the compiled donor on every scripted and seeded scenario (1.5836ms) # donor build absent at D:\a\utopia\utopia\.runtime\evidence\mission-book\MB-005\donor-health\lib\index.js; build it per the header of this file to run the differential parity check
gateway-web	Run node city/test-all.mjs	2026-10-07T03:21:20.0953067Z ✔ the canonical registry is sorted, unique, complete and prototype-safe (2.4444ms)
gateway-web	Run node city/test-all.mjs	2026-10-07T03:21:20.0953632Z ✔ hard physical bounds are declared exactly where the donor declared them (0.1725ms)
gateway-web	Run node city/test-all.mjs	2026-10-07T03:21:20.0954252Z ✔ the dimension dispatch table covers every canonical metric with two named exceptions (0.1801ms)
gateway-web	Run node city/test-all.mjs	2026-10-07T03:21:20.0954862Z ✔ the three shipped preset documents are the documents the code builds (1.4677ms)
gateway-web	Run node city/test-all.mjs	2026-10-07T03:21:20.0955391Z ✔ ramp endpoints come from polarity, never from the written order (0.2556ms)
gateway-web	Run node city/test-all.mjs	2026-10-07T03:21:20.0955912Z ✔ the ramp is linear, rounded to an integer, and clamped at both ends (0.2964ms)
gateway-web	Run node city/test-all.mjs	2026-10-07T03:21:20.0956483Z ✔ a lower-is-worse band ramps the other way and tolerates either written order (0.1518ms)
gateway-web	Run node city/test-all.mjs	2026-10-07T03:21:20.0956979Z ✔ an unknown value scores null and levels as unknown, never as none (0.1819ms)
gateway-web	Run node city/test-all.mjs	2026-10-07T03:21:20.0957474Z ✔ the level boundaries are exactly 0 / 35 / 65 / 85 (0.1681ms)
gateway-web	Run node city/test-all.mjs	2026-10-07T03:21:20.0958034Z ✔ the sustain gate holds a spike at zero and opens exactly at the configured duration (0.3019ms)
gateway-web	Run node city/test-all.mjs	2026-10-07T03:21:20.0958570Z ✔ band identity is derived the same way the store times it (0.228ms)
gateway-web	Run node city/test-all.mjs	2026-10-07T03:21:20.0959098Z ✔ a ratio above 1 and at most 1.5 clamps to 1 with a violation, not a rejection (0.4567ms)
gateway-web	Run node city/test-all.mjs	2026-10-07T03:21:20.0959710Z ✔ a ratio above 1.5 is rejected as above_hard_max (0.1192ms)
gateway-web	Run node city/test-all.mjs	2026-10-07T03:21:20.0960211Z ✔ impossible physical values are rejected below and above the hard bound (0.2369ms)
gateway-web	Run node city/test-all.mjs	2026-10-07T03:21:20.0960839Z ✔ a value just outside the hard bound is snapped rather than rejected (the 1e-9 tolerance) (0.1784ms)
gateway-web	Run node city/test-all.mjs	2026-10-07T03:21:20.0961496Z ✔ non-numbers, NaN and Infinity are violations and the survivors come back name-sorted (0.1947ms)
gateway-web	Run node city/test-all.mjs	2026-10-07T03:21:20.0962136Z ✔ a non-canonical metric name is a violation, and an absent metric is never invented (0.1263ms)
gateway-web	Run node city/test-all.mjs	2026-10-07T03:21:20.0962806Z ✔ window statistics are exact, and a metric with no data has null statistics rather than zeros (1.8174ms)
gateway-web	Run node city/test-all.mjs	2026-10-07T03:21:20.0963422Z ✔ the raw retention floor is raised to the longest configured window (0.7614ms)
gateway-web	Run node city/test-all.mjs	2026-10-07T03:21:20.0963948Z ✔ band timing restarts on a band change and on leaving every band (0.2547ms)
gateway-web	Run node city/test-all.mjs	2026-10-07T03:21:20.0964580Z ✔ recording a bag declares band identity, so the sustain gate times the data not the question (0.3146ms)
gateway-web	Run node city/test-all.mjs	2026-10-07T03:21:20.0965196Z ✔ the store is bounded: raw points and buckets are pruned by construction (7.9613ms)
gateway-web	Run node city/test-all.mjs	2026-10-07T03:21:20.0965812Z ✔ daily summaries are per local calendar day, weighted by sample count, metrics sorted (4.9999ms)
gateway-web	Run node city/test-all.mjs	2026-10-07T03:21:20.0966435Z ✔ a sustained leak is a trusted worsening trend with an exact slope and R² (0.8962ms)
gateway-web	Run node city/test-all.mjs	2026-10-07T03:21:20.0966997Z ✔ noise is not trusted, and polarity decides which direction is worsening (0.626ms)
gateway-web	Run node city/test-all.mjs	2026-10-07T03:21:20.0967483Z ✔ the trend gates produce unknown rather than a guess (0.3018ms)
gateway-web	Run node city/test-all.mjs	2026-10-07T03:21:20.0968013Z ✔ past the raw horizon the aggregate buckets take over, and the summary says so (0.3877ms)
gateway-web	Run node city/test-all.mjs	2026-10-07T03:21:20.0968638Z ✔ trend formatting keeps the donor precision asymmetry (0.0897ms)
gateway-web	Run node city/test-all.mjs	2026-10-07T03:21:20.0969360Z ✔ missing telemetry is not health: an unmeasured dimension is unknown with a null score (1.634ms)
gateway-web	Run node city/test-all.mjs	2026-10-07T03:21:20.0970101Z ✔ the weight of a missing dimension is redistributed, and the redistribution is published as coverage (1.2502ms)
gateway-web	Run node city/test-all.mjs	2026-10-07T03:21:20.0970762Z ✔ with nothing measured at all the pressure is null and the coverage is zero (0.3723ms)
gateway-web	Run node city/test-all.mjs	2026-10-07T03:21:20.0971377Z ✔ the worst metric leads: a dimension score is half weighted mean, half worst member (0.9986ms)
gateway-web	Run node city/test-all.mjs	2026-10-07T03:21:20.0972042Z ✔ a single critical metric is not averaged away by calm ones, and no known metric means null (0.6916ms)
gateway-web	Run node city/test-all.mjs	2026-10-07T03:21:20.0972626Z ✔ the time dimension is the uptime ramp from 8 hours to 336 hours (0.6818ms)
gateway-web	Run node city/test-all.mjs	2026-10-07T03:21:20.0973169Z ✔ a configured metric with no band and no trend is collected but never scored (0.3962ms)
gateway-web	Run node city/test-all.mjs	2026-10-07T03:21:20.0973765Z ✔ the trend term is added on top of the band score and normalised by the band span (1.085ms)
gateway-web	Run node city/test-all.mjs	2026-10-07T03:21:20.0974365Z ✔ drivers are produced only at 35 or above, and their contribution is weighted down (0.8404ms)
gateway-web	Run node city/test-all.mjs	2026-10-07T03:21:20.0974986Z ✔ driver codes are dimension-flavoured, and a trend-led driver is a slope code (0.7162ms)
gateway-web	Run node city/test-all.mjs	2026-10-07T03:21:20.0975575Z ✔ the ladder maps pressure onto actions at the exact default thresholds (1.4227ms)
gateway-web	Run node city/test-all.mjs	2026-10-07T03:21:20.0976093Z ✔ every candidate carries its driver codes and a coverage tag (0.2461ms)
gateway-web	Run node city/test-all.mjs	2026-10-07T03:21:20.0976676Z ✔ hysteresis holds the action in force until pressure falls through its own exit band (0.2574ms)
gateway-web	Run node city/test-all.mjs	2026-10-07T03:21:20.0977309Z ✔ a series that oscillates around the enter threshold never oscillates the action (0.2411ms)
gateway-web	Run node city/test-all.mjs	2026-10-07T03:21:20.0977914Z ✔ debounce delays a new high-risk level for exactly the configured evaluations (0.3829ms)
gateway-web	Run node city/test-all.mjs	2026-10-07T03:21:20.0978621Z ✔ dwell slows a low-level transition for exactly the configured duration, and never the first crossing (0.2504ms)
gateway-web	Run node city/test-all.mjs	2026-10-07T03:21:20.0979132Z ✔ the three cooldown buckets and their balanced durations map exactly as documented (0.1734ms)
gateway-web	Run node city/test-all.mjs	2026-10-07T03:21:20.0979535Z ✔ a suppressed repeat is suppressed but a suppressed de-escalation is only delayed (0.2372ms)
gateway-web	Run node city/test-all.mjs	2026-10-07T03:21:20.0979980Z ✔ the state machine names a gated restart instead of forgetting it (0.3181ms)
gateway-web	Run node city/test-all.mjs	2026-10-07T03:21:20.0980339Z ✔ the restart gate downgrades to PAUSE_NEW_WORK and names every blocking reason (0.2927ms)
gateway-web	Run node city/test-all.mjs	2026-10-07T03:21:20.0980692Z ✔ the configuration can forbid a restart, and the reason says so (0.2021ms)
gateway-web	Run node city/test-all.mjs	2026-10-07T03:21:20.0981066Z ✔ the urgent override skips the window, and level 4 alone may override the safe point (0.2024ms)
gateway-web	Run node city/test-all.mjs	2026-10-07T03:21:20.0981449Z ✔ wall-clock parsing is strict and the occurrence boundaries are inclusive (0.5149ms)
gateway-web	Run node city/test-all.mjs	2026-10-07T03:21:20.0981830Z ✔ a wrapping window is handled, and clockWithin is start-inclusive end-exclusive (0.1057ms)
gateway-web	Run node city/test-all.mjs	2026-10-07T03:21:20.0982305Z ✔ the maintenance picture reports every phase, and an exhausted deferral still says go (0.5621ms)
gateway-web	Run node city/test-all.mjs	2026-10-07T03:21:20.0982705Z ✔ window arithmetic is local-calendar based, so it survives a day boundary (0.1895ms)
gateway-web	Run node city/test-all.mjs	2026-10-07T03:21:20.0983079Z ✔ safe points fold worst-first, and an unanswered question is not a yes (62.3882ms)
gateway-web	Run node city/test-all.mjs	2026-10-07T03:21:20.0983541Z ✔ safePointRequired: false skips the question instead of answering it badly (4.8685ms)
gateway-web	Run node city/test-all.mjs	2026-10-07T03:21:20.0984130Z ✔ a registered safe point gates the request through the real scheduler (16.5819ms)
gateway-web	Run node city/test-all.mjs	2026-10-07T03:21:20.0984612Z ✔ the level-to-action mapping reaches the right adapter and always as a request (5.3287ms)
gateway-web	Run node city/test-all.mjs	2026-10-07T03:21:20.0984994Z ✔ a system request always acknowledges the reboot, and only that rung does (1.1118ms)
gateway-web	Run node city/test-all.mjs	2026-10-07T03:21:20.0985424Z ✔ the engine only ever calls the documented adapter methods, so an action cannot become an effect (0.9921ms)
gateway-web	Run node city/test-all.mjs	2026-10-07T03:21:20.0985881Z ✔ the cooldown starts on the attempt, so a long critical run is bounded to a few requests (133.121ms)
gateway-web	Run node city/test-all.mjs	2026-10-07T03:21:20.0986305Z ✔ a throwing restart adapter never stops the loop and never becomes a request storm (6.2768ms)
gateway-web	Run node city/test-all.mjs	2026-10-07T03:21:20.0986697Z ✔ an unavailable capability reports a refusal rather than throwing or acting (1.1446ms)
gateway-web	Run node city/test-all.mjs	2026-10-07T03:21:20.0987037Z ✔ disabled configuration samples nothing at all (0.3138ms)
gateway-web	Run node city/test-all.mjs	2026-10-07T03:21:20.0987358Z ✔ the ingest seam records violations and never tracks a rejected metric (0.3546ms)
gateway-web	Run node city/test-all.mjs	2026-10-07T03:21:20.0987723Z ✔ per-window history is exposed for one metric and coverage stays honest (0.6233ms)
gateway-web	Run node city/test-all.mjs	2026-10-07T03:21:20.0988086Z ✔ provider failures are isolated, backed off exponentially, and reported (1.1416ms)
gateway-web	Run node city/test-all.mjs	2026-10-07T03:21:20.0988464Z ✔ a disabled provider and a per-provider flag are both skipped in sorted order (0.2124ms)
gateway-web	Run node city/test-all.mjs	2026-10-07T03:21:20.0988824Z ✔ the decision log keeps a bounded, append-only ring, newest last (0.8502ms)
gateway-web	Run node city/test-all.mjs	2026-10-07T03:21:20.0989314Z ✔ the on-disk log is a JSONL envelope, read back, tolerant of a torn line, and rotates (9.6939ms)
gateway-web	Run node city/test-all.mjs	2026-10-07T03:21:20.0989675Z ✔ an unwritable log directory is reported instead of thrown (0.6688ms)
gateway-web	Run node city/test-all.mjs	2026-10-07T03:21:20.0990144Z ✔ the stats file is read first-match-wins, with unknown keys reported and staleness named (2.6778ms)
gateway-web	Run node city/test-all.mjs	2026-10-07T03:21:20.0990576Z ✔ the command-probe grammar ignores what it cannot trust and reports what it cannot parse (0.4504ms)
gateway-web	Run node city/test-all.mjs	2026-10-07T03:21:20.0990962Z ✔ a command probe with an empty argv refuses instead of executing anything (0.2066ms)
gateway-web	Run node city/test-all.mjs	2026-10-07T03:21:20.0991331Z ✔ the built-in provider graph follows the configuration without reading the OS (0.9973ms)
gateway-web	Run node city/test-all.mjs	2026-10-07T03:21:20.0991727Z ✔ the text report never claims that an unknown is healthy and renders goldens exactly (6.0051ms)
gateway-web	Run node city/test-all.mjs	2026-10-07T03:21:20.0992148Z ✔ the machine payload serialises without an undefined, and keeps the donor key names (0.7749ms)
gateway-web	Run node city/test-all.mjs	2026-10-07T03:21:20.0992556Z ✔ a rejected settings document is refused loudly and leaves the configuration in force (0.5486ms)
gateway-web	Run node city/test-all.mjs	2026-10-07T03:21:20.0992966Z ✔ a bad configuration is rejected loudly but the caller can keep running on balanced (0.846ms)
gateway-web	Run node city/test-all.mjs	2026-10-07T03:21:20.0993316Z ✔ the module ships no process-control primitive of any kind (4.7984ms)
gateway-web	Run node city/test-all.mjs	2026-10-07T03:21:20.0993808Z ✔ the only outbound capability is a bounded action request, and no exported function can stop a process (2.1922ms)
gateway-web	Run node city/test-all.mjs	2026-10-07T03:21:20.0994256Z ✔ the real OS-backed providers are optional: nothing in the module builds one on its own (1.5974ms)
gateway-web	Run node city/test-all.mjs	2026-10-07T03:21:20.0994627Z ✔ the unbound port cannot verify anything, and acknowledges nothing (2.5546ms)
gateway-web	Run node city/test-all.mjs	2026-10-07T03:21:20.0994963Z ✔ available is false exactly when the bound port is an unbound one (0.3094ms)
gateway-web	Run node city/test-all.mjs	2026-10-07T03:21:20.0995311Z ✔ a required checkpoint authorizes only when it is safe AND completed (0.7566ms)
gateway-web	Run node city/test-all.mjs	2026-10-07T03:21:20.0995693Z ✔ a checkpoint that is NOT required always authorizes, and says so when it was not safe (1.2349ms)
gateway-web	Run node city/test-all.mjs	2026-10-07T03:21:20.0997165Z ✔ a throwing port becomes checkpoint_threw and never authorizes (0.7854ms)
gateway-web	Run node city/test-all.mjs	2026-10-07T03:21:20.0997488Z ✔ a slow port is bounded by a real timeout, and authorizes nothing (37.2583ms)
gateway-web	Run node city/test-all.mjs	2026-10-07T03:21:20.0997777Z ✔ timeoutMs <= 0 means no timeout at all (125.9992ms)
gateway-web	Run node city/test-all.mjs	2026-10-07T03:21:20.0998082Z ✔ elapsedMs is measured from the injected clock, not from the wall clock (0.8101ms)
gateway-web	Run node city/test-all.mjs	2026-10-07T03:21:20.0998418Z ✔ the contracts validate and copy every value they hand back (0.8183ms)
gateway-web	Run node city/test-all.mjs	2026-10-07T03:21:20.0998752Z ✔ the module is self-contained: timers are the only ambient dependency (4.3381ms)
gateway-web	Run node city/test-all.mjs	2026-10-07T03:21:20.0999131Z ✔ the outcome shape has one declaration: this gate imports it from the shared layer (1.6422ms)
gateway-web	Run node city/test-all.mjs	2026-10-07T03:21:20.0999526Z ✔ the lock vocabulary and the declared transition table are the donor vocabulary (1.5628ms)
gateway-web	Run node city/test-all.mjs	2026-10-07T03:21:20.0999883Z ✔ every declared edge is accepted, and no declared edge is missing (1.8298ms)
gateway-web	Run node city/test-all.mjs	2026-10-07T03:21:20.1000373Z ✔ an undeclared edge is refused with the donor detail and leaves the state alone (0.4101ms)
gateway-web	Run node city/test-all.mjs	2026-10-07T03:21:20.1000751Z ✔ entering REQUESTED needs a holder, and only IDLE -> REQUESTED sets it (0.2398ms)
gateway-web	Run node city/test-all.mjs	2026-10-07T03:21:20.1001101Z ✔ history is bounded by maxHistory and drops the oldest record first (0.5248ms)
gateway-web	Run node city/test-all.mjs	2026-10-07T03:21:20.1001468Z ✔ release forces IDLE from every working state, and is null when already idle (0.4479ms)
gateway-web	Run node city/test-all.mjs	2026-10-07T03:21:20.1001842Z ✔ heldForMs reads the injected clock, and requestState names each lock state (0.3587ms)
gateway-web	Run node city/test-all.mjs	2026-10-07T03:21:20.1002187Z ✔ transitions returns a copy, and the lock object is frozen (0.3914ms)
gateway-web	Run node city/test-all.mjs	2026-10-07T03:21:20.1002565Z ✔ the vocabularies have one declaration: this module imports them from the shared layer (6.3311ms)
gateway-web	Run node city/test-all.mjs	2026-10-07T03:21:20.1002993Z ✔ the module is self-contained: no donor checkout, no ambient clock, no runtime dependency (1.8144ms)
gateway-web	Run node city/test-all.mjs	2026-10-07T03:21:20.1003365Z ✔ sorts object keys by code unit, independently of insertion order (1.2179ms)
gateway-web	Run node city/test-all.mjs	2026-10-07T03:21:20.1003703Z ✔ drops undefined object values and renders array positions as null (0.2742ms)
gateway-web	Run node city/test-all.mjs	2026-10-07T03:21:20.1004051Z ✔ recurses through nested objects and arrays, keeping array order (0.2792ms)
gateway-web	Run node city/test-all.mjs	2026-10-07T03:21:20.1004345Z ✔ emits no whitespace and JSON-quotes every key (0.1675ms)
gateway-web	Run node city/test-all.mjs	2026-10-07T03:21:20.1004650Z ✔ passes non-objects through JSON.stringify with the null fallback (0.276ms)
gateway-web	Run node city/test-all.mjs	2026-10-07T03:21:20.1005009Z ✔ produces a pinned canonical form and sha256 digest for one fixed document (0.6322ms)
gateway-web	Run node city/test-all.mjs	2026-10-07T03:21:20.1005374Z ✔ the digest is stable when the same document is built in another key order (0.1725ms)
gateway-web	Run node city/test-all.mjs	2026-10-07T03:21:20.1005724Z ✔ a different value is a different digest, so the pin is load-bearing (0.1417ms)
gateway-web	Run node city/test-all.mjs	2026-10-07T03:21:20.1006023Z ✔ accepts a complete request and normalizes it (2.7574ms)
gateway-web	Run node city/test-all.mjs	2026-10-07T03:21:20.1006306Z ✔ refuses a non-object with the donor message for its type (0.2541ms)
gateway-web	Run node city/test-all.mjs	2026-10-07T03:21:20.1006641Z ✔ refuses each missing or blank string field with a field-specific message (0.2708ms)
gateway-web	Run node city/test-all.mjs	2026-10-07T03:21:20.1007024Z ✔ refuses an unknown mode, a non-boolean checkpoint flag and an unknown priority (0.2789ms)
gateway-web	Run node city/test-all.mjs	2026-10-07T03:21:20.1007376Z ✔ defaults priority to normal and the acknowledgement to false (0.1731ms)
gateway-web	Run node city/test-all.mjs	2026-10-07T03:21:20.1007709Z ✔ defaults createdAt to the epoch and refuses a non-string createdAt (0.1457ms)
gateway-web	Run node city/test-all.mjs	2026-10-07T03:21:20.1008142Z ✔ trims surrounding whitespace instead of accepting it as content (0.1552ms)
gateway-web	Run node city/test-all.mjs	2026-10-07T03:21:20.1008459Z ✔ enforces each MAX_* bound at its limit and one past it (0.2421ms)
gateway-web	Run node city/test-all.mjs	2026-10-07T03:21:20.1008754Z ✔ refuses control characters by name, after the bound check (0.269ms)
gateway-web	Run node city/test-all.mjs	2026-10-07T03:21:20.1009179Z ✔ refuses everything when disabled, after the shape check (0.5069ms)
gateway-web	Run node city/test-all.mjs	2026-10-07T03:21:20.1009470Z ✔ refuses an unknown source and names the allowed ones (0.2035ms)
gateway-web	Run node city/test-all.mjs	2026-10-07T03:21:20.1009754Z ✔ refuses a priority the deployment does not accept (0.1721ms)
gateway-web	Run node city/test-all.mjs	2026-10-07T03:21:20.1010085Z ✔ refuses a disabled mode (0.1704ms)
gateway-web	Run node city/test-all.mjs	2026-10-07T03:21:20.1010428Z ✔ refuses a system restart unless it is permitted and acknowledged (0.1519ms)
gateway-web	Run node city/test-all.mjs	2026-10-07T03:21:20.1010727Z ✔ refuses while the crash-loop breaker is tripped (0.1096ms)
gateway-web	Run node city/test-all.mjs	2026-10-07T03:21:20.1011041Z ✔ refuses a duplicate request id only when duplicate suppression is on (0.1415ms)
gateway-web	Run node city/test-all.mjs	2026-10-07T03:21:20.1011342Z ✔ refuses while another restart is in flight (0.1194ms)
gateway-web	Run node city/test-all.mjs	2026-10-07T03:21:20.1011636Z ✔ refuses inside a cooldown and reports the rounded remaining time (0.2589ms)
gateway-web	Run node city/test-all.mjs	2026-10-07T03:21:20.1011947Z ✔ refuses when a required checkpoint cannot be verified (0.1072ms)
gateway-web	Run node city/test-all.mjs	2026-10-07T03:21:20.1012280Z ✔ refuses when no supervisor has been seen, because exiting is not restarting (0.1017ms)
gateway-web	Run node city/test-all.mjs	2026-10-07T03:21:20.1012623Z ✔ runs the ladder in the donor order: the cheapest refusal wins (0.3194ms)
gateway-web	Run node city/test-all.mjs	2026-10-07T03:21:20.1012898Z ✔ documents every code the ladder can raise (0.1997ms)
gateway-web	Run node city/test-all.mjs	2026-10-07T03:21:20.1013140Z ✔ builds a refusal with no request attached (0.1099ms)
gateway-web	Run node city/test-all.mjs	2026-10-07T03:21:20.1013421Z ✔ fingerprints the six fingerprinted fields and nothing else (0.9809ms)
gateway-web	Run node city/test-all.mjs	2026-10-07T03:21:20.1013698Z ✔ the vocabularies are frozen donor data (0.1726ms)
gateway-web	Run node city/test-all.mjs	2026-10-07T03:21:20.1013980Z ✔ a contract factory refuses invalid input instead of repairing it (0.7212ms)
gateway-web	Run node city/test-all.mjs	2026-10-07T03:21:20.1014325Z ✔ a contract factory copies, freezes and carries only declared fields (0.5798ms)
gateway-web	Run node city/test-all.mjs	2026-10-07T03:21:20.1014680Z ✔ the three seams are separate, and only the shutdown port asks the host (0.3565ms)
gateway-web	Run node city/test-all.mjs	2026-10-07T03:21:20.1015013Z ✔ the pinned digest is the donor digest, recomputed field by field (2.449ms)
gateway-web	Run node city/test-all.mjs	2026-10-07T03:21:20.1015322Z ✔ a built ticket round-trips through the verification ladder (1.1037ms)
gateway-web	Run node city/test-all.mjs	2026-10-07T03:21:20.1015687Z ✔ the builder fills the schema version and computes the checksum over every other field (0.455ms)
gateway-web	Run node city/test-all.mjs	2026-10-07T03:21:20.1016052Z ✔ the digest is reproducible and independent of key insertion order (0.594ms)
gateway-web	Run node city/test-all.mjs	2026-10-07T03:21:20.1016416Z ✔ sha256 is the donor digest spelling: sha256:<hex>, 64 lowercase hex digits (0.4737ms)
gateway-web	Run node city/test-all.mjs	2026-10-07T03:21:20.1016714Z ✔ rejection missing: no document at all (0.2377ms)
gateway-web	Run node city/test-all.mjs	2026-10-07T03:21:20.1016980Z ✔ rejection malformed: a document that is not an object (0.2106ms)
gateway-web	Run node city/test-all.mjs	2026-10-07T03:21:20.1017297Z ✔ the donor's malformed rung is exactly `typeof candidate !== 'object'` (0.1868ms)
gateway-web	Run node city/test-all.mjs	2026-10-07T03:21:20.1017681Z ✔ a short or extra-fielded document is judged by the checksum rung, as in the donor (0.9125ms)
gateway-web	Run node city/test-all.mjs	2026-10-07T03:21:20.1018025Z ✔ rejection schema_version: a document from another schema (0.4751ms)
gateway-web	Run node city/test-all.mjs	2026-10-07T03:21:20.1018341Z ✔ rejection checksum: tampering with one field after the build (1.0546ms)
gateway-web	Run node city/test-all.mjs	2026-10-07T03:21:20.1018636Z ✔ rejection expired: an unparsable or past expiry (0.2879ms)
gateway-web	Run node city/test-all.mjs	2026-10-07T03:21:20.1018949Z ✔ rejection wrong_pid: only when the caller supplies an expected pid (0.3173ms)
gateway-web	Run node city/test-all.mjs	2026-10-07T03:21:20.1019266Z ✔ the ladder is the donor's six rungs, and no seventh can fire (0.9422ms)
gateway-web	Run node city/test-all.mjs	2026-10-07T03:21:20.1019559Z ✔ the ladder stops at the first rung, in the donor order (0.2206ms)
gateway-web	Run node city/test-all.mjs	2026-10-07T03:21:20.1019889Z ✔ the builder throws only where the donor's own date construction throws (1.5553ms)
gateway-web	Run node city/test-all.mjs	2026-10-07T03:21:20.1020237Z ✔ the ticket factory never turns an invalid document into a valid one (0.2969ms)
gateway-web	Run node city/test-all.mjs	2026-10-07T03:21:20.1020525Z ✔ emptyLedger() has the donor shape exactly (0.1822ms)
gateway-web	Run node city/test-all.mjs	2026-10-07T03:21:20.1020851Z ✔ the contract vocabulary is the donor vocabulary (0.2241ms)
gateway-web	Run node city/test-all.mjs	2026-10-07T03:21:20.1021131Z ✔ the contract keeps the donor vocabulary and nothing else (3.0943ms)
gateway-web	Run node city/test-all.mjs	2026-10-07T03:21:20.1021442Z ✔ the manifest is sorted, hashed and rooted deterministically (9.0454ms)
gateway-web	Run node city/test-all.mjs	2026-10-07T03:21:20.1021775Z ✔ a stored hash that no longer matches fails closed instead of re-hashing (0.7262ms)
gateway-web	Run node city/test-all.mjs	2026-10-07T03:21:20.1022146Z ✔ structured claims drive the claim statuses exactly as the donor decides them (1.036ms)
gateway-web	Run node city/test-all.mjs	2026-10-07T03:21:20.1022537Z ✔ PASS needs every provider, no dispute and no blocking claim; nothing else passes (0.7278ms)
gateway-web	Run node city/test-all.mjs	2026-10-07T03:21:20.1022896Z ✔ the bundle is deterministic when the ids and clock are injected (0.3934ms)
gateway-web	Run node city/test-all.mjs	2026-10-07T03:21:20.1023296Z ✔ rehydration addresses only the unresolved claims and calls nobody (0.5228ms)
gateway-web	Run node city/test-all.mjs	2026-10-07T03:21:20.1023629Z ✔ the module is self-contained: no Boss runtime, no donor checkout (6.6148ms)
gateway-web	Run node city/test-all.mjs	2026-10-07T03:21:20.1023955Z ✔ the frozen figure vocabulary keeps the donor defaults and bounds (3.4459ms)
gateway-web	Run node city/test-all.mjs	2026-10-07T03:21:20.1024244Z ✔ a concrete chart is emitted byte for byte (0.717ms)
gateway-web	Run node city/test-all.mjs	2026-10-07T03:21:20.1024535Z ✔ the chart is deterministic, and its digest is pinned at full length (0.7077ms)
gateway-web	Run node city/test-all.mjs	2026-10-07T03:21:20.1024833Z ✔ rows and labels stay bounded at the donor limits (1.5785ms)
gateway-web	Run node city/test-all.mjs	2026-10-07T03:21:20.1025090Z ✔ user-controlled text is escaped for SVG (0.2017ms)
gateway-web	Run node city/test-all.mjs	2026-10-07T03:21:20.1025381Z ✔ options and defaults flow through without changing the donor rules (0.2892ms)
gateway-web	Run node city/test-all.mjs	2026-10-07T03:21:20.1025690Z ✔ edge inputs render exactly as the donor renders them (0.2069ms)
gateway-web	Run node city/test-all.mjs	2026-10-07T03:21:20.1026020Z ✔ figureForRuns is the donor wrapper: name runs.svg, title passed through (0.9262ms)
gateway-web	Run node city/test-all.mjs	2026-10-07T03:21:20.1026363Z ✔ the figure factories validate, freeze, copy and never repair (4.191ms)
gateway-web	Run node city/test-all.mjs	2026-10-07T03:21:20.1026689Z ✔ the manuscript vocabulary keeps the donor order and membership (1.7296ms)
gateway-web	Run node city/test-all.mjs	2026-10-07T03:21:20.1027080Z ✔ the six section briefs carry the donor purposes, claim ids and evidence ids (0.6784ms)
gateway-web	Run node city/test-all.mjs	2026-10-07T03:21:20.1027459Z ✔ the evidence check fails on a missing id and on an out-of-scope reference (0.5444ms)
gateway-web	Run node city/test-all.mjs	2026-10-07T03:21:20.1027817Z ✔ the evidence check keeps the donor token grammar and the 20-id cap (0.5316ms)
gateway-web	Run node city/test-all.mjs	2026-10-07T03:21:20.1028189Z ✔ §18 sufficiency reports the exact unmet obligations in declaration order (3.1935ms)
gateway-web	Run node city/test-all.mjs	2026-10-07T03:21:20.1028568Z ✔ §19 anti-premature-closure names every undiscussed claim and evidence id (0.713ms)
gateway-web	Run node city/test-all.mjs	2026-10-07T03:21:20.1028917Z ✔ §19 reports a results section that no discussion interprets (0.264ms)
gateway-web	Run node city/test-all.mjs	2026-10-07T03:21:20.1029361Z ✔ the LaTeX table is emitted byte for byte, with the donor escapes (0.4836ms)
gateway-web	Run node city/test-all.mjs	2026-10-07T03:21:20.1029714Z ✔ the Markdown table mirrors the same rows, with its own escaping rules (0.4838ms)
gateway-web	Run node city/test-all.mjs	2026-10-07T03:21:20.1030155Z ✔ the §21.2 visual-evidence verdict keeps the donor reason string (0.3285ms)
gateway-web	Run node city/test-all.mjs	2026-10-07T03:21:20.1030483Z ✔ the donor plan validator keeps its exact refusal messages (0.463ms)
gateway-web	Run node city/test-all.mjs	2026-10-07T03:21:20.1030824Z ✔ the manuscript factories validate, freeze, copy and never repair (1.6328ms)
gateway-web	Run node city/test-all.mjs	2026-10-07T03:21:20.1031221Z ✔ the allow-list names the donor executable families and strips path and Windows suffixes (1.6386ms)
gateway-web	Run node city/test-all.mjs	2026-10-07T03:21:20.1031555Z ✔ the command gate accepts a complete spec (0.5208ms)
gateway-web	Run node city/test-all.mjs	2026-10-07T03:21:20.1031858Z ✔ the command gate refuses with the donor messages, in the donor order (0.4711ms)
gateway-web	Run node city/test-all.mjs	2026-10-07T03:21:20.1032292Z ✔ a bare executable outside the allow-list is still a valid spec: the donor does not mix the two gates (0.1531ms)
gateway-web	Run node city/test-all.mjs	2026-10-07T03:21:20.1032720Z ✔ a section prompt is bound to the frozen contract and lists only its claims (1.6667ms)
gateway-web	Run node city/test-all.mjs	2026-10-07T03:21:20.1033109Z ✔ a section that would rewrite the frozen goal is refused with the donor reason (0.3895ms)
gateway-web	Run node city/test-all.mjs	2026-10-07T03:21:20.1033472Z ✔ the sufficiency gate needs evidence, runs, citations and a review (0.5429ms)
gateway-web	Run node city/test-all.mjs	2026-10-07T03:21:20.1033793Z ✔ the sufficiency gate keeps the donor accounting exactly (0.2292ms)
gateway-web	Run node city/test-all.mjs	2026-10-07T03:21:20.1034173Z ✔ the frozen vocabularies keep the donor members and order (1.6493ms)
gateway-web	Run node city/test-all.mjs	2026-10-07T03:21:20.1034446Z ✔ every vocabulary array is frozen (0.4516ms)
gateway-web	Run node city/test-all.mjs	2026-10-07T03:21:20.1034766Z ✔ the research budget and scope factories copy and refuse with the donor messages (0.5483ms)
gateway-web	Run node city/test-all.mjs	2026-10-07T03:21:20.1035140Z ✔ the research IR factory keeps the donor validation order and messages (0.4795ms)
gateway-web	Run node city/test-all.mjs	2026-10-07T03:21:20.1035478Z ✔ the protocol factory validates the scientific core and copies (1.3403ms)
gateway-web	Run node city/test-all.mjs	2026-10-07T03:21:20.1035817Z ✔ the amendment factory refuses non-frozen fields and missing reasons (0.4685ms)
gateway-web	Run node city/test-all.mjs	2026-10-07T03:21:20.1036168Z ✔ the research contract factory is a strict gate and copies the lists (0.4191ms)
gateway-web	Run node city/test-all.mjs	2026-10-07T03:21:20.1036608Z ✔ the research command spec factory keeps the donor allow-list text and limits (0.5371ms)
gateway-web	Run node city/test-all.mjs	2026-10-07T03:21:20.1036978Z ✔ index.mjs is the one export site and exposes exactly the ported surface (0.4823ms)
gateway-web	Run node city/test-all.mjs	2026-10-07T03:21:20.1037403Z ✔ the module is self-contained and pure: nothing outside its directory, no clock, no randomness (8.9956ms)
gateway-web	Run node city/test-all.mjs	2026-10-07T03:21:20.1037788Z ✔ the transition graph is the donor table and covers every state (1.9077ms)
gateway-web	Run node city/test-all.mjs	2026-10-07T03:21:20.1038111Z ✔ the main flow advances in the plan order and stops at READY (0.2584ms)
gateway-web	Run node city/test-all.mjs	2026-10-07T03:21:20.1038447Z ✔ a control state has no successor unless control transitions are allowed (0.1418ms)
gateway-web	Run node city/test-all.mjs	2026-10-07T03:21:20.1038783Z ✔ canAdvance refuses FAILED, READY and the two waiting states (0.2022ms)
gateway-web	Run node city/test-all.mjs	2026-10-07T03:21:20.1039114Z ✔ the IR gate accepts a complete IR and refuses with the donor messages (1.2073ms)
gateway-web	Run node city/test-all.mjs	2026-10-07T03:21:20.1039488Z ✔ the canonical form sorts keys recursively and hashes through the injected digest (0.8384ms)
gateway-web	Run node city/test-all.mjs	2026-10-07T03:21:20.1039866Z ✔ the scientific core is the donor field set, exclusion rule optional (0.6297ms)
gateway-web	Run node city/test-all.mjs	2026-10-07T03:21:20.1040215Z ✔ diffProtocol reports a silent change only for a differing frozen field (0.2758ms)
gateway-web	Run node city/test-all.mjs	2026-10-07T03:21:20.1040614Z ✔ the amendment gate refuses with the donor messages and accepts a frozen-field change (0.4432ms)
gateway-web	Run node city/test-all.mjs	2026-10-07T03:21:20.1041035Z ✔ a declared baseline is honoured, an unknown source becomes implementation-declared (0.2728ms)
gateway-web	Run node city/test-all.mjs	2026-10-07T03:21:20.1041435Z ✔ with no declared baseline the host infers a named provenance and records why (0.1856ms)
gateway-web	Run node city/test-all.mjs	2026-10-07T03:21:20.1041801Z ✔ every stage routes to the donor role, and only to a declared role (0.9897ms)
gateway-web	Run node city/test-all.mjs	2026-10-07T03:21:20.1042143Z ✔ every stage expects the donor artifact kind, and only a declared kind (0.2168ms)
gateway-web	Run node city/test-all.mjs	2026-10-07T03:21:20.1042503Z ✔ an unknown stage is not rejected here: the donor lookup yields undefined (0.1051ms)
gateway-web	Run node city/test-all.mjs	2026-10-07T03:21:20.1042838Z ✔ a stage artifact is a typed skeleton with a deterministic id (0.8886ms)
gateway-web	Run node city/test-all.mjs	2026-10-07T03:21:20.1043201Z ✔ the clock is an injected parameter and its default is the deterministic epoch (0.7858ms)
gateway-web	Run node city/test-all.mjs	2026-10-07T03:21:20.1043574Z ✔ the summary is truncated to 500 characters and the payload is copied (0.1766ms)
gateway-web	Run node city/test-all.mjs	2026-10-07T03:21:20.1043922Z ✔ a verified record renders as the donor renders it, field for field (2.6467ms)
gateway-web	Run node city/test-all.mjs	2026-10-07T03:21:20.1044242Z ✔ the entry key is the sanitised id, with the donor fallbacks (0.2765ms)
gateway-web	Run node city/test-all.mjs	2026-10-07T03:21:20.1044599Z ✔ author and title fall back exactly where the donor falls back, and nowhere else (0.1905ms)
gateway-web	Run node city/test-all.mjs	2026-10-07T03:21:20.1044984Z ✔ only the four verified statuses are included, and nothing is deduplicated (0.2733ms)
gateway-web	Run node city/test-all.mjs	2026-10-07T03:21:20.1045392Z ✔ referencesBib writes the count header, the blank-line separation and the placeholder (0.8133ms)
gateway-web	Run node city/test-all.mjs	2026-10-07T03:21:20.1045821Z ✔ the bibliography renders records and validates nothing, exactly as the donor does (0.5481ms)
gateway-web	Run node city/test-all.mjs	2026-10-07T03:21:20.1046230Z ✔ the ladder returns exactly the status the evidence reaches, in the donor order (2.4581ms)
gateway-web	Run node city/test-all.mjs	2026-10-07T03:21:20.1046591Z ✔ a primary claim is refused while any citation is UNSUPPORTED (1.3344ms)
gateway-web	Run node city/test-all.mjs	2026-10-07T03:21:20.1046939Z ✔ the audit summarises the records it was given, without inventing citations (0.5713ms)
gateway-web	Run node city/test-all.mjs	2026-10-07T03:21:20.1047369Z ✔ the frozen vocabularies are the donor ladder and status sets, frozen (1.3031ms)
gateway-web	Run node city/test-all.mjs	2026-10-07T03:21:20.1047809Z ✔ citationRecord validates first and copies, so a validated record cannot be mutated through the caller (0.5623ms)
gateway-web	Run node city/test-all.mjs	2026-10-07T03:21:20.1048270Z ✔ citationRecord never repairs the input it refuses, and never rewrites what it accepts (1.331ms)
gateway-web	Run node city/test-all.mjs	2026-10-07T03:21:20.1048694Z ✔ humanResearchInput validates with the donor rules and copies the arrays it is given (0.2437ms)
gateway-web	Run node city/test-all.mjs	2026-10-07T03:21:20.1049233Z ✔ validateHumanResearchInput refuses with the donor messages, in the donor order (1.0305ms)
gateway-web	Run node city/test-all.mjs	2026-10-07T03:21:20.1049663Z ✔ the module set is self-contained: no runtime, no clock, no randomness, no sibling import (6.9712ms)
gateway-web	Run node city/test-all.mjs	2026-10-07T03:21:20.1050173Z ✔ the run id is the question slug plus injected entropy, never a timestamp (2.4012ms)
gateway-web	Run node city/test-all.mjs	2026-10-07T03:21:20.1050608Z ✔ humanResearchToIR builds the donor IR, with the donor defaults and the injected clock (1.8134ms)
gateway-web	Run node city/test-all.mjs	2026-10-07T03:21:20.1051014Z ✔ the input rules are the donor rules, reachable through the exported validator (1.1063ms)
gateway-web	Run node city/test-all.mjs	2026-10-07T03:21:20.1051419Z ✔ the constructor factories carry the adjudication shapes, and the default is one vote (1.5181ms)
gateway-web	Run node city/test-all.mjs	2026-10-07T03:21:20.1051773Z ✔ only the votes bound to the evidence claim are counted (0.2238ms)
gateway-web	Run node city/test-all.mjs	2026-10-07T03:21:20.1052111Z ✔ adoption needs both evidence flags: evidence outranks any number of votes (0.3115ms)
gateway-web	Run node city/test-all.mjs	2026-10-07T03:21:20.1052516Z ✔ with decisive evidence, the required-vote threshold decides, at and either side of it (0.2532ms)
gateway-web	Run node city/test-all.mjs	2026-10-07T03:21:20.1052867Z ✔ a non-supporting stance never counts as concurrence (0.1185ms)
gateway-web	Run node city/test-all.mjs	2026-10-07T03:21:20.1053200Z ✔ verifiedCitations is declared but never read, exactly as in the donor (0.1282ms)
gateway-web	Run node city/test-all.mjs	2026-10-07T03:21:20.1053591Z ✔ the plan carries every registered capability, in registry order, and nothing else (1.4643ms)
gateway-web	Run node city/test-all.mjs	2026-10-07T03:21:20.1053926Z ✔ an empty profile needs exactly the always-on five (0.3065ms)
gateway-web	Run node city/test-all.mjs	2026-10-07T03:21:20.1054238Z ✔ bindsCitations is a truthiness test, exactly as the donor has it (0.1954ms)
gateway-web	Run node city/test-all.mjs	2026-10-07T03:21:20.1054644Z ✔ a formal protocol needs the methodology critic, and nothing else beyond the always-on five (0.1059ms)
gateway-web	Run node city/test-all.mjs	2026-10-07T03:21:20.1055031Z ✔ quantitative experiments drive the quantitative capability set (0.1281ms)
gateway-web	Run node city/test-all.mjs	2026-10-07T03:21:20.1055422Z ✔ hasArchitecture is a Boolean() test and hasMultipleReviewers is a strict === true test (0.1844ms)
gateway-web	Run node city/test-all.mjs	2026-10-07T03:21:20.1055878Z ✔ every registry row is the donor row, and every planned status is a refused-or-accepted donor status (1.1904ms)
gateway-web	Run node city/test-all.mjs	2026-10-07T03:21:20.1056289Z ✔ the refusal path refuses anything that is not a donor capability status (0.2058ms)
gateway-web	Run node city/test-all.mjs	2026-10-07T03:21:20.1056656Z ✔ the frozen vocabularies are the donor vocabularies in the donor order (1.9532ms)
gateway-web	Run node city/test-all.mjs	2026-10-07T03:21:20.1057029Z ✔ the capability registry is byte-identical to the donor and pinned by digest (0.8436ms)
gateway-web	Run node city/test-all.mjs	2026-10-07T03:21:20.1057379Z ✔ the thresholds are the donor thresholds, pinned exactly (0.1819ms)
gateway-web	Run node city/test-all.mjs	2026-10-07T03:21:20.1057706Z ✔ the factories copy on construct and enforce the declared shape (1.0384ms)
gateway-web	Run node city/test-all.mjs	2026-10-07T03:21:20.1058069Z ✔ candidateQuestion enforces the donor limit and copies the optional fields (0.2924ms)
gateway-web	Run node city/test-all.mjs	2026-10-07T03:21:20.1058453Z ✔ validateCandidateQuestion is the donor check: exact messages and order (0.3456ms)
gateway-web	Run node city/test-all.mjs	2026-10-07T03:21:20.1058836Z ✔ validateLevelAPlan is the donor check: exact messages, order and boundaries (0.4174ms)
gateway-web	Run node city/test-all.mjs	2026-10-07T03:21:20.1059232Z ✔ isResearchCapabilityStatus refuses anything that is not a donor status (0.1706ms)
gateway-web	Run node city/test-all.mjs	2026-10-07T03:21:20.1059580Z ✔ index.mjs is the single export site, and its surface is pinned (1.5634ms)
gateway-web	Run node city/test-all.mjs	2026-10-07T03:21:20.1060003Z ✔ the module is self-contained and pure: only relative imports, no clock, no randomness, no environment (7.9292ms)
gateway-web	Run node city/test-all.mjs	2026-10-07T03:21:20.1060438Z ✔ no new delayed-learning or Machine Intelligence research direction was added (5.0466ms)
gateway-web	Run node city/test-all.mjs	2026-10-07T03:21:20.1060882Z ✔ the donor levela -> levelb value edge is preserved, and never reversed (3.3519ms)
gateway-web	Run node city/test-all.mjs	2026-10-07T03:21:20.1061218Z ✔ the novelty review scores exactly the donor arithmetic (1.7336ms)
gateway-web	Run node city/test-all.mjs	2026-10-07T03:21:20.1061561Z ✔ the A/B value edge is real: falsifiability is worth exactly +2 feasibility (0.2898ms)
gateway-web	Run node city/test-all.mjs	2026-10-07T03:21:20.1061885Z ✔ noveltyReview adds no validation rung of its own (0.1101ms)
gateway-web	Run node city/test-all.mjs	2026-10-07T03:21:20.1062182Z ✔ levelAGate decides at 2.0 on each score, novelty first (0.2179ms)
gateway-web	Run node city/test-all.mjs	2026-10-07T03:21:20.1062530Z ✔ buildExperimentSpec clamps, defaults and stamps, with the clock injected (0.2917ms)
gateway-web	Run node city/test-all.mjs	2026-10-07T03:21:20.1062934Z ✔ validateLevelAPlan is reachable from the levela module and the export site alike (0.0643ms)
gateway-web	Run node city/test-all.mjs	2026-10-07T03:21:20.1063375Z ✔ the Level-A plan gate reports the donor messages at every boundary (0.293ms)
gateway-web	Run node city/test-all.mjs	2026-10-07T03:21:20.1063729Z ✔ isFalsifiable requires both flags and uses the donor truthiness test (0.8541ms)
gateway-web	Run node city/test-all.mjs	2026-10-07T03:21:20.1064127Z ✔ selectFalsifiableQuestion rejects with the donor reason and never drops a candidate (0.9591ms)
gateway-web	Run node city/test-all.mjs	2026-10-07T03:21:20.1064581Z ✔ a selection with nothing ready distinguishes "no candidates" from "no falsifiable candidate" (0.2197ms)
gateway-web	Run node city/test-all.mjs	2026-10-07T03:21:20.1065037Z ✔ ranking is novelty + feasibility with a ?? 0 default, and a tie keeps the earlier candidate (0.2856ms)
gateway-web	Run node city/test-all.mjs	2026-10-07T03:21:20.1065432Z ✔ the donor candidate check runs before selection, with its exact messages (0.3716ms)
gateway-web	Run node city/test-all.mjs	2026-10-07T03:21:20.1065781Z ✔ the review module re-exports the donor role vocabulary unchanged (1.291ms)
gateway-web	Run node city/test-all.mjs	2026-10-07T03:21:20.1066164Z ✔ respondToObjections appends, replaces in place, and refuses an unknown objection (0.4281ms)
gateway-web	Run node city/test-all.mjs	2026-10-07T03:21:20.1066573Z ✔ reviewRoundSettled reports open objections and violations, in objection order (0.4728ms)
gateway-web	Run node city/test-all.mjs	2026-10-07T03:21:20.1066944Z ✔ metaReview approves only a settled round whose revisions landed (0.3194ms)
gateway-web	Run node city/test-all.mjs	2026-10-07T03:21:20.1067300Z ✔ metaReview reads revisedSections directly, exactly as the donor does (0.5218ms)
gateway-web	Run node city/test-all.mjs	2026-10-07T03:21:20.1067669Z ✔ publicationReady reports the four publication gates in the donor order (0.3103ms)
gateway-web	Run node city/test-all.mjs	2026-10-07T03:21:20.1068082Z ✔ the frozen vocabularies are exactly the donor five domains, five statuses and seven gates (1.629ms)
gateway-web	Run node city/test-all.mjs	2026-10-07T03:21:20.1068491Z ✔ the contracts validate the declared shapes and never repair an invalid value (0.6868ms)
gateway-web	Run node city/test-all.mjs	2026-10-07T03:21:20.1068875Z ✔ READY passes only with the full §34 artifact chain and an approving review (0.5619ms)
gateway-web	Run node city/test-all.mjs	2026-10-07T03:21:20.1069406Z ✔ REJECTED is a PASS only when the evidence is complete and the hypothesis unsupported (0.2906ms)
gateway-web	Run node city/test-all.mjs	2026-10-07T03:21:20.1069786Z ✔ REPLICATION_FAILED is a PASS only when the failure is actually recorded (0.2035ms)
gateway-web	Run node city/test-all.mjs	2026-10-07T03:21:20.1070128Z ✔ INCONCLUSIVE needs only execution evidence and statistics (0.1649ms)
gateway-web	Run node city/test-all.mjs	2026-10-07T03:21:20.1070568Z ✔ INSUFFICIENT_EVIDENCE needs only a protocol and an execution trail (0.1244ms)
gateway-web	Run node city/test-all.mjs	2026-10-07T03:21:20.1070957Z ✔ an undeclared terminal status reaches the donor last branch rather than being gated (0.1448ms)
gateway-web	Run node city/test-all.mjs	2026-10-07T03:21:20.1071357Z ✔ the battery declares one honest scenario per domain and scores every path (0.4138ms)
gateway-web	Run node city/test-all.mjs	2026-10-07T03:21:20.1071760Z ✔ runResearchBattery reports the donor verdicts and reason strings in scenario order (0.4175ms)
gateway-web	Run node city/test-all.mjs	2026-10-07T03:21:20.1072163Z ✔ the battery module imports only its siblings and stays free of the donor runtime (9.9669ms)
gateway-web	Run node city/test-all.mjs	2026-10-07T03:21:20.1072545Z ✔ mean and median reproduce the donor arithmetic and its empty-sample NaN (1.2177ms)
gateway-web	Run node city/test-all.mjs	2026-10-07T03:21:20.1072972Z ✔ standardDeviation switches between sample and population exactly at its declared boundaries (0.1987ms)
gateway-web	Run node city/test-all.mjs	2026-10-07T03:21:20.1073320Z ✔ describe packages the donor four fields (0.1564ms)
gateway-web	Run node city/test-all.mjs	2026-10-07T03:21:20.1073639Z ✔ confidenceInterval is the normal approximation with the donor default z (0.2266ms)
gateway-web	Run node city/test-all.mjs	2026-10-07T03:21:20.1074007Z ✔ mulberry32 is the donor LCG: seed-normalised, reproducible and bounded (0.2432ms)
gateway-web	Run node city/test-all.mjs	2026-10-07T03:21:20.1074397Z ✔ bootstrapCi resamples deterministically at the donor defaults and alpha indices (5.6152ms)
gateway-web	Run node city/test-all.mjs	2026-10-07T03:21:20.1074796Z ✔ effectSize is the donor's pooled Cohen's d (0.2912ms)
gateway-web	Run node city/test-all.mjs	2026-10-07T03:21:20.1075124Z ✔ oneSampleEffectSize is (mean − baseline) / sd and NaN when underpowered (0.2937ms)
gateway-web	Run node city/test-all.mjs	2026-10-07T03:21:20.1075480Z ✔ oneSamplePermutationP is the seeded sign-permutation fraction (12.2667ms)
gateway-web	Run node city/test-all.mjs	2026-10-07T03:21:20.1075885Z ✔ permutationP keeps the donor's paired and unpaired paths, seeds and boundaries (26.924ms)
gateway-web	Run node city/test-all.mjs	2026-10-07T03:21:20.1076421Z ✔ proportion refuses a non-positive denominator instead of inventing a number (0.3488ms)
gateway-web	Run node city/test-all.mjs	2026-10-07T03:21:20.1076793Z ✔ every pinned literal is verbatim node -e output at full precision (0.5476ms)
gateway-web	Run node city/test-all.mjs	2026-10-07T03:21:20.1077433Z ✔ the module is pure: no clock, no randomness beyond the seed, no io (10.4426ms)
gateway-web	Run node city/test-all.mjs	2026-10-07T03:21:20.1077947Z ✔ trust ordering and query filters match the donor (1.3129ms)
gateway-web	Run node city/test-all.mjs	2026-10-07T03:21:20.1078507Z ✔ retrieval is trust-ordered, recency-broken and within the character budget (9.6075ms)
gateway-web	Run node city/test-all.mjs	2026-10-07T03:21:20.1078880Z ✔ taxonomy and the deterministic domain router match the donor (1.2766ms)
gateway-web	Run node city/test-all.mjs	2026-10-07T03:21:20.1079203Z ✔ goal reranking prefers relevance, then trust, then recency (0.3838ms)
gateway-web	Run node city/test-all.mjs	2026-10-07T03:21:20.1079555Z ✔ planRetrieval combines routing, reranking and the budget in one call (0.4064ms)
gateway-web	Run node city/test-all.mjs	2026-10-07T03:21:20.1079886Z ✔ supersession and conflict metadata is reported honestly (0.4249ms)
gateway-web	Run node city/test-all.mjs	2026-10-07T03:21:20.1080225Z ✔ the module is self-contained: built-ins only, no Boss store dependency (10.4855ms)
gateway-web	Run node city/test-all.mjs	2026-10-07T03:21:20.1080606Z ✔ provenance stays honest: DONOR.json pins the donor and records the adaptation (1.1603ms)
gateway-web	Run node city/test-all.mjs	2026-10-07T03:21:20.1080958Z ✔ every sample is a real document of its kind, built in memory (22.3177ms)
gateway-web	Run node city/test-all.mjs	2026-10-07T03:21:20.1081304Z ✔ the three adapters decode their own sample with the real engines (318.4061ms)
gateway-web	Run node city/test-all.mjs	2026-10-07T03:21:20.1081641Z ✔ a refused document fails closed in every adapter, with its own code (0.7504ms)
gateway-web	Run node city/test-all.mjs	2026-10-07T03:21:20.1081980Z ✔ every adapter carries the same fail-closed default limits shape (0.206ms)
gateway-web	Run node city/test-all.mjs	2026-10-07T03:21:20.1082274Z ✔ default limits and typed error match the donor (1.6559ms)
gateway-web	Run node city/test-all.mjs	2026-10-07T03:21:20.1082616Z ✔ converter seam extracts, splits paragraphs, maps headings/bullets and truncates (1.5034ms)
gateway-web	Run node city/test-all.mjs	2026-10-07T03:21:20.1083016Z ✔ html converter seam maps h1..h6 and list items, and truncates on its own budget (1.1821ms)
gateway-web	Run node city/test-all.mjs	2026-10-07T03:21:20.1083331Z ✔ guards fail closed before any converter runs (0.6364ms)
gateway-web	Run node city/test-all.mjs	2026-10-07T03:21:20.1083602Z ✔ a ZIP that is not a DOCX is CORRUPT_DOCX, not a crash (116.9035ms)
gateway-web	Run node city/test-all.mjs	2026-10-07T03:21:20.1083917Z ✔ real engine: mammoth parses the synthetic DOCX through the bridge (61.7487ms)
gateway-web	Run node city/test-all.mjs	2026-10-07T03:21:20.1084285Z ✔ paragraph splitting counts characters and paragraphs exactly as the donor (0.5238ms)
gateway-web	Run node city/test-all.mjs	2026-10-07T03:21:20.1084648Z ✔ quarantine: docx.mjs imports only the engine seam and node: builtins (4.0365ms)
gateway-web	Run node city/test-all.mjs	2026-10-07T03:21:20.1084997Z ✔ every engine is named in one module and resolves from the city tree (10.7152ms)
gateway-web	Run node city/test-all.mjs	2026-10-07T03:21:20.1085326Z ✔ the engines really load and expose what the readers need (197.8156ms)
gateway-web	Run node city/test-all.mjs	2026-10-07T03:21:20.1085644Z ✔ a missing install is an installation problem, not a broken document (0.2418ms)
gateway-web	Run node city/test-all.mjs	2026-10-07T03:21:20.1085930Z ✔ limits and verbosity mirror the donor exactly (1.6599ms)
gateway-web	Run node city/test-all.mjs	2026-10-07T03:21:20.1086165Z ✔ PdfError carries its name and code (0.2483ms)
gateway-web	Run node city/test-all.mjs	2026-10-07T03:21:20.1086485Z ✔ inspectPdfHeader accepts a real PDF and rejects other payloads with typed errors (0.431ms)
gateway-web	Run node city/test-all.mjs	2026-10-07T03:21:20.1086857Z ✔ extractPdf decodes a synthetic one-page PDF through the real engine (179.3442ms)
gateway-web	Run node city/test-all.mjs	2026-10-07T03:21:20.1087211Z ✔ extractPdf honours the page cap and warns about the unread pages (12.3664ms)
gateway-web	Run node city/test-all.mjs	2026-10-07T03:21:20.1087536Z ✔ extractPdf fails closed on a truncated or corrupt document (5.6299ms)
gateway-web	Run node city/test-all.mjs	2026-10-07T03:21:20.1087856Z ✔ extractPdf rejects over-limit bytes before the engine is consulted (0.3665ms)
gateway-web	Run node city/test-all.mjs	2026-10-07T03:21:20.1088163Z ✔ extractPdf is deterministic for identical bytes (13.2768ms)
gateway-web	Run node city/test-all.mjs	2026-10-07T03:21:20.1088489Z ✔ the port keeps its engine quarantine (8.4048ms)
gateway-web	Run node city/test-all.mjs	2026-10-07T03:21:20.1088796Z ✔ a sheet with shared strings extracts the expected rows, part and used range (21.2498ms)
gateway-web	Run node city/test-all.mjs	2026-10-07T03:21:20.1089171Z ✔ the markdown rendering is a real table with a header row and a separator row (1.7105ms)
gateway-web	Run node city/test-all.mjs	2026-10-07T03:21:20.1090365Z ✔ the synthetic package is a real ZIP the engine itself can open (1.7798ms)
gateway-web	Run node city/test-all.mjs	2026-10-07T03:21:20.1090823Z ✔ a formula without a cached value warns and is never given an invented result (1.7342ms)
gateway-web	Run node city/test-all.mjs	2026-10-07T03:21:20.1091160Z ✔ two extractions of the same bytes are deeply equal (2.0276ms)
gateway-web	Run node city/test-all.mjs	2026-10-07T03:21:20.1091494Z ✔ sheets beyond limits.maxSheets are reported, not silently dropped (1.7047ms)
gateway-web	Run node city/test-all.mjs	2026-10-07T03:21:20.1092103Z ✔ a payload that is not a ZIP fails closed as NOT_XLSX (a truncated one as CORRUPT_XLSX) (5.3682ms)
gateway-web	Run node city/test-all.mjs	2026-10-07T03:21:20.1092510Z ✔ an archive above limits.maxEntries or limits.maxBytes fails closed as TOO_LARGE (1.4786ms)
gateway-web	Run node city/test-all.mjs	2026-10-07T03:21:20.1092908Z ✔ an entry expanding above limits.maxEntryBytes fails closed as TOO_LARGE (2.0708ms)
gateway-web	Run node city/test-all.mjs	2026-10-07T03:21:20.1093240Z ✔ DEFAULT_XLSX_LIMITS carries the donor pin and is frozen (0.7579ms)
gateway-web	Run node city/test-all.mjs	2026-10-07T03:21:20.1093578Z ✔ the reader is quarantined: the engine seam and the core, never fflate (15.9545ms)
gateway-web	Run node city/test-all.mjs	2026-10-07T03:21:20.1093955Z ✔ encoding detection follows BOMs, validates UTF-8 and refuses to guess silently (1.9671ms)
gateway-web	Run node city/test-all.mjs	2026-10-07T03:21:20.1094307Z ✔ markdown and plain text split into offset-preserving sections (1.926ms)
gateway-web	Run node city/test-all.mjs	2026-10-07T03:21:20.1094622Z ✔ JSON, JSON Lines and structured sections match the donor (43.9035ms)
gateway-web	Run node city/test-all.mjs	2026-10-07T03:21:20.1094957Z ✔ CSV and TSV parsing matches the donor, including quoted fields and limits (1.0807ms)
gateway-web	Run node city/test-all.mjs	2026-10-07T03:21:20.1095309Z ✔ XML helpers decode entities and extract text runs exactly once (0.7974ms)
gateway-web	Run node city/test-all.mjs	2026-10-07T03:21:20.1095649Z ✔ format detection names the parser, including the completed YAML branch (0.4001ms)
gateway-web	Run node city/test-all.mjs	2026-10-07T03:21:20.1109367Z ✔ the module carries no parser of its own: the YAML package stays behind the seam (7.2748ms)
gateway-web	Run node city/test-all.mjs	2026-10-07T03:21:20.1109984Z ✔ provenance stays honest: DONOR.json records both waves of this module (1.3299ms)
gateway-web	Run node city/test-all.mjs	2026-10-07T03:21:20.1110573Z ✔ the extension decides the order, and the YAML branch is a real format now (1.7098ms)
gateway-web	Run node city/test-all.mjs	2026-10-07T03:21:20.1111117Z ✔ a .yaml document is parsed as YAML with nested maps and sequences (39.3698ms)
gateway-web	Run node city/test-all.mjs	2026-10-07T03:21:20.1111624Z ✔ the non-YAML fallback is reported, exactly as the donor does (1.0936ms)
gateway-web	Run node city/test-all.mjs	2026-10-07T03:21:20.1112651Z ✔ invalid input fails closed with one reason and the parser detail (10.5888ms)
gateway-web	Run node city/test-all.mjs	2026-10-07T03:21:20.1113087Z ✔ the intake is deterministic, and every guard is real (5.9978ms)
gateway-web	Run node city/test-all.mjs	2026-10-07T03:21:20.1113387Z ✔ the module never names the package outside the seam (5.5775ms)
gateway-web	Run node city/test-all.mjs	2026-10-07T03:21:20.1113725Z ✔ the dependency is quarantined in one file and resolves from the city tree (42.6624ms)
gateway-web	Run node city/test-all.mjs	2026-10-07T03:21:20.1114100Z ✔ a YAML document parses into plain data, including nested maps and sequences (9.267ms)
gateway-web	Run node city/test-all.mjs	2026-10-07T03:21:20.1114473Z ✔ a malformed document fails closed with a typed error carrying the reason (3.3348ms)
gateway-web	Run node city/test-all.mjs	2026-10-07T03:21:20.1114808Z ✔ the limits are real: size and alias count are both bounded (4.2378ms)
gateway-web	Run node city/test-all.mjs	2026-10-07T03:21:20.1115140Z ✔ a missing package is an installation problem, not an invalid document (2.1438ms)
gateway-web	Run node city/test-all.mjs	2026-10-07T03:21:20.1115705Z ✔ the ordered gate chain is the donor's seven-value literal, in order, frozen (2.4234ms)
gateway-web	Run node city/test-all.mjs	2026-10-07T03:21:20.1116211Z ✔ a fully-ready probe is ready with no blockers and echoes the caller's facts (0.3302ms)
gateway-web	Run node city/test-all.mjs	2026-10-07T03:21:20.1116694Z ✔ a non-ready DOM blocks with exactly the failing gates, in gate order (0.1778ms)
gateway-web	Run node city/test-all.mjs	2026-10-07T03:21:20.1117048Z ✔ an empty probe is ready: absence of every fact is 'unknown ⇒ pass' (0.1279ms)
gateway-web	Run node city/test-all.mjs	2026-10-07T03:21:20.1117360Z ✔ each gate blocks only on its own explicit failing fact (0.467ms)
gateway-web	Run node city/test-all.mjs	2026-10-07T03:21:20.1117684Z ✔ blockers accumulate in gate order across all seven gates at once (0.1532ms)
gateway-web	Run node city/test-all.mjs	2026-10-07T03:21:20.1118946Z ✔ post-action verification never assumes a change happened (0.1693ms)
gateway-web	Run node city/test-all.mjs	2026-10-07T03:21:20.1119297Z ✔ bounded escalation: bounded retry → selector refresh → alternate strategy (0.1325ms)
gateway-web	Run node city/test-all.mjs	2026-10-07T03:21:20.1119662Z ✔ the retry bounds are the donor's arithmetic for every maxBoundedRetries (0.4409ms)
gateway-web	Run node city/test-all.mjs	2026-10-07T03:21:20.1120034Z ✔ the read and mutation action lists are the donor's literals, in order, frozen (1.6898ms)
gateway-web	Run node city/test-all.mjs	2026-10-07T03:21:20.1120411Z ✔ §26 every CU_REPAIR need is classified from the donor's phrase sets (0.7529ms)
gateway-web	Run node city/test-all.mjs	2026-10-07T03:21:20.1120745Z ✔ §26 every HUMAN_REQUIRED phrase gates the page away from CU repair (0.196ms)
gateway-web	Run node city/test-all.mjs	2026-10-07T03:21:20.1121247Z ✔ §26 NOT_REPAIRABLE is the fallthrough: unknown failures are never guessed into a mutation (0.121ms)
gateway-web	Run node city/test-all.mjs	2026-10-07T03:21:20.1121667Z ✔ §26 classification lowercases the reason with toLocaleLowerCase, as the donor does (0.2747ms)
gateway-web	Run node city/test-all.mjs	2026-10-07T03:21:20.1122048Z ✔ §24 tierForTarget maps every kind to the donor's tier, unknown kinds to 6 (0.2376ms)
gateway-web	Run node city/test-all.mjs	2026-10-07T03:21:20.1122509Z ✔ §28 geometryTargetValid only guards ICON and POINT, and needs truthy finite frameRevisionAt + boundedRegion (0.3617ms)
gateway-web	Run node city/test-all.mjs	2026-10-07T03:21:20.1123005Z ✔ §26 READY: a SEND plan is read_page → click_control → verify_state with a revisioned ICON affordance (0.3534ms)
gateway-web	Run node city/test-all.mjs	2026-10-07T03:21:20.1123405Z ✔ §26 READY: an INPUT plan inserts submit when the submit grant is present (0.3596ms)
gateway-web	Run node city/test-all.mjs	2026-10-07T03:21:20.1123805Z ✔ §26 the INPUT chain is still READY without the submit grant (3 steps is the donor's floor) (0.518ms)
gateway-web	Run node city/test-all.mjs	2026-10-07T03:21:20.1124177Z ✔ §26 DRIFT and STRUCTURE plans are ROLE-targeted and never geometry (0.2964ms)
gateway-web	Run node city/test-all.mjs	2026-10-07T03:21:20.1124578Z ✔ §26 DENIED when the required mutation grant is missing, naming the action (fail closed) (0.1741ms)
gateway-web	Run node city/test-all.mjs	2026-10-07T03:21:20.1125010Z ✔ §28 UNCERTAIN when the ICON affordance has no usable frame revision (the now === 0 default) (0.0958ms)
gateway-web	Run node city/test-all.mjs	2026-10-07T03:21:20.1125412Z ✔ DEFECT PINNED: the read_page denial branch of buildRepairPlan is unreachable (1.1816ms)
gateway-web	Run node city/test-all.mjs	2026-10-07T03:21:20.1125850Z ✔ §29 grantedComputerActions maps only exact computer:<action> entries, trimming surrounding space (0.3677ms)
gateway-web	Run node city/test-all.mjs	2026-10-07T03:21:20.1126225Z ✔ §29 a granted read action alone never unlocks a mutation (0.1563ms)
gateway-web	Run node city/test-all.mjs	2026-10-07T03:21:20.1126562Z ✔ §25 verdictForOutcome is VERIFIED only when the post-condition was observed (0.1031ms)
gateway-web	Run node city/test-all.mjs	2026-10-07T03:21:20.1126941Z ✔ DEFECT PINNED: verdictForOutcome can never return its exported ACTED status (0.1377ms)
gateway-web	Run node city/test-all.mjs	2026-10-07T03:21:20.1127584Z ✔ §38 planSummary reports steps, actions and only a present reason, in the donor's key order (0.4113ms)
gateway-web	Run node city/test-all.mjs	2026-10-07T03:21:20.1128004Z ✔ DOM_TARGET_PREFIX is the donor's literal and the read/mutation sets are its neighbours (1.5351ms)
gateway-web	Run node city/test-all.mjs	2026-10-07T03:21:20.1128445Z ✔ parseDomTarget returns the parsed fields and undefined for non-dom or unparsable targets (0.4463ms)
gateway-web	Run node city/test-all.mjs	2026-10-07T03:21:20.1128869Z ✔ parseDomTarget throws on a malformed providerId and accepts the [a-zA-Z0-9_-] class (0.6358ms)
gateway-web	Run node city/test-all.mjs	2026-10-07T03:21:20.1129263Z ✔ supports: dom: targets with a selector for mutations and reads, nothing else (0.2517ms)
gateway-web	Run node city/test-all.mjs	2026-10-07T03:21:20.1129665Z ✔ supports does not throw on a malformed providerId (the parse it uses is the lenient one) (0.9679ms)
gateway-web	Run node city/test-all.mjs	2026-10-07T03:21:20.1130110Z ✔ readinessScript is the donor's probe: found / visible / enabled / stableSamples from the live page (0.4502ms)
gateway-web	Run node city/test-all.mjs	2026-10-07T03:21:20.1130546Z ✔ readyOrBlocked returns null when the first probe is ready and probes exactly once (0.3786ms)
gateway-web	Run node city/test-all.mjs	2026-10-07T03:21:20.1130957Z ✔ readyOrBlocked uses the donor's default of 2 attempts and reports the last block reason (0.1835ms)
gateway-web	Run node city/test-all.mjs	2026-10-07T03:21:20.1131416Z ✔ readinessAttempts is honoured as a lower bound of 1, and the retry stops as soon as a probe is ready (0.9441ms)
gateway-web	Run node city/test-all.mjs	2026-10-07T03:21:20.1131863Z ✔ a null/undefined probe answer is treated as no facts, which is ready ('unknown ⇒ pass') (0.2768ms)
gateway-web	Run node city/test-all.mjs	2026-10-07T03:21:20.1132274Z ✔ the retry interval only delays when it is positive, and the page ref reaches every probe (8.4948ms)
gateway-web	Run node city/test-all.mjs	2026-10-07T03:21:20.1132703Z ✔ execute refuses an action without a dom: selector (0.622ms)
gateway-web	Run node city/test-all.mjs	2026-10-07T03:21:20.1133022Z ✔ execute reports a supported-but-unhandled action as UNSUPPORTED (0.2136ms)
gateway-web	Run node city/test-all.mjs	2026-10-07T03:21:20.1133400Z ✔ click_control reports SUCCESS on ok and FAILED with the surface's reason otherwise (0.5062ms)
gateway-web	Run node city/test-all.mjs	2026-10-07T03:21:20.1133804Z ✔ enter_text reports the donor's three outcomes: sent, not-found, unsupported-element (0.1657ms)
gateway-web	Run node city/test-all.mjs	2026-10-07T03:21:20.1134191Z ✔ submit reports SUCCESS on ok and FAILED with the surface's reason otherwise (0.0757ms)
gateway-web	Run node city/test-all.mjs	2026-10-07T03:21:20.1134491Z ✔ read_page returns the text as evidence (0.1223ms)
gateway-web	Run node city/test-all.mjs	2026-10-07T03:21:20.1134886Z ✔ DEFECT PINNED: read_page lacks the `?? { ok: false }` guard the other branches have (0.1164ms)
gateway-web	Run node city/test-all.mjs	2026-10-07T03:21:20.1135231Z ✔ verify_state checks expected ?? value against the page text (0.114ms)
gateway-web	Run node city/test-all.mjs	2026-10-07T03:21:20.1135573Z ✔ DEFECT PINNED: verify_state with no expected AND no value is a free SUCCESS (0.0739ms)
gateway-web	Run node city/test-all.mjs	2026-10-07T03:21:20.1135951Z ✔ scripts embed JSON-escaped selectors and values, so nothing can break out (0.1838ms)
gateway-web	Run node city/test-all.mjs	2026-10-07T03:21:20.1136380Z ✔ a dom: providerId is forwarded to the page surface, and a provider-less target sends no page ref (0.1179ms)
gateway-web	Run node city/test-all.mjs	2026-10-07T03:21:20.1136764Z ✔ a surface that rejects is caught and truncated to 300 characters (0.1871ms)
gateway-web	Run node city/test-all.mjs	2026-10-07T03:21:20.1137137Z ✔ DEFECT PINNED: an invalid providerId rejects execute() instead of returning FAILED (0.2852ms)
gateway-web	Run node city/test-all.mjs	2026-10-07T03:21:20.1137579Z ✔ DEFECT PINNED: a JSON scalar in a dom: target destructures to all-undefined, and null is UNSUPPORTED (0.1542ms)
gateway-web	Run node city/test-all.mjs	2026-10-07T03:21:20.1138000Z ✔ preflightReadiness is OFF by default: a mutation proceeds without any probe (0.0867ms)
gateway-web	Run node city/test-all.mjs	2026-10-07T03:21:20.1138416Z ✔ preflightReadiness probes before a mutation and refuses it while the page is not ready (0.1023ms)
gateway-web	Run node city/test-all.mjs	2026-10-07T03:21:20.1138812Z ✔ preflightReadiness lets a ready page through and then performs the action (0.0736ms)
gateway-web	Run node city/test-all.mjs	2026-10-07T03:21:20.1139188Z ✔ preflightReadiness applies to the three mutations only, never to a read (0.1865ms)
gateway-web	Run node city/test-all.mjs	2026-10-07T03:21:20.1139524Z ✔ the preflight probe carries the target's provider page ref (0.1286ms)
gateway-web	Run node city/test-all.mjs	2026-10-07T03:21:20.1139845Z ✔ the abort signal is accepted and ignored, exactly as the donor does (0.1374ms)
gateway-web	Run node city/test-all.mjs	2026-10-07T03:21:20.1140229Z ✔ the permission vocabulary is the donor's five kinds and four security classes, frozen (1.9603ms)
gateway-web	Run node city/test-all.mjs	2026-10-07T03:21:20.1140557Z ✔ EMPTY_MANIFEST is the donor's five empty scopes (0.289ms)
gateway-web	Run node city/test-all.mjs	2026-10-07T03:21:20.1140884Z ✔ manifestAllows: an empty allow list denies everything, even a perfect match (0.2327ms)
gateway-web	Run node city/test-all.mjs	2026-10-07T03:21:20.1141372Z ✔ manifestAllows: an exact allow entry is allowed, a non-entry is not (0.1528ms)
gateway-web	Run node city/test-all.mjs	2026-10-07T03:21:20.1141736Z ✔ manifestAllows: an entry without a trailing slash is also a directory prefix (0.4056ms)
gateway-web	Run node city/test-all.mjs	2026-10-07T03:21:20.1142076Z ✔ manifestAllows: a deny entry outranks any allow entry (0.2102ms)
gateway-web	Run node city/test-all.mjs	2026-10-07T03:21:20.1142412Z ✔ DEFECT PINNED: a trailing-slash entry is not equivalent to the bare entry (0.3425ms)
gateway-web	Run node city/test-all.mjs	2026-10-07T03:21:20.1142737Z ✔ manifestAllows reads only the scope it was asked about (0.1675ms)
gateway-web	Run node city/test-all.mjs	2026-10-07T03:21:20.1143119Z ✔ manifestNarrow reports task allow entries the workspace does not allow, as kind:allow:entry (0.4064ms)
gateway-web	Run node city/test-all.mjs	2026-10-07T03:21:20.1143508Z ✔ DEFECT PINNED: manifestNarrow never reports an over-broad task deny (0.2406ms)
gateway-web	Run node city/test-all.mjs	2026-10-07T03:21:20.1143893Z ✔ desktopMutationGate always allows the four read actions, with no manifest at all (0.2932ms)
gateway-web	Run node city/test-all.mjs	2026-10-07T03:21:20.1144323Z ✔ desktopMutationGate denies a mutation when there is no manifest (fails closed) (0.1528ms)
gateway-web	Run node city/test-all.mjs	2026-10-07T03:21:20.1144947Z ✔ desktopMutationGate denies a mutation when the manifest has no side-effect allow (1.0066ms)
gateway-web	Run node city/test-all.mjs	2026-10-07T03:21:20.1145648Z ✔ desktopMutationGate allows a mutation only when its computer:<action> entry is allow-listed (0.1712ms)
gateway-web	Run node city/test-all.mjs	2026-10-07T03:21:20.1146329Z ✔ desktopMutationGate lets a deny entry beat an allow entry for the same key (0.1359ms)
gateway-web	Run node city/test-all.mjs	2026-10-07T03:21:20.1147616Z ✔ a side-effect prefix entry cannot grant a computer: key, because the entry separator is / and the key separator is : (0.0902ms)
gateway-web	Run node city/test-all.mjs	2026-10-07T03:21:20.1148326Z ✔ DEFECT PINNED: a permitted verdict carries no reason key at all (0.2462ms)
gateway-web	Run node city/test-all.mjs	2026-10-07T03:21:20.1148896Z ✔ the read set and the mutation check are the only two paths through the gate (0.1901ms)
gateway-web	Run node city/test-all.mjs	2026-10-07T03:21:20.1149551Z ✔ evaluates scripts on the named provider WebContentsView and returns its value (2.6351ms)
gateway-web	Run node city/test-all.mjs	2026-10-07T03:21:20.1150231Z ✔ fails closed when the provider pane is closed, crashed, or the target is ambiguous (0.8442ms)
gateway-web	Run node city/test-all.mjs	2026-10-07T03:21:20.1150749Z ✔ a providerId that was never open reports the same 'not open' message as a closed one (0.2423ms)
gateway-web	Run node city/test-all.mjs	2026-10-07T03:21:20.1151092Z ✔ a destroyed pane short-circuits before the crash check (0.2133ms)
gateway-web	Run node city/test-all.mjs	2026-10-07T03:21:20.1151404Z ✔ returns real page content when the named provider pane is open (0.1921ms)
gateway-web	Run node city/test-all.mjs	2026-10-07T03:21:20.1151765Z ✔ the accessor is called freshly per lookup, so a pane that opens later is found (0.2276ms)
gateway-web	Run node city/test-all.mjs	2026-10-07T03:21:20.1152129Z ✔ only the script reaches executeJavaScript, with no extra argument (3.8313ms)
gateway-web	Run node city/test-all.mjs	2026-10-07T03:21:20.1152444Z ✔ a rejecting executeJavaScript propagates unchanged (0.206ms)
gateway-web	Run node city/test-all.mjs	2026-10-07T03:21:20.1152768Z ✔ the composed surface drives the DOM backend end to end over a fake pane (2.4386ms)
gateway-web	Run node city/test-all.mjs	2026-10-07T03:21:20.1153117Z ✔ the nine action names are the donor's line-1 union, in order, frozen (1.7433ms)
gateway-web	Run node city/test-all.mjs	2026-10-07T03:21:20.1153471Z ✔ the six unconditional action names are accepted with just a name and target (0.3867ms)
gateway-web	Run node city/test-all.mjs	2026-10-07T03:21:20.1153824Z ✔ every one of the nine action names passes the membership check itself (0.2092ms)
gateway-web	Run node city/test-all.mjs	2026-10-07T03:21:20.1154121Z ✔ a fully-populated action is accepted (0.2163ms)
gateway-web	Run node city/test-all.mjs	2026-10-07T03:21:20.1154481Z ✔ Invalid semantic action: a missing value, an unknown name, a bad or missing target, unknown keys (0.711ms)
gateway-web	Run node city/test-all.mjs	2026-10-07T03:21:20.1154919Z ✔ Invalid semantic value: value/expected must be strings of at most 100000 characters (0.2568ms)
gateway-web	Run node city/test-all.mjs	2026-10-07T03:21:20.1155254Z ✔ Text value required: enter_text needs a string value (0.2521ms)
gateway-web	Run node city/test-all.mjs	2026-10-07T03:21:20.1155597Z ✔ Expected state required: verify_state and wait_for_state need expected or value (0.3201ms)
gateway-web	Run node city/test-all.mjs	2026-10-07T03:21:20.1155954Z ✔ Invalid semantic timeout: only finite numbers in [1, 120000] (0.3025ms)
gateway-web	Run node city/test-all.mjs	2026-10-07T03:21:20.1156261Z ✔ precedence: the first failing check is the one reported (0.3004ms)
gateway-web	Run node city/test-all.mjs	2026-10-07T03:21:20.1156575Z ✔ computerIntent opens the three apps it names, in both languages (0.6374ms)
gateway-web	Run node city/test-all.mjs	2026-10-07T03:21:20.1156877Z ✔ computerIntent reads the four fixed read commands (0.3033ms)
gateway-web	Run node city/test-all.mjs	2026-10-07T03:21:20.1157212Z ✔ computerIntent parameterises the terminal-log and browser-state forms (0.6377ms)
gateway-web	Run node city/test-all.mjs	2026-10-07T03:21:20.1157571Z ✔ computerIntent parses the desktop {…} JSON form and validates it (0.1765ms)
gateway-web	Run node city/test-all.mjs	2026-10-07T03:21:20.1157975Z ✔ DEFECT PINNED: a malformed desktop {…} body throws SyntaxError, it is not turned into undefined (0.0909ms)
gateway-web	Run node city/test-all.mjs	2026-10-07T03:21:20.1158378Z ✔ computerIntent returns undefined for anything it does not recognise (0.1415ms)
gateway-web	Run node city/test-all.mjs	2026-10-07T03:21:20.1158754Z ✔ DEFECT PINNED: the Chinese VS Code status form needs the donor's exact ASCII space (0.0996ms)
gateway-web	Run node city/test-all.mjs	2026-10-07T03:21:20.1159144Z ✔ the surface id vocabulary is the donor's 23 ids in the donor's order, frozen (1.5636ms)
gateway-web	Run node city/test-all.mjs	2026-10-07T03:21:20.1159462Z ✔ the registry version string is the donor's literal (0.1911ms)
gateway-web	Run node city/test-all.mjs	2026-10-07T03:21:20.1159901Z ✔ the eleven surface categories are the donor's, in order (0.1645ms)
gateway-web	Run node city/test-all.mjs	2026-10-07T03:21:20.1160436Z ✔ the §10 token groups are the donor's five groups and 31 names, in order (0.5043ms)
gateway-web	Run node city/test-all.mjs	2026-10-07T03:21:20.1160820Z ✔ tokenGroupOf resolves each group and rejects a token in no group (0.2192ms)
gateway-web	Run node city/test-all.mjs	2026-10-07T03:21:20.1161353Z ✔ knownToken accepts the §10 names and the six extras, nothing else (0.1022ms)
gateway-web	Run node city/test-all.mjs	2026-10-07T03:21:20.1161916Z ✔ defaultSurfaceContracts covers every §9 surface exactly once, in id order (0.9803ms)
gateway-web	Run node city/test-all.mjs	2026-10-07T03:21:20.1162690Z ✔ every contract row carries the donor's category, allowedProperties, defaultTokens and fallback (0.2955ms)
gateway-web	Run node city/test-all.mjs	2026-10-07T03:21:20.1163382Z ✔ the two fallback notes are the donor's strings and only BORDER/DIVIDER/SCROLLBAR inherit (0.7094ms)
gateway-web	Run node city/test-all.mjs	2026-10-07T03:21:20.1163989Z ✔ every contract reads only known tokens and allows at least one property (0.4362ms)
gateway-web	Run node city/test-all.mjs	2026-10-07T03:21:20.1164621Z ✔ defaultSurfaceContracts returns fresh arrays and fallback objects each call (0.2608ms)
gateway-web	Run node city/test-all.mjs	2026-10-07T03:21:20.1165182Z ✔ surfaceById finds a contract by id and returns undefined otherwise (0.1675ms)
gateway-web	Run node city/test-all.mjs	2026-10-07T03:21:20.1165806Z ✔ §9.1 an allowed property with a literal or a declared token is accepted, property normalised (0.7605ms)
gateway-web	Run node city/test-all.mjs	2026-10-07T03:21:20.1166443Z ✔ §9.1 an unknown surface fails closed with UNKNOWN_SURFACE (0.1217ms)
gateway-web	Run node city/test-all.mjs	2026-10-07T03:21:20.1166968Z ✔ §9.1 a property the surface does not allow fails closed with UNKNOWN_PROPERTY (0.1143ms)
gateway-web	Run node city/test-all.mjs	2026-10-07T03:21:20.1168002Z ✔ §9.1 an empty value fails closed with EMPTY_VALUE, checked after the property (0.0956ms)
gateway-web	Run node city/test-all.mjs	2026-10-07T03:21:20.1168544Z ✔ §20 unsafe values fail closed with UNSAFE_VALUE, in pattern order (0.3207ms)
gateway-web	Run node city/test-all.mjs	2026-10-07T03:21:20.1168949Z ✔ DEFECT PINNED: the unsafe patterns match their substring anywhere, including benign values (0.1393ms)
gateway-web	Run node city/test-all.mjs	2026-10-07T03:21:20.1169366Z ✔ DEFECT PINNED: the §10 token scan is var()-only and stops at an underscore (0.9412ms)
gateway-web	Run node city/test-all.mjs	2026-10-07T03:21:20.1169732Z ✔ DEFECT PINNED: LOCKED_SURFACE is unreachable with the donor's SEEDS table (0.2026ms)
gateway-web	Run node city/test-all.mjs	2026-10-07T03:21:20.1170090Z ✔ validateUISurfaceRegistry accepts a complete, honest registry (0.3475ms)
gateway-web	Run node city/test-all.mjs	2026-10-07T03:21:20.1170474Z ✔ validateUISurfaceRegistry reports every missing surface contract, in seed order (0.1681ms)
gateway-web	Run node city/test-all.mjs	2026-10-07T03:21:20.1170958Z ✔ validateUISurfaceRegistry reports duplicate ids, empty properties, empty tokens and undeclared tokens (0.272ms)
gateway-web	Run node city/test-all.mjs	2026-10-07T03:21:20.1171384Z ✔ validateUISurfaceRegistry enforces the unbound list in both directions (0.411ms)
gateway-web	Run node city/test-all.mjs	2026-10-07T03:21:20.1171731Z ✔ validateUISurfaceRegistry refuses an evidence-free binding (0.1701ms)
gateway-web	Run node city/test-all.mjs	2026-10-07T03:21:20.1172088Z ✔ summarizeUISurfaceRegistry reports every summary field from the registry (0.1848ms)
gateway-web	Run node city/test-all.mjs	2026-10-07T03:21:20.1172620Z ✔ summarizeUISurfaceRegistry counts bound surfaces and declared tokens, and copies its arrays (0.1306ms)
gateway-web	Run node city/test-all.mjs	2026-10-07T03:21:20.1173022Z ✔ the status vocabulary is the donor three (1.5092ms)
gateway-web	Run node city/test-all.mjs	2026-10-07T03:21:20.1173441Z ✔ the block reasons are the donor five, with the donor strings (0.2104ms)
gateway-web	Run node city/test-all.mjs	2026-10-07T03:21:20.1173810Z ✔ the capability → controller table is the donor ten, and it is not the routing table (0.2581ms)
gateway-web	Run node city/test-all.mjs	2026-10-07T03:21:20.1174440Z ✔ controllerIdsFor maps a capability to its controllers and passes an unknown name through (0.1805ms)
gateway-web	Run node city/test-all.mjs	2026-10-07T03:21:20.1174862Z ✔ capabilityIsUsable accepts a capability or a controller id and needs a real hit (0.2115ms)
gateway-web	Run node city/test-all.mjs	2026-10-07T03:21:20.1175217Z ✔ a healthy snapshot is healthy, and it echoes the donor fields (0.5664ms)
gateway-web	Run node city/test-all.mjs	2026-10-07T03:21:20.1175711Z ✔ the default snapshot is healthy but empty, with the donor defaults (0.2161ms)
gateway-web	Run node city/test-all.mjs	2026-10-07T03:21:20.1176046Z ✔ an explicitly degraded probe is degraded while staying available (0.2022ms)
gateway-web	Run node city/test-all.mjs	2026-10-07T03:21:20.1176425Z ✔ an unavailable controller is degraded, unusable and takes the runtime to degraded (0.8826ms)
gateway-web	Run node city/test-all.mjs	2026-10-07T03:21:20.1176858Z ✔ a null controller entry is unavailable, and `available` is only false when it is literally false (0.6341ms)
gateway-web	Run node city/test-all.mjs	2026-10-07T03:21:20.1177253Z ✔ a dead channel the contract does not need still degrades the runtime (0.3089ms)
gateway-web	Run node city/test-all.mjs	2026-10-07T03:21:20.1177610Z ✔ BLOCK_REASONS.WORKSPACE_UNAVAILABLE is derived from the workspace guard (1.0438ms)
gateway-web	Run node city/test-all.mjs	2026-10-07T03:21:20.1178046Z ✔ BLOCK_REASONS.ALL_CAPABILITIES_UNAVAILABLE is derived only when every allowed capability is gone (1.4154ms)
gateway-web	Run node city/test-all.mjs	2026-10-07T03:21:20.1178507Z ✔ BLOCK_REASONS.RESOURCE_CEILING is derived from the evidence snapshot and the process capacity (0.3238ms)
gateway-web	Run node city/test-all.mjs	2026-10-07T03:21:20.1178967Z ✔ BLOCK_REASONS.SAFETY_UNAVAILABLE and STATE_INTEGRITY_UNCERTAIN are derived from their flags (0.1759ms)
gateway-web	Run node city/test-all.mjs	2026-10-07T03:21:20.1179394Z ✔ every block reason can appear at once, in the donor order, and blocked outranks degraded (0.168ms)
gateway-web	Run node city/test-all.mjs	2026-10-07T03:21:20.1179785Z ✔ status is blocked, then degraded, then healthy — in that order of precedence (0.1163ms)
gateway-web	Run node city/test-all.mjs	2026-10-07T03:21:20.1180187Z ✔ capabilityVerdict answers the four donor cases, including the unclaimed capability (0.3756ms)
gateway-web	Run node city/test-all.mjs	2026-10-07T03:21:20.1180590Z ✔ capabilityVerdict judges the degraded flag on every controller the table names (0.1592ms)
gateway-web	Run node city/test-all.mjs	2026-10-07T03:21:20.1180980Z ✔ a snapshot built by buildHealthSnapshot feeds capabilityVerdict unchanged (0.1389ms)
gateway-web	Run node city/test-all.mjs	2026-10-07T03:21:20.1181415Z ✔ stabilization re-exports the target-guard room's own revalidate (0.9071ms)
gateway-web	Run node city/test-all.mjs	2026-10-07T03:21:20.1181720Z ✔ the barrel re-exports that same revalidate binding (0.2572ms)
gateway-web	Run node city/test-all.mjs	2026-10-07T03:21:20.1182029Z ✔ recovery uses the routing-safety room's own channel plan table (1.1229ms)
gateway-web	Run node city/test-all.mjs	2026-10-07T03:21:20.1182380Z ✔ the routing-safety room's fallbackChannels is the function that answers (0.3251ms)
gateway-web	Run node city/test-all.mjs	2026-10-07T03:21:20.1182735Z ✔ the sibling-owned bindings are the donor's algorithms, not lookalikes (1.468ms)
gateway-web	Run node city/test-all.mjs	2026-10-07T03:21:20.1183061Z ✔ every donor export is re-exported, and each one is defined (1.1675ms)
gateway-web	Run node city/test-all.mjs	2026-10-07T03:21:20.1183373Z ✔ the re-exported names are the same bindings the modules define (1.2549ms)
gateway-web	Run node city/test-all.mjs	2026-10-07T03:21:20.1183684Z ✔ MODULES exposes the seven modules plus the local contracts (0.8907ms)
gateway-web	Run node city/test-all.mjs	2026-10-07T03:21:20.1184016Z ✔ the four closed vocabularies are the donor values, through the barrel (0.4382ms)
gateway-web	Run node city/test-all.mjs	2026-10-07T03:21:20.1184386Z ✔ one deterministic step clock is shared by every module that needed a default (0.4961ms)
gateway-web	Run node city/test-all.mjs	2026-10-07T03:21:20.1184746Z ✔ the ported modules read the local contracts rather than a sibling import (0.5218ms)
gateway-web	Run node city/test-all.mjs	2026-10-07T03:21:20.1185060Z ✔ the outcome vocabulary and the donor default budget (2.1828ms)
gateway-web	Run node city/test-all.mjs	2026-10-07T03:21:20.1185345Z ✔ no reattach function is exhausted with zero attempts (0.3424ms)
gateway-web	Run node city/test-all.mjs	2026-10-07T03:21:20.1185631Z ✔ one attempt below the bound connects on the first try (0.3925ms)
gateway-web	Run node city/test-all.mjs	2026-10-07T03:21:20.1185979Z ✔ the budget is spent per channel and per step: at, just below and just above the bound (0.3733ms)
gateway-web	Run node city/test-all.mjs	2026-10-07T03:21:20.1186369Z ✔ a channel that never comes back is exhausted after exactly maxAttempts attempts (0.2606ms)
gateway-web	Run node city/test-all.mjs	2026-10-07T03:21:20.1186718Z ✔ the backoff is bounded, and a one-attempt budget never spends it (1.4252ms)
gateway-web	Run node city/test-all.mjs	2026-10-07T03:21:20.1187052Z ✔ a reattach that throws is a failed attempt, and the message is carried (0.2829ms)
gateway-web	Run node city/test-all.mjs	2026-10-07T03:21:20.1187403Z ✔ an undefined reattach result counts as attached, a bare false does not (0.436ms)
gateway-web	Run node city/test-all.mjs	2026-10-07T03:21:20.1187711Z ✔ a fresh step resets the budget but not the event log (0.211ms)
gateway-web	Run node city/test-all.mjs	2026-10-07T03:21:20.1187964Z ✔ the event log is bounded at 100 entries (1.2186ms)
gateway-web	Run node city/test-all.mjs	2026-10-07T03:21:20.1188338Z ✔ the transport codes are exactly the donor four (0.199ms)
gateway-web	Run node city/test-all.mjs	2026-10-07T03:21:20.1188771Z ✔ isTransportFailure classifies the donor codes, the raw transport messages and nothing else (0.6222ms)
gateway-web	Run node city/test-all.mjs	2026-10-07T03:21:20.1189153Z ✔ channelOfError prefers the error-named channel and never guesses (0.1779ms)
gateway-web	Run node city/test-all.mjs	2026-10-07T03:21:20.1189526Z ✔ channelHintFor reads the last route, then the capability map, and never guesses (0.169ms)
gateway-web	Run node city/test-all.mjs	2026-10-07T03:21:20.1189865Z ✔ exhaustedError is the donor RECONNECT_EXHAUSTED failure (0.4045ms)
gateway-web	Run node city/test-all.mjs	2026-10-07T03:21:20.1190150Z ✔ the policy exposes the donor RECONNECT vocabulary (0.0845ms)
gateway-web	Run node city/test-all.mjs	2026-10-07T03:21:20.1190407Z ✔ channel recovery needs a reconnect policy (0.5922ms)
gateway-web	Run node city/test-all.mjs	2026-10-07T03:21:20.1190742Z ✔ recover reattaches through the controller, then proves it with a fresh observation (0.5894ms)
gateway-web	Run node city/test-all.mjs	2026-10-07T03:21:20.1191256Z ✔ recover fails when no controller implements the channel (0.231ms)
gateway-web	Run node city/test-all.mjs	2026-10-07T03:21:20.1191573Z ✔ a controller that still reports unavailable spends the whole budget (0.197ms)
gateway-web	Run node city/test-all.mjs	2026-10-07T03:21:20.1191891Z ✔ a probe with no reason falls back to the donor sentence (0.2017ms)
gateway-web	Run node city/test-all.mjs	2026-10-07T03:21:20.1192201Z ✔ a reattached channel with an unobservable state is context_invalid (0.5282ms)
gateway-web	Run node city/test-all.mjs	2026-10-07T03:21:20.1192643Z ✔ a contract that is no longer valid after the reconnect is exhausted (0.3755ms)
gateway-web	Run node city/test-all.mjs	2026-10-07T03:21:20.1192977Z ✔ recover without an observer or a validity check still reconnects (0.1657ms)
gateway-web	Run node city/test-all.mjs	2026-10-07T03:21:20.1193275Z ✔ recover defaults a missing channel name to "unknown" (0.2134ms)
gateway-web	Run node city/test-all.mjs	2026-10-07T03:21:20.1193594Z ✔ a controller with no probe or facts is reattached on the host's word (0.1766ms)
gateway-web	Run node city/test-all.mjs	2026-10-07T03:21:20.1193923Z ✔ channel recovery exposes the donor attribution helpers (0.0839ms)
gateway-web	Run node city/test-all.mjs	2026-10-07T03:21:20.1194199Z ✔ the default clock and delay are deterministic (0.1212ms)
gateway-web	Run node city/test-all.mjs	2026-10-07T03:21:20.1194460Z ✔ the documented rungs are the donor seven, in order (2.5909ms)
gateway-web	Run node city/test-all.mjs	2026-10-07T03:21:20.1194823Z ✔ the verdict vocabulary is the donor five and VERDICT_BY_STEP has exactly the donor four keys (0.2982ms)
gateway-web	Run node city/test-all.mjs	2026-10-07T03:21:20.1195182Z ✔ USER_ACTION_CODES is the donor nine, in the donor order (0.1828ms)
gateway-web	Run node city/test-all.mjs	2026-10-07T03:21:20.1195502Z ✔ every USER_ACTION_CODE is checked before the retry rung and is terminal (0.5679ms)
gateway-web	Run node city/test-all.mjs	2026-10-07T03:21:20.1195838Z ✔ rung 0 wins over the retry rung even when a retry would be allowed (0.1938ms)
gateway-web	Run node city/test-all.mjs	2026-10-07T03:21:20.1196149Z ✔ a non-retryable failure fails without spending the ladder (0.2287ms)
gateway-web	Run node city/test-all.mjs	2026-10-07T03:21:20.1196462Z ✔ the explicit retryable override is honoured in both directions (0.2664ms)
gateway-web	Run node city/test-all.mjs	2026-10-07T03:21:20.1196831Z ✔ an absent error is retryable, and an error with no code fails by its code-less message (0.1845ms)
gateway-web	Run node city/test-all.mjs	2026-10-07T03:21:20.1197235Z ✔ the attempt counts down against the action retry policy, not the controller default (0.7948ms)
gateway-web	Run node city/test-all.mjs	2026-10-07T03:21:20.1197612Z ✔ the retry rung escalates the visual level only after the first attempt (0.3437ms)
gateway-web	Run node city/test-all.mjs	2026-10-07T03:21:20.1197955Z ✔ nextVisualLevel climbs one rung and stops at the injected ceiling (0.2935ms)
gateway-web	Run node city/test-all.mjs	2026-10-07T03:21:20.1198280Z ✔ the cooldown signals are the donor mapping, de-duplicated (0.2649ms)
gateway-web	Run node city/test-all.mjs	2026-10-07T03:21:20.1198639Z ✔ the alternative rung converts the same intent to the cheapest untried channel (0.3348ms)
gateway-web	Run node city/test-all.mjs	2026-10-07T03:21:20.1198996Z ✔ the alternative rung is skipped when the action forbids an alternative (0.1351ms)
gateway-web	Run node city/test-all.mjs	2026-10-07T03:21:20.1199366Z ✔ the alternative rung is skipped when the retry policy is absent (donor condition) (0.131ms)
gateway-web	Run node city/test-all.mjs	2026-10-07T03:21:20.1199709Z ✔ the replan rung reports, and runs out at maxStallRecoveries (0.4685ms)
gateway-web	Run node city/test-all.mjs	2026-10-07T03:21:20.1200050Z ✔ an action that cannot be converted names the action type on the replan rung (0.1846ms)
gateway-web	Run node city/test-all.mjs	2026-10-07T03:21:20.1200399Z ✔ a CLICK with no target still converts, because vision click pixels (0.122ms)
gateway-web	Run node city/test-all.mjs	2026-10-07T03:21:20.1200785Z ✔ the round budget is checked before every other rung and defaults to attemptsAllowed + 2 (0.1354ms)
gateway-web	Run node city/test-all.mjs	2026-10-07T03:21:20.1201130Z ✔ decisions() returns every decision in order, as a copy (0.1476ms)
gateway-web	Run node city/test-all.mjs	2026-10-07T03:21:20.1201464Z ✔ the controller reports its own bounds (0.1524ms)
gateway-web	Run node city/test-all.mjs	2026-10-07T03:21:20.1201800Z ✔ stallStep walks the donor ladder one rung at a time and ends terminal at fail_with_context (0.221ms)
gateway-web	Run node city/test-all.mjs	2026-10-07T03:21:20.1202175Z ✔ stallStep clamps an out-of-range index to the ends of the ladder (0.1208ms)
gateway-web	Run node city/test-all.mjs	2026-10-07T03:21:20.1202476Z ✔ a fractional stall index throws the donor TypeError (0.5197ms)
gateway-web	Run node city/test-all.mjs	2026-10-07T03:21:20.1202742Z ✔ mapType is the donor intent × channel table (0.1066ms)
gateway-web	Run node city/test-all.mjs	2026-10-07T03:21:20.1203068Z ✔ alternativeAction is null for a null action and picks the intent per action type (0.1347ms)
gateway-web	Run node city/test-all.mjs	2026-10-07T03:21:20.1203439Z ✔ alternativeAction never offers dom or accessibility for a visual target (0.1729ms)
gateway-web	Run node city/test-all.mjs	2026-10-07T03:21:20.1203871Z ✔ alternativeAction respects the contract capabilities and the used channel (0.166ms)
gateway-web	Run node city/test-all.mjs	2026-10-07T03:21:20.1204268Z ✔ alternativeAction prefers the cheapest remaining channel and builds the gui point (0.1441ms)
gateway-web	Run node city/test-all.mjs	2026-10-07T03:21:20.1204681Z ✔ alternativeController reads the channel from either shape and answers null otherwise (0.0802ms)
gateway-web	Run node city/test-all.mjs	2026-10-07T03:21:20.1205092Z ✔ exhaustedError is the donor PLAN_EXHAUSTED failure carrying the decision context (0.557ms)
gateway-web	Run node city/test-all.mjs	2026-10-07T03:21:20.1205491Z ✔ a decision is stamped with the injected clock, and the default clock is a step clock (0.1454ms)
gateway-web	Run node city/test-all.mjs	2026-10-07T03:21:20.1205833Z ✔ the donor constants are 60s TTL and the five small ceilings (1.5631ms)
gateway-web	Run node city/test-all.mjs	2026-10-07T03:21:20.1206158Z ✔ classifyRetention answers every donor verdict from the reason text (0.3676ms)
gateway-web	Run node city/test-all.mjs	2026-10-07T03:21:20.1206496Z ✔ classifyRetention answers its undocumented cases as the donor does (0.2476ms)
gateway-web	Run node city/test-all.mjs	2026-10-07T03:21:20.1206830Z ✔ classifyRetention answers its `undefined` case: no argument at all (0.1363ms)
gateway-web	Run node city/test-all.mjs	2026-10-07T03:21:20.1207169Z ✔ registerScreenshot answers the donor `keep`, which is always true (0.3746ms)
gateway-web	Run node city/test-all.mjs	2026-10-07T03:21:20.1207538Z ✔ classifyRetention stays a method on the budget, with the module function identity (0.1165ms)
gateway-web	Run node city/test-all.mjs	2026-10-07T03:21:20.1207932Z ✔ an expired transient is dropped on the next enforcement, and a live one is not (0.2715ms)
gateway-web	Run node city/test-all.mjs	2026-10-07T03:21:20.1208251Z ✔ a kept failure capture is never expired by the TTL (0.2563ms)
gateway-web	Run node city/test-all.mjs	2026-10-07T03:21:20.1208695Z ✔ the count ceiling evicts a transient before the oldest retained evidence (0.3737ms)
gateway-web	Run node city/test-all.mjs	2026-10-07T03:21:20.1209057Z ✔ the byte ceiling evicts the oldest first, even when both entries are retained (0.3498ms)
gateway-web	Run node city/test-all.mjs	2026-10-07T03:21:20.1209424Z ✔ the count eviction leaves the donor mark on the entry it tagged and dropped (1.1649ms)
gateway-web	Run node city/test-all.mjs	2026-10-07T03:21:20.1209809Z ✔ the byte ceiling does not guard on the donor mark, but never re-drops the same entry (0.2436ms)
gateway-web	Run node city/test-all.mjs	2026-10-07T03:21:20.1210128Z ✔ pressure is kept as the last five eviction events (0.2637ms)
gateway-web	Run node city/test-all.mjs	2026-10-07T03:21:20.1210467Z ✔ atCeiling needs a drop and then real pressure, exactly as the donor defines it (0.3125ms)
gateway-web	Run node city/test-all.mjs	2026-10-07T03:21:20.1210832Z ✔ the ring buffer keeps the newest `capacity` items and reports its capacity (0.3849ms)
gateway-web	Run node city/test-all.mjs	2026-10-07T03:21:20.1211189Z ✔ the injected limits override every default, and the snapshot echoes them (0.317ms)
gateway-web	Run node city/test-all.mjs	2026-10-07T03:21:20.1211572Z ✔ the default clock is a deterministic step clock, so a TTL cannot expire by surprise (0.2151ms)
gateway-web	Run node city/test-all.mjs	2026-10-07T03:21:20.1211952Z ✔ a capture with no bytes and no reason is still recorded with the donor defaults (0.2519ms)
gateway-web	Run node city/test-all.mjs	2026-10-07T03:21:20.1212266Z ✔ the donor vocabulary is eight signals, in order (2.4347ms)
gateway-web	Run node city/test-all.mjs	2026-10-07T03:21:20.1212656Z ✔ the donor aliases map every hyphenated name, including "animation" (0.238ms)
gateway-web	Run node city/test-all.mjs	2026-10-07T03:21:20.1213035Z ✔ normalizeSignals starts from every signal false and accumulates unknown names (0.3687ms)
gateway-web	Run node city/test-all.mjs	2026-10-07T03:21:20.1213470Z ✔ normalizeSignals accepts the hyphenated array recovery emits, canonical names and unknowns (0.2346ms)
gateway-web	Run node city/test-all.mjs	2026-10-07T03:21:20.1213919Z ✔ normalizeSignals accepts an object, including a mixed one, and only reports truthy unknowns (0.1823ms)
gateway-web	Run node city/test-all.mjs	2026-10-07T03:21:20.1214311Z ✔ the dynamic cooldown starts at the base and adds one step per active signal (0.4008ms)
gateway-web	Run node city/test-all.mjs	2026-10-07T03:21:20.1214760Z ✔ the dynamic cooldown climbs in the donor signal order and stops at the soft ceiling (0.1664ms)
gateway-web	Run node city/test-all.mjs	2026-10-07T03:21:20.1215122Z ✔ a pending navigation jumps the cooldown to the navigation budget (0.1877ms)
gateway-web	Run node city/test-all.mjs	2026-10-07T03:21:20.1215479Z ✔ the escalate flag uses the hard ceiling, and the injected limits are honoured (0.3149ms)
gateway-web	Run node city/test-all.mjs	2026-10-07T03:21:20.1215851Z ✔ signalInputs turns a signal set into the cooldown input, carrying the reasons (0.3676ms)
gateway-web	Run node city/test-all.mjs	2026-10-07T03:21:20.1216185Z ✔ stabilitySignals reports the donor reasons, and only them (0.3272ms)
gateway-web	Run node city/test-all.mjs	2026-10-07T03:21:20.1216502Z ✔ detectSignals expands the same reasons into the named vocabulary (0.2744ms)
gateway-web	Run node city/test-all.mjs	2026-10-07T03:21:20.1216894Z ✔ postActionSignals reads only the receipt and the two observations (0.2749ms)
gateway-web	Run node city/test-all.mjs	2026-10-07T03:21:20.1217239Z ✔ settle returns stable on the first observation when nothing is moving (0.6297ms)
gateway-web	Run node city/test-all.mjs	2026-10-07T03:21:20.1217568Z ✔ settle spends the bounded minimum before the first observation (0.2066ms)
gateway-web	Run node city/test-all.mjs	2026-10-07T03:21:20.1217878Z ✔ settle clamps a minimum above the ceiling to the ceiling (0.2107ms)
gateway-web	Run node city/test-all.mjs	2026-10-07T03:21:20.1218198Z ✔ settle answers reobserve for a stale target and for one that vanished (0.3244ms)
gateway-web	Run node city/test-all.mjs	2026-10-07T03:21:20.1218589Z ✔ settle reports the donor `updated` verdict when the refreshed coordinate is the only change (0.405ms)
gateway-web	Run node city/test-all.mjs	2026-10-07T03:21:20.1218998Z ✔ settle answers wait_state when the ceiling is reached while the UI keeps changing (0.231ms)
gateway-web	Run node city/test-all.mjs	2026-10-07T03:21:20.1219363Z ✔ settle merges the caller-carried signals into every cooldown it spends (0.1639ms)
gateway-web	Run node city/test-all.mjs	2026-10-07T03:21:20.1219702Z ✔ waitFor polls until the condition holds and reports what it saw (0.2329ms)
gateway-web	Run node city/test-all.mjs	2026-10-07T03:21:20.1220136Z ✔ waitFor times out at its ceiling and is bounded, not unbounded (0.147ms)
gateway-web	Run node city/test-all.mjs	2026-10-07T03:21:20.1220501Z ✔ grace is bounded by the grace ceiling and reflects the action budget (0.2405ms)
gateway-web	Run node city/test-all.mjs	2026-10-07T03:21:20.1220906Z ✔ afterAction returns quiet once the minimum is spent and nothing is pending (0.364ms)
gateway-web	Run node city/test-all.mjs	2026-10-07T03:21:20.1221236Z ✔ afterAction ends the moment the effect is observable (0.2505ms)
gateway-web	Run node city/test-all.mjs	2026-10-07T03:21:20.1221561Z ✔ afterAction is bounded by the grace ceiling when the world never settles (0.2312ms)
gateway-web	Run node city/test-all.mjs	2026-10-07T03:21:20.1221895Z ✔ afterAction ignores a landed check that throws, as the donor does (0.2346ms)
gateway-web	Run node city/test-all.mjs	2026-10-07T03:21:20.1222189Z ✔ the trace holds the most recent notes and is bounded (0.3358ms)
gateway-web	Run node city/test-all.mjs	2026-10-07T03:21:20.1222500Z ✔ the stabilizer exposes the donor limits, thresholds and vocabulary (0.1441ms)
gateway-web	Run node city/test-all.mjs	2026-10-07T03:21:20.1222823Z ✔ the default clock is deterministic and never reads a wall clock (0.5016ms)
gateway-web	Run node city/test-all.mjs	2026-10-07T03:21:20.1223114Z ✔ the injected thresholds drive the settle verdicts (0.2884ms)
gateway-web	Run node city/test-all.mjs	2026-10-07T03:21:20.1223442Z ✔ the donor ladder is eight rungs, in order, each with its exact description (1.8514ms)
gateway-web	Run node city/test-all.mjs	2026-10-07T03:21:20.1223779Z ✔ the donor thresholds are 3 consecutive actions and 2 recoveries (0.2882ms)
gateway-web	Run node city/test-all.mjs	2026-10-07T03:21:20.1224145Z ✔ the stall fires exactly at the third consecutive action without progress, not before (0.3416ms)
gateway-web	Run node city/test-all.mjs	2026-10-07T03:21:20.1224499Z ✔ a meaningful change resets the streak and clears stalledSince (0.188ms)
gateway-web	Run node city/test-all.mjs	2026-10-07T03:21:20.1224819Z ✔ an explicit meaningful flag overrides changed, in both directions (0.2049ms)
gateway-web	Run node city/test-all.mjs	2026-10-07T03:21:20.1225226Z ✔ a changed signature is progress even with no meaningful change, but only once a signature is known (0.1814ms)
gateway-web	Run node city/test-all.mjs	2026-10-07T03:21:20.1225597Z ✔ the record shape is the donor shape, with its own defaults (0.2242ms)
gateway-web	Run node city/test-all.mjs	2026-10-07T03:21:20.1225921Z ✔ the detector accepts injected thresholds and thresholds them exactly (0.2134ms)
gateway-web	Run node city/test-all.mjs	2026-10-07T03:21:20.1226246Z ✔ every recovery is counted and the ladder ends at maxRecoveries (0.574ms)
gateway-web	Run node city/test-all.mjs	2026-10-07T03:21:20.1226586Z ✔ reset clears the streak and the signature but keeps the recovery count (0.3495ms)
gateway-web	Run node city/test-all.mjs	2026-10-07T03:21:20.1226906Z ✔ history is a bounded copy: 250 records keep the newest 200 (1.2181ms)
gateway-web	Run node city/test-all.mjs	2026-10-07T03:21:20.1227198Z ✔ the default clock is deterministic: no wall clock is read (0.1481ms)
gateway-web	Run node city/test-all.mjs	2026-10-07T03:21:20.1227569Z ✔ the donor machine is fifteen states and two terminal states (1.7663ms)
gateway-web	Run node city/test-all.mjs	2026-10-07T03:21:20.1227890Z ✔ the transition table is the donor table, edge for edge and in order (0.4787ms)
gateway-web	Run node city/test-all.mjs	2026-10-07T03:21:20.1228256Z ✔ every ordered state pair is exactly as legal as CU_TRANSITIONS says (4.0608ms)
gateway-web	Run node city/test-all.mjs	2026-10-07T03:21:20.1228854Z ✔ an unknown state is STATE_INVALID from canTransition, transition and force (0.4867ms)
gateway-web	Run node city/test-all.mjs	2026-10-07T03:21:20.1229185Z ✔ an unknown initial state is STATE_INVALID and names the state (0.2971ms)
gateway-web	Run node city/test-all.mjs	2026-10-07T03:21:20.1229505Z ✔ force bypasses the edge table but is labelled forced in the history (0.2799ms)
gateway-web	Run node city/test-all.mjs	2026-10-07T03:21:20.1230863Z ✔ isTerminal is true only for COMPLETED and FAILED (0.2987ms)
gateway-web	Run node city/test-all.mjs	2026-10-07T03:21:20.1231208Z ✔ the reason carried into a transition is the previous meta reason when meta omits one (0.2272ms)
gateway-web	Run node city/test-all.mjs	2026-10-07T03:21:20.1231558Z ✔ a transition listener sees the edge and can never break the run (0.3376ms)
gateway-web	Run node city/test-all.mjs	2026-10-07T03:21:20.1231844Z ✔ path, previous, reset and the history copy (0.3745ms)
gateway-web	Run node city/test-all.mjs	2026-10-07T03:21:20.1232089Z ✔ a custom initial state starts the path there (0.1716ms)
gateway-web	Run node city/test-all.mjs	2026-10-07T03:21:20.1232344Z ✔ the default clock is a deterministic step clock (0.1121ms)
gateway-web	Run node city/test-all.mjs	2026-10-07T03:21:20.1232711Z ✔ the action type set, expected-effect and parameter vocabularies are exactly the donor lists (2.7952ms)
gateway-web	Run node city/test-all.mjs	2026-10-07T03:21:20.1233124Z ✔ a bare action type and the documented envelope both normalize to one action object (1.2578ms)
gateway-web	Run node city/test-all.mjs	2026-10-07T03:21:20.1233510Z ✔ unsupported and non-object actions fail with the donor ACTION_INVALID shape (1.4951ms)
gateway-web	Run node city/test-all.mjs	2026-10-07T03:21:20.1233986Z ✔ parameters are collected in donor order, with keys/args coercion and the raw timeout kept alongside the resolved one (0.4873ms)
gateway-web	Run node city/test-all.mjs	2026-10-07T03:21:20.1234368Z ✔ preconditions default to the donor tri-state (0.26ms)
gateway-web	Run node city/test-all.mjs	2026-10-07T03:21:20.1234680Z ✔ stabilization is clamped into the donor band and rejects an inverted window (0.4589ms)
gateway-web	Run node city/test-all.mjs	2026-10-07T03:21:20.1235047Z ✔ expected effects normalize into one closed shape and reject unknown keys (0.7432ms)
gateway-web	Run node city/test-all.mjs	2026-10-07T03:21:20.1235396Z ✔ retry budgets clamp to the donor 0..5 attempt window without rounding (0.2188ms)
gateway-web	Run node city/test-all.mjs	2026-10-07T03:21:20.1235740Z ✔ destructive is normalized into the donor kind list, defaulting to DELETE (0.4307ms)
gateway-web	Run node city/test-all.mjs	2026-10-07T03:21:20.1236088Z ✔ validation rejects an action that is missing the thing it must act on (0.7766ms)
gateway-web	Run node city/test-all.mjs	2026-10-07T03:21:20.1236533Z ✔ the donor `any` fallback to the resolved target lets a DOM_TYPE through without text (preserved donor defect) (0.2666ms)
gateway-web	Run node city/test-all.mjs	2026-10-07T03:21:20.1236932Z ✔ requiresTarget is the donor action list plus any resolved target (0.372ms)
gateway-web	Run node city/test-all.mjs	2026-10-07T03:21:20.1237321Z ✔ describeAction is log-safe: targets labelled, secrets redacted, long payloads truncated (0.485ms)
gateway-web	Run node city/test-all.mjs	2026-10-07T03:21:20.1237751Z ✔ destructiveKinds derives DELETE/FORMAT/INSTALL/PUBLISH from structured and shell actions (0.6433ms)
gateway-web	Run node city/test-all.mjs	2026-10-07T03:21:20.1238161Z ✔ the target ladder vocabulary is the donor list, cheapest and most stable first (0.1694ms)
gateway-web	Run node city/test-all.mjs	2026-10-07T03:21:20.1238556Z ✔ normalizeTarget accepts the donor shapes and records kinds, rank and primaryKind (0.9558ms)
gateway-web	Run node city/test-all.mjs	2026-10-07T03:21:20.1238947Z ✔ the donor reads a bare lowercase word as a CSS selector (preserved donor defect) (0.1827ms)
gateway-web	Run node city/test-all.mjs	2026-10-07T03:21:20.1239336Z ✔ normalizeTarget rejects malformed targets with the donor TARGET_INVALID messages (0.5737ms)
gateway-web	Run node city/test-all.mjs	2026-10-07T03:21:20.1239711Z ✔ describeTarget labels the target the way the execution log reads it (0.1395ms)
gateway-web	Run node city/test-all.mjs	2026-10-07T03:21:20.1240044Z ✔ a minimal contract is the donor default document, field for field (2.3156ms)
gateway-web	Run node city/test-all.mjs	2026-10-07T03:21:20.1240335Z ✔ a contract must be an object and must carry a goal (1.5031ms)
gateway-web	Run node city/test-all.mjs	2026-10-07T03:21:20.1240647Z ✔ capabilities are a closed vocabulary: deduplicated, never guessed (0.551ms)
gateway-web	Run node city/test-all.mjs	2026-10-07T03:21:20.1241021Z ✔ the destructive mode is a closed vocabulary that fails loud instead of defaulting open (0.3409ms)
gateway-web	Run node city/test-all.mjs	2026-10-07T03:21:20.1241539Z ✔ safety posture keeps the donor defaults and normalizes forbidden targets through the target model (0.8204ms)
gateway-web	Run node city/test-all.mjs	2026-10-07T03:21:20.1241955Z ✔ limits are clamped to the donor windows and fall back to the effective options (0.2666ms)
gateway-web	Run node city/test-all.mjs	2026-10-07T03:21:20.1242351Z ✔ vision retention is a closed vocabulary and screenshot ceilings keep the donor defaults (0.3731ms)
gateway-web	Run node city/test-all.mjs	2026-10-07T03:21:20.1242702Z ✔ autonomy is opt-in and the workspace never invents a cwd (0.3415ms)
gateway-web	Run node city/test-all.mjs	2026-10-07T03:21:20.1243057Z ✔ success criteria are normalized up front, so a bad criterion fails at contract time (0.5085ms)
gateway-web	Run node city/test-all.mjs	2026-10-07T03:21:20.1243488Z ✔ plan steps are normalized into donor envelopes and invalid actions are wrapped as PLAN_INVALID (1.5397ms)
gateway-web	Run node city/test-all.mjs	2026-10-07T03:21:20.1244000Z ✔ the donor plan step keeps the contract retry limit out of its actions (preserved donor defect) (0.2459ms)
gateway-web	Run node city/test-all.mjs	2026-10-07T03:21:20.1244388Z ✔ capability assertion fails closed with the donor codes and messages (0.3717ms)
gateway-web	Run node city/test-all.mjs	2026-10-07T03:21:20.1244742Z ✔ declared destructive kinds are filtered against the closed donor families (0.2609ms)
gateway-web	Run node city/test-all.mjs	2026-10-07T03:21:20.1245096Z ✔ describeContract is a log-safe summary, never the plan payload (0.324ms)
gateway-web	Run node city/test-all.mjs	2026-10-07T03:21:20.1245463Z ✔ the resolved config block is an explicit parameter, replacing the donor file read (0.2209ms)
gateway-web	Run node city/test-all.mjs	2026-10-07T03:21:20.1245807Z ✔ the action surface is the donor closed list, in donor order (1.7767ms)
gateway-web	Run node city/test-all.mjs	2026-10-07T03:21:20.1246147Z ✔ capability routing covers every action and uses the donor capability names (0.1649ms)
gateway-web	Run node city/test-all.mjs	2026-10-07T03:21:20.1246519Z ✔ the route ladder is cheapest-first and the controller map is the donor map (0.1295ms)
gateway-web	Run node city/test-all.mjs	2026-10-07T03:21:20.1246897Z ✔ the state machine, its transitions and its terminal states are the donor lists (0.2414ms)
gateway-web	Run node city/test-all.mjs	2026-10-07T03:21:20.1247264Z ✔ verification kinds, verdicts and screenshot levels are the donor values (0.1686ms)
gateway-web	Run node city/test-all.mjs	2026-10-07T03:21:20.1247687Z ✔ capabilities, destructive kinds/modes, retention, step results and run status are the donor lists (0.1294ms)
gateway-web	Run node city/test-all.mjs	2026-10-07T03:21:20.1248111Z ✔ timing, movement, stall, retry and contract defaults keep the donor thresholds (0.1598ms)
gateway-web	Run node city/test-all.mjs	2026-10-07T03:21:20.1248684Z ✔ resolveComputerUseOptions with no config block is exactly the donor default resolution (0.5881ms)
gateway-web	Run node city/test-all.mjs	2026-10-07T03:21:20.1249082Z ✔ the config block is the middle layer: defaults, then block, then overrides (0.3424ms)
gateway-web	Run node city/test-all.mjs	2026-10-07T03:21:20.1249446Z ✔ positive limits accept integers only and otherwise keep the shipped default (0.4926ms)
gateway-web	Run node city/test-all.mjs	2026-10-07T03:21:20.1249826Z ✔ an unknown destructive mode falls back to confirm instead of widening the gate (0.2565ms)
gateway-web	Run node city/test-all.mjs	2026-10-07T03:21:20.1250390Z ✔ capability lists are filtered without de-duplication, and a non-array keeps the shipped list by identity (1.8547ms)
gateway-web	Run node city/test-all.mjs	2026-10-07T03:21:20.1250773Z ✔ the filesystem escape hatches are strict booleans (0.1663ms)
gateway-web	Run node city/test-all.mjs	2026-10-07T03:21:20.1251061Z ✔ timing values are rounded and clamped into the donor bands (0.1914ms)
gateway-web	Run node city/test-all.mjs	2026-10-07T03:21:20.1251413Z ✔ target movement is copied unsmoothed, and a null override reads as 0 (donor quirk) (0.1379ms)
gateway-web	Run node city/test-all.mjs	2026-10-07T03:21:20.1251796Z ✔ the stall threshold comes from the config block, never from a zero override (0.1327ms)
gateway-web	Run node city/test-all.mjs	2026-10-07T03:21:20.1252165Z ✔ a null config block still throws the donor TypeError (preserved donor defect) (0.6948ms)
gateway-web	Run node city/test-all.mjs	2026-10-07T03:21:20.1252514Z ✔ the criterion vocabulary is the donor closed list, in donor order (1.7127ms)
gateway-web	Run node city/test-all.mjs	2026-10-07T03:21:20.1252895Z ✔ a bare string is a custom criterion, normalized criteria carry kindAlias and a description (0.3599ms)
gateway-web	Run node city/test-all.mjs	2026-10-07T03:21:20.1253349Z ✔ the donor alias only applies to `type`, so `kind: "file"` survives unexpanded (preserved donor defect) (0.5327ms)
gateway-web	Run node city/test-all.mjs	2026-10-07T03:21:20.1253733Z ✔ an object criterion must be plain and must name a supported kind (0.802ms)
gateway-web	Run node city/test-all.mjs	2026-10-07T03:21:20.1254081Z ✔ negation is coerced to a boolean and only stored when the author wrote it (0.2414ms)
gateway-web	Run node city/test-all.mjs	2026-10-07T03:21:20.1254395Z ✔ all/any nest their criteria and refuse an empty list (0.7019ms)
gateway-web	Run node city/test-all.mjs	2026-10-07T03:21:20.1254862Z ✔ the donor describes an `of`-shaped all/any before it expands it, so it crashes (preserved donor defect) (0.9374ms)
gateway-web	Run node city/test-all.mjs	2026-10-07T03:21:20.1255250Z ✔ normalizeCriteria accepts a list, a single entry, or nothing (0.4409ms)
gateway-web	Run node city/test-all.mjs	2026-10-07T03:21:20.1255553Z ✔ every criterion kind has the donor description string (0.5011ms)
gateway-web	Run node city/test-all.mjs	2026-10-07T03:21:20.1255847Z ✔ evaluation is per-kind and reads only the injected facts (2.7349ms)
gateway-web	Run node city/test-all.mjs	2026-10-07T03:21:20.1256192Z ✔ missing evidence is unknown, never true, and the result shape is the donor shape (0.3619ms)
gateway-web	Run node city/test-all.mjs	2026-10-07T03:21:20.1256550Z ✔ negate flips a known verdict and leaves an unknown verdict unknown (0.1384ms)
gateway-web	Run node city/test-all.mjs	2026-10-07T03:21:20.1256881Z ✔ all/any combine child verdicts with the donor three-valued rules (0.3419ms)
gateway-web	Run node city/test-all.mjs	2026-10-07T03:21:20.1257293Z ✔ a custom criterion consults the custom fact or the named check function (0.1151ms)
gateway-web	Run node city/test-all.mjs	2026-10-07T03:21:20.1257642Z ✔ no criteria means satisfied and skipped — the donor completion rule (0.1316ms)
gateway-web	Run node city/test-all.mjs	2026-10-07T03:21:20.1258033Z ✔ evaluateCriteria reports per-criterion results and treats unknown as not satisfied (0.2172ms)
gateway-web	Run node city/test-all.mjs	2026-10-07T03:21:20.1258490Z ✔ an already-normalized array is used as-is, so a raw object keeps its raw kind (preserved donor defect) (0.0833ms)
gateway-web	Run node city/test-all.mjs	2026-10-07T03:21:20.1258884Z ✔ CODES holds every donor member, in donor order, with the donor values (2.9333ms)
gateway-web	Run node city/test-all.mjs	2026-10-07T03:21:20.1259020Z ✔ the two donor aliases stay aliases, not copies (0.1809ms)
gateway-web	Run node city/test-all.mjs	2026-10-07T03:21:20.1259168Z ✔ defaultRetryable is the donor table and nothing wider (0.4721ms)
gateway-web	Run node city/test-all.mjs	2026-10-07T03:21:20.1259381Z ✔ ComputerUseError carries code, message, details, retryability and fault boundary (0.9087ms)
gateway-web	Run node city/test-all.mjs	2026-10-07T03:21:20.1259561Z ✔ the message falls back to the code, and empty fault fields become null (0.177ms)
gateway-web	Run node city/test-all.mjs	2026-10-07T03:21:20.1259759Z ✔ an explicit retryable detail wins over the default table, coerced to boolean (0.19ms)
gateway-web	Run node city/test-all.mjs	2026-10-07T03:21:20.1259927Z ✔ toJSON is the log shape, with details redacted and no extra keys (0.3748ms)
gateway-web	Run node city/test-all.mjs	2026-10-07T03:21:20.1260114Z ✔ redaction matches the donor key pattern, recursively, and only on keys (0.4482ms)
gateway-web	Run node city/test-all.mjs	2026-10-07T03:21:20.1260351Z ✔ redaction turns any non-plain object into its enumerable entries (preserved donor defect) (0.3558ms)
gateway-web	Run node city/test-all.mjs	2026-10-07T03:21:20.1260470Z ✔ fail() is the donor constructor shorthand (0.3573ms)
gateway-web	Run node city/test-all.mjs	2026-10-07T03:21:20.1260672Z ✔ every module is pure ESM: no fs, network, clock, randomness, env, cwd or require (9.1525ms)
gateway-web	Run node city/test-all.mjs	2026-10-07T03:21:20.1260837Z ✔ every JSDoc header names its donor file and the frozen commit (3.5106ms)
gateway-web	Run node city/test-all.mjs	2026-10-07T03:21:20.1260991Z ✔ the barrel exposes exactly the donor-derived public surface (0.8889ms)
gateway-web	Run node city/test-all.mjs	2026-10-07T03:21:20.1261152Z ✔ the DONOR.json record matches the manifest assignment exactly (4.3332ms)
gateway-web	Run node city/test-all.mjs	2026-10-07T03:21:20.1261387Z ✔ a contract built through the barrel composes with criteria evaluation and typed failures (3.5562ms)
gateway-web	Run node city/test-all.mjs	2026-10-07T03:21:20.1261588Z ✔ the options resolver is reachable from the barrel and honours an explicit block (0.3159ms)
gateway-web	Run node city/test-all.mjs	2026-10-07T03:21:20.1261774Z ✔ the grade and risk vocabularies and their orders are the donor ones (3.1118ms)
gateway-web	Run node city/test-all.mjs	2026-10-07T03:21:20.1261915Z ✔ the risk action sets are the donor lists, in order (0.2399ms)
gateway-web	Run node city/test-all.mjs	2026-10-07T03:21:20.1262069Z ✔ no action may be in both the high-risk and the low-risk list (0.1444ms)
gateway-web	Run node city/test-all.mjs	2026-10-07T03:21:20.1262236Z ✔ classifyRisk with no action is standard with the donor reason (0.2998ms)
gateway-web	Run node city/test-all.mjs	2026-10-07T03:21:20.1262362Z ✔ classifyRisk grades a low-risk action low (1.8464ms)
gateway-web	Run node city/test-all.mjs	2026-10-07T03:21:20.1262490Z ✔ classifyRisk grades a named side effect high (0.2408ms)
gateway-web	Run node city/test-all.mjs	2026-10-07T03:21:20.1262676Z ✔ classifyRisk grades an interactive desktop or browser action standard (0.181ms)
gateway-web	Run node city/test-all.mjs	2026-10-07T03:21:20.1262840Z ✔ a declared destructive kind is critical whatever the type is (0.2256ms)
gateway-web	Run node city/test-all.mjs	2026-10-07T03:21:20.1263083Z ✔ a destructive array is filtered to the donor vocabulary, and an empty one does not raise the risk (1.372ms)
gateway-web	Run node city/test-all.mjs	2026-10-07T03:21:20.1263269Z ✔ destructive:true raises the risk on its own and records the donor reason (0.2897ms)
gateway-web	Run node city/test-all.mjs	2026-10-07T03:21:20.1263511Z ✔ a destructive description or target name raises the risk to critical (0.2032ms)
gateway-web	Run node city/test-all.mjs	2026-10-07T03:21:20.1263724Z ✔ the donor keyword table is scanned in order and every field of the target is searched (0.2334ms)
gateway-web	Run node city/test-all.mjs	2026-10-07T03:21:20.1263914Z ✔ the declared kinds and the keyword reason are recorded together, kinds last (0.1096ms)
gateway-web	Run node city/test-all.mjs	2026-10-07T03:21:20.1264050Z ✔ a keyword boundary needs a non-letter on each side (0.3718ms)
gateway-web	Run node city/test-all.mjs	2026-10-07T03:21:20.1264253Z ✔ a modal dismissal is low risk even when its own text names a destructive effect (0.1277ms)
gateway-web	Run node city/test-all.mjs	2026-10-07T03:21:20.1264417Z ✔ gradeEvidence refuses to grade anything that did not succeed (0.2837ms)
gateway-web	Run node city/test-all.mjs	2026-10-07T03:21:20.1264662Z ✔ a controller-declared strength wins, and the strongest entry is taken (0.1899ms)
gateway-web	Run node city/test-all.mjs	2026-10-07T03:21:20.1264847Z ✔ a single unrecognised declared strength discards the whole declaration (0.1014ms)
gateway-web	Run node city/test-all.mjs	2026-10-07T03:21:20.1265033Z ✔ the specific verification kinds grade strong and carry the donor reason (0.1903ms)
gateway-web	Run node city/test-all.mjs	2026-10-07T03:21:20.1265175Z ✔ state, focus and visual observations grade medium (0.1453ms)
gateway-web	Run node city/test-all.mjs	2026-10-07T03:21:20.1265340Z ✔ a declared expected effect that held upgrades the observation (0.1658ms)
gateway-web	Run node city/test-all.mjs	2026-10-07T03:21:20.1265525Z ✔ the declared effect is read from the action when the input does not say (0.1157ms)
gateway-web	Run node city/test-all.mjs	2026-10-07T03:21:20.1265637Z ✔ a bare change detection grades weak (0.0909ms)
gateway-web	Run node city/test-all.mjs	2026-10-07T03:21:20.1265780Z ✔ an unknown or absent verification kind grades weak (0.1343ms)
gateway-web	Run node city/test-all.mjs	2026-10-07T03:21:20.1266823Z ✔ a strong kind outranks a declared strength because it is checked first only when no entry declares one (0.0865ms)
gateway-web	Run node city/test-all.mjs	2026-10-07T03:21:20.1267187Z ✔ assess fails immediately when the verdict is not success, whatever the risk (0.2667ms)
gateway-web	Run node city/test-all.mjs	2026-10-07T03:21:20.1267344Z ✔ a low-risk action clears the bar with weak evidence (0.1104ms)
gateway-web	Run node city/test-all.mjs	2026-10-07T03:21:20.1267560Z ✔ a standard-risk action needs medium evidence: just below fails, just above passes (0.1342ms)
gateway-web	Run node city/test-all.mjs	2026-10-07T03:21:20.1267902Z ✔ a high-risk action needs strong evidence: just below fails, just above passes (0.1724ms)
gateway-web	Run node city/test-all.mjs	2026-10-07T03:21:20.1268109Z ✔ a critical action without a declared effect is refused even with strong evidence (0.1155ms)
gateway-web	Run node city/test-all.mjs	2026-10-07T03:21:20.1268312Z ✔ a critical action clears the bar only with strong evidence and a declared effect (0.1788ms)
gateway-web	Run node city/test-all.mjs	2026-10-07T03:21:20.1268505Z ✔ the risk bar is not satisfied by a higher risk alone: the grade must reach it (0.1977ms)
gateway-web	Run node city/test-all.mjs	2026-10-07T03:21:20.1268736Z ✔ FILE_DELETE is high risk, not critical: it is not in the keyword table and declares no kinds (0.3499ms)
gateway-web	Run node city/test-all.mjs	2026-10-07T03:21:20.1268938Z ✔ a modal dismissal is the one critical-risk exemption from declaring an effect (0.163ms)
gateway-web	Run node city/test-all.mjs	2026-10-07T03:21:20.1269159Z ✔ an explicit declaredEffect argument satisfies the critical declaration requirement (0.1709ms)
gateway-web	Run node city/test-all.mjs	2026-10-07T03:21:20.1269329Z ✔ assess concatenates the grade reasons before the risk reasons (0.0683ms)
gateway-web	Run node city/test-all.mjs	2026-10-07T03:21:20.1269552Z ✔ a critical-risk action is only reached through a declared kind, a true flag or a keyword (0.1242ms)
gateway-web	Run node city/test-all.mjs	2026-10-07T03:21:20.1269742Z ✔ classifyControl follows the donor table order for every label branch (3.1028ms)
gateway-web	Run node city/test-all.mjs	2026-10-07T03:21:20.1269931Z ✔ classifyControl trims its input, and non-string labels are stringified (0.9286ms)
gateway-web	Run node city/test-all.mjs	2026-10-07T03:21:20.1270103Z ✔ the destructive table wins over every later table for the same label (0.1687ms)
gateway-web	Run node city/test-all.mjs	2026-10-07T03:21:20.1270256Z ✔ the donor reasons for one label of each class are exact (0.3878ms)
gateway-web	Run node city/test-all.mjs	2026-10-07T03:21:20.1270396Z ✔ the label tables are the donor tables, entry by entry (0.46ms)
gateway-web	Run node city/test-all.mjs	2026-10-07T03:21:20.1270560Z ✔ classifyModal classifies every control and counts the classes (1.4269ms)
gateway-web	Run node city/test-all.mjs	2026-10-07T03:21:20.1270760Z ✔ classifyModal falls back to name/text for the label and null for absent fields (0.1908ms)
gateway-web	Run node city/test-all.mjs	2026-10-07T03:21:20.1270975Z ✔ a destructive message is recognised from message or text, first table entry first (0.0901ms)
gateway-web	Run node city/test-all.mjs	2026-10-07T03:21:20.1271143Z ✔ a dialog with no controls asks the user and carries the message kind (0.4525ms)
gateway-web	Run node city/test-all.mjs	2026-10-07T03:21:20.1271428Z ✔ a safe dismissal is always preferred, even beside a destructive control (1.5674ms)
gateway-web	Run node city/test-all.mjs	2026-10-07T03:21:20.1271622Z ✔ a forbidden contract refuses a destructive confirmation and names the kinds (0.2227ms)
gateway-web	Run node city/test-all.mjs	2026-10-07T03:21:20.1271799Z ✔ a destructive control without a declared matching effect asks the user (0.1123ms)
gateway-web	Run node city/test-all.mjs	2026-10-07T03:21:20.1271967Z ✔ a matched effect but no safety authorization still asks the user (0.148ms)
gateway-web	Run node city/test-all.mjs	2026-10-07T03:21:20.1272159Z ✔ all three conditions together authorize pressing the destructive control (0.1781ms)
gateway-web	Run node city/test-all.mjs	2026-10-07T03:21:20.1272430Z ✔ the kind set is the action kinds, then the control kinds, then the message kind, and the reason lists them all (0.2302ms)
gateway-web	Run node city/test-all.mjs	2026-10-07T03:21:20.1272708Z ✔ a positive confirmation needs a declared effect or a declared destructive kind (0.1705ms)
gateway-web	Run node city/test-all.mjs	2026-10-07T03:21:20.1272906Z ✔ a positive confirmation is reached only after the destructive and safe tables (0.0924ms)
gateway-web	Run node city/test-all.mjs	2026-10-07T03:21:20.1273076Z ✔ an acknowledgement is pressed only when the dialog is harmless (0.4838ms)
gateway-web	Run node city/test-all.mjs	2026-10-07T03:21:20.1273252Z ✔ an unclassifiable dialog asks the user and lists the labels it saw (0.1914ms)
gateway-web	Run node city/test-all.mjs	2026-10-07T03:21:20.1273440Z ✔ destructiveAllowed allows everything except an explicit forbidden mode (0.1083ms)
gateway-web	Run node city/test-all.mjs	2026-10-07T03:21:20.1273574Z ✔ isDestructiveKind is the donor vocabulary check (0.1229ms)
gateway-web	Run node city/test-all.mjs	2026-10-07T03:21:20.1273783Z ✔ planModal classifies candidates, drops disabled ones and reports the chosen ref (0.2248ms)
gateway-web	Run node city/test-all.mjs	2026-10-07T03:21:20.1273951Z ✔ planModal on an empty input asks the user with the donor reason (0.1413ms)
gateway-web	Run node city/test-all.mjs	2026-10-07T03:21:20.1274133Z ✔ planModal drops every disabled control and reports the surface it chose (0.2103ms)
gateway-web	Run node city/test-all.mjs	2026-10-07T03:21:20.1274373Z ✔ planModal forwards its context, so the destructive decision still needs all three conditions (0.1717ms)
gateway-web	Run node city/test-all.mjs	2026-10-07T03:21:20.1274541Z ✔ CHANNEL_PLANS is the donor plan table, action type by action type (2.0777ms)
gateway-web	Run node city/test-all.mjs	2026-10-07T03:21:20.1274730Z ✔ every plan channel has a capability and a controller, exactly as declared (0.3041ms)
gateway-web	Run node city/test-all.mjs	2026-10-07T03:21:20.1274901Z ✔ fallbackChannels returns a copy, never the frozen plan itself (0.1229ms)
gateway-web	Run node city/test-all.mjs	2026-10-07T03:21:20.1275109Z ✔ channelRank is the index in the donor cost ladder, and the ladder length when unknown (0.1025ms)
gateway-web	Run node city/test-all.mjs	2026-10-07T03:21:20.1275265Z ✔ isBrowserAction matches only BROWSER_ and DOM_ prefixes (0.1198ms)
gateway-web	Run node city/test-all.mjs	2026-10-07T03:21:20.1275433Z ✔ an unknown action type is refused with the donor reason and code (0.3101ms)
gateway-web	Run node city/test-all.mjs	2026-10-07T03:21:20.1275628Z ✔ CLICK resolves to the DOM with the donor reason and an ordered alternative list (0.3934ms)
gateway-web	Run node city/test-all.mjs	2026-10-07T03:21:20.1275836Z ✔ a contract that withholds the winning capability records the refusal and moves on (0.1889ms)
gateway-web	Run node city/test-all.mjs	2026-10-07T03:21:20.1276040Z ✔ an unavailable controller is described with the donor label and host reason (1.2854ms)
gateway-web	Run node city/test-all.mjs	2026-10-07T03:21:20.1276245Z ✔ pageReady is not consulted on the api channel: a navigation still routes to the api (0.324ms)
gateway-web	Run node city/test-all.mjs	2026-10-07T03:21:20.1276437Z ✔ a channel that is available but unsuited reports the unsuitability reason (0.2847ms)
gateway-web	Run node city/test-all.mjs	2026-10-07T03:21:20.1276637Z ✔ an unavailable channel is reported before an unsuited one on the same action (0.1458ms)
gateway-web	Run node city/test-all.mjs	2026-10-07T03:21:20.1276890Z ✔ the accessibility channel accepts FOCUS without a resolved point, and CLICK is not in its plan list (0.1708ms)
gateway-web	Run node city/test-all.mjs	2026-10-07T03:21:20.1277042Z ✔ an accessibility node resolves through the ax source (0.0873ms)
gateway-web	Run node city/test-all.mjs	2026-10-07T03:21:20.1277204Z ✔ TYPE prefers the DOM, then accessibility, then coordinates (0.1616ms)
gateway-web	Run node city/test-all.mjs	2026-10-07T03:21:20.1277341Z ✔ point and vision channels carry the donor reasons (0.2656ms)
gateway-web	Run node city/test-all.mjs	2026-10-07T03:21:20.1277591Z ✔ OPEN_APP reaches the shell channel and the api channel is measured against browser availability (0.1163ms)
gateway-web	Run node city/test-all.mjs	2026-10-07T03:21:20.1277777Z ✔ availability entries are available unless explicitly set to false (0.1655ms)
gateway-web	Run node city/test-all.mjs	2026-10-07T03:21:20.1277960Z ✔ every routing reason is the donor string, reached through its own channel (0.415ms)
gateway-web	Run node city/test-all.mjs	2026-10-07T03:21:20.1278173Z ✔ TYPING_ACTIONS and POINTING_ACTIONS are the donor sets (3.6387ms)
gateway-web	Run node city/test-all.mjs	2026-10-07T03:21:20.1278336Z ✔ the destructive gate classifies a harmless action as allowed (0.5916ms)
gateway-web	Run node city/test-all.mjs	2026-10-07T03:21:20.1278556Z ✔ a destructive action with no contract falls back to confirm and records the exact reason (0.3177ms)
gateway-web	Run node city/test-all.mjs	2026-10-07T03:21:20.1278760Z ✔ a forbidden contract refuses with DESTRUCTIVE_FORBIDDEN and the exact reason (1.1997ms)
gateway-web	Run node city/test-all.mjs	2026-10-07T03:21:20.1278968Z ✔ an allowed contract lets a destructive action through with no confirmation flag (0.2363ms)
gateway-web	Run node city/test-all.mjs	2026-10-07T03:21:20.1279110Z ✔ a shell command is classified by the donor patterns (0.6991ms)
gateway-web	Run node city/test-all.mjs	2026-10-07T03:21:20.1279293Z ✔ an action that declares its own destructive kinds keeps them verbatim (0.2644ms)
gateway-web	Run node city/test-all.mjs	2026-10-07T03:21:20.1279522Z ✔ the options contract is the fallback when the call carries no contract (0.16ms)
gateway-web	Run node city/test-all.mjs	2026-10-07T03:21:20.1279791Z ✔ assertActionAllowed throws DESTRUCTIVE_NEEDS_CONFIRMATION when the host supplies no confirm callback (0.9492ms)
gateway-web	Run node city/test-all.mjs	2026-10-07T03:21:20.1280023Z ✔ assertActionAllowed throws DESTRUCTIVE_FORBIDDEN before it ever asks for confirmation (0.3995ms)
gateway-web	Run node city/test-all.mjs	2026-10-07T03:21:20.1280267Z ✔ assertActionAllowed returns the decision for a harmless action and for an already-confirmed one (0.4439ms)
gateway-web	Run node city/test-all.mjs	2026-10-07T03:21:20.1280511Z ✔ the confirmation callback path is ported but no host supplies one (unreachable by construction) (0.2457ms)
gateway-web	Run node city/test-all.mjs	2026-10-07T03:21:20.1280691Z ✔ a refused confirmation throws SAFETY_REFUSED with the donor message (0.2292ms)
gateway-web	Run node city/test-all.mjs	2026-10-07T03:21:20.1280868Z ✔ decisions() is an audit trail of every decision, with the injected clock (0.2524ms)
gateway-web	Run node city/test-all.mjs	2026-10-07T03:21:20.1281001Z ✔ checkWindow skips every non-pointing action (0.1336ms)
gateway-web	Run node city/test-all.mjs	2026-10-07T03:21:20.1281230Z ✔ checkWindow checks ACCESSIBILITY_INVOKE too even though it is not a pointing action (0.2069ms)
gateway-web	Run node city/test-all.mjs	2026-10-07T03:21:20.1281445Z ✔ checkWindow allows the expected foreground window and records its handle as a string (0.0935ms)
gateway-web	Run node city/test-all.mjs	2026-10-07T03:21:20.1281687Z ✔ an unobservable foreground refuses a coordinate click with WINDOW_MISMATCH and the donor reason (0.0905ms)
gateway-web	Run node city/test-all.mjs	2026-10-07T03:21:20.1281853Z ✔ an unobservable world refuses with the same code and reason (0.0925ms)
gateway-web	Run node city/test-all.mjs	2026-10-07T03:21:20.1282045Z ✔ a different foreground window is refused, naming the observed title and pid (0.1087ms)
gateway-web	Run node city/test-all.mjs	2026-10-07T03:21:20.1282212Z ✔ an action with no window expectation skips the foreground check (0.0661ms)
gateway-web	Run node city/test-all.mjs	2026-10-07T03:21:20.1282421Z ✔ the foreground toggle is read from the guard options, never from the call context (0.1105ms)
gateway-web	Run node city/test-all.mjs	2026-10-07T03:21:20.1282592Z ✔ assertWindowAllowed throws the window decision code and details (0.3658ms)
gateway-web	Run node city/test-all.mjs	2026-10-07T03:21:20.1282723Z ✔ checkFocus skips every non-typing action (0.312ms)
gateway-web	Run node city/test-all.mjs	2026-10-07T03:21:20.1282900Z ✔ a verified focus receipt is trusted without consulting the world (0.1626ms)
gateway-web	Run node city/test-all.mjs	2026-10-07T03:21:20.1283063Z ✔ typing with no target and no focus is refused with FOCUS_MISMATCH (0.1106ms)
gateway-web	Run node city/test-all.mjs	2026-10-07T03:21:20.1283244Z ✔ typing with no target but a focused element is allowed from the world (0.088ms)
gateway-web	Run node city/test-all.mjs	2026-10-07T03:21:20.1283412Z ✔ a targeted type with no focus is refused, naming the target (0.0802ms)
gateway-web	Run node city/test-all.mjs	2026-10-07T03:21:20.1283585Z ✔ focus on the wrong element is refused with the donor detail fields (0.2301ms)
gateway-web	Run node city/test-all.mjs	2026-10-07T03:21:20.1283744Z ✔ focus on any reference the target resolves to is accepted (0.1205ms)
gateway-web	Run node city/test-all.mjs	2026-10-07T03:21:20.1283988Z ✔ a semantic target resolves refs by name containment, and an unrelated pool cannot prove focus (0.2244ms)
gateway-web	Run node city/test-all.mjs	2026-10-07T03:21:20.1284180Z ✔ the focus toggle is honoured from the guard options, unlike the window toggle (0.1611ms)
gateway-web	Run node city/test-all.mjs	2026-10-07T03:21:20.1284378Z ✔ assertFocusAllowed throws FOCUS_MISMATCH with the focused ref in the details (0.306ms)
gateway-web	Run node city/test-all.mjs	2026-10-07T03:21:20.1284570Z ✔ inspectModals reports every open blocking dialog with the donor defaults (0.345ms)
gateway-web	Run node city/test-all.mjs	2026-10-07T03:21:20.1284759Z ✔ a dialog is blocking unless it is explicitly blocking:false or open:false (0.1622ms)
gateway-web	Run node city/test-all.mjs	2026-10-07T03:21:20.1284972Z ✔ inspectModals with no dialogs, no world and a non-list dialogs field never blocks (0.0961ms)
gateway-web	Run node city/test-all.mjs	2026-10-07T03:21:20.1285214Z ✔ assertNoBlockingModal throws MODAL_BLOCKING and joins the dialog texts (0.2269ms)
gateway-web	Run node city/test-all.mjs	2026-10-07T03:21:20.1285405Z ✔ redactAction redacts typed text, values, keys, stdin and env keys (0.5024ms)
gateway-web	Run node city/test-all.mjs	2026-10-07T03:21:20.1285590Z ✔ redactAction masks single-character keys only for a sensitive action (0.1289ms)
gateway-web	Run node city/test-all.mjs	2026-10-07T03:21:20.1285782Z ✔ redactAction redacts secret-looking parameter keys through redactDetails (0.0989ms)
gateway-web	Run node city/test-all.mjs	2026-10-07T03:21:20.1285979Z ✔ redactAction keeps a harmless action readable and leaves the input untouched (0.0667ms)
gateway-web	Run node city/test-all.mjs	2026-10-07T03:21:20.1286122Z ✔ redactText removes inline secrets and bearer tokens (0.1765ms)
gateway-web	Run node city/test-all.mjs	2026-10-07T03:21:20.1286448Z ✔ matchesWindow is the donor field-by-field comparison (0.2919ms)
gateway-web	Run node city/test-all.mjs	2026-10-07T03:21:20.1286648Z ✔ matchesWindow compares class names case-insensitively but handles exactly (0.1295ms)
gateway-web	Run node city/test-all.mjs	2026-10-07T03:21:20.1286836Z ✔ the ladder is the donor ladder: seven kinds, ranks 1..7, labels unchanged (3.6119ms)
gateway-web	Run node city/test-all.mjs	2026-10-07T03:21:20.1287013Z ✔ both target refusals are non-retryable and carry the donor fields (0.993ms)
gateway-web	Run node city/test-all.mjs	2026-10-07T03:21:20.1287199Z ✔ a string target is trimmed and split between selector and semantic text (0.3358ms)
gateway-web	Run node city/test-all.mjs	2026-10-07T03:21:20.1287362Z ✔ an empty or blank string target is refused with the donor message (0.4071ms)
gateway-web	Run node city/test-all.mjs	2026-10-07T03:21:20.1287558Z ✔ a non-string, non-object, non-array target is refused with the donor message (0.324ms)
gateway-web	Run node city/test-all.mjs	2026-10-07T03:21:20.1287885Z ✔ an object with no addressing rung is refused with the donor message and the raw target (0.439ms)
gateway-web	Run node city/test-all.mjs	2026-10-07T03:21:20.1288082Z ✔ selector, dom_selector, page/tab, ref and description survive normalization (0.452ms)
gateway-web	Run node city/test-all.mjs	2026-10-07T03:21:20.1288284Z ✔ accessibility accepts the raw spellings, the nested form and the ax alias (0.375ms)
gateway-web	Run node city/test-all.mjs	2026-10-07T03:21:20.1288510Z ✔ a name alone is not an accessibility query: it is a refusal, not a silent semantic match (0.3192ms)
gateway-web	Run node city/test-all.mjs	2026-10-07T03:21:20.1288742Z ✔ bbox accepts the x/y/width/height, left/top and w/h spellings and normalizes the order (0.5365ms)
gateway-web	Run node city/test-all.mjs	2026-10-07T03:21:20.1288923Z ✔ point accepts point, coordinate, coordinates and a bare x/y pair (0.4147ms)
gateway-web	Run node city/test-all.mjs	2026-10-07T03:21:20.1289081Z ✔ window accepts a string title or the structured reference (0.1982ms)
gateway-web	Run node city/test-all.mjs	2026-10-07T03:21:20.1289296Z ✔ visual accepts paint, template, template_path and the flat paint/template spellings (0.26ms)
gateway-web	Run node city/test-all.mjs	2026-10-07T03:21:20.1289470Z ✔ targetKinds reports every addressing mode present, best first (0.2038ms)
gateway-web	Run node city/test-all.mjs	2026-10-07T03:21:20.1289660Z ✔ a window is only a rung of its own when nothing else addresses the target (0.2095ms)
gateway-web	Run node city/test-all.mjs	2026-10-07T03:21:20.1289805Z ✔ rank is the best rung and primaryKind is that same rung (0.1464ms)
gateway-web	Run node city/test-all.mjs	2026-10-07T03:21:20.1289996Z ✔ a candidate list carries the union of its candidates kinds, best first (0.3204ms)
gateway-web	Run node city/test-all.mjs	2026-10-07T03:21:20.1290196Z ✔ describeTarget writes the donor label for every rung and never invents one (0.2234ms)
gateway-web	Run node city/test-all.mjs	2026-10-07T03:21:20.1290464Z ✔ the donor precedence of describeTarget is selector, accessibility, semantic, window, visual, bbox, point (0.1748ms)
gateway-web	Run node city/test-all.mjs	2026-10-07T03:21:20.1290619Z ✔ containsPoint is inclusive on both edges and corners (0.1207ms)
gateway-web	Run node city/test-all.mjs	2026-10-07T03:21:20.1290795Z ✔ centerOf rounds to whole pixels and distance rounds to two decimals (0.1896ms)
gateway-web	Run node city/test-all.mjs	2026-10-07T03:21:20.1291016Z ✔ rung 1: selector resolves from a resolver, from world.controls and from visibleTargets (0.4453ms)
gateway-web	Run node city/test-all.mjs	2026-10-07T03:21:20.1291246Z ✔ rung 2: accessibility resolves by ref, from the ax tree and from the page controls (0.4258ms)
gateway-web	Run node city/test-all.mjs	2026-10-07T03:21:20.1291429Z ✔ rung 3: semantic matches on the concatenated element text and on role (0.3136ms)
gateway-web	Run node city/test-all.mjs	2026-10-07T03:21:20.1291612Z ✔ rung 4: window resolves from world.windows through the donor predicate (0.3119ms)
gateway-web	Run node city/test-all.mjs	2026-10-07T03:21:20.1291836Z ✔ rung 5: bbox matches the element containing the rect centre, both edges inclusive (0.2616ms)
gateway-web	Run node city/test-all.mjs	2026-10-07T03:21:20.1292028Z ✔ rung 6: visual is never resolved from world state, only through a resolver (0.247ms)
gateway-web	Run node city/test-all.mjs	2026-10-07T03:21:20.1292296Z ✔ rung 7: point resolves inside a bbox, then falls back to a synthetic 1x1 target (0.2181ms)
gateway-web	Run node city/test-all.mjs	2026-10-07T03:21:20.1292487Z ✔ the ladder is walked in rank order and every rung is recorded until one hits (0.2157ms)
gateway-web	Run node city/test-all.mjs	2026-10-07T03:21:20.1292724Z ✔ a candidate list is the ladder written by hand: candidates first, in order, then the wrapper (0.3043ms)
gateway-web	Run node city/test-all.mjs	2026-10-07T03:21:20.1292948Z ✔ a resolver that throws degrades the ladder: the reason is recorded and the next rung runs (0.2777ms)
gateway-web	Run node city/test-all.mjs	2026-10-07T03:21:20.1293105Z ✔ an error without a code records its message as the reason (0.1906ms)
gateway-web	Run node city/test-all.mjs	2026-10-07T03:21:20.1293293Z ✔ a missing resolver function degrades to the world state instead of failing (0.26ms)
gateway-web	Run node city/test-all.mjs	2026-10-07T03:21:20.1293588Z ✔ resolved descriptors carry the donor fields, including the disabled/visible derivation (0.1482ms)
gateway-web	Run node city/test-all.mjs	2026-10-07T03:21:20.1293820Z ✔ resolveTarget refuses a missing target and reports a missing one with the donor message (0.1604ms)
gateway-web	Run node city/test-all.mjs	2026-10-07T03:21:20.1293999Z ✔ the not-found error quotes the donor label and every attempted rung (0.1048ms)
gateway-web	Run node city/test-all.mjs	2026-10-07T03:21:20.1294241Z ✔ a world is optional: an absent world is an empty one, and visibleTargets merge after controls (0.1178ms)
gateway-web	Run node city/test-all.mjs	2026-10-07T03:21:20.1294478Z ✔ matchesAccessibility: substring by default, exact on request, and each field can refuse (0.2008ms)
gateway-web	Run node city/test-all.mjs	2026-10-07T03:21:20.1294697Z ✔ matchesSemantic: text, label, placeholder, name and role, with the donor precedence (0.1342ms)
gateway-web	Run node city/test-all.mjs	2026-10-07T03:21:20.1294938Z ✔ matchesWindow: handle and processId are typed equality, className and title are substrings (0.1796ms)
gateway-web	Run node city/test-all.mjs	2026-10-07T03:21:20.1295151Z ✔ revalidate with no previous or no current resolution reports unknown and missing (0.298ms)
gateway-web	Run node city/test-all.mjs	2026-10-07T03:21:20.1295395Z ✔ revalidate re-reads the thresholds from whatever it is given, falling back to the donor values (0.2384ms)
gateway-web	Run node city/test-all.mjs	2026-10-07T03:21:20.1295556Z ✔ revalidate: just below, exactly at and just above stablePx (0.1863ms)
gateway-web	Run node city/test-all.mjs	2026-10-07T03:21:20.1295718Z ✔ revalidate: just below, exactly at and just above updatePx (0.1827ms)
gateway-web	Run node city/test-all.mjs	2026-10-07T03:21:20.1295926Z ✔ a beyond-tolerance move is stale for the reason that matches the node identity (0.0949ms)
gateway-web	Run node city/test-all.mjs	2026-10-07T03:21:20.1296129Z ✔ revalidate returns the donor shape for each verdict, with the donor key order (0.0783ms)
gateway-web	Run node city/test-all.mjs	2026-10-07T03:21:20.1296298Z ✔ revalidate uses the bbox centre when a resolution has no point (0.057ms)
gateway-web	Run node city/test-all.mjs	2026-10-07T03:21:20.1296515Z ✔ revalidate compares node identity, and a different node defaults to the donor threshold (0.0427ms)
gateway-web	Run node city/test-all.mjs	2026-10-07T03:21:20.1296710Z ✔ the different-node rule needs two real refs and follows the caller updatePx (0.0513ms)
gateway-web	Run node city/test-all.mjs	2026-10-07T03:21:20.1296945Z ✔ a resolution with the same identity but no geometry is stable; without identity it is unknown (0.0614ms)
gateway-web	Run node city/test-all.mjs	2026-10-07T03:21:20.1297217Z ✔ DEFECT 1: a semantic target that carries no text, label, name or placeholder describes itself as "undefined" (0.08ms)
gateway-web	Run node city/test-all.mjs	2026-10-07T03:21:20.1297456Z ✔ DEFECT 2: a semantic-only target with no text fields matches EVERY element the world holds (0.0741ms)
gateway-web	Run node city/test-all.mjs	2026-10-07T03:21:20.1297757Z ✔ DEFECT 3: a candidate wrapper re-walks a candidate kind with no query, and only the predicate stops a false hit (0.3011ms)
gateway-web	Run node city/test-all.mjs	2026-10-07T03:21:20.1298009Z ✔ DEFECT 4: the synthetic point box is anchored at the point, so its rounded centre is one pixel away (1.0053ms)
gateway-web	Run node city/test-all.mjs	2026-10-07T03:21:20.1298246Z ✔ DEFECT 5: window.className is equality, not a substring, while window.title is a substring (0.1324ms)
gateway-web	Run node city/test-all.mjs	2026-10-07T03:21:20.1298478Z ✔ DEFECT 6: a beyond-tolerance move without a ref anywhere is reported as a different node (0.0696ms)
gateway-web	Run node city/test-all.mjs	2026-10-07T03:21:20.1298683Z ✔ DEFECT 7: distance() propagates NaN instead of refusing a missing coordinate (0.0786ms)
gateway-web	Run node city/test-all.mjs	2026-10-07T03:21:20.1298931Z ✔ DEFECT 8: Number(null) is 0, so an explicit null threshold is treated as 0 rather than as absent (0.0816ms)
gateway-web	Run node city/test-all.mjs	2026-10-07T03:21:20.1299181Z ✔ DEFECT 9: an empty window or visual object is still a rung, because compact() keeps the container (0.2634ms)
gateway-web	Run node city/test-all.mjs	2026-10-07T03:21:20.1300067Z ✔ DEFECT 10: the flat trigger list has a typo that costs `template_path`, and page is never a rung (0.3743ms)
gateway-web	Run node city/test-all.mjs	2026-10-07T03:21:20.1300300Z ✔ DEFECT 11: a truthy non-integer accessibility index is silently dropped, and 0 is kept (0.1329ms)
gateway-web	Run node city/test-all.mjs	2026-10-07T03:21:20.1300545Z ✔ DEFECT 12: a false-named exact is still a substring match, because `exact` needs the boolean true (0.0923ms)
gateway-web	Run node city/test-all.mjs	2026-10-07T03:21:20.1300791Z ✔ DEFECT 13: buildResolved prefers an explicit disabled/visible only when that field is present (0.1378ms)
gateway-web	Run node city/test-all.mjs	2026-10-07T03:21:20.1301059Z ✔ DEFECT 14: exact-match accessibility still ignores an empty-string automationId expectation on the node (0.1185ms)
gateway-web	Run node city/test-all.mjs	2026-10-07T03:21:20.1301223Z ✔ MISS_SIGNALS is the donor list, in the donor order, frozen (2.9647ms)
gateway-web	Run node city/test-all.mjs	2026-10-07T03:21:20.1301565Z ✔ PRESERVED DONOR DEFECT: a missing observation returns a `no_observation` signal that is not in MISS_SIGNALS (0.4501ms)
gateway-web	Run node city/test-all.mjs	2026-10-07T03:21:20.1301812Z ✔ controller_reported_noop comes from a failed, retryable receipt or an explicit controller miss (1.2541ms)
gateway-web	Run node city/test-all.mjs	2026-10-07T03:21:20.1302056Z ✔ no_state_change is raised when nothing meaningful moved and the evidence did not move either (0.3759ms)
gateway-web	Run node city/test-all.mjs	2026-10-07T03:21:20.1302270Z ✔ evidence that moved suppresses no_state_change even when no meaningful field did (0.2428ms)
gateway-web	Run node city/test-all.mjs	2026-10-07T03:21:20.1302542Z ✔ a failed verification contributes expected_event_missing, focus_unchanged and control_state_unchanged (0.4147ms)
gateway-web	Run node city/test-all.mjs	2026-10-07T03:21:20.1302747Z ✔ focus_unchanged also comes from a focus action that left the focused ref alone (0.2437ms)
gateway-web	Run node city/test-all.mjs	2026-10-07T03:21:20.1302998Z ✔ active_element_unchanged is raised for a typing action and is too soft to carry a miss on its own (0.2713ms)
gateway-web	Run node city/test-all.mjs	2026-10-07T03:21:20.1303191Z ✔ visual_identical only carries a miss when the evidence did not move (0.3923ms)
gateway-web	Run node city/test-all.mjs	2026-10-07T03:21:20.1303387Z ✔ the confidence ladder is low for no signal, medium for one and high for more (0.3082ms)
gateway-web	Run node city/test-all.mjs	2026-10-07T03:21:20.1303528Z ✔ signals are reported once each, in the donor order (0.3822ms)
gateway-web	Run node city/test-all.mjs	2026-10-07T03:21:20.1303687Z ✔ detectMiss is deterministic across two identical calls (0.332ms)
gateway-web	Run node city/test-all.mjs	2026-10-07T03:21:20.1303965Z ✔ PRESERVED DONOR DEFECT: a controller without a probe() is reported unavailable even when snapshot() works (4.5164ms)
gateway-web	Run node city/test-all.mjs	2026-10-07T03:21:20.1304187Z ✔ a probe that throws or answers available:false skips the source without an error record (0.7805ms)
gateway-web	Run node city/test-all.mjs	2026-10-07T03:21:20.1304407Z ✔ a snapshot that throws degrades the source, records a note and lands in the error ring (0.5291ms)
gateway-web	Run node city/test-all.mjs	2026-10-07T03:21:20.1304612Z ✔ a source that exceeds the window is reported unavailable with the donor message (27.8259ms)
gateway-web	Run node city/test-all.mjs	2026-10-07T03:21:20.1304808Z ✔ a snapshot returning null or undefined is an unavailable source, not a crash (0.9385ms)
gateway-web	Run node city/test-all.mjs	2026-10-07T03:21:20.1304963Z ✔ the accessibility walk is opt-out through context.ax (0.936ms)
gateway-web	Run node city/test-all.mjs	2026-10-07T03:21:20.1305181Z ✔ system events are computed from consecutive observations and accumulate until drained (1.7447ms)
gateway-web	Run node city/test-all.mjs	2026-10-07T03:21:20.1305413Z ✔ file events join the system events, and a broken file controller degrades the system source (0.8805ms)
gateway-web	Run node city/test-all.mjs	2026-10-07T03:21:20.1305600Z ✔ watchFile pushes watched events into the stream and calls the callback (0.416ms)
gateway-web	Run node city/test-all.mjs	2026-10-07T03:21:20.1305826Z ✔ the observer passes the world its sources produced, including their notes and sources map (0.6469ms)
gateway-web	Run node city/test-all.mjs	2026-10-07T03:21:20.1306041Z ✔ with no clock injected the world is stamped with the port default, not the wall clock (1.0472ms)
gateway-web	Run node city/test-all.mjs	2026-10-07T03:21:20.1306264Z ✔ the observation is deterministic across two identical calls with the same injected clock (0.8116ms)
gateway-web	Run node city/test-all.mjs	2026-10-07T03:21:20.1306608Z ✔ PROGRESS_KINDS, PROGRESS_KIND_LIST and EVIDENCE_KINDS are the donor vocabulary, frozen (2.2692ms)
gateway-web	Run node city/test-all.mjs	2026-10-07T03:21:20.1306867Z ✔ verified-effect is accepted only on a success verdict whose evidence kind proves the effect landed (0.7144ms)
gateway-web	Run node city/test-all.mjs	2026-10-07T03:21:20.1307151Z ✔ PRESERVED DONOR DEFECT: the verified-effect claim reads `detail.kind`, never the verifier's `verificationKind` (0.2383ms)
gateway-web	Run node city/test-all.mjs	2026-10-07T03:21:20.1307331Z ✔ an unknown progress kind is refused (0.3215ms)
gateway-web	Run node city/test-all.mjs	2026-10-07T03:21:20.1307544Z ✔ subprocess-exit needs an exit, and an exit without a code only counts when signalled (0.1877ms)
gateway-web	Run node city/test-all.mjs	2026-10-07T03:21:20.1307765Z ✔ file-operation needs `verified: true`, and criteria-satisfied needs `satisfied: true` (0.1894ms)
gateway-web	Run node city/test-all.mjs	2026-10-07T03:21:20.1308061Z ✔ state-transition needs a state, and refuses a state the run was already in (0.1521ms)
gateway-web	Run node city/test-all.mjs	2026-10-07T03:21:20.1308288Z ✔ a heartbeat and an issued action are never progress; only progress() moves lastProgressAt (0.4891ms)
gateway-web	Run node city/test-all.mjs	2026-10-07T03:21:20.1308506Z ✔ status reports the stall-facing view, falling back to lastActionAt before any progress (0.3389ms)
gateway-web	Run node city/test-all.mjs	2026-10-07T03:21:20.1308780Z ✔ noOp counts a repeated identical signature and flags repetition at the repeat window (0.3812ms)
gateway-web	Run node city/test-all.mjs	2026-10-07T03:21:20.1308984Z ✔ recorded progress clears the no-op streak and forgets the last no-op signature (0.1856ms)
gateway-web	Run node city/test-all.mjs	2026-10-07T03:21:20.1309163Z ✔ history is a bounded copy of the ring, defaulting to 200 records (0.3899ms)
gateway-web	Run node city/test-all.mjs	2026-10-07T03:21:20.1309390Z ✔ with no clock injected the tracker records null instants instead of reading the wall clock (0.2007ms)
gateway-web	Run node city/test-all.mjs	2026-10-07T03:21:20.1309634Z ✔ progress counts only verified effects: a failed or unproven verification never advances progress (2.2812ms)
gateway-web	Run node city/test-all.mjs	2026-10-07T03:21:20.1309848Z ✔ the tracker is deterministic across two identical runs with the same injected clock (0.2234ms)
gateway-web	Run node city/test-all.mjs	2026-10-07T03:21:20.1310049Z ✔ a controller that reported failure settles the verdict without reading the world (2.3404ms)
gateway-web	Run node city/test-all.mjs	2026-10-07T03:21:20.1310240Z ✔ with no declared effect: a first observation is unknown, never a success (1.5753ms)
gateway-web	Run node city/test-all.mjs	2026-10-07T03:21:20.1310524Z ✔ with no declared effect: the DOM revision is evidence for the digest but is deliberately not a meaningful field (0.5219ms)
gateway-web	Run node city/test-all.mjs	2026-10-07T03:21:20.1310745Z ✔ with no declared effect: a missing observation on either side is unknown, never a verdict (0.191ms)
gateway-web	Run node city/test-all.mjs	2026-10-07T03:21:20.1310996Z ✔ with no declared effect: receipt signals are appended and receipt.changed can carry the verdict (0.2602ms)
gateway-web	Run node city/test-all.mjs	2026-10-07T03:21:20.1311168Z ✔ any mode: one observed effect is success, none observed is failure (0.6751ms)
gateway-web	Run node city/test-all.mjs	2026-10-07T03:21:20.1311387Z ✔ any mode: unknown only when nothing at all was checkable, otherwise a checked failure wins (0.7385ms)
gateway-web	Run node city/test-all.mjs	2026-10-07T03:21:20.1311569Z ✔ all mode is declared by expectedEffect.mode, not by the `all` key alone (0.9081ms)
gateway-web	Run node city/test-all.mjs	2026-10-07T03:21:20.1311787Z ✔ the declared mode wins over the action default, and neither beats an explicit effectMode (0.3745ms)
gateway-web	Run node city/test-all.mjs	2026-10-07T03:21:20.1311980Z ✔ the dominant kind follows the donor order, and a failed effect keeps its kind (0.4769ms)
gateway-web	Run node city/test-all.mjs	2026-10-07T03:21:20.1312164Z ✔ an effect shape the donor does not know is unknown and names its keys (0.2096ms)
gateway-web	Run node city/test-all.mjs	2026-10-07T03:21:20.1312534Z ✔ PRESERVED DONOR DEFECT: collectEffects reads `any`/`all` as arrays only, so an effectMode of `all` over a non-array declaration checks nothing (0.3203ms)
gateway-web	Run node city/test-all.mjs	2026-10-07T03:21:20.1312981Z ✔ PRESERVED DONOR DEFECT: target_appears/target_disappears always report "could not be located" because the donor calls targetPresent(action, after) (0.3505ms)
gateway-web	Run node city/test-all.mjs	2026-10-07T03:21:20.1313210Z ✔ implied state: FOCUS and SWITCH_WINDOW are verified against the window that is in front (0.3453ms)
gateway-web	Run node city/test-all.mjs	2026-10-07T03:21:20.1313449Z ✔ implied state: a window action without a target window falls through to the world-change check (0.2497ms)
gateway-web	Run node city/test-all.mjs	2026-10-07T03:21:20.1313614Z ✔ implied state: CLOSE_WINDOW is verified by the window being gone (0.3321ms)
gateway-web	Run node city/test-all.mjs	2026-10-07T03:21:20.1313857Z ✔ effect: event is found by type or name, failed without an observation, unknown with no after world (0.1786ms)
gateway-web	Run node city/test-all.mjs	2026-10-07T03:21:20.1314054Z ✔ effect: dom_mutated compares the DOM revision, and needs one on both sides (0.0984ms)
gateway-web	Run node city/test-all.mjs	2026-10-07T03:21:20.1314275Z ✔ effect: navigation and url_changed compare URLs, and url_matches is a lowercase substring (0.2333ms)
gateway-web	Run node city/test-all.mjs	2026-10-07T03:21:20.1314488Z ✔ effect: toast and text_appears read controls, the accessibility tree, then the DOM (0.5706ms)
gateway-web	Run node city/test-all.mjs	2026-10-07T03:21:20.1314695Z ✔ effect: text_disappears is ok when the text is gone, failed while it is visible (0.1961ms)
gateway-web	Run node city/test-all.mjs	2026-10-07T03:21:20.1314883Z ✔ effect: control_state_changed compares the target control field by field (0.3095ms)
gateway-web	Run node city/test-all.mjs	2026-10-07T03:21:20.1315104Z ✔ effect: value_equals prefers the focused element value, then the target control value (0.2812ms)
gateway-web	Run node city/test-all.mjs	2026-10-07T03:21:20.1315294Z ✔ effect: checked_equals reads the checkbox state and is unknown without one (0.4095ms)
gateway-web	Run node city/test-all.mjs	2026-10-07T03:21:20.1315473Z ✔ effect: focus_changed and window_changed compare the two observations (0.2387ms)
gateway-web	Run node city/test-all.mjs	2026-10-07T03:21:20.1315668Z ✔ effect: file facts are unknown without the controller and otherwise answered (0.4284ms)
gateway-web	Run node city/test-all.mjs	2026-10-07T03:21:20.1315869Z ✔ effect: process facts read the recorded shell result (0.2776ms)
gateway-web	Run node city/test-all.mjs	2026-10-07T03:21:20.1316058Z ✔ effect: visual_change needs the vision controller and can answer unknown (0.5038ms)
gateway-web	Run node city/test-all.mjs	2026-10-07T03:21:20.1316292Z ✔ findControl resolves a target by ref, selector, semantic text or accessibility name (0.1747ms)
gateway-web	Run node city/test-all.mjs	2026-10-07T03:21:20.1316555Z ✔ PRESERVED DONOR DEFECT: targetPresent only answers null when the world has no controls AND no ax array (0.0731ms)
gateway-web	Run node city/test-all.mjs	2026-10-07T03:21:20.1316727Z ✔ verifyFactsFrom digests the state with the same evidence digest (0.3226ms)
gateway-web	Run node city/test-all.mjs	2026-10-07T03:21:20.1316930Z ✔ the verdict is always one of exactly three values and every call is deterministic (0.2927ms)
gateway-web	Run node city/test-all.mjs	2026-10-07T03:21:20.1317065Z ✔ the injected clock is the only source of checkedAt (0.1494ms)
gateway-web	Run node city/test-all.mjs	2026-10-07T03:21:20.1317268Z ✔ the pinned world carries the donor shape: foreground, targets, sources, notes (2.8522ms)
gateway-web	Run node city/test-all.mjs	2026-10-07T03:21:20.1317485Z ✔ the pinned world digest is the donor sha1 of the pinned stable string, 16 characters (0.5899ms)
gateway-web	Run node city/test-all.mjs	2026-10-07T03:21:20.1317680Z ✔ the donor-hash world pins the donor signature and the donor evidence digest (0.4627ms)
gateway-web	Run node city/test-all.mjs	2026-10-07T03:21:20.1317913Z ✔ with no injected digest the port computes the donor sha1, and an injected digest replaces it (0.558ms)
gateway-web	Run node city/test-all.mjs	2026-10-07T03:21:20.1318147Z ✔ stableStringify sorts object keys, keeps array order and renders null and undefined alike (0.2163ms)
gateway-web	Run node city/test-all.mjs	2026-10-07T03:21:20.1318363Z ✔ signatureOf is the donor sha1 truncated to 16 characters and survives a failing digest (0.1981ms)
gateway-web	Run node city/test-all.mjs	2026-10-07T03:21:20.1318567Z ✔ a missing captured time takes the port default instead of the wall clock (0.7466ms)
gateway-web	Run node city/test-all.mjs	2026-10-07T03:21:20.1318798Z ✔ a missing source is recorded as unavailable with its reason, never replaced by a guess (0.1821ms)
gateway-web	Run node city/test-all.mjs	2026-10-07T03:21:20.1319011Z ✔ ax falls back from browser to desktop, controls are filtered, dialogs are concatenated (0.3035ms)
gateway-web	Run node city/test-all.mjs	2026-10-07T03:21:20.1319246Z ✔ the foreground window is taken from desktop.foreground or from the first foreground window (0.423ms)
gateway-web	Run node city/test-all.mjs	2026-10-07T03:21:20.1319421Z ✔ a focused ref with no matching control is described by ref alone (0.3696ms)
gateway-web	Run node city/test-all.mjs	2026-10-07T03:21:20.1319612Z ✔ computeConfidence follows the donor weights and rounds to two places (0.3314ms)
gateway-web	Run node city/test-all.mjs	2026-10-07T03:21:20.1319861Z ✔ meaningfulChange reports a first observation and a lost observation (0.3899ms)
gateway-web	Run node city/test-all.mjs	2026-10-07T03:21:20.1320039Z ✔ meaningfulChange reports no change for two identical observations (0.2592ms)
gateway-web	Run node city/test-all.mjs	2026-10-07T03:21:20.1320269Z ✔ every MEANINGFUL_FIELDS member is a boundary: changing it alone is the only reported change (3.7655ms)
gateway-web	Run node city/test-all.mjs	2026-10-07T03:21:20.1320441Z ✔ MEANINGFUL_FIELDS is the donor list, in the donor order, frozen (0.6219ms)
gateway-web	Run node city/test-all.mjs	2026-10-07T03:21:20.1320806Z ✔ PRESERVED DONOR DEFECT: the world never populates lastActionType/lastActionResult, so lastAction is invisible to meaningfulChange (0.2245ms)
gateway-web	Run node city/test-all.mjs	2026-10-07T03:21:20.1321065Z ✔ meaningfulChange compares fields individually, and undefined against a value is a change (0.2763ms)
gateway-web	Run node city/test-all.mjs	2026-10-07T03:21:20.1321335Z ✔ meaningfulChange ignores DOM revision churn, which evidenceDigest does not (0.6494ms)
gateway-web	Run node city/test-all.mjs	2026-10-07T03:21:20.1321590Z ✔ evidenceDigest follows the event stream and the focused value, and is null without a world (0.2903ms)
gateway-web	Run node city/test-all.mjs	2026-10-07T03:21:20.1321768Z ✔ two identical calls build the same world and the same digest (0.5518ms)
gateway-web	Run node city/test-all.mjs	2026-10-07T03:21:20.1321978Z ✔ parts.notes is copied and capped at 20, summarizeWorldState caps its notes at 5 (0.2138ms)
gateway-web	Run node city/test-all.mjs	2026-10-07T03:21:20.1322168Z ✔ summarizeWorldState is the compact donor summary, and null for no world (0.2319ms)
gateway-web	Run node city/test-all.mjs	2026-10-07T03:21:20.1322347Z ✔ discardWorldState returns the summary and empties the world in place (0.1636ms)
gateway-web	Run node city/test-all.mjs	2026-10-07T03:21:20.1322575Z ✔ a world with every source degraded still records what it can, and its confidence says so (0.1115ms)
gateway-web	Run node city/test-all.mjs	2026-10-07T03:21:20.1322769Z ✔ the real manifest describes exactly the districts and modules that exist (6.5725ms)
gateway-web	Run node city/test-all.mjs	2026-10-07T03:21:20.1322912Z ✔ the manifest and the city tree agree on what exists (5.683ms)
gateway-web	Run node city/test-all.mjs	2026-10-07T03:21:20.1323155Z ✔ mission-book incubators are named and provenanced, and Room Pack incubators are not disguised (1.9131ms)
gateway-web	Run node city/test-all.mjs	2026-10-07T03:21:20.1323402Z ✔ a mission-book migration incubator proves a donor; a programme-task incubator proves it has none (11.9152ms)
gateway-web	Run node city/test-all.mjs	2026-10-07T03:21:20.1323582Z ✔ the manifest rejects malformed hierarchy, paths and lifecycles (4.3491ms)
gateway-web	Run node city/test-all.mjs	2026-10-07T03:21:20.1323761Z ✔ module directories and lifecycles must not contradict each other (22.5939ms)
gateway-web	Run node city/test-all.mjs	2026-10-07T03:21:20.1323928Z ✔ loadManifest reports an unreadable manifest instead of guessing (3.4679ms)
gateway-web	Run node city/test-all.mjs	2026-10-07T03:21:20.1324097Z ✔ city/test-all.mjs discovers module tests without shell globs (13.7472ms)
gateway-web	Run node city/test-all.mjs	2026-10-07T03:21:20.1324169Z ℹ tests 1984
gateway-web	Run node city/test-all.mjs	2026-10-07T03:21:20.1324225Z ℹ suites 3
gateway-web	Run node city/test-all.mjs	2026-10-07T03:21:20.1324285Z ℹ pass 1970
gateway-web	Run node city/test-all.mjs	2026-10-07T03:21:20.1324343Z ℹ fail 0
gateway-web	Run node city/test-all.mjs	2026-10-07T03:21:20.1324399Z ℹ cancelled 0
gateway-web	Run node city/test-all.mjs	2026-10-07T03:21:20.1324468Z ℹ skipped 14
gateway-web	Run node city/test-all.mjs	2026-10-07T03:21:20.1324519Z ℹ todo 0
gateway-web	Run node city/test-all.mjs	2026-10-07T03:21:20.1324599Z ℹ duration_ms 20653.4427
gateway-web	Run pnpm check:docs	﻿2026-10-07T03:21:20.2023647Z ##[group]Run pnpm check:docs
gateway-web	Run pnpm check:docs	2026-10-07T03:21:20.2023779Z ^[[36;1mpnpm check:docs^[[0m
gateway-web	Run pnpm check:docs	2026-10-07T03:21:20.2075765Z shell: C:\Program Files\PowerShell\7\pwsh.EXE -command ". '{0}'"
gateway-web	Run pnpm check:docs	2026-10-07T03:21:20.2075866Z env:
gateway-web	Run pnpm check:docs	2026-10-07T03:21:20.2075987Z   PNPM_HOME: C:\Users\runneradmin\setup-pnpm\node_modules\.bin
gateway-web	Run pnpm check:docs	2026-10-07T03:21:20.2076031Z ##[endgroup]
gateway-web	Run pnpm check:docs	2026-10-07T03:21:20.7549914Z $ node scripts/check-bilingual.mjs
gateway-web	Run pnpm check:docs	2026-10-07T03:21:20.8117030Z docs: PAIR_STATUS = SYNCHRONIZED
gateway-web	Run pnpm check:docs	2026-10-07T03:21:20.8155200Z evidence: PAIR_STATUS = SYNCHRONIZED
gateway-web	Run pnpm check:docs	2026-10-07T03:21:20.8169880Z data-records: PAIR_STATUS = SYNCHRONIZED
gateway-web	Post Run pnpm/action-setup@v4	﻿2026-10-07T03:21:20.9485292Z Post job cleanup.
gateway-web	Post Run pnpm/action-setup@v4	2026-10-07T03:21:21.0825771Z Pruning is unnecessary.
gateway-web	Post Run actions/setup-node@v4	﻿2026-10-07T03:21:21.1067355Z Post job cleanup.
gateway-web	Post Run actions/setup-node@v4	2026-10-07T03:21:21.2149911Z (node:5016) [DEP0040] DeprecationWarning: The `punycode` module is deprecated. Please use a userland alternative instead.
gateway-web	Post Run actions/setup-node@v4	2026-10-07T03:21:21.2255210Z (Use `node --trace-deprecation ...` to show where the warning was created)
gateway-web	Post Run actions/checkout@v4	﻿2026-10-07T03:21:21.2402913Z Post job cleanup.
gateway-web	Post Run actions/checkout@v4	2026-10-07T03:21:21.3559183Z [command]"C:\Program Files\Git\bin\git.exe" version
gateway-web	Post Run actions/checkout@v4	2026-10-07T03:21:21.3771345Z git version 2.55.0.windows.5
gateway-web	Post Run actions/checkout@v4	2026-10-07T03:21:21.3824478Z Temporarily overriding HOME='D:\a\_temp\a86b51aa-21d6-41bc-9822-2a4d35f58750' before making global git config changes
gateway-web	Post Run actions/checkout@v4	2026-10-07T03:21:21.3825169Z Adding repository directory to the temporary git global config as a safe directory
gateway-web	Post Run actions/checkout@v4	2026-10-07T03:21:21.3832112Z [command]"C:\Program Files\Git\bin\git.exe" config --global --add safe.directory D:\a\utopia\utopia
gateway-web	Post Run actions/checkout@v4	2026-10-07T03:21:21.4107914Z [command]"C:\Program Files\Git\bin\git.exe" config --local --name-only --get-regexp core\.sshCommand
gateway-web	Post Run actions/checkout@v4	2026-10-07T03:21:21.4394712Z [command]"C:\Program Files\Git\bin\git.exe" submodule foreach --recursive "sh -c \"git config --local --name-only --get-regexp 'core\.sshCommand' && git config --local --unset-all 'core.sshCommand' || :\""
gateway-web	Post Run actions/checkout@v4	2026-10-07T03:21:21.9196721Z [command]"C:\Program Files\Git\bin\git.exe" config --local --name-only --get-regexp http\.https\:\/\/github\.com\/\.extraheader
gateway-web	Post Run actions/checkout@v4	2026-10-07T03:21:21.9406392Z http.https://github.com/.extraheader
gateway-web	Post Run actions/checkout@v4	2026-10-07T03:21:21.9445980Z [command]"C:\Program Files\Git\bin\git.exe" config --local --unset-all http.https://github.com/.extraheader
gateway-web	Post Run actions/checkout@v4	2026-10-07T03:21:21.9693304Z [command]"C:\Program Files\Git\bin\git.exe" submodule foreach --recursive "sh -c \"git config --local --name-only --get-regexp 'http\.https\:\/\/github\.com\/\.extraheader' && git config --local --unset-all 'http.https://github.com/.extraheader' || :\""
gateway-web	Post Run actions/checkout@v4	2026-10-07T03:21:22.3946295Z [command]"C:\Program Files\Git\bin\git.exe" config --local --name-only --get-regexp ^includeIf\.gitdir:
gateway-web	Post Run actions/checkout@v4	2026-10-07T03:21:22.4196818Z [command]"C:\Program Files\Git\bin\git.exe" submodule foreach --recursive "git config --local --show-origin --name-only --get-regexp remote.origin.url"
gateway-web	Complete job	﻿2026-10-07T03:21:22.8757892Z Cleaning up orphan processes
gateway-web	Complete job	2026-10-07T03:21:22.9011039Z ##[warning]Node.js 20 is deprecated. The following actions target Node.js 20 but are being forced to run on Node.js 24: actions/checkout@v4, actions/setup-node@v4, pnpm/action-setup@v4. For more information see: https://github.blog/changelog/2025-09-19-deprecation-of-node-20-on-github-actions-runners/
android	Set up job	﻿2026-10-07T03:15:22.0453686Z Current runner version: '2.337.0'
android	Set up job	2026-10-07T03:15:22.0478530Z ##[group]Runner Image Provisioner
android	Set up job	2026-10-07T03:15:22.0479449Z Hosted Compute Agent
android	Set up job	2026-10-07T03:15:22.0480071Z Version: 20261002.596
android	Set up job	2026-10-07T03:15:22.0480739Z Commit: c3d12f3313a95f25162a1503be624f3b0617f8c0
android	Set up job	2026-10-07T03:15:22.0481508Z Build Date: 2026-10-02T22:28:27Z
android	Set up job	2026-10-07T03:15:22.0482659Z Worker ID: {6c7b1842-3129-4788-a281-3dcd0c665c80}
android	Set up job	2026-10-07T03:15:22.0483493Z Region: eastus
android	Set up job	2026-10-07T03:15:22.0484033Z Cloud: Azure
android	Set up job	2026-10-07T03:15:22.0484541Z ##[endgroup]
android	Set up job	2026-10-07T03:15:22.0486783Z ##[group]Operating System
android	Set up job	2026-10-07T03:15:22.0487479Z Ubuntu
android	Set up job	2026-10-07T03:15:22.0488056Z 24.04.5
android	Set up job	2026-10-07T03:15:22.0488573Z LTS
android	Set up job	2026-10-07T03:15:22.0489135Z ##[endgroup]
android	Set up job	2026-10-07T03:15:22.0489750Z ##[group]Runner Image
android	Set up job	2026-10-07T03:15:22.0490351Z Image: ubuntu-24.04
android	Set up job	2026-10-07T03:15:22.0490946Z Version: 20261004.327.1
android	Set up job	2026-10-07T03:15:22.0492235Z Included Software: https://github.com/actions/runner-images/blob/ubuntu24/20261004.327/images/ubuntu/Ubuntu2404-Readme.md
android	Set up job	2026-10-07T03:15:22.0494081Z Image Release: https://github.com/actions/runner-images/releases/tag/ubuntu24%2F20261004.327
android	Set up job	2026-10-07T03:15:22.0495037Z ##[endgroup]
android	Set up job	2026-10-07T03:15:22.0496649Z ##[group]GITHUB_TOKEN Permissions
android	Set up job	2026-10-07T03:15:22.0498858Z Contents: read
android	Set up job	2026-10-07T03:15:22.0499545Z Metadata: read
android	Set up job	2026-10-07T03:15:22.0500114Z Packages: read
android	Set up job	2026-10-07T03:15:22.0500659Z ##[endgroup]
android	Set up job	2026-10-07T03:15:22.0503378Z Secret source: Actions
android	Set up job	2026-10-07T03:15:22.0504379Z Cache mode: write
android	Set up job	2026-10-07T03:15:22.0505455Z Prepare workflow directory
android	Set up job	2026-10-07T03:15:22.0832826Z Prepare all required actions
android	Set up job	2026-10-07T03:15:22.0879734Z Getting action download info
android	Set up job	2026-10-07T03:15:22.3421479Z Download action repository 'actions/checkout@v4' (SHA:11d5960a326750d5838078e36cf38b85af677262)
android	Set up job	2026-10-07T03:15:22.4339577Z Download action repository 'actions/setup-java@v4' (SHA:cf277c60eb25467037889841efdb72551f06f6c3)
android	Set up job	2026-10-07T03:15:22.6837167Z Download action repository 'android-actions/setup-android@v3' (SHA:9fc6c4e9069bf8d3d10b2204b1fb8f6ef7065407)
android	Set up job	2026-10-07T03:15:22.7747214Z Download action repository 'gradle/actions@v4' (SHA:ed408507eac070d1f99cc633dbcf757c94c7933a)
android	Set up job	2026-10-07T03:15:23.3438373Z Download action repository 'actions/upload-artifact@v4' (SHA:ea165f8d65b6e75b540449e92b4886f43607fa02)
android	Set up job	2026-10-07T03:15:23.6100137Z Complete job name: android
android	Run actions/checkout@v4	﻿2026-10-07T03:15:23.7066854Z ##[group]Run actions/checkout@v4
android	Run actions/checkout@v4	2026-10-07T03:15:23.7068444Z with:
android	Run actions/checkout@v4	2026-10-07T03:15:23.7069562Z   repository: zhiheng-zhang-Mera/utopia
android	Run actions/checkout@v4	2026-10-07T03:15:23.7078807Z   token: ***
android	Run actions/checkout@v4	2026-10-07T03:15:23.7079851Z   ssh-strict: true
android	Run actions/checkout@v4	2026-10-07T03:15:23.7080869Z   ssh-user: git
android	Run actions/checkout@v4	2026-10-07T03:15:23.7081867Z   persist-credentials: true
android	Run actions/checkout@v4	2026-10-07T03:15:23.7083184Z   clean: true
android	Run actions/checkout@v4	2026-10-07T03:15:23.7084244Z   sparse-checkout-cone-mode: true
android	Run actions/checkout@v4	2026-10-07T03:15:23.7085496Z   fetch-depth: 1
android	Run actions/checkout@v4	2026-10-07T03:15:23.7086485Z   fetch-tags: false
android	Run actions/checkout@v4	2026-10-07T03:15:23.7087485Z   show-progress: true
android	Run actions/checkout@v4	2026-10-07T03:15:23.7088560Z   lfs: false
android	Run actions/checkout@v4	2026-10-07T03:15:23.7089589Z   submodules: false
android	Run actions/checkout@v4	2026-10-07T03:15:23.7090601Z   set-safe-directory: true
android	Run actions/checkout@v4	2026-10-07T03:15:23.7091805Z   allow-unsafe-pr-checkout: false
android	Run actions/checkout@v4	2026-10-07T03:15:23.7093429Z ##[endgroup]
android	Run actions/checkout@v4	2026-10-07T03:15:23.8237590Z Syncing repository: zhiheng-zhang-Mera/utopia
android	Run actions/checkout@v4	2026-10-07T03:15:23.8241711Z ##[group]Getting Git version info
android	Run actions/checkout@v4	2026-10-07T03:15:23.8244180Z Working directory is '/home/runner/work/utopia/utopia'
android	Run actions/checkout@v4	2026-10-07T03:15:23.8247400Z [command]/usr/bin/git version
android	Run actions/checkout@v4	2026-10-07T03:15:23.8280454Z git version 2.55.0
android	Run actions/checkout@v4	2026-10-07T03:15:23.8303339Z ##[endgroup]
android	Run actions/checkout@v4	2026-10-07T03:15:23.8318118Z Temporarily overriding HOME='/home/runner/work/_temp/ccd34d6b-572a-4322-99e6-3f04f384a60b' before making global git config changes
android	Run actions/checkout@v4	2026-10-07T03:15:23.8323310Z Adding repository directory to the temporary git global config as a safe directory
android	Run actions/checkout@v4	2026-10-07T03:15:23.8327567Z [command]/usr/bin/git config --global --add safe.directory /home/runner/work/utopia/utopia
android	Run actions/checkout@v4	2026-10-07T03:15:23.8376519Z Deleting the contents of '/home/runner/work/utopia/utopia'
android	Run actions/checkout@v4	2026-10-07T03:15:23.8387090Z ##[group]Initializing the repository
android	Run actions/checkout@v4	2026-10-07T03:15:23.8388979Z [command]/usr/bin/git init /home/runner/work/utopia/utopia
android	Run actions/checkout@v4	2026-10-07T03:15:23.8493455Z hint: Using 'master' as the name for the initial branch. This default branch name
android	Run actions/checkout@v4	2026-10-07T03:15:23.8496951Z hint: will change to "main" in Git 3.0. To configure the initial branch name
android	Run actions/checkout@v4	2026-10-07T03:15:23.8499681Z hint: to use in all of your new repositories, which will suppress this warning,
android	Run actions/checkout@v4	2026-10-07T03:15:23.8501247Z hint: call:
android	Run actions/checkout@v4	2026-10-07T03:15:23.8503160Z hint:
android	Run actions/checkout@v4	2026-10-07T03:15:23.8504300Z hint: 	git config --global init.defaultBranch <name>
android	Run actions/checkout@v4	2026-10-07T03:15:23.8505542Z hint:
android	Run actions/checkout@v4	2026-10-07T03:15:23.8506699Z hint: Names commonly chosen instead of 'master' are 'main', 'trunk' and
android	Run actions/checkout@v4	2026-10-07T03:15:23.8509051Z hint: 'development'. The just-created branch can be renamed via this command:
android	Run actions/checkout@v4	2026-10-07T03:15:23.8510619Z hint:
android	Run actions/checkout@v4	2026-10-07T03:15:23.8511442Z hint: 	git branch -m <name>
android	Run actions/checkout@v4	2026-10-07T03:15:23.8512983Z hint:
android	Run actions/checkout@v4	2026-10-07T03:15:23.8514431Z hint: Disable this message with "git config set advice.defaultBranchName false"
android	Run actions/checkout@v4	2026-10-07T03:15:23.8518008Z Initialized empty Git repository in /home/runner/work/utopia/utopia/.git/
android	Run actions/checkout@v4	2026-10-07T03:15:23.8523998Z [command]/usr/bin/git remote add origin https://github.com/zhiheng-zhang-Mera/utopia
android	Run actions/checkout@v4	2026-10-07T03:15:23.8562450Z ##[endgroup]
android	Run actions/checkout@v4	2026-10-07T03:15:23.8565115Z ##[group]Disabling automatic garbage collection
android	Run actions/checkout@v4	2026-10-07T03:15:23.8568718Z [command]/usr/bin/git config --local gc.auto 0
android	Run actions/checkout@v4	2026-10-07T03:15:23.8613669Z ##[endgroup]
android	Run actions/checkout@v4	2026-10-07T03:15:23.8616021Z ##[group]Setting up auth
android	Run actions/checkout@v4	2026-10-07T03:15:23.8617964Z [command]/usr/bin/git config --local --name-only --get-regexp core\.sshCommand
android	Run actions/checkout@v4	2026-10-07T03:15:23.8659437Z [command]/usr/bin/git submodule foreach --recursive sh -c "git config --local --name-only --get-regexp 'core\.sshCommand' && git config --local --unset-all 'core.sshCommand' || :"
android	Run actions/checkout@v4	2026-10-07T03:15:23.9023727Z [command]/usr/bin/git config --local --name-only --get-regexp http\.https\:\/\/github\.com\/\.extraheader
android	Run actions/checkout@v4	2026-10-07T03:15:23.9077777Z [command]/usr/bin/git submodule foreach --recursive sh -c "git config --local --name-only --get-regexp 'http\.https\:\/\/github\.com\/\.extraheader' && git config --local --unset-all 'http.https://github.com/.extraheader' || :"
android	Run actions/checkout@v4	2026-10-07T03:15:23.9307987Z [command]/usr/bin/git config --local --name-only --get-regexp ^includeIf\.gitdir:
android	Run actions/checkout@v4	2026-10-07T03:15:23.9345430Z [command]/usr/bin/git submodule foreach --recursive git config --local --show-origin --name-only --get-regexp remote.origin.url
android	Run actions/checkout@v4	2026-10-07T03:15:23.9568656Z [command]/usr/bin/git config --local http.https://github.com/.extraheader AUTHORIZATION: basic ***
android	Run actions/checkout@v4	2026-10-07T03:15:23.9609274Z ##[endgroup]
android	Run actions/checkout@v4	2026-10-07T03:15:23.9611638Z ##[group]Fetching the repository
android	Run actions/checkout@v4	2026-10-07T03:15:23.9620145Z [command]/usr/bin/git -c protocol.version=2 fetch --no-tags --prune --no-recurse-submodules --depth=1 origin +2decc71b2b9a3d0e66293498f4f1676e461da8da:refs/remotes/origin/review/REX-807-Alien-GPT-20261007
android	Run actions/checkout@v4	2026-10-07T03:15:25.0412772Z From https://github.com/zhiheng-zhang-Mera/utopia
android	Run actions/checkout@v4	2026-10-07T03:15:25.0415014Z  * [new ref]         2decc71b2b9a3d0e66293498f4f1676e461da8da -> origin/review/REX-807-Alien-GPT-20261007
android	Run actions/checkout@v4	2026-10-07T03:15:25.0417842Z ##[endgroup]
android	Run actions/checkout@v4	2026-10-07T03:15:25.0418598Z ##[group]Determining the checkout info
android	Run actions/checkout@v4	2026-10-07T03:15:25.0420274Z ##[endgroup]
android	Run actions/checkout@v4	2026-10-07T03:15:25.0426487Z [command]/usr/bin/git sparse-checkout disable
android	Run actions/checkout@v4	2026-10-07T03:15:25.0477620Z [command]/usr/bin/git config --local --unset-all extensions.worktreeConfig
android	Run actions/checkout@v4	2026-10-07T03:15:25.0510156Z ##[group]Checking out the ref
android	Run actions/checkout@v4	2026-10-07T03:15:25.0515114Z [command]/usr/bin/git checkout --progress --force -B review/REX-807-Alien-GPT-20261007 refs/remotes/origin/review/REX-807-Alien-GPT-20261007
android	Run actions/checkout@v4	2026-10-07T03:15:25.2158315Z Switched to a new branch 'review/REX-807-Alien-GPT-20261007'
android	Run actions/checkout@v4	2026-10-07T03:15:25.2163212Z branch 'review/REX-807-Alien-GPT-20261007' set up to track 'origin/review/REX-807-Alien-GPT-20261007'.
android	Run actions/checkout@v4	2026-10-07T03:15:25.2173967Z ##[endgroup]
android	Run actions/checkout@v4	2026-10-07T03:15:25.2219451Z [command]/usr/bin/git log -1 --format=%H
android	Run actions/checkout@v4	2026-10-07T03:15:25.2245503Z 2decc71b2b9a3d0e66293498f4f1676e461da8da
android	Run actions/setup-java@v4	﻿2026-10-07T03:15:25.2554699Z ##[group]Run actions/setup-java@v4
android	Run actions/setup-java@v4	2026-10-07T03:15:25.2555153Z with:
android	Run actions/setup-java@v4	2026-10-07T03:15:25.2555443Z   distribution: temurin
android	Run actions/setup-java@v4	2026-10-07T03:15:25.2555750Z   java-version: 21
android	Run actions/setup-java@v4	2026-10-07T03:15:25.2556040Z   java-package: jdk
android	Run actions/setup-java@v4	2026-10-07T03:15:25.2556340Z   check-latest: false
android	Run actions/setup-java@v4	2026-10-07T03:15:25.2556634Z   server-id: github
android	Run actions/setup-java@v4	2026-10-07T03:15:25.2556926Z   server-username: GITHUB_ACTOR
android	Run actions/setup-java@v4	2026-10-07T03:15:25.2557270Z   server-password: GITHUB_TOKEN
android	Run actions/setup-java@v4	2026-10-07T03:15:25.2557603Z   overwrite-settings: true
android	Run actions/setup-java@v4	2026-10-07T03:15:25.2557917Z   job-status: success
android	Run actions/setup-java@v4	2026-10-07T03:15:25.2560670Z   token: ***
android	Run actions/setup-java@v4	2026-10-07T03:15:25.2560956Z ##[endgroup]
android	Run actions/setup-java@v4	2026-10-07T03:15:25.4213150Z ##[warning]setup-java v4 is deprecated and will no longer receive updates. Please migrate to actions/setup-java@v5.
android	Run actions/setup-java@v4	2026-10-07T03:15:25.4221276Z ##[group]Installed distributions
android	Run actions/setup-java@v4	2026-10-07T03:15:25.4258830Z Resolved Java 21.0.12+1 from tool-cache
android	Run actions/setup-java@v4	2026-10-07T03:15:25.4259695Z Setting Java 21.0.12+1 as the default
android	Run actions/setup-java@v4	2026-10-07T03:15:25.4271232Z (node:2308) [DEP0040] DeprecationWarning: The `punycode` module is deprecated. Please use a userland alternative instead.
android	Run actions/setup-java@v4	2026-10-07T03:15:25.4272544Z (Use `node --trace-deprecation ...` to show where the warning was created)
android	Run actions/setup-java@v4	2026-10-07T03:15:25.4275330Z Creating toolchains.xml for JDK version 21 from temurin
android	Run actions/setup-java@v4	2026-10-07T03:15:25.4352367Z Writing to /home/runner/.m2/toolchains.xml
android	Run actions/setup-java@v4	2026-10-07T03:15:25.4372585Z 
android	Run actions/setup-java@v4	2026-10-07T03:15:25.4373707Z Java configuration:
android	Run actions/setup-java@v4	2026-10-07T03:15:25.4374460Z   Distribution: temurin
android	Run actions/setup-java@v4	2026-10-07T03:15:25.4375159Z   Version: 21.0.12+1
android	Run actions/setup-java@v4	2026-10-07T03:15:25.4376016Z   Path: /opt/hostedtoolcache/Java_Temurin-Hotspot_jdk/21.0.12-1/x64
android	Run actions/setup-java@v4	2026-10-07T03:15:25.4376559Z 
android	Run actions/setup-java@v4	2026-10-07T03:15:25.4377168Z ##[endgroup]
android	Run actions/setup-java@v4	2026-10-07T03:15:25.4393282Z Creating settings.xml with server-id: github
android	Run actions/setup-java@v4	2026-10-07T03:15:25.4395918Z Writing to /home/runner/.m2/settings.xml
android	Run android-actions/setup-android@v3	﻿2026-10-07T03:15:25.4592756Z ##[group]Run android-actions/setup-android@v3
android	Run android-actions/setup-android@v3	2026-10-07T03:15:25.4593262Z with:
android	Run android-actions/setup-android@v3	2026-10-07T03:15:25.4593585Z   packages: platform-tools
android	Run android-actions/setup-android@v3	2026-10-07T03:15:25.4593952Z   log-accepted-android-sdk-licenses: false
android	Run android-actions/setup-android@v3	2026-10-07T03:15:25.4594354Z   cmdline-tools-version: 12266719
android	Run android-actions/setup-android@v3	2026-10-07T03:15:25.4594714Z   accept-android-sdk-licenses: true
android	Run android-actions/setup-android@v3	2026-10-07T03:15:25.4595042Z env:
android	Run android-actions/setup-android@v3	2026-10-07T03:15:25.4595424Z   JAVA_HOME: /opt/hostedtoolcache/Java_Temurin-Hotspot_jdk/21.0.12-1/x64
android	Run android-actions/setup-android@v3	2026-10-07T03:15:25.4596037Z   JAVA_HOME_21_X64: /opt/hostedtoolcache/Java_Temurin-Hotspot_jdk/21.0.12-1/x64
android	Run android-actions/setup-android@v3	2026-10-07T03:15:25.4596526Z ##[endgroup]
android	Run android-actions/setup-android@v3	2026-10-07T03:15:25.5620680Z Found preinstalled sdkmanager in /usr/local/lib/android/sdk/cmdline-tools/latest with following source.properties:
android	Run android-actions/setup-android@v3	2026-10-07T03:15:25.5623013Z Pkg.Revision=12.0
android	Run android-actions/setup-android@v3	2026-10-07T03:15:25.5623684Z Pkg.Path=cmdline-tools;12.0
android	Run android-actions/setup-android@v3	2026-10-07T03:15:25.5624198Z Pkg.Desc=Android SDK Command-line Tools
android	Run android-actions/setup-android@v3	2026-10-07T03:15:25.5624588Z 
android	Run android-actions/setup-android@v3	2026-10-07T03:15:25.5624811Z Wrong version in preinstalled sdkmanager
android	Run android-actions/setup-android@v3	2026-10-07T03:15:25.5625935Z Downloading commandline tools from https://dl.google.com/android/repository/commandlinetools-linux-12266719_latest.zip
android	Run android-actions/setup-android@v3	2026-10-07T03:15:26.5325267Z [command]/usr/bin/unzip -o -q /home/runner/work/_temp/46adbab6-03d0-4f31-aa55-de36bc26a547
android	Run android-actions/setup-android@v3	2026-10-07T03:15:27.3007082Z Accepting Android SDK licenses
android	Run android-actions/setup-android@v3	2026-10-07T03:15:40.4826314Z [command]/usr/local/lib/android/sdk/cmdline-tools/16.0/bin/sdkmanager platform-tools
android	Run android-actions/setup-android@v3	2026-10-07T03:15:41.2423371Z Loading package information...                                                  
android	Run android-actions/setup-android@v3	2026-10-07T03:15:41.3345660Z Loading local repository...                                                     
android	Run android-actions/setup-android@v3	2026-10-07T03:15:41.3348000Z [                                       ] 3% Loading local repository...        
android	Run android-actions/setup-android@v3	2026-10-07T03:15:41.3388266Z [                                       ] 3% Fetch remote repository...         
android	Run android-actions/setup-android@v3	2026-10-07T03:15:41.6575196Z [=                                      ] 3% Fetch remote repository...         
android	Run android-actions/setup-android@v3	2026-10-07T03:15:41.7110039Z [=                                      ] 4% Fetch remote repository...         
android	Run android-actions/setup-android@v3	2026-10-07T03:15:41.7499982Z [=                                      ] 5% Fetch remote repository...         
android	Run android-actions/setup-android@v3	2026-10-07T03:15:41.7944675Z [==                                     ] 5% Fetch remote repository...         
android	Run android-actions/setup-android@v3	2026-10-07T03:15:41.8384924Z [==                                     ] 6% Fetch remote repository...         
android	Run android-actions/setup-android@v3	2026-10-07T03:15:41.9102227Z [==                                     ] 7% Fetch remote repository...         
android	Run android-actions/setup-android@v3	2026-10-07T03:15:41.9113021Z [==                                     ] 7% Computing updates...               
android	Run android-actions/setup-android@v3	2026-10-07T03:15:41.9252456Z [===                                    ] 8% Computing updates...               
android	Run android-actions/setup-android@v3	2026-10-07T03:15:41.9295991Z [===                                    ] 10% Computing updates...              
android	Run android-actions/setup-android@v3	2026-10-07T03:15:41.9298231Z [=======================================] 100% Computing updates...             
android	Run android-actions/setup-android@v3	2026-10-07T03:15:41.9298837Z 
android	Run sdkmanager 'platforms;android-36' 'build-tools;36.0.0'	﻿2026-10-07T03:15:41.9798454Z ##[group]Run sdkmanager 'platforms;android-36' 'build-tools;36.0.0'
android	Run sdkmanager 'platforms;android-36' 'build-tools;36.0.0'	2026-10-07T03:15:41.9799013Z ^[[36;1msdkmanager 'platforms;android-36' 'build-tools;36.0.0'^[[0m
android	Run sdkmanager 'platforms;android-36' 'build-tools;36.0.0'	2026-10-07T03:15:42.0049262Z shell: /usr/bin/bash -e {0}
android	Run sdkmanager 'platforms;android-36' 'build-tools;36.0.0'	2026-10-07T03:15:42.0049562Z env:
android	Run sdkmanager 'platforms;android-36' 'build-tools;36.0.0'	2026-10-07T03:15:42.0049882Z   JAVA_HOME: /opt/hostedtoolcache/Java_Temurin-Hotspot_jdk/21.0.12-1/x64
android	Run sdkmanager 'platforms;android-36' 'build-tools;36.0.0'	2026-10-07T03:15:42.0050413Z   JAVA_HOME_21_X64: /opt/hostedtoolcache/Java_Temurin-Hotspot_jdk/21.0.12-1/x64
android	Run sdkmanager 'platforms;android-36' 'build-tools;36.0.0'	2026-10-07T03:15:42.0050845Z   ANDROID_HOME: /usr/local/lib/android/sdk
android	Run sdkmanager 'platforms;android-36' 'build-tools;36.0.0'	2026-10-07T03:15:42.0051158Z   ANDROID_SDK_ROOT: /usr/local/lib/android/sdk
android	Run sdkmanager 'platforms;android-36' 'build-tools;36.0.0'	2026-10-07T03:15:42.0051449Z ##[endgroup]
android	Run sdkmanager 'platforms;android-36' 'build-tools;36.0.0'	2026-10-07T03:15:42.8333964Z Loading package information...                                                  
android	Run sdkmanager 'platforms;android-36' 'build-tools;36.0.0'	2026-10-07T03:15:42.9352992Z Loading local repository...                                                     
android	Run sdkmanager 'platforms;android-36' 'build-tools;36.0.0'	2026-10-07T03:15:42.9355390Z [                                       ] 3% Loading local repository...        
android	Run sdkmanager 'platforms;android-36' 'build-tools;36.0.0'	2026-10-07T03:15:42.9387468Z [                                       ] 3% Fetch remote repository...         
android	Run sdkmanager 'platforms;android-36' 'build-tools;36.0.0'	2026-10-07T03:15:43.2614262Z [=                                      ] 3% Fetch remote repository...         
android	Run sdkmanager 'platforms;android-36' 'build-tools;36.0.0'	2026-10-07T03:15:43.3102202Z [=                                      ] 4% Fetch remote repository...         
android	Run sdkmanager 'platforms;android-36' 'build-tools;36.0.0'	2026-10-07T03:15:43.3351793Z [=                                      ] 5% Fetch remote repository...         
android	Run sdkmanager 'platforms;android-36' 'build-tools;36.0.0'	2026-10-07T03:15:43.3801130Z [==                                     ] 5% Fetch remote repository...         
android	Run sdkmanager 'platforms;android-36' 'build-tools;36.0.0'	2026-10-07T03:15:43.4350811Z [==                                     ] 6% Fetch remote repository...         
android	Run sdkmanager 'platforms;android-36' 'build-tools;36.0.0'	2026-10-07T03:15:43.5029863Z [==                                     ] 7% Fetch remote repository...         
android	Run sdkmanager 'platforms;android-36' 'build-tools;36.0.0'	2026-10-07T03:15:43.5072990Z [==                                     ] 7% Computing updates...               
android	Run sdkmanager 'platforms;android-36' 'build-tools;36.0.0'	2026-10-07T03:15:43.5183105Z [===                                    ] 8% Computing updates...               
android	Run sdkmanager 'platforms;android-36' 'build-tools;36.0.0'	2026-10-07T03:15:43.5229760Z [===                                    ] 10% Computing updates...              
android	Run sdkmanager 'platforms;android-36' 'build-tools;36.0.0'	2026-10-07T03:15:43.5230667Z [=======================================] 100% Computing updates...             
android	Run sdkmanager 'platforms;android-36' 'build-tools;36.0.0'	2026-10-07T03:15:43.5231030Z 
android	Run gradle/actions/setup-gradle@v4	﻿2026-10-07T03:15:43.5624116Z ##[group]Run gradle/actions/setup-gradle@v4
android	Run gradle/actions/setup-gradle@v4	2026-10-07T03:15:43.5624443Z with:
android	Run gradle/actions/setup-gradle@v4	2026-10-07T03:15:43.5624642Z   cache-disabled: false
android	Run gradle/actions/setup-gradle@v4	2026-10-07T03:15:43.5624873Z   cache-read-only: true
android	Run gradle/actions/setup-gradle@v4	2026-10-07T03:15:43.5625096Z   cache-write-only: false
android	Run gradle/actions/setup-gradle@v4	2026-10-07T03:15:43.5625339Z   cache-overwrite-existing: false
android	Run gradle/actions/setup-gradle@v4	2026-10-07T03:15:43.5625601Z   cache-cleanup: on-success
android	Run gradle/actions/setup-gradle@v4	2026-10-07T03:15:43.5625877Z   gradle-home-cache-includes: caches
android	Run gradle/actions/setup-gradle@v4	notifications
android	Run gradle/actions/setup-gradle@v4	
android	Run gradle/actions/setup-gradle@v4	2026-10-07T03:15:43.5626193Z   add-job-summary: always
android	Run gradle/actions/setup-gradle@v4	2026-10-07T03:15:43.5626446Z   add-job-summary-as-pr-comment: never
android	Run gradle/actions/setup-gradle@v4	2026-10-07T03:15:43.5626730Z   dependency-graph: disabled
android	Run gradle/actions/setup-gradle@v4	2026-10-07T03:15:43.5627037Z   dependency-graph-report-dir: dependency-graph-reports
android	Run gradle/actions/setup-gradle@v4	2026-10-07T03:15:43.5627592Z   dependency-graph-continue-on-failure: true
android	Run gradle/actions/setup-gradle@v4	2026-10-07T03:15:43.5627894Z   build-scan-publish: false
android	Run gradle/actions/setup-gradle@v4	2026-10-07T03:15:43.5628134Z   validate-wrappers: true
android	Run gradle/actions/setup-gradle@v4	2026-10-07T03:15:43.5628380Z   allow-snapshot-wrappers: false
android	Run gradle/actions/setup-gradle@v4	2026-10-07T03:15:43.5628654Z   gradle-home-cache-strict-match: false
android	Run gradle/actions/setup-gradle@v4	2026-10-07T03:15:43.5628969Z   workflow-job-context: null
android	Run gradle/actions/setup-gradle@v4	2026-10-07T03:15:43.5631403Z   github-token: ***
android	Run gradle/actions/setup-gradle@v4	2026-10-07T03:15:43.5631613Z env:
android	Run gradle/actions/setup-gradle@v4	2026-10-07T03:15:43.5631908Z   JAVA_HOME: /opt/hostedtoolcache/Java_Temurin-Hotspot_jdk/21.0.12-1/x64
android	Run gradle/actions/setup-gradle@v4	2026-10-07T03:15:43.5632747Z   JAVA_HOME_21_X64: /opt/hostedtoolcache/Java_Temurin-Hotspot_jdk/21.0.12-1/x64
android	Run gradle/actions/setup-gradle@v4	2026-10-07T03:15:43.5633167Z   ANDROID_HOME: /usr/local/lib/android/sdk
android	Run gradle/actions/setup-gradle@v4	2026-10-07T03:15:43.5633475Z   ANDROID_SDK_ROOT: /usr/local/lib/android/sdk
android	Run gradle/actions/setup-gradle@v4	2026-10-07T03:15:43.5633755Z ##[endgroup]
android	Run gradle/actions/setup-gradle@v4	2026-10-07T03:15:43.9134404Z Merged default JDK locations into /home/runner/.m2/toolchains.xml
android	Run gradle/actions/setup-gradle@v4	2026-10-07T03:15:43.9137975Z ##[group]Restore Gradle state from cache
android	Run gradle/actions/setup-gradle@v4	2026-10-07T03:15:43.9896180Z Cache hit for restore-key: gradle-home-v1|Linux-X64|android[1b8766f93310b93e84da98e473f7fc1d]-cc799234e7daa3d8ccfde5673b9d07ccb2376742
android	Run gradle/actions/setup-gradle@v4	2026-10-07T03:15:44.1794746Z Received 713949 of 713949 (100.0%), 5.1 MBs/sec
android	Run gradle/actions/setup-gradle@v4	2026-10-07T03:15:44.1796900Z Cache Size: ~1 MB (713949 B)
android	Run gradle/actions/setup-gradle@v4	2026-10-07T03:15:44.1826009Z [command]/usr/bin/tar -xf /home/runner/work/_temp/1c8a986f-8b3b-4356-8f89-b73faa74e7d4/cache.tzst -P -C /home/runner/work/utopia/utopia --use-compress-program unzstd
android	Run gradle/actions/setup-gradle@v4	2026-10-07T03:15:44.2678419Z Cache restored successfully
android	Run gradle/actions/setup-gradle@v4	2026-10-07T03:15:44.2683668Z Restored cache entry with key gradle-home-v1|Linux-X64|android[1b8766f93310b93e84da98e473f7fc1d]-2decc71b2b9a3d0e66293498f4f1676e461da8da to /home/runner/.gradle/caches,/home/runner/.gradle/notifications,/home/runner/.gradle/.setup-gradle in 354ms
android	Run gradle/actions/setup-gradle@v4	2026-10-07T03:15:44.3386151Z Cache hit for: gradle-groovy-dsl-v1-e2ec42d797cb4be2d747722e2d84dca9
android	Run gradle/actions/setup-gradle@v4	2026-10-07T03:15:44.3393614Z Cache hit for: gradle-dependencies-v1-710a3b371db75b163f0594fc4e68cd08
android	Run gradle/actions/setup-gradle@v4	2026-10-07T03:15:44.3400503Z Cache hit for: gradle-transforms-v1-04f8cebaf638925c63d29d619f7661ad
android	Run gradle/actions/setup-gradle@v4	2026-10-07T03:15:44.3464116Z Cache hit for: gradle-generated-gradle-jars-v1-4434c59050703a48bf14168622b59891
android	Run gradle/actions/setup-gradle@v4	2026-10-07T03:15:44.3548471Z Cache hit for: gradle-instrumented-jars-v1-cd73d25b7cd3f1d494b489ad26f0525e
android	Run gradle/actions/setup-gradle@v4	2026-10-07T03:15:44.3558040Z Cache hit for: gradle-kotlin-dsl-v1-baf76ed15e589610ff45f4aa41b8b419
android	Run gradle/actions/setup-gradle@v4	2026-10-07T03:15:44.3616873Z Cache hit for: gradle-wrapper-zips-v1-5ae5d3da5e8e0c748d04bcdd9bc97bdb
android	Run gradle/actions/setup-gradle@v4	2026-10-07T03:15:44.5488779Z Received 122618 of 122618 (100.0%), 1.3 MBs/sec
android	Run gradle/actions/setup-gradle@v4	2026-10-07T03:15:44.5489705Z Cache Size: ~0 MB (122618 B)
android	Run gradle/actions/setup-gradle@v4	2026-10-07T03:15:44.6292719Z Received 195227 of 195227 (100.0%), 0.8 MBs/sec
android	Run gradle/actions/setup-gradle@v4	2026-10-07T03:15:44.6293469Z Cache Size: ~0 MB (195227 B)
android	Run gradle/actions/setup-gradle@v4	2026-10-07T03:15:44.6889922Z Received 102570 of 102570 (100.0%), 0.4 MBs/sec
android	Run gradle/actions/setup-gradle@v4	2026-10-07T03:15:44.6890803Z Cache Size: ~0 MB (102570 B)
android	Run gradle/actions/setup-gradle@v4	2026-10-07T03:15:44.9033798Z [command]/usr/bin/tar -xf /home/runner/work/_temp/7ff7ade5-ff02-44d6-a8d7-332fdd3c2fbd/cache.tzst -P -C /home/runner/work/utopia/utopia --use-compress-program unzstd
android	Run gradle/actions/setup-gradle@v4	2026-10-07T03:15:44.9544397Z Cache restored successfully
android	Run gradle/actions/setup-gradle@v4	2026-10-07T03:15:44.9567195Z [command]/usr/bin/tar -xf /home/runner/work/_temp/ff65aac3-4415-4a40-8eb5-4daa8f3aecf3/cache.tzst -P -C /home/runner/work/utopia/utopia --use-compress-program unzstd
android	Run gradle/actions/setup-gradle@v4	2026-10-07T03:15:44.9612723Z Restored cache entry with key gradle-instrumented-jars-v1-cd73d25b7cd3f1d494b489ad26f0525e to /home/runner/.gradle/caches/jars-*/*/ in 691ms
android	Run gradle/actions/setup-gradle@v4	2026-10-07T03:15:45.0360082Z Cache restored successfully
android	Run gradle/actions/setup-gradle@v4	2026-10-07T03:15:45.0378349Z Restored cache entry with key gradle-groovy-dsl-v1-e2ec42d797cb4be2d747722e2d84dca9 to /home/runner/.gradle/caches/*/groovy-dsl/*/ in 767ms
android	Run gradle/actions/setup-gradle@v4	2026-10-07T03:15:45.0801508Z [command]/usr/bin/tar -xf /home/runner/work/_temp/dbac43dc-2ae0-48e4-9f4c-da2ed230c7d7/cache.tzst -P -C /home/runner/work/utopia/utopia --use-compress-program unzstd
android	Run gradle/actions/setup-gradle@v4	2026-10-07T03:15:45.1879073Z Cache restored successfully
android	Run gradle/actions/setup-gradle@v4	2026-10-07T03:15:45.1944861Z Restored cache entry with key gradle-kotlin-dsl-v1-baf76ed15e589610ff45f4aa41b8b419 to /home/runner/.gradle/caches/*/kotlin-dsl/accessors/*/,/home/runner/.gradle/caches/*/kotlin-dsl/scripts/*/ in 923ms
android	Run gradle/actions/setup-gradle@v4	2026-10-07T03:15:45.3730571Z Received 88080384 of 138115156 (63.8%), 83.6 MBs/sec
android	Run gradle/actions/setup-gradle@v4	2026-10-07T03:15:45.4083501Z Received 33554432 of 41093001 (81.7%), 31.8 MBs/sec
android	Run gradle/actions/setup-gradle@v4	2026-10-07T03:15:45.4235522Z Received 25165824 of 218837890 (11.5%), 23.9 MBs/sec
android	Run gradle/actions/setup-gradle@v4	2026-10-07T03:15:45.4755959Z Received 54525952 of 136713466 (39.9%), 51.3 MBs/sec
android	Run gradle/actions/setup-gradle@v4	2026-10-07T03:15:45.7066452Z Received 41093001 of 41093001 (100.0%), 30.0 MBs/sec
android	Run gradle/actions/setup-gradle@v4	2026-10-07T03:15:45.7068955Z Cache Size: ~39 MB (41093001 B)
android	Run gradle/actions/setup-gradle@v4	2026-10-07T03:15:45.8483712Z [command]/usr/bin/tar -xf /home/runner/work/_temp/1f338293-8439-4b6f-b14f-eab4914da669/cache.tzst -P -C /home/runner/work/utopia/utopia --use-compress-program unzstd
android	Run gradle/actions/setup-gradle@v4	2026-10-07T03:15:46.0647009Z Received 136713466 of 136713466 (100.0%), 81.4 MBs/sec
android	Run gradle/actions/setup-gradle@v4	2026-10-07T03:15:46.0648507Z Cache Size: ~130 MB (136713466 B)
android	Run gradle/actions/setup-gradle@v4	2026-10-07T03:15:46.1348521Z Received 138115156 of 138115156 (100.0%), 74.6 MBs/sec
android	Run gradle/actions/setup-gradle@v4	2026-10-07T03:15:46.1349835Z Cache Size: ~132 MB (138115156 B)
android	Run gradle/actions/setup-gradle@v4	2026-10-07T03:15:46.1351875Z [command]/usr/bin/tar -xf /home/runner/work/_temp/0d6b27ac-fb08-499f-ad0e-cdb065c0a87e/cache.tzst -P -C /home/runner/work/utopia/utopia --use-compress-program unzstd
android	Run gradle/actions/setup-gradle@v4	2026-10-07T03:15:46.1615974Z [command]/usr/bin/tar -xf /home/runner/work/_temp/e2ad1222-6fe6-41c9-97f7-5d8330dfec2f/cache.tzst -P -C /home/runner/work/utopia/utopia --use-compress-program unzstd
android	Run gradle/actions/setup-gradle@v4	2026-10-07T03:15:46.2414102Z Cache restored successfully
android	Run gradle/actions/setup-gradle@v4	2026-10-07T03:15:46.2439330Z Restored cache entry with key gradle-generated-gradle-jars-v1-4434c59050703a48bf14168622b59891 to /home/runner/.gradle/caches/8.14.3/generated-gradle-jars/gradle-api-8.14.3.jar in 1974ms
android	Run gradle/actions/setup-gradle@v4	2026-10-07T03:15:46.4317008Z Received 167772160 of 218837890 (76.7%), 79.4 MBs/sec
android	Run gradle/actions/setup-gradle@v4	2026-10-07T03:15:46.5824268Z Cache restored successfully
android	Run gradle/actions/setup-gradle@v4	2026-10-07T03:15:46.5992502Z Restored cache entry with key gradle-wrapper-zips-v1-5ae5d3da5e8e0c748d04bcdd9bc97bdb to /home/runner/.gradle/wrapper/dists/gradle-8.14.3-bin/cv11ve7ro1n3o1j4so8xd9n66 in 2324ms
android	Run gradle/actions/setup-gradle@v4	2026-10-07T03:15:46.6274654Z Received 218837890 of 218837890 (100.0%), 94.4 MBs/sec
android	Run gradle/actions/setup-gradle@v4	2026-10-07T03:15:46.6277203Z Cache Size: ~209 MB (218837890 B)
android	Run gradle/actions/setup-gradle@v4	2026-10-07T03:15:46.6303895Z [command]/usr/bin/tar -xf /home/runner/work/_temp/7154d342-d68b-48b8-af80-4a74c993e36b/cache.tzst -P -C /home/runner/work/utopia/utopia --use-compress-program unzstd
android	Run gradle/actions/setup-gradle@v4	2026-10-07T03:15:47.0736683Z Cache restored successfully
android	Run gradle/actions/setup-gradle@v4	2026-10-07T03:15:47.0870366Z Restored cache entry with key gradle-dependencies-v1-710a3b371db75b163f0594fc4e68cd08 to /home/runner/.gradle/caches/modules-*/files-*/*/*/*/* in 2817ms
android	Run gradle/actions/setup-gradle@v4	2026-10-07T03:15:47.5042486Z Cache restored successfully
android	Run gradle/actions/setup-gradle@v4	2026-10-07T03:15:47.5101875Z Restored cache entry with key gradle-transforms-v1-04f8cebaf638925c63d29d619f7661ad to /home/runner/.gradle/caches/transforms-4/*/,/home/runner/.gradle/caches/*/transforms/*/ in 3240ms
android	Run gradle/actions/setup-gradle@v4	2026-10-07T03:15:47.5180661Z ##[endgroup]
android	Run gradle/actions/setup-gradle@v4	2026-10-07T03:15:47.5460042Z ##[group]All Gradle Wrapper jars are valid
android	Run gradle/actions/setup-gradle@v4	2026-10-07T03:15:47.5461397Z ✓ Found known Gradle Wrapper JAR files:
android	Run gradle/actions/setup-gradle@v4	2026-10-07T03:15:47.5462618Z   7d3a4ac4de1c32b59bc6a4eb8ecb8e612ccd0cf1ae1e99f66902da64df296172 apps/android/gradle/wrapper/gradle-wrapper.jar
android	Run gradle/actions/setup-gradle@v4	2026-10-07T03:15:47.5463525Z ##[endgroup]
android	Run bash gradlew :app:testDebugUnitTest :app:assembleDebug --console=plain	﻿2026-10-07T03:15:47.5657179Z ##[group]Run bash gradlew :app:testDebugUnitTest :app:assembleDebug --console=plain
android	Run bash gradlew :app:testDebugUnitTest :app:assembleDebug --console=plain	2026-10-07T03:15:47.5657887Z ^[[36;1mbash gradlew :app:testDebugUnitTest :app:assembleDebug --console=plain^[[0m
android	Run bash gradlew :app:testDebugUnitTest :app:assembleDebug --console=plain	2026-10-07T03:15:47.5723436Z shell: /usr/bin/bash -e {0}
android	Run bash gradlew :app:testDebugUnitTest :app:assembleDebug --console=plain	2026-10-07T03:15:47.5723745Z env:
android	Run bash gradlew :app:testDebugUnitTest :app:assembleDebug --console=plain	2026-10-07T03:15:47.5724109Z   JAVA_HOME: /opt/hostedtoolcache/Java_Temurin-Hotspot_jdk/21.0.12-1/x64
android	Run bash gradlew :app:testDebugUnitTest :app:assembleDebug --console=plain	2026-10-07T03:15:47.5724668Z   JAVA_HOME_21_X64: /opt/hostedtoolcache/Java_Temurin-Hotspot_jdk/21.0.12-1/x64
android	Run bash gradlew :app:testDebugUnitTest :app:assembleDebug --console=plain	2026-10-07T03:15:47.5725123Z   ANDROID_HOME: /usr/local/lib/android/sdk
android	Run bash gradlew :app:testDebugUnitTest :app:assembleDebug --console=plain	2026-10-07T03:15:47.5725480Z   ANDROID_SDK_ROOT: /usr/local/lib/android/sdk
android	Run bash gradlew :app:testDebugUnitTest :app:assembleDebug --console=plain	2026-10-07T03:15:47.5725850Z   GRADLE_ACTION_ID: gradle/actions/setup-gradle
android	Run bash gradlew :app:testDebugUnitTest :app:assembleDebug --console=plain	2026-10-07T03:15:47.5726374Z   GRADLE_USER_HOME: /home/runner/.gradle
android	Run bash gradlew :app:testDebugUnitTest :app:assembleDebug --console=plain	2026-10-07T03:15:47.5726716Z   GRADLE_BUILD_ACTION_SETUP_COMPLETED: true
android	Run bash gradlew :app:testDebugUnitTest :app:assembleDebug --console=plain	2026-10-07T03:15:47.5727057Z   GRADLE_BUILD_ACTION_CACHE_RESTORED: true
android	Run bash gradlew :app:testDebugUnitTest :app:assembleDebug --console=plain	2026-10-07T03:15:47.5727543Z   DEVELOCITY_INJECTION_INIT_SCRIPT_NAME: gradle-actions.inject-develocity.init.gradle
android	Run bash gradlew :app:testDebugUnitTest :app:assembleDebug --console=plain	2026-10-07T03:15:47.5728110Z   DEVELOCITY_INJECTION_CUSTOM_VALUE: gradle-actions
android	Run bash gradlew :app:testDebugUnitTest :app:assembleDebug --console=plain	2026-10-07T03:15:47.5728480Z   GITHUB_DEPENDENCY_GRAPH_ENABLED: false
android	Run bash gradlew :app:testDebugUnitTest :app:assembleDebug --console=plain	2026-10-07T03:15:47.5728791Z ##[endgroup]
android	Run bash gradlew :app:testDebugUnitTest :app:assembleDebug --console=plain	2026-10-07T03:15:48.7660486Z Starting a Gradle Daemon (subsequent builds will be faster)
android	Run bash gradlew :app:testDebugUnitTest :app:assembleDebug --console=plain	2026-10-07T03:16:01.8684442Z > Task :app:checkKotlinGradlePluginConfigurationErrors SKIPPED
android	Run bash gradlew :app:testDebugUnitTest :app:assembleDebug --console=plain	2026-10-07T03:16:01.9690611Z > Task :app:preBuild UP-TO-DATE
android	Run bash gradlew :app:testDebugUnitTest :app:assembleDebug --console=plain	2026-10-07T03:16:01.9712858Z > Task :app:preDebugBuild UP-TO-DATE
android	Run bash gradlew :app:testDebugUnitTest :app:assembleDebug --console=plain	2026-10-07T03:16:02.4655230Z > Task :app:checkDebugAarMetadata
android	Run bash gradlew :app:testDebugUnitTest :app:assembleDebug --console=plain	2026-10-07T03:16:02.4663142Z > Task :app:generateDebugResValues
android	Run bash gradlew :app:testDebugUnitTest :app:assembleDebug --console=plain	2026-10-07T03:16:02.4669326Z > Task :app:mapDebugSourceSetPaths
android	Run bash gradlew :app:testDebugUnitTest :app:assembleDebug --console=plain	2026-10-07T03:16:02.4670157Z > Task :app:generateDebugResources
android	Run bash gradlew :app:testDebugUnitTest :app:assembleDebug --console=plain	2026-10-07T03:16:04.0674449Z > Task :app:packageDebugResources
android	Run bash gradlew :app:testDebugUnitTest :app:assembleDebug --console=plain	2026-10-07T03:16:06.3700218Z > Task :app:createDebugCompatibleScreenManifests
android	Run bash gradlew :app:testDebugUnitTest :app:assembleDebug --console=plain	2026-10-07T03:16:06.3701149Z > Task :app:extractDeepLinksDebug
android	Run bash gradlew :app:testDebugUnitTest :app:assembleDebug --console=plain	2026-10-07T03:16:06.3701817Z > Task :app:mergeDebugResources
android	Run bash gradlew :app:testDebugUnitTest :app:assembleDebug --console=plain	2026-10-07T03:16:06.4673885Z > Task :app:parseDebugLocalResources
android	Run bash gradlew :app:testDebugUnitTest :app:assembleDebug --console=plain	2026-10-07T03:16:06.5675700Z > Task :app:processDebugMainManifest
android	Run bash gradlew :app:testDebugUnitTest :app:assembleDebug --console=plain	2026-10-07T03:16:06.7665333Z > Task :app:processDebugManifest
android	Run bash gradlew :app:testDebugUnitTest :app:assembleDebug --console=plain	2026-10-07T03:16:06.7678884Z > Task :app:processDebugManifestForPackage
android	Run bash gradlew :app:testDebugUnitTest :app:assembleDebug --console=plain	2026-10-07T03:16:06.7717736Z > Task :app:javaPreCompileDebug
android	Run bash gradlew :app:testDebugUnitTest :app:assembleDebug --console=plain	2026-10-07T03:16:06.9683541Z > Task :app:preDebugUnitTestBuild UP-TO-DATE
android	Run bash gradlew :app:testDebugUnitTest :app:assembleDebug --console=plain	2026-10-07T03:16:06.9693685Z > Task :app:mergeDebugNativeDebugMetadata NO-SOURCE
android	Run bash gradlew :app:testDebugUnitTest :app:assembleDebug --console=plain	2026-10-07T03:16:06.9722804Z > Task :app:javaPreCompileDebugUnitTest
android	Run bash gradlew :app:testDebugUnitTest :app:assembleDebug --console=plain	2026-10-07T03:16:06.9760893Z > Task :app:mergeDebugShaders
android	Run bash gradlew :app:testDebugUnitTest :app:assembleDebug --console=plain	2026-10-07T03:16:06.9812809Z > Task :app:compileDebugShaders NO-SOURCE
android	Run bash gradlew :app:testDebugUnitTest :app:assembleDebug --console=plain	2026-10-07T03:16:06.9872716Z > Task :app:generateDebugAssets UP-TO-DATE
android	Run bash gradlew :app:testDebugUnitTest :app:assembleDebug --console=plain	2026-10-07T03:16:07.0687955Z > Task :app:mergeDebugAssets
android	Run bash gradlew :app:testDebugUnitTest :app:assembleDebug --console=plain	2026-10-07T03:16:07.0695032Z > Task :app:compressDebugAssets
android	Run bash gradlew :app:testDebugUnitTest :app:assembleDebug --console=plain	2026-10-07T03:16:07.0695775Z > Task :app:desugarDebugFileDependencies
android	Run bash gradlew :app:testDebugUnitTest :app:assembleDebug --console=plain	2026-10-07T03:16:07.1664469Z > Task :app:mergeDebugJniLibFolders
android	Run bash gradlew :app:testDebugUnitTest :app:assembleDebug --console=plain	2026-10-07T03:16:07.2724272Z > Task :app:checkDebugDuplicateClasses
android	Run bash gradlew :app:testDebugUnitTest :app:assembleDebug --console=plain	2026-10-07T03:16:07.3655698Z > Task :app:mergeDebugNativeLibs
android	Run bash gradlew :app:testDebugUnitTest :app:assembleDebug --console=plain	2026-10-07T03:16:07.4666372Z > Task :app:processDebugResources
android	Run bash gradlew :app:testDebugUnitTest :app:assembleDebug --console=plain	2026-10-07T03:16:08.2696308Z > Task :app:mergeLibDexDebug
android	Run bash gradlew :app:testDebugUnitTest :app:assembleDebug --console=plain	2026-10-07T03:16:08.3682796Z 
android	Run bash gradlew :app:testDebugUnitTest :app:assembleDebug --console=plain	2026-10-07T03:16:08.3699568Z > Task :app:stripDebugDebugSymbols
android	Run bash gradlew :app:testDebugUnitTest :app:assembleDebug --console=plain	2026-10-07T03:16:08.3740492Z Unable to strip the following libraries, packaging them as they are: libandroidx.graphics.path.so. Run with --info option to learn more.
android	Run bash gradlew :app:testDebugUnitTest :app:assembleDebug --console=plain	2026-10-07T03:16:11.0672689Z 
android	Run bash gradlew :app:testDebugUnitTest :app:assembleDebug --console=plain	2026-10-07T03:16:11.0703468Z > Task :app:validateSigningDebug
android	Run bash gradlew :app:testDebugUnitTest :app:assembleDebug --console=plain	2026-10-07T03:16:11.0722602Z > Task :app:writeDebugAppMetadata
android	Run bash gradlew :app:testDebugUnitTest :app:assembleDebug --console=plain	2026-10-07T03:16:11.0749986Z > Task :app:writeDebugSigningConfigVersions
android	Run bash gradlew :app:testDebugUnitTest :app:assembleDebug --console=plain	2026-10-07T03:16:17.7661740Z > Task :app:mergeExtDexDebug
android	Run bash gradlew :app:testDebugUnitTest :app:assembleDebug --console=plain	2026-10-07T03:16:37.3674896Z 
android	Run bash gradlew :app:testDebugUnitTest :app:assembleDebug --console=plain	2026-10-07T03:16:37.3703292Z > Task :app:compileDebugKotlin
android	Run bash gradlew :app:testDebugUnitTest :app:assembleDebug --console=plain	2026-10-07T03:16:37.3707399Z w: file:///home/runner/work/utopia/utopia/apps/android/app/src/main/java/city/utopia/control/AutoZoomCaptureActivity.kt:24:31 'val isZoomSupported: Boolean' is deprecated. Deprecated in Java.
android	Run bash gradlew :app:testDebugUnitTest :app:assembleDebug --console=plain	2026-10-07T03:16:37.3734279Z w: file:///home/runner/work/utopia/utopia/apps/android/app/src/main/java/city/utopia/control/AutoZoomCaptureActivity.kt:24:59 'val zoomRatios: (Mutable)List<Int!>!' is deprecated. Deprecated in Java.
android	Run bash gradlew :app:testDebugUnitTest :app:assembleDebug --console=plain	2026-10-07T03:16:37.3764036Z w: file:///home/runner/work/utopia/utopia/apps/android/app/src/main/java/city/utopia/control/AutoZoomCaptureActivity.kt:25:51 'val maxZoom: Int' is deprecated. Deprecated in Java.
android	Run bash gradlew :app:testDebugUnitTest :app:assembleDebug --console=plain	2026-10-07T03:16:37.3794621Z w: file:///home/runner/work/utopia/utopia/apps/android/app/src/main/java/city/utopia/control/AutoZoomCaptureActivity.kt:27:48 'var zoom: Int' is deprecated. Deprecated in Java.
android	Run bash gradlew :app:testDebugUnitTest :app:assembleDebug --console=plain	2026-10-07T03:16:37.3797808Z w: file:///home/runner/work/utopia/utopia/apps/android/app/src/main/java/city/utopia/control/AutoZoomCaptureActivity.kt:28:36 'var zoom: Int' is deprecated. Deprecated in Java.
android	Run bash gradlew :app:testDebugUnitTest :app:assembleDebug --console=plain	2026-10-07T03:16:37.3800768Z w: file:///home/runner/work/utopia/utopia/apps/android/app/src/main/java/city/utopia/control/AutoZoomCaptureActivity.kt:31:62 'val isZoomSupported: Boolean' is deprecated. Deprecated in Java.
android	Run bash gradlew :app:testDebugUnitTest :app:assembleDebug --console=plain	2026-10-07T03:16:37.3834176Z w: file:///home/runner/work/utopia/utopia/apps/android/app/src/main/java/city/utopia/control/AutoZoomCaptureActivity.kt:34:36 'var focusMode: String!' is deprecated. Deprecated in Java.
android	Run bash gradlew :app:testDebugUnitTest :app:assembleDebug --console=plain	2026-10-07T03:16:37.3837645Z w: file:///home/runner/work/utopia/utopia/apps/android/app/src/main/java/city/utopia/control/CityDiscovery.kt:31:94 'fun resolveService(p0: NsdServiceInfo!, p1: NsdManager.ResolveListener!): Unit' is deprecated. Deprecated in Java.
android	Run bash gradlew :app:testDebugUnitTest :app:assembleDebug --console=plain	2026-10-07T03:16:37.3840820Z w: file:///home/runner/work/utopia/utopia/apps/android/app/src/main/java/city/utopia/control/CityDiscovery.kt:33:382 'var host: InetAddress!' is deprecated. Deprecated in Java.
android	Run bash gradlew :app:testDebugUnitTest :app:assembleDebug --console=plain	2026-10-07T03:16:37.3844021Z w: file:///home/runner/work/utopia/utopia/apps/android/app/src/main/java/city/utopia/control/Devices.kt:39:66 Java type mismatch: inferred type is 'Nothing?', but 'String' was expected.
android	Run bash gradlew :app:testDebugUnitTest :app:assembleDebug --console=plain	2026-10-07T03:16:37.3847933Z w: file:///home/runner/work/utopia/utopia/apps/android/app/src/main/java/city/utopia/control/Devices.kt:44:58 Java type mismatch: inferred type is 'Nothing?', but 'String' was expected.
android	Run bash gradlew :app:testDebugUnitTest :app:assembleDebug --console=plain	2026-10-07T03:16:37.3851005Z w: file:///home/runner/work/utopia/utopia/apps/android/app/src/main/java/city/utopia/control/MainActivity.kt:175:389 Only safe (?.) or non-null asserted (!!.) calls are allowed on a nullable receiver of type 'Any?'.
android	Run bash gradlew :app:testDebugUnitTest :app:assembleDebug --console=plain	2026-10-07T03:16:37.3854437Z w: file:///home/runner/work/utopia/utopia/apps/android/app/src/main/java/city/utopia/control/MainActivity.kt:175:495 Only safe (?.) or non-null asserted (!!.) calls are allowed on a nullable receiver of type 'Any?'.
android	Run bash gradlew :app:testDebugUnitTest :app:assembleDebug --console=plain	2026-10-07T03:16:37.5702725Z 
android	Run bash gradlew :app:testDebugUnitTest :app:assembleDebug --console=plain	2026-10-07T03:16:37.5713281Z > Task :app:compileDebugJavaWithJavac NO-SOURCE
android	Run bash gradlew :app:testDebugUnitTest :app:assembleDebug --console=plain	2026-10-07T03:16:37.5736186Z > Task :app:processDebugJavaRes
android	Run bash gradlew :app:testDebugUnitTest :app:assembleDebug --console=plain	2026-10-07T03:16:37.6657153Z > Task :app:bundleDebugClassesToRuntimeJar
android	Run bash gradlew :app:testDebugUnitTest :app:assembleDebug --console=plain	2026-10-07T03:16:37.6715840Z > Task :app:bundleDebugClassesToCompileJar
android	Run bash gradlew :app:testDebugUnitTest :app:assembleDebug --console=plain	2026-10-07T03:16:43.6671016Z > Task :app:dexBuilderDebug
android	Run bash gradlew :app:testDebugUnitTest :app:assembleDebug --console=plain	2026-10-07T03:16:44.3713472Z > Task :app:mergeDebugGlobalSynthetics
android	Run bash gradlew :app:testDebugUnitTest :app:assembleDebug --console=plain	2026-10-07T03:16:45.1663714Z > Task :app:mergeProjectDexDebug
android	Run bash gradlew :app:testDebugUnitTest :app:assembleDebug --console=plain	2026-10-07T03:16:46.0673392Z > Task :app:mergeDebugJavaResource
android	Run bash gradlew :app:testDebugUnitTest :app:assembleDebug --console=plain	2026-10-07T03:16:46.6655143Z > Task :app:packageDebug
android	Run bash gradlew :app:testDebugUnitTest :app:assembleDebug --console=plain	2026-10-07T03:16:46.6656294Z > Task :app:createDebugApkListingFileRedirect
android	Run bash gradlew :app:testDebugUnitTest :app:assembleDebug --console=plain	2026-10-07T03:16:46.6657672Z > Task :app:assembleDebug
android	Run bash gradlew :app:testDebugUnitTest :app:assembleDebug --console=plain	2026-10-07T03:16:47.5693384Z > Task :app:compileDebugUnitTestKotlin
android	Run bash gradlew :app:testDebugUnitTest :app:assembleDebug --console=plain	2026-10-07T03:16:47.5694875Z > Task :app:compileDebugUnitTestJavaWithJavac NO-SOURCE
android	Run bash gradlew :app:testDebugUnitTest :app:assembleDebug --console=plain	2026-10-07T03:16:47.6663224Z > Task :app:processDebugUnitTestJavaRes
android	Run bash gradlew :app:testDebugUnitTest :app:assembleDebug --console=plain	2026-10-07T03:16:49.0656777Z > Task :app:testDebugUnitTest
android	Run bash gradlew :app:testDebugUnitTest :app:assembleDebug --console=plain	2026-10-07T03:16:49.0661259Z gradle/actions: Writing build results to /home/runner/work/_temp/.gradle-actions/build-results/__run_2-1791342954520.json
android	Run bash gradlew :app:testDebugUnitTest :app:assembleDebug --console=plain	2026-10-07T03:16:49.0662716Z 
android	Run bash gradlew :app:testDebugUnitTest :app:assembleDebug --console=plain	2026-10-07T03:16:49.0663226Z BUILD SUCCESSFUL in 1m 1s
android	Run bash gradlew :app:testDebugUnitTest :app:assembleDebug --console=plain	2026-10-07T03:16:49.0664023Z 41 actionable tasks: 41 executed
android	Run actions/upload-artifact@v4	﻿2026-10-07T03:16:49.4555195Z ##[group]Run actions/upload-artifact@v4
android	Run actions/upload-artifact@v4	2026-10-07T03:16:49.4555566Z with:
android	Run actions/upload-artifact@v4	2026-10-07T03:16:49.4555812Z   name: utopia-debug-apk
android	Run actions/upload-artifact@v4	2026-10-07T03:16:49.4556182Z   path: apps/android/app/build/outputs/apk/debug/app-debug.apk
android	Run actions/upload-artifact@v4	2026-10-07T03:16:49.4556582Z   if-no-files-found: warn
android	Run actions/upload-artifact@v4	2026-10-07T03:16:49.4556861Z   compression-level: 6
android	Run actions/upload-artifact@v4	2026-10-07T03:16:49.4557126Z   overwrite: false
android	Run actions/upload-artifact@v4	2026-10-07T03:16:49.4557385Z   include-hidden-files: false
android	Run actions/upload-artifact@v4	2026-10-07T03:16:49.4557662Z env:
android	Run actions/upload-artifact@v4	2026-10-07T03:16:49.4558002Z   JAVA_HOME: /opt/hostedtoolcache/Java_Temurin-Hotspot_jdk/21.0.12-1/x64
android	Run actions/upload-artifact@v4	2026-10-07T03:16:49.4558546Z   JAVA_HOME_21_X64: /opt/hostedtoolcache/Java_Temurin-Hotspot_jdk/21.0.12-1/x64
android	Run actions/upload-artifact@v4	2026-10-07T03:16:49.4559187Z   ANDROID_HOME: /usr/local/lib/android/sdk
android	Run actions/upload-artifact@v4	2026-10-07T03:16:49.4559533Z   ANDROID_SDK_ROOT: /usr/local/lib/android/sdk
android	Run actions/upload-artifact@v4	2026-10-07T03:16:49.4559894Z   GRADLE_ACTION_ID: gradle/actions/setup-gradle
android	Run actions/upload-artifact@v4	2026-10-07T03:16:49.4560293Z   GRADLE_USER_HOME: /home/runner/.gradle
android	Run actions/upload-artifact@v4	2026-10-07T03:16:49.4560629Z   GRADLE_BUILD_ACTION_SETUP_COMPLETED: true
android	Run actions/upload-artifact@v4	2026-10-07T03:16:49.4560997Z   GRADLE_BUILD_ACTION_CACHE_RESTORED: true
android	Run actions/upload-artifact@v4	2026-10-07T03:16:49.4561476Z   DEVELOCITY_INJECTION_INIT_SCRIPT_NAME: gradle-actions.inject-develocity.init.gradle
android	Run actions/upload-artifact@v4	2026-10-07T03:16:49.4562300Z   DEVELOCITY_INJECTION_CUSTOM_VALUE: gradle-actions
android	Run actions/upload-artifact@v4	2026-10-07T03:16:49.4562684Z   GITHUB_DEPENDENCY_GRAPH_ENABLED: false
android	Run actions/upload-artifact@v4	2026-10-07T03:16:49.4562998Z ##[endgroup]
android	Run actions/upload-artifact@v4	2026-10-07T03:16:49.6208237Z (node:2928) [DEP0040] DeprecationWarning: The `punycode` module is deprecated. Please use a userland alternative instead.
android	Run actions/upload-artifact@v4	2026-10-07T03:16:49.6209145Z (Use `node --trace-deprecation ...` to show where the warning was created)
android	Run actions/upload-artifact@v4	2026-10-07T03:16:49.6257570Z With the provided path, there will be 1 file uploaded
android	Run actions/upload-artifact@v4	2026-10-07T03:16:49.6264276Z Artifact name is valid!
android	Run actions/upload-artifact@v4	2026-10-07T03:16:49.6265321Z Root directory input is valid!
android	Run actions/upload-artifact@v4	2026-10-07T03:16:49.8760732Z Beginning upload of artifact content to blob storage
android	Run actions/upload-artifact@v4	2026-10-07T03:16:50.1505472Z (node:2928) [DEP0169] DeprecationWarning: `url.parse()` behavior is not standardized and prone to errors that have security implications. Use the WHATWG URL API instead. CVEs are not issued for `url.parse()` vulnerabilities.
android	Run actions/upload-artifact@v4	2026-10-07T03:16:50.3833218Z Uploaded bytes 8388608
android	Run actions/upload-artifact@v4	2026-10-07T03:16:50.4520830Z Uploaded bytes 10210292
android	Run actions/upload-artifact@v4	2026-10-07T03:16:50.4690029Z Finished uploading artifact content to blob storage!
android	Run actions/upload-artifact@v4	2026-10-07T03:16:50.4691575Z SHA256 digest of uploaded artifact zip is 3aa1a2270685a3d3f27f99fb7ee69ec306c9db18e163d142e814dcb66dbaae88
android	Run actions/upload-artifact@v4	2026-10-07T03:16:50.4693530Z Finalizing artifact upload
android	Run actions/upload-artifact@v4	2026-10-07T03:16:50.6592608Z Artifact utopia-debug-apk.zip successfully finalized. Artifact ID 11459060216
android	Run actions/upload-artifact@v4	2026-10-07T03:16:50.6593853Z Artifact utopia-debug-apk has been successfully uploaded! Final size is 10210292 bytes. Artifact ID is 11459060216
android	Run actions/upload-artifact@v4	2026-10-07T03:16:50.6599160Z Artifact download URL: https://github.com/zhiheng-zhang-Mera/utopia/actions/runs/37565891461/artifacts/11459060216
android	Post Run gradle/actions/setup-gradle@v4	﻿2026-10-07T03:16:50.6837268Z Post job cleanup.
android	Post Run gradle/actions/setup-gradle@v4	2026-10-07T03:16:50.9199073Z In post-action step
android	Post Run gradle/actions/setup-gradle@v4	2026-10-07T03:16:50.9209653Z Cache is read-only: will not save state for use in subsequent builds.
android	Post Run gradle/actions/setup-gradle@v4	2026-10-07T03:16:50.9216849Z Generating Job Summary
android	Post Run gradle/actions/setup-gradle@v4	2026-10-07T03:16:50.9246422Z Completed post-action step
android	Post Run actions/setup-java@v4	﻿2026-10-07T03:16:50.9512653Z Post job cleanup.
android	Post Run actions/setup-java@v4	2026-10-07T03:16:51.0870302Z (node:2953) [DEP0040] DeprecationWarning: The `punycode` module is deprecated. Please use a userland alternative instead.
android	Post Run actions/setup-java@v4	2026-10-07T03:16:51.0871324Z (Use `node --trace-deprecation ...` to show where the warning was created)
android	Post Run actions/checkout@v4	﻿2026-10-07T03:16:51.1087829Z Post job cleanup.
android	Post Run actions/checkout@v4	2026-10-07T03:16:51.2072987Z [command]/usr/bin/git version
android	Post Run actions/checkout@v4	2026-10-07T03:16:51.2102842Z git version 2.55.0
android	Post Run actions/checkout@v4	2026-10-07T03:16:51.2140723Z Temporarily overriding HOME='/home/runner/work/_temp/c22750b2-165d-4324-b472-df51c59ee097' before making global git config changes
android	Post Run actions/checkout@v4	2026-10-07T03:16:51.2143325Z Adding repository directory to the temporary git global config as a safe directory
android	Post Run actions/checkout@v4	2026-10-07T03:16:51.2146901Z [command]/usr/bin/git config --global --add safe.directory /home/runner/work/utopia/utopia
android	Post Run actions/checkout@v4	2026-10-07T03:16:51.2192756Z [command]/usr/bin/git config --local --name-only --get-regexp core\.sshCommand
android	Post Run actions/checkout@v4	2026-10-07T03:16:51.2230673Z [command]/usr/bin/git submodule foreach --recursive sh -c "git config --local --name-only --get-regexp 'core\.sshCommand' && git config --local --unset-all 'core.sshCommand' || :"
android	Post Run actions/checkout@v4	2026-10-07T03:16:51.2553126Z [command]/usr/bin/git config --local --name-only --get-regexp http\.https\:\/\/github\.com\/\.extraheader
android	Post Run actions/checkout@v4	2026-10-07T03:16:51.2583049Z http.https://github.com/.extraheader
android	Post Run actions/checkout@v4	2026-10-07T03:16:51.2589572Z [command]/usr/bin/git config --local --unset-all http.https://github.com/.extraheader
android	Post Run actions/checkout@v4	2026-10-07T03:16:51.2623828Z [command]/usr/bin/git submodule foreach --recursive sh -c "git config --local --name-only --get-regexp 'http\.https\:\/\/github\.com\/\.extraheader' && git config --local --unset-all 'http.https://github.com/.extraheader' || :"
android	Post Run actions/checkout@v4	2026-10-07T03:16:51.2883217Z [command]/usr/bin/git config --local --name-only --get-regexp ^includeIf\.gitdir:
android	Post Run actions/checkout@v4	2026-10-07T03:16:51.2920470Z [command]/usr/bin/git submodule foreach --recursive git config --local --show-origin --name-only --get-regexp remote.origin.url
android	Complete job	﻿2026-10-07T03:16:51.3315624Z Cleaning up orphan processes
android	Complete job	2026-10-07T03:16:51.3635950Z Terminate orphan process: pid (2682) (java)
android	Complete job	2026-10-07T03:16:51.3702134Z Terminate orphan process: pid (2799) (java)
android	Complete job	2026-10-07T03:16:51.3714088Z ##[warning]Node.js 20 is deprecated. The following actions target Node.js 20 but are being forced to run on Node.js 24: actions/checkout@v4, actions/setup-java@v4, actions/upload-artifact@v4, android-actions/setup-android@v3, gradle/actions/setup-gradle@v4. For more information see: https://github.blog/changelog/2025-09-19-deprecation-of-node-20-on-github-actions-runners/
