gateway-web	Run pnpm test	﻿2026-10-04T17:40:55.2667184Z ##[group]Run pnpm test
gateway-web	Run pnpm test	2026-10-04T17:40:55.2667653Z ^[[36;1mpnpm test^[[0m
gateway-web	Run pnpm test	2026-10-04T17:40:55.2763728Z shell: C:\Program Files\PowerShell\7\pwsh.EXE -command ". '{0}'"
gateway-web	Run pnpm test	2026-10-04T17:40:55.2764292Z env:
gateway-web	Run pnpm test	2026-10-04T17:40:55.2764772Z   PNPM_HOME: C:\Users\runneradmin\setup-pnpm\node_modules\.bin
gateway-web	Run pnpm test	2026-10-04T17:40:55.2765318Z ##[endgroup]
gateway-web	Run pnpm test	2026-10-04T17:40:56.1594022Z $ node --test tests/*.test.mjs
gateway-web	Run pnpm test	2026-10-04T17:40:56.3558387Z ✔ UXI-301 android: the Kotlin term table equals the contract EXACTLY, in both directions (3.7946ms)
gateway-web	Run pnpm test	2026-10-04T17:40:56.3590369Z ✔ UXI-301 android: the Kotlin state and action tables equal the contract (0.6021ms)
gateway-web	Run pnpm test	2026-10-04T17:40:56.3618555Z ✔ UXI-301 android: Kotlin severity agrees with the contract class wherever the class carries meaning (0.5987ms)
gateway-web	Run pnpm test	2026-10-04T17:40:56.3692958Z ✔ UXI-301 android: the parity guard would actually fail on drift (0.4054ms)
gateway-web	Run pnpm test	2026-10-04T17:40:56.3695663Z ✔ UXI-390: Android action wiring equals the web surface wiring map (1.0709ms)
gateway-web	Run pnpm test	2026-10-04T17:40:56.3915819Z ✔ Android UI evidence parser preserves single-quoted JSON and double-quoted attributes (2.7892ms)
gateway-web	Run pnpm test	2026-10-04T17:40:56.3970105Z ✔ a committed record from one embodiment is visible to another embodiment of the same assistant (4.9295ms)
gateway-web	Run pnpm test	2026-10-04T17:40:56.4033201Z ✔ two embodiments keep different local context while sharing one authoritative identity (2.2796ms)
gateway-web	Run pnpm test	2026-10-04T17:40:56.4037218Z ✔ disconnecting one embodiment does not terminate the assistant while another remains (0.964ms)
gateway-web	Run pnpm test	2026-10-04T17:40:56.4040518Z ✔ embodiment-local transient state never leaks into shared state unless promoted (2.1696ms)
gateway-web	Run pnpm test	2026-10-04T17:40:56.4048426Z ✔ concurrent promotion attempts are settled by revision checks, not last-writer-wins (1.0157ms)
gateway-web	Run pnpm test	2026-10-04T17:40:56.4116359Z ✔ promotion is idempotent and rejects key reuse with a different payload (0.8463ms)
gateway-web	Run pnpm test	2026-10-04T17:40:56.4119541Z ✔ authoritative state never holds user identity, authority or raw secrets (1.8699ms)
gateway-web	Run pnpm test	2026-10-04T17:40:56.4121751Z ✔ disclosure is limited by audience and requested scopes (2.4922ms)
gateway-web	Run pnpm test	2026-10-04T17:40:56.4124784Z ✔ recovery keeps the logical assistant and its durable records across a restart (1.2104ms)
gateway-web	Run pnpm test	2026-10-04T17:40:56.4149375Z ✔ a process restart refuses old sessions and stale local scratch as authority (1.3485ms)
gateway-web	Run pnpm test	2026-10-04T17:40:56.4153966Z ✔ in-process recovery expires live sessions until the device re-fetches authority (0.9826ms)
gateway-web	Run pnpm test	2026-10-04T17:40:56.4178322Z ✔ one expired embodiment does not disturb the other embodiments of the same assistant (0.8773ms)
gateway-web	Run pnpm test	2026-10-04T17:40:56.4180959Z ✔ the assistant profile port is a versioned seam with a deterministic double (0.705ms)
gateway-web	Run pnpm test	2026-10-04T17:40:56.4182617Z ✔ core contract flags state the one-identity-many-projections invariant (0.9425ms)
gateway-web	Run pnpm test	2026-10-04T17:40:56.4184823Z ✔ authority and user-identity state cannot be promoted under a different spelling (1.0594ms)
gateway-web	Run pnpm test	2026-10-04T17:40:56.4192649Z ✔ a raw secret cannot be promoted under a plural or camelCase spelling (0.3799ms)
gateway-web	Run pnpm test	2026-10-04T17:40:56.4194213Z ✔ an embodiment reference from a previous epoch never names a live embodiment (0.6696ms)
gateway-web	Run pnpm test	2026-10-04T17:40:56.4196423Z ✔ a tampered snapshot cannot install authority, a secret, an unpromotable scope or an unknown audience as truth (1.72ms)
gateway-web	Run pnpm test	2026-10-04T17:40:56.4199739Z ✔ a retry carrying a different payload is refused, not silently replayed (0.5038ms)
gateway-web	Run pnpm test	2026-10-04T17:40:56.5093764Z ✔ two assistants hold different duties and proactivity over one authorized user context (7.673ms)
gateway-web	Run pnpm test	2026-10-04T17:40:56.5118415Z ✔ out-of-duty requests are refused or delegated without changing permissions (1.2786ms)
gateway-web	Run pnpm test	2026-10-04T17:40:56.5147198Z ✔ effective permission is the four-axis intersection and a lease never substitutes for it (2.8967ms)
gateway-web	Run pnpm test	2026-10-04T17:40:56.5263256Z ✔ a handoff to a less-privileged assistant stays less privileged (1.1458ms)
gateway-web	Run pnpm test	2026-10-04T17:40:56.5269499Z ✔ permission is recomputed after handoff, device change, reconnect and capability change (1.899ms)
gateway-web	Run pnpm test	2026-10-04T17:40:56.5273102Z ✔ proactivity levels bound initiative and notification audiences (1.3411ms)
gateway-web	Run pnpm test	2026-10-04T17:40:56.5296613Z ✔ the policy engine is strict, frozen, observable and independent (2.5458ms)
gateway-web	Run pnpm test	2026-10-04T17:40:56.5298379Z ✔ the deployment policy is validated and its ceiling cannot be removed (0.7298ms)
gateway-web	Run pnpm test	2026-10-04T17:40:56.5304858Z ✔ the confirmation floor comes from the deployment policy, not from the assistant (0.8317ms)
gateway-web	Run pnpm test	2026-10-04T17:40:56.5319954Z ✔ notification audiences are a list of references, not a substring match (0.7825ms)
gateway-web	Run pnpm test	2026-10-04T17:40:56.5324438Z ✔ a handoff payload cannot carry authority whatever its shape (1.5944ms)
gateway-web	Run pnpm test	2026-10-04T17:40:56.5352342Z ✔ the assistant axis is the registry own duty policy and the Core axes say so (0.8432ms)
gateway-web	Run pnpm test	2026-10-04T17:40:56.5396231Z ✔ an uninterpretable instant is refused rather than recorded (0.73ms)
gateway-web	Run pnpm test	2026-10-04T17:40:56.5399748Z ✔ the duty gate is about the action, and a named duty only narrows it (0.6147ms)
gateway-web	Run pnpm test	2026-10-04T17:40:56.5416357Z ✔ a handoff carries the capability factor and reports relative privilege honestly (0.6084ms)
gateway-web	Run pnpm test	2026-10-04T17:40:56.5437530Z ✔ a lease must be unexpired and held here to count as execution safety (0.7997ms)
gateway-web	Run pnpm test	2026-10-04T17:40:56.5444128Z ✔ a recomputation supersedes the decisions it replaces, and ids are registry scoped (0.8948ms)
gateway-web	Run pnpm test	2026-10-04T17:40:56.5554832Z ✔ embodiment events are the canonical Assistant model and transport stays non-canonical (6.6756ms)
gateway-web	Run pnpm test	2026-10-04T17:40:56.5569797Z ✔ contradictory commands from two devices cannot produce two exclusive side effects (4.0873ms)
gateway-web	Run pnpm test	2026-10-04T17:40:56.5572488Z ✔ retries and replays with the same action key never duplicate the external side effect (1.7628ms)
gateway-web	Run pnpm test	2026-10-04T17:40:56.5576926Z ✔ lease expiry, revocation and reassignment are authoritative and observable (2.687ms)
gateway-web	Run pnpm test	2026-10-04T17:40:56.5597767Z ✔ after a disconnect nothing resumes on a stale local lease (2.645ms)
gateway-web	Run pnpm test	2026-10-04T17:40:56.5647787Z ✔ output routing respects availability, foreground and privacy without broadcasting (1.5288ms)
gateway-web	Run pnpm test	2026-10-04T17:40:56.5650382Z ✔ the bus is strict, frozen and free of ambient state (1.1535ms)
gateway-web	Run pnpm test	2026-10-04T17:40:56.5711711Z ✔ the canonical contract allow-list is decided by own keys (0.4625ms)
gateway-web	Run pnpm test	2026-10-04T17:40:56.5738438Z ✔ a caller instant must be real, not merely well shaped (1.0572ms)
gateway-web	Run pnpm test	2026-10-04T17:40:56.5766949Z ✔ the bus policy bounds are validated rather than trusted (9.0247ms)
gateway-web	Run pnpm test	2026-10-04T17:40:56.5790270Z ✔ a reconnecting device never revives a lease another holder has taken over (1.0642ms)
gateway-web	Run pnpm test	2026-10-04T17:40:56.5794919Z ✔ an action key stays the same action across renewal and reassignment (0.6459ms)
gateway-web	Run pnpm test	2026-10-04T17:40:56.5805339Z ✔ renewal retires the previous lease reference instead of aliasing it (1.6815ms)
gateway-web	Run pnpm test	2026-10-04T17:40:56.5810352Z ✔ authority is never anonymous: acting on a lease needs the holder it names (1.6376ms)
gateway-web	Run pnpm test	2026-10-04T17:40:56.5812893Z ✔ an expired lease cannot be revived with a backdated instant (1.0006ms)
gateway-web	Run pnpm test	2026-10-04T17:40:56.5820990Z ✔ reconciliation requires an authoritative lease inventory (1.0019ms)
gateway-web	Run pnpm test	2026-10-04T17:40:56.5829447Z ✔ routing never delivers to a device the bus knows is disconnected (0.4517ms)
gateway-web	Run pnpm test	2026-10-04T17:40:56.5831952Z ✔ staleness and replay absorption do not depend on an optional command reference (0.9147ms)
gateway-web	Run pnpm test	2026-10-04T17:40:56.5835038Z ✔ a refused reconciliation grants no authority (0.7994ms)
gateway-web	Run pnpm test	2026-10-04T17:40:56.5858325Z ✔ the canonical event carries the declared identity and transport correlation (0.5053ms)
gateway-web	Run pnpm test	2026-10-04T17:40:56.5890612Z ✔ an envelope field is validated and used exactly once (0.4573ms)
gateway-web	Run pnpm test	2026-10-04T17:40:56.5905075Z ✔ exclusivity is a boolean grant, not a truthy flag (0.6324ms)
gateway-web	Run pnpm test	2026-10-04T17:40:56.5915736Z ✔ an instant helper that guards decisions is not shape-only (0.185ms)
gateway-web	Run pnpm test	2026-10-04T17:40:56.6061609Z ✔ an embodiment descriptor references Remote Fabric identity and never mints its own (9.2857ms)
gateway-web	Run pnpm test	2026-10-04T17:40:56.6115516Z ✔ a device without cross-device identity is representable, and says so (0.7141ms)
gateway-web	Run pnpm test	2026-10-04T17:40:56.6119992Z ✔ descriptor vocabularies are closed and unknown values are refused (4.1199ms)
gateway-web	Run pnpm test	2026-10-04T17:40:56.6143207Z ✔ one logical assistant inhabits PC and Android at the same time (3.1469ms)
gateway-web	Run pnpm test	2026-10-04T17:40:56.6152625Z ✔ a device refuses a second simultaneous foreground assistant (1.3949ms)
gateway-web	Run pnpm test	2026-10-04T17:40:56.6154752Z ✔ detaching the foreground assistant releases the binding (0.8483ms)
gateway-web	Run pnpm test	2026-10-04T17:40:56.6167386Z ✔ foreground A->B switches cleanly and releases the outgoing local context (1.175ms)
gateway-web	Run pnpm test	2026-10-04T17:40:56.6191056Z ✔ a stale foreground view cannot take the device over (1.0488ms)
gateway-web	Run pnpm test	2026-10-04T17:40:56.6208188Z ✔ a foreground switch leaves an unrelated background task owned, executing and uncancelled (18.8056ms)
gateway-web	Run pnpm test	2026-10-04T17:40:56.6218395Z ✔ device-local context stays per-device and never becomes authoritative (1.3918ms)
gateway-web	Run pnpm test	2026-10-04T17:40:56.6237591Z ✔ binding reconstructs from authoritative state after a restart (2.0439ms)
gateway-web	Run pnpm test	2026-10-04T17:40:56.6243778Z ✔ a reconnecting device is refused when its local belief disagrees with authority (1.23ms)
gateway-web	Run pnpm test	2026-10-04T17:40:56.6263710Z ✔ one assistant on many devices keeps each device independent (3.7377ms)
gateway-web	Run pnpm test	2026-10-04T17:40:56.6266919Z ✔ duplicate device identity and unknown embodiments are refused (1.137ms)
gateway-web	Run pnpm test	2026-10-04T17:40:56.6269346Z ✔ undeclared keys inherited from Object.prototype are refused, and a prototype key never is a descriptor field (1.3857ms)
gateway-web	Run pnpm test	2026-10-04T17:40:56.6289834Z ✔ a competing physical-device identity is refused in every spelling (3.793ms)
gateway-web	Run pnpm test	2026-10-04T17:40:56.6329452Z ✔ a foreground binding reference is never re-issued across a restart (5.2482ms)
gateway-web	Run pnpm test	2026-10-04T17:40:56.6372996Z ✔ a physical device cannot be claimed twice, including by refreshing an unidentified embodiment (0.8535ms)
gateway-web	Run pnpm test	2026-10-04T17:40:56.6375356Z ✔ the single-foreground invariant is derived from physical device identity (0.8521ms)
gateway-web	Run pnpm test	2026-10-04T17:40:56.6378301Z ✔ a restored binding keeps its recovery provenance on every later read (0.6555ms)
gateway-web	Run pnpm test	2026-10-04T17:40:56.6406267Z ✔ the foreground compare-and-set token is the binding reference, not the assistant (0.488ms)
gateway-web	Run pnpm test	2026-10-04T17:40:56.6407933Z ✔ re-attaching with a different session is a session change, not an idempotent repeat (0.4894ms)
gateway-web	Run pnpm test	2026-10-04T17:40:56.6799518Z ✔ switching the foreground assistant touches no task (3.4521ms)
gateway-web	Run pnpm test	2026-10-04T17:40:56.6817129Z ✔ a handoff carries responsibility and never authority (3.0516ms)
gateway-web	Run pnpm test	2026-10-04T17:40:56.6818921Z ✔ a true transfer needs acceptance and leaves exactly one authoritative owner (3.0239ms)
gateway-web	Run pnpm test	2026-10-04T17:40:56.6824159Z ✔ an explicit executor move is carried by the handoff and recorded separately (0.9574ms)
gateway-web	Run pnpm test	2026-10-04T17:40:56.6836592Z ✔ a rejected or expired handoff leaves the authoritative owner unchanged (1.1886ms)
gateway-web	Run pnpm test	2026-10-04T17:40:56.6852861Z ✔ a consultation transfers nothing even when accepted (0.565ms)
gateway-web	Run pnpm test	2026-10-04T17:40:56.6855974Z ✔ the handoff package is strict, idempotent and refuses terminal or foreign tasks (3.1544ms)
gateway-web	Run pnpm test	2026-10-04T17:40:56.6858551Z ✔ unknown fields are refused even when named after Object.prototype members (1.6227ms)
gateway-web	Run pnpm test	2026-10-04T17:40:56.6867507Z ✔ a non-enumerable own authority field cannot evade the authority scan (4.9621ms)
gateway-web	Run pnpm test	2026-10-04T17:40:56.6873041Z ✔ a stale concurrent handoff cannot take ownership from a new owner (1.3862ms)
gateway-web	Run pnpm test	2026-10-04T17:40:56.6892288Z ✔ recipient authority is recomputed at takeover, not reused from proposal time (1.4999ms)
gateway-web	Run pnpm test	2026-10-04T17:40:56.6905177Z ✔ a policy lookup is own-key only, never through the prototype chain (0.4587ms)
gateway-web	Run pnpm test	2026-10-04T17:40:56.6927572Z ✔ a re-proposal under a live id is only a duplicate when it says the same thing (1.1861ms)
gateway-web	Run pnpm test	2026-10-04T17:40:56.6941968Z ✔ transition timestamps must be real instants at or after the proposal (0.7034ms)
gateway-web	Run pnpm test	2026-10-04T17:40:56.6970882Z ✔ a cyclic or over-deep handoff is refused, never a stack overflow (0.9412ms)
gateway-web	Run pnpm test	2026-10-04T17:40:56.6982606Z ✔ a calendar-impossible instant is refused, not merely shape-checked (0.3013ms)
gateway-web	Run pnpm test	2026-10-04T17:40:56.6990933Z ✔ the switch report does not invent the outgoing assistant's presence (0.2171ms)
gateway-web	Run pnpm test	2026-10-04T17:40:56.7018541Z ✔ a refusal that cannot be explained is not half-applied (0.8242ms)
gateway-web	Run pnpm test	2026-10-04T17:40:56.7080578Z ✔ a transfer must declare the capabilities the recipient is judged against (0.6966ms)
gateway-web	Run pnpm test	2026-10-04T17:40:56.7083222Z ✔ the task store double does not leak or alias canonical state (0.3336ms)
gateway-web	Run pnpm test	2026-10-04T17:40:56.7088750Z ✔ a versioned task refuses a handoff built against another version (1.3397ms)
gateway-web	Run pnpm test	2026-10-04T17:40:56.7157304Z ✔ assistants are listed and selected, with the five identity roles kept distinct (7.4897ms)
gateway-web	Run pnpm test	2026-10-04T17:40:56.7166563Z ✔ profile changes propagate as committed shared state and never touch Digital-Me or tasks (2.4645ms)
gateway-web	Run pnpm test	2026-10-04T17:40:56.7185602Z ✔ foreground switching is a UI operation that transfers nothing (3.5873ms)
gateway-web	Run pnpm test	2026-10-04T17:40:56.7210257Z ✔ stale, offline and reconnecting embodiments are surfaced and never shown as authority (1.7598ms)
gateway-web	Run pnpm test	2026-10-04T17:40:56.7224947Z ✔ reserved voice/avatar adapters exist as adapters without being required now (1.7293ms)
gateway-web	Run pnpm test	2026-10-04T17:40:56.7246693Z ✔ the surface is strict, frozen and independent of ambient state (7.5235ms)
gateway-web	Run pnpm test	2026-10-04T17:40:56.7247812Z ✔ an editable field carries the kind of value its name promises (3.3806ms)
gateway-web	Run pnpm test	2026-10-04T17:40:56.7248887Z ✔ a change the surface cannot read is refused rather than dropped (0.976ms)
gateway-web	Run pnpm test	2026-10-04T17:40:56.7249869Z ✔ the version guard is not switchable off by policy (1.4195ms)
gateway-web	Run pnpm test	2026-10-04T17:40:56.7250892Z ✔ re-registering a device never discards the binding the user chose (3.179ms)
gateway-web	Run pnpm test	2026-10-04T17:40:56.7270633Z ✔ a task the surface cannot read is reported, not hidden (0.794ms)
gateway-web	Run pnpm test	2026-10-04T17:40:56.7278411Z ✔ the committed-update cursor must be a version and the instants must be real (0.9511ms)
gateway-web	Run pnpm test	2026-10-04T17:40:56.7300923Z ✔ freshness needs a recent observation, not only a declared state (1.4838ms)
gateway-web	Run pnpm test	2026-10-04T17:40:56.7311617Z ✔ every projection of a device gives the same freshness answer (0.7148ms)
gateway-web	Run pnpm test	2026-10-04T17:40:56.7314544Z ✔ a committed update carries the change, the previous values and the actor (0.8099ms)
gateway-web	Run pnpm test	2026-10-04T17:40:56.7355835Z ✔ a handoff or a provisional switch is never taken from a cached view (0.7132ms)
gateway-web	Run pnpm test	2026-10-04T17:40:56.7357153Z ✔ a task foreground flag is a boolean and its role reflects the data (0.4853ms)
gateway-web	Run pnpm test	2026-10-04T17:40:56.7358764Z ✔ an untypeable value is refused before anything is recorded (0.8675ms)
gateway-web	Run pnpm test	2026-10-04T17:40:56.7763873Z ✔ one authoritative task is shared by every embodiment — never duplicated per device (5.4147ms)
gateway-web	Run pnpm test	2026-10-04T17:40:56.7825057Z ✔ ownership is logical, execution is physical — sessions and devices are never the owner (3.6554ms)
gateway-web	Run pnpm test	2026-10-04T17:40:56.7831440Z ✔ mutations are versioned and typed, and conflicting updates keep a causal audit trail (1.1422ms)
gateway-web	Run pnpm test	2026-10-04T17:40:56.7859547Z ✔ foreground switching never changes owner, coordinator or executor (0.6377ms)
gateway-web	Run pnpm test	2026-10-04T17:40:56.7865219Z ✔ ownership moves only through an explicit accepted handoff, and never restarts the executor (2.1294ms)
gateway-web	Run pnpm test	2026-10-04T17:40:56.7890362Z ✔ an exclusive side effect can never have two simultaneous valid executors (1.4ms)
gateway-web	Run pnpm test	2026-10-04T17:40:56.7906190Z ✔ device release suspends the lease, never orphans a task and never moves ownership (1.4898ms)
gateway-web	Run pnpm test	2026-10-04T17:40:56.7970891Z ✔ every contract surface is closed, frozen and free of ambient state (0.8635ms)
gateway-web	Run pnpm test	2026-10-04T17:40:56.7978559Z ✔ the canonical contract allow-list is decided by own keys (0.5373ms)
gateway-web	Run pnpm test	2026-10-04T17:40:56.7980636Z ✔ a hidden authority field in a handoff is found, and a cycle does not crash the scan (0.7435ms)
gateway-web	Run pnpm test	2026-10-04T17:40:56.8021217Z ✔ a caller instant must be real, not merely well shaped (0.6633ms)
gateway-web	Run pnpm test	2026-10-04T17:40:56.8061244Z ✔ a refused patch changes nothing (0.3769ms)
gateway-web	Run pnpm test	2026-10-04T17:40:56.8065021Z ✔ a released executor must revalidate its lease instead of re-issuing it (1.8008ms)
gateway-web	Run pnpm test	2026-10-04T17:40:56.8080985Z ✔ an exclusive side effect cannot complete without a lease (0.5569ms)
gateway-web	Run pnpm test	2026-10-04T17:40:56.8120914Z ✔ a refused foreground change leaves the binding untouched (0.3881ms)
gateway-web	Run pnpm test	2026-10-04T17:40:56.8173779Z ✔ a device release never rewrites a settled task, and a handoff checkpoint is text (0.7635ms)
gateway-web	Run pnpm test	2026-10-04T17:40:56.8225588Z ✔ Windows manufacturer payload prefixes locator with canonical UUID bytes (1.6386ms)
gateway-web	Run pnpm test	2026-10-04T17:40:56.8228860Z ✔ BLE locator contains exactly version IPv4 and big-endian port (1.4751ms)
gateway-web	Run pnpm test	2026-10-04T17:40:56.8231006Z ✔ non-Windows adapter reports software platform error rather than hardware evidence (1.5411ms)
gateway-web	Run pnpm test	2026-10-04T17:40:56.8992111Z ✔ a fresh profile is fully normalized, descriptive and authority-free (6.3042ms)
gateway-web	Run pnpm test	2026-10-04T17:40:56.8996812Z ✔ partially specified ports receive safe defaults (1.1955ms)
gateway-web	Run pnpm test	2026-10-04T17:40:56.9013093Z ✔ two assistant identities hold independent profiles and relationship modes at the same time (19.7296ms)
gateway-web	Run pnpm test	2026-10-04T17:40:56.9018063Z ✔ a relationship change on one assistant never leaks into another assistant or its bundle (1.0006ms)
gateway-web	Run pnpm test	2026-10-04T17:40:56.9023383Z ✔ several assistant identities can be online at once and presence is idempotent (1.0125ms)
gateway-web	Run pnpm test	2026-10-04T17:40:56.9025171Z ✔ a duplicate assistant id is refused and leaves state untouched (1.0991ms)
gateway-web	Run pnpm test	2026-10-04T17:40:56.9032928Z ✔ minted assistant ids are stable, unique and honestly labelled (0.6528ms)
gateway-web	Run pnpm test	2026-10-04T17:40:56.9095566Z ✔ profiles reject embedded permission grants, execution leases and authority fields (1.1195ms)
gateway-web	Run pnpm test	2026-10-04T17:40:56.9106883Z ✔ extension namespaces cannot smuggle Digital-Me or authority namespaces (2.8689ms)
gateway-web	Run pnpm test	2026-10-04T17:40:56.9128607Z ✔ schema version and port shape are validated instead of silently accepted (2.4307ms)
gateway-web	Run pnpm test	2026-10-04T17:40:56.9143062Z ✔ unknown future attributes migrate forward without losing data (2.1454ms)
gateway-web	Run pnpm test	2026-10-04T17:40:56.9291502Z ✔ a rejected write is a no-op and schema_version cannot be patched (1.7017ms)
gateway-web	Run pnpm test	2026-10-04T17:40:56.9323823Z ✔ a stale profile write is refused instead of silently overwriting (0.7628ms)
gateway-web	Run pnpm test	2026-10-04T17:40:56.9345292Z ✔ export and import restore durable assistant state after a simulated restart (1.6988ms)
gateway-web	Run pnpm test	2026-10-04T17:40:56.9404922Z ✔ replace import touches only the target assistant and bumps its revision (0.8641ms)
gateway-web	Run pnpm test	2026-10-04T17:40:56.9414008Z ✔ import rejects Digital-Me data, authority fields and malformed bundles atomically (3.2346ms)
gateway-web	Run pnpm test	2026-10-04T17:40:56.9520588Z ✔ reset restores safe defaults for one assistant without touching the others (1.7045ms)
gateway-web	Run pnpm test	2026-10-04T17:40:56.9609009Z ✔ duty labels describe a role and never grant the corresponding action (1.3268ms)
gateway-web	Run pnpm test	2026-10-04T17:40:56.9628102Z ✔ the personalization surface never writes Digital-Me state (0.7455ms)
gateway-web	Run pnpm test	2026-10-04T17:40:56.9647201Z ✔ identity lifecycle errors are typed and presence is cleaned up (2.8588ms)
gateway-web	Run pnpm test	2026-10-04T17:40:56.9652233Z ✔ applyProfilePatch merges one port level and replaces arrays (1.3574ms)
gateway-web	Run pnpm test	2026-10-04T17:40:56.9654005Z ✔ the published schema matches the runtime contract (0.7957ms)
gateway-web	Run pnpm test	2026-10-04T17:40:56.9665225Z ✔ a profile patch cannot rewrite a prototype or inject a hidden property (0.8485ms)
gateway-web	Run pnpm test	2026-10-04T17:40:56.9800726Z ✔ the Zone patch path is closed to prototype injection and leaves state untouched (0.4761ms)
gateway-web	Run pnpm test	2026-10-04T17:40:56.9820137Z ✔ a rejected patch leaves the stored profile byte-identical (0.5986ms)
gateway-web	Run pnpm test	2026-10-04T17:40:56.9835807Z ✔ inherited property names are not declared port fields (1.7767ms)
gateway-web	Run pnpm test	2026-10-04T17:40:56.9852289Z ✔ reserved keys are refused at every depth of a stored profile document (0.4349ms)
gateway-web	Run pnpm test	2026-10-04T17:40:56.9874832Z ✔ a bundle refuses a reserved key anywhere, including inside an extension value (0.6351ms)
gateway-web	Run pnpm test	2026-10-04T17:40:56.9876599Z ✔ a reserved key cannot be registered as a personalization port (0.4578ms)
gateway-web	Run pnpm test	2026-10-04T17:40:56.9882322Z ✔ the published schema states the reserved-prototype-key rule the runtime enforces (0.4748ms)
gateway-web	Run pnpm test	2026-10-04T17:41:06.6773525Z ✔ document bytes flow through real readers and into temporary knowledge (9632.548ms)
gateway-web	Run pnpm test	2026-10-04T17:41:06.6777112Z ✔ evidence review is deterministic and tampering never gets rehashed (4.0844ms)
gateway-web	Run pnpm test	2026-10-04T17:41:06.6782042Z ✔ theme generation returns a reproducible PNG and validation (83.5496ms)
gateway-web	Run pnpm test	2026-10-04T17:41:06.6787111Z ✔ future promoted module stays pending and all five existing adapters still execute (25.4116ms)
gateway-web	Run pnpm test	2026-10-04T17:41:06.6788908Z ✔ malformed and oversized inputs have explicit refusals (25.8979ms)
gateway-web	Run pnpm test	2026-10-04T17:41:06.7133522Z ✔ dependency failure degrades the same descriptor used to gate invocations (103.6812ms)
gateway-web	Run pnpm test	2026-10-04T17:41:06.7134396Z ✔ capabilities use control auth, canonical results, typed refusal and durable history (961.0743ms)
gateway-web	Run pnpm test	2026-10-04T17:41:06.7135261Z ✔ the per-capability degradation latch is owned by the migrated provider-resilience breaker (337.2863ms)
gateway-web	Run pnpm test	2026-10-04T17:41:11.2293000Z ✔ old SQLite results migrate without changing identity, digest or metadata, including restart (378.4577ms)
gateway-web	Run pnpm test	2026-10-04T17:41:11.2294661Z ✔ migration fails closed and rolls back earlier rows when legacy history is corrupt (223.1077ms)
gateway-web	Run pnpm test	2026-10-04T17:41:11.2296080Z ✔ 560 large legacy results keep 500 summaries and 50 details; new saves remain bounded (13422.5612ms)
gateway-web	Run pnpm test	2026-10-04T17:41:12.1277781Z ✔ city and list APIs send summaries only, enforce limits and retrieve individual details (898.5823ms)
gateway-web	Run pnpm test	2026-10-04T17:41:24.7006279Z ✔ a long running invocation survives pruning and its completion remains readable (12572.9112ms)
gateway-web	Run pnpm test	2026-10-04T17:41:24.7321577Z ✔ qualified identities keep duplicate names independent and cannot replace missing dependencies (6.5185ms)
gateway-web	Run pnpm test	2026-10-04T17:41:24.7323318Z ✔ registry restricts mixed module lifecycle and exposes every dependency lifecycle (3.7796ms)
gateway-web	Run pnpm test	2026-10-04T17:41:24.7325335Z ✔ unbridged duplicate module names receive different qualified capability IDs (1.3866ms)
gateway-web	Run pnpm test	2026-10-04T17:41:24.7326687Z ✔ Theme advertises implemented generate and build operations and refuses validate (1.8442ms)
gateway-web	Run pnpm test	2026-10-04T17:41:24.7327818Z ✔ infrastructure modules are never advertised as capabilities (1.1928ms)
gateway-web	Run pnpm test	2026-10-04T17:41:24.7329053Z ✔ each member sees itself first and all City devices by admission name, with real message receipt (7848.0943ms)
gateway-web	Run pnpm test	2026-10-04T17:41:24.7330548Z ✔ real joined devices retain names, appear beside the host and may register only their own worker (180.2845ms)
gateway-web	Run pnpm test	2026-10-04T17:41:24.7331913Z ✔ two members exchange messages with explicit receipt and sender identity cannot be forged (68.7075ms)
gateway-web	Run pnpm test	2026-10-04T17:41:24.7333660Z ✔ member B actually computes a task from A; disabling sharing and revoke prevents further claims (253.0171ms)
gateway-web	Run pnpm test	2026-10-04T17:41:24.7335510Z ✔ new admission cannot take the host or an existing member identity, even with a valid short code (63.4823ms)
gateway-web	Run pnpm test	2026-10-04T17:41:24.7336994Z ✔ an active browser session refresh actually extends expiry while preserving its installation scope (71.2204ms)
gateway-web	Run pnpm test	2026-10-04T17:41:24.7338323Z ✔ local primary control surface can switch only its own computing resources (80.4693ms)
gateway-web	Run pnpm test	2026-10-04T17:41:24.7339590Z ✔ custom City name is canonical across snapshot, pairing, discovery descriptor and restart (181.7577ms)
gateway-web	Run pnpm test	2026-10-04T17:41:24.7340936Z ✔ Settings changes the visible City name and keeps editing stable across snapshots (5747.3722ms)
gateway-web	Run pnpm test	2026-10-04T17:41:24.7342185Z ✔ Road rejects missing array elements instead of producing null serialized entries (4.1082ms)
gateway-web	Run pnpm test	2026-10-04T17:41:24.7343460Z ✔ Road preserves section order, deterministic IDs and explicit temporary unverified ownership (1.36ms)
gateway-web	Run pnpm test	2026-10-04T17:41:24.7344797Z ✔ Road accepts empty documents and preserves empty heading and text without coercion (1.2943ms)
gateway-web	Run pnpm test	2026-10-04T17:41:24.7346163Z ✔ Road refuses malformed document boundaries and never accepts caller trust injection (0.764ms)
gateway-web	Run pnpm test	2026-10-04T17:41:24.7347371Z ✔ Road output validation rejects permanence, trust escalation and reordered IDs (0.3982ms)
gateway-web	Run pnpm test	2026-10-04T17:41:24.7348728Z ✔ Bridge Road extraction preserves all six published document retrieval digests (1226.666ms)
gateway-web	Run pnpm test	2026-10-04T17:41:24.7350487Z ✔ scope: local, lan, remote and unknown are distinguished, and an address we hold is never called "nearby" (1.4536ms)
gateway-web	Run pnpm test	2026-10-04T17:41:24.7352074Z ✔ the list always contains this machine, and offers to use it (1.3996ms)
gateway-web	Run pnpm test	2026-10-04T17:41:24.7353095Z ✔ the list is NOT fixed at two: any number of PCs is listed, in one list (10.6992ms)
gateway-web	Run pnpm test	2026-10-04T17:41:24.7354450Z ✔ each PC offers the actions that make sense for it, and none that do not (1.0428ms)
gateway-web	Run pnpm test	2026-10-04T17:41:24.7355814Z ✔ a remembered PC that discovery did NOT find is still listed, because that is when the address matters (0.6191ms)
gateway-web	Run pnpm test	2026-10-04T17:41:24.7357087Z ✔ discovery and memory overlap constantly, and a PC is never listed twice (0.3337ms)
gateway-web	Run pnpm test	2026-10-04T17:41:24.7358336Z ✔ the recommendation is attached to a row, so the list and the recommendation cannot disagree (0.3882ms)
gateway-web	Run pnpm test	2026-10-04T17:41:24.7359766Z ✔ a machine with no telemetry is marked as thin evidence rather than being scored as if it were measured (0.3587ms)
gateway-web	Run pnpm test	2026-10-04T17:41:24.7361681Z ✔ row count is bounded and the discarded overlap is stated rather than silently dropped (1.0845ms)
gateway-web	Run pnpm test	2026-10-04T17:41:24.7363175Z ✔ the fallback channels are DESCRIBED, not moved: the entry controls stay where the app renders them (1.0727ms)
gateway-web	Run pnpm test	2026-10-04T17:41:24.7364280Z ✔ rendering is escaped and carries its action as data (0.3972ms)
gateway-web	Run pnpm test	2026-10-04T17:41:24.7365154Z ✔ an empty world renders an honest sentence, not an empty list (0.1754ms)
gateway-web	Run pnpm test	2026-10-04T17:41:24.7366365Z ✔ capability summaries report only what was measured, and say unknown when nothing was (0.1849ms)
gateway-web	Run pnpm test	2026-10-04T17:41:24.7367731Z ✔ different assistants receive different authorized scopes from the same Digital-Me (4.5948ms)
gateway-web	Run pnpm test	2026-10-04T17:41:24.7369356Z ✔ a denied scope is a typed refusal with no partial leakage (0.5064ms)
gateway-web	Run pnpm test	2026-10-04T17:41:24.7370554Z ✔ assistant profile and relationship changes never change canonical records (0.6635ms)
gateway-web	Run pnpm test	2026-10-04T17:41:24.7371831Z ✔ a private fact is not surfaced through another audience without disclosure authorization (1.5892ms)
gateway-web	Run pnpm test	2026-10-04T17:41:24.7372993Z ✔ cross-assistant private memory is never visible to another assistant (0.7227ms)
gateway-web	Run pnpm test	2026-10-04T17:41:24.7374102Z ✔ least data by default, with values only when the purpose needs them (0.9049ms)
gateway-web	Run pnpm test	2026-10-04T17:41:24.7375709Z ✔ stale context is reported rather than served, and device-ephemeral context is never durable (0.8542ms)
gateway-web	Run pnpm test	2026-10-04T17:41:24.7377033Z ✔ every projection carries provenance, and the surface is strict (0.7146ms)
gateway-web	Run pnpm test	2026-10-04T17:41:24.7378440Z ✔ record fields named after Object.prototype members are refused (0.9086ms)
gateway-web	Run pnpm test	2026-10-04T17:41:24.7379702Z ✔ a replayed or future-dated record is never served as current (0.9834ms)
gateway-web	Run pnpm test	2026-10-04T17:41:24.7380798Z ✔ a policy grant is read from the policy itself, never from the prototype chain (1.0829ms)
gateway-web	Run pnpm test	2026-10-04T17:41:24.7381827Z ✔ a SENSITIVE record is not released like an ordinary one (0.8844ms)
gateway-web	Run pnpm test	2026-10-04T17:41:24.7382776Z ✔ a cyclic or over-deep record is a typed refusal, not a stack overflow (0.7217ms)
gateway-web	Run pnpm test	2026-10-04T17:41:24.7384440Z ✔ a calendar-impossible instant is refused, not merely shape-checked (0.2142ms)
gateway-web	Run pnpm test	2026-10-04T17:41:24.7386121Z ✔ a record must be a bare own-property object (0.3036ms)
gateway-web	Run pnpm test	2026-10-04T17:41:24.7387016Z ✔ assistant-private memory belongs to the assistant that owns it (0.4685ms)
gateway-web	Run pnpm test	2026-10-04T17:41:24.7388052Z ✔ the port hands out copies, and refuses two records under one id (0.4685ms)
gateway-web	Run pnpm test	2026-10-04T17:41:24.7389192Z ✔ a malformed record refuses the whole query before anything is assembled (0.5188ms)
gateway-web	Run pnpm test	2026-10-04T17:41:24.7390283Z ✔ the gateway does not read authority from a live policy object (0.3093ms)
gateway-web	Run pnpm test	2026-10-04T17:41:24.7391288Z ✔ values are released only for an explicit includeValues boolean (0.7078ms)
gateway-web	Run pnpm test	2026-10-04T17:41:24.7392440Z ✔ device-ephemeral context cannot smuggle durable or sensitive facts (0.6207ms)
gateway-web	Run pnpm test	2026-10-04T17:41:24.7393672Z ✔ one attention_id is one logical question however many projections it carries (2.9238ms)
gateway-web	Run pnpm test	2026-10-04T17:41:24.7394869Z ✔ the current interaction device always carries the actionable projection (1.2459ms)
gateway-web	Run pnpm test	2026-10-04T17:41:24.7396032Z ✔ only the configured 2-3 recent eligible devices receive auxiliary projections (0.7669ms)
gateway-web	Run pnpm test	2026-10-04T17:41:24.7397754Z ✔ recent devices are ranked by user interaction, never by uptime or heartbeat (10.4386ms)
gateway-web	Run pnpm test	2026-10-04T17:41:24.7399997Z ✔ the first valid acknowledgement closes the question globally and withdraws the rest (0.7319ms)
gateway-web	Run pnpm test	2026-10-04T17:41:24.7401357Z ✔ a response routes back to the originating connector whichever device answered (1.6138ms)
gateway-web	Run pnpm test	2026-10-04T17:41:24.7402532Z ✔ reconnect, refresh and repeated delivery never ring the same epoch twice (0.6756ms)
gateway-web	Run pnpm test	2026-10-04T17:41:24.7403739Z ✔ quiet, full-screen and protected use suppress sound but keep the notification (0.4003ms)
gateway-web	Run pnpm test	2026-10-04T17:41:24.7405261Z ✔ a non-blocking informational event is delivered visibly without ringing (0.6334ms)
gateway-web	Run pnpm test	2026-10-04T17:41:24.7406322Z ✔ withdrawal closes a question, and the envelope is strict (1.1183ms)
gateway-web	Run pnpm test	2026-10-04T17:41:24.7407324Z ✔ attention fields named after Object.prototype members are refused (0.4028ms)
gateway-web	Run pnpm test	2026-10-04T17:41:24.7408366Z ✔ a "recent" device is bounded on both sides, and never duplicated (0.4136ms)
gateway-web	Run pnpm test	2026-10-04T17:41:24.7409349Z ✔ a different question under a live attention id is refused (0.4985ms)
gateway-web	Run pnpm test	2026-10-04T17:41:24.7410246Z ✔ a malformed instant cannot half-apply a transition (0.6688ms)
gateway-web	Run pnpm test	2026-10-04T17:41:24.7410964Z ✔ a response routes exactly once (0.5455ms)
gateway-web	Run pnpm test	2026-10-04T17:41:24.7411878Z ✔ a response that cannot be stored is refused before the routing is committed (0.4796ms)
gateway-web	Run pnpm test	2026-10-04T17:41:24.7412959Z ✔ canonical state holds handle references, never plaintext secrets (5.431ms)
gateway-web	Run pnpm test	2026-10-04T17:41:24.7414048Z ✔ each auth mode maps to exactly one reference kind, and NONE needs no handle (1.5995ms)
gateway-web	Run pnpm test	2026-10-04T17:41:24.7415200Z ✔ secret values are absent from logs and errors even when the secure store fails (0.918ms)
gateway-web	Run pnpm test	2026-10-04T17:41:24.7416423Z ✔ an expired session becomes EXPIRED/NEEDS_USER with a job-scoped AttentionEnvelope (1.081ms)
gateway-web	Run pnpm test	2026-10-04T17:41:24.7417622Z ✔ restart restores permitted persistent session references, and only those (1.8531ms)
gateway-web	Run pnpm test	2026-10-04T17:41:24.7418815Z ✔ missing secure-store support degrades honestly with no plaintext fallback (0.9753ms)
gateway-web	Run pnpm test	2026-10-04T17:41:24.7420159Z ✔ legacy DeepSeek env discovery is consumable through the abstraction without becoming the schema (0.967ms)
gateway-web	Run pnpm test	2026-10-04T17:41:24.7421411Z ✔ the profile contract is declarative, versioned and lifecycle-honest (1.7624ms)
gateway-web	Run pnpm test	2026-10-04T17:41:24.7422794Z ✔ a handle reference that is secret material never reaches canonical state (1.0036ms)
gateway-web	Run pnpm test	2026-10-04T17:41:24.7423773Z ✔ binding refuses an ambiguous secret-or-handle request (0.8585ms)
gateway-web	Run pnpm test	2026-10-04T17:41:24.7424706Z ✔ an uninterpretable instant is never fresh, READY or recorded (0.6285ms)
gateway-web	Run pnpm test	2026-10-04T17:41:24.7425991Z ✔ a user-action requirement is a boolean, not a truthy flag (0.4779ms)
gateway-web	Run pnpm test	2026-10-04T17:41:24.7426948Z ✔ canonical records are plain own-key objects (1.037ms)
gateway-web	Run pnpm test	2026-10-04T17:41:24.7427955Z ✔ a cyclic caller value is refused instead of crashing the scan (0.3371ms)
gateway-web	Run pnpm test	2026-10-04T17:41:24.7429734Z ✔ restore validates a snapshot entry as strictly as a registration (0.7336ms)
gateway-web	Run pnpm test	2026-10-04T17:41:24.7446849Z ✔ revocation stays observable after the handle is cleared (0.3751ms)
gateway-web	Run pnpm test	2026-10-04T17:41:24.7452804Z ✔ a rotation revokes the handle it replaces instead of abandoning it (0.4393ms)
gateway-web	Run pnpm test	2026-10-04T17:41:24.7457424Z ✔ a well-shaped record may not carry a secret in a legitimate field (0.5425ms)
gateway-web	Run pnpm test	2026-10-04T17:41:24.7463971Z ✔ everything the scan calls a secret is redacted (0.4832ms)
gateway-web	Run pnpm test	2026-10-04T17:41:24.7465163Z ✔ a hidden own field on a snapshot entry is not copied into canonical state (0.283ms)
gateway-web	Run pnpm test	2026-10-04T17:41:24.7474597Z ✔ legacy discovery never binds the key into a foreign default profile (0.5727ms)
gateway-web	Run pnpm test	2026-10-04T17:41:24.7476623Z ✔ a caller field is validated and stored as the same value (0.3368ms)
gateway-web	Run pnpm test	2026-10-04T17:41:24.7479000Z ✔ a refused restore installs nothing and never replaces a live profile (0.3567ms)
gateway-web	Run pnpm test	2026-10-04T17:41:24.7481851Z ✔ revoke reports whether the store released the secret (0.5327ms)
gateway-web	Run pnpm test	2026-10-04T17:41:24.7485340Z ✔ freshness cannot be rewound behind the layer clock (0.422ms)
gateway-web	Run pnpm test	2026-10-04T17:41:24.7487916Z ✔ carrying a stale expiry over a new credential is observable (0.725ms)
gateway-web	Run pnpm test	2026-10-04T17:41:24.7489255Z ✔ the SDK validates a definition and documents what an author must supply (5.2822ms)
gateway-web	Run pnpm test	2026-10-04T17:41:24.7491844Z ✔ a synthetic third connector passes the conformance harness without core edits (2.0675ms)
gateway-web	Run pnpm test	2026-10-04T17:41:24.7493347Z ✔ adapter exceptions, timeouts and malformed results are isolated to the faulting adapter (2.682ms)
gateway-web	Run pnpm test	2026-10-04T17:41:24.7496214Z ✔ optional provider absence is a typed state that blocks nothing and fabricates nothing (1.2617ms)
gateway-web	Run pnpm test	2026-10-04T17:41:24.7497923Z ✔ Claude Code and WorkBuddy adapters use the SDK path, and acceptance needs real host evidence (0.9794ms)
gateway-web	Run pnpm test	2026-10-04T17:41:24.7502728Z ✔ adding an adapter alters neither the EngineeringManagerPort nor the scheduling core (0.5319ms)
gateway-web	Run pnpm test	2026-10-04T17:41:24.7505295Z ✔ the SDK surface is strict, frozen and free of ambient state (0.9827ms)
gateway-web	Run pnpm test	2026-10-04T17:41:24.7509306Z ✔ a definition cannot be declared with mistyped policy fields or an impossible instant (0.4226ms)
gateway-web	Run pnpm test	2026-10-04T17:41:24.7511295Z ✔ a cyclic port result crosses the boundary as a frozen cycle, not as the adapter own object (0.4028ms)
gateway-web	Run pnpm test	2026-10-04T17:41:24.7513070Z ✔ a non-cloneable port result is a typed refusal instead of a live object (0.6542ms)
gateway-web	Run pnpm test	2026-10-04T17:41:24.7515157Z ✔ the harness does not certify a connector that silently accepts an unsupported capability (0.5219ms)
gateway-web	Run pnpm test	2026-10-04T17:41:24.7516765Z ✔ the harness does not certify a connector that silently accepts an unsupported control (0.4258ms)
gateway-web	Run pnpm test	2026-10-04T17:41:24.7518383Z ✔ an enabled adapter whose product is not installed is not usable, not selected and not accepted (0.4064ms)
gateway-web	Run pnpm test	2026-10-04T17:41:24.7519948Z ✔ only a faulted adapter can be cleared, and the fault record survives the clearing (0.9299ms)
gateway-web	Run pnpm test	2026-10-04T17:41:24.7521265Z ✔ re-declaring availability cannot revive a faulted adapter (0.6634ms)
gateway-web	Run pnpm test	2026-10-04T17:41:24.7522660Z ✔ the registry refuses an adapter the SDK did not wrap, so isolation cannot be bypassed (0.2735ms)
gateway-web	Run pnpm test	2026-10-04T17:41:24.7524184Z ✔ a caller-declared acceptance says so instead of implying the SDK verified a host (0.6163ms)
gateway-web	Run pnpm test	2026-10-04T17:41:24.7525540Z ✔ an error whose code getter throws is still an isolated, typed fault (0.3606ms)
gateway-web	Run pnpm test	2026-10-04T17:41:24.7527962Z ✔ the harness refuses a connector that reports a state outside the vocabulary (0.9339ms)
gateway-web	Run pnpm test	2026-10-04T17:41:24.7529366Z ✔ the harness refuses a declared capability the connector does not report (0.6312ms)
gateway-web	Run pnpm test	2026-10-04T17:41:24.7531034Z ✔ the harness proves the unsupported-control expectation instead of skipping it (0.4283ms)
gateway-web	Run pnpm test	2026-10-04T17:41:24.7532571Z ✔ a definition whose handlers are only inherited is refused, not claimed as satisfied (0.1464ms)
gateway-web	Run pnpm test	2026-10-04T17:41:24.7534033Z ✔ a definition stores the methods it validated, including non-enumerable ones (0.2302ms)
gateway-web	Run pnpm test	2026-10-04T17:41:24.7535310Z ✔ a non-conformant connector is given no core-edit certificate (0.3422ms)
gateway-web	Run pnpm test	2026-10-04T17:41:24.7536649Z ✔ a runtime that throws is not evidence and does not break the acceptance summary (0.3002ms)
gateway-web	Run pnpm test	2026-10-04T17:41:24.7538067Z ✔ fault identities are unique across adapters of the same kind in one process (0.3911ms)
gateway-web	Run pnpm test	2026-10-04T17:41:24.7539443Z ✔ a connector manifest declares runtime, capabilities, needs and budgets (5.9749ms)
gateway-web	Run pnpm test	2026-10-04T17:41:24.7540820Z ✔ a connector manifest has no credential slot, and raw secrets are refused (0.6554ms)
gateway-web	Run pnpm test	2026-10-04T17:41:24.7543301Z ✔ policy decides permissions and an adapter can never grant itself one (0.7805ms)
gateway-web	Run pnpm test	2026-10-04T17:41:24.7545230Z ✔ undeclared capability or method calls are refused (0.9152ms)
gateway-web	Run pnpm test	2026-10-04T17:41:24.7546318Z ✔ the pipeline runs detect, select, adapt, validate, standardize and unify (0.931ms)
gateway-web	Run pnpm test	2026-10-04T17:41:24.7547467Z ✔ one malformed connector cannot prevent another connector from loading (1.107ms)
gateway-web	Run pnpm test	2026-10-04T17:41:24.7548779Z ✔ loading two synthetic connectors with different capabilities needs no core change (1.3588ms)
gateway-web	Run pnpm test	2026-10-04T17:41:24.7552280Z ✔ the runtime hosts two synthetic connectors with different capabilities (2.1359ms)
gateway-web	Run pnpm test	2026-10-04T17:41:24.7554419Z ✔ startup is bounded and a process that never becomes ready is stopped, not awaited (1.1314ms)
gateway-web	Run pnpm test	2026-10-04T17:41:24.7556519Z ✔ a failing spawn is data, and a failing invocation does not crash the runtime (1.1372ms)
gateway-web	Run pnpm test	2026-10-04T17:41:24.7557807Z ✔ heartbeat freshness is bounded by the manifest interval (0.7916ms)
gateway-web	Run pnpm test	2026-10-04T17:41:24.7558973Z ✔ restarts are bounded and exhaustion is a terminal safe mode (1.3878ms)
gateway-web	Run pnpm test	2026-10-04T17:41:24.7560198Z ✔ logs are bounded by the manifest and redactable by caller policy (1.2325ms)
gateway-web	Run pnpm test	2026-10-04T17:41:24.7561419Z ✔ runtime lifecycle is honest about state and unknown instances (0.812ms)
gateway-web	Run pnpm test	2026-10-04T17:41:24.7562759Z ✔ undeclared keys inherited from Object.prototype are refused at every level (2.0391ms)
gateway-web	Run pnpm test	2026-10-04T17:41:24.7564493Z ✔ a secret-shaped name is refused in its plural and compound spellings (0.4154ms)
gateway-web	Run pnpm test	2026-10-04T17:41:24.7565945Z ✔ raw credential bytes are refused in any field, not only a secret-shaped one (0.8601ms)
gateway-web	Run pnpm test	2026-10-04T17:41:24.7567192Z ✔ a connector cannot forge the runtime kind it won (0.6561ms)
gateway-web	Run pnpm test	2026-10-04T17:41:24.7568373Z ✔ a nullish adapter cannot stop the other connectors from loading (1.541ms)
gateway-web	Run pnpm test	2026-10-04T17:41:24.7569617Z ✔ a manifest carrying a reserved prototype key is refused at unify (0.4775ms)
gateway-web	Run pnpm test	2026-10-04T17:41:24.7571783Z ✔ heartbeat freshness is measured in one unit, whatever the clock returns (0.4774ms)
gateway-web	Run pnpm test	2026-10-04T17:41:24.7576474Z ✔ a heartbeat cannot resurrect a process that was killed (0.5079ms)
gateway-web	Run pnpm test	2026-10-04T17:41:24.7577832Z ✔ start persists the mediated intersection and bounds the spawn request (0.6763ms)
gateway-web	Run pnpm test	2026-10-04T17:41:24.7579203Z ✔ one adapter producing un-copyable output cannot stop the others loading (0.6056ms)
gateway-web	Run pnpm test	2026-10-04T17:41:24.7580946Z ✔ a connector entry reference is confined to its own root (0.6318ms)
gateway-web	Run pnpm test	2026-10-04T17:41:24.7582100Z ✔ one canonical job is observed by Web and Android without duplicate execution (5.6769ms)
gateway-web	Run pnpm test	2026-10-04T17:41:24.7583255Z ✔ the interaction device may differ from the execution device (0.7243ms)
gateway-web	Run pnpm test	2026-10-04T17:41:24.7584914Z ✔ remote fallback requires explicit approval and local allowed work stays local (0.9911ms)
gateway-web	Run pnpm test	2026-10-04T17:41:24.7587789Z ✔ attention comes from shared state and one acknowledgement reconciles every projection (1.6237ms)
gateway-web	Run pnpm test	2026-10-04T17:41:24.7589171Z ✔ user-visible success comes only from a terminal accepted result (1.4285ms)
gateway-web	Run pnpm test	2026-10-04T17:41:24.7590635Z ✔ advanced provenance exposes identifiers without leaking secrets, and the surface is strict (1.9107ms)
gateway-web	Run pnpm test	2026-10-04T17:41:24.7592315Z ✔ the surface policy cannot be used to switch the canonical binding or the attention source off (0.4262ms)
gateway-web	Run pnpm test	2026-10-04T17:41:24.7593744Z ✔ an impossible instant is refused everywhere it could become evidence (0.4213ms)
gateway-web	Run pnpm test	2026-10-04T17:41:24.7595064Z ✔ a hidden, symbol-keyed or header-shaped secret is still secret material (1.0223ms)
gateway-web	Run pnpm test	2026-10-04T17:41:24.7596290Z ✔ a cancelled job is finished even though it carries no result (0.874ms)
gateway-web	Run pnpm test	2026-10-04T17:41:24.7597537Z ✔ control authority is bound to the job, not to whoever calls (0.8219ms)
gateway-web	Run pnpm test	2026-10-04T17:41:24.7598863Z ✔ a retry re-queues failed work only and never revives or duplicates execution (1.0238ms)
gateway-web	Run pnpm test	2026-10-04T17:41:24.7600415Z ✔ the first terminal result is the job truth and malformed artifacts are refused, not dropped (1.082ms)
gateway-web	Run pnpm test	2026-10-04T17:41:24.7601739Z ✔ an attention-required backend is not rendered as success (0.9292ms)
gateway-web	Run pnpm test	2026-10-04T17:41:24.7603106Z ✔ the surface reports the execution device it was given and never invents one (0.3401ms)
gateway-web	Run pnpm test	2026-10-04T17:41:24.7604761Z ✔ owner and executor separation is about the owner and the executor connector (0.4366ms)
gateway-web	Run pnpm test	2026-10-04T17:41:24.7606309Z ✔ canonical refs are unique across surfaces in one process (0.5641ms)
gateway-web	Run pnpm test	2026-10-04T17:41:24.7607746Z ✔ an attention acknowledgement records the subject it answers and the read views are frozen (0.7189ms)
gateway-web	Run pnpm test	2026-10-04T17:41:24.7611095Z ✔ a finished job is not re-opened for attention and an answered question is not reset (1.0567ms)
gateway-web	Run pnpm test	2026-10-04T17:41:24.7612648Z ✔ a blocking canonical question gates progress and resume (0.5096ms)
gateway-web	Run pnpm test	2026-10-04T17:41:24.7613901Z ✔ attention and approvals answer only to devices connected to the job (0.5365ms)
gateway-web	Run pnpm test	2026-10-04T17:41:24.7615278Z ✔ an object is not a provenance reference, and a nested payload is refused (0.4429ms)
gateway-web	Run pnpm test	2026-10-04T17:41:24.7616483Z ✔ the secret scan reads maps, sets and records it cannot read (0.2ms)
gateway-web	Run pnpm test	2026-10-04T17:41:24.7617861Z ✔ a lease belongs to one job and a shared task core confirms the binding when one is wired in (0.6382ms)
gateway-web	Run pnpm test	2026-10-04T17:41:24.7619545Z ✔ a result that is not a success is not accepted as one, and an uncloneable artifact is a typed refusal (0.4608ms)
gateway-web	Run pnpm test	2026-10-04T17:41:24.7621050Z ✔ the surface names where control came from and scopes its structural claims (0.2279ms)
gateway-web	Run pnpm test	2026-10-04T17:41:24.7622322Z ✔ a DAG is validated and only dependency-satisfied work is runnable (7.2923ms)
gateway-web	Run pnpm test	2026-10-04T17:41:24.7623816Z ✔ two writers cannot hold the same protected scope at once, and conflicts are reported not merged (1.1468ms)
gateway-web	Run pnpm test	2026-10-04T17:41:24.7625872Z ✔ resource pressure scales workers down and pauses new work without failing completed work (1.0144ms)
gateway-web	Run pnpm test	2026-10-04T17:41:24.7627324Z ✔ one-worker serial mode uses the same lifecycle and acceptance path (0.9226ms)
gateway-web	Run pnpm test	2026-10-04T17:41:24.7628792Z ✔ bounded retry and reassignment never duplicate a terminal result or an external effect (1.8741ms)
gateway-web	Run pnpm test	2026-10-04T17:41:24.7630356Z ✔ worker selection is capability and placement based with no provider-name branching (0.7881ms)
gateway-web	Run pnpm test	2026-10-04T17:41:24.7631898Z ✔ a controlled restart keeps completed work and never resumes stale state as success (2.5045ms)
gateway-web	Run pnpm test	2026-10-04T17:41:24.7633304Z ✔ a terminal result is immutable against late and out-of-order reports (0.7918ms)
gateway-web	Run pnpm test	2026-10-04T17:41:24.7634467Z ✔ a stall or crash report cannot re-open completed work (0.5817ms)
gateway-web	Run pnpm test	2026-10-04T17:41:24.7635655Z ✔ the attempt budget is a bound at dispatch, not only in the stall path (0.8182ms)
gateway-web	Run pnpm test	2026-10-04T17:41:24.7636952Z ✔ a running node cannot be dispatched twice into two concurrent attempts (0.7347ms)
gateway-web	Run pnpm test	2026-10-04T17:41:24.7638305Z ✔ a named worker is a choice, not a bypass of capability, readiness or capacity (1.5333ms)
gateway-web	Run pnpm test	2026-10-04T17:41:24.7639711Z ✔ every foreman bound is validated rather than trusted (1.3153ms)
gateway-web	Run pnpm test	2026-10-04T17:41:24.7640805Z ✔ a worker with running attempts cannot be re-registered (0.5997ms)
gateway-web	Run pnpm test	2026-10-04T17:41:24.7641723Z ✔ a node declaration is validated where it is used (0.7958ms)
gateway-web	Run pnpm test	2026-10-04T17:41:24.7642815Z ✔ a refused resume leaves the live queue intact, and a cyclic entry cannot overflow (0.7116ms)
gateway-web	Run pnpm test	2026-10-04T17:41:24.7644021Z ✔ an uninterpretable instant is refused rather than recorded (0.5943ms)
gateway-web	Run pnpm test	2026-10-04T17:41:24.7645371Z ✔ a handover or a cancel releases the worker slot it abandons (0.6754ms)
gateway-web	Run pnpm test	2026-10-04T17:41:24.7646664Z ✔ a restart keeps the completed-effect memory and a dependency list must be readable (0.8758ms)
gateway-web	Run pnpm test	2026-10-04T17:41:24.7647907Z ✔ a node no worker can staff is reported instead of vanishing (0.3096ms)
gateway-web	Run pnpm test	2026-10-04T17:41:24.7648914Z ✔ a declaration the module cannot clone is a typed refusal, not a crash (0.8347ms)
gateway-web	Run pnpm test	2026-10-04T17:41:24.7650240Z ✔ an autonomous job needs an objective and bounded constraints, not an operation list (4.6623ms)
gateway-web	Run pnpm test	2026-10-04T17:41:24.7651771Z ✔ a scripted job without an executable specification is refused honestly, not admitted (0.5526ms)
gateway-web	Run pnpm test	2026-10-04T17:41:24.7653098Z ✔ the job envelope is strict about route, vocabulary and secrets (1.0251ms)
gateway-web	Run pnpm test	2026-10-04T17:41:24.7654213Z ✔ a partial or progress event can never mark a job terminal (0.9838ms)
gateway-web	Run pnpm test	2026-10-04T17:41:24.7655387Z ✔ late, duplicate and out-of-order events are deterministic and idempotent (1.9205ms)
gateway-web	Run pnpm test	2026-10-04T17:41:24.7656616Z ✔ a terminal result is final and cannot be resurrected by replay (1.7937ms)
gateway-web	Run pnpm test	2026-10-04T17:41:24.7657784Z ✔ a result must be honest: success needs acceptance, and versions must line up (0.9266ms)
gateway-web	Run pnpm test	2026-10-04T17:41:24.7659310Z ✔ artifact references preserve job, device and connector provenance (1.1909ms)
gateway-web	Run pnpm test	2026-10-04T17:41:24.7660610Z ✔ the protocol publishes its guarantees and stays transport neutral (0.4199ms)
gateway-web	Run pnpm test	2026-10-04T17:41:24.7661903Z ✔ unknown fields are refused even when named after Object.prototype members (3.0376ms)
gateway-web	Run pnpm test	2026-10-04T17:41:24.7662703Z ✔ a job record cannot be born terminal, and success is only reached through a result (1.1015ms)
gateway-web	Run pnpm test	2026-10-04T17:41:24.7663519Z ✔ an event from a superseded job version never acts on the current job (0.6337ms)
gateway-web	Run pnpm test	2026-10-04T17:41:24.7664971Z ✔ a replayed result is recognised by its content, not by its ref (0.7767ms)
gateway-web	Run pnpm test	2026-10-04T17:41:24.7665702Z ✔ a replayed artifact is recognised by its content and digest (0.8094ms)
gateway-web	Run pnpm test	2026-10-04T17:41:24.7666281Z ✔ a malformed batch is refused with a typed contract error (0.6053ms)
gateway-web	Run pnpm test	2026-10-04T17:41:24.7667459Z ✔ an ignored duplicate is recorded on the record, once, and stays idempotent (0.6787ms)
gateway-web	Run pnpm test	2026-10-04T17:41:24.7668209Z ✔ a calendar-impossible instant is refused, not merely shape-checked (0.7959ms)
gateway-web	Run pnpm test	2026-10-04T17:41:24.7668909Z ✔ a terminal announcement without a result is completed by the honest result (0.8728ms)
gateway-web	Run pnpm test	2026-10-04T17:41:24.7669565Z ✔ the job record is immutable at every level, not only at the top (1.1146ms)
gateway-web	Run pnpm test	2026-10-04T17:41:24.7670158Z ✔ a non-enumerable own out-of-contract field is refused too (0.4076ms)
gateway-web	Run pnpm test	2026-10-04T17:41:24.7670752Z ✔ the structured result arrays are bounded like their siblings (21.3245ms)
gateway-web	Run pnpm test	2026-10-04T17:41:24.7671360Z ✔ a cyclic or over-deep envelope is refused, never a stack overflow (1.3109ms)
gateway-web	Run pnpm test	2026-10-04T17:41:24.7672070Z ✔ a provider-neutral autonomous job validates and keeps owner and executor distinct (4.4087ms)
gateway-web	Run pnpm test	2026-10-04T17:41:24.7672841Z ✔ scripted executors need explicit operations while agent modes must not carry them (1.0672ms)
gateway-web	Run pnpm test	2026-10-04T17:41:24.7673583Z ✔ unknown version, state, mode, event type or port is rejected rather than guessed (2.1175ms)
gateway-web	Run pnpm test	2026-10-04T17:41:24.7674212Z ✔ foreign routes cannot be redefined as Engineering routes (3.2966ms)
gateway-web	Run pnpm test	2026-10-04T17:41:24.7674878Z ✔ provider product names are never a route and are never required by the core contract (1.3253ms)
gateway-web	Run pnpm test	2026-10-04T17:41:24.7675526Z ✔ Codex-Boss is rejected everywhere it could be referenced (0.6301ms)
gateway-web	Run pnpm test	2026-10-04T17:41:24.7676317Z ✔ raw secrets are rejected while handle references are allowed (1.7719ms)
gateway-web	Run pnpm test	2026-10-04T17:41:24.7676907Z ✔ Engineering Manager stores only Engineering execution state (1.2116ms)
gateway-web	Run pnpm test	2026-10-04T17:41:24.7677421Z ✔ canonical events are typed and validated (0.6287ms)
gateway-web	Run pnpm test	2026-10-04T17:41:24.7678032Z ✔ one attention event projects to the current plus recent devices and rings once (1.2825ms)
gateway-web	Run pnpm test	2026-10-04T17:41:24.7678789Z ✔ first attention acknowledgement closes the epoch globally and never rings again (0.7902ms)
gateway-web	Run pnpm test	2026-10-04T17:41:24.7679478Z ✔ reconnect and duplicate delivery do not re-ring an attention epoch (0.8507ms)
gateway-web	Run pnpm test	2026-10-04T17:41:24.7680245Z ✔ a result cannot report success on a typed blocker, without acceptance or with failing tests (0.7555ms)
gateway-web	Run pnpm test	2026-10-04T17:41:24.7680992Z ✔ ports are versioned, replacement-safe and refuse non-conforming subjects (0.6903ms)
gateway-web	Run pnpm test	2026-10-04T17:41:24.7681705Z ✔ a deterministic connector double runs a scripted job without a real provider (0.7852ms)
gateway-web	Run pnpm test	2026-10-04T17:41:24.7682361Z ✔ duplicate submit replays instead of creating a second job (2.0728ms)
gateway-web	Run pnpm test	2026-10-04T17:41:24.7682936Z ✔ control commands check version, transition and terminal state (2.7735ms)
gateway-web	Run pnpm test	2026-10-04T17:41:24.7683576Z ✔ results are idempotent and cannot overwrite or resurrect a terminal job (3.2578ms)
gateway-web	Run pnpm test	2026-10-04T17:41:24.7684298Z ✔ canonical job identity survives restart/reconnect and rejects incompatible replay (1.5173ms)
gateway-web	Run pnpm test	2026-10-04T17:41:24.7685453Z ✔ remote fallback is measured, user-approved and preserves the logical owner (3.7887ms)
gateway-web	Run pnpm test	2026-10-04T17:41:24.7686286Z ✔ canonical serialization is order-independent and the schema matches the runtime contract (0.9738ms)
gateway-web	Run pnpm test	2026-10-04T17:41:24.7687108Z ✔ contract error type carries a stable code and status (0.1215ms)
gateway-web	Run pnpm test	2026-10-04T17:41:24.7687718Z ✔ a secret-shaped field is refused in its plural and camelCase spellings too (0.3726ms)
gateway-web	Run pnpm test	2026-10-04T17:41:24.7688380Z ✔ foreign canonical state is refused in camelCase and separator variants (0.2238ms)
gateway-web	Run pnpm test	2026-10-04T17:41:24.7689030Z ✔ reserved prototype keys are refused at every depth of an owned state (0.3759ms)
gateway-web	Run pnpm test	2026-10-04T17:41:24.7689743Z ✔ an envelope refuses a reserved prototype key, so a wire payload cannot smuggle one (0.3135ms)
gateway-web	Run pnpm test	2026-10-04T17:41:24.7690427Z ✔ a codex-boss reference is caught however its separators are spelled (0.1357ms)
gateway-web	Run pnpm test	2026-10-04T17:41:24.7691073Z ✔ provider product names are caught however their separators are spelled (0.1145ms)
gateway-web	Run pnpm test	2026-10-04T17:41:24.7691705Z ✔ an absent field and an explicitly null field have different digests (0.1658ms)
gateway-web	Run pnpm test	2026-10-04T17:41:24.7692426Z ✔ the published schema states the normalisation and reserved-key rules the runtime enforces (0.561ms)
gateway-web	Run pnpm test	2026-10-04T17:41:24.7693145Z ✔ a healthy local host is used, with local concurrency as the answer (2.4389ms)
gateway-web	Run pnpm test	2026-10-04T17:41:24.7693773Z ✔ resource pressure reduces local concurrency before any remote fallback (1.0215ms)
gateway-web	Run pnpm test	2026-10-04T17:41:24.7694494Z ✔ a protected foreground workload blocks the local host rather than displacing the user (0.3336ms)
gateway-web	Run pnpm test	2026-10-04T17:41:24.7695166Z ✔ an unmeasurable local host is unavailable, never assumed free (0.5317ms)
gateway-web	Run pnpm test	2026-10-04T17:41:24.7695755Z ✔ a faster or less loaded remote host alone never triggers fallback (1.2553ms)
gateway-web	Run pnpm test	2026-10-04T17:41:24.7696355Z ✔ remote fallback needs a measured reason and explicit user approval (0.705ms)
gateway-web	Run pnpm test	2026-10-04T17:41:24.7697059Z ✔ candidates are ranked by capability fit, only after fallback is justified (10.6104ms)
gateway-web	Run pnpm test	2026-10-04T17:41:24.7697674Z ✔ a remote dispatch requires a recorded local attempt first (0.3804ms)
gateway-web	Run pnpm test	2026-10-04T17:41:24.7698179Z ✔ a measurement is a strict own-property record (0.8752ms)
gateway-web	Run pnpm test	2026-10-04T17:41:24.7698772Z ✔ a measured GPU load is used, and a contradictory worker count is unavailable (0.459ms)
gateway-web	Run pnpm test	2026-10-04T17:41:24.7699375Z ✔ only a justified fallback proposal can be approved (0.5913ms)
gateway-web	Run pnpm test	2026-10-04T17:41:24.7700116Z ✔ both reference connectors register and resolve generically, with no provider branches in the core (3.5483ms)
gateway-web	Run pnpm test	2026-10-04T17:41:24.7701124Z ✔ installed, uninstalled and auth-required states are probed honestly (2.7642ms)
gateway-web	Run pnpm test	2026-10-04T17:41:24.7703009Z ✔ one canonical job id is preserved while backend ids stay provenance (1.6414ms)
gateway-web	Run pnpm test	2026-10-04T17:41:24.7704231Z ✔ unsupported operations become typed states instead of silence or success (1.0943ms)
gateway-web	Run pnpm test	2026-10-04T17:41:24.7705463Z ✔ an unknown outcome is never reported as success, and retries do not duplicate (0.8845ms)
gateway-web	Run pnpm test	2026-10-04T17:41:24.7706703Z ✔ component-stage acceptance is only claimed with genuine real-host evidence (0.7777ms)
gateway-web	Run pnpm test	2026-10-04T17:41:24.7708071Z ✔ the connector contract is strict, frozen and independent of ambient state (1.0755ms)
gateway-web	Run pnpm test	2026-10-04T17:41:24.7709369Z ✔ component acceptance needs a real terminal state, not an assumed one (0.5043ms)
gateway-web	Run pnpm test	2026-10-04T17:41:24.7710593Z ✔ a submit the backend refused is never reported as submitted (0.7051ms)
gateway-web	Run pnpm test	2026-10-04T17:41:24.7711684Z ✔ a control the backend refused does not close the session (0.7722ms)
gateway-web	Run pnpm test	2026-10-04T17:41:24.7712708Z ✔ an unreadable event stream is not an empty one (0.5552ms)
gateway-web	Run pnpm test	2026-10-04T17:41:24.7713717Z ✔ a result about another backend run is not this job outcome (0.3148ms)
gateway-web	Run pnpm test	2026-10-04T17:41:24.7714630Z ✔ a session the backend refused is not created (0.5527ms)
gateway-web	Run pnpm test	2026-10-04T17:41:24.7715300Z ✔ an uninterpretable instant is refused rather than recorded (0.4197ms)
gateway-web	Run pnpm test	2026-10-04T17:41:24.7715920Z ✔ acceptance is not claimed for a product this host did not install (0.4046ms)
gateway-web	Run pnpm test	2026-10-04T17:41:24.7716466Z ✔ a closed session is not reported as live work (0.3126ms)
gateway-web	Run pnpm test	2026-10-04T17:41:24.7717106Z ✔ the canonical job id addresses control, events and result, and backend refs come back (0.5179ms)
gateway-web	Run pnpm test	2026-10-04T17:41:24.7718025Z ✔ one logical action key executes the backend once, even after a cancel and re-attach (0.313ms)
gateway-web	Run pnpm test	2026-10-04T17:41:24.7718711Z ✔ a connector kind is an own key, and a crashing probe degrades honestly (0.5995ms)
gateway-web	Run pnpm test	2026-10-04T17:41:24.7719404Z ✔ the registry refuses an under-specified connector and derives its emulated count (0.4189ms)
gateway-web	Run pnpm test	2026-10-04T17:41:24.7720033Z ✔ one connector kind may have two distinct instances (17.201ms)
gateway-web	Run pnpm test	2026-10-04T17:41:24.7720580Z ✔ stale probe data is visible as stale and never silently healthy (1.1567ms)
gateway-web	Run pnpm test	2026-10-04T17:41:24.7721119Z ✔ auth READY is never inferred from a live process (0.7441ms)
gateway-web	Run pnpm test	2026-10-04T17:41:24.7721643Z ✔ a capability mismatch is a typed refusal before execution (0.6498ms)
gateway-web	Run pnpm test	2026-10-04T17:41:24.7722189Z ✔ the registry survives a probe that throws or times out (1.9857ms)
gateway-web	Run pnpm test	2026-10-04T17:41:24.7723163Z ✔ registry records refuse raw credential material and keep handles only (1.0585ms)
gateway-web	Run pnpm test	2026-10-04T17:41:24.7723888Z ✔ records are strict, and eligibility reports fit without choosing a host (1.6121ms)
gateway-web	Run pnpm test	2026-10-04T17:41:24.7724559Z ✔ unknown fields are refused even when named after Object.prototype members (3.1815ms)
gateway-web	Run pnpm test	2026-10-04T17:41:24.7725184Z ✔ a future-dated probe is never fresh, and never silently usable (0.5554ms)
gateway-web	Run pnpm test	2026-10-04T17:41:24.7725759Z ✔ the typed refusal names the blocker that actually applies (0.6791ms)
gateway-web	Run pnpm test	2026-10-04T17:41:24.7726296Z ✔ the auditable snapshot cannot be rewritten by its reader (1.3545ms)
gateway-web	Run pnpm test	2026-10-04T17:41:24.7726888Z ✔ a partial probe update leaves the fields it does not mention alone (0.8838ms)
gateway-web	Run pnpm test	2026-10-04T17:41:24.7727469Z ✔ a raw credential is refused by value as well as by key name (0.9924ms)
gateway-web	Run pnpm test	2026-10-04T17:41:24.7728044Z ✔ a cyclic or over-deep record is refused, never a stack overflow (0.9891ms)
gateway-web	Run pnpm test	2026-10-04T17:41:24.7728657Z ✔ a calendar-impossible instant is refused, not merely shape-checked (0.3731ms)
gateway-web	Run pnpm test	2026-10-04T17:41:24.7729212Z ✔ a probe cannot claim to stay current indefinitely (0.4455ms)
gateway-web	Run pnpm test	2026-10-04T17:41:24.7729768Z ✔ a failed probe is visible on the instance and blocks dispatch (1.445ms)
gateway-web	Run pnpm test	2026-10-04T17:41:24.7730381Z ✔ a probe that reports not-installed cannot be a running, usable worker (0.2002ms)
gateway-web	Run pnpm test	2026-10-04T17:41:24.7730981Z ✔ an exempted reference field must still look like a reference (0.876ms)
gateway-web	Run pnpm test	2026-10-04T17:41:24.7731642Z ✔ the evidence source travels with the answer (0.236ms)
gateway-web	Run pnpm test	2026-10-04T17:41:24.7732182Z ✔ a remote dispatch needs an approved proposal and an eligible host (2.8579ms)
gateway-web	Run pnpm test	2026-10-04T17:41:24.7732889Z ✔ every channel returns to the current interaction surface, not to the execution device (1.6536ms)
gateway-web	Run pnpm test	2026-10-04T17:41:24.7733581Z ✔ the control plane follows the user when they move to another surface (0.6317ms)
gateway-web	Run pnpm test	2026-10-04T17:41:24.7734216Z ✔ stale and duplicate remote events are reconciled instead of re-applied (0.566ms)
gateway-web	Run pnpm test	2026-10-04T17:41:24.7734836Z ✔ control is forwarded from any authorised device and applied once (1.0089ms)
gateway-web	Run pnpm test	2026-10-04T17:41:24.7735471Z ✔ a hardware-bound action is a typed blocker, never a fabricated success (0.5001ms)
gateway-web	Run pnpm test	2026-10-04T17:41:24.7736203Z ✔ context is staged semantically, and the port contract owns trust and transport elsewhere (0.8116ms)
gateway-web	Run pnpm test	2026-10-04T17:41:24.7736969Z ✔ the return path can only move onto a surface this module resolved for the same owner (0.6234ms)
gateway-web	Run pnpm test	2026-10-04T17:41:24.7737647Z ✔ a dispatch validates the executor reference and the capability list (0.491ms)
gateway-web	Run pnpm test	2026-10-04T17:41:24.7738275Z ✔ the bridge itself refuses a second dispatch and keeps the run ledger (0.6888ms)
gateway-web	Run pnpm test	2026-10-04T17:41:24.7738858Z ✔ an execution port that refuses is never reported as success (0.9859ms)
gateway-web	Run pnpm test	2026-10-04T17:41:24.7739813Z ✔ an attention reply reaches the originating worker through the respond path (0.4985ms)
gateway-web	Run pnpm test	2026-10-04T17:41:24.7740617Z ✔ a control command without an idempotency key is refused rather than swallowed (0.2713ms)
gateway-web	Run pnpm test	2026-10-04T17:41:24.7741306Z ✔ an untransferable remote payload is refused without consuming its sequence (0.3642ms)
gateway-web	Run pnpm test	2026-10-04T17:41:24.7742176Z ✔ a physical-action block is observable and blocks a fabricated success (0.3646ms)
gateway-web	Run pnpm test	2026-10-04T17:41:24.7742789Z ✔ recording instants are validated rather than stored as given (0.4018ms)
gateway-web	Run pnpm test	2026-10-04T17:41:24.7743768Z ✔ the approval gate reads the proposal itself, not its prototype (0.3105ms)
gateway-web	Run pnpm test	2026-10-04T17:41:24.7744385Z ✔ a refused replay does not move where the run returns are delivered (0.2117ms)
gateway-web	Run pnpm test	2026-10-04T17:41:24.7744939Z ✔ an envelope field is validated and used exactly once (0.3819ms)
gateway-web	Run pnpm test	2026-10-04T17:41:24.7745467Z ✔ a device field is validated and projected exactly once (0.2397ms)
gateway-web	Run pnpm test	2026-10-04T17:41:24.7746079Z ✔ context staging enforces the bound and the cleanup policy it advertises (0.395ms)
gateway-web	Run pnpm test	2026-10-04T17:41:24.7746712Z ✔ a return that reaches nobody is not normal remote-free operation (0.3302ms)
gateway-web	Run pnpm test	2026-10-04T17:41:24.7747310Z ✔ a surface is resolved only from devices belonging to that owner (0.1837ms)
gateway-web	Run pnpm test	2026-10-04T17:41:24.7748485Z ✔ authority is split: the monitor senses, the supervisor restarts, and neither can do the other (4.8704ms)
gateway-web	Run pnpm test	2026-10-04T17:41:24.7749564Z ✔ a stale or reused pid is never signalled (1.9788ms)
gateway-web	Run pnpm test	2026-10-04T17:41:24.7750852Z ✔ the restart budget ends in safe mode instead of an infinite loop (2.2669ms)
gateway-web	Run pnpm test	2026-10-04T17:41:24.7752224Z ✔ resume happens only after a checkpoint and a readiness confirmation (1.6364ms)
gateway-web	Run pnpm test	2026-10-04T17:41:24.7753642Z ✔ a terminal job does not resurrect after recovery (0.6041ms)
gateway-web	Run pnpm test	2026-10-04T17:41:24.7754625Z ✔ one crashed connector never terminates unrelated connectors (1.1984ms)
gateway-web	Run pnpm test	2026-10-04T17:41:24.7755723Z ✔ the contract is strict, frozen, and honest about stale observations (1.1316ms)
gateway-web	Run pnpm test	2026-10-04T17:41:24.7756974Z ✔ pressure is the evidence the monitor recorded, not a copy the caller supplies (0.3938ms)
gateway-web	Run pnpm test	2026-10-04T17:41:24.7764689Z ✔ a policy bound that can be switched off is refused (1.0689ms)
gateway-web	Run pnpm test	2026-10-04T17:41:24.7765990Z ✔ an uninterpretable instant cannot make stale evidence fresh or release the cooldown (1.0344ms)
gateway-web	Run pnpm test	2026-10-04T17:41:24.7767470Z ✔ a throwing readiness or process hook is a typed outcome, not a half-applied restart (0.7955ms)
gateway-web	Run pnpm test	2026-10-04T17:41:24.7795717Z ✔ an absent confidence is no confidence (0.2532ms)
gateway-web	Run pnpm test	2026-10-04T17:41:24.7796917Z ✔ a caller structure that points at itself is refused, not fatal (0.7474ms)
gateway-web	Run pnpm test	2026-10-04T17:41:24.7797993Z ✔ a malformed active entry is reported rather than dropped (0.2325ms)
gateway-web	Run pnpm test	2026-10-04T17:41:24.7799027Z ✔ a minted decision is authority for one instance and one restart (0.5959ms)
gateway-web	Run pnpm test	2026-10-04T17:41:24.7800191Z ✔ an unrecordable port answer is not an untyped failure after a real restart (0.6786ms)
gateway-web	Run pnpm test	2026-10-04T17:41:24.7801427Z ✔ a readiness answer about another instance or checkpoint is not this resume (0.9096ms)
gateway-web	Run pnpm test	2026-10-04T17:41:24.7802578Z ✔ supervise refuses a malformed set instead of failing part-way (0.4272ms)
gateway-web	Run pnpm test	2026-10-04T17:41:24.7804080Z ✔ host-pass: the original contract still works and is labelled HOST_PASS (92.3286ms)
gateway-web	Run pnpm test	2026-10-04T17:41:24.7805415Z ✔ owner-override: an Owner ruling over a real blocker produces a VERIFIED episode (81.137ms)
gateway-web	Run pnpm test	2026-10-04T17:41:24.7806787Z ✔ owner-override without a migration blocker fails (68.7672ms)
gateway-web	Run pnpm test	2026-10-04T17:41:24.7807744Z ✔ owner-override without an owner ruling argument fails (86.4827ms)
gateway-web	Run pnpm test	2026-10-04T17:41:24.7808820Z ✔ owner-override whose intervention does not cite the ruling fails (73.556ms)
gateway-web	Run pnpm test	2026-10-04T17:41:24.7809842Z ✔ owner-override without a verifier finding fails (70.1518ms)
gateway-web	Run pnpm test	2026-10-04T17:41:24.7810862Z ✔ owner-override whose verifier finding precedes the blocker fails (69.6522ms)
gateway-web	Run pnpm test	2026-10-04T17:41:24.7811938Z ✔ a final CI that is not PASS fails in owner-override too (70.4513ms)
gateway-web	Run pnpm test	2026-10-04T17:41:24.7812754Z ✔ the same host for both roles fails (144.65ms)
gateway-web	Run pnpm test	2026-10-04T17:41:24.7813669Z ✔ an inbox that already has a host PASS cannot use owner-override (73.1793ms)
gateway-web	Run pnpm test	2026-10-04T17:41:24.7815176Z ✔ --owner-ruling is rejected in host-pass mode (72.2474ms)
gateway-web	Run pnpm test	2026-10-04T17:41:24.7816437Z ✔ owner-waived host separation: an Owner ruling lets the migration host finish verification (73.1465ms)
gateway-web	Run pnpm test	2026-10-04T17:41:24.7817626Z ✔ a strict episode records hostSeparation STRICT (75.616ms)
gateway-web	Run pnpm test	2026-10-04T17:41:24.7818466Z ✔ owner-waived without --completing-host fails (67.2136ms)
gateway-web	Run pnpm test	2026-10-04T17:41:24.7819287Z ✔ owner-waived without --owner-ruling fails (70.0511ms)
gateway-web	Run pnpm test	2026-10-04T17:41:24.7820354Z ✔ owner-waived whose completing host produced no verification events fails (78.7346ms)
gateway-web	Run pnpm test	2026-10-04T17:41:24.7821429Z ✔ owner-waived whose record cites no ruling fails (68.3347ms)
gateway-web	Run pnpm test	2026-10-04T17:41:24.7822612Z ✔ owner-waived is refused when the completing host is already the verification host (70.4443ms)
gateway-web	Run pnpm test	2026-10-04T17:41:24.7824375Z ✔ owner-waived still refuses a verification event from a host that does not participate (73.1845ms)
gateway-web	Run pnpm test	2026-10-04T17:41:24.7825640Z ✔ --completing-host is rejected in strict host separation (67.8594ms)
gateway-web	Run pnpm test	2026-10-04T17:41:24.7826765Z ✔ strict host separation still refuses the same host for both roles (76.7684ms)
gateway-web	Run pnpm test	2026-10-04T17:41:24.7827885Z ✔ a finished Action is never re-opened by a later observation (1.9006ms)
gateway-web	Run pnpm test	2026-10-04T17:41:24.7828973Z ✔ an in-flight Action still follows the City task it is reporting on (0.2559ms)
gateway-web	Run pnpm test	2026-10-04T17:41:24.7830296Z ✔ the reserved GENERAL_AI route answers a typed UNAVAILABLE and never becomes a City task (2.3802ms)
gateway-web	Run pnpm test	2026-10-04T17:41:24.7831872Z ✔ a reordered idempotency key is the same request, and a different one is refused (6.9202ms)
gateway-web	Run pnpm test	2026-10-04T17:41:24.7833291Z ✔ UXI-301 feed: real telemetry becomes a load vector, and unmeasured dimensions stay missing (2.1972ms)
gateway-web	Run pnpm test	2026-10-04T17:41:24.7834484Z ✔ UXI-301 feed: disk CAPACITY is not reported as io LOAD (0.2575ms)
gateway-web	Run pnpm test	2026-10-04T17:41:24.7835520Z ✔ UXI-301 feed: the node mapping mirrors the gateway liveness truth (0.3349ms)
gateway-web	Run pnpm test	2026-10-04T17:41:24.7837475Z ✔ UXI-391: the candidate carries an EXPLICIT enablement, and an explicit disable is honoured (1.316ms)
gateway-web	Run pnpm test	2026-10-04T17:41:24.7839122Z ✔ UXI-301 feed: eligibility terms come from RS-202 and are all declared in the contract (1.0085ms)
gateway-web	Run pnpm test	2026-10-04T17:41:24.7840423Z ✔ UXI-301 feed: an ONLINE, healthy node must NOT present as unusable (1.4719ms)
gateway-web	Run pnpm test	2026-10-04T17:41:24.7841879Z ✔ UXI-301 feed: COMPLETED is reachable ONLY from a terminal City state (0.5618ms)
gateway-web	Run pnpm test	2026-10-04T17:41:24.7843284Z ✔ UXI-301 feed: a healthy node plus a cold one offers waiting, never a forced choice (0.2253ms)
gateway-web	Run pnpm test	2026-10-04T17:41:24.7845118Z ✔ UXI-301 feed: a structurally refused fleet DOES demand a choice and withholds waiting (0.4283ms)
gateway-web	Run pnpm test	2026-10-04T17:41:24.7848047Z ✔ UXI-301 feed: the producer rejects malformed input rather than guessing (0.6725ms)
gateway-web	Run pnpm test	2026-10-04T17:41:24.7850254Z ✔ UXI-301 feed: the feed is versioned, lists its candidates, and hides finished work by default (0.651ms)
gateway-web	Run pnpm test	2026-10-04T17:41:24.7851687Z ✔ UXI-301 feed: termsInUse reports only declared terms, so a UI can preload copy (0.378ms)
gateway-web	Run pnpm test	2026-10-04T17:41:24.7853044Z ✔ UXI-301 feed: an empty City produces an empty feed rather than a fabricated status (0.1456ms)
gateway-web	Run pnpm test	2026-10-04T17:41:24.7854640Z ✔ UXI-301 feed: a node already running OTHER work reports real capacity pressure (0.4148ms)
gateway-web	Run pnpm test	2026-10-04T17:41:24.7855843Z ✔ UXI-301 feed: capacity pressure clears once the other work finishes (0.4215ms)
gateway-web	Run pnpm test	2026-10-04T17:41:24.7857068Z ✔ UXI-301 feed: two busy nodes and one free node is reported truthfully per node (0.4132ms)
gateway-web	Run pnpm test	2026-10-04T17:41:24.7858367Z ✔ versioned authenticated gateway rejects unsafe commands and persists history (168.0312ms)
gateway-web	Run pnpm test	2026-10-04T17:41:24.7859691Z ✔ the post-restart resume decision is owned by the migrated checkpoint gate (44.7865ms)
gateway-web	Run pnpm test	2026-10-04T17:41:24.7861580Z ✔ the gateway places work on exactly the nodes its own policy and the Core both accept (1252.2022ms)
gateway-web	Run pnpm test	2026-10-04T17:41:24.7862954Z ✔ an interrupted task is never falsified as success across a gateway restart (45.3587ms)
gateway-web	Run pnpm test	2026-10-04T17:41:24.7864141Z ✔ no API network call happens before consent and budget admission (4.9179ms)
gateway-web	Run pnpm test	2026-10-04T17:41:24.7865437Z ✔ a Web failure proposes API but never grants it, and budget does not stand in for consent (1.4461ms)
gateway-web	Run pnpm test	2026-10-04T17:41:24.7866788Z ✔ rate limit, auth and provider faults stay typed and never look like success (2.375ms)
gateway-web	Run pnpm test	2026-10-04T17:41:24.7867915Z ✔ usage the provider did not report stays unknown, never zero (0.8247ms)
gateway-web	Run pnpm test	2026-10-04T17:41:24.7869207Z ✔ streaming is supported only where the adapter says so, and secrets never reach provenance (1.0107ms)
gateway-web	Run pnpm test	2026-10-04T17:41:24.7870508Z ✔ channel state stays isolated, frozen and free of ambient behaviour (0.6826ms)
gateway-web	Run pnpm test	2026-10-04T17:41:24.7871695Z ✔ budget policy limits must be real numbers, so the second gate cannot vanish (0.607ms)
gateway-web	Run pnpm test	2026-10-04T17:41:24.7872700Z ✔ provider usage that is negative is not usage (0.1633ms)
gateway-web	Run pnpm test	2026-10-04T17:41:24.7873597Z ✔ secrets are found and redacted however they are hidden (0.4055ms)
gateway-web	Run pnpm test	2026-10-04T17:41:24.7874678Z ✔ an admitted call with no usable adapter is a typed refusal, not a crash (0.4727ms)
gateway-web	Run pnpm test	2026-10-04T17:41:24.7875754Z ✔ the budget result does not claim knowledge it does not have (0.7342ms)
gateway-web	Run pnpm test	2026-10-04T17:41:24.7877020Z ✔ one conversation continues while backend thread, provider and device metadata change (5.2494ms)
gateway-web	Run pnpm test	2026-10-04T17:41:24.7878376Z ✔ backend thread loss is reported and never becomes a silent false continuation (1.8859ms)
gateway-web	Run pnpm test	2026-10-04T17:41:24.7879568Z ✔ InputBundle enforces bounds, media type, digest and provenance (2.6518ms)
gateway-web	Run pnpm test	2026-10-04T17:41:24.7881302Z ✔ temporary staging metadata always carries an explicit cleanup policy (3.3457ms)
gateway-web	Run pnpm test	2026-10-04T17:41:24.7882730Z ✔ partial events are ordered, versioned and never terminal, and RF envelopes stay non-canonical (1.3722ms)
gateway-web	Run pnpm test	2026-10-04T17:41:24.7884235Z ✔ cancellation is idempotent, works across channel changes, and reconciles late results (1.1192ms)
gateway-web	Run pnpm test	2026-10-04T17:41:24.7885551Z ✔ the conversation contract is closed, frozen and identity-independent (1.4781ms)
gateway-web	Run pnpm test	2026-10-04T17:41:24.7886629Z ✔ the canonical contract allow-list is decided by own keys (0.908ms)
gateway-web	Run pnpm test	2026-10-04T17:41:24.7887832Z ✔ the conversation policy is a bound, and a non-boolean cannot disable verification (1.2008ms)
gateway-web	Run pnpm test	2026-10-04T17:41:24.7889233Z ✔ a cyclic caller value cannot crash the freezer, and attachments are canonical records (0.8837ms)
gateway-web	Run pnpm test	2026-10-04T17:41:24.7890395Z ✔ a malformed caller instant is refused as a typed error (0.9157ms)
gateway-web	Run pnpm test	2026-10-04T17:41:24.7891329Z ✔ a settled turn cannot accept further transport data (0.6799ms)
gateway-web	Run pnpm test	2026-10-04T17:41:24.7892370Z ✔ a refused call leaves no partial write and no poisoned projection (0.5183ms)
gateway-web	Run pnpm test	2026-10-04T17:41:24.7893398Z ✔ each late result is reconciled under its own reference (0.4508ms)
gateway-web	Run pnpm test	2026-10-04T17:41:24.7894505Z ✔ the published stream carries cancellation and a conversation-level order (0.574ms)
gateway-web	Run pnpm test	2026-10-04T17:41:24.7895430Z ✔ every free-text field is bounded (0.724ms)
gateway-web	Run pnpm test	2026-10-04T17:41:24.7896285Z ✔ the staging cleanup deadline is a decision, not decoration (0.5715ms)
gateway-web	Run pnpm test	2026-10-04T17:41:24.7897470Z ✔ GENERAL_AI is reserved as a user-level route and the legacy routes are untouched (2.9137ms)
gateway-web	Run pnpm test	2026-10-04T17:41:24.7900570Z ✔ a historical product name is not a route, and an unknown route is refused not guessed (0.3853ms)
gateway-web	Run pnpm test	2026-10-04T17:41:24.7901820Z ✔ the gateway route vocabulary is exactly the contract vocabulary (0.2945ms)
gateway-web	Run pnpm test	2026-10-04T17:41:24.7902854Z ✔ a canonical general-AI request validates and keeps typed backend references (2.8957ms)
gateway-web	Run pnpm test	2026-10-04T17:41:24.7903878Z ✔ unknown version, channel, state and malformed input are refused (1.0285ms)
gateway-web	Run pnpm test	2026-10-04T17:41:24.7904851Z ✔ no canonical envelope may carry raw credential, cookie or token bytes (0.9017ms)
gateway-web	Run pnpm test	2026-10-04T17:41:24.7905891Z ✔ provider, model, attention, usage and proposal envelopes validate strictly (0.7578ms)
gateway-web	Run pnpm test	2026-10-04T17:41:24.7906961Z ✔ partial output cannot mark an Action terminal and terminal status is final (0.673ms)
gateway-web	Run pnpm test	2026-10-04T17:41:24.7908129Z ✔ a partial result carries in-flight status and a result envelope carries a terminal one (0.6681ms)
gateway-web	Run pnpm test	2026-10-04T17:41:24.7909262Z ✔ an idempotency key replayed for the same request returns the first result (0.7908ms)
gateway-web	Run pnpm test	2026-10-04T17:41:24.7910279Z ✔ the same idempotency key bound to a different request is refused (0.4087ms)
gateway-web	Run pnpm test	2026-10-04T17:41:24.7911236Z ✔ a deterministic local answer never reaches a general-AI channel (0.348ms)
gateway-web	Run pnpm test	2026-10-04T17:41:24.7912215Z ✔ Web is the default channel and JEV failure degrades instead of blocking (0.1481ms)
gateway-web	Run pnpm test	2026-10-04T17:41:24.7913291Z ✔ Web failure does not silently trigger API, and API needs explicit user consent (0.2192ms)
gateway-web	Run pnpm test	2026-10-04T17:41:24.7914326Z ✔ budget policy runs after consent and can never substitute for it (0.2518ms)
gateway-web	Run pnpm test	2026-10-04T17:41:24.7915404Z ✔ another device is proposed, never chosen, and the interaction device does not move (0.5235ms)
gateway-web	Run pnpm test	2026-10-04T17:41:24.7916557Z ✔ API escalation requires a user confirmation reference, not a budget decision (0.3767ms)
gateway-web	Run pnpm test	2026-10-04T17:41:24.7917551Z ✔ a decision that needs the user becomes an attention request (0.9348ms)
gateway-web	Run pnpm test	2026-10-04T17:41:24.7918495Z ✔ JEV output is advisory and a JEV failure degrades instead of blocking (0.5463ms)
gateway-web	Run pnpm test	2026-10-04T17:41:24.7919524Z ✔ programme ports are versioned, and non-conforming subjects are refused (0.4698ms)
gateway-web	Run pnpm test	2026-10-04T17:41:24.7920752Z ✔ the deterministic remote double never fakes a completed run (0.7733ms)
gateway-web	Run pnpm test	2026-10-04T17:41:24.7921835Z ✔ the repository carries no runtime dependency on the historical product (156.5182ms)
gateway-web	Run pnpm test	2026-10-04T17:41:24.7923132Z ✔ the contract publishes its routing guarantees and error vocabulary (0.1701ms)
gateway-web	Run pnpm test	2026-10-04T17:41:24.7924388Z ✔ undeclared keys inherited from Object.prototype are refused, and a prototype key never is canonical (0.6724ms)
gateway-web	Run pnpm test	2026-10-04T17:41:24.7925870Z ✔ a secret-shaped name is refused in its plural and compound spellings, and a quantity is not a secret (0.2965ms)
gateway-web	Run pnpm test	2026-10-04T17:41:24.7927353Z ✔ raw credential bytes are refused in any field, not only in a secret-shaped one (0.3029ms)
gateway-web	Run pnpm test	2026-10-04T17:41:24.7928751Z ✔ a partial result cannot claim a terminal status by relabelling or omitting its source (1.2241ms)
gateway-web	Run pnpm test	2026-10-04T17:41:24.7930042Z ✔ UNAVAILABLE is final for this action, and entering it is still allowed (0.2828ms)
gateway-web	Run pnpm test	2026-10-04T17:41:24.7931203Z ✔ an advisory assessment carries advisory fields and nothing else (0.517ms)
gateway-web	Run pnpm test	2026-10-04T17:41:24.7932645Z ✔ the linkage scanner catches real dependency shapes it used to miss, and still ignores provenance prose (0.4608ms)
gateway-web	Run pnpm test	2026-10-04T17:41:24.7934090Z ✔ availability, health, auth, rate limit and budget stay separate signals (4.322ms)
gateway-web	Run pnpm test	2026-10-04T17:41:24.7935340Z ✔ stale health is distinguishable from healthy and never reported as healthy (0.8065ms)
gateway-web	Run pnpm test	2026-10-04T17:41:24.7936611Z ✔ a transient technical failure follows a bounded retry and backoff policy (0.8324ms)
gateway-web	Run pnpm test	2026-10-04T17:41:24.7937899Z ✔ human-blocked and ambiguous failures never auto-resume as a technical retry (0.9184ms)
gateway-web	Run pnpm test	2026-10-04T17:41:24.7939190Z ✔ circuits are scoped so one failure cannot trip all AI or the local surfaces (2.2294ms)
gateway-web	Run pnpm test	2026-10-04T17:41:24.7940711Z ✔ a Web failure degrades honestly and never silently escalates to the API (0.6915ms)
gateway-web	Run pnpm test	2026-10-04T17:41:24.7942075Z ✔ the governor is strict, frozen, and free of ambient state (1.08ms)
gateway-web	Run pnpm test	2026-10-04T17:41:24.7942989Z ✔ the resilience policy bounds are real bounds (0.5832ms)
gateway-web	Run pnpm test	2026-10-04T17:41:24.7943920Z ✔ a malformed caller instant is refused as a typed error (0.8525ms)
gateway-web	Run pnpm test	2026-10-04T17:41:24.7945036Z ✔ a side-effecting failure is not retried without an idempotency key (0.4472ms)
gateway-web	Run pnpm test	2026-10-04T17:41:24.7946315Z ✔ a cyclic value cannot crash the freezer, and a degraded availability is named (0.3626ms)
gateway-web	Run pnpm test	2026-10-04T17:41:24.7947333Z ✔ the governor policy is a plain record (0.2403ms)
gateway-web	Run pnpm test	2026-10-04T17:41:24.7948263Z ✔ a caller instant cannot extend or shorten a circuit cooldown (0.6744ms)
gateway-web	Run pnpm test	2026-10-04T17:41:24.7949225Z ✔ an acknowledgment survives a replayed failure (0.4436ms)
gateway-web	Run pnpm test	2026-10-04T17:41:24.7950385Z ✔ a non-boolean flag cannot silently drop a proposal or an idempotency requirement (0.2595ms)
gateway-web	Run pnpm test	2026-10-04T17:41:24.7951845Z ✔ a degraded or unknown availability is never ready, and the report agrees with the query (0.5838ms)
gateway-web	Run pnpm test	2026-10-04T17:41:24.7953292Z ✔ provider, model and account identities stay distinct across multiple accounts (18.1631ms)
gateway-web	Run pnpm test	2026-10-04T17:41:24.7954564Z ✔ stale capability metadata is visible as stale and reads as unknown (0.9931ms)
gateway-web	Run pnpm test	2026-10-04T17:41:24.7955715Z ✔ WEB and API readiness are answered independently and may differ (0.9104ms)
gateway-web	Run pnpm test	2026-10-04T17:41:24.7956906Z ✔ a missing provider, model or account produces typed absence, not a throw (1.087ms)
gateway-web	Run pnpm test	2026-10-04T17:41:24.7958193Z ✔ canonical records refuse raw secret material and keep handles only (1.1101ms)
gateway-web	Run pnpm test	2026-10-04T17:41:24.7959386Z ✔ the registry starts empty and works entirely with synthetic providers (0.9328ms)
gateway-web	Run pnpm test	2026-10-04T17:41:24.7960413Z ✔ registry records are strict about their shape (2.3299ms)
gateway-web	Run pnpm test	2026-10-04T17:41:24.7961717Z ✔ undeclared keys inherited from Object.prototype are refused (1.0878ms)
gateway-web	Run pnpm test	2026-10-04T17:41:24.7962900Z ✔ a secret-shaped name is refused in its plural and compound spellings (0.4212ms)
gateway-web	Run pnpm test	2026-10-04T17:41:24.7964350Z ✔ raw credential bytes are refused in a declared text field, not only under a secret-shaped name (0.782ms)
gateway-web	Run pnpm test	2026-10-04T17:41:24.7965803Z ✔ one reference cannot name two records, and a parent binding cannot be re-pointed (2.0329ms)
gateway-web	Run pnpm test	2026-10-04T17:41:24.7966989Z ✔ a handle reference is content-addressed and epoch-scoped (0.4332ms)
gateway-web	Run pnpm test	2026-10-04T17:41:24.7968289Z ✔ a stale or unavailable channel is not advertised as supported (0.9091ms)
gateway-web	Run pnpm test	2026-10-04T17:41:24.7969556Z ✔ a missing subject reports its own absence code, and a future observation is not fresh (0.4328ms)
gateway-web	Run pnpm test	2026-10-04T17:41:24.7970899Z ✔ RS-201: enablement is REQUIRED, so an omitted field can never read as enabled (0.6181ms)
gateway-web	Run pnpm test	2026-10-04T17:41:24.7972378Z ✔ RS-201: enablement accepts exactly the two declared states and nothing that merely looks like one (1.5259ms)
gateway-web	Run pnpm test	2026-10-04T17:41:24.7973938Z ✔ RS-201: DISABLED is a user choice, not a capability fact, and does not contaminate freshness (0.5394ms)
gateway-web	Run pnpm test	2026-10-04T17:41:24.7975205Z ✔ RS-201: region is required but explicitly nullable, and is never inferred (1.0048ms)
gateway-web	Run pnpm test	2026-10-04T17:41:24.7977361Z ✔ RS-201: the availability reason vocabulary carries all seven required categories (0.1789ms)
gateway-web	Run pnpm test	2026-10-04T17:41:24.7978649Z ✔ RS-201: disable and re-enable are reversible and destroy nothing (0.4035ms)
gateway-web	Run pnpm test	2026-10-04T17:41:24.7979973Z ✔ RS-201: setEnablement refuses a bad state and answers a bad reference with a typed absence (0.6562ms)
gateway-web	Run pnpm test	2026-10-04T17:41:24.7981444Z ✔ RS-201: a provider with dependents is REFUSED removal, and the dependents are named (0.5156ms)
gateway-web	Run pnpm test	2026-10-04T17:41:24.7983130Z ✔ RS-201: removal tombstones the reference, so RETIRED is distinguishable from UNKNOWN (0.3405ms)
gateway-web	Run pnpm test	2026-10-04T17:41:24.7984553Z ✔ RS-201: restore is the explicit act that makes a removed reference registerable again (0.3468ms)
gateway-web	Run pnpm test	2026-10-04T17:41:24.7985970Z ✔ RS-201: unavailability never removes anything - only an explicit user remove() does (0.2636ms)
gateway-web	Run pnpm test	2026-10-04T17:41:24.7987354Z ✔ RS-201: models and accounts are removable once they have no dependents of their own (0.2838ms)
gateway-web	Run pnpm test	2026-10-04T17:41:24.7988943Z ✔ RS-201: a fresh, enabled, unimpeded record is the ONLY thing that reads AVAILABLE (0.3287ms)
gateway-web	Run pnpm test	2026-10-04T17:41:24.7990309Z ✔ RS-201: staleness is NOT live truth - a stale observation is UNKNOWN, never AVAILABLE (0.1713ms)
gateway-web	Run pnpm test	2026-10-04T17:41:24.7991734Z ✔ RS-201: region is checked only against a DECLARED region, so a neutral provider never mismatches (0.1742ms)
gateway-web	Run pnpm test	2026-10-04T17:41:24.7993227Z ✔ RS-201: session and credential reasons come from the account status, and stay apart (0.2642ms)
gateway-web	Run pnpm test	2026-10-04T17:41:24.7994574Z ✔ RS-201: a channel that is UNAVAILABLE is a service fault, and neither is selectable (0.1255ms)
gateway-web	Run pnpm test	2026-10-04T17:41:24.7995913Z ✔ RS-201: precedence is ordered and the user instruction outranks every observation (0.2509ms)
gateway-web	Run pnpm test	2026-10-04T17:41:24.7997347Z ✔ RS-201: the candidate list keeps refused entries WITH their reasons rather than hiding them (0.6972ms)
gateway-web	Run pnpm test	2026-10-04T17:41:24.7998699Z ✔ RS-201: an all-refused pool and an empty pool are distinct, named conditions (0.2574ms)
gateway-web	Run pnpm test	2026-10-04T17:41:24.7999899Z ✔ RS-201: a suggestion is structurally incapable of being an execution (0.402ms)
gateway-web	Run pnpm test	2026-10-04T17:41:24.8001342Z ✔ RS-201: when nothing is selectable the suggestion says so instead of inventing a fallback (0.9113ms)
gateway-web	Run pnpm test	2026-10-04T17:41:24.8003100Z ✔ RS-201: a probe that answers inside the bound is FRESH, and is then served from cache (0.6577ms)
gateway-web	Run pnpm test	2026-10-04T17:41:24.8004429Z ✔ RS-201: the bound HOLDS - a probe that never answers cannot block the caller (40.8661ms)
gateway-web	Run pnpm test	2026-10-04T17:41:24.8005760Z ✔ RS-201: a missed bound degrades to the last known answer, marked as degraded and aged (41.0177ms)
gateway-web	Run pnpm test	2026-10-04T17:41:24.8007205Z ✔ RS-201: when nothing was ever known, the bound yields NO_DATA and never invents availability (31.6708ms)
gateway-web	Run pnpm test	2026-10-04T17:41:24.8008633Z ✔ RS-201: a probe that throws degrades instead of propagating into the calling path (0.7196ms)
gateway-web	Run pnpm test	2026-10-04T17:41:24.8009958Z ✔ RS-201: the probe reports its own bounds and refuses an unusable configuration (0.2722ms)
gateway-web	Run pnpm test	2026-10-04T17:41:24.8011356Z ✔ RS-201: the outcome vocabulary keeps a degraded answer distinguishable from a fresh one (0.1385ms)
gateway-web	Run pnpm test	2026-10-04T17:41:24.8012827Z ✔ a healthy current device is preferred, so nothing moves and nothing is interrupted (4.1258ms)
gateway-web	Run pnpm test	2026-10-04T17:41:24.8014212Z ✔ endpoints are ranked from metadata only, and stale or offline ones are never healthy (2.0468ms)
gateway-web	Run pnpm test	2026-10-04T17:41:24.8015612Z ✔ no execution begins before the V1 device-switch confirmation (1.1802ms)
gateway-web	Run pnpm test	2026-10-04T17:41:24.8016938Z ✔ exactly one canonical Action exists on the execution host, and every event correlates to it (1.305ms)
gateway-web	Run pnpm test	2026-10-04T17:41:24.8018293Z ✔ remote cancel works from any authorized device and reconciles late results (1.5196ms)
gateway-web	Run pnpm test	2026-10-04T17:41:24.8024355Z ✔ hardware-bound authentication surfaces as ATTENTION_REQUIRED, never as false success (1.1078ms)
gateway-web	Run pnpm test	2026-10-04T17:41:24.8025989Z ✔ semantic input staging carries an explicit cleanup policy, and the router is strict (1.7557ms)
gateway-web	Run pnpm test	2026-10-04T17:41:24.8027293Z ✔ the policy cannot switch off confirmation or the health ceilings (0.5825ms)
gateway-web	Run pnpm test	2026-10-04T17:41:24.8028395Z ✔ the approved endpoint must still be healthy at dispatch time (0.5475ms)
gateway-web	Run pnpm test	2026-10-04T17:41:24.8029426Z ✔ a malformed caller instant is refused as a typed error (1.0063ms)
gateway-web	Run pnpm test	2026-10-04T17:41:24.8030453Z ✔ a settled action is not regressed by a late attention request (0.506ms)
gateway-web	Run pnpm test	2026-10-04T17:41:24.8031434Z ✔ a cancellation event is terminal because the action is (0.71ms)
gateway-web	Run pnpm test	2026-10-04T17:41:24.8032524Z ✔ a cyclic caller value cannot crash the freezer, and stored text is typed (1.1746ms)
gateway-web	Run pnpm test	2026-10-04T17:41:24.8033580Z ✔ a non-boolean requirement cannot skip an exclusion (0.3474ms)
gateway-web	Run pnpm test	2026-10-04T17:41:24.8034514Z ✔ a live action id cannot bypass the confirmation gates (0.5549ms)
gateway-web	Run pnpm test	2026-10-04T17:41:24.8035443Z ✔ an executor refusal is not recorded as a dispatch (0.4391ms)
gateway-web	Run pnpm test	2026-10-04T17:41:24.8036501Z ✔ a hardware-bound action stays addressable while it awaits the user (0.2999ms)
gateway-web	Run pnpm test	2026-10-04T17:41:24.8038029Z ✔ a success carries its result, and an exact replay is not applied twice (0.4872ms)
gateway-web	Run pnpm test	2026-10-04T17:41:24.8039147Z ✔ a cancellation is only reported when the executor accepted it (0.5865ms)
gateway-web	Run pnpm test	2026-10-04T17:41:24.8040231Z ✔ a known deterministic command consults no JEV and no provider (5.8645ms)
gateway-web	Run pnpm test	2026-10-04T17:41:24.8041814Z ✔ JEV recommends, gateway policy decides, and both are independently auditable (1.0403ms)
gateway-web	Run pnpm test	2026-10-04T17:41:24.8043123Z ✔ unavailable, timed-out, malformed and low-confidence JEV is non-blocking (1.5208ms)
gateway-web	Run pnpm test	2026-10-04T17:41:24.8044193Z ✔ JEV cannot execute an Action or grant permission (1.1375ms)
gateway-web	Run pnpm test	2026-10-04T17:41:24.8045317Z ✔ engineering intent routes to the Engineering programme, never to General AI (1.9217ms)
gateway-web	Run pnpm test	2026-10-04T17:41:24.8046387Z ✔ the router is strict, frozen and free of ambient state (2.5ms)
gateway-web	Run pnpm test	2026-10-04T17:41:24.8047479Z ✔ a classification that carries an execution is refused however it is hidden (0.8558ms)
gateway-web	Run pnpm test	2026-10-04T17:41:24.8048744Z ✔ policy values are validated, so a route cannot be invented or a gate removed (0.7927ms)
gateway-web	Run pnpm test	2026-10-04T17:41:24.8049813Z ✔ command records are strict and instants are real (0.9511ms)
gateway-web	Run pnpm test	2026-10-04T17:41:24.8050721Z ✔ deterministic local commands route exactly as before (3.5166ms)
gateway-web	Run pnpm test	2026-10-04T17:41:24.8051926Z ✔ an ordinary AI request produces a GENERAL_AI Action with provenance as advanced state (2.3617ms)
gateway-web	Run pnpm test	2026-10-04T17:41:24.8053507Z ✔ device-switch and API proposals never navigate the user away, and remote results return to the action (1.9001ms)
gateway-web	Run pnpm test	2026-10-04T17:41:24.8055089Z ✔ an API proposal requires explicit confirmation and shows the budget outcome before execution (1.2533ms)
gateway-web	Run pnpm test	2026-10-04T17:41:24.8056438Z ✔ attention is projected into canonical shared state, never a GAI-only store (1.2317ms)
gateway-web	Run pnpm test	2026-10-04T17:41:24.8057789Z ✔ cancel and control work from Web and Android for the same Action, with one shared history (1.0586ms)
gateway-web	Run pnpm test	2026-10-04T17:41:24.8059173Z ✔ no path claims success while the backend is unavailable, and legacy routes are refused (1.8329ms)
gateway-web	Run pnpm test	2026-10-04T17:41:24.8060688Z ✔ nothing is reported as executed without a channel, and a confirmed device is not rewritten (0.6504ms)
gateway-web	Run pnpm test	2026-10-04T17:41:24.8062256Z ✔ the first terminal result is the action truth and cannot be rewritten (0.7441ms)
gateway-web	Run pnpm test	2026-10-04T17:41:24.8063406Z ✔ the advanced view keeps real identifiers and refuses unreadable provenance (0.8099ms)
gateway-web	Run pnpm test	2026-10-04T17:41:24.8064773Z ✔ a crashing port is a typed refusal and instants are real (0.6073ms)
gateway-web	Run pnpm test	2026-10-04T17:41:24.8065891Z ✔ a cancelled action cannot be advanced, proposed to, projected, or executed (0.5132ms)
gateway-web	Run pnpm test	2026-10-04T17:41:24.8067089Z ✔ an approved API proposal is consumed by its one execution (0.4739ms)
gateway-web	Run pnpm test	2026-10-04T17:41:24.8068299Z ✔ a shared Attention port that refuses is refused, not claimed as canonical state (0.7382ms)
gateway-web	Run pnpm test	2026-10-04T17:41:24.8069693Z ✔ success is refused while canonical attention is outstanding, even after a resume (0.3683ms)
gateway-web	Run pnpm test	2026-10-04T17:41:24.8070981Z ✔ the routing policy decides whether the local matcher runs first (0.3003ms)
gateway-web	Run pnpm test	2026-10-04T17:41:24.8071960Z ✔ the canonical history names the device that acted (0.4888ms)
gateway-web	Run pnpm test	2026-10-04T17:41:24.8073027Z ✔ a device-switch confirmation cannot revive a cancelled action (0.5236ms)
gateway-web	Run pnpm test	2026-10-04T17:41:24.8074331Z ✔ Web is the default execution channel and execution is bound to a profile handle (3.7878ms)
gateway-web	Run pnpm test	2026-10-04T17:41:24.8075485Z ✔ a channel state that cannot execute is a typed refusal (2.793ms)
gateway-web	Run pnpm test	2026-10-04T17:41:24.8076449Z ✔ partial output is never reported as the final result (0.8972ms)
gateway-web	Run pnpm test	2026-10-04T17:41:24.8077230Z ✔ cancel is typed and idempotent (0.8102ms)
gateway-web	Run pnpm test	2026-10-04T17:41:24.8078340Z ✔ a persistent login survives an allowed restart when the profile handle still resolves (1.3502ms)
gateway-web	Run pnpm test	2026-10-04T17:41:24.8079888Z ✔ a profile that cannot be resolved reports AUTH_REQUIRED instead of a silent fresh login (0.3572ms)
gateway-web	Run pnpm test	2026-10-04T17:41:24.8081258Z ✔ raw cookies, storage and tokens never enter persisted City state (0.7457ms)
gateway-web	Run pnpm test	2026-10-04T17:41:24.8083064Z ✔ real-provider acceptance is recorded, never fabricated (0.3468ms)
gateway-web	Run pnpm test	2026-10-04T17:41:24.8083975Z ✔ a restore may not take over a live session (0.735ms)
gateway-web	Run pnpm test	2026-10-04T17:41:24.8085082Z ✔ a persisted state must be this module version and cannot hide raw browser state (1.5667ms)
gateway-web	Run pnpm test	2026-10-04T17:41:24.8086122Z ✔ a persisted instant must be a real instant (0.5305ms)
gateway-web	Run pnpm test	2026-10-04T17:41:24.8087228Z ✔ a persisted state must be a bare own-property object, and accountRef a reference (0.4452ms)
gateway-web	Run pnpm test	2026-10-04T17:41:24.8088720Z ✔ a completion whose session is gone is refused, and case-variant raw state is still raw state (0.7082ms)
gateway-web	Run pnpm test	2026-10-04T17:43:03.6367037Z ✔ two installation launchers share one City across ports and recover the same identity after a crash (108796.0922ms)
gateway-web	Run pnpm test	2026-10-04T17:43:03.8175218Z ✔ forgetting migrated enrollment cannot import the legacy credential again (180.64ms)
gateway-web	Run pnpm test	2026-10-04T17:43:05.1573846Z ✔ remote short code enrolls with a local member agent and reconnects without launching a host City (1338.9874ms)
gateway-web	Run pnpm test	2026-10-04T17:43:07.9834172Z ✔ PRIMARY launcher reports successful MEMBER transition and normal main restart preserves it (2827.1288ms)
gateway-web	Run pnpm test	2026-10-04T17:43:07.9964369Z ✔ host reservation is atomic across requested ports and retains the canonical data directory (92.9965ms)
gateway-web	Run pnpm test	2026-10-04T17:43:07.9966163Z ✔ joining only demotes the local host, saves its admission name and leaves remote City intact (156.5219ms)
gateway-web	Run pnpm test	2026-10-04T17:43:07.9967952Z ✔ failed pairing and busy local work do not demote or write a new membership (45.108ms)
gateway-web	Run pnpm test	2026-10-04T17:43:07.9969520Z ✔ native production transition retires only local Gateway and its worker, while remote host stays primary (250.134ms)
gateway-web	Run pnpm test	2026-10-04T17:43:07.9971274Z ✔ selected MEMBER role survives coordinator crash without replacing the original City pointer (5.3359ms)
gateway-web	Run pnpm test	2026-10-04T17:43:07.9972827Z ✔ startup preflight recognizes old absolute Windows paths and refuses duplicate Cities (5.4824ms)
gateway-web	Run pnpm test	2026-10-04T17:43:07.9974298Z ✔ an interrupted Windows inventory is an explicit blocking error, never an empty host (1.3166ms)
gateway-web	Run pnpm test	2026-10-04T17:43:07.9975792Z ✔ a relative Gateway path with an inconclusive identity probe blocks startup (0.4435ms)
gateway-web	Run pnpm test	2026-10-04T17:43:07.9977531Z ✔ a cold Windows inventory timeout retries one complete scan before declaring the host empty (1.067ms)
gateway-web	Run pnpm test	2026-10-04T17:43:07.9978935Z ✔ a persistent inventory timeout refuses after exactly two attempts (0.461ms)
gateway-web	Run pnpm test	2026-10-04T17:43:07.9980476Z ✔ a non-timeout inventory error refuses without retrying (0.4544ms)
gateway-web	Run pnpm test	2026-10-04T17:43:07.9981752Z ✔ mixed timeout and non-timeout failures cannot hide a blocking inventory error (0.7183ms)
gateway-web	Run pnpm test	2026-10-04T17:43:07.9983524Z ✔ REVIEW JOIN-501 A1: when ANOTHER client replaces the canonical session, the first page stops showing a dead code (5555.3371ms)
gateway-web	Run pnpm test	2026-10-04T17:43:07.9985553Z ✔ REVIEW JOIN-501 A2: a real WebSocket drop and the product’s own reconnect neither create nor lose a session (5742.5304ms)
gateway-web	Run pnpm test	2026-10-04T17:43:07.9988029Z ✔ REVIEW JOIN-501 A3: a burst of same-task clicks can create at most one session (9870.7934ms)
gateway-web	Run pnpm test	2026-10-04T17:43:07.9989567Z ✔ REVIEW JOIN-501 A4: a code that expires while the tab is HIDDEN is not restored as ACTIVE (11982.2564ms)
gateway-web	Run pnpm test	2026-10-04T17:43:07.9991123Z ✔ JOIN-502: a join request grants nothing until an already trusted device approves it (120.7094ms)
gateway-web	Run pnpm test	2026-10-04T17:43:07.9992771Z ✔ JOIN-502: the browse is authenticated, and a nearby City never makes this City mint a pairing code (647.0628ms)
gateway-web	Run pnpm test	2026-10-04T17:43:07.9994333Z ✔ JOIN-502: a duplicate or replayed request is bounded, not a second approval card (25.6782ms)
gateway-web	Run pnpm test	2026-10-04T17:43:07.9995837Z ✔ JOIN-502: a rejected request stays rejected, and re-asking after a rejection is refused (26.5507ms)
gateway-web	Run pnpm test	2026-10-04T17:43:07.9997760Z ✔ JOIN-502: an expired request cannot be approved back into life, and expiry does not need a request to happen (29.2354ms)
gateway-web	Run pnpm test	2026-10-04T17:43:07.9999344Z ✔ JOIN-502: the request list is BOUNDED, and a decision survives a City restart (46.7898ms)
gateway-web	Run pnpm test	2026-10-04T17:43:08.0000725Z ✔ JOIN-502: the state machine refuses what it cannot honour, instead of guessing (4.527ms)
gateway-web	Run pnpm test	2026-10-04T17:43:08.0002648Z ✔ JOIN-502: an approval reaches OTHER surfaces as a canonical event, not only the owner that made it (28.9712ms)
gateway-web	Run pnpm test	2026-10-04T17:43:08.0004169Z ✔ JOIN-502: decisions are canonical events, and their payloads carry no secret (22.0051ms)
gateway-web	Run pnpm test	2026-10-04T17:43:08.0005621Z ✔ JOIN-502 discovery adapter: a discovered City is a candidate, never a credential (2.0274ms)
gateway-web	Run pnpm test	2026-10-04T17:43:08.0007447Z ✔ JOIN-502 discovery adapter: the same City advertised twice is ONE row, and the newest address wins (0.2556ms)
gateway-web	Run pnpm test	2026-10-04T17:43:08.0009267Z ✔ JOIN-502 discovery adapter: a stale or future-dated sighting is not offered, and an unidentified one is not merged (1.1059ms)
gateway-web	Run pnpm test	2026-10-04T17:43:08.0010993Z ✔ JOIN-502 discovery adapter: a row with no reachable endpoint is refused rather than offered (0.3386ms)
gateway-web	Run pnpm test	2026-10-04T17:43:08.0012661Z ✔ JOIN-502 discovery adapter: the probe fails SOFT - no probe, no fetch or a bad answer is an empty list (1.0753ms)
gateway-web	Run pnpm test	2026-10-04T17:43:08.0014569Z ✔ JOIN-502 gateway browse: mDNS records become RF-003 advertisements, and the contract still refuses to pair from them (2.1754ms)
gateway-web	Run pnpm test	2026-10-04T17:43:08.0016548Z ✔ JOIN-502 gateway browse: the view carries the ADVERTISED address and withholds it once stale (0.5134ms)
gateway-web	Run pnpm test	2026-10-04T17:43:08.0018200Z ✔ JOIN-502 capability statement: a City states what it accepts instead of a client guessing (0.4126ms)
gateway-web	Run pnpm test	2026-10-04T17:43:08.0019681Z ✔ P1-P5 discovery, request, approval and exchange hold the workbook boundaries (178.1848ms)
gateway-web	Run pnpm test	2026-10-04T17:43:08.0020843Z     OBSERVED: /pairing/info bad-version -> 200; /pairing/session bad-version -> 409
gateway-web	Run pnpm test	2026-10-04T17:43:08.0022156Z ✔ P6 REGRESSION PROBE the version check on the legacy public pairing routes (29.6589ms)
gateway-web	Run pnpm test	2026-10-04T17:43:08.0023543Z ✔ the browse is reachable WITHOUT a credential, because a joining PC has none (2142.0484ms)
gateway-web	Run pnpm test	2026-10-04T17:43:08.0025053Z ✔ the DECISION routes stay authenticated: a public read must not widen into a public write (38.7485ms)
gateway-web	Run pnpm test	2026-10-04T17:43:08.0026785Z ✔ the version check still applies to the join routes that are public (32.1463ms)
gateway-web	Run pnpm test	2026-10-04T17:43:08.0028363Z ✔ JOIN-502 surface: a nearby City is offered without being trusted, and joining waits for an approval (5796.1623ms)
gateway-web	Run pnpm test	2026-10-04T17:43:08.0030246Z ✖ JOIN-502 surface: a refused browse still offers the fallbacks, and a rejected ask leaves the device untrusted (31378.0567ms)
gateway-web	Run pnpm test	2026-10-04T17:43:08.0032344Z ✔ JOIN-503 (1)(2): one join enrolls an installation, and a RESTART reconnects with nothing typed (129.2156ms)
gateway-web	Run pnpm test	2026-10-04T17:43:08.0034059Z ✔ JOIN-503 (3): an EXPIRED session is replaced by an internal re-auth, with no user-visible token prompt (52.3947ms)
gateway-web	Run pnpm test	2026-10-04T17:43:08.0035806Z ✔ JOIN-503 (4)(5): REVOKE denies reconnect, and a revoked installation cannot mint new membership (42.3676ms)
gateway-web	Run pnpm test	2026-10-04T17:43:08.0037802Z ✔ JOIN-503 (6): a REINSTALL mints new identities and is unbound until an explicit rebind (47.5712ms)
gateway-web	Run pnpm test	2026-10-04T17:43:08.0039739Z ✔ JOIN-503 (7): the secret-exposure sweep - no durable secret in the snapshot, events, records or a URL (37.9672ms)
gateway-web	Run pnpm test	2026-10-04T17:43:08.0041260Z ✔ JOIN-503: a broken or foreign device file is refused rather than half-used (5.8089ms)
gateway-web	Run pnpm test	2026-10-04T17:43:08.0042704Z ✔ JOIN-503 (8): the engineering manual fallback still exists and is not the default path (32.1108ms)
gateway-web	Run pnpm test	2026-10-04T17:43:08.0044284Z ✔ JOIN-503: an invite of either shape is understood, and junk is refused instead of guessed at (0.7135ms)
gateway-web	Run pnpm test	2026-10-04T17:43:08.0045957Z ✔ JOIN-503: enrollment events are emitted on a CLONE, which is the population-level half of detection (28.5959ms)
gateway-web	Run pnpm test	2026-10-04T17:43:08.0047952Z ✔ REVIEW JOIN-503 D-1/D-2: a session may act on ITSELF and on nothing else (158.3375ms)
gateway-web	Run pnpm test	2026-10-04T17:43:08.0050455Z ✔ D-1: an enrolled session may NOT revoke another installation, and the refusal really refuses (144.3237ms)
gateway-web	Run pnpm test	2026-10-04T17:43:08.0053702Z ✔ D-2: a session sees ONLY itself - not the roster, and not the City-wide clone scan (47.8649ms)
gateway-web	Run pnpm test	2026-10-04T17:43:08.0055485Z ✔ D-1/D-2: the owner keeps FULL authority, so the repair did not break the surface it protects (45.9512ms)
gateway-web	Run pnpm test	2026-10-04T17:43:08.0056845Z ✔ D-1/D-2: the two sibling guards the review compared against are still in place (38.8184ms)
gateway-web	Run pnpm test	2026-10-04T17:43:08.0069587Z ✔ LINK: two independent Cities link over a pipe the main City dialled out, and a join completes across it (120.415ms)
gateway-web	Run pnpm test	2026-10-04T17:43:08.0075829Z ✔ MESH-301 naming: a fresh machine joins as Alien-Win, and that name is persisted (1.1497ms)
gateway-web	Run pnpm test	2026-10-04T17:43:08.0078621Z ✔ MESH-301 naming: RENAMING changes the label and never the physical identity (0.1675ms)
gateway-web	Run pnpm test	2026-10-04T17:43:08.0080110Z ✔ MESH-301 naming: the persisted identity beats the default even with no arguments at all (0.1527ms)
gateway-web	Run pnpm test	2026-10-04T17:43:08.0081455Z ✔ MESH-301 naming: an explicit environment identity wins and is persisted (0.2082ms)
gateway-web	Run pnpm test	2026-10-04T17:43:08.0082997Z ✔ MESH-301 naming: --id wins, and the flag does NOT swallow the display name (0.2096ms)
gateway-web	Run pnpm test	2026-10-04T17:43:08.0084464Z ✔ MESH-301 naming: an unreadable identity store does not stop the node, and the default still applies (0.2046ms)
gateway-web	Run pnpm test	2026-10-04T17:43:08.0085819Z ✔ targeting: an absent or empty target means untargeted, never an error (1.1629ms)
gateway-web	Run pnpm test	2026-10-04T17:43:08.0087036Z ✔ targeting: a malformed target is a typed refusal, not a silently ignored field (0.2245ms)
gateway-web	Run pnpm test	2026-10-04T17:43:08.0088492Z ✔ targeting: the claim rule is total - untargeted always allowed, strict only for the named device (0.1865ms)
gateway-web	Run pnpm test	2026-10-04T17:43:08.0090038Z ✔ targeting: KNOWN, ONLINE and ELIGIBLE are three questions, and only the last one is claimable (0.4322ms)
gateway-web	Run pnpm test	2026-10-04T17:43:08.0091480Z ✔ targeting: a withheld task names the device it is held for and the device that asked (0.9541ms)
gateway-web	Run pnpm test	2026-10-04T17:43:08.0092815Z ✔ targeting: waiting means strict, unfinished and unclaimed (0.164ms)
gateway-web	Run pnpm test	2026-10-04T17:43:08.0094239Z ✔ MESH-301 step 3: a strict target routes to one device, waits when that device is away, and never reroutes (1379.1861ms)
gateway-web	Run pnpm test	2026-10-04T17:43:08.0095947Z ✔ D-R1: a surface with two sockets is ONE surface, and only the last socket closing announces its departure (1193.4259ms)
gateway-web	Run pnpm test	2026-10-04T17:43:08.0097538Z ✔ D-R1: an ANONYMOUS surface is still recorded, and anonymous sockets do not silence each other (754.6197ms)
gateway-web	Run pnpm test	2026-10-04T17:43:08.0099061Z ✔ records mission events and finalizes a verified episode (498.4355ms)
gateway-web	Run pnpm test	2026-10-04T17:43:08.0099978Z ✔ refuses same host for migration and verification (311.478ms)
gateway-web	Run pnpm test	2026-10-04T17:43:08.0101028Z ✔ same LAN is direct, and it is chosen FIRST so the common case pays for nothing (2.726ms)
gateway-web	Run pnpm test	2026-10-04T17:43:08.0104479Z ✔ a peer that cannot be dialled uses the outbound relay when one exists - no account, no router change (0.3249ms)
gateway-web	Run pnpm test	2026-10-04T17:43:08.0107391Z ✔ an overlay the user ALREADY has beats asking them to create one (0.1698ms)
gateway-web	Run pnpm test	2026-10-04T17:43:08.0108328Z ✔ a forwarded port is offered WITH its cost, as an Owner decision rather than a silent choice (0.1723ms)
gateway-web	Run pnpm test	2026-10-04T17:43:08.0109245Z ✔ two PCs on different networks with no relay and no overlay get an HONEST none plus the Owner question (0.3148ms)
gateway-web	Run pnpm test	2026-10-04T17:43:08.0110127Z ✔ a /24 mismatch is only used to prefer a direct attempt, never to claim reachability (0.1794ms)
gateway-web	Run pnpm test	2026-10-04T17:43:08.0110805Z ✔ loopback and Bluetooth are direct, with their reasons stated (0.277ms)
gateway-web	Run pnpm test	2026-10-04T17:43:08.0111493Z ✔ the group plan reports the HARDEST peer as what the group requires, not the easiest (1.0576ms)
gateway-web	Run pnpm test	2026-10-04T17:43:08.0112875Z ✔ when every peer needs the Owner, the plan says so and lists them rather than offering a spinner (0.5126ms)
gateway-web	Run pnpm test	2026-10-04T17:43:08.0113923Z ✔ an empty group and junk input are answered, not thrown at (0.4722ms)
gateway-web	Run pnpm test	2026-10-04T17:43:08.0115068Z ✔ the preference list is exported so the order is reviewable rather than buried (0.2308ms)
gateway-web	Run pnpm test	2026-10-04T17:43:08.0116364Z ✔ real node executes file checkpoint task; cancelled task stays cancelled (1163.4274ms)
gateway-web	Run pnpm test	2026-10-04T17:43:08.0117832Z ✔ custom City lockout never directs users to an unrelated Alien host; explicit renewal remains usable (137.6814ms)
gateway-web	Run pnpm test	2026-10-04T17:43:08.0120672Z ✔ mDNS tries reachable advertised addresses instead of trusting lexical order (34.1511ms)
gateway-web	Run pnpm test	2026-10-04T17:43:08.0121498Z ✔ a multicast browse error is unavailable, not a successful empty search (0.5526ms)
gateway-web	Run pnpm test	2026-10-04T17:43:08.0122262Z ✔ Bluetooth scanning decodes the existing Android locator and reports unsupported hosts (0.6117ms)
gateway-web	Run pnpm test	2026-10-04T17:43:08.0123363Z ✔ Bluetooth discovery retains the default HTTP port and verifies the endpoint identity (0.5055ms)
gateway-web	Run pnpm test	2026-10-04T17:43:08.0124200Z ✔ N3: a pairing session offers a WEB link a second PC can open, without replacing the QR payload (27.4054ms)
gateway-web	Run pnpm test	2026-10-04T17:43:08.0125014Z ✔ N3: the session route hands the web link to the surface, so the page has something to show (88.6837ms)
gateway-web	Run pnpm test	2026-10-04T17:43:08.0125684Z ✔ N3: the pairing entry exists in BOTH states the page can be in (1.3919ms)
gateway-web	Run pnpm test	2026-10-04T17:43:08.0126344Z ✔ N3: the page can take a link from the address bar, and it asks before it connects (0.8474ms)
gateway-web	Run pnpm test	2026-10-04T17:43:08.0127083Z ✔ IDLE: no session exists until create() is called, and a read never changes that (1.5679ms)
gateway-web	Run pnpm test	2026-10-04T17:43:08.0127778Z ✔ generate once: exactly one ACTIVE session with the City payload kept verbatim (1.01ms)
gateway-web	Run pnpm test	2026-10-04T17:43:08.0128501Z ✔ ACTIVE is FINAL against re-generation: a second create() cannot rotate the code (0.9591ms)
gateway-web	Run pnpm test	2026-10-04T17:43:08.0129096Z ✔ ordinary reads keep the SAME id, code and payload (0.2907ms)
gateway-web	Run pnpm test	2026-10-04T17:43:08.0129885Z ✔ CONSUMED: the City reporting a different canonical session ends ACTIVE as USED, not as a mystery (0.2681ms)
gateway-web	Run pnpm test	2026-10-04T17:43:08.0130689Z ✔ EXPIRED: the countdown tick ends the session, names it EXPIRED, and creates nothing (0.2252ms)
gateway-web	Run pnpm test	2026-10-04T17:43:08.0131391Z ✔ a second EXPLICIT generate after expiry produces a new, different session (0.2711ms)
gateway-web	Run pnpm test	2026-10-04T17:43:08.0132088Z ✔ a malformed session response creates nothing (a half-session is not rendered) (0.325ms)
gateway-web	Run pnpm test	2026-10-04T17:43:08.0133130Z ✔ reload persistence: the SAME valid session is restored, with its original expiry (0.4224ms)
gateway-web	Run pnpm test	2026-10-04T17:43:08.0133921Z ✔ a stored session that expired while the page was away comes back EXPIRED, never as a new code (0.344ms)
gateway-web	Run pnpm test	2026-10-04T17:43:08.0134650Z ✔ a corrupt or foreign storage record is dropped rather than half-rendered (0.3148ms)
gateway-web	Run pnpm test	2026-10-04T17:43:08.0135509Z ✔ an explicit user clear names its reason and still creates nothing (0.1861ms)
gateway-web	Run pnpm test	2026-10-04T17:43:08.0136180Z ✔ clearOnSessionChanged is a no-op while the City still reports our own session (0.1982ms)
gateway-web	Run pnpm test	2026-10-04T17:43:08.0136921Z ✔ when the City session vanished AND ours is past expiry, the reason reported is EXPIRED (0.8595ms)
gateway-web	Run pnpm test	2026-10-04T17:43:08.0137757Z ✔ a new session after a terminal state is a full fresh display, and generate stays offered only when idle (0.1757ms)
gateway-web	Run pnpm test	2026-10-04T17:43:08.0138574Z ✔ pairing input survives slow typing, refresh, navigation and a failed attempt (14751.0697ms)
gateway-web	Run pnpm test	2026-10-04T17:43:08.0139259Z ✔ a six digit code pairs to the City serving the disconnected page (1856.8427ms)
gateway-web	Run pnpm test	2026-10-04T17:43:08.0139973Z ✔ LAN search selects a peer and hands the code to its origin without a cross-origin POST (1848.6692ms)
gateway-web	Run pnpm test	2026-10-04T17:43:08.0140804Z ✔ BLE_BOOTSTRAP search selects a peer and hands the code to its origin without a cross-origin POST (2032.0395ms)
gateway-web	Run pnpm test	2026-10-04T17:43:08.0141547Z ✔ Bluetooth search is actionable and explains an unavailable radio (1728.5414ms)
gateway-web	Run pnpm test	2026-10-04T17:43:08.0142153Z ✔ a failed code handoff retains the target identity on retries (3193.3236ms)
gateway-web	Run pnpm test	2026-10-04T17:43:08.0143304Z ✔ JOIN-501 acceptance: no implicit generation, an ACTIVE code that cannot rotate, and both terminal states (15423.5854ms)
gateway-web	Run pnpm test	2026-10-04T17:43:08.0144263Z ✔ JOIN-501 real-endpoint receiver: a SECOND process (not the owner page) consumes the code the page shows (5966.8594ms)
gateway-web	Run pnpm test	2026-10-04T17:43:08.0145145Z ✔ JOIN-501 acceptance: expiry ends the display by itself, and the expiry path creates nothing (5564.3289ms)
gateway-web	Run pnpm test	2026-10-04T17:43:08.0146234Z ✔ JOIN-501: a fresh browser session starts with NO code, and a stored expired record is never exchanged (5193.859ms)
gateway-web	Run pnpm test	2026-10-04T17:43:08.0147137Z ✔ short code preserves identity pinning, reports lockout, and never sends a code to the wrong City (211.5199ms)
gateway-web	Run pnpm test	2026-10-04T17:43:08.0148040Z ✔ code handoff carries only a selected City, six digits and the existing transport in a fragment (1.0511ms)
gateway-web	Run pnpm test	2026-10-04T17:43:08.0148928Z ✔ pairing sessions exchange once, expire and reject secret/code guesses without exposing credentials (192.5183ms)
gateway-web	Run pnpm test	2026-10-04T17:43:08.0149780Z ✔ descriptor validation rejects invalid input and conflicts, discovery TXT excludes secrets (0.8867ms)
gateway-web	Run pnpm test	2026-10-04T17:43:08.0150486Z ✔ T1: the Web shell is served from apps/web and cannot be escaped (96.4154ms)
gateway-web	Run pnpm test	2026-10-04T17:43:08.0151033Z ✔ T1: rooms are reported truthfully when the hub is up (36.883ms)
gateway-web	Run pnpm test	2026-10-04T17:43:08.0151538Z ✔ T1: an unreachable Room Hub is a state, not an error (24.0533ms)
gateway-web	Run pnpm test	2026-10-04T17:43:08.0152088Z ✔ T2: a Room Action keeps the Room own truth and is idempotent (62.1978ms)
gateway-web	Run pnpm test	2026-10-04T17:43:08.0152931Z ✔ T2: a Capability Action carries the real invocation identity (87.0923ms)
gateway-web	Run pnpm test	2026-10-04T17:43:08.0153628Z ✔ T2: a City task is UNAVAILABLE with no node, and follows the real task when there is one (39.1577ms)
gateway-web	Run pnpm test	2026-10-04T17:43:08.0154398Z ✔ T3: Ask / Do routes deterministically, refuses to guess, and confirms side effects (374.2716ms)
gateway-web	Run pnpm test	2026-10-04T17:43:08.0155026Z ✔ scope: no BOSS or HNS route can be created, by any path (26.5403ms)
gateway-web	Run pnpm test	2026-10-04T17:43:08.0155595Z ✔ T1.1: health reflects real readiness instead of being a constant (45.4581ms)
gateway-web	Run pnpm test	2026-10-04T17:43:08.0156122Z ✔ T2: an idempotency key is bound to one request (35.9093ms)
gateway-web	Run pnpm test	2026-10-04T17:43:08.0156606Z ✔ T2: City task provenance follows the real task state (40.2261ms)
gateway-web	Run pnpm test	2026-10-04T17:43:08.0157269Z ✔ network: local beats LAN beats remote beats unknown, and latency only ever removes score (2.238ms)
gateway-web	Run pnpm test	2026-10-04T17:43:08.0157994Z ✔ capacity: missing telemetry is EXCLUDED, never defaulted to a middle value (0.3977ms)
gateway-web	Run pnpm test	2026-10-04T17:43:08.0158822Z ✔ role: a City already carrying devices outranks an identical empty one, and a known City outranks a stranger (0.2137ms)
gateway-web	Run pnpm test	2026-10-04T17:43:08.0159683Z ✔ recommendation: the best carrier wins on network + capacity together, not on either alone (0.7186ms)
gateway-web	Run pnpm test	2026-10-04T17:43:08.0161511Z ✔ recommendation: a candidate with NO telemetry falls back to network+role rather than scoring zero capacity (0.3026ms)
gateway-web	Run pnpm test	2026-10-04T17:43:08.0162639Z ✔ recommendation: an EMPTY list recommends nothing, and says why instead of throwing (0.7552ms)
gateway-web	Run pnpm test	2026-10-04T17:43:08.0163537Z ✔ recommendation: the order is DETERMINISTIC for equal scores, so the list cannot reshuffle between renders (12.5461ms)
gateway-web	Run pnpm test	2026-10-04T17:43:08.0164443Z ✔ recommendation: a single loopback City is recommended with the honest reason that it is the only one (0.311ms)
gateway-web	Run pnpm test	2026-10-04T17:43:08.0165187Z ✔ weights are exported and the balance is visible rather than guessed (0.305ms)
gateway-web	Run pnpm test	2026-10-04T17:43:08.0165873Z ✔ attachment: wired beats wireless for a CARRIER, and a metered link is halved (0.3542ms)
gateway-web	Run pnpm test	2026-10-04T17:43:08.0166634Z ✔ group carrier: a City nobody else can reach is NOT the carrier, however powerful the machine (0.5322ms)
gateway-web	Run pnpm test	2026-10-04T17:43:08.0167498Z ✔ group carrier: when one City is reachable by every peer it wins, even against a higher-scoring partial one (0.2707ms)
gateway-web	Run pnpm test	2026-10-04T17:43:08.0168470Z ✔ group carrier: with no peer reachability reported, it says the ranking alone decided rather than implying a check (0.2021ms)
gateway-web	Run pnpm test	2026-10-04T17:43:08.0169257Z ✔ group carrier: an empty topology answers honestly instead of throwing (0.187ms)
gateway-web	Run pnpm test	2026-10-04T17:43:08.0169925Z ✔ the old inline implementation throws on empty output, which is the regression (2.5648ms)
gateway-web	Run pnpm test	2026-10-04T17:43:08.0170576Z ✔ empty output is read as "already gone", not as an unparseable error (0.5107ms)
gateway-web	Run pnpm test	2026-10-04T17:43:08.0171150Z ✔ "null" from ConvertTo-Json is also treated as already gone (0.158ms)
gateway-web	Run pnpm test	2026-10-04T17:43:08.0171818Z ✔ a live, matching process verifies through CIM (0.3012ms)
gateway-web	Run pnpm test	2026-10-04T17:43:08.0172662Z ✔ a live process running something else is a FATAL mismatch, as it was before (0.1844ms)
gateway-web	Run pnpm test	2026-10-04T17:43:08.0173352Z ✔ a quoting-safe array result is handled as well as a single object (0.1805ms)
gateway-web	Run pnpm test	2026-10-04T17:43:08.0173937Z ✔ a missing CommandLine field is not mistaken for a match (0.3037ms)
gateway-web	Run pnpm test	2026-10-04T17:43:08.0174528Z ✔ when CIM is unusable, tasklist still catches a plainly wrong process (0.3209ms)
gateway-web	Run pnpm test	2026-10-04T17:43:08.0175159Z ✔ tasklist reporting no match is already-gone rather than unavailable (0.2992ms)
gateway-web	Run pnpm test	2026-10-04T17:43:08.0175811Z ✔ both probes failing is unavailable and aborts before stopping any process (0.4474ms)
gateway-web	Run pnpm test	2026-10-04T17:43:08.0176627Z ✔ unparseable-but-non-empty CIM output falls through to the weaker probe instead of claiming absence (0.2357ms)
gateway-web	Run pnpm test	2026-10-04T17:43:08.0177300Z ✔ a UTF-8 BOM on the output does not break parsing (0.1759ms)
gateway-web	Run pnpm test	2026-10-04T17:43:08.0177804Z ✔ every returned status is one of the declared statuses (0.2627ms)
gateway-web	Run pnpm test	2026-10-04T17:43:08.0178348Z ✔ a non-numeric PID is fatal and never reaches a command line (0.1434ms)
gateway-web	Run pnpm test	2026-10-04T17:43:08.0178932Z ✔ the CIM and tasklist filters refuse a non-numeric PID outright (0.4068ms)
gateway-web	Run pnpm test	2026-10-04T17:43:08.0179511Z ✔ only positively verified identity permits stopping a PID (0.2275ms)
gateway-web	Run pnpm test	2026-10-04T17:43:08.0180104Z ✔ runner stops file side effects when gateway has made task terminal (1.1128ms)
gateway-web	Run pnpm test	2026-10-04T17:43:08.0180729Z ✔ runner returns failed report for retry when transport is unavailable (0.4308ms)
gateway-web	Run pnpm test	2026-10-04T17:43:08.0181484Z ✔ S1: a peer that cannot be dialled registers over an OUTBOUND socket, and the City names its ref (88.7533ms)
gateway-web	Run pnpm test	2026-10-04T17:43:08.0182714Z ✔ S1: admission reuses the City’s OWN credentials - a session ref comes from the registry, and a bad one is refused (68.3236ms)
gateway-web	Run pnpm test	2026-10-04T17:43:08.0184636Z ✔ S3: a real join completes over the pipe - the CITY runs the payload, the owner approves, the claim is spent once (46.1447ms)
gateway-web	Run pnpm test	2026-10-04T17:43:08.0186444Z ✔ S3: without approval the pipe grants nothing - the City is not joined just because a path exists (21.8944ms)
gateway-web	Run pnpm test	2026-10-04T17:43:08.0188189Z ✔ S2/S3: the relay refuses to be an open proxy - no path outside the list, and no widening by method (52.8796ms)
gateway-web	Run pnpm test	2026-10-04T17:43:08.0190019Z ✔ S3: a City refusal travels back as its OWN status, so the surface can say why instead of "unreachable" (22.1896ms)
gateway-web	Run pnpm test	2026-10-04T17:43:08.0190965Z ✔ S2: the dialling peer also SERVES the City - a payload the City PUSHES runs on the City it was dialled to (23.8923ms)
gateway-web	Run pnpm test	2026-10-04T17:43:08.0191848Z ✔ N2: the whole cross-network join runs over the pipe - capability, ask, decision, credential (86.0247ms)
gateway-web	Run pnpm test	2026-10-04T17:43:08.0193185Z ✔ N2: a rejection is reported AS a rejection and never retried; the flow stops there (91.4043ms)
gateway-web	Run pnpm test	2026-10-04T17:43:08.0194732Z ✔ N2: a pipe that answers for ANOTHER City is refused before an ask is created (21.8678ms)
gateway-web	Run pnpm test	2026-10-04T17:43:08.0195635Z ✔ N2: the reach decision sends the same link to navigation and the far network to the pipe (0.3946ms)
gateway-web	Run pnpm test	2026-10-04T17:43:08.0196545Z ✔ S1: a pipe that never stops is rate-limited, and the version check still applies to the handshake (935.9175ms)
gateway-web	Run pnpm test	2026-10-04T17:43:08.0197355Z ✔ an admitted peer registers and is listed; a refused one is refused WITH a reason (4.2692ms)
gateway-web	Run pnpm test	2026-10-04T17:43:08.0198081Z ✔ a forwarded request reaches the peer and its answer comes back to the caller (0.7013ms)
gateway-web	Run pnpm test	2026-10-04T17:43:08.0198762Z ✔ forwarding to a peer that is not connected is a typed 404, not a hang (0.2089ms)
gateway-web	Run pnpm test	2026-10-04T17:43:08.0199434Z ✔ a peer that never answers produces a TIMEOUT rather than an unbounded wait (51.9417ms)
gateway-web	Run pnpm test	2026-10-04T17:43:08.0200043Z ✔ the in-flight cap is a REFUSAL, not a queue (0.644ms)
gateway-web	Run pnpm test	2026-10-04T17:43:08.0200696Z ✔ an answer nobody is waiting for is dropped, and an answer from the WRONG peer is not accepted (0.4987ms)
gateway-web	Run pnpm test	2026-10-04T17:43:08.0201427Z ✔ a peer answering with an error rejects the caller with that error, typed (0.3363ms)
gateway-web	Run pnpm test	2026-10-04T17:43:08.0202618Z ✔ a re-dial REPLACES the old connection for that peer rather than leaving two live pipes (0.2204ms)
gateway-web	Run pnpm test	2026-10-04T17:43:08.0203361Z ✔ the peer cap and close() are both refusals rather than silent behaviour (0.5899ms)
gateway-web	Run pnpm test	2026-10-04T17:43:08.0204146Z ✔ a write that throws fails THAT request instead of corrupting the hub (0.4459ms)
gateway-web	Run pnpm test	2026-10-04T17:43:08.0204797Z ✔ a bootstrap payload is a pointer to the pairing path, never trust (3.9645ms)
gateway-web	Run pnpm test	2026-10-04T17:43:08.0205346Z ✔ a MAC address is never consulted for a decision (0.4035ms)
gateway-web	Run pnpm test	2026-10-04T17:43:08.0205892Z ✔ an expired or replayed bootstrap is refused without partial state (0.4951ms)
gateway-web	Run pnpm test	2026-10-04T17:43:08.0206555Z ✔ the IP handoff requires trust and re-verifies the fingerprint on the new path (0.9457ms)
gateway-web	Run pnpm test	2026-10-04T17:43:08.0207129Z ✔ scanning is bounded and payloads are strict (1.1711ms)
gateway-web	Run pnpm test	2026-10-04T17:43:08.0207828Z ✔ a bootstrap window is bounded and a junk clock is a refusal (0.7924ms)
gateway-web	Run pnpm test	2026-10-04T17:43:08.0208350Z ✔ an expired bootstrap cannot be handed off (0.4308ms)
gateway-web	Run pnpm test	2026-10-04T17:43:08.0208889Z ✔ a payload must carry a real nonce, real candidates and its own fields (0.5839ms)
gateway-web	Run pnpm test	2026-10-04T17:43:08.0209507Z ✔ a bootstrap payload is strict, and replay protection is auditable (1.5407ms)
gateway-web	Run pnpm test	2026-10-04T17:43:08.0210235Z ✔ two heterogeneous devices advertise different implementations of one logical capability (4.9648ms)
gateway-web	Run pnpm test	2026-10-04T17:43:08.0210984Z ✔ callers resolve a compatible version without knowing the device class (2.9994ms)
gateway-web	Run pnpm test	2026-10-04T17:43:08.0211603Z ✔ an unsupported version fails explicitly instead of being coerced (0.9727ms)
gateway-web	Run pnpm test	2026-10-04T17:43:08.0212239Z ✔ capability loss invalidates new invocations and stays visible in state (1.3447ms)
gateway-web	Run pnpm test	2026-10-04T17:43:08.0213164Z ✔ exclusive/shared/background and live/queue metadata survive serialization and versioning (1.5685ms)
gateway-web	Run pnpm test	2026-10-04T17:43:08.0214019Z ✔ an advertised capability is availability metadata, never permission (1.1412ms)
gateway-web	Run pnpm test	2026-10-04T17:43:08.0214612Z ✔ the registry is strict, frozen and free of ambient state (0.9095ms)
gateway-web	Run pnpm test	2026-10-04T17:43:08.0215240Z ✔ canonical execution metadata is decided by own keys, not the prototype chain (0.5905ms)
gateway-web	Run pnpm test	2026-10-04T17:43:08.0215903Z ✔ a malformed or impossible caller instant is refused as a typed error (1.1098ms)
gateway-web	Run pnpm test	2026-10-04T17:43:08.0217095Z ✔ an expired advertisement cannot be invoked by naming an earlier instant (0.5707ms)
gateway-web	Run pnpm test	2026-10-04T17:43:08.0217802Z ✔ a refused wire payload leaves the registry untouched (0.343ms)
gateway-web	Run pnpm test	2026-10-04T17:43:08.0218547Z ✔ a wire snapshot may not replace newer state or silently clear a recorded loss (0.7767ms)
gateway-web	Run pnpm test	2026-10-04T17:43:08.0219209Z ✔ the wire path enforces the same validation as direct advertisement (0.8606ms)
gateway-web	Run pnpm test	2026-10-04T17:43:08.0219836Z ✔ a capability id whose major is not a safe integer is not addressable (0.2515ms)
gateway-web	Run pnpm test	2026-10-04T17:43:08.0220468Z ✔ a declared canonical execution field is never silently downgraded (0.3538ms)
gateway-web	Run pnpm test	2026-10-04T17:43:08.0221061Z ✔ the advertisement TTL ceiling cannot be lifted by the caller (0.5445ms)
gateway-web	Run pnpm test	2026-10-04T17:43:08.0221715Z ✔ the advertisements() surface is frozen like every other descriptor surface (0.3966ms)
gateway-web	Run pnpm test	2026-10-04T17:43:08.0222405Z ✔ the public surface is frozen and a mock or real adapter satisfies it unchanged (5.5568ms)
gateway-web	Run pnpm test	2026-10-04T17:43:08.0223235Z ✔ policy denial stays a denial even on a perfect authenticated session (2.0676ms)
gateway-web	Run pnpm test	2026-10-04T17:43:08.0224033Z ✔ an advertised capability without effective permission cannot execute (0.5764ms)
gateway-web	Run pnpm test	2026-10-04T17:43:08.0224783Z ✔ foreground-sensitive resources are enforced locally without Fabric deciding ownership (0.8189ms)
gateway-web	Run pnpm test	2026-10-04T17:43:08.0225560Z ✔ Fabric holds no task graph, no assistant state and no competing identity namespace (1.1597ms)
gateway-web	Run pnpm test	2026-10-04T17:43:08.0226226Z ✔ integration seams are recorded without importing a sibling branch (1.0096ms)
gateway-web	Run pnpm test	2026-10-04T17:43:08.0226942Z ✔ the resource class and the local confirmation requirement cannot be dodged by the request (0.8945ms)
gateway-web	Run pnpm test	2026-10-04T17:43:08.0227772Z ✔ a session authorizes only the device it was opened for (0.5442ms)
gateway-web	Run pnpm test	2026-10-04T17:43:08.0228571Z ✔ the adapter cannot hand back a colliding or unauthenticated session (0.4397ms)
gateway-web	Run pnpm test	2026-10-04T17:43:08.0229225Z ✔ a Fabric with no policy port refuses rather than granting every axis (0.4622ms)
gateway-web	Run pnpm test	2026-10-04T17:43:08.0229972Z ✔ revocation reports the presence it can actually observe and releases the foreground claim (0.456ms)
gateway-web	Run pnpm test	2026-10-04T17:43:08.0230644Z ✔ a failed transport invoke leaves no foreground claim behind (0.5113ms)
gateway-web	Run pnpm test	2026-10-04T17:43:08.0231150Z ✔ subscription and stream inputs are bounded (0.4611ms)
gateway-web	Run pnpm test	2026-10-04T17:43:08.0231638Z ✔ a malformed caller instant is refused as a typed error (0.6516ms)
gateway-web	Run pnpm test	2026-10-04T17:43:08.0232297Z ✔ the foreground policy config and the adapter port are validated rather than trusted (0.5159ms)
gateway-web	Run pnpm test	2026-10-04T17:43:08.0232884Z ✔ a stream runs the same gates as an invocation (0.6296ms)
gateway-web	Run pnpm test	2026-10-04T17:43:08.0233674Z ✔ an exclusive foreground resource needs the action that owns it (0.3ms)
gateway-web	Run pnpm test	2026-10-04T17:43:08.0234238Z ✔ the adapter interface and its failures are typed (0.5644ms)
gateway-web	Run pnpm test	2026-10-04T17:43:08.0234715Z ✔ a cyclic policy config cannot crash the freezer (0.2138ms)
gateway-web	Run pnpm test	2026-10-04T17:43:08.0235292Z ✔ the advertised capability version is normalized before it is compared (0.305ms)
gateway-web	Run pnpm test	2026-10-04T17:43:08.0235909Z ✔ the emitted denial reason is part of the exported vocabulary (0.1395ms)
gateway-web	Run pnpm test	2026-10-04T17:43:08.0236414Z ✔ a calendar-impossible instant is refused (0.2378ms)
gateway-web	Run pnpm test	2026-10-04T17:43:08.0237056Z ✔ one invite renders as code, deep link, web link and QR payload without creating trust records (6.9382ms)
gateway-web	Run pnpm test	2026-10-04T17:43:08.0237869Z ✔ expired, cancelled and already-used invites fail with one indistinguishable generic error (5.0395ms)
gateway-web	Run pnpm test	2026-10-04T17:43:08.0238773Z ✔ guessing is rate-limited and never reveals whether a device exists (1.1913ms)
gateway-web	Run pnpm test	2026-10-04T17:43:08.0239538Z ✔ entering an invite reaches pairing preview but cannot invoke capabilities before confirmation (1.3117ms)
gateway-web	Run pnpm test	2026-10-04T17:43:08.0240355Z ✔ an invite is a one-time rendezvous, and after trust it can no longer reconnect anything (2.4117ms)
gateway-web	Run pnpm test	2026-10-04T17:43:08.0241049Z ✔ the rendezvous service stays independent of the eventual data path (2.7488ms)
gateway-web	Run pnpm test	2026-10-04T17:43:08.0241665Z ✔ invite policy values are bounded, so a locator cannot be eternal (0.7487ms)
gateway-web	Run pnpm test	2026-10-04T17:43:08.0242691Z ✔ a hostile link is a bad link, never a crash (0.3106ms)
gateway-web	Run pnpm test	2026-10-04T17:43:08.0243274Z ✔ a consumed invite keeps its outcome, and an impossible instant is typed (0.5996ms)
gateway-web	Run pnpm test	2026-10-04T17:43:08.0244491Z ✔ enumeration is throttled even without a client reference, and an unparseable instant is refused (0.9999ms)
gateway-web	Run pnpm test	2026-10-04T17:43:08.0245235Z ✔ an adapter discovers a peer on the LAN without manual address entry (5.3833ms)
gateway-web	Run pnpm test	2026-10-04T17:43:08.0245860Z ✔ wired and Wi-Fi sightings normalize to the same device abstraction (0.8971ms)
gateway-web	Run pnpm test	2026-10-04T17:43:08.0246524Z ✔ duplicate and stale advertisements never create duplicate logical devices (11.805ms)
gateway-web	Run pnpm test	2026-10-04T17:43:08.0247101Z ✔ an untrusted candidate cannot invoke anything (0.4201ms)
gateway-web	Run pnpm test	2026-10-04T17:43:08.0247731Z ✔ only a trusted node with the right fingerprint upgrades to an encrypted direct path (1.6465ms)
gateway-web	Run pnpm test	2026-10-04T17:43:08.0248463Z ✔ a local network change re-resolves addresses without changing logical identity (0.988ms)
gateway-web	Run pnpm test	2026-10-04T17:43:08.0249312Z ✔ discovery and fallback scanning stay bounded (3.9714ms)
gateway-web	Run pnpm test	2026-10-04T17:43:08.0249881Z ✔ advertisements are strict, and metadata is never a required identity (0.6478ms)
gateway-web	Run pnpm test	2026-10-04T17:43:08.0250570Z ✔ freshness is a two-sided bound: a replayed future sighting is never current (0.7411ms)
gateway-web	Run pnpm test	2026-10-04T17:43:08.0251221Z ✔ an impossible calendar instant is refused, not read as "not stale" (0.6648ms)
gateway-web	Run pnpm test	2026-10-04T17:43:08.0251863Z ✔ an advertisement must carry its fields as own properties on a bare object (0.5601ms)
gateway-web	Run pnpm test	2026-10-04T17:43:08.0252427Z ✔ the per-round advertisement cap is two-sided (37.6811ms)
gateway-web	Run pnpm test	2026-10-04T17:43:08.0252980Z ✔ two different unidentified devices never collapse on a display name (1.4334ms)
gateway-web	Run pnpm test	2026-10-04T17:43:08.0254021Z ✔ one address has exactly one canonical spelling (0.3665ms)
gateway-web	Run pnpm test	2026-10-04T17:43:08.0254636Z ✔ a stale freshness snapshot is never re-emitted as a current verdict (0.6222ms)
gateway-web	Run pnpm test	2026-10-04T17:43:08.0255221Z ✔ logical identity preservation is computed, not asserted (0.4193ms)
gateway-web	Run pnpm test	2026-10-04T17:43:08.0255931Z ✔ native and browser invites retain the target address rather than falling back to this host (1.8726ms)
gateway-web	Run pnpm test	2026-10-04T17:43:08.0256699Z ✔ remote reconnect stays on the recorded origin and rejects a different City response (3.026ms)
gateway-web	Run pnpm test	2026-10-04T17:43:08.0257476Z ✔ callers use one Fabric surface while the transport implementation is swapped underneath (7.9196ms)
gateway-web	Run pnpm test	2026-10-04T17:43:08.0258222Z ✔ path selection prefers a usable direct route and falls back to relay honestly (1.8573ms)
gateway-web	Run pnpm test	2026-10-04T17:43:08.0258934Z ✔ an unauthenticated or unencrypted path is never adopted, not even on the LAN (2.0673ms)
gateway-web	Run pnpm test	2026-10-04T17:43:08.0259594Z ✔ a relay forwards opaque payloads and can never authorize a peer (3.0167ms)
gateway-web	Run pnpm test	2026-10-04T17:43:08.0260219Z ✔ path loss migrates without a new logical device or a duplicated command (2.6308ms)
gateway-web	Run pnpm test	2026-10-04T17:43:08.0260872Z ✔ one exclusive action can never end up with two authoritative sessions (1.0545ms)
gateway-web	Run pnpm test	2026-10-04T17:43:08.0261570Z ✔ path metadata is bounded, secret-free and frozen (1.3063ms)
gateway-web	Run pnpm test	2026-10-04T17:43:08.0262072Z ✔ a caller-supplied instant is validated on every path (0.9246ms)
gateway-web	Run pnpm test	2026-10-04T17:43:08.0262685Z ✔ the preference list may narrow the canonical order but never promote relay (51.4258ms)
gateway-web	Run pnpm test	2026-10-04T17:43:08.0263294Z ✔ a path descriptor reports what the adapter measured (41.1252ms)
gateway-web	Run pnpm test	2026-10-04T17:43:08.0264094Z ✔ a transport fault during send is typed and records no command (25.0472ms)
gateway-web	Run pnpm test	2026-10-04T17:43:08.0264726Z ✔ the secret scan sees hidden own keys and survives a cycle (15.453ms)
gateway-web	Run pnpm test	2026-10-04T17:43:08.0265333Z ✔ presence is honest, distinct and never collapses into ONLINE or FAILED (11.3586ms)
gateway-web	Run pnpm test	2026-10-04T17:43:08.0265954Z ✔ a silent node becomes UNREACHABLE rather than ONLINE or FAILED (3.4503ms)
gateway-web	Run pnpm test	2026-10-04T17:43:08.0266530Z ✔ queueable work expires and live-only actions never run late (2.8878ms)
gateway-web	Run pnpm test	2026-10-04T17:43:08.0267127Z ✔ an unknown transport outcome stays UNKNOWN until it is reconciled (1.4054ms)
gateway-web	Run pnpm test	2026-10-04T17:43:08.0267870Z ✔ reconnect revalidates identity, trust, capability, presence and authority before resuming (3.8476ms)
gateway-web	Run pnpm test	2026-10-04T17:43:08.0268595Z ✔ a stale replay after reconnect cannot duplicate a completed side effect (2.3197ms)
gateway-web	Run pnpm test	2026-10-04T17:43:08.0269280Z ✔ the audit log carries causal identifiers and no secrets, and state is isolated (4.5628ms)
gateway-web	Run pnpm test	2026-10-04T17:43:08.0269954Z ✔ the audit sequence stays monotonic and retention is reported honestly (3.2691ms)
gateway-web	Run pnpm test	2026-10-04T17:43:08.0270543Z ✔ the audit secret-freedom claim is checked, not asserted (2.1263ms)
gateway-web	Run pnpm test	2026-10-04T17:43:08.0271071Z ✔ a malformed caller instant is refused as a typed error (2.4017ms)
gateway-web	Run pnpm test	2026-10-04T17:43:08.0271735Z ✔ an observation instant may not lie in the future (0.7666ms)
gateway-web	Run pnpm test	2026-10-04T17:43:08.0272241Z ✔ a backdated instant cannot make a silent node reachable (0.6969ms)
gateway-web	Run pnpm test	2026-10-04T17:43:08.0272779Z ✔ a backdated instant cannot revive an expired queued action (0.8908ms)
gateway-web	Run pnpm test	2026-10-04T17:43:08.0273296Z ✔ a replayed enqueue cannot clear an unknown outcome (1.672ms)
gateway-web	Run pnpm test	2026-10-04T17:43:08.0273966Z ✔ a settled outcome is never regressed to UNKNOWN (1.275ms)
gateway-web	Run pnpm test	2026-10-04T17:43:08.0274628Z ✔ identifiers are text, so a cyclic object cannot reach the freezer (2.8335ms)
gateway-web	Run pnpm test	2026-10-04T17:43:08.0275178Z ✔ the presence policy is a bound, so it is validated (0.9072ms)
gateway-web	Run pnpm test	2026-10-04T17:43:08.0275740Z ✔ an impossible queue deadline is refused rather than never expiring (1.4078ms)
gateway-web	Run pnpm test	2026-10-04T17:43:08.0276383Z ✔ a duplicate check needs a subject and does not match one it was not given (1.1199ms)
gateway-web	Run pnpm test	2026-10-04T17:43:08.0276920Z ✔ a refusal that protects new work is audited (0.5077ms)
gateway-web	Run pnpm test	2026-10-04T17:43:08.0277357Z ✔ refreshed reconnect state is a plain record (0.3705ms)
gateway-web	Run pnpm test	2026-10-04T17:43:08.0277936Z ✔ an effect confirmed without an in-flight command still suppresses its replay (0.781ms)
gateway-web	Run pnpm test	2026-10-04T17:43:08.0278567Z ✔ a presence record may not be rebound to another logical identity (0.667ms)
gateway-web	Run pnpm test	2026-10-04T17:43:08.0279121Z ✔ a live action cannot be downgraded by a non-boolean flag (0.6777ms)
gateway-web	Run pnpm test	2026-10-04T17:43:08.0279649Z ✔ a measurement is validated before any state changes (0.5958ms)
gateway-web	Run pnpm test	2026-10-04T17:43:08.0280289Z ✔ RPC, EVENT and STREAM are separate versioned envelopes with opaque domain payloads (10.5569ms)
gateway-web	Run pnpm test	2026-10-04T17:43:08.0281089Z ✔ a retried idempotent command does not repeat the effect, and a new command id is a new action (4.4269ms)
gateway-web	Run pnpm test	2026-10-04T17:43:08.0281931Z ✔ delivery, acceptance, running and completion are observably distinct, and ack is never success (1.2645ms)
gateway-web	Run pnpm test	2026-10-04T17:43:08.0282642Z ✔ a deadline stops a stale interactive command from executing later (1.084ms)
gateway-web	Run pnpm test	2026-10-04T17:43:08.0283333Z ✔ event subscriptions reconnect and replay with ordering, causation and gap reporting (1.9321ms)
gateway-web	Run pnpm test	2026-10-04T17:43:08.0284312Z ✔ stream lifecycle, backpressure and cancellation are independent of RPC (1.4626ms)
gateway-web	Run pnpm test	2026-10-04T17:43:08.0285042Z ✔ the data plane is strict, frozen, and keeps task truth outside the transport session (0.8156ms)
gateway-web	Run pnpm test	2026-10-04T17:43:08.0285891Z ✔ canonical envelopes are decided by own keys on a plain record (0.5303ms)
gateway-web	Run pnpm test	2026-10-04T17:43:08.0286514Z ✔ reference fields are text, so a cyclic object cannot reach the freezer (0.6029ms)
gateway-web	Run pnpm test	2026-10-04T17:43:08.0287192Z ✔ an object-valued action reference cannot turn a retry into a different action (0.5832ms)
gateway-web	Run pnpm test	2026-10-04T17:43:08.0287797Z ✔ a malformed caller instant is refused as a typed error (1.635ms)
gateway-web	Run pnpm test	2026-10-04T17:43:08.0288349Z ✔ a deadline is judged at the registry clock and bounded by policy (0.9686ms)
gateway-web	Run pnpm test	2026-10-04T17:43:08.0288993Z ✔ a sweep cannot expire a command before its deadline by naming a later instant (0.4096ms)
gateway-web	Run pnpm test	2026-10-04T17:43:08.0289713Z ✔ a contiguous replay never reports a phantom gap, and its resume point is validated (0.6648ms)
gateway-web	Run pnpm test	2026-10-04T17:43:08.0290435Z ✔ an execution result must be terminal and must carry a real result reference (1.1092ms)
gateway-web	Run pnpm test	2026-10-04T17:43:08.0291037Z ✔ a retry may only replay the result its own command produced (0.5541ms)
gateway-web	Run pnpm test	2026-10-04T17:43:08.0291629Z ✔ a reused command id may not silently change the subject it addresses (0.615ms)
gateway-web	Run pnpm test	2026-10-04T17:43:08.0292259Z ✔ stream accounting cannot run backwards or exceed the configured window (0.7963ms)
gateway-web	Run pnpm test	2026-10-04T17:43:08.0292827Z ✔ a replayed setup envelope cannot clobber live state (0.9747ms)
gateway-web	Run pnpm test	2026-10-04T17:43:08.0293803Z ✔ data and control paths declare their arguments instead of swallowing envelope tags (0.8083ms)
gateway-web	Run pnpm test	2026-10-04T17:43:08.0294756Z ✔ RS-203: the correlation carries BOTH devices and asserts that they may differ (1.9064ms)
gateway-web	Run pnpm test	2026-10-04T17:43:08.0295466Z ✔ RS-203: a handoff moves the execution device and never the interaction device (0.2614ms)
gateway-web	Run pnpm test	2026-10-04T17:43:08.0296274Z ✔ RS-203: DUPLICATE messages are ignored rather than applied twice (0.5631ms)
gateway-web	Run pnpm test	2026-10-04T17:43:08.0296931Z ✔ RS-203: OUT-OF-ORDER progress is refused and cannot move the state backwards (0.2368ms)
gateway-web	Run pnpm test	2026-10-04T17:43:08.0297631Z ✔ RS-203: an event after a terminal state is LATE and does not resurrect the run (0.2301ms)
gateway-web	Run pnpm test	2026-10-04T17:43:08.0298353Z ✔ RS-203: every kind maps to a DECLARED canonical state and a DECLARED return channel (0.29ms)
gateway-web	Run pnpm test	2026-10-04T17:43:08.0299079Z ✔ RS-203: canonical state advances for each terminal kind, and terminal is sticky (0.2472ms)
gateway-web	Run pnpm test	2026-10-04T17:43:08.0299832Z ✔ RS-203: a result that CANNOT reach the user is never reported as truthful success (0.2566ms)
gateway-web	Run pnpm test	2026-10-04T17:43:08.0300536Z ✔ RS-203: a resolver that THROWS degrades rather than propagating into the caller (0.2985ms)
gateway-web	Run pnpm test	2026-10-04T17:43:08.0301124Z ✔ RS-203: a projected success reports where it landed (0.3239ms)
gateway-web	Run pnpm test	2026-10-04T17:43:08.0301793Z ✔ RS-203: unknown correlations, unknown kinds and bad sequences are refused with typed codes (0.6451ms)
gateway-web	Run pnpm test	2026-10-04T17:43:08.0302559Z ✔ RS-203: the bridge refuses to be constructed without an injected surface resolver (0.2139ms)
gateway-web	Run pnpm test	2026-10-04T17:43:08.0303160Z ✔ RS-203: a STATUS event reports without moving the state (0.1301ms)
gateway-web	Run pnpm test	2026-10-04T17:43:08.0303752Z ✔ RS-203: the contract version is declared (0.0872ms)
gateway-web	Run pnpm test	2026-10-04T17:43:08.0304594Z ✔ RS-203 scenario 1: remote execution START is correlated before anything is returned (0.149ms)
gateway-web	Run pnpm test	2026-10-04T17:43:08.0305404Z ✔ RS-203 scenario 2: PROGRESS returns on the PROGRESS channel and moves the run to RUNNING (0.2257ms)
gateway-web	Run pnpm test	2026-10-04T17:43:08.0306214Z ✔ RS-203 scenario 3: WAITING FOR USER is reachable, and is cleared the same way it is set (0.1478ms)
gateway-web	Run pnpm test	2026-10-04T17:43:08.0306974Z ✔ RS-203 scenario 3b: attention on a non-STATUS kind is REFUSED rather than guessed (0.1524ms)
gateway-web	Run pnpm test	2026-10-04T17:43:08.0307724Z ✔ RS-203 scenario 4: SUCCESS lands truthfully only when it actually reached the user (0.1024ms)
gateway-web	Run pnpm test	2026-10-04T17:43:08.0308378Z ✔ RS-203 scenario 5: FAILURE is terminal and reports no success (0.1108ms)
gateway-web	Run pnpm test	2026-10-04T17:43:08.0308990Z ✔ RS-203 scenario 6: CANCEL is terminal and sticky against later events (0.1193ms)
gateway-web	Run pnpm test	2026-10-04T17:43:08.0309760Z ✔ RS-203 scenario 7: DEVICE DISCONNECT degrades knowledge without moving the run or claiming success (0.1918ms)
gateway-web	Run pnpm test	2026-10-04T17:43:08.0310733Z ✔ RS-203 scenario 8: RECOVERY clears the degraded state and the run can still finish (0.1465ms)
gateway-web	Run pnpm test	2026-10-04T17:43:08.0311461Z ✔ RS-203 scenario 8b: a disconnect AFTER a terminal result changes nothing about it (0.1173ms)
gateway-web	Run pnpm test	2026-10-04T17:43:08.0312148Z ✔ RS-203: the full eight-situation walk leaves the counters consistent (0.1887ms)
gateway-web	Run pnpm test	2026-10-04T17:43:08.0312796Z ✔ RS-203 step 3: a request is delivered to the CURRENT authorized surface (0.3072ms)
gateway-web	Run pnpm test	2026-10-04T17:43:08.0313437Z ✔ RS-203 step 3: an answer from the current authorized surface is accepted (0.3189ms)
gateway-web	Run pnpm test	2026-10-04T17:43:08.0314451Z ✔ RS-203 step 3: an answer from ANY OTHER device is REFUSED, however well-informed it is (0.1837ms)
gateway-web	Run pnpm test	2026-10-04T17:43:08.0315244Z ✔ RS-203 step 3: when the surface MOVED, the answer must come from where the user now is (0.1764ms)
gateway-web	Run pnpm test	2026-10-04T17:43:08.0315924Z ✔ RS-203 step 3: an answer cannot arrive when NO surface is authorized (0.3544ms)
gateway-web	Run pnpm test	2026-10-04T17:43:08.0316653Z ✔ RS-203 step 3: OFFLINE asks are HELD with a reason and a recovery path, not dropped or failed (0.2505ms)
gateway-web	Run pnpm test	2026-10-04T17:43:08.0317394Z ✔ RS-203 step 3: TIMEOUT is explained and recoverable, and is NEVER a failure (0.3324ms)
gateway-web	Run pnpm test	2026-10-04T17:43:08.0318043Z ✔ RS-203 step 3: a timeout cannot retract an answer that already arrived (0.2665ms)
gateway-web	Run pnpm test	2026-10-04T17:43:08.0318735Z ✔ RS-203 step 3: a double answer is refused rather than silently overwriting the first (0.2426ms)
gateway-web	Run pnpm test	2026-10-04T17:43:08.0319430Z ✔ RS-203 step 3: only RESPOND is accepted, and only APPROVE or DENY decide (0.4437ms)
gateway-web	Run pnpm test	2026-10-04T17:43:08.0320033Z ✔ RS-203 step 3: a HANDOFF does not move where the user is asked (0.2027ms)
gateway-web	Run pnpm test	2026-10-04T17:43:08.0320625Z ✔ RS-203 step 3: the codes are declared, not invented at the throw site (0.1223ms)
gateway-web	Run pnpm test	2026-10-04T17:43:08.0329347Z ✔ RS-203 step 4: the flat EXCLUSION_REASONS list is CLASSIFIED, and every reason has an axis (0.7313ms)
gateway-web	Run pnpm test	2026-10-04T17:43:08.0330184Z ✔ RS-203 step 4: a DEVICE outage is classified as DEVICE and nothing else (0.3661ms)
gateway-web	Run pnpm test	2026-10-04T17:43:08.0330907Z ✔ RS-203 step 4: a PROVIDER outage is classified as PROVIDER and nothing else (0.1212ms)
gateway-web	Run pnpm test	2026-10-04T17:43:08.0331587Z ✔ RS-203 step 4: an INPUT problem is NEITHER a device nor a provider fault (0.1531ms)
gateway-web	Run pnpm test	2026-10-04T17:43:08.0332210Z ✔ RS-203 step 4: an UNKNOWN reason is reported, not silently dropped (0.1753ms)
gateway-web	Run pnpm test	2026-10-04T17:43:08.0332822Z ✔ RS-203 step 4: a DEVICE fallback does NOT implicate the provider (0.3672ms)
gateway-web	Run pnpm test	2026-10-04T17:43:08.0333435Z ✔ RS-203 step 4: a PROVIDER fallback does NOT implicate the device (0.1511ms)
gateway-web	Run pnpm test	2026-10-04T17:43:08.0334496Z ✔ RS-203 step 4: an eligible alternate is offered for a DEVICE outage, but the cause is still named (0.1716ms)
gateway-web	Run pnpm test	2026-10-04T17:43:08.0335357Z ✔ RS-203 step 4: MIXED causes are NOT collapsed to one, and no single cause is claimed (0.1802ms)
gateway-web	Run pnpm test	2026-10-04T17:43:08.0336140Z ✔ RS-203 step 4: the reason codes SURVIVE into the plan rather than being paraphrased away (0.2006ms)
gateway-web	Run pnpm test	2026-10-04T17:43:08.0336868Z ✔ RS-203 step 4: with nothing unavailable the plan claims no cause at all (0.1131ms)
gateway-web	Run pnpm test	2026-10-04T17:43:08.0337513Z ✔ RS-203 step 4: planning against an unknown correlation is refused (0.1387ms)
gateway-web	Run pnpm test	2026-10-04T17:43:08.0338242Z ✔ RS-203 step 5: a remote result is bound to its provenance, including WHICH device produced it (0.2232ms)
gateway-web	Run pnpm test	2026-10-04T17:43:08.0339062Z ✔ RS-203 step 5: the provenance is IMMUTABLE once bound, so a result cannot be re-attributed (0.1664ms)
gateway-web	Run pnpm test	2026-10-04T17:43:08.0339883Z ✔ RS-203 step 5: the summary key set is EXACTLY the declared set - stability by construction (0.156ms)
gateway-web	Run pnpm test	2026-10-04T17:43:08.0340699Z ✔ RS-203 step 5: the summary NEVER carries the evidence, the digests or the routing identifiers (0.2044ms)
gateway-web	Run pnpm test	2026-10-04T17:43:08.0341473Z ✔ RS-203 step 5: whether evidence EXISTS is presentable, without saying what it is (0.1134ms)
gateway-web	Run pnpm test	2026-10-04T17:43:08.0342180Z ✔ RS-203 step 5: the summary is STABLE across state changes - same shape, always (0.1344ms)
gateway-web	Run pnpm test	2026-10-04T17:43:08.0342905Z ✔ RS-203 step 5: the summary still tells the truth about a degraded and a finished run (0.8467ms)
gateway-web	Run pnpm test	2026-10-04T17:43:08.0344086Z ✔ RS-203 step 5: binding against an unknown correlation is refused (0.2114ms)
gateway-web	Run pnpm test	2026-10-04T17:43:08.0344926Z ✔ RS-203 step 5: the declared field list is frozen, so it cannot be widened at runtime (0.1189ms)
gateway-web	Run pnpm test	2026-10-04T17:43:08.0345781Z ✔ RS-290: the mapping COVERS every source vocabulary exactly - no gap and no stale extra (1.9469ms)
gateway-web	Run pnpm test	2026-10-04T17:43:08.0346600Z ✔ RS-290: the presentation vocabulary is CLOSED - every target is a declared term with a class (0.4104ms)
gateway-web	Run pnpm test	2026-10-04T17:43:08.0347355Z ✔ RS-290: the four UNKNOWN senses stay FOUR distinct terms - the polysemy fix (0.3472ms)
gateway-web	Run pnpm test	2026-10-04T17:43:08.0348062Z ✔ RS-290: the SAME meaning reached through different components MERGES to one term (0.4725ms)
gateway-web	Run pnpm test	2026-10-04T17:43:08.0348854Z ✔ RS-290: the STRUCTURAL and RESOURCE partition is PRESERVED, which a naive merge would destroy (0.6833ms)
gateway-web	Run pnpm test	2026-10-04T17:43:08.0349628Z ✔ RS-290: an unmapped or unknown source THROWS rather than yielding undefined (0.6952ms)
gateway-web	Run pnpm test	2026-10-04T17:43:08.0350302Z ✔ RS-290: presentState always yields a declared presentation state (0.3784ms)
gateway-web	Run pnpm test	2026-10-04T17:43:08.0350993Z ✔ RS-290: the action and state vocabularies are closed sets of the shapes step 3 names (0.2262ms)
gateway-web	Run pnpm test	2026-10-04T17:43:08.0351753Z ✔ RS-290: a selectable provider renders RUNNING with CANCEL and no choice demanded (0.7017ms)
gateway-web	Run pnpm test	2026-10-04T17:43:08.0352473Z ✔ RS-290: a pool that is only BUSY does NOT demand a choice, because waiting can help (0.4804ms)
gateway-web	Run pnpm test	2026-10-04T17:43:08.0353203Z ✔ RS-290: a structurally refused pool DOES demand a choice, and does not offer waiting (0.3749ms)
gateway-web	Run pnpm test	2026-10-04T17:43:08.0354265Z ✔ RS-290 F1: a raw word that COLLIDES with a term name is still mapped by its VOCABULARY (0.4224ms)
gateway-web	Run pnpm test	2026-10-04T17:43:08.0357605Z ✔ RS-290 F1: the guard needs PROVENANCE - bare words and bare terms are both refused (0.5844ms)
gateway-web	Run pnpm test	2026-10-04T17:43:08.0358413Z ✔ RS-290 F2: a terminal outcome OUTRANKS waitingUser, so a failure is never masked (0.292ms)
gateway-web	Run pnpm test	2026-10-04T17:43:08.0359118Z ✔ RS-290 F3: FRESHNESS.STALE and FRESHNESS.UNKNOWN stay DISTINCT terms (0.192ms)
gateway-web	Run pnpm test	2026-10-04T17:43:08.0359886Z ✔ RS-290 F3: NO collapse of two meanings onto one term goes UNDECLARED - quantified over the table (0.4788ms)
gateway-web	Run pnpm test	2026-10-04T17:43:08.0360671Z ✔ RS-290: no path FABRICATES success - COMPLETED needs an explicit terminal flag (0.2648ms)
gateway-web	Run pnpm test	2026-10-04T17:43:08.0361484Z ✔ RS-290: the route stage drives the state through its own vocabulary, and only where it should (0.2062ms)
gateway-web	Run pnpm test	2026-10-04T17:43:08.0362199Z ✔ RS-290: every DTO output is inside the declared vocabularies (0.3444ms)
gateway-web	Run pnpm test	2026-10-04T17:43:08.0362974Z ✔ RS-290 matrix: concurrent submissions cannot double-execute, and the pool still reports a reason (1.2231ms)
gateway-web	Run pnpm test	2026-10-04T17:43:08.0363871Z ✔ RS-290 matrix: a saturated device is routed around, and the projection says WAITING not CHOOSE (1.052ms)
gateway-web	Run pnpm test	2026-10-04T17:43:08.0365186Z ✔ RS-290 matrix: lease transfer is holder-only and the old holder cannot resume reassigned work (0.2643ms)
gateway-web	Run pnpm test	2026-10-04T17:43:08.0366085Z ✔ RS-290 matrix: a disconnect degrades truthfully and recovery restores, through the projection (0.5235ms)
gateway-web	Run pnpm test	2026-10-04T17:43:08.0366902Z ✔ RS-290 matrix: a flapping pool does not move the work, and the rescan is event-driven (0.6482ms)
gateway-web	Run pnpm test	2026-10-04T17:43:08.0367724Z ✔ RS-290 matrix: availability, routing and return compose into ONE stable presentation contract (13.9787ms)
gateway-web	Run pnpm test	2026-10-04T17:43:08.0368468Z ✔ successful live transport cannot mask broken offline product behavior (0.9754ms)
gateway-web	Run pnpm test	2026-10-04T17:43:08.0369093Z ✔ CPU uses elapsed counters and unavailable disk remains null (3.6227ms)
gateway-web	Run pnpm test	2026-10-04T17:43:08.0369597Z ✔ disabled sampler never reads host counters (0.2473ms)
gateway-web	Run pnpm test	2026-10-04T17:43:08.0370208Z ✔ counter reset does not fabricate CPU load and cached sample keeps its timestamp (0.3499ms)
gateway-web	Run pnpm test	2026-10-04T17:43:08.0370916Z ✔ native filesystem volume measurement is finite and internally consistent (5.7572ms)
gateway-web	Run pnpm test	2026-10-04T17:43:08.0371669Z ✔ validator accepts unavailable sampler metrics but rejects invalid numeric measurements (0.9876ms)
gateway-web	Run pnpm test	2026-10-04T17:43:08.0372680Z ✔ theme artifact retention is bounded and restart removes abandoned sandbox work (36.1562ms)
gateway-web	Run pnpm test	2026-10-04T17:43:08.0373507Z ✔ D9 Bridge builds retained sandbox artifacts with canonical bounded results and typed refusal (10092.2633ms)
gateway-web	Run pnpm test	2026-10-04T17:43:08.0374379Z ✔ Windows Theme Build uses real prompt, observation, fallback controls and digest summary (6269.6605ms)
gateway-web	Run pnpm test	2026-10-04T17:43:08.0375236Z ✔ unavailable artifact storage yields a terminal typed failure, not orphaned RUNNING history (98.9745ms)
gateway-web	Run pnpm test	2026-10-04T17:43:08.0375967Z ✔ the redesigned-shell fixture really is the zero-sized-label shape (3.4176ms)
gateway-web	Run pnpm test	2026-10-04T17:43:08.0376715Z ✔ a bare first-match label lookup selects a zero-bounds node, which is the original defect (0.3651ms)
gateway-web	Run pnpm test	2026-10-04T17:43:08.0377546Z ✔ no sized nav label exists on the shipped shell, so a size filter ALONE would leave nothing to tap (1.1418ms)
gateway-web	Run pnpm test	2026-10-04T17:43:08.0378303Z ✔ the active tab has no clickable node, so clickable ordinal alone is unstable (0.4837ms)
gateway-web	Run pnpm test	2026-10-04T17:43:08.0379022Z ✔ targets are paired to labels in document order, giving a page-independent index (1.8759ms)
gateway-web	Run pnpm test	2026-10-04T17:43:08.0379710Z ✔ resolveRoute reaches Home from the Devices page via the paired target (0.9223ms)
gateway-web	Run pnpm test	2026-10-04T17:43:08.0380337Z ✔ the nav band excludes page content that happens to be clickable (1.2847ms)
gateway-web	Run pnpm test	2026-10-04T17:43:08.0380880Z ✔ a sized heading is not mistaken for a nav target (0.3632ms)
gateway-web	Run pnpm test	2026-10-04T17:43:08.0381506Z ✔ resolveRoute prefers a sized label inside the band, preserving the earlier shell (0.5528ms)
gateway-web	Run pnpm test	2026-10-04T17:43:08.0382178Z ✔ the two shells are distinguished rather than one being assumed (0.8247ms)
gateway-web	Run pnpm test	2026-10-04T17:43:08.0383275Z ✔ an unresolvable tree returns null rather than a zero-bounds node (0.2864ms)
gateway-web	Run pnpm test	2026-10-04T17:43:08.0383906Z ✔ the task pilot creates its evidence directory before writing into it (0.4302ms)
gateway-web	Run pnpm test	2026-10-04T17:43:08.0384971Z ✔ task pilot imports a usable sized nodeByLabel selector (0.8087ms)
gateway-web	Run pnpm test	2026-10-04T17:43:08.0385642Z ✔ UXI-390: every supported action is bound to a handler branch AND a client method (6.9219ms)
gateway-web	Run pnpm test	2026-10-04T17:43:08.0386354Z ✔ UXI-390: no handler branch is unreachable dead code that looks like a handler (4.6839ms)
gateway-web	Run pnpm test	2026-10-04T17:43:08.0387109Z ✔ UXI-390: the per-provider Choose control sends THAT row ref, and cannot send a blank one (0.8373ms)
gateway-web	Run pnpm test	2026-10-04T17:43:08.0387888Z ✔ UXI-390: CHOOSE_PROVIDER is NOT an action-row action - that is the trap Mech named (1.1074ms)
gateway-web	Run pnpm test	2026-10-04T17:43:08.0388648Z ✔ UXI-390 C-1: the Advanced disclosure is named with the Web pack's own words on Android (1.4669ms)
gateway-web	Run pnpm test	2026-10-04T17:43:08.0389375Z ✔ UXI-390 C-2: a disabled control states its reason in the Web pack's own words (0.4993ms)
gateway-web	Run pnpm test	2026-10-04T17:43:08.0390156Z ✔ UXI-391: the City really has FIVE requestable task types - the premise the old record denied (3.9664ms)
gateway-web	Run pnpm test	2026-10-04T17:43:08.0390932Z ✔ UXI-391: a MISSING load dimension is not zero, and one observed dimension is enough (0.6858ms)
gateway-web	Run pnpm test	2026-10-04T17:43:08.0391675Z ✔ UXI-391: the BINDING dimension is the maximum OBSERVED one, not an average over five (0.206ms)
gateway-web	Run pnpm test	2026-10-04T17:43:08.0392545Z ✔ UXI-391: telemetry produces the vector honestly - measured dimensions only, null when nothing is measured (0.3435ms)
gateway-web	Run pnpm test	2026-10-04T17:43:08.0393362Z ✔ UXI-391: the bridge transfers ONLY on ALTERNATE_DEVICE, and moves ownership once (1.2958ms)
gateway-web	Run pnpm test	2026-10-04T17:43:08.0394125Z ✔ UXI-391: a stale holder cannot hand on work it no longer owns, and a disabled path refuses (0.2591ms)
gateway-web	Run pnpm test	2026-10-04T17:43:08.0394915Z ✔ UXI-391: only the reserved device - and never a stale holder - may claim a moved task (0.2648ms)
gateway-web	Run pnpm test	2026-10-04T17:43:08.0395664Z ✔ UXI-391: a pending handoff is REMOTE_HANDOFF on the surface, from the task record (2.9618ms)
gateway-web	Run pnpm test	2026-10-04T17:43:08.0396479Z ✔ UXI-391: the planner decision is exposed WITH the chosen device, and routeStageFor stays a thin read (1.3969ms)
gateway-web	Run pnpm test	2026-10-04T17:43:08.0397321Z ✔ UXI-391: the term and the route agree about the SAME candidate - the defect this task is about (0.8309ms)
gateway-web	Run pnpm test	2026-10-04T17:43:08.0398205Z ✔ locale contract: supported tokens, fallback and first-run detection (3.8255ms)
gateway-web	Run pnpm test	2026-10-04T17:43:08.0398849Z ✔ both language packs cover every message key with matching placeholders (6.5569ms)
gateway-web	Run pnpm test	2026-10-04T17:43:08.0399453Z ✔ every fixed Web UI string is present in the language packs (1.3954ms)
gateway-web	Run pnpm test	2026-10-04T17:43:08.0400042Z ✔ protocol tokens and City Control state names are never translated (16.2939ms)
gateway-web	Run pnpm test	2026-10-04T17:43:08.0400621Z ✔ web assets only use message keys that exist in the packs (3.9518ms)
gateway-web	Run pnpm test	2026-10-04T17:43:08.0401222Z ✔ badge state and display label stay separate in every locale (2.4239ms)
gateway-web	Run pnpm test	2026-10-04T17:43:08.0401941Z ✔ applyTranslations and setLocale update the document without touching storage contracts (0.6512ms)
gateway-web	Run pnpm test	2026-10-04T17:43:08.0402683Z ✔ translation fills placeholders and time formatting follows the locale (43.7729ms)
gateway-web	Run pnpm test	2026-10-04T17:43:08.0403412Z ✔ Web Settings language switch, persistence and protocol stability (real browser) (4258.4273ms)
gateway-web	Run pnpm test	2026-10-04T17:43:08.0404142Z ✔ an invite names the City it belongs to, which is the whole point of the form (1.1158ms)
gateway-web	Run pnpm test	2026-10-04T17:43:08.0404816Z ✔ a bare credential is NOT an invite - it cannot say which City it belongs to (0.1526ms)
gateway-web	Run pnpm test	2026-10-04T17:43:08.0405342Z ✔ junk does not throw, it returns null (0.8063ms)
gateway-web	Run pnpm test	2026-10-04T17:43:08.0405854Z ✔ an invite without a host is refused rather than half-understood (0.1965ms)
gateway-web	Run pnpm test	2026-10-04T17:43:08.0406366Z ✔ trailing slashes and origins compare cleanly (0.406ms)
gateway-web	Run pnpm test	2026-10-04T17:43:08.0406862Z ✔ the invite survives a round trip through a URL fragment (0.2536ms)
gateway-web	Run pnpm test	2026-10-04T17:43:08.0407568Z ✔ REGRESSION: a PARSED invite handed back in must still resolve, not become "[object Object]" (0.1645ms)
gateway-web	Run pnpm test	2026-10-04T17:43:08.0408691Z ✔ UXI-301: the adapter table agrees with the contract EXACTLY, in both directions (2.5213ms)
gateway-web	Run pnpm test	2026-10-04T17:43:08.0409836Z ✔ UXI-301: severity cannot contradict the contract class where the class carries meaning (0.522ms)
gateway-web	Run pnpm test	2026-10-04T17:43:08.0410552Z ✔ UXI-301: every referenced key exists in BOTH locale packs (1.1055ms)
gateway-web	Run pnpm test	2026-10-04T17:43:08.0411183Z ✔ UXI-301: every state and every action renders real copy, not a fallback key (0.8127ms)
gateway-web	Run pnpm test	2026-10-04T17:43:08.0411878Z ✔ UXI-301: zh-CN renders different copy from en, so the locale is really applied (0.3137ms)
gateway-web	Run pnpm test	2026-10-04T17:43:08.0412558Z ✔ UXI-301: a non-permitted provider is never selectable or interactive (0.2992ms)
gateway-web	Run pnpm test	2026-10-04T17:43:08.0413261Z ✔ UXI-301: the adapter forces unselectable even when the DTO LIES about selectable (0.1768ms)
gateway-web	Run pnpm test	2026-10-04T17:43:08.0413956Z ✔ UXI-301: NO raw scheduler vocabulary leaks into the default view model (0.8511ms)
gateway-web	Run pnpm test	2026-10-04T17:43:08.0414637Z ✔ UXI-301: the leak rule survives every provider term the contract can produce (0.4847ms)
gateway-web	Run pnpm test	2026-10-04T17:43:08.0415365Z ✔ UXI-301: raw vocabulary IS reachable, but only through the explicit advanced block (0.4185ms)
gateway-web	Run pnpm test	2026-10-04T17:43:08.0416088Z ✔ UXI-301: the adapter never fabricates success and never claims to have chosen (0.2485ms)
gateway-web	Run pnpm test	2026-10-04T17:43:08.0416746Z ✔ UXI-301: an unknown state or term THROWS rather than rendering blank (0.6611ms)
gateway-web	Run pnpm test	2026-10-04T17:43:08.0417483Z ✔ UXI-301: the adapter does not recompute selection - it reports the contract decision unchanged (0.1832ms)
gateway-web	Run pnpm test	2026-10-04T17:43:08.0418249Z ✔ UXI-301: the view model is frozen, so a renderer cannot mutate presentation truth (0.2241ms)
gateway-web	Run pnpm test	2026-10-04T17:43:08.0418912Z ✔ UXI-301: real registry vocabulary flows end to end into user language (0.212ms)
gateway-web	Run pnpm test	2026-10-04T17:43:08.0419524Z ✔ UXI-301 panel: a state renders in user language, not as a token (3.3563ms)
gateway-web	Run pnpm test	2026-10-04T17:43:08.0420140Z ✔ UXI-301 panel: NO raw scheduler vocabulary appears in the default HTML (1.4444ms)
gateway-web	Run pnpm test	2026-10-04T17:43:08.0420864Z ✔ UXI-301 panel: an unavailable provider is visible with its reason and is NOT a control (0.5803ms)
gateway-web	Run pnpm test	2026-10-04T17:43:08.0421670Z ✔ UXI-301 panel: a submitting action carries its token for wiring and its LABEL in user language (0.6545ms)
gateway-web	Run pnpm test	2026-10-04T17:43:08.0422631Z ✔ UXI-301 panel: the provider choice lives on the ROW and names a candidate the feed offered (0.6231ms)
gateway-web	Run pnpm test	2026-10-04T17:43:08.0423377Z ✔ UXI-301 panel: with nothing available to switch to, the instruction says so (0.3508ms)
gateway-web	Run pnpm test	2026-10-04T17:43:08.0424037Z ✔ UXI-301 panel: a decision is asked for only when the feed requires one (0.3595ms)
gateway-web	Run pnpm test	2026-10-04T17:43:08.0424745Z ✔ UXI-301 panel: technical detail appears ONLY behind the explicit Advanced disclosure (0.3737ms)
gateway-web	Run pnpm test	2026-10-04T17:43:08.0425451Z ✔ UXI-301 panel: an unreported feed never looks like a healthy or idle one (0.5358ms)
gateway-web	Run pnpm test	2026-10-04T17:43:08.0426056Z ✔ UXI-301 panel: all text is escaped, including ids from the feed (0.33ms)
gateway-web	Run pnpm test	2026-10-04T17:43:08.0426617Z ✔ UXI-301 panel: the panel renders in zh-CN as well as en (0.4447ms)
gateway-web	Run pnpm test	2026-10-04T17:43:08.0427207Z ✔ UXI-301 panel: every copy key the panel uses exists in both locale packs (1.5268ms)
gateway-web	Run pnpm test	2026-10-04T17:43:08.0427994Z ✔ Windows history loads detail explicitly, retains it across snapshots and fences late selections (4168.1975ms)
gateway-web	Run pnpm test	2026-10-04T17:43:08.0428844Z ✔ Windows Services invokes real document, knowledge, skill, evidence and theme adapters (4815.1573ms)
gateway-web	Run pnpm test	2026-10-04T17:43:08.0429535Z ✔ renderTerminal returns the terminal controller, not a boolean (1.4679ms)
gateway-web	Run pnpm test	2026-10-04T17:43:08.0430550Z ✔ every terminal page renders, and the page actually follows the shell (1.1019ms)
gateway-web	Run pnpm test	2026-10-04T17:43:08.0431158Z ✔ the Ask / Do page does not duplicate any id owned by the shell (1.7916ms)
gateway-web	Run pnpm test	2026-10-04T17:43:08.0431681Z ✔ no id is duplicated anywhere in the shell document (0.2619ms)
gateway-web	Run pnpm test	2026-10-04T17:43:08.0432266Z ✔ the terminal module never attaches a second submit path to the shell bar (0.4556ms)
gateway-web	Run pnpm test	2026-10-04T17:43:08.0433567Z ✔ the shell bar is a real form so Enter submits it once, natively (0.2424ms)
gateway-web	Run pnpm test	2026-10-04T17:44:11.9007424Z ✔ Web Devices and ephemeral pairing share the authoritative Gateway (82860.03ms)
gateway-web	Run pnpm test	2026-10-04T17:44:23.4742433Z ✔ Web freshness, device detail, node offline and pairing expiry (11573.5959ms)
gateway-web	Run pnpm test	2026-10-04T17:44:47.4529789Z ✔ Web control creates a real task and shows durable result (109983.5875ms)
gateway-web	Run pnpm test	2026-10-04T17:44:47.4819109Z ℹ tests 1247
gateway-web	Run pnpm test	2026-10-04T17:44:47.4819861Z ℹ suites 0
gateway-web	Run pnpm test	2026-10-04T17:44:47.4820245Z ℹ pass 1246
gateway-web	Run pnpm test	2026-10-04T17:44:47.4820589Z ℹ fail 1
gateway-web	Run pnpm test	2026-10-04T17:44:47.4820961Z ℹ cancelled 0
gateway-web	Run pnpm test	2026-10-04T17:44:47.4821333Z ℹ skipped 0
gateway-web	Run pnpm test	2026-10-04T17:44:47.4821688Z ℹ todo 0
gateway-web	Run pnpm test	2026-10-04T17:44:47.4822044Z ℹ duration_ms 231254.0847
gateway-web	Run pnpm test	2026-10-04T17:44:47.4830243Z 
gateway-web	Run pnpm test	2026-10-04T17:44:47.4830726Z ✖ failing tests:
gateway-web	Run pnpm test	2026-10-04T17:44:47.4830943Z 
gateway-web	Run pnpm test	2026-10-04T17:44:47.4831223Z test at tests\join502-ui.test.mjs:142:1
gateway-web	Run pnpm test	2026-10-04T17:44:47.4832460Z ✖ JOIN-502 surface: a refused browse still offers the fallbacks, and a rejected ask leaves the device untrusted (31378.0567ms)
gateway-web	Run pnpm test	2026-10-04T17:44:47.4833119Z   locator.waitFor: Timeout 30000ms exceeded.
gateway-web	Run pnpm test	2026-10-04T17:44:47.4833395Z   Call log:
gateway-web	Run pnpm test	2026-10-04T17:44:47.4833763Z   ^[[2m  - waiting for locator('#nearby-host') to be visible^[[22m
gateway-web	Run pnpm test	2026-10-04T17:44:47.4834369Z   ^[[2m    64 × locator resolved to hidden <div id="nearby-host"></div>^[[22m
gateway-web	Run pnpm test	2026-10-04T17:44:47.4834749Z   
gateway-web	Run pnpm test	2026-10-04T17:44:47.4835143Z       at TestContext.<anonymous> (D:\a\utopia\utopia\tests\join502-ui.test.mjs:150:40) {
gateway-web	Run pnpm test	2026-10-04T17:44:47.4835576Z     name: 'TimeoutError'
gateway-web	Run pnpm test	2026-10-04T17:44:47.4835782Z   }
gateway-web	Run pnpm test	2026-10-04T17:44:47.5272410Z [ELIFECYCLE] Test failed. See above for more details.
gateway-web	Run pnpm test	2026-10-04T17:44:47.6459965Z ##[error]Process completed with exit code 1.
