city: running 121 test file(s)
  00-foundation/01-city-core/audit-ledger/tests/decision-ledger.test.mjs
  00-foundation/01-city-core/audit-ledger/tests/guardian-gate.test.mjs
  00-foundation/01-city-core/audit-ledger/tests/recovery.test.mjs
  00-foundation/01-city-core/fleet-routing/tests/adaptive-routing.test.mjs
  00-foundation/01-city-core/fleet-routing/tests/capability-routing.test.mjs
  00-foundation/01-city-core/fleet-routing/tests/coverage.test.mjs
  00-foundation/01-city-core/fleet-routing/tests/fleet.test.mjs
  00-foundation/01-city-core/fleet-routing/tests/hysteresis.test.mjs
  00-foundation/01-city-core/fleet-routing/tests/pressure.test.mjs
  00-foundation/01-city-core/fleet-routing/tests/rescan.test.mjs
  00-foundation/01-city-core/fleet-routing/tests/routing-sequence.test.mjs
  00-foundation/01-city-core/root-authority/tests/guard.test.mjs
  00-foundation/01-city-core/root-authority/tests/protected-surface.test.mjs
  00-foundation/01-city-core/task-lifecycle/tests/task-lifecycle.test.mjs
  00-foundation/02-city-node-network/device-identity/tests/device-identity.test.mjs
  00-foundation/02-city-node-network/pairing-trust/tests/pairing-trust.test.mjs
  00-foundation/03-capability-fabric/capability-fabric/tests/capability-fabric.test.mjs
  00-foundation/03-capability-fabric/capability-fabric/tests/v03-derivation-parity.test.mjs
  00-foundation/05-control-centre/theme-engine/tests/d9-core.test.mjs
  00-foundation/05-control-centre/theme-engine/tests/d9-parity.test.mjs
  00-foundation/05-control-centre/theme-engine/tests/theme-engine.test.mjs
  00-foundation/05-control-centre/theme-engine/tests/theme-package.test.mjs
  02-engineering/01-project-foreman/project-foreman/tests/adapters-autonomy.test.mjs
  02-engineering/01-project-foreman/project-foreman/tests/donor/engineering-checkpoint.test.mjs
  02-engineering/01-project-foreman/project-foreman/tests/donor/engineering-context.test.mjs
  02-engineering/01-project-foreman/project-foreman/tests/donor/engineering-cross-volume-cleanup.test.mjs
  02-engineering/01-project-foreman/project-foreman/tests/donor/engineering-plan.test.mjs
  02-engineering/01-project-foreman/project-foreman/tests/donor/engineering-process-identity.test.mjs
  02-engineering/01-project-foreman/project-foreman/tests/donor/engineering-process-real.test.mjs
  02-engineering/01-project-foreman/project-foreman/tests/donor/engineering-recovery-journal.test.mjs
  02-engineering/01-project-foreman/project-foreman/tests/donor/engineering-recovery-schema.test.mjs
  02-engineering/01-project-foreman/project-foreman/tests/donor/engineering-scenarios-autonomy.test.mjs
  02-engineering/01-project-foreman/project-foreman/tests/donor/engineering-scenarios.test.mjs
  02-engineering/01-project-foreman/project-foreman/tests/donor/engineering-verifier.test.mjs
  02-engineering/01-project-foreman/project-foreman/tests/donor/engineering-wiring-lock.test.mjs
  02-engineering/01-project-foreman/project-foreman/tests/donor-boss/recovery-model.test.mjs
  02-engineering/01-project-foreman/project-foreman/tests/failure-recovery.test.mjs
  02-engineering/01-project-foreman/project-foreman/tests/plan-parity.test.mjs
  02-engineering/01-project-foreman/project-foreman/tests/recovery.test.mjs
  02-engineering/01-project-foreman/project-foreman/tests/supervisor.test.mjs
  02-engineering/01-project-foreman/project-foreman/tests/verification.test.mjs
  02-engineering/02-worker-gateway/provider-adapter/tests/provider-state.test.mjs
  02-engineering/02-worker-gateway/provider-adapter/tests/runtime.test.mjs
  02-engineering/02-worker-gateway/provider-resilience/tests/circuit-breaker.test.mjs
  02-engineering/02-worker-gateway/provider-resilience/tests/provider-outcome.test.mjs
  02-engineering/02-worker-gateway/skill-intake/tests/catalog-semantics.test.mjs
  02-engineering/02-worker-gateway/skill-intake/tests/skill-discovery.test.mjs
  02-engineering/02-worker-gateway/skill-intake/tests/skill-intake.test.mjs
  02-engineering/02-worker-gateway/worker-runner/tests/runner.test.mjs
  02-engineering/02-worker-gateway/worker-task-contract/tests/lifecycle.test.mjs
  02-engineering/03-host-health-station/host-health-station/tests/differential.test.mjs
  02-engineering/03-host-health-station/host-health-station/tests/host-health-station.test.mjs
  02-engineering/04-restart-recovery-station/checkpoint-gate/tests/checkpoint-gate.test.mjs
  02-engineering/04-restart-recovery-station/restart-lock/tests/restart-lock.test.mjs
  02-engineering/04-restart-recovery-station/restart-protocol/tests/canonical-json.test.mjs
  02-engineering/04-restart-recovery-station/restart-protocol/tests/request-validator.test.mjs
  02-engineering/04-restart-recovery-station/restart-ticket/tests/ticket.test.mjs
  06-research/01-research-institute/evidence-engine/tests/evidence-engine.test.mjs
  06-research/01-research-institute/research-manuscript/tests/figures.test.mjs
  06-research/01-research-institute/research-manuscript/tests/manuscript.test.mjs
  06-research/01-research-institute/research-protocol/tests/command.test.mjs
  06-research/01-research-institute/research-protocol/tests/contract.test.mjs
  06-research/01-research-institute/research-protocol/tests/contracts.test.mjs
  06-research/01-research-institute/research-protocol/tests/ir.test.mjs
  06-research/01-research-institute/research-protocol/tests/protocol.test.mjs
  06-research/01-research-institute/research-protocol/tests/roles.test.mjs
  06-research/01-research-institute/research-provenance/tests/bibliography.test.mjs
  06-research/01-research-institute/research-provenance/tests/citation.test.mjs
  06-research/01-research-institute/research-provenance/tests/contracts.test.mjs
  06-research/01-research-institute/research-provenance/tests/input.test.mjs
  06-research/01-research-institute/research-review/tests/adjudicate.test.mjs
  06-research/01-research-institute/research-review/tests/capability-registry.test.mjs
  06-research/01-research-institute/research-review/tests/contracts.test.mjs
  06-research/01-research-institute/research-review/tests/index.test.mjs
  06-research/01-research-institute/research-review/tests/levela.test.mjs
  06-research/01-research-institute/research-review/tests/levelb.test.mjs
  06-research/01-research-institute/research-review/tests/review.test.mjs
  06-research/01-research-institute/research-statistics/tests/battery.test.mjs
  06-research/01-research-institute/research-statistics/tests/statistics.test.mjs
  09-planning-knowledge/01-knowledge-service/knowledge-core/tests/knowledge-core.test.mjs
  09-planning-knowledge/02-document-intake/document-readers/tests/document-readers.test.mjs
  09-planning-knowledge/02-document-intake/document-readers/tests/docx.test.mjs
  09-planning-knowledge/02-document-intake/document-readers/tests/engines.test.mjs
  09-planning-knowledge/02-document-intake/document-readers/tests/pdf.test.mjs
  09-planning-knowledge/02-document-intake/document-readers/tests/xlsx.test.mjs
  09-planning-knowledge/02-document-intake/ingestion-core/tests/ingestion-core.test.mjs
  09-planning-knowledge/02-document-intake/ingestion-core/tests/yaml-intake.test.mjs
  09-planning-knowledge/02-document-intake/ingestion-core/tests/yaml-parser.test.mjs
  10-automation/01-computer-use-runtime/backend-surface/tests/action-readiness.test.mjs
  10-automation/01-computer-use-runtime/backend-surface/tests/computer-recovery.test.mjs
  10-automation/01-computer-use-runtime/backend-surface/tests/dom-page.test.mjs
  10-automation/01-computer-use-runtime/backend-surface/tests/permission.test.mjs
  10-automation/01-computer-use-runtime/backend-surface/tests/provider-dom-surface.test.mjs
  10-automation/01-computer-use-runtime/backend-surface/tests/semantic.test.mjs
  10-automation/01-computer-use-runtime/backend-surface/tests/ui-surface.test.mjs
  10-automation/01-computer-use-runtime/bounded-run/tests/health.test.mjs
  10-automation/01-computer-use-runtime/bounded-run/tests/identity.test.mjs
  10-automation/01-computer-use-runtime/bounded-run/tests/index.test.mjs
  10-automation/01-computer-use-runtime/bounded-run/tests/reconnect.test.mjs
  10-automation/01-computer-use-runtime/bounded-run/tests/recovery.test.mjs
  10-automation/01-computer-use-runtime/bounded-run/tests/resources.test.mjs
  10-automation/01-computer-use-runtime/bounded-run/tests/stabilization.test.mjs
  10-automation/01-computer-use-runtime/bounded-run/tests/stall.test.mjs
  10-automation/01-computer-use-runtime/bounded-run/tests/state-machine.test.mjs
  10-automation/01-computer-use-runtime/execution-contract/tests/action.test.mjs
  10-automation/01-computer-use-runtime/execution-contract/tests/contract.test.mjs
  10-automation/01-computer-use-runtime/execution-contract/tests/contracts.test.mjs
  10-automation/01-computer-use-runtime/execution-contract/tests/criteria.test.mjs
  10-automation/01-computer-use-runtime/execution-contract/tests/errors.test.mjs
  10-automation/01-computer-use-runtime/execution-contract/tests/parity.test.mjs
  10-automation/01-computer-use-runtime/routing-safety/tests/evidence.test.mjs
  10-automation/01-computer-use-runtime/routing-safety/tests/modal.test.mjs
  10-automation/01-computer-use-runtime/routing-safety/tests/routing.test.mjs
  10-automation/01-computer-use-runtime/routing-safety/tests/safety.test.mjs
  10-automation/01-computer-use-runtime/target-guard/tests/target.test.mjs
  10-automation/01-computer-use-runtime/world-verification/tests/miss.test.mjs
  10-automation/01-computer-use-runtime/world-verification/tests/observer.test.mjs
  10-automation/01-computer-use-runtime/world-verification/tests/progress.test.mjs
  10-automation/01-computer-use-runtime/world-verification/tests/verification.test.mjs
  10-automation/01-computer-use-runtime/world-verification/tests/world-state.test.mjs
  tests/manifest.test.mjs
✔ a well-formed entry validates and keeps every field (2.0545ms)
✔ the donor bounds are enforced one for one (0.8988ms)
✔ append is immutable and refuses to overwrite an existing decision (0.4ms)
✔ appendAllToLedger appends in order and stops at the first bad entry (0.3395ms)
✔ summarizeLedger counts by source and outcome and reports rollbacks (0.3364ms)
✔ entriesForTask returns that task history in ledger order (0.2047ms)
✔ the donor vocabulary is seven checks plus four theme checks (2.3747ms)
✔ no observations means NOT_RUN, not a pass, and release is blocked (1.1781ms)
✔ a fully evidenced candidate is released with every check named (0.6377ms)
✔ a partial context reports exactly what is still owed (0.2339ms)
✔ a removal check that could not run is NOT_RUN, never PASS (0.3323ms)
✔ unapproved removals fail the destructive-change check and name the kind (0.3338ms)
✔ coverage below 100% fails and reports the ratio (1.1264ms)
✔ an empty goal fails even when requirements are listed (0.2852ms)
✔ a deliverable with no serving requirement fails the goal check (0.2613ms)
✔ scope violations and refusals fail the scope check (0.5007ms)
✔ an empty evidence ledger fails completeness even with nothing outstanding (0.268ms)
✔ an Owner override must be lexically reflected in the work (0.5228ms)
✔ a touched theme lane requires the four theme checks even when nothing was read (0.1909ms)
✔ readable theme packages produce real theme verdicts (0.5968ms)
✔ a non-built-in theme with diagnostics is not judged on built-in integrity (0.1868ms)
✔ termsOf keeps runs of four or more alphanumerics and deduplicates (0.177ms)
✔ the result factories shape their inputs (0.2664ms)
✔ the §33 vocabularies are declared exactly as the donor declares them (2.4094ms)
✔ every class the donor can produce is classified with its own confidence, severity and reason (2.9948ms)
✔ the ladder is decided most-authoritative-first, not by whichever pattern is easiest (0.3418ms)
✔ a rule whose host-verified precondition is absent does not fire (1.7042ms)
✔ a gate that failed with no signature is classified from the gate itself (0.4965ms)
✔ an observation with no signal at all is UNKNOWN, not the most convenient class (0.3555ms)
✔ an unlisted TS error code is a dependency when no module was confirmed missing (0.2288ms)
✔ the classifier reads the provider fields, not only the detail (0.242ms)
✔ a plan exists for every class, walks the whole ladder, and always ends at the Hard Blocker (1.7714ms)
✔ an inapplicable step keeps its donor reason rather than being dropped (0.5138ms)
✔ a TERMINAL failure has no applicable step but the Hard Blocker, and is never planned for retry (0.4559ms)
✔ the THEME class carries §33.2's own ladder (0.2403ms)
✔ progress offers the next step while its budget remains, and moves on at the exact boundary (0.5182ms)
✔ the ladder is not advisory: a later step is never offered while a cheaper one has budget (0.1965ms)
✔ a PASS still spends the budget, because the run advances on attempts made (0.2646ms)
✔ a class with no applicable step reports the reason for its first skipped step (0.1961ms)
✔ the shape helpers construct the donor shapes and copy their lists (0.4296ms)
✔ the shape validators refuse a field that lies about its type, without inventing new rules (1.6687ms)
✔ the ported functions refuse a classification that is not one of §33.1's classes (0.2203ms)
✔ the policy constants are the donor constants (2.493ms)
✔ clamp01 clamps the range and treats a non-finite value as zero (0.2731ms)
✔ expectedUtility scores the neutral prior exactly (0.2877ms)
✔ expectedUtility charges the latency term only when latency is defined (0.263ms)
✔ expectedUtility charges the resource term only when it is defined (0.2891ms)
✔ expectedUtility clamps every out-of-range input (0.222ms)
✔ expectedUtility rounds to four decimals with Number(toFixed(4)) (0.2369ms)
✔ the adaptive value shapes validate scores, decisions and rerank results (1.6458ms)
✔ the routing vocabulary is the donor vocabulary, with an unobserved default (2.848ms)
✔ states that cannot accept work are excluded with their reason (0.567ms)
✔ blocked never lists a capability exclusion, even when both exclusion kinds occur (0.3035ms)
✔ a missing requirement is named in full, and an unobserved state is UNKNOWN (0.3324ms)
✔ candidate order is preserved and empty requirements admit state-eligible candidates (0.266ms)
✔ self-inspection reports every capability in the donor order from observed facts only (0.7464ms)
✔ an unobserved web-AI provider and an absent GPU are never READY (0.3673ms)
✔ compute FAILED fails the node, memory DEGRADED degrades it, READY needs neither (0.4022ms)
✔ inspectNode derives the verdicts and the node state once, from one record (0.4494ms)
✔ the self-inspection value shapes validate observed records (1.3527ms)
✔ RS-202 scenario: several devices submitting at once cannot double-execute the same subject (1.7439ms)
✔ RS-202 scenario: a RETRY is idempotent while a second device on the same work is not (0.3271ms)
✔ RS-202 scenario: a heavily loaded device is paused while its peers stay eligible (1.3274ms)
✔ RS-202 scenario: a congested provider session is queued or diverted, never terminal (0.6996ms)
✔ RS-202 scenario: a device that drops offline is unreachable, and its return wakes the re-scan (6.6329ms)
✔ RS-202 scenario: a claim survives a dropout by TRANSFER, and the old holder cannot retry it (0.5932ms)
✔ RS-202 scenario: an eligible set going 0 -> 1 is a TEMPORARY absence that then wakes on an event (1.2458ms)
✔ RS-202 scenario: a flapping pool cannot move work that is already claimed (0.7711ms)
✔ the heartbeat windows are the donor constants (2.7617ms)
✔ node state is derived from the heartbeat age at exact boundaries (0.27ms)
✔ work is accepted by state and by every required capability, never by assumption (0.2795ms)
✔ first-fit routing walks nodes in join order and records the placement (0.426ms)
✔ no eligible node queues the task with an honest note instead of a placement (0.2581ms)
✔ dropout leaves unrelated and completed work untouched, by identity (0.4176ms)
✔ checkpointed work transfers back to the queue with its checkpoint (0.2889ms)
✔ replay-safe work is reassigned; unsafe work fails without bumping attempts (0.2489ms)
✔ dropout resolves each assignment independently in one pass (0.3458ms)
✔ the value shape validators accept honest records and refuse invented ones (1.082ms)
✔ RS-202: the first selection is ADOPTED immediately, because a non-flap should not pay latency (1.9049ms)
✔ RS-202: a single different reading never moves work - persistence is required (0.3355ms)
✔ RS-202: two consecutive confirmations satisfy persistence but the DWELL still suppresses (1.4224ms)
✔ RS-202: past the dwell a persistent alternative switches, exactly once (0.3764ms)
✔ RS-202: an ALTERNATING pool never earns a switch - the anti-flap case itself (0.3014ms)
✔ RS-202: with nothing eligible the decision HOLDS rather than moving to nothing (0.2488ms)
✔ RS-202: subjects are damped independently, so one task cannot suppress another (0.247ms)
✔ RS-202: the damping policy and decision vocabulary are inspectable, and flapping is measurable (1.0406ms)
✔ RS-202: load is a VECTOR and a full vector yields a known pressure (3.8683ms)
✔ RS-202: a partial load vector is reported as PARTIAL, with the unobserved dimensions named (0.5081ms)
✔ RS-202: an absent or empty load vector is UNKNOWN, never zero (0.4158ms)
✔ RS-202: a single saturated dimension BINDS, so idle dimensions cannot dilute it (0.6573ms)
✔ RS-202: UNKNOWN load makes a device INELIGIBLE - absence is not spare capacity (0.2959ms)
✔ RS-202: load at or above the pause threshold pauses placement (0.216ms)
✔ RS-202: a user-disabled device is refused, and an unreadable enablement is refused too (0.3446ms)
✔ RS-202: eligibility precedence is ordered, so the reported reason is the actionable one (0.3362ms)
✔ RS-202: refusing and unreachable states come from the fleet/presence vocabularies, not a new one (0.2868ms)
✔ RS-202: session and provider concurrency ceilings are enforced independently (0.3716ms)
✔ RS-202: a reachable but BUSY device is momentarily unsuitable rather than ineligible (0.1865ms)
✔ RS-202: policy exclusion is reported as policy rather than hidden behind a resource reason (0.1498ms)
✔ RS-202: every verdict is explainable - it carries its reasons and the evidence for them (0.188ms)
✔ RS-202: the pressure input bundle exposes all six named factors in one place (0.3999ms)
✔ RS-202: eligibility stays a SCHEDULABILITY decision and never touches permission or trust (1.4073ms)
✔ RS-202: an already-eligible key resolves IMMEDIATELY without waiting at all (1.6712ms)
✔ RS-202: an EVENT wake is the primary mechanism, and it beats the ceiling (4.5378ms)
✔ RS-202: a signal that changes NOTHING must not wake the waiter - the re-scan-storm guard (1.4069ms)
✔ RS-202: the CEILING is a backstop that prompts a re-scan instead of hanging forever (30.4685ms)
✔ RS-202: the default ceiling is the 20-minute policy figure and is a bound, not an interval (0.7186ms)
✔ RS-202: signals are scoped to their key, so one pool cannot wake another pool waiters (1.6504ms)
✔ RS-202: a predicate that throws degrades to not-eligible instead of breaking the main path (1.0792ms)
✔ RS-202: cancellation resolves every waiter and reports that no re-scan is required (0.7321ms)
✔ RS-202: no wake path can ever report a terminal failure (28.6098ms)
✔ RS-202: an eligible current device runs DIRECTLY, without offering anything (3.411ms)
✔ RS-202: an unavailable current device produces a SWITCH OFFER that is data, not an action (0.4425ms)
✔ RS-202: the offer is made BEFORE any queueing, so the user gets the choice first (0.4851ms)
✔ RS-202: after a declined switch the sequence diverts to an eligible alternate device (0.342ms)
✔ RS-202: with no spare candidate the sequence QUEUES with a bounded, event-driven deadline (0.3879ms)
✔ RS-202: TRANSIENT no-resource is never a terminal failure (0.1972ms)
✔ RS-202: ineligibility and temporary absence are DIFFERENT facts, not one bucket (0.4136ms)
✔ RS-202: an empty pool is an absence of candidates rather than a refusal of them (0.1852ms)
✔ RS-202: retry is bounded and reaching the bound still does not end the task (0.3571ms)
✔ RS-202: the result always returns to the ORIGIN device on every path (0.5013ms)
✔ RS-202: the stage vocabulary is ordered as data, and the reason sets do not overlap (1.0256ms)
✔ the composition rule is fixed: escape beats protected beats clean (4.5368ms)
✔ assessPaths treats anything unresolvable as an escape, never as unprotected (1.3284ms)
✔ a rename is classified on both endpoints and a delete like a write (2.1413ms)
✔ assessChangeSet reads repo-relative diff names and skips blanks (0.84ms)
✔ reasons list at most five escapes and at most ten protected hits (0.7565ms)
✔ patterns() is the compiled surface in order, immutable manifest first (1.0142ms)
✔ one-shot assessment needs a resolver too, and the guard is deterministic (0.6274ms)
✔ the guard carries no fs, realpath or CODEOWNERS loading of its own (10.4705ms)
✔ the classifier compiles only the patterns the caller supplies (6.9817ms)
✔ the CODEOWNERS subset grammar matches exactly the vectors the donor documents (1.7594ms)
✔ a directory pattern protects the entry itself and everything beneath it (0.4448ms)
✔ a bare double-star pattern behaves as the donor implements it (0.5541ms)
✔ matching is case-insensitive by default and can be tightened (0.4651ms)
✔ one rule per path, and a repeated path is counted once (0.3938ms)
✔ the rename/delete evidence contract: `also` is assessed as well as `paths` (0.2732ms)
✔ normalizeRepoPath accepts repo-relative input and refuses anything that escapes (0.3092ms)
✔ absolute paths, escapes and non-strings become escapes, never silent passes (0.4879ms)
✔ CODEOWNERS parsing keeps only patterns that carry an owner (0.7487ms)
✔ the declared lifecycle is the donor order and ends in the terminal state (2.2638ms)
✔ every edge table entry agrees with the declared order and the event tables (0.3477ms)
✔ the lifecycle walks forward one declared state at a time and never jumps (1.2807ms)
✔ ACCEPTED cannot be left by any event, including REPAIR (0.2813ms)
✔ a refused event keeps the current state and reports the allowed set (0.3538ms)
✔ REPAIR moves exactly one step back and is reported as a repair (0.2673ms)
✔ CANDIDATE is reachable but is not a release (1.6513ms)
✔ a record built without a clock is deterministic and copies its inputs (0.425ms)
✔ candidateIdFor is stable and independent of requirement order (1.2285ms)
✔ lifecycleStep validates its shape instead of accepting a nameless step (0.9191ms)
✔ the walker refuses unknown states and events rather than guessing (0.2448ms)
✔ an IP or hostname change does not change device_id (6.3204ms)
✔ metadata is declared non-authoritative and device_id is not derived from it (0.6433ms)
✔ a device with no network observation at all is valid (network is not required for identity) (0.4237ms)
✔ rename changes display metadata without changing authority (0.3729ms)
✔ rename does not mutate the document it was given (0.4156ms)
✔ two devices may share a display name: a name is never an identity (0.4267ms)
✔ an empty or non-string rename is refused (1.0326ms)
✔ key rotation moves activeKeyId and demotes the previous key to ROTATED history (0.6221ms)
✔ a rotated key is no longer authority even though it is still recorded (0.5318ms)
✔ a device always has exactly one active key and it always exists (0.6193ms)
✔ a duplicate key handle is refused (0.3214ms)
✔ revoking the active key is refused; a rotated key may be revoked (0.5119ms)
✔ a retired device cannot rotate a key (0.3531ms)
✔ retirement is terminal and recorded with its instant (0.3171ms)
✔ a reinstall mints a new installation_id and does not inherit the logical device (1.0341ms)
✔ an unbound reinstalled installation can do nothing until it is explicitly rebound (0.6835ms)
✔ rebinding requires explicit proof and refuses to invent it (0.5689ms)
✔ an explicit rebind binds the reinstalled installation to the surviving logical device (0.2963ms)
✔ an installation already bound to one device cannot be re-pointed at another (0.2254ms)
✔ a reinstall must actually mint new identities (0.31ms)
✔ enrollment refuses to create a bound installation without a device (0.146ms)
✔ a credential presented from a different physical instance is detected as a clone (0.2191ms)
✔ a matching presentation is accepted (0.1374ms)
✔ a wrong credential is reported as a mismatch, not as a clone (0.177ms)
✔ an unknown installation id is refused before anything else is considered (0.2297ms)
✔ a malformed presentation is refused without throwing (0.3807ms)
✔ quarantining a cloned installation is terminal and cannot be undone by the clone (0.5378ms)
✔ a retired installation is refused even when the credential still matches (0.3752ms)
✔ a retired installation cannot be quarantined, so history is not rewritten (0.2801ms)
✔ a population scan finds two records sharing one installation identity under two instances (0.6275ms)
✔ a population scan finds one installation identity carrying two credential fingerprints (1.2317ms)
✔ a population scan reports nothing for a healthy population (0.3406ms)
✔ a population scan refuses a malformed record instead of ignoring it (0.2872ms)
✔ a missing MAC does not block a valid pairing path (0.5068ms)
✔ a randomised MAC does not block a valid pairing path (0.2551ms)
✔ MAC randomisation is recognised from the locally-administered bit, not from a guess (0.1623ms)
✔ MAC formatting, case and separators are normalised and never rejected (0.1456ms)
✔ multiple NICs are all representable and none of them is privileged (0.1548ms)
✔ spoofed MAC evidence alone cannot impersonate a trusted node (0.1767ms)
✔ MAC never enters an authority-bearing field of a device document (0.4754ms)
✔ the document discriminators keep a device and an installation distinguishable (0.2025ms)
✔ a wrong schema version is refused by both validators (0.4666ms)
✔ malformed device records are refused with a specific code (0.7217ms)
✔ malformed installation records are refused with a specific code (0.7272ms)
✔ the assert helpers throw with the validator code attached (0.2657ms)
✔ a v1 document migrates to itself and is reported as unmigrated (0.3779ms)
✔ a live gateway node row upgrades to a v1 device identity (0.2878ms)
✔ a legacy row with no key material yields a placeholder reference, not an invented key (0.3611ms)
✔ an unknown future schema version is refused rather than guessed at (0.1788ms)
✔ a legacy row whose id is not a device identity is refused (0.1641ms)
✔ a migration requires an instant because it must not read the clock itself (0.151ms)
✔ canonical serialisation is independent of key insertion order (0.5358ms)
✔ a rename changes the digest but not the device id (0.3417ms)
✔ the serialised identity is a JSON document carrying exactly the declared fields (0.3042ms)
✔ a credential secret never appears in a serialised installation document (0.3071ms)
✔ credential fingerprints are reproducible and secret-specific (0.251ms)
✔ a secret is refused everywhere a fingerprint is offered in its place (0.1718ms)
✔ minting refuses entropy that is not exactly 16 bytes (0.3128ms)
✔ minted ids carry their type prefix and 32 hex digits (0.1598ms)
✔ minting is pure: the same entropy yields the same id, different entropy does not (0.1187ms)
✔ randomEntropy produces 16 usable bytes each call (0.5722ms)
✔ instants are parameters and a bad instant is refused with a code (0.2236ms)
✔ the metadata builder tolerates a partial observation set (0.1533ms)
✔ the exported vocabularies are frozen and internally consistent (0.1499ms)
✔ every lifecycle refusal raised by the ladder is a declared rejection code (0.5953ms)
✔ C1 a retired device cannot present key authority (0.2358ms)
✔ C2 a migrated legacy placeholder key is identity, never authentication (0.3361ms)
✔ C2 every v1 key must state a known material kind (0.1308ms)
✔ C3 a reinstall must mint a new installation credential (0.5461ms)
✔ C4 a population scan finds one credential shared by two installation identities (0.4859ms)
✔ C5 a quarantined installation can be retired and keeps its quarantine evidence (0.4158ms)
✔ C5 a reinstall from a quarantined installation works and preserves the quarantine record (0.2637ms)
✔ C5 a quarantine block is legal only on a quarantined or already-quarantined-retired record (0.2646ms)
✔ C6 MAC pairing evidence accepts one address, several, or none, and refuses other shapes (0.285ms)
✔ C6 every correction refusal code is declared in the rejection vocabulary (0.1293ms)
✔ every join entry point feeds the same pairing state machine (5.262ms)
✔ a Bluetooth bootstrap and a remote invite end in the same TRUSTED record (2.717ms)
✔ possession of an invite or proximity never becomes trust on its own (0.6241ms)
✔ both sides present stable fingerprints, and the confirmation is bound to them (1.0705ms)
✔ a preview that carries a different fingerprint than the key exchange is refused (0.358ms)
✔ both sides reporting the same fingerprint is refused: a pairing needs two peers (0.2486ms)
✔ a replayed bootstrap nonce is refused, so an observed handshake cannot be reused (0.3809ms)
✔ a confirmation token is single-use even across sessions (0.8222ms)
✔ a wrong confirmation token is refused and the session stays open (0.4959ms)
✔ a session past its deadline cannot advance, whatever the caller tries (0.6682ms)
✔ expiry is a fact about the clock, not something a caller can assert (0.3631ms)
✔ failed-pair cleanup retires exactly the overdue sessions and nothing else (0.326ms)
✔ the transition table is respected and terminal states are terminal (0.4368ms)
✔ reject, cancel and fail are distinct recorded outcomes (0.7581ms)
✔ a revoked device cannot reconnect with its old credentials (1.1124ms)
✔ a lost device loses every trust it holds, and re-pairing needs an explicit decision (1.7743ms)
✔ a refusal never leaves the session changed (0.7158ms)
✔ a pairing can be refused at any phase, and the refusal is recorded (0.6052ms)
✔ a quarantined device is refused, and a second trust for one device is refused (0.7724ms)
✔ a rotated credential stops working and the refusal names the reason (0.5194ms)
✔ an unknown device, a wrong fingerprint and a wrong credential are all refused distinctly (0.393ms)
✔ a trust role change is explicit, auditable and transfers no capability (0.725ms)
✔ a trust role is a classification, never a capability grant (0.3427ms)
✔ local MAC evidence may warn a human but never blocks or grants (0.9477ms)
✔ a missing or randomised MAC does not obstruct pairing (0.3667ms)
✔ MAC evidence can never be turned into trust (0.0892ms)
✔ the audit log proves every state transition without carrying key material (1.2594ms)
✔ the leak scanner really detects a leak, so its clean answer means something (0.1599ms)
✔ the audit log is bounded (1.1774ms)
✔ a session document round-trips through validation and refuses malformed input (0.5328ms)
✔ a trust record round-trips through validation and refuses malformed input (0.5527ms)
✔ a peer session document can be inspected without an authority (0.5105ms)
✔ the authority refuses structural nonsense instead of guessing (0.6339ms)
✔ confirmation requires a named human actor (1.2162ms)
✔ a trust id and a credential must be well formed before any trust exists (0.6494ms)
✔ minting is pure and refuses entropy that is not 16 bytes (0.9032ms)
✔ randomEntropy produces 16 usable bytes each call (0.421ms)
✔ the exported vocabularies are frozen and internally consistent (0.21ms)
✔ C1 a trusted session is final: expiry and cleanup never rewrite it (0.7292ms)
✔ C2 a live re-pair supersedes the previous trust instead of leaving two (0.7444ms)
✔ C2 the superseded credential and the replacement credential are both cut off by revocation (0.5621ms)
✔ C2 two live records for one device are reported, never silently resolved (0.2513ms)
✔ C3 a preview that claims MAC authority, or names a foreign device, is refused (0.4228ms)
✔ C3 the authority records its own copy of the preview (0.5332ms)
✔ C3 the trusted device must be the device the human was shown (0.4956ms)
✔ C4 wrong confirmation tokens are bounded and then fail the session (1.2156ms)
✔ C4 re-requesting a different token is refused, and a decoy preview is never success (0.5254ms)
✔ C5 a refused startSession does not burn the challenge (0.4276ms)
✔ C5 the MAC mismatch flag must be a real boolean (0.5888ms)
✔ a capability resolves by name, never by provider identity (3.8395ms)
✔ a missing required capability is recorded as a miss and emits, an optional one only records (1.0215ms)
✔ a required-capability gate names every capability nothing provides (0.349ms)
✔ one capability has exactly one owner, and a second owner is refused at registration (0.4137ms)
✔ the same owner re-registering its own capability is an update, not a conflict (0.3241ms)
✔ priority orders providers and the order is total, not insertion order (17.0445ms)
✔ a provider that does not say what it can do is refused (0.9468ms)
✔ unloading an owner revokes everything it provided, and the miss says why (0.546ms)
✔ revoking one capability is owner-checked (0.3923ms)
✔ the lookup log is bounded and returned as copies (0.4598ms)
✔ the four lifecycle questions stay separate and the derived state has a fixed order (1.1758ms)
✔ a disabled provider is refused a load unless forced, and a second load is a no-op (0.2773ms)
✔ a duplicate owner is refused and an unknown owner is a coded refusal, never a throw (0.2714ms)
✔ a throwing health probe is contained and never escapes (0.237ms)
✔ an unasked or unparseable health answer stays UNKNOWN, never HEALTHY (0.1911ms)
✔ unloading releases the capability and resets the restart budget (0.3178ms)
✔ a provider fault is recorded at its declared level and contains the provider (0.4608ms)
✔ the health reaction ladder is the donor order: fatal stops, soft ignores, then budget (0.2967ms)
✔ the aggregate verdict is blocked, degraded or healthy and names the providers (0.7235ms)
✔ a runtime-layer fault is never evidence about the provider (0.8985ms)
✔ an explicit refusal inside a successful call is semantic, not a runtime failure (0.2847ms)
✔ a deterministic verification or format failure outranks provider behaviour (0.2065ms)
✔ an unobservable success is UNCLASSIFIED rather than a fabricated completion (0.1291ms)
✔ the classifier walks completion coverage, drift and quality in the donor order (0.2245ms)
✔ goal drift is reported, never rewritten (1.3325ms)
✔ an evaluator revision is appended and never overwrites the original (0.2949ms)
✔ the provider lifecycle is two named states with an explicit autoResume flag (0.2758ms)
✔ the runtime outcome maps to a recovery action and a provider update (0.3163ms)
✔ the City lifecycle maps onto a routing state and availability is lifecycle-derived (0.8488ms)
✔ hard eligibility excludes failed, disabled, recovering and unknown candidates and tracks degraded ones (0.5206ms)
✔ an invocation validates the operation against the provider allowlist before any work runs (1.5235ms)
✔ a capability whose owner is not accepted answers BRIDGE_PENDING and runs nothing (0.3783ms)
✔ a completed invocation carries a stable digest of its canonical result (1.3942ms)
✔ a typed error survives, an unknown throw becomes ADAPTER_UNAVAILABLE, and an oversized result is refused (8.182ms)
✔ concurrency is bounded so one caller cannot exhaust the process (0.7058ms)
✔ a restart marks in-flight invocations INTERRUPTED rather than leaving them running (0.8524ms)
✔ a learned ranking may reorder the approved candidates and nothing else (0.9807ms)
✔ the fabric reports only the capabilities that exist and revokes with their owner (0.5747ms)
✔ the invocation list is bounded and a summary never leaks the stored result (0.7466ms)
✔ rendering a lock sorts ids so an unchanged composition keeps the same bytes (0.303ms)
✔ the parser refuses what it does not understand instead of guessing (0.5138ms)
✔ drift is an exact owner/version set diff with a reason naming every class (0.5553ms)
✔ an absent lock is not drift, an empty write is refused, and enforcement is opt-in (58.8655ms)
✔ the fabric contract exposes the donors' vocabulary without inventing new terms (0.3453ms)
✔ the live bridgeState derivation is identical to the accepted V0.3 rule for every lifecycle mixture (6.0719ms)
✔ the live cityLifecycle derivation is identical to the accepted V0.3 rule for every backed capability (3.108ms)
✔ the empty-moduleRefs case differs from the old rule and is unreachable from the live registry (0.5448ms)
✔ same prompt gives byte-stable offline intent; explicit styles change the design (12.3004ms)
✔ observation bounds and critical regions constrain placement; missing observation is truthful (7.0312ms)
✔ procedural pixels are deterministic and character alpha has real content bounds (86.7551ms)
✔ valid injected image is measured and accepted; bad image retries then falls back (159.0402ms)
✔ timeout retries and falls back; invalid fallback disables only its asset (144.5642ms)
✔ pixel-invalid image falls back and protected surface never calls an image generator (65.9346ms)
✔ pixel validator refuses opaque characters, flat images, dimension drift and budgets (60.5576ms)
✔ builder validates then atomically publishes a stable self-contained sandbox package (5153.1815ms)
✔ builder refuses escape, existing output, protected writes, excess overlay and partial failure (1385.5628ms)
✔ disabled planned assets leave no resurrected token or dangling persona reference (1538.2474ms)
✔ empty or malformed observations cannot claim an observed plan (1.986ms)
✔ rejection after final image sizing still retries then tries procedural fallback (80.3453ms)
✔ pinned donor intent, token and slot decisions match four frozen oracle vectors (16.8669ms)
✔ pinned donor plan vocabulary, asset requests and protected write semantics are preserved (6.6251ms)
✔ three original procedural PNG digests, alpha/bounds and pixel verdicts match donor (331.6132ms)
✔ colour parsing matches the donor grammar (2.9951ms)
✔ colour conversion and alpha compositing match the donor (0.9512ms)
✔ contrast, readability and shading match the donor thresholds (1.1425ms)
✔ the palette ramp is deterministic and stays inside the gamut (0.6433ms)
✔ PNG encoding round-trips through the independent decoder (3.4594ms)
✔ PNG encoding rejects impossible images instead of producing them (0.9902ms)
✔ the swatch builder is deterministic and honours alpha (2.8828ms)
✔ the module is self-contained: built-ins only, no donor checkout dependency (17.517ms)
✔ provenance stays honest: DONOR.json pins the donor and records the adaptation (3.336ms)
✔ the contract keeps the safety semantics and drops the donor product nouns (2.8376ms)
✔ the write gate refuses a protected surface and never throws (1.056ms)
✔ the validator accepts a conforming package and fails closed on every check (13.7881ms)
✔ readability and animation are measured, never assumed (1.0783ms)
✔ the procedural asset factory is deterministic and palette-sensitive (684.9728ms)
✔ the module is self-contained: built-ins only, no donor checkout dependency (21.7663ms)
✔ provenance stays honest: DONOR.json records all three waves of this module (4.0633ms)
✔ every shipped adapter exposes the interface discovery calls (2.4764ms)
✔ defaultAdapters keeps the donor specificity order exactly (1.3179ms)
✔ OPERATIONS and CONFIDENCE carry the donor values exactly, and match discovery (0.2899ms)
✔ every adapter abstains on an empty directory, and only the generic fallback claims it (2.0603ms)
✔ each adapter detects its own ecosystem with the donor score and evidence (5.2842ms)
✔ an unreadable directory is nothing to detect, not a crash (1.5634ms)
✔ every discovered command has the donor shape and a known operation name (40.002ms)
✔ adapters.mjs can never execute anything (0.832ms)
✔ answering detection and commands leaves the project directory untouched (4.2399ms)
✔ the package manager is chosen from the lockfile, in the donor precedence order (17.2195ms)
✔ the test command prefers a declared script over a framework config over the convention (15.9892ms)
✔ a declared TypeScript configuration supplies a build command only when none is declared (6.0551ms)
✔ every declared Node script is carried over with its own evidence string (5.6638ms)
✔ the generic fallback claims nothing it cannot see and labels every guess inferred (10.827ms)
✔ every non-Node command template is the donor string, label and evidence (33.2004ms)
✔ a repository with Cargo.toml and package.json is a Rust project, not Node (12.3458ms)
✔ the episode phase vocabulary, terminal set, work phases and parkable phases are the donor lists (0.3493ms)
✔ every legal transition is allowed and every other move is refused with the donor reason (2.9991ms)
✔ an unknown phase is refused by name, at construction and at the move (0.6784ms)
✔ a terminal episode can force a teardown but cannot walk on (0.275ms)
✔ the machine reports its phase, its allowed moves and a bounded history (0.3876ms)
✔ the autonomy vocabulary and its budgets are the donor values (0.1519ms)
✔ a boolean may arrive as a spelling, and anything unstated stays unstated (0.3491ms)
✔ autonomy resolves runtime default < contract override < explicit run option (0.5955ms)
✔ a disabled controller never continues, whatever the evidence says (1.6476ms)
✔ completion, cancellation and a block are terminal for autonomy (0.5292ms)
✔ the continuation budget is consumed and exhausted with the donor numbers (0.5594ms)
✔ the step budget is consumed and exhausted with the donor numbers (0.2125ms)
✔ a round that changed nothing is not continued, and says exactly why (0.1943ms)
✔ progress is a mutation, a changed file or a passed verification level (0.3352ms)
✔ the controller keeps a bounded decision trail and reports its own state (0.6781ms)
✔ the donor never consults FINAL_REASONS, and the port keeps that behaviour (0.2282ms)
✔ discovery finds commands for a real Node project through the lazily loaded adapter set (9.3886ms)
✔ the fix template builds all six steps from the discovered command table (7.2161ms)
✔ without an adapter set the same repository still produces the empty table the gap described (6.604ms)
﹣ the adapter port agrees with the donor module for every adapter and fixture (0.101ms) # donor checkout absent at D:\Utopia-REX804\.runtime\evidence\mission-book\MB-004\donor-hns\app\engineering
﹣ the autonomy port agrees with the donor module decision by decision (0.108ms) # donor checkout absent at D:\Utopia-REX804\.runtime\evidence\mission-book\MB-004\donor-hns\app\engineering
﹣ the episode port agrees with the donor module transition by transition (0.1507ms) # donor checkout absent at D:\Utopia-REX804\.runtime\evidence\mission-book\MB-004\donor-hns\app\engineering
▶ checkpoint-10 §33.1 failure classification
  ✔ covers at least the twelve classes the plan names (1.5011ms)
  ✔ classifies from the tool's own output, not from a guess (1.3359ms)
  ✔ reports the signals that decided the class (0.3556ms)
  ✔ never reclassifies a refusal as something retryable (0.2302ms)
  ✔ refuses a dependency class when the host verified the module is present (0.3204ms)
  ✔ classifies a scope refusal as a workspace failure (0.239ms)
  ✔ classifies theme and visual failures from their own evidence (1.3892ms)
  ✔ says UNKNOWN rather than guessing when nothing matched (0.4341ms)
✔ checkpoint-10 §33.1 failure classification (7.8979ms)
▶ checkpoint-10 §33.2 recovery order
  ✔ is the plan's order, ending at the Hard Blocker (3.9366ms)
  ✔ lists every step with a reason, applicable or not (0.6935ms)
  ✔ goes straight to the Hard Blocker for a prohibited action and forbids HNS (1.2827ms)
  ✔ sends an auth failure to the Owner instead of retrying (0.4051ms)
  ✔ gives a theme failure its own §33.2 ladder (0.3304ms)
  ✔ will not reach HNS while a cheaper applicable step has budget left (0.3769ms)
  ✔ escalates to the Hard Blocker once every applicable step is exhausted (0.406ms)
  ✔ treats a prohibited failure as immediately hard-blocked (0.2978ms)
✔ checkpoint-10 §33.2 recovery order (8.9542ms)
▶ checkpoint-10 §33.3 HNS positioning and the mandatory gap
  ✔ allows a first fallback but always produces a CapabilityGap (0.4315ms)
  ✔ refuses a fallback with no named missing capability — and still records the gap (2.5381ms)
  ✔ refuses to delegate a prohibited action to HNS (0.2157ms)
  ✔ stops HNS becoming a permanent crutch after the consecutive ceiling (0.1755ms)
  ✔ raises the gap's severity with its frequency (0.1657ms)
  ✔ records only the four §33.3 roles, and never without a gap (0.4574ms)
✔ checkpoint-10 §33.3 HNS positioning and the mandatory gap (4.4999ms)
✔ a checkpoint round-trips through disk with every saved field intact (18.5355ms)
✔ the checkpoint directory defaults under the root option instead of a hardcoded path (10.083ms)
✔ recovery checkpoints preserve the full recovery descriptor and assign the first sequence (6.6149ms)
✔ checkpoint writes refuse a descriptor whose digest no longer matches its plan (2.3306ms)
✔ the latest recovery checkpoint follows checkpointSeq when the wall clock moves backward (9.845ms)
✔ retention prunes old recovery sequences, never the newest sequence after a clock rollback (13.9536ms)
✔ a corrupt checkpoint is skipped and latest() still returns the newest good one (11.3508ms)
✔ a half-written temporary file is never read as a checkpoint (5.1417ms)
✔ list() is newest first and prune() keeps at most maxFiles checkpoints per episode (34.7371ms)
✔ save() enforces maxFiles by itself and leaves no temporary files behind (21.9925ms)
✔ remove() discards one episode and leaves the others alone (10.7017ms)
✔ latest() returns null — never throws — for a missing directory, an unknown episode and corrupt-only files (9.9342ms)
✔ truncateOutput keeps the head, the tail and the region around the first error (5.1314ms)
✔ truncateOutput reports no region when nothing matches, and leaves a small output alone (0.3932ms)
✔ summarizeTestOutput extracts the failure summary, failed cases, traces, last lines and artifacts (3.1762ms)
✔ summarizeTestOutput bounds a huge suite and says it truncated (38.9634ms)
✔ verifyResume resumes an unchanged world (619.1818ms)
✔ verifyResume restarts when HEAD moved (265.6301ms)
✔ verifyResume restarts when a manifest drifted under the same HEAD (461.1216ms)
✔ verifyResume refuses when the workspace is gone or is a different workspace (533.1814ms)
✔ a pending mutation whose effect is already on disk resumes as already-complete (286.4338ms)
✔ a pending mutation that conflicts with the file on disk forces a restart (234.1023ms)
✔ verifyResume will not resume over a pending mutation it cannot re-check (233.8031ms)
✔ missing owned processes are reported, and the checkpoint is still resumable (212.7867ms)
✔ verifyResume only inspects: nothing on disk changes (313.3445ms)
✔ verifyResume restarts when there is no checkpoint at all (85.3268ms)
✔ a live context holds only the six step fields and is replaced, not accumulated (3.1858ms)
✔ snapshot().live is a copy: a caller cannot change what the context remembers (0.4431ms)
✔ clearLive removes the named keys and leaves the rest alone (0.4408ms)
✔ after 1000 observations the evidence ring is capped and the retained byte count stops growing (6.2182ms)
✔ every ring is bounded: verifications, decisions, process milestones and changed files (2.5317ms)
✔ a failed verification is a blocker, and the next passing run clears it (0.5887ms)
✔ a resolved decision completes the plan step it names, and a failed one becomes a blocker (7.8964ms)
✔ an owned process milestone plans a step and its completion closes the step (0.4481ms)
✔ the summary is generated from the bounded layers and is not truncated when it fits (0.8084ms)
✔ a summary reports truncated when the budget forces it to cut (2.0792ms)
✔ summarize accepts an inventory produced by the supervisor, not only this context (0.4163ms)
✔ snapshot reports its own limits and byte count, and two contexts share no state (0.3777ms)
✔ a very long observation is clipped before it is retained, so one entry cannot blow the budget (0.3352ms)
﹣ a Windows volume-GUID alias is accepted as the same non-reparse work root (2.3547ms) # cross-volume tests require a temp root on a volume separate from C:\Users\15601\AppData\Local\Temp\cross-volume-work-root-a67YTj
﹣ a task-owned off-volume directory is registered with an ownership marker and removed only at terminal cleanup (0.3193ms) # cross-volume tests require a temp root on a volume separate from C:\Users\15601\AppData\Local\Temp\cross-volume-work-root-a67YTj
﹣ a pre-existing directory sentinel cannot be registered or deleted (0.2545ms) # cross-volume tests require a temp root on a volume separate from C:\Users\15601\AppData\Local\Temp\cross-volume-work-root-a67YTj
﹣ a mismatched ownership marker blocks cleanup and reports the exact residual (0.2279ms) # cross-volume tests require a temp root on a volume separate from C:\Users\15601\AppData\Local\Temp\cross-volume-work-root-a67YTj
﹣ an unregistered foreign file inside an owned directory blocks recursive cleanup (0.2379ms) # cross-volume tests require a temp root on a volume separate from C:\Users\15601\AppData\Local\Temp\cross-volume-work-root-a67YTj
﹣ a task-owned file is removed exactly without deleting its containing directory (0.2331ms) # cross-volume tests require a temp root on a volume separate from C:\Users\15601\AppData\Local\Temp\cross-volume-work-root-a67YTj
﹣ a symlink/reparse entry inside a registered root blocks recursive deletion (0.2429ms) # cross-volume tests require a temp root on a volume separate from C:\Users\15601\AppData\Local\Temp\cross-volume-work-root-a67YTj
﹣ a locked registered child preserves its parent marker and cleanup debt retries after the handle closes (0.3744ms) # cross-volume tests require a temp root on a volume separate from C:\Users\15601\AppData\Local\Temp\cross-volume-work-root-a67YTj
✔ a fix goal shows the failing test failing before anything patches code (6.1928ms)
✔ a bug wording alone selects the repair template (2.5972ms)
✔ a build goal builds and then verifies (0.7439ms)
✔ a refactor goal runs the affected tests after the patch (0.4176ms)
✔ a dependency goal installs, builds, tests and verifies (1.2901ms)
✔ the plan skips an unavailable command and records why in reasons (0.2769ms)
✔ a template step whose command discovery did not provide is reported in reasons (0.3942ms)
✔ a bounded plan refuses to grow past contract.maxSteps and says what it dropped (0.2328ms)
✔ the default budget is the documented 40 steps (0.2195ms)
✔ no step may outlive the episode budget the contract declares (1.9648ms)
✔ every step carries a closed kind, an operation the supervisor knows and the evidence it records (0.3243ms)
✔ a test step expects a zero exit code and no failing tests (0.2596ms)
✔ the reproduce step expects the failure, because that is the evidence a repair needs (0.4419ms)
✔ an explicit contract plan wins over the inferred template (0.2041ms)
✔ an explicit step of an unknown kind is rejected and recorded, not silently kept (0.1985ms)
✔ an explicit step naming an operation the supervisor cannot run is refused (0.2362ms)
✔ a contract plan that omits reproduce is kept, and the missing regression evidence is recorded (0.1902ms)
✔ an explicit step is normalized: operation, command, args, cwd, expects, timeout and evidence (0.4139ms)
✔ an explicit step may write its arguments as one string (0.2825ms)
✔ an explicit command carries the discovered arguments of its kind (0.2888ms)
✔ a step that does not run a command carries a null operation (0.2428ms)
✔ the module-level nextStep and advance read and move the same cursor the plan methods do (0.5098ms)
✔ nextStep returns the cursor step and skips the steps already complete (0.302ms)
✔ restorePlan restores the exact serialized steps and starts after the verified prefix (0.8791ms)
✔ the cursor refuses to advance a step that is not the current one (0.2115ms)
✔ advance records the outcome and refuses a step that was already settled (0.2221ms)
✔ the completed history is bounded at twice the step budget (0.3029ms)
✔ an optional step may be recorded as failed without moving the cursor backwards (0.3947ms)
✔ a plan built from a goal with no discoverable command keeps only the steps that run no command and says why (0.1785ms)
✔ expectsMet judges a step outcome against the expectation it declares (0.1532ms)
✔ an unusable expects object is reported rather than silently ignored (0.2495ms)
✔ the plan kind vocabulary is closed and frozen (0.1346ms)
✔ an owner contains a stable process identity in addition to its PID (2.1152ms)
✔ a matching process-creation identity proves the owner is live (0.3915ms)
✔ a reused PID with a different process identity is stale, but an unknown probe stays unknown (0.2758ms)
✔ an unverified runtime-start fallback never becomes a false stale proof when an OS probe later succeeds (0.2049ms)
✔ a real command runs end to end through the real supervisor registry (285.5065ms)
✔ mutation intent is durably observed before the filesystem effect, then settled after it (6.1743ms)
✔ a failed pre-effect checkpoint blocks the write and leaves the target untouched (2.6929ms)
✔ a restored pending mutation is reconciled from disk without applying it again (4.8924ms)
✔ plan digests are canonical across object key order (2.1432ms)
✔ the supported recovery descriptor validates as a complete replay-safe envelope (1.2971ms)
✔ a plan edited after checkpointing fails the digest gate (0.6124ms)
✔ unsupported descriptor and plan versions fail closed (0.406ms)
✔ a cursor cannot move beyond the contiguous verified or intentionally skipped prefix (0.3303ms)
✔ an expired original deadline and an unknown lifecycle state are rejected (0.3749ms)
✔ cross-volume cleanup registrations are bound to episode, work volume, type and state (1.7235ms)
✔ autonomy authority: runtime default < contract override < explicit run option (3.3561ms)
✔ autonomy continues only with new evidence, and never past its own bounds (1.7467ms)
✔ scenario A: a failing unit test is reproduced, repaired and verified with fresh evidence (2310.1489ms)
✔ a repair that does not work is not retried blind, and the episode fails with evidence (1454.4237ms)
✔ scenario J: a nearly expired episode does not start new work and reports what it has (1563.4545ms)
✔ the package entry point runs one episode and returns the report (1202.9791ms)
✔ a run resolves the level command, appends the focus and goes through the supervisor (4.7037ms)
✔ a focus is not appended to a command that does not accept one (0.4515ms)
✔ a level with no discovered command reports the refusal instead of guessing one (0.4811ms)
✔ a non-zero exit is classified from the output and is not a success (2.4269ms)
✔ a timeout is a failure with the timeout class (1.7552ms)
✔ a killed process is not a success even when it exited zero (1.0938ms)
✔ a signalled exit is not a success (0.4916ms)
✔ every run carries a timeout and truncates the output it retains (0.4556ms)
✔ a refused start is reported as a failure rather than thrown (0.476ms)
✔ runLevels stops at the first level that breaks and names it (1.2265ms)
✔ satisfied() is false when the full level never ran (0.567ms)
✔ satisfied() is true only with fresh passing evidence at every required level (0.5909ms)
✔ satisfied() is false when the full level evidence predates a mutation (0.6374ms)
✔ satisfied() honours sinceAt and sinceMs against the clock (0.5139ms)
✔ invalidate marks the levels stale and makes the gate refuse (1.2054ms)
✔ noteMutation bounds freshness for a verifier that has no mutation log (0.5353ms)
✔ evidence() reports when each level last ran and whether it is fresh (0.4033ms)
✔ freshAt() with no level answers when anything was last verified (0.3412ms)
✔ parseTestSummary reads node --test TAP-ish output (0.2041ms)
✔ parseTestSummary reads Jest and Vitest output (0.6389ms)
✔ parseTestSummary reads pytest output (2.4106ms)
✔ parseTestSummary reads cargo test output (0.7426ms)
✔ parseTestSummary returns null for junk and never throws (0.2124ms)
✔ a workspace is locked while an episode runs, and never stolen from a live owner (11.3953ms)
✔ the §33.1 vocabulary is the donor's closed set of thirteen classes (3.7744ms)
✔ every failure class is selected by its own exact input (2.8982ms)
✔ an unknown-class input selects no pattern and the signals stay empty (0.2966ms)
✔ a non-zero exit with a runtime code but no prose is still classified (0.2277ms)
✔ a policy refusal is decided before any prose, even a retryable-looking one (0.3586ms)
✔ a policy refusal is also decided before a runtime code (0.173ms)
✔ AUTH is decided before RATE_LIMIT when the output carries both (0.1634ms)
✔ PROVIDER_PAGE is decided before the generic BUILD wording in a provider log (0.1656ms)
✔ DEPENDENCY is decided before BUILD, but only when the host agrees the module is absent (0.3324ms)
✔ DEPENDENCY reports the verified missing modules in its signals (0.3358ms)
✔ ENVIRONMENT is decided before BUILD and before the generic test wording (0.1887ms)
✔ WORKSPACE is decided from the host fact, and requires() is what gates it (0.2703ms)
✔ THEME needs a diagnostic or an unknown gate, not the wording alone (0.2402ms)
✔ UI needs the visual fact or one of the three interface gates (0.2033ms)
✔ BUILD is decided before TEST when the output carries both (0.1183ms)
✔ BUILD is decided before TRANSIENT when a failed build times out (0.1319ms)
✔ TEST is decided before TRANSIENT when a failing test also times out (0.1332ms)
✔ a gate with no recognisable signature is still evidence, and BENCHMARK is honestly UNKNOWN (0.3197ms)
✔ the §33.2 recovery order is the donor's and ends at the Hard Blocker (0.1334ms)
✔ the theme ladder is the donor's three steps (0.1012ms)
✔ a plan lists every step with a reason and always ends at the Hard Blocker (0.4183ms)
✔ every class plans the donor's budgets, and only those steps are applicable (0.523ms)
✔ a representative failure of each class offers the donor's first step (0.3898ms)
✔ inapplicable steps are listed with the donor's own reason (0.1943ms)
✔ a prohibited action goes straight to the Hard Blocker and forbids HNS (0.1808ms)
✔ an auth failure is handed to the Owner and cannot use HNS (0.1708ms)
✔ a workspace failure escalates the granted scope to the Owner (0.1494ms)
✔ only THEME and WORKSPACE and AUTH and TERMINAL carry requires_owner (0.2382ms)
✔ a theme failure carries the §33.2 theme ladder and its diagnostic (0.2068ms)
✔ a fresh plan offers its first step with the donor's attempt reason (0.247ms)
✔ a step is re-offered until its budget is used, and not beyond (0.3022ms)
✔ a NOT_APPLICABLE attempt does not consume the budget (0.1662ms)
✔ HNS is never offered while a cheaper applicable step has budget left (0.1563ms)
✔ the BUILD ladder is consumed and then terminates at the Hard Blocker (7.5466ms)
✔ the DEPENDENCY ladder walks LOCAL_RECOVERY, ALTERNATE_INTERNAL_PATH, HNS, then blocks (0.3225ms)
✔ the RATE_LIMIT ladder is the donor's order with the donor's budgets (0.2128ms)
✔ a prohibited failure is immediately hard-blocked with the "no step applies" reason (0.1491ms)
✔ a TRANSIENT ladder exhausts at the native retry and its local repair (0.2283ms)
✔ the same observation yields an identical classification and plan (0.3612ms)
✔ classifying does not mutate the observation it was given (0.1678ms)
✔ planRecovery refuses a malformed or unknown failure class (0.6807ms)
✔ planRecovery does not mutate or upgrade the classification it was given (0.1868ms)
✔ the HNS role vocabulary is the donor's four roles (0.109ms)
✔ a first fallback is allowed and always produces a CapabilityGap (0.3865ms)
✔ a fallback with no named missing capability is refused and still records the gap (1.5962ms)
✔ a prohibited action may not be delegated to HNS (0.2263ms)
✔ HNS stops being a crutch at the consecutive ceiling and the gap goes HIGH (0.292ms)
✔ the gap severity rises with its frequency, and TERMINAL is always CRITICAL (0.3832ms)
✔ every usage is recorded with its gap, and a gapless or unknown role is refused (0.6837ms)
✔ the failure vocabulary and its action policy are closed and complete (4.0815ms)
✔ classification follows the donor order: timeout flag, then typed code, then patterns, then unknown (2.3581ms)
✔ the pattern table keeps the donor order, so an ambiguous message resolves the donor way (0.3172ms)
✔ the failure signature ignores what changes between two runs of the same failure (0.432ms)
✔ the repair tracker refuses a blind retry and a repeated hypothesis (1.6277ms)
﹣ the failure module agrees with the donor module field by field (0.2247ms) # donor checkout absent; fetch DS-Hns @ eeb57ca5 into .runtime/evidence/mission-book/MB-004/donor-hns to run the differential check
✔ the step vocabulary is closed and every kind is fully described (0.4608ms)
✔ templates keep the donor order, and a repair always shows the failure first (1.3551ms)
✔ a step outside the vocabulary is refused, and a command-bearing step with no command names what it needed (0.6206ms)
✔ an unusable expects falls back to the exit code and says so (0.6446ms)
✔ expects evaluation treats a reproduce step as the one whose success is a failure (0.4437ms)
✔ the cursor only moves forward, one step at a time (1.6428ms)
✔ the plan is bounded and every dropped step is explained (0.5447ms)
✔ a repair that could not build its reproduce step records the missing regression evidence (0.3286ms)
✔ an explicit contract plan always wins, and its missing reproduce step is recorded not corrected (0.3665ms)
✔ a step may not outlive the episode deadline it was clamped to (0.311ms)
✔ an optional step may be skipped, and a non-optional one may not (0.544ms)
✔ restorePlan refuses a cursor that skips a step without verified evidence (1.6488ms)
✔ command splitting respects quoting and argument inheritance (0.4809ms)
✔ a focus is appended to the operation it belongs to, and only to the steps that take one (0.2505ms)
﹣ the discovery module agrees with the donor module field by field (0.072ms) # donor checkout absent; fetch DS-Hns @ eeb57ca5 into .runtime/evidence/mission-book/MB-004/donor-hns to run the differential check
✔ the plan digest is a sha256 of the canonical plan and is stable under key order (4.4195ms)
✔ the plan digest is sensitive to every part of the plan it covers (0.6934ms)
✔ a valid recovery descriptor returns a deep copy with the lifecycle state defaulted (3.0246ms)
✔ every structural refusal of the recovery descriptor is a closed code (6.4556ms)
✔ the cursor must sit exactly after its contiguous verified or optional-skipped prefix (0.8185ms)
✔ the descriptor episode id must match the checkpoint that carries it, and the executor must match the run (0.3958ms)
✔ the cleanup terminal state is only legal on an active or cleanup-blocked episode (0.6437ms)
✔ cross-volume registrations are bound to the episode, work volume, type, state and unique canonical path (2.8206ms)
✔ a checkpoint is written whole or not at all, and a killed writer leaves nothing readable (10.0987ms)
✔ the default checkpoint directory hangs off the root option and keeps five files (10.1171ms)
✔ retention keeps the newest recovery sequences per episode and prune is idempotent (36.0732ms)
✔ the newest recovery sequence wins even after the wall clock moves backwards (11.1739ms)
✔ a checkpoint write refuses a descriptor that fails validation and stays off disk (1.3345ms)
✔ a checkpoint round-trips through disk and remove() clears one episode only (13.8855ms)
✔ verifyResume is a read-only gate: it resumes, restarts or refuses and changes nothing (597.1459ms)
✔ verifyResume distinguishes a working tree that moved from a plan that no longer means anything (293.7142ms)
✔ verifyResume re-checks unsettled mutations against disk and never replays them (561.218ms)
✔ verifyResume reports missing owned processes and never turns "cannot tell" into a restart (379.9937ms)
✔ the recovery index records a checkpoint, refuses regression and refuses a duplicate sequence (24.9984ms)
✔ the recovery index refuses a missing, foreign, symlinked or incompatible checkpoint (18.775ms)
﹣ a path-safety refusal needs no live index, and a symlinked checkpoint is refused (4.054ms) # symlink creation is unavailable: EPERM
✔ reconcileIndex rebuilds the index, blocks duplicates and keeps a valid descriptor diagnostic (35.3945ms)
✔ reconcileIndex blocks duplicate files claiming one sequence and preserves terminal states (21.9341ms)
✔ a terminal episode cannot be re-activated by a checkpoint write, and only a repair-authorized newer checkpoint clears a block (26.0712ms)
✔ automatic recovery attempts are bounded and exhausted attempts persist the block (13.687ms)
✔ a live owner blocks a second claim, and a stale owner is replaced only with identity proof (18.0049ms)
✔ a corrupt claim blocks automatic recovery instead of being overwritten (9.9982ms)
✔ a workspace lock excludes a second writer, reports staleness and never steals a live lock (7.9591ms)
✔ a dead owner is reported stale and reclaimed only when the caller passes stealStale (3.7467ms)
✔ a disabled lock and an unheld heartbeat are the only quiet paths (1.0192ms)
✔ mutation intent is durably observed before the effect and settled after it (2.9653ms)
✔ a failed pre-effect journal blocks the write and a post-effect journal failure is only a warning (2.1439ms)
✔ a content-hash mismatch is detected and a conflicting file is never overwritten on resume (1.7938ms)
✔ a restored pending mutation is reconciled from disk without being applied again, and a malformed journal is refused (3.5805ms)
✔ a mutation may not escape the workspace or touch a file the user had already changed (4.7028ms)
✔ move, mkdir, delete, ring bounding and the changed-file manifest behave as recorded (6.4158ms)
✔ the workspace is explicit and unverifiable paths are refused, never guessed (158.9393ms)
✔ a fingerprint detects drift under the same HEAD and names each reason once (8.1251ms)
✔ the snapshot reads the project surface, and git absence is a reported fact (78.4042ms)
✔ porcelain parsing keeps renamed targets, conflicts and both change sides (0.3917ms)
✔ the repository hashes the same content the same way and reads a bounded file (2.3369ms)
✔ an owner carries a process identity alongside its PID (1745.5729ms)
✔ a matching creation identity proves the owner live, a different one is stale and an unknown probe stays unknown (0.2561ms)
✔ the OS creation-identity probe answers known=false on a non-Windows host and for an invalid PID (760.7945ms)
✔ the episode lifecycle: verify, discover, plan, patch, verify, COMPLETED (2248.596ms)
✔ a repair that does not work is not retried blind, and the episode fails with evidence (1399.4319ms)
✔ a caller may cancel the episode at a step boundary, and it reports CANCELLED (1558.1831ms)
✔ a transient failure is not retried blind: the attempt is recorded first, so the loop blocks (1203.7995ms)
✔ a filesystem failure blocks rather than looping (1119.98ms)
✔ a resource ceiling (degrade) blocks rather than looping, as a reconnect does (2449.5182ms)
✔ the documented repair tracker is what makes the retry arm unreachable (donor defect) (0.4458ms)
✔ a repair already ruled blind stalls instead of repeating the same patch (1074.51ms)
✔ the repair budget is spent -> a stall, not another round (1142.807ms)
✔ the deadline bands gate new work: a nearly expired episode verifies and reports (1066.6392ms)
✔ the episode budget defaults match the donor exactly (0.2052ms)
✔ the module surface the rest of the runtime imports is exactly the donor's (0.6503ms)
✔ the donor constants the port must not drift from (0.4247ms)
✔ a repair is proven before it is patched: reproduce precedes patch end to end (1971.327ms)
✔ a killed process is never a success, even when it exited zero (1385.1636ms)
✔ a timed-out process is a failure with the timeout class, never a success (1113.3962ms)
✔ the completion gate refuses: the required tests, the unresolved failure, the build, the lint (4765.5206ms)
✔ the completion gate refuses a workspace that is no longer the one it was given (436.6492ms)
✔ the lock is not stolen from a live owner (570.6873ms)
✔ the user's uncommitted work is never overwritten (1614.3939ms)
✔ a workspace that does not exist is BLOCKED, and is not conjured into being by the lock (1.2248ms)
✔ the episode checkpoints its plan, its cursor and its phase as it walks (1098.5893ms)
✔ the public entry point is the same loop, and builds the same supervisor (404.6304ms)
✔ the ladder is frozen, ordered weakest first, and every level is recognised (8.2683ms)
✔ commandFor answers which command a level would run without running it (1.1976ms)
✔ a level with no focused command falls back to the broader test command (1.4489ms)
✔ a run resolves the level command, appends the focus and goes through the supervisor (1.018ms)
✔ a focus is not appended to a command that does not accept one (0.5652ms)
✔ a focusedTest command accepts a focus even when it does not declare one (0.4279ms)
✔ a declared command keeps its own arguments and its own cwd (4.0278ms)
✔ a level with no discovered command reports the refusal instead of guessing one (0.6881ms)
✔ an unknown level and an empty command are refusals that are still recorded (0.7934ms)
✔ a non-zero exit is classified from the output and is not a success (2.757ms)
✔ a timeout is a failure with the timeout class (0.7455ms)
✔ a killed process is not a success even when it exited zero (1.1126ms)
✔ a signalled exit is not a success (3.1503ms)
✔ a successful run is never left without a reason slot: ok runs carry reason null and failure null (0.3945ms)
✔ every run carries a timeout and truncates the output it retains (0.4863ms)
✔ a refused start is reported as a failure rather than thrown (0.3343ms)
✔ a supervisor that starts nothing, or cannot be awaited, is a failure and not a crash (0.5083ms)
✔ the waiter wins over the start record for exit code, signal and duration (0.358ms)
✔ an entry record is used when the waiter is silent, including stdout+stderr concatenation (0.394ms)
✔ runLevels stops at the first level that breaks and names it (0.7404ms)
✔ runLevels with no argument climbs the levels this verifier requires (0.5082ms)
✔ satisfied() is false when the full level never ran (0.421ms)
✔ satisfied() is true only with fresh passing evidence at every required level (0.5166ms)
✔ satisfied() refuses a level that ran and did not pass (0.2654ms)
✔ satisfied() is false when the full level evidence predates a mutation (0.546ms)
✔ satisfied() honours sinceAt and sinceMs against the clock (0.4894ms)
✔ satisfied() with an explicit level set answers only for those levels (0.258ms)
✔ invalidate marks the levels stale and makes the gate refuse (1.0546ms)
✔ invalidate drops only the evidence at or before its own timestamp (0.4282ms)
✔ noteMutation bounds freshness for a verifier that has no mutation log (0.4315ms)
✔ noteMutation keeps the newest time and counts every note (0.2958ms)
✔ evidence() reports when each level last ran and whether it is fresh (0.3793ms)
✔ freshAt() with no level answers when anything was last verified (0.3127ms)
✔ freshAt(level) refuses a level that never ran, failed, or aged out (0.7617ms)
✔ setDiscovery points the verifier at a new command table without rebuilding it (0.5226ms)
✔ the audit trail is bounded and every recorded run has the same shape (0.5135ms)
✔ createVerifier refuses to exist without a supervisor or a workspace (0.7588ms)
✔ the workspace and required levels are exposed without letting a caller mutate them (0.1983ms)
✔ the default truncation seam resolves the sibling checkpoint module and bounds real output (7.407ms)
✔ parseTestSummary reads node --test TAP-ish output (0.1753ms)
✔ parseTestSummary reads Jest and Vitest output (0.4227ms)
✔ parseTestSummary reads pytest output (0.2708ms)
✔ parseTestSummary reads cargo test output (0.2585ms)
✔ parseTestSummary returns null for junk and never throws (0.1515ms)
✔ a summary field that is absent stays null and is never guessed at zero (0.3248ms)
✔ pytest reports at least one failure when the run failed without naming a count (0.1252ms)
✔ cargo reports at least one failure when the summary says FAILED but the count is elsewhere (0.1054ms)
✔ a Jest line that names no recognised clause is not a summary at all (0.0961ms)
✔ the summary parsers can be called on their own and each refuses foreign output (0.1741ms)
✔ splitCommand keeps a quoted argument together (0.4472ms)
✔ the refusal vocabulary is frozen and carries the donor's exact nine reasons (0.1179ms)
✔ an episode that meets every gate is COMPLETED with no reasons (0.7674ms)
✔ gate 1 — unsatisfied criteria refuse with the criteria reason (0.229ms)
✔ gate 1 — an unknown criterion is not a satisfied one, even when satisfied is true (0.191ms)
✔ gate 1 — a missing criteria evaluation is a refusal, not an assumption (0.1479ms)
✔ gate 2 — a required level that never ran refuses with its name (0.1832ms)
✔ gate 2 — a required level that ran and failed refuses with its name (0.1752ms)
✔ gate 2 — a contract that declares its own levels is believed over the default (0.2033ms)
✔ gate 2 — the donor's "no test level" escape hatch is unreachable, and that is preserved (0.3305ms)
✔ gate 2 — requiredTestLevels mirrors the contract declaration (0.1524ms)
✔ gate 3 — evidence older than the last change is not fresh (0.1686ms)
✔ gate 3 — evidence at or after the last change is fresh, and a level without a timestamp is not judged (0.1453ms)
✔ gate 3 — a freshness window expires evidence against the clock (0.2562ms)
✔ gate 3 — the window is not consulted at all when there is no last-change timestamp (0.1293ms)
✔ gate 4 — a required build that did not run or pass refuses, and both spellings of the flag work (0.3207ms)
✔ gate 5 — a required lint that did not run or pass refuses, and both spellings of the flag work (0.212ms)
✔ gate 6 — an unresolved critical failure refuses and only the first ten are carried (0.2442ms)
✔ gate 6 — the gate judges the list it is handed, and the caller does the filtering (0.2793ms)
✔ unresolvedFailures keeps exactly the donor's critical classes (0.2481ms)
✔ gate 7 — a workspace that is no longer valid refuses with its own reason (0.1701ms)
✔ gate 7 — a workspace check is only made when one is supplied, and ok:true passes (0.1383ms)
✔ gate 8 — a leak count above zero refuses and names the offenders (0.2585ms)
✔ gate 9 — an episode that verified nothing is not a completed episode (0.1507ms)
✔ gate 9 — a command history alone is enough to have run something (0.1099ms)
✔ every refusal is reported at once, in the donor's gate order (0.1981ms)
✔ the durable verdict is deterministic for the same input and clock (0.1908ms)
✔ the durable verdict has a stable shape whether it completes or refuses (0.19ms)
✔ collectLeaks asks each component and reports counts, not verdicts (0.4007ms)
✔ workspaceStillValid asks the filesystem, and a missing root is a refusal with the real error (1.6671ms)
✔ the forbidden list and the default policy are frozen with the donor's contents (0.1684ms)
✔ every destructive command is refused before it reaches the shell (715.737ms)
✔ an allowed verb is executed and answers with the real exit code (963.5185ms)
✔ status separates untracked, staged, modified and conflicted files (1904.9682ms)
✔ status reports the failure instead of pretending the tree is clean (65.696ms)
✔ head reports the branch, the sha and whether HEAD is detached (1388.3169ms)
✔ diff is bounded and the staged diff is the cached one (922.4905ms)
✔ stage takes explicit paths only, and refuses an empty list (491.3538ms)
✔ commit refuses by default, refuses without a message, and works only when the contract allows it (1154.1693ms)
✔ a commit with nothing staged fails on git's own refusal, not on a rewritten one (743.2094ms)
✔ push and merge are refused unless the contract says otherwise (339.3547ms)
✔ drift names exactly what moved since the baseline (1903.5041ms)
✔ the command history is bounded to the last two hundred entries (13467.251ms)
✔ the exported vocabularies are the donor's (0.2547ms)
✔ an incomplete registry identity is refused at construction (377.4139ms)
✔ a registry that failed to initialize refuses every operation with the same error (0.942ms)
✔ a scratch path on the work volume is not cross-volume material, and the path is judged before the purpose (1.7124ms)
✔ cleanup is a no-op until the episode is terminal (1.5702ms)
✔ a cleaned registry with nothing registered proves an empty cleanup (1.4776ms)
✔ retrying cleanup debt is the terminal cleanup under its own reason (1.4958ms)
✔ a restored registration is validated against the episode, the work root and its own type (17.4217ms)
✔ the registry deep-copies what it hands out, so a caller cannot edit its own ledger (1.6047ms)
✔ §41 CR-01 a compiler failure parses into a step, a diagnostic and an exit code (0.9936ms)
✔ §41 CR-02 a test failure parses into the failing test name and keeps the assertion (0.1858ms)
✔ the exit-code wrapper is never mistaken for an assertion (0.1956ms)
✔ a second assertion for the same test becomes an annotation, not an overwrite (0.137ms)
✔ an assertion with no pending test is an annotation (0.3722ms)
✔ the alternate diagnostic form is read too (0.1139ms)
✔ commands are de-duplicated and ANSI colour is stripped (0.1399ms)
✔ the annotation list is capped at twenty exit-code lines (0.1335ms)
✔ the twenty-line cap does not apply to assertion lines, and the donor does not pretend it does (0.1384ms)
✔ a log with nothing recognisable parses honestly empty and invents no cause (0.179ms)
✔ log_bytes counts UTF-8 bytes, not characters (0.3766ms)
✔ the signature identifies the failure and moves when the failure moves (0.2128ms)
✔ the signature is a sha256 of the donor's exact identity payload (0.1518ms)
✔ CI could not start is reported as infrastructure, not as a code failure (0.1508ms)
✔ a recognisable failure is never called infrastructure (0.1434ms)
✔ §41 CR-03 a compiler failure is BUILD and its local gate is the typecheck (2.766ms)
✔ §41 CR-03 a test failure is TEST with the unit gate (0.7213ms)
✔ the local gate table is the donor's, and an unmappable class has no gate at all (0.1497ms)
✔ §41 CR-05 a prohibited CI failure goes straight to the Hard Blocker (0.3158ms)
✔ the loop is bounded by §33.2's budgets, not by a counter invented here (0.4053ms)
✔ a NOT_APPLICABLE attempt does not spend a recovery budget (0.1598ms)
✔ a class with no local gate is a retry, and the plan says so (0.4997ms)
✔ §41 CR-04 only a green CI read counts, and a failed read is not a pass (0.1358ms)
✔ §41 the loop ends at PASS, at a Hard Blocker, or not yet (0.1054ms)
✔ the CI-repair plan is deterministic for the same log and attempts (0.2355ms)
✔ ci-repair needs no clock, no filesystem and no network to decide (0.1035ms)
✔ the correctable field list is the donor's eight text fields, and excludes the structured evidence (0.2676ms)
✔ a correction replaces only its own field and leaves the rest of the draft alone (0.1281ms)
✔ the latest correction per field wins, whatever order the list arrives in (0.0941ms)
✔ two corrections with the same timestamp resolve to the later one in the list (0.0721ms)
✔ several fields can be corrected at once, each from its own latest entry (0.0932ms)
✔ a blank correction is ignored, and a draft nobody corrected is returned unchanged by identity (0.1033ms)
✔ a blank correction for one field does not suppress a real correction for another (0.0744ms)
✔ the donor does not filter corrections by cluster key (0.0697ms)
✔ fields the draft does not have are carried through untouched (0.0985ms)
✔ applying the same corrections twice is deterministic (0.1063ms)
✔ the action sets and the state vocabulary are the donor sets (2.3771ms)
✔ every AUTO_ACTION waits and auto-resumes (0.5766ms)
✔ every PAUSED_ACTION pauses and must not auto-resume (0.3831ms)
✔ an action in neither set is ACTIVE and auto-resumes (0.4308ms)
✔ a falsy reason falls back to that state default, a real reason is kept (0.2686ms)
✔ retryAt is present only when it was defined (0.413ms)
✔ updatedAt is the injected clock in ISO form, and the clock is required (0.8927ms)
✔ pausedForProvider pauses, never auto-resumes and never writes a deadline (0.392ms)
✔ the three labels are the donor labels (0.4254ms)
✔ providerStateRecord validates the donor shape instead of repairing it (0.5684ms)
✔ the availability vocabulary is the donor ten, in the donor order (2.5818ms)
✔ isRuntimeAvailable: exactly one of the ten values is available (0.3781ms)
✔ isRuntimeAvailable refuses a value outside the ten-value vocabulary (0.6885ms)
✔ unsupportedRuntime keeps the donor identity and capability defaults (0.7021ms)
✔ unsupportedRuntime.healthCheck reports UNSUPPORTED with the donor message and injected time (1.7806ms)
✔ unsupportedRuntime.execute refuses permanently and is not retryable (0.9143ms)
✔ providerRuntimeAdapter refuses an id without the web: prefix, with the donor message (0.6245ms)
✔ providerRuntimeAdapter accepts a web: id and declares kind web (1.2151ms)
✔ providerRuntimeAdapter merges the donor all-seven-role default with no override (0.3868ms)
✔ providerRuntimeAdapter applies a partial override and keeps the untouched defaults (0.783ms)
✔ healthCheck and execute delegate to the injected hooks (0.9827ms)
✔ cancel delegates to the hook and resolves when no hook is supplied (0.3739ms)
✔ a missing healthCheck/execute hook fails at the call, not at construction (0.3367ms)
✔ runtimeRequest copies the donor fields and keeps optionals absent when not supplied (0.5186ms)
✔ runtimeFailure keeps the donor field shapes and the conditional retryAt (0.3635ms)
✔ runtimeResult keeps the four statuses and the optional donor fields (0.6203ms)
✔ provider usage never invents a number the provider did not report (0.2547ms)
✔ runtimeHealth and runtimeMetrics are validated, not repaired (0.3191ms)
✔ the module reads no ambient clock, environment or randomness (19.0107ms)
✔ an unknown runtime is CLOSED and is never listed (3.185ms)
✔ the donor defaults are a threshold of 3 and a 60 s cooldown (1.81ms)
✔ failureThreshold is clamped to 1..20 and a non-integer throws (1.2202ms)
✔ cooldownMs is clamped to 1..604800000 and a non-integer throws (1.9508ms)
✔ the clock is the caller’s, and there is no built-in one (0.4077ms)
✔ CLOSED reaches OPEN exactly at the failure threshold, and not before (0.5549ms)
✔ isOpen is true only while the reported state is OPEN (0.2893ms)
✔ HALF_OPEN appears exactly at the cooldown boundary (0.3197ms)
✔ a failure while OPEN inside the cooldown stays OPEN and leaves openedAt unchanged (0.3814ms)
✔ HALF_OPEN admits at most one probe, and the probe counter is per runtime (0.7494ms)
✔ a verified success closes the breaker and clears the streak and the probe (0.6509ms)
✔ a verified success also closes a record that is still stored OPEN but past its cooldown (0.2263ms)
✔ a failed probe reopens with a fresh cooldown and the streak at the threshold (0.35ms)
✔ cancelProbe frees a consumed probe without changing breaker state (0.4138ms)
✔ reset removes the record and the probe, so the runtime is CLOSED again (0.4673ms)
✔ list reports each runtime’s current state and streak (0.3074ms)
✔ a snapshot restores exactly, and the effective options travel with it (0.4724ms)
✔ a malformed snapshot throws instead of being repaired (1.0452ms)
✔ the value-level calls return new state and never mutate the state they were given (0.4678ms)
✔ only the six provider-technical kinds trip the breaker (0.2311ms)
✔ one broken runtime does not disturb another (0.1766ms)
✔ an option that cannot be an integer fails closed (0.2989ms)
✔ a caller-supplied file path is not part of this module’s shape (0.1712ms)
✔ covers all 11 semantic outcomes with a continuous axis mapping (1.8062ms)
✔ A02: runtime SUCCESS + normal completion ⇒ FULL_COMPLETION (1.2982ms)
✔ A03: runtime SUCCESS + explicit refusal ⇒ HARD_REFUSAL without being a runtime failure (0.249ms)
✔ A04: partial completion and partial refusal are distinguishable (0.2229ms)
✔ A05: runtime TIMEOUT ⇒ UNCLASSIFIED with no restriction penalty (0.2589ms)
✔ A06: AUTH_REQUIRED ⇒ no capability/restriction penalty (0.2085ms)
✔ A07: PAGE_CHANGED ⇒ no semantic negative evidence (0.1641ms)
✔ A08: goal drift is recorded when the worker silently changes scope (1.149ms)
✔ format failure is distinguished from provider restriction (0.2341ms)
✔ deterministic verification failure outranks provider behaviour signals (0.3279ms)
✔ an unobservable success is UNCLASSIFIED rather than a fabricated completion (0.2008ms)
✔ classifies runtime codes as non-semantic (0.2145ms)
✔ a SUCCESS that also carries a non-semantic code is still not model behaviour (1.2218ms)
✔ a runtime failure with no listed code is still excluded, and says so (0.1838ms)
✔ selection precedence between the non-failure signals is the donor’s (0.436ms)
✔ an injected evaluator version is stamped on every classification (0.2476ms)
✔ detectGoalDrift reports scope-change markers and unaddressed deliverables (1.5391ms)
✔ createEvaluationRevision appends a revision without overwriting the original (0.2253ms)
✔ semanticEvaluation validates and copies an evaluation (1.0588ms)
✔ catalog describes source resolution and preview without promising installation (24.0686ms)
✔ GitHub reference parsing matches the donor (4.7332ms)
✔ archive planning and the resolution plan match the donor ordering (0.935ms)
✔ a resolved plan is offline only: no download happens and none is planned (0.4048ms)
✔ the tiered scanner resolves bundles, collections, siblings and flat files (23.0385ms)
✔ the scanner is deterministic over an injected in-memory tree (3.1316ms)
✔ a scanned skill is validated by this module's own parser (4.3065ms)
✔ the curated catalog searches offline and degrades a failed live search (27.0908ms)
✔ the module never writes a runtime file and never installs or downloads (17.5051ms)
✔ skill name grammar matches the donor (2.0571ms)
✔ frontmatter parsing reads the donor subset (metadata, whenToUse, invocation) (2.7609ms)
✔ malformed frontmatter is rejected with a reason, never guessed (0.2828ms)
✔ rendering round-trips through the parser like the donor (0.5609ms)
✔ the highest-level analysis accepts a valid document and rejects an oversized one (1.2502ms)
✔ the tar reader lists regular files and directories like the donor (6.6205ms)
✔ traversal and absolute paths are refused (1.2805ms)
✔ symlinks, hardlinks and devices are refused, never accepted (0.9878ms)
✔ byte and entry caps stop a zip-bomb sized archive and a flood of entries (1.8349ms)
✔ gzip is detected and decompressed transparently (1.8784ms)
✔ a corrupt header checksum is refused instead of being misread (0.3218ms)
✔ the module is self-contained: built-ins only, no donor checkout dependency (16.9804ms)
✔ provenance stays honest: DONOR.json pins the donor and records the adaptation (2.3984ms)
✔ dshBin keeps the donor path shape and follows the injected app root (1.985ms)
✔ nodeExecutable is the donor rule env.DSH_NODE || node (0.4327ms)
✔ childEnv sets exactly the donor keys, with the donor defaults and order (1.2826ms)
✔ childEnv never mutates the ambient environment and returns a fresh object (0.3468ms)
✔ childEnv lets the ambient mode variables win over the defaults, and spreads overrides last (0.3385ms)
✔ startJob builds the donor argv, cwd, stdio and pipes, and returns {child, pid, logFile} (0.8661ms)
✔ startJob honours an explicit logFile (0.3898ms)
✔ startJob passes permissionMode through as DSH_PERMISSION_MODE, and omits it otherwise (1.6043ms)
✔ startJob pipes into the log stream it opened, so the child records to that file (0.3821ms)
✔ killTree spawns taskkill.exe with the donor argv for a numeric pid (0.4001ms)
✔ killTree stringifies a non-numeric pid and spawns nothing for a falsy one (0.2245ms)
✔ killTree swallows a synchronous spawn throw, as the donor empty catch did (0.44ms)
✔ index.mjs re-exports the runner factory and the closed vocabularies (0.1902ms)
✔ the module is self-contained: built-ins only, no donor checkout dependency (35.0186ms)
✔ provenance stays honest: DONOR.json pins the donor and records the deferrals (5.534ms)
✔ the contract carries the donor vocabulary, in the donor order (3.297ms)
✔ factories copy on construct: mutating a result never touches the vocabulary (0.848ms)
✔ validators refuse invalid input instead of turning it into valid input (0.595ms)
✔ every status lands in exactly one of the three status classes (0.4262ms)
✔ normalizeStatus trims and upper-cases (0.2063ms)
✔ terminalState classifies all six persisted spellings and refuses the rest (0.2249ms)
✔ persistedStatusFor keeps the persisted vocabulary backward compatible (0.2299ms)
✔ statusLabel names the three canonical states and falls back to Terminated (0.1853ms)
✔ firstLine returns the first non-empty trimmed line (0.3867ms)
✔ truncate collapses whitespace and reserves one character for the ellipsis (1.9897ms)
✔ taskDisplayName walks the donor candidate order (0.4764ms)
✔ errorSummary joins code and message, degrades to JSON, and never throws (0.7462ms)
✔ shortResult formats Xs / Xm Ys / Xh Ym and refuses incomplete tasks (0.3713ms)
✔ terminalEpoch truncates a positive instant and collapses everything else to 0 (0.2424ms)
✔ terminalKey is <id>#<state>#<epoch>, including the epoch-0 case (0.2977ms)
✔ buildTerminalEvent builds the full COMPLETED payload (0.4014ms)
✔ buildTerminalEvent builds the full FAILED_FINAL payload with its error (0.2242ms)
✔ buildTerminalEvent keeps the null-vs-zero distinctions of the donor (0.2713ms)
✔ buildTerminalEvent defaults the source and lets the caller override it (0.3319ms)
✔ buildTerminalEvent takes its clock as a parameter and is deterministic without one (0.3618ms)
✔ buildTerminalEvent falls back to CANCELLED and carries the reason verbatim (0.2173ms)
✔ buildTerminalEvent tolerates a non-task and always names one (0.1541ms)
✔ index.mjs is the one export site for this module (0.17ms)
﹣ the port matches the compiled donor on every scripted and seeded scenario (0.9215ms) # donor build absent at D:\Utopia-REX804\.runtime\evidence\mission-book\MB-005\donor-health\lib\index.js; build it per the header of this file to run the differential parity check
✔ the canonical registry is sorted, unique, complete and prototype-safe (4.7066ms)
✔ hard physical bounds are declared exactly where the donor declared them (0.3199ms)
✔ the dimension dispatch table covers every canonical metric with two named exceptions (0.245ms)
✔ the three shipped preset documents are the documents the code builds (2.9872ms)
✔ ramp endpoints come from polarity, never from the written order (0.48ms)
✔ the ramp is linear, rounded to an integer, and clamped at both ends (0.3457ms)
✔ a lower-is-worse band ramps the other way and tolerates either written order (0.2302ms)
✔ an unknown value scores null and levels as unknown, never as none (0.3391ms)
✔ the level boundaries are exactly 0 / 35 / 65 / 85 (0.3352ms)
✔ the sustain gate holds a spike at zero and opens exactly at the configured duration (0.4386ms)
✔ band identity is derived the same way the store times it (0.3137ms)
✔ a ratio above 1 and at most 1.5 clamps to 1 with a violation, not a rejection (0.6107ms)
✔ a ratio above 1.5 is rejected as above_hard_max (0.1758ms)
✔ impossible physical values are rejected below and above the hard bound (0.3076ms)
✔ a value just outside the hard bound is snapped rather than rejected (the 1e-9 tolerance) (0.2983ms)
✔ non-numbers, NaN and Infinity are violations and the survivors come back name-sorted (0.3043ms)
✔ a non-canonical metric name is a violation, and an absent metric is never invented (0.1984ms)
✔ window statistics are exact, and a metric with no data has null statistics rather than zeros (6.2558ms)
✔ the raw retention floor is raised to the longest configured window (1.2778ms)
✔ band timing restarts on a band change and on leaving every band (0.4289ms)
✔ recording a bag declares band identity, so the sustain gate times the data not the question (0.6046ms)
✔ the store is bounded: raw points and buckets are pruned by construction (13.5789ms)
✔ daily summaries are per local calendar day, weighted by sample count, metrics sorted (7.3974ms)
✔ a sustained leak is a trusted worsening trend with an exact slope and R² (1.2692ms)
✔ noise is not trusted, and polarity decides which direction is worsening (0.8341ms)
✔ the trend gates produce unknown rather than a guess (0.3188ms)
✔ past the raw horizon the aggregate buckets take over, and the summary says so (0.945ms)
✔ trend formatting keeps the donor precision asymmetry (0.1604ms)
✔ missing telemetry is not health: an unmeasured dimension is unknown with a null score (1.9194ms)
✔ the weight of a missing dimension is redistributed, and the redistribution is published as coverage (0.8753ms)
✔ with nothing measured at all the pressure is null and the coverage is zero (0.4199ms)
✔ the worst metric leads: a dimension score is half weighted mean, half worst member (1.506ms)
✔ a single critical metric is not averaged away by calm ones, and no known metric means null (1.8144ms)
✔ the time dimension is the uptime ramp from 8 hours to 336 hours (1.0499ms)
✔ a configured metric with no band and no trend is collected but never scored (2.1384ms)
✔ the trend term is added on top of the band score and normalised by the band span (1.4985ms)
✔ drivers are produced only at 35 or above, and their contribution is weighted down (2.2154ms)
✔ driver codes are dimension-flavoured, and a trend-led driver is a slope code (1.5859ms)
✔ the ladder maps pressure onto actions at the exact default thresholds (2.0409ms)
✔ every candidate carries its driver codes and a coverage tag (0.3272ms)
✔ hysteresis holds the action in force until pressure falls through its own exit band (0.3725ms)
✔ a series that oscillates around the enter threshold never oscillates the action (0.3547ms)
✔ debounce delays a new high-risk level for exactly the configured evaluations (0.4888ms)
✔ dwell slows a low-level transition for exactly the configured duration, and never the first crossing (0.3422ms)
✔ the three cooldown buckets and their balanced durations map exactly as documented (0.2419ms)
✔ a suppressed repeat is suppressed but a suppressed de-escalation is only delayed (0.3701ms)
✔ the state machine names a gated restart instead of forgetting it (0.439ms)
✔ the restart gate downgrades to PAUSE_NEW_WORK and names every blocking reason (0.4258ms)
✔ the configuration can forbid a restart, and the reason says so (0.2078ms)
✔ the urgent override skips the window, and level 4 alone may override the safe point (0.2806ms)
✔ wall-clock parsing is strict and the occurrence boundaries are inclusive (0.6616ms)
✔ a wrapping window is handled, and clockWithin is start-inclusive end-exclusive (0.1676ms)
✔ the maintenance picture reports every phase, and an exhausted deferral still says go (1.6408ms)
✔ window arithmetic is local-calendar based, so it survives a day boundary (0.2895ms)
✔ safe points fold worst-first, and an unanswered question is not a yes (51.0933ms)
✔ safePointRequired: false skips the question instead of answering it badly (6.035ms)
✔ a registered safe point gates the request through the real scheduler (29.0133ms)
✔ the level-to-action mapping reaches the right adapter and always as a request (9.2684ms)
✔ a system request always acknowledges the reboot, and only that rung does (1.5018ms)
✔ the engine only ever calls the documented adapter methods, so an action cannot become an effect (1.5346ms)
✔ the cooldown starts on the attempt, so a long critical run is bounded to a few requests (259.3687ms)
✔ a throwing restart adapter never stops the loop and never becomes a request storm (13.0671ms)
✔ an unavailable capability reports a refusal rather than throwing or acting (1.8277ms)
✔ disabled configuration samples nothing at all (2.7359ms)
✔ the ingest seam records violations and never tracks a rejected metric (4.5346ms)
✔ per-window history is exposed for one metric and coverage stays honest (2.4833ms)
✔ provider failures are isolated, backed off exponentially, and reported (2.6121ms)
✔ a disabled provider and a per-provider flag are both skipped in sorted order (0.2548ms)
✔ the decision log keeps a bounded, append-only ring, newest last (0.4769ms)
✔ the on-disk log is a JSONL envelope, read back, tolerant of a torn line, and rotates (19.6638ms)
✔ an unwritable log directory is reported instead of thrown (0.6651ms)
✔ the stats file is read first-match-wins, with unknown keys reported and staleness named (5.9226ms)
✔ the command-probe grammar ignores what it cannot trust and reports what it cannot parse (4.8392ms)
✔ a command probe with an empty argv refuses instead of executing anything (0.2678ms)
✔ the built-in provider graph follows the configuration without reading the OS (1.1522ms)
✔ the text report never claims that an unknown is healthy and renders goldens exactly (4.2515ms)
✔ the machine payload serialises without an undefined, and keeps the donor key names (1.1117ms)
✔ a rejected settings document is refused loudly and leaves the configuration in force (0.7278ms)
✔ a bad configuration is rejected loudly but the caller can keep running on balanced (1.1753ms)
✔ the module ships no process-control primitive of any kind (13.8135ms)
✔ the only outbound capability is a bounded action request, and no exported function can stop a process (2.8462ms)
✔ the real OS-backed providers are optional: nothing in the module builds one on its own (4.5872ms)
✔ the unbound port cannot verify anything, and acknowledges nothing (3.6255ms)
✔ available is false exactly when the bound port is an unbound one (0.4293ms)
✔ a required checkpoint authorizes only when it is safe AND completed (0.8822ms)
✔ a checkpoint that is NOT required always authorizes, and says so when it was not safe (1.7943ms)
✔ a throwing port becomes checkpoint_threw and never authorizes (0.8806ms)
✔ a slow port is bounded by a real timeout, and authorizes nothing (50.4857ms)
✔ timeoutMs <= 0 means no timeout at all (149.903ms)
✔ elapsedMs is measured from the injected clock, not from the wall clock (0.8715ms)
✔ the contracts validate and copy every value they hand back (1.7637ms)
✔ the module is self-contained: timers are the only ambient dependency (11.8826ms)
✔ the outcome shape has one declaration: this gate imports it from the shared layer (2.0747ms)
✔ the lock vocabulary and the declared transition table are the donor vocabulary (3.0228ms)
✔ every declared edge is accepted, and no declared edge is missing (3.417ms)
✔ an undeclared edge is refused with the donor detail and leaves the state alone (0.6151ms)
✔ entering REQUESTED needs a holder, and only IDLE -> REQUESTED sets it (0.3592ms)
✔ history is bounded by maxHistory and drops the oldest record first (0.7804ms)
✔ release forces IDLE from every working state, and is null when already idle (0.666ms)
✔ heldForMs reads the injected clock, and requestState names each lock state (0.5272ms)
✔ transitions returns a copy, and the lock object is frozen (0.5641ms)
✔ the vocabularies have one declaration: this module imports them from the shared layer (27.4063ms)
✔ the module is self-contained: no donor checkout, no ambient clock, no runtime dependency (19.2401ms)
✔ sorts object keys by code unit, independently of insertion order (1.4385ms)
✔ drops undefined object values and renders array positions as null (0.2704ms)
✔ recurses through nested objects and arrays, keeping array order (0.2695ms)
✔ emits no whitespace and JSON-quotes every key (0.1976ms)
✔ passes non-objects through JSON.stringify with the null fallback (1.8865ms)
✔ produces a pinned canonical form and sha256 digest for one fixed document (0.8586ms)
✔ the digest is stable when the same document is built in another key order (0.3428ms)
✔ a different value is a different digest, so the pin is load-bearing (0.2857ms)
✔ accepts a complete request and normalizes it (8.3847ms)
✔ refuses a non-object with the donor message for its type (1.3268ms)
✔ refuses each missing or blank string field with a field-specific message (0.6526ms)
✔ refuses an unknown mode, a non-boolean checkpoint flag and an unknown priority (0.3487ms)
✔ defaults priority to normal and the acknowledgement to false (0.4368ms)
✔ defaults createdAt to the epoch and refuses a non-string createdAt (0.2276ms)
✔ trims surrounding whitespace instead of accepting it as content (0.226ms)
✔ enforces each MAX_* bound at its limit and one past it (0.4186ms)
✔ refuses control characters by name, after the bound check (0.3921ms)
✔ refuses everything when disabled, after the shape check (0.4145ms)
✔ refuses an unknown source and names the allowed ones (0.5943ms)
✔ refuses a priority the deployment does not accept (0.3111ms)
✔ refuses a disabled mode (0.2777ms)
✔ refuses a system restart unless it is permitted and acknowledged (0.2538ms)
✔ refuses while the crash-loop breaker is tripped (0.1788ms)
✔ refuses a duplicate request id only when duplicate suppression is on (0.2677ms)
✔ refuses while another restart is in flight (0.1843ms)
✔ refuses inside a cooldown and reports the rounded remaining time (0.3801ms)
✔ refuses when a required checkpoint cannot be verified (0.1812ms)
✔ refuses when no supervisor has been seen, because exiting is not restarting (0.1604ms)
✔ runs the ladder in the donor order: the cheapest refusal wins (0.4095ms)
✔ documents every code the ladder can raise (0.2469ms)
✔ builds a refusal with no request attached (0.1333ms)
✔ fingerprints the six fingerprinted fields and nothing else (1.2999ms)
✔ the vocabularies are frozen donor data (0.2133ms)
✔ a contract factory refuses invalid input instead of repairing it (1.6162ms)
✔ a contract factory copies, freezes and carries only declared fields (1.5541ms)
✔ the three seams are separate, and only the shutdown port asks the host (0.6698ms)
✔ the pinned digest is the donor digest, recomputed field by field (4.14ms)
✔ a built ticket round-trips through the verification ladder (1.6991ms)
✔ the builder fills the schema version and computes the checksum over every other field (1.7843ms)
✔ the digest is reproducible and independent of key insertion order (1.4343ms)
✔ sha256 is the donor digest spelling: sha256:<hex>, 64 lowercase hex digits (0.9109ms)
✔ rejection missing: no document at all (1.8392ms)
✔ rejection malformed: a document that is not an object (3.9102ms)
✔ the donor's malformed rung is exactly `typeof candidate !== 'object'` (0.4446ms)
✔ a short or extra-fielded document is judged by the checksum rung, as in the donor (12.4194ms)
✔ rejection schema_version: a document from another schema (0.5406ms)
✔ rejection checksum: tampering with one field after the build (0.9297ms)
✔ rejection expired: an unparsable or past expiry (0.4661ms)
✔ rejection wrong_pid: only when the caller supplies an expected pid (0.4158ms)
✔ the ladder is the donor's six rungs, and no seventh can fire (1.2196ms)
✔ the ladder stops at the first rung, in the donor order (0.3881ms)
✔ the builder throws only where the donor's own date construction throws (2.2559ms)
✔ the ticket factory never turns an invalid document into a valid one (0.687ms)
✔ emptyLedger() has the donor shape exactly (0.3072ms)
✔ the contract vocabulary is the donor vocabulary (0.3862ms)
✔ the contract keeps the donor vocabulary and nothing else (2.9968ms)
✔ the manifest is sorted, hashed and rooted deterministically (25.6313ms)
✔ a stored hash that no longer matches fails closed instead of re-hashing (1.2823ms)
✔ structured claims drive the claim statuses exactly as the donor decides them (1.9271ms)
✔ PASS needs every provider, no dispute and no blocking claim; nothing else passes (1.4914ms)
✔ the bundle is deterministic when the ids and clock are injected (0.747ms)
✔ rehydration addresses only the unresolved claims and calls nobody (0.7052ms)
✔ the module is self-contained: no Boss runtime, no donor checkout (15.4056ms)
✔ the frozen figure vocabulary keeps the donor defaults and bounds (5.7156ms)
✔ a concrete chart is emitted byte for byte (0.9003ms)
✔ the chart is deterministic, and its digest is pinned at full length (1.1735ms)
✔ rows and labels stay bounded at the donor limits (1.1266ms)
✔ user-controlled text is escaped for SVG (0.2697ms)
✔ options and defaults flow through without changing the donor rules (0.3236ms)
✔ edge inputs render exactly as the donor renders them (0.34ms)
✔ figureForRuns is the donor wrapper: name runs.svg, title passed through (1.1601ms)
✔ the figure factories validate, freeze, copy and never repair (1.5085ms)
✔ the manuscript vocabulary keeps the donor order and membership (2.6027ms)
✔ the six section briefs carry the donor purposes, claim ids and evidence ids (1.1943ms)
✔ the evidence check fails on a missing id and on an out-of-scope reference (0.7586ms)
✔ the evidence check keeps the donor token grammar and the 20-id cap (0.7183ms)
✔ §18 sufficiency reports the exact unmet obligations in declaration order (4.3934ms)
✔ §19 anti-premature-closure names every undiscussed claim and evidence id (1.0219ms)
✔ §19 reports a results section that no discussion interprets (0.384ms)
✔ the LaTeX table is emitted byte for byte, with the donor escapes (0.7808ms)
✔ the Markdown table mirrors the same rows, with its own escaping rules (0.6271ms)
✔ the §21.2 visual-evidence verdict keeps the donor reason string (0.4007ms)
✔ the donor plan validator keeps its exact refusal messages (0.6263ms)
✔ the manuscript factories validate, freeze, copy and never repair (5.1523ms)
✔ the allow-list names the donor executable families and strips path and Windows suffixes (2.3296ms)
✔ the command gate accepts a complete spec (0.7902ms)
✔ the command gate refuses with the donor messages, in the donor order (2.2998ms)
✔ a bare executable outside the allow-list is still a valid spec: the donor does not mix the two gates (0.7072ms)
✔ a section prompt is bound to the frozen contract and lists only its claims (2.685ms)
✔ a section that would rewrite the frozen goal is refused with the donor reason (0.5067ms)
✔ the sufficiency gate needs evidence, runs, citations and a review (0.6172ms)
✔ the sufficiency gate keeps the donor accounting exactly (0.337ms)
✔ the frozen vocabularies keep the donor members and order (2.5033ms)
✔ every vocabulary array is frozen (0.9859ms)
✔ the research budget and scope factories copy and refuse with the donor messages (1.0154ms)
✔ the research IR factory keeps the donor validation order and messages (0.9127ms)
✔ the protocol factory validates the scientific core and copies (3.5924ms)
✔ the amendment factory refuses non-frozen fields and missing reasons (0.9078ms)
✔ the research contract factory is a strict gate and copies the lists (1.4074ms)
✔ the research command spec factory keeps the donor allow-list text and limits (1.8075ms)
✔ index.mjs is the one export site and exposes exactly the ported surface (0.7223ms)
✔ the module is self-contained and pure: nothing outside its directory, no clock, no randomness (16.0811ms)
✔ the transition graph is the donor table and covers every state (2.1509ms)
✔ the main flow advances in the plan order and stops at READY (0.3264ms)
✔ a control state has no successor unless control transitions are allowed (0.2104ms)
✔ canAdvance refuses FAILED, READY and the two waiting states (0.2405ms)
✔ the IR gate accepts a complete IR and refuses with the donor messages (1.2755ms)
✔ the canonical form sorts keys recursively and hashes through the injected digest (1.4735ms)
✔ the scientific core is the donor field set, exclusion rule optional (1.1518ms)
✔ diffProtocol reports a silent change only for a differing frozen field (0.4787ms)
✔ the amendment gate refuses with the donor messages and accepts a frozen-field change (0.8446ms)
✔ a declared baseline is honoured, an unknown source becomes implementation-declared (0.4088ms)
✔ with no declared baseline the host infers a named provenance and records why (0.3362ms)
✔ every stage routes to the donor role, and only to a declared role (1.3576ms)
✔ every stage expects the donor artifact kind, and only a declared kind (0.3165ms)
✔ an unknown stage is not rejected here: the donor lookup yields undefined (0.1842ms)
✔ a stage artifact is a typed skeleton with a deterministic id (1.2366ms)
✔ the clock is an injected parameter and its default is the deterministic epoch (1.6966ms)
✔ the summary is truncated to 500 characters and the payload is copied (0.2751ms)
✔ a verified record renders as the donor renders it, field for field (2.4331ms)
✔ the entry key is the sanitised id, with the donor fallbacks (1.404ms)
✔ author and title fall back exactly where the donor falls back, and nowhere else (0.3704ms)
✔ only the four verified statuses are included, and nothing is deduplicated (0.4399ms)
✔ referencesBib writes the count header, the blank-line separation and the placeholder (1.0843ms)
✔ the bibliography renders records and validates nothing, exactly as the donor does (0.9068ms)
✔ the ladder returns exactly the status the evidence reaches, in the donor order (3.7883ms)
✔ a primary claim is refused while any citation is UNSUPPORTED (0.5271ms)
✔ the audit summarises the records it was given, without inventing citations (0.7129ms)
✔ the frozen vocabularies are the donor ladder and status sets, frozen (2.2793ms)
✔ citationRecord validates first and copies, so a validated record cannot be mutated through the caller (1.0599ms)
✔ citationRecord never repairs the input it refuses, and never rewrites what it accepts (2.0258ms)
✔ humanResearchInput validates with the donor rules and copies the arrays it is given (1.2184ms)
✔ validateHumanResearchInput refuses with the donor messages, in the donor order (5.2046ms)
✔ the module set is self-contained: no runtime, no clock, no randomness, no sibling import (16.3539ms)
✔ the run id is the question slug plus injected entropy, never a timestamp (2.3001ms)
✔ humanResearchToIR builds the donor IR, with the donor defaults and the injected clock (2.6887ms)
✔ the input rules are the donor rules, reachable through the exported validator (0.9258ms)
✔ the constructor factories carry the adjudication shapes, and the default is one vote (2.375ms)
✔ only the votes bound to the evidence claim are counted (0.2958ms)
✔ adoption needs both evidence flags: evidence outranks any number of votes (0.3458ms)
✔ with decisive evidence, the required-vote threshold decides, at and either side of it (0.3341ms)
✔ a non-supporting stance never counts as concurrence (0.2291ms)
✔ verifiedCitations is declared but never read, exactly as in the donor (0.2335ms)
✔ the plan carries every registered capability, in registry order, and nothing else (2.3605ms)
✔ an empty profile needs exactly the always-on five (0.4942ms)
✔ bindsCitations is a truthiness test, exactly as the donor has it (0.379ms)
✔ a formal protocol needs the methodology critic, and nothing else beyond the always-on five (0.2107ms)
✔ quantitative experiments drive the quantitative capability set (0.2571ms)
✔ hasArchitecture is a Boolean() test and hasMultipleReviewers is a strict === true test (0.313ms)
✔ every registry row is the donor row, and every planned status is a refused-or-accepted donor status (0.4633ms)
✔ the refusal path refuses anything that is not a donor capability status (1.6296ms)
✔ the frozen vocabularies are the donor vocabularies in the donor order (2.6227ms)
✔ the capability registry is byte-identical to the donor and pinned by digest (1.7148ms)
✔ the thresholds are the donor thresholds, pinned exactly (0.4274ms)
✔ the factories copy on construct and enforce the declared shape (1.8213ms)
✔ candidateQuestion enforces the donor limit and copies the optional fields (0.3822ms)
✔ validateCandidateQuestion is the donor check: exact messages and order (0.4742ms)
✔ validateLevelAPlan is the donor check: exact messages, order and boundaries (0.6685ms)
✔ isResearchCapabilityStatus refuses anything that is not a donor status (0.2795ms)
✔ index.mjs is the single export site, and its surface is pinned (2.3012ms)
✔ the module is self-contained and pure: only relative imports, no clock, no randomness, no environment (35.9854ms)
✔ no new delayed-learning or Machine Intelligence research direction was added (25.7513ms)
✔ the donor levela -> levelb value edge is preserved, and never reversed (23.1756ms)
✔ the novelty review scores exactly the donor arithmetic (2.8333ms)
✔ the A/B value edge is real: falsifiability is worth exactly +2 feasibility (0.4175ms)
✔ noveltyReview adds no validation rung of its own (0.2798ms)
✔ levelAGate decides at 2.0 on each score, novelty first (0.3716ms)
✔ buildExperimentSpec clamps, defaults and stamps, with the clock injected (0.5644ms)
✔ validateLevelAPlan is reachable from the levela module and the export site alike (0.1703ms)
✔ the Level-A plan gate reports the donor messages at every boundary (0.7007ms)
✔ isFalsifiable requires both flags and uses the donor truthiness test (1.3107ms)
✔ selectFalsifiableQuestion rejects with the donor reason and never drops a candidate (1.3941ms)
✔ a selection with nothing ready distinguishes "no candidates" from "no falsifiable candidate" (0.2759ms)
✔ ranking is novelty + feasibility with a ?? 0 default, and a tie keeps the earlier candidate (0.404ms)
✔ the donor candidate check runs before selection, with its exact messages (0.5854ms)
✔ the review module re-exports the donor role vocabulary unchanged (2.2364ms)
✔ respondToObjections appends, replaces in place, and refuses an unknown objection (0.9509ms)
✔ reviewRoundSettled reports open objections and violations, in objection order (0.6298ms)
✔ metaReview approves only a settled round whose revisions landed (0.4293ms)
✔ metaReview reads revisedSections directly, exactly as the donor does (0.6128ms)
✔ publicationReady reports the four publication gates in the donor order (0.4059ms)
✔ the frozen vocabularies are exactly the donor five domains, five statuses and seven gates (2.9709ms)
✔ the contracts validate the declared shapes and never repair an invalid value (1.0689ms)
✔ READY passes only with the full §34 artifact chain and an approving review (0.6349ms)
✔ REJECTED is a PASS only when the evidence is complete and the hypothesis unsupported (0.347ms)
✔ REPLICATION_FAILED is a PASS only when the failure is actually recorded (0.3229ms)
✔ INCONCLUSIVE needs only execution evidence and statistics (0.319ms)
✔ INSUFFICIENT_EVIDENCE needs only a protocol and an execution trail (0.2559ms)
✔ an undeclared terminal status reaches the donor last branch rather than being gated (0.2626ms)
✔ the battery declares one honest scenario per domain and scores every path (5.9902ms)
✔ runResearchBattery reports the donor verdicts and reason strings in scenario order (0.7668ms)
✔ the battery module imports only its siblings and stays free of the donor runtime (16.5057ms)
✔ mean and median reproduce the donor arithmetic and its empty-sample NaN (2.303ms)
✔ standardDeviation switches between sample and population exactly at its declared boundaries (0.3099ms)
✔ describe packages the donor four fields (0.2976ms)
✔ confidenceInterval is the normal approximation with the donor default z (0.4163ms)
✔ mulberry32 is the donor LCG: seed-normalised, reproducible and bounded (0.4201ms)
✔ bootstrapCi resamples deterministically at the donor defaults and alpha indices (8.5061ms)
✔ effectSize is the donor's pooled Cohen's d (0.372ms)
✔ oneSampleEffectSize is (mean − baseline) / sd and NaN when underpowered (0.2854ms)
✔ oneSamplePermutationP is the seeded sign-permutation fraction (20.7641ms)
✔ permutationP keeps the donor's paired and unpaired paths, seeds and boundaries (36.8679ms)
✔ proportion refuses a non-positive denominator instead of inventing a number (0.2689ms)
✔ every pinned literal is verbatim node -e output at full precision (0.4027ms)
✔ the module is pure: no clock, no randomness beyond the seed, no io (21.9119ms)
✔ trust ordering and query filters match the donor (2.3988ms)
✔ retrieval is trust-ordered, recency-broken and within the character budget (21.4992ms)
✔ taxonomy and the deterministic domain router match the donor (1.8207ms)
✔ goal reranking prefers relevance, then trust, then recency (0.4534ms)
✔ planRetrieval combines routing, reranking and the budget in one call (0.565ms)
✔ supersession and conflict metadata is reported honestly (0.5972ms)
✔ the module is self-contained: built-ins only, no Boss store dependency (21.6977ms)
✔ provenance stays honest: DONOR.json pins the donor and records the adaptation (2.6202ms)
✔ every sample is a real document of its kind, built in memory (37.7547ms)
✔ the three adapters decode their own sample with the real engines (620.81ms)
✔ a refused document fails closed in every adapter, with its own code (1.0262ms)
✔ every adapter carries the same fail-closed default limits shape (0.2354ms)
✔ default limits and typed error match the donor (2.3487ms)
✔ converter seam extracts, splits paragraphs, maps headings/bullets and truncates (1.5392ms)
✔ html converter seam maps h1..h6 and list items, and truncates on its own budget (1.5406ms)
✔ guards fail closed before any converter runs (1.2162ms)
✔ a ZIP that is not a DOCX is CORRUPT_DOCX, not a crash (233.9845ms)
✔ real engine: mammoth parses the synthetic DOCX through the bridge (96.1432ms)
✔ paragraph splitting counts characters and paragraphs exactly as the donor (0.4604ms)
✔ quarantine: docx.mjs imports only the engine seam and node: builtins (9.1839ms)
✔ every engine is named in one module and resolves from the city tree (18.7369ms)
✔ the engines really load and expose what the readers need (427.3217ms)
✔ a missing install is an installation problem, not a broken document (0.2744ms)
✔ limits and verbosity mirror the donor exactly (2.3575ms)
✔ PdfError carries its name and code (0.2738ms)
✔ inspectPdfHeader accepts a real PDF and rejects other payloads with typed errors (0.5302ms)
✔ extractPdf decodes a synthetic one-page PDF through the real engine (325.0208ms)
✔ extractPdf honours the page cap and warns about the unread pages (12.0174ms)
✔ extractPdf fails closed on a truncated or corrupt document (4.4949ms)
✔ extractPdf rejects over-limit bytes before the engine is consulted (0.4027ms)
✔ extractPdf is deterministic for identical bytes (12.363ms)
✔ the port keeps its engine quarantine (14.4567ms)
✔ a sheet with shared strings extracts the expected rows, part and used range (27.9866ms)
✔ the markdown rendering is a real table with a header row and a separator row (3.4911ms)
✔ the synthetic package is a real ZIP the engine itself can open (4.1976ms)
✔ a formula without a cached value warns and is never given an invented result (2.535ms)
✔ two extractions of the same bytes are deeply equal (2.5169ms)
✔ sheets beyond limits.maxSheets are reported, not silently dropped (2.257ms)
✔ a payload that is not a ZIP fails closed as NOT_XLSX (a truncated one as CORRUPT_XLSX) (7.4185ms)
✔ an archive above limits.maxEntries or limits.maxBytes fails closed as TOO_LARGE (2.2103ms)
✔ an entry expanding above limits.maxEntryBytes fails closed as TOO_LARGE (2.7857ms)
✔ DEFAULT_XLSX_LIMITS carries the donor pin and is frozen (1.4292ms)
✔ the reader is quarantined: the engine seam and the core, never fflate (17.4778ms)
✔ encoding detection follows BOMs, validates UTF-8 and refuses to guess silently (2.7277ms)
✔ markdown and plain text split into offset-preserving sections (2.7703ms)
✔ JSON, JSON Lines and structured sections match the donor (74.9649ms)
✔ CSV and TSV parsing matches the donor, including quoted fields and limits (1.3073ms)
✔ XML helpers decode entities and extract text runs exactly once (0.9663ms)
✔ format detection names the parser, including the completed YAML branch (0.3219ms)
✔ the module carries no parser of its own: the YAML package stays behind the seam (17.2053ms)
✔ provenance stays honest: DONOR.json records both waves of this module (1.8351ms)
✔ the extension decides the order, and the YAML branch is a real format now (2.0555ms)
✔ a .yaml document is parsed as YAML with nested maps and sequences (73.8171ms)
✔ the non-YAML fallback is reported, exactly as the donor does (1.7488ms)
✔ invalid input fails closed with one reason and the parser detail (23.6057ms)
✔ the intake is deterministic, and every guard is real (7.7871ms)
✔ the module never names the package outside the seam (9.4392ms)
✔ the dependency is quarantined in one file and resolves from the city tree (75.4088ms)
✔ a YAML document parses into plain data, including nested maps and sequences (12.4229ms)
✔ a malformed document fails closed with a typed error carrying the reason (3.2692ms)
✔ the limits are real: size and alias count are both bounded (6.4588ms)
✔ a missing package is an installation problem, not an invalid document (0.7768ms)
✔ the ordered gate chain is the donor's seven-value literal, in order, frozen (2.0686ms)
✔ a fully-ready probe is ready with no blockers and echoes the caller's facts (2.0541ms)
✔ a non-ready DOM blocks with exactly the failing gates, in gate order (0.3365ms)
✔ an empty probe is ready: absence of every fact is 'unknown ⇒ pass' (0.2086ms)
✔ each gate blocks only on its own explicit failing fact (0.4564ms)
✔ blockers accumulate in gate order across all seven gates at once (0.2019ms)
✔ post-action verification never assumes a change happened (0.2784ms)
✔ bounded escalation: bounded retry → selector refresh → alternate strategy (0.1854ms)
✔ the retry bounds are the donor's arithmetic for every maxBoundedRetries (0.3514ms)
✔ the read and mutation action lists are the donor's literals, in order, frozen (2.2509ms)
✔ §26 every CU_REPAIR need is classified from the donor's phrase sets (1.0081ms)
✔ §26 every HUMAN_REQUIRED phrase gates the page away from CU repair (0.2957ms)
✔ §26 NOT_REPAIRABLE is the fallthrough: unknown failures are never guessed into a mutation (0.2204ms)
✔ §26 classification lowercases the reason with toLocaleLowerCase, as the donor does (0.2298ms)
✔ §24 tierForTarget maps every kind to the donor's tier, unknown kinds to 6 (0.3049ms)
✔ §28 geometryTargetValid only guards ICON and POINT, and needs truthy finite frameRevisionAt + boundedRegion (0.3207ms)
✔ §26 READY: a SEND plan is read_page → click_control → verify_state with a revisioned ICON affordance (0.486ms)
✔ §26 READY: an INPUT plan inserts submit when the submit grant is present (0.2826ms)
✔ §26 the INPUT chain is still READY without the submit grant (3 steps is the donor's floor) (0.2911ms)
✔ §26 DRIFT and STRUCTURE plans are ROLE-targeted and never geometry (0.2778ms)
✔ §26 DENIED when the required mutation grant is missing, naming the action (fail closed) (0.2473ms)
✔ §28 UNCERTAIN when the ICON affordance has no usable frame revision (the now === 0 default) (0.1505ms)
✔ DEFECT PINNED: the read_page denial branch of buildRepairPlan is unreachable (0.2654ms)
✔ §29 grantedComputerActions maps only exact computer:<action> entries, trimming surrounding space (0.6951ms)
✔ §29 a granted read action alone never unlocks a mutation (0.2211ms)
✔ §25 verdictForOutcome is VERIFIED only when the post-condition was observed (0.1621ms)
✔ DEFECT PINNED: verdictForOutcome can never return its exported ACTED status (0.2286ms)
✔ §38 planSummary reports steps, actions and only a present reason, in the donor's key order (0.3151ms)
✔ DOM_TARGET_PREFIX is the donor's literal and the read/mutation sets are its neighbours (2.7788ms)
✔ parseDomTarget returns the parsed fields and undefined for non-dom or unparsable targets (0.5121ms)
✔ parseDomTarget throws on a malformed providerId and accepts the [a-zA-Z0-9_-] class (0.8605ms)
✔ supports: dom: targets with a selector for mutations and reads, nothing else (0.4001ms)
✔ supports does not throw on a malformed providerId (the parse it uses is the lenient one) (0.2719ms)
✔ readinessScript is the donor's probe: found / visible / enabled / stableSamples from the live page (0.5221ms)
✔ readyOrBlocked returns null when the first probe is ready and probes exactly once (0.4847ms)
✔ readyOrBlocked uses the donor's default of 2 attempts and reports the last block reason (0.3139ms)
✔ readinessAttempts is honoured as a lower bound of 1, and the retry stops as soon as a probe is ready (0.745ms)
✔ a null/undefined probe answer is treated as no facts, which is ready ('unknown ⇒ pass') (0.3486ms)
✔ the retry interval only delays when it is positive, and the page ref reaches every probe (13.7163ms)
✔ execute refuses an action without a dom: selector (0.6687ms)
✔ execute reports a supported-but-unhandled action as UNSUPPORTED (0.1912ms)
✔ click_control reports SUCCESS on ok and FAILED with the surface's reason otherwise (0.2497ms)
✔ enter_text reports the donor's three outcomes: sent, not-found, unsupported-element (0.2589ms)
✔ submit reports SUCCESS on ok and FAILED with the surface's reason otherwise (0.182ms)
✔ read_page returns the text as evidence (0.2174ms)
✔ DEFECT PINNED: read_page lacks the `?? { ok: false }` guard the other branches have (0.1506ms)
✔ verify_state checks expected ?? value against the page text (0.2398ms)
✔ DEFECT PINNED: verify_state with no expected AND no value is a free SUCCESS (0.1668ms)
✔ scripts embed JSON-escaped selectors and values, so nothing can break out (0.3785ms)
✔ a dom: providerId is forwarded to the page surface, and a provider-less target sends no page ref (0.2461ms)
✔ a surface that rejects is caught and truncated to 300 characters (0.2766ms)
✔ DEFECT PINNED: an invalid providerId rejects execute() instead of returning FAILED (0.3528ms)
✔ DEFECT PINNED: a JSON scalar in a dom: target destructures to all-undefined, and null is UNSUPPORTED (0.2153ms)
✔ preflightReadiness is OFF by default: a mutation proceeds without any probe (0.1432ms)
✔ preflightReadiness probes before a mutation and refuses it while the page is not ready (0.206ms)
✔ preflightReadiness lets a ready page through and then performs the action (0.1805ms)
✔ preflightReadiness applies to the three mutations only, never to a read (0.294ms)
✔ the preflight probe carries the target's provider page ref (0.1552ms)
✔ the abort signal is accepted and ignored, exactly as the donor does (0.1856ms)
✔ the permission vocabulary is the donor's five kinds and four security classes, frozen (2.368ms)
✔ EMPTY_MANIFEST is the donor's five empty scopes (0.3936ms)
✔ manifestAllows: an empty allow list denies everything, even a perfect match (0.3078ms)
✔ manifestAllows: an exact allow entry is allowed, a non-entry is not (0.2035ms)
✔ manifestAllows: an entry without a trailing slash is also a directory prefix (0.2288ms)
✔ manifestAllows: a deny entry outranks any allow entry (0.224ms)
✔ DEFECT PINNED: a trailing-slash entry is not equivalent to the bare entry (0.2911ms)
✔ manifestAllows reads only the scope it was asked about (0.1809ms)
✔ manifestNarrow reports task allow entries the workspace does not allow, as kind:allow:entry (0.3557ms)
✔ DEFECT PINNED: manifestNarrow never reports an over-broad task deny (0.3056ms)
✔ desktopMutationGate always allows the four read actions, with no manifest at all (0.3033ms)
✔ desktopMutationGate denies a mutation when there is no manifest (fails closed) (0.2099ms)
✔ desktopMutationGate denies a mutation when the manifest has no side-effect allow (0.1653ms)
✔ desktopMutationGate allows a mutation only when its computer:<action> entry is allow-listed (1.604ms)
✔ desktopMutationGate lets a deny entry beat an allow entry for the same key (0.3371ms)
✔ a side-effect prefix entry cannot grant a computer: key, because the entry separator is / and the key separator is : (0.159ms)
✔ DEFECT PINNED: a permitted verdict carries no reason key at all (0.1499ms)
✔ the read set and the mutation check are the only two paths through the gate (0.1953ms)
✔ evaluates scripts on the named provider WebContentsView and returns its value (2.3155ms)
✔ fails closed when the provider pane is closed, crashed, or the target is ambiguous (1.9776ms)
✔ a providerId that was never open reports the same 'not open' message as a closed one (0.4118ms)
✔ a destroyed pane short-circuits before the crash check (0.325ms)
✔ returns real page content when the named provider pane is open (0.267ms)
✔ the accessor is called freshly per lookup, so a pane that opens later is found (0.3634ms)
✔ only the script reaches executeJavaScript, with no extra argument (3.4665ms)
✔ a rejecting executeJavaScript propagates unchanged (0.346ms)
✔ the composed surface drives the DOM backend end to end over a fake pane (0.5771ms)
✔ the nine action names are the donor's line-1 union, in order, frozen (3.9847ms)
✔ the six unconditional action names are accepted with just a name and target (0.539ms)
✔ every one of the nine action names passes the membership check itself (0.3197ms)
✔ a fully-populated action is accepted (0.3593ms)
✔ Invalid semantic action: a missing value, an unknown name, a bad or missing target, unknown keys (1.356ms)
✔ Invalid semantic value: value/expected must be strings of at most 100000 characters (0.4768ms)
✔ Text value required: enter_text needs a string value (0.3219ms)
✔ Expected state required: verify_state and wait_for_state need expected or value (0.3715ms)
✔ Invalid semantic timeout: only finite numbers in [1, 120000] (0.3547ms)
✔ precedence: the first failing check is the one reported (0.3702ms)
✔ computerIntent opens the three apps it names, in both languages (0.6685ms)
✔ computerIntent reads the four fixed read commands (0.3421ms)
✔ computerIntent parameterises the terminal-log and browser-state forms (1.0944ms)
✔ computerIntent parses the desktop {…} JSON form and validates it (0.4234ms)
✔ DEFECT PINNED: a malformed desktop {…} body throws SyntaxError, it is not turned into undefined (0.3124ms)
✔ computerIntent returns undefined for anything it does not recognise (0.1997ms)
✔ DEFECT PINNED: the Chinese VS Code status form needs the donor's exact ASCII space (0.1746ms)
✔ the surface id vocabulary is the donor's 23 ids in the donor's order, frozen (2.7521ms)
✔ the registry version string is the donor's literal (0.2126ms)
✔ the eleven surface categories are the donor's, in order (0.1796ms)
✔ the §10 token groups are the donor's five groups and 31 names, in order (0.3909ms)
✔ tokenGroupOf resolves each group and rejects a token in no group (0.3644ms)
✔ knownToken accepts the §10 names and the six extras, nothing else (0.2227ms)
✔ defaultSurfaceContracts covers every §9 surface exactly once, in id order (0.3581ms)
✔ every contract row carries the donor's category, allowedProperties, defaultTokens and fallback (1.4569ms)
✔ the two fallback notes are the donor's strings and only BORDER/DIVIDER/SCROLLBAR inherit (0.3407ms)
✔ every contract reads only known tokens and allows at least one property (0.3483ms)
✔ defaultSurfaceContracts returns fresh arrays and fallback objects each call (0.3701ms)
✔ surfaceById finds a contract by id and returns undefined otherwise (0.3773ms)
✔ §9.1 an allowed property with a literal or a declared token is accepted, property normalised (1.0408ms)
✔ §9.1 an unknown surface fails closed with UNKNOWN_SURFACE (0.1788ms)
✔ §9.1 a property the surface does not allow fails closed with UNKNOWN_PROPERTY (0.162ms)
✔ §9.1 an empty value fails closed with EMPTY_VALUE, checked after the property (0.1848ms)
✔ §20 unsafe values fail closed with UNSAFE_VALUE, in pattern order (0.4754ms)
✔ DEFECT PINNED: the unsafe patterns match their substring anywhere, including benign values (0.2632ms)
✔ DEFECT PINNED: the §10 token scan is var()-only and stops at an underscore (1.4477ms)
✔ DEFECT PINNED: LOCKED_SURFACE is unreachable with the donor's SEEDS table (0.2594ms)
✔ validateUISurfaceRegistry accepts a complete, honest registry (0.4305ms)
✔ validateUISurfaceRegistry reports every missing surface contract, in seed order (0.2106ms)
✔ validateUISurfaceRegistry reports duplicate ids, empty properties, empty tokens and undeclared tokens (0.3402ms)
✔ validateUISurfaceRegistry enforces the unbound list in both directions (0.3239ms)
✔ validateUISurfaceRegistry refuses an evidence-free binding (0.1832ms)
✔ summarizeUISurfaceRegistry reports every summary field from the registry (0.2709ms)
✔ summarizeUISurfaceRegistry counts bound surfaces and declared tokens, and copies its arrays (0.2221ms)
✔ the status vocabulary is the donor three (5.1039ms)
✔ the block reasons are the donor five, with the donor strings (0.2309ms)
✔ the capability → controller table is the donor ten, and it is not the routing table (0.2718ms)
✔ controllerIdsFor maps a capability to its controllers and passes an unknown name through (0.2431ms)
✔ capabilityIsUsable accepts a capability or a controller id and needs a real hit (0.3025ms)
✔ a healthy snapshot is healthy, and it echoes the donor fields (0.7463ms)
✔ the default snapshot is healthy but empty, with the donor defaults (0.2245ms)
✔ an explicitly degraded probe is degraded while staying available (0.2499ms)
✔ an unavailable controller is degraded, unusable and takes the runtime to degraded (0.3077ms)
✔ a null controller entry is unavailable, and `available` is only false when it is literally false (0.3307ms)
✔ a dead channel the contract does not need still degrades the runtime (0.2596ms)
✔ BLOCK_REASONS.WORKSPACE_UNAVAILABLE is derived from the workspace guard (0.3252ms)
✔ BLOCK_REASONS.ALL_CAPABILITIES_UNAVAILABLE is derived only when every allowed capability is gone (0.5928ms)
✔ BLOCK_REASONS.RESOURCE_CEILING is derived from the evidence snapshot and the process capacity (1.2785ms)
✔ BLOCK_REASONS.SAFETY_UNAVAILABLE and STATE_INTEGRITY_UNCERTAIN are derived from their flags (0.2515ms)
✔ every block reason can appear at once, in the donor order, and blocked outranks degraded (0.2948ms)
✔ status is blocked, then degraded, then healthy — in that order of precedence (0.1862ms)
✔ capabilityVerdict answers the four donor cases, including the unclaimed capability (0.465ms)
✔ capabilityVerdict judges the degraded flag on every controller the table names (0.1871ms)
✔ a snapshot built by buildHealthSnapshot feeds capabilityVerdict unchanged (0.1576ms)
✔ stabilization re-exports the target-guard room's own revalidate (1.3865ms)
✔ the barrel re-exports that same revalidate binding (0.3101ms)
✔ recovery uses the routing-safety room's own channel plan table (1.6365ms)
✔ the routing-safety room's fallbackChannels is the function that answers (0.4023ms)
✔ the sibling-owned bindings are the donor's algorithms, not lookalikes (3.0451ms)
✔ every donor export is re-exported, and each one is defined (1.9389ms)
✔ the re-exported names are the same bindings the modules define (1.6092ms)
✔ MODULES exposes the seven modules plus the local contracts (1.1666ms)
✔ the four closed vocabularies are the donor values, through the barrel (0.4886ms)
✔ one deterministic step clock is shared by every module that needed a default (0.6229ms)
✔ the ported modules read the local contracts rather than a sibling import (4.7544ms)
✔ the outcome vocabulary and the donor default budget (3.5047ms)
✔ no reattach function is exhausted with zero attempts (0.5201ms)
✔ one attempt below the bound connects on the first try (0.5123ms)
✔ the budget is spent per channel and per step: at, just below and just above the bound (0.6404ms)
✔ a channel that never comes back is exhausted after exactly maxAttempts attempts (1.3591ms)
✔ the backoff is bounded, and a one-attempt budget never spends it (0.4936ms)
✔ a reattach that throws is a failed attempt, and the message is carried (0.3375ms)
✔ an undefined reattach result counts as attached, a bare false does not (0.4079ms)
✔ a fresh step resets the budget but not the event log (0.5585ms)
✔ the event log is bounded at 100 entries (2.1677ms)
✔ the transport codes are exactly the donor four (0.2005ms)
✔ isTransportFailure classifies the donor codes, the raw transport messages and nothing else (0.4197ms)
✔ channelOfError prefers the error-named channel and never guesses (0.1899ms)
✔ channelHintFor reads the last route, then the capability map, and never guesses (0.2033ms)
✔ exhaustedError is the donor RECONNECT_EXHAUSTED failure (1.1611ms)
✔ the policy exposes the donor RECONNECT vocabulary (0.1726ms)
✔ channel recovery needs a reconnect policy (1.2159ms)
✔ recover reattaches through the controller, then proves it with a fresh observation (1.1589ms)
✔ recover fails when no controller implements the channel (0.6638ms)
✔ a controller that still reports unavailable spends the whole budget (0.523ms)
✔ a probe with no reason falls back to the donor sentence (0.2125ms)
✔ a reattached channel with an unobservable state is context_invalid (0.5417ms)
✔ a contract that is no longer valid after the reconnect is exhausted (0.3986ms)
✔ recover without an observer or a validity check still reconnects (0.2088ms)
✔ recover defaults a missing channel name to "unknown" (0.2779ms)
✔ a controller with no probe or facts is reattached on the host's word (0.2154ms)
✔ channel recovery exposes the donor attribution helpers (0.1076ms)
✔ the default clock and delay are deterministic (0.2848ms)
✔ the documented rungs are the donor seven, in order (3.7672ms)
✔ the verdict vocabulary is the donor five and VERDICT_BY_STEP has exactly the donor four keys (0.3599ms)
✔ USER_ACTION_CODES is the donor nine, in the donor order (0.2952ms)
✔ every USER_ACTION_CODE is checked before the retry rung and is terminal (0.9841ms)
✔ rung 0 wins over the retry rung even when a retry would be allowed (0.2862ms)
✔ a non-retryable failure fails without spending the ladder (0.2622ms)
✔ the explicit retryable override is honoured in both directions (0.3571ms)
✔ an absent error is retryable, and an error with no code fails by its code-less message (0.7476ms)
✔ the attempt counts down against the action retry policy, not the controller default (1.0216ms)
✔ the retry rung escalates the visual level only after the first attempt (0.483ms)
✔ nextVisualLevel climbs one rung and stops at the injected ceiling (0.4641ms)
✔ the cooldown signals are the donor mapping, de-duplicated (0.5468ms)
✔ the alternative rung converts the same intent to the cheapest untried channel (0.8776ms)
✔ the alternative rung is skipped when the action forbids an alternative (0.2241ms)
✔ the alternative rung is skipped when the retry policy is absent (donor condition) (0.2447ms)
✔ the replan rung reports, and runs out at maxStallRecoveries (0.4542ms)
✔ an action that cannot be converted names the action type on the replan rung (0.2495ms)
✔ a CLICK with no target still converts, because vision click pixels (0.1876ms)
✔ the round budget is checked before every other rung and defaults to attemptsAllowed + 2 (0.1992ms)
✔ decisions() returns every decision in order, as a copy (0.2088ms)
✔ the controller reports its own bounds (0.1692ms)
✔ stallStep walks the donor ladder one rung at a time and ends terminal at fail_with_context (0.2904ms)
✔ stallStep clamps an out-of-range index to the ends of the ladder (0.1975ms)
✔ a fractional stall index throws the donor TypeError (0.6661ms)
✔ mapType is the donor intent × channel table (0.1633ms)
✔ alternativeAction is null for a null action and picks the intent per action type (0.2004ms)
✔ alternativeAction never offers dom or accessibility for a visual target (0.2102ms)
✔ alternativeAction respects the contract capabilities and the used channel (0.2076ms)
✔ alternativeAction prefers the cheapest remaining channel and builds the gui point (0.232ms)
✔ alternativeController reads the channel from either shape and answers null otherwise (0.149ms)
✔ exhaustedError is the donor PLAN_EXHAUSTED failure carrying the decision context (0.6541ms)
✔ a decision is stamped with the injected clock, and the default clock is a step clock (0.1927ms)
✔ the donor constants are 60s TTL and the five small ceilings (2.571ms)
✔ classifyRetention answers every donor verdict from the reason text (0.4889ms)
✔ classifyRetention answers its undocumented cases as the donor does (0.3566ms)
✔ classifyRetention answers its `undefined` case: no argument at all (0.2472ms)
✔ registerScreenshot answers the donor `keep`, which is always true (0.7569ms)
✔ classifyRetention stays a method on the budget, with the module function identity (0.1905ms)
✔ an expired transient is dropped on the next enforcement, and a live one is not (0.4028ms)
✔ a kept failure capture is never expired by the TTL (0.2605ms)
✔ the count ceiling evicts a transient before the oldest retained evidence (0.5356ms)
✔ the byte ceiling evicts the oldest first, even when both entries are retained (0.5074ms)
✔ the count eviction leaves the donor mark on the entry it tagged and dropped (1.4351ms)
✔ the byte ceiling does not guard on the donor mark, but never re-drops the same entry (0.2878ms)
✔ pressure is kept as the last five eviction events (0.2864ms)
✔ atCeiling needs a drop and then real pressure, exactly as the donor defines it (0.3822ms)
✔ the ring buffer keeps the newest `capacity` items and reports its capacity (0.561ms)
✔ the injected limits override every default, and the snapshot echoes them (0.2616ms)
✔ the default clock is a deterministic step clock, so a TTL cannot expire by surprise (0.2265ms)
✔ a capture with no bytes and no reason is still recorded with the donor defaults (0.262ms)
✔ the donor vocabulary is eight signals, in order (3.6043ms)
✔ the donor aliases map every hyphenated name, including "animation" (0.3537ms)
✔ normalizeSignals starts from every signal false and accumulates unknown names (0.4405ms)
✔ normalizeSignals accepts the hyphenated array recovery emits, canonical names and unknowns (0.3311ms)
✔ normalizeSignals accepts an object, including a mixed one, and only reports truthy unknowns (0.278ms)
✔ the dynamic cooldown starts at the base and adds one step per active signal (0.5697ms)
✔ the dynamic cooldown climbs in the donor signal order and stops at the soft ceiling (0.2937ms)
✔ a pending navigation jumps the cooldown to the navigation budget (0.2722ms)
✔ the escalate flag uses the hard ceiling, and the injected limits are honoured (0.3648ms)
✔ signalInputs turns a signal set into the cooldown input, carrying the reasons (0.3853ms)
✔ stabilitySignals reports the donor reasons, and only them (0.6324ms)
✔ detectSignals expands the same reasons into the named vocabulary (0.3256ms)
✔ postActionSignals reads only the receipt and the two observations (0.3865ms)
✔ settle returns stable on the first observation when nothing is moving (0.6905ms)
✔ settle spends the bounded minimum before the first observation (0.233ms)
✔ settle clamps a minimum above the ceiling to the ceiling (0.2223ms)
✔ settle answers reobserve for a stale target and for one that vanished (0.3591ms)
✔ settle reports the donor `updated` verdict when the refreshed coordinate is the only change (0.4629ms)
✔ settle answers wait_state when the ceiling is reached while the UI keeps changing (0.3036ms)
✔ settle merges the caller-carried signals into every cooldown it spends (0.1948ms)
✔ waitFor polls until the condition holds and reports what it saw (0.2897ms)
✔ waitFor times out at its ceiling and is bounded, not unbounded (0.1819ms)
✔ grace is bounded by the grace ceiling and reflects the action budget (0.2827ms)
✔ afterAction returns quiet once the minimum is spent and nothing is pending (0.4193ms)
✔ afterAction ends the moment the effect is observable (0.1967ms)
✔ afterAction is bounded by the grace ceiling when the world never settles (0.2433ms)
✔ afterAction ignores a landed check that throws, as the donor does (0.2846ms)
✔ the trace holds the most recent notes and is bounded (0.2698ms)
✔ the stabilizer exposes the donor limits, thresholds and vocabulary (0.1418ms)
✔ the default clock is deterministic and never reads a wall clock (0.3953ms)
✔ the injected thresholds drive the settle verdicts (0.3305ms)
✔ the donor ladder is eight rungs, in order, each with its exact description (2.4953ms)
✔ the donor thresholds are 3 consecutive actions and 2 recoveries (0.4894ms)
✔ the stall fires exactly at the third consecutive action without progress, not before (0.8069ms)
✔ a meaningful change resets the streak and clears stalledSince (0.2569ms)
✔ an explicit meaningful flag overrides changed, in both directions (0.2571ms)
✔ a changed signature is progress even with no meaningful change, but only once a signature is known (0.234ms)
✔ the record shape is the donor shape, with its own defaults (0.2768ms)
✔ the detector accepts injected thresholds and thresholds them exactly (0.3035ms)
✔ every recovery is counted and the ladder ends at maxRecoveries (0.3109ms)
✔ reset clears the streak and the signature but keeps the recovery count (0.4495ms)
✔ history is a bounded copy: 250 records keep the newest 200 (1.2098ms)
✔ the default clock is deterministic: no wall clock is read (0.3368ms)
✔ the donor machine is fifteen states and two terminal states (2.0379ms)
✔ the transition table is the donor table, edge for edge and in order (0.4772ms)
✔ every ordered state pair is exactly as legal as CU_TRANSITIONS says (6.2022ms)
✔ an unknown state is STATE_INVALID from canTransition, transition and force (0.6518ms)
✔ an unknown initial state is STATE_INVALID and names the state (0.4001ms)
✔ force bypasses the edge table but is labelled forced in the history (0.3516ms)
✔ isTerminal is true only for COMPLETED and FAILED (0.2715ms)
✔ the reason carried into a transition is the previous meta reason when meta omits one (0.3247ms)
✔ a transition listener sees the edge and can never break the run (0.9818ms)
✔ path, previous, reset and the history copy (0.5151ms)
✔ a custom initial state starts the path there (1.3655ms)
✔ the default clock is a deterministic step clock (0.2505ms)
✔ the action type set, expected-effect and parameter vocabularies are exactly the donor lists (2.8526ms)
✔ a bare action type and the documented envelope both normalize to one action object (2.1677ms)
✔ unsupported and non-object actions fail with the donor ACTION_INVALID shape (0.7287ms)
✔ parameters are collected in donor order, with keys/args coercion and the raw timeout kept alongside the resolved one (0.5817ms)
✔ preconditions default to the donor tri-state (0.3313ms)
✔ stabilization is clamped into the donor band and rejects an inverted window (0.6271ms)
✔ expected effects normalize into one closed shape and reject unknown keys (1.1284ms)
✔ retry budgets clamp to the donor 0..5 attempt window without rounding (0.2693ms)
✔ destructive is normalized into the donor kind list, defaulting to DELETE (0.6449ms)
✔ validation rejects an action that is missing the thing it must act on (1.5279ms)
✔ the donor `any` fallback to the resolved target lets a DOM_TYPE through without text (preserved donor defect) (0.505ms)
✔ requiresTarget is the donor action list plus any resolved target (0.6223ms)
✔ describeAction is log-safe: targets labelled, secrets redacted, long payloads truncated (0.6872ms)
✔ destructiveKinds derives DELETE/FORMAT/INSTALL/PUBLISH from structured and shell actions (0.8395ms)
✔ the target ladder vocabulary is the donor list, cheapest and most stable first (0.1839ms)
✔ normalizeTarget accepts the donor shapes and records kinds, rank and primaryKind (1.319ms)
✔ the donor reads a bare lowercase word as a CSS selector (preserved donor defect) (0.2416ms)
✔ normalizeTarget rejects malformed targets with the donor TARGET_INVALID messages (0.8001ms)
✔ describeTarget labels the target the way the execution log reads it (0.1923ms)
✔ a minimal contract is the donor default document, field for field (3.177ms)
✔ a contract must be an object and must carry a goal (1.7913ms)
✔ capabilities are a closed vocabulary: deduplicated, never guessed (0.6671ms)
✔ the destructive mode is a closed vocabulary that fails loud instead of defaulting open (0.5102ms)
✔ safety posture keeps the donor defaults and normalizes forbidden targets through the target model (1.131ms)
✔ limits are clamped to the donor windows and fall back to the effective options (0.4346ms)
✔ vision retention is a closed vocabulary and screenshot ceilings keep the donor defaults (0.4963ms)
✔ autonomy is opt-in and the workspace never invents a cwd (0.4334ms)
✔ success criteria are normalized up front, so a bad criterion fails at contract time (0.6669ms)
✔ plan steps are normalized into donor envelopes and invalid actions are wrapped as PLAN_INVALID (3.2594ms)
✔ the donor plan step keeps the contract retry limit out of its actions (preserved donor defect) (0.3079ms)
✔ capability assertion fails closed with the donor codes and messages (0.4873ms)
✔ declared destructive kinds are filtered against the closed donor families (0.3545ms)
✔ describeContract is a log-safe summary, never the plan payload (0.365ms)
✔ the resolved config block is an explicit parameter, replacing the donor file read (0.4292ms)
✔ the action surface is the donor closed list, in donor order (2.9394ms)
✔ capability routing covers every action and uses the donor capability names (0.2611ms)
✔ the route ladder is cheapest-first and the controller map is the donor map (0.2754ms)
✔ the state machine, its transitions and its terminal states are the donor lists (0.3546ms)
✔ verification kinds, verdicts and screenshot levels are the donor values (0.2616ms)
✔ capabilities, destructive kinds/modes, retention, step results and run status are the donor lists (0.2256ms)
✔ timing, movement, stall, retry and contract defaults keep the donor thresholds (0.3069ms)
✔ resolveComputerUseOptions with no config block is exactly the donor default resolution (0.7194ms)
✔ the config block is the middle layer: defaults, then block, then overrides (0.414ms)
✔ positive limits accept integers only and otherwise keep the shipped default (0.609ms)
✔ an unknown destructive mode falls back to confirm instead of widening the gate (0.3392ms)
✔ capability lists are filtered without de-duplication, and a non-array keeps the shipped list by identity (1.2473ms)
✔ the filesystem escape hatches are strict booleans (0.252ms)
✔ timing values are rounded and clamped into the donor bands (0.324ms)
✔ target movement is copied unsmoothed, and a null override reads as 0 (donor quirk) (0.2257ms)
✔ the stall threshold comes from the config block, never from a zero override (0.2435ms)
✔ a null config block still throws the donor TypeError (preserved donor defect) (0.7882ms)
✔ the criterion vocabulary is the donor closed list, in donor order (2.418ms)
✔ a bare string is a custom criterion, normalized criteria carry kindAlias and a description (0.6079ms)
✔ the donor alias only applies to `type`, so `kind: "file"` survives unexpanded (preserved donor defect) (0.7587ms)
✔ an object criterion must be plain and must name a supported kind (0.6682ms)
✔ negation is coerced to a boolean and only stored when the author wrote it (0.4719ms)
✔ all/any nest their criteria and refuse an empty list (0.7425ms)
✔ the donor describes an `of`-shaped all/any before it expands it, so it crashes (preserved donor defect) (1.2541ms)
✔ normalizeCriteria accepts a list, a single entry, or nothing (0.9899ms)
✔ every criterion kind has the donor description string (0.975ms)
✔ evaluation is per-kind and reads only the injected facts (3.7789ms)
✔ missing evidence is unknown, never true, and the result shape is the donor shape (0.4177ms)
✔ negate flips a known verdict and leaves an unknown verdict unknown (0.1945ms)
✔ all/any combine child verdicts with the donor three-valued rules (0.5283ms)
✔ a custom criterion consults the custom fact or the named check function (0.2339ms)
✔ no criteria means satisfied and skipped — the donor completion rule (0.2659ms)
✔ evaluateCriteria reports per-criterion results and treats unknown as not satisfied (0.402ms)
✔ an already-normalized array is used as-is, so a raw object keeps its raw kind (preserved donor defect) (0.1855ms)
✔ CODES holds every donor member, in donor order, with the donor values (3.435ms)
✔ the two donor aliases stay aliases, not copies (0.2257ms)
✔ defaultRetryable is the donor table and nothing wider (0.3613ms)
✔ ComputerUseError carries code, message, details, retryability and fault boundary (0.7774ms)
✔ the message falls back to the code, and empty fault fields become null (0.2581ms)
✔ an explicit retryable detail wins over the default table, coerced to boolean (0.2572ms)
✔ toJSON is the log shape, with details redacted and no extra keys (0.5619ms)
✔ redaction matches the donor key pattern, recursively, and only on keys (0.3869ms)
✔ redaction turns any non-plain object into its enumerable entries (preserved donor defect) (0.2973ms)
✔ fail() is the donor constructor shorthand (0.4027ms)
✔ every module is pure ESM: no fs, network, clock, randomness, env, cwd or require (21.1498ms)
✔ every JSDoc header names its donor file and the frozen commit (35.4029ms)
✔ the barrel exposes exactly the donor-derived public surface (2.6019ms)
✔ the DONOR.json record matches the manifest assignment exactly (7.556ms)
✔ a contract built through the barrel composes with criteria evaluation and typed failures (5.4006ms)
✔ the options resolver is reachable from the barrel and honours an explicit block (0.3557ms)
✔ the grade and risk vocabularies and their orders are the donor ones (2.6349ms)
✔ the risk action sets are the donor lists, in order (0.3082ms)
✔ no action may be in both the high-risk and the low-risk list (0.1914ms)
✔ classifyRisk with no action is standard with the donor reason (1.5728ms)
✔ classifyRisk grades a low-risk action low (1.3955ms)
✔ classifyRisk grades a named side effect high (0.2572ms)
✔ classifyRisk grades an interactive desktop or browser action standard (0.253ms)
✔ a declared destructive kind is critical whatever the type is (0.2734ms)
✔ a destructive array is filtered to the donor vocabulary, and an empty one does not raise the risk (0.2936ms)
✔ destructive:true raises the risk on its own and records the donor reason (0.3015ms)
✔ a destructive description or target name raises the risk to critical (0.2346ms)
✔ the donor keyword table is scanned in order and every field of the target is searched (0.2667ms)
✔ the declared kinds and the keyword reason are recorded together, kinds last (0.1306ms)
✔ a keyword boundary needs a non-letter on each side (0.1985ms)
✔ a modal dismissal is low risk even when its own text names a destructive effect (0.1404ms)
✔ gradeEvidence refuses to grade anything that did not succeed (0.3159ms)
✔ a controller-declared strength wins, and the strongest entry is taken (0.2407ms)
✔ a single unrecognised declared strength discards the whole declaration (0.1308ms)
✔ the specific verification kinds grade strong and carry the donor reason (0.1787ms)
✔ state, focus and visual observations grade medium (0.1722ms)
✔ a declared expected effect that held upgrades the observation (0.1973ms)
✔ the declared effect is read from the action when the input does not say (0.171ms)
✔ a bare change detection grades weak (0.1252ms)
✔ an unknown or absent verification kind grades weak (0.1408ms)
✔ a strong kind outranks a declared strength because it is checked first only when no entry declares one (0.1389ms)
✔ assess fails immediately when the verdict is not success, whatever the risk (0.3185ms)
✔ a low-risk action clears the bar with weak evidence (0.1391ms)
✔ a standard-risk action needs medium evidence: just below fails, just above passes (0.2076ms)
✔ a high-risk action needs strong evidence: just below fails, just above passes (0.2501ms)
✔ a critical action without a declared effect is refused even with strong evidence (0.1978ms)
✔ a critical action clears the bar only with strong evidence and a declared effect (0.2632ms)
✔ the risk bar is not satisfied by a higher risk alone: the grade must reach it (0.185ms)
✔ FILE_DELETE is high risk, not critical: it is not in the keyword table and declares no kinds (0.3452ms)
✔ a modal dismissal is the one critical-risk exemption from declaring an effect (0.1573ms)
✔ an explicit declaredEffect argument satisfies the critical declaration requirement (0.1804ms)
✔ assess concatenates the grade reasons before the risk reasons (0.1345ms)
✔ a critical-risk action is only reached through a declared kind, a true flag or a keyword (0.1829ms)
✔ classifyControl follows the donor table order for every label branch (4.4603ms)
✔ classifyControl trims its input, and non-string labels are stringified (1.0628ms)
✔ the destructive table wins over every later table for the same label (0.2714ms)
✔ the donor reasons for one label of each class are exact (0.4478ms)
✔ the label tables are the donor tables, entry by entry (0.9067ms)
✔ classifyModal classifies every control and counts the classes (0.5352ms)
✔ classifyModal falls back to name/text for the label and null for absent fields (0.535ms)
✔ a destructive message is recognised from message or text, first table entry first (0.2332ms)
✔ a dialog with no controls asks the user and carries the message kind (0.5144ms)
✔ a safe dismissal is always preferred, even beside a destructive control (0.5361ms)
✔ a forbidden contract refuses a destructive confirmation and names the kinds (0.236ms)
✔ a destructive control without a declared matching effect asks the user (0.4348ms)
✔ a matched effect but no safety authorization still asks the user (0.2834ms)
✔ all three conditions together authorize pressing the destructive control (0.2224ms)
✔ the kind set is the action kinds, then the control kinds, then the message kind, and the reason lists them all (0.209ms)
✔ a positive confirmation needs a declared effect or a declared destructive kind (0.218ms)
✔ a positive confirmation is reached only after the destructive and safe tables (0.2435ms)
✔ an acknowledgement is pressed only when the dialog is harmless (0.2741ms)
✔ an unclassifiable dialog asks the user and lists the labels it saw (0.2144ms)
✔ destructiveAllowed allows everything except an explicit forbidden mode (0.1508ms)
✔ isDestructiveKind is the donor vocabulary check (0.1792ms)
✔ planModal classifies candidates, drops disabled ones and reports the chosen ref (0.3708ms)
✔ planModal on an empty input asks the user with the donor reason (0.1868ms)
✔ planModal drops every disabled control and reports the surface it chose (0.1878ms)
✔ planModal forwards its context, so the destructive decision still needs all three conditions (0.3862ms)
✔ CHANNEL_PLANS is the donor plan table, action type by action type (2.8301ms)
✔ every plan channel has a capability and a controller, exactly as declared (0.4491ms)
✔ fallbackChannels returns a copy, never the frozen plan itself (0.1993ms)
✔ channelRank is the index in the donor cost ladder, and the ladder length when unknown (0.2047ms)
✔ isBrowserAction matches only BROWSER_ and DOM_ prefixes (0.1977ms)
✔ an unknown action type is refused with the donor reason and code (0.4699ms)
✔ CLICK resolves to the DOM with the donor reason and an ordered alternative list (0.4732ms)
✔ a contract that withholds the winning capability records the refusal and moves on (0.3266ms)
✔ an unavailable controller is described with the donor label and host reason (1.3054ms)
✔ pageReady is not consulted on the api channel: a navigation still routes to the api (0.3629ms)
✔ a channel that is available but unsuited reports the unsuitability reason (0.4286ms)
✔ an unavailable channel is reported before an unsuited one on the same action (0.1958ms)
✔ the accessibility channel accepts FOCUS without a resolved point, and CLICK is not in its plan list (0.2333ms)
✔ an accessibility node resolves through the ax source (0.1634ms)
✔ TYPE prefers the DOM, then accessibility, then coordinates (0.2855ms)
✔ point and vision channels carry the donor reasons (0.2586ms)
✔ OPEN_APP reaches the shell channel and the api channel is measured against browser availability (0.1507ms)
✔ availability entries are available unless explicitly set to false (0.2325ms)
✔ every routing reason is the donor string, reached through its own channel (0.4749ms)
✔ TYPING_ACTIONS and POINTING_ACTIONS are the donor sets (2.9114ms)
✔ the destructive gate classifies a harmless action as allowed (0.8965ms)
✔ a destructive action with no contract falls back to confirm and records the exact reason (0.3149ms)
✔ a forbidden contract refuses with DESTRUCTIVE_FORBIDDEN and the exact reason (0.2794ms)
✔ an allowed contract lets a destructive action through with no confirmation flag (0.2363ms)
✔ a shell command is classified by the donor patterns (0.9776ms)
✔ an action that declares its own destructive kinds keeps them verbatim (0.2744ms)
✔ the options contract is the fallback when the call carries no contract (0.2219ms)
✔ assertActionAllowed throws DESTRUCTIVE_NEEDS_CONFIRMATION when the host supplies no confirm callback (1.0251ms)
✔ assertActionAllowed throws DESTRUCTIVE_FORBIDDEN before it ever asks for confirmation (0.5262ms)
✔ assertActionAllowed returns the decision for a harmless action and for an already-confirmed one (0.3058ms)
✔ the confirmation callback path is ported but no host supplies one (unreachable by construction) (0.2833ms)
✔ a refused confirmation throws SAFETY_REFUSED with the donor message (0.2861ms)
✔ decisions() is an audit trail of every decision, with the injected clock (0.3604ms)
✔ checkWindow skips every non-pointing action (0.1837ms)
✔ checkWindow checks ACCESSIBILITY_INVOKE too even though it is not a pointing action (0.2637ms)
✔ checkWindow allows the expected foreground window and records its handle as a string (0.1744ms)
✔ an unobservable foreground refuses a coordinate click with WINDOW_MISMATCH and the donor reason (0.1557ms)
✔ an unobservable world refuses with the same code and reason (0.197ms)
✔ a different foreground window is refused, naming the observed title and pid (0.1713ms)
✔ an action with no window expectation skips the foreground check (0.1253ms)
✔ the foreground toggle is read from the guard options, never from the call context (0.1853ms)
✔ assertWindowAllowed throws the window decision code and details (0.4786ms)
✔ checkFocus skips every non-typing action (0.2864ms)
✔ a verified focus receipt is trusted without consulting the world (0.2005ms)
✔ typing with no target and no focus is refused with FOCUS_MISMATCH (0.1494ms)
✔ typing with no target but a focused element is allowed from the world (0.1306ms)
✔ a targeted type with no focus is refused, naming the target (0.1303ms)
✔ focus on the wrong element is refused with the donor detail fields (0.278ms)
✔ focus on any reference the target resolves to is accepted (0.1424ms)
✔ a semantic target resolves refs by name containment, and an unrelated pool cannot prove focus (0.2666ms)
✔ the focus toggle is honoured from the guard options, unlike the window toggle (0.1886ms)
✔ assertFocusAllowed throws FOCUS_MISMATCH with the focused ref in the details (0.4137ms)
✔ inspectModals reports every open blocking dialog with the donor defaults (0.3496ms)
✔ a dialog is blocking unless it is explicitly blocking:false or open:false (0.2541ms)
✔ inspectModals with no dialogs, no world and a non-list dialogs field never blocks (0.1789ms)
✔ assertNoBlockingModal throws MODAL_BLOCKING and joins the dialog texts (1.5892ms)
✔ redactAction redacts typed text, values, keys, stdin and env keys (1.3605ms)
✔ redactAction masks single-character keys only for a sensitive action (0.2333ms)
✔ redactAction redacts secret-looking parameter keys through redactDetails (0.1597ms)
✔ redactAction keeps a harmless action readable and leaves the input untouched (0.1563ms)
✔ redactText removes inline secrets and bearer [REDACTED] (0.2681ms)
✔ matchesWindow is the donor field-by-field comparison (0.2354ms)
✔ matchesWindow compares class names case-insensitively but handles exactly (0.233ms)
✔ the ladder is the donor ladder: seven kinds, ranks 1..7, labels unchanged (4.1386ms)
✔ both target refusals are non-retryable and carry the donor fields (1.5825ms)
✔ a string target is trimmed and split between selector and semantic text (0.5024ms)
✔ an empty or blank string target is refused with the donor message (0.949ms)
✔ a non-string, non-object, non-array target is refused with the donor message (1.0638ms)
✔ an object with no addressing rung is refused with the donor message and the raw target (0.5922ms)
✔ selector, dom_selector, page/tab, ref and description survive normalization (0.5935ms)
✔ accessibility accepts the raw spellings, the nested form and the ax alias (0.5871ms)
✔ a name alone is not an accessibility query: it is a refusal, not a silent semantic match (0.5159ms)
✔ bbox accepts the x/y/width/height, left/top and w/h spellings and normalizes the order (0.8945ms)
✔ point accepts point, coordinate, coordinates and a bare x/y pair (0.5743ms)
✔ window accepts a string title or the structured reference (0.4432ms)
✔ visual accepts paint, template, template_path and the flat paint/template spellings (0.4385ms)
✔ targetKinds reports every addressing mode present, best first (0.2956ms)
✔ a window is only a rung of its own when nothing else addresses the target (0.3259ms)
✔ rank is the best rung and primaryKind is that same rung (0.1879ms)
✔ a candidate list carries the union of its candidates kinds, best first (0.6193ms)
✔ describeTarget writes the donor label for every rung and never invents one (0.458ms)
✔ the donor precedence of describeTarget is selector, accessibility, semantic, window, visual, bbox, point (0.2176ms)
✔ containsPoint is inclusive on both edges and corners (0.184ms)
✔ centerOf rounds to whole pixels and distance rounds to two decimals (0.2926ms)
✔ rung 1: selector resolves from a resolver, from world.controls and from visibleTargets (0.6278ms)
✔ rung 2: accessibility resolves by ref, from the ax tree and from the page controls (0.5448ms)
✔ rung 3: semantic matches on the concatenated element text and on role (0.4034ms)
✔ rung 4: window resolves from world.windows through the donor predicate (0.397ms)
✔ rung 5: bbox matches the element containing the rect centre, both edges inclusive (0.3916ms)
✔ rung 6: visual is never resolved from world state, only through a resolver (0.4204ms)
✔ rung 7: point resolves inside a bbox, then falls back to a synthetic 1x1 target (0.4631ms)
✔ the ladder is walked in rank order and every rung is recorded until one hits (0.483ms)
✔ a candidate list is the ladder written by hand: candidates first, in order, then the wrapper (0.5611ms)
✔ a resolver that throws degrades the ladder: the reason is recorded and the next rung runs (0.3197ms)
✔ an error without a code records its message as the reason (0.2259ms)
✔ a missing resolver function degrades to the world state instead of failing (0.3525ms)
✔ resolved descriptors carry the donor fields, including the disabled/visible derivation (0.3295ms)
✔ resolveTarget refuses a missing target and reports a missing one with the donor message (0.3137ms)
✔ the not-found error quotes the donor label and every attempted rung (0.2634ms)
✔ a world is optional: an absent world is an empty one, and visibleTargets merge after controls (0.2773ms)
✔ matchesAccessibility: substring by default, exact on request, and each field can refuse (0.346ms)
✔ matchesSemantic: text, label, placeholder, name and role, with the donor precedence (0.402ms)
✔ matchesWindow: handle and processId are typed equality, className and title are substrings (0.2698ms)
✔ revalidate with no previous or no current resolution reports unknown and missing (0.3309ms)
✔ revalidate re-reads the thresholds from whatever it is given, falling back to the donor values (0.3257ms)
✔ revalidate: just below, exactly at and just above stablePx (0.2367ms)
✔ revalidate: just below, exactly at and just above updatePx (0.213ms)
✔ a beyond-tolerance move is stale for the reason that matches the node identity (0.1843ms)
✔ revalidate returns the donor shape for each verdict, with the donor key order (0.2412ms)
✔ revalidate uses the bbox centre when a resolution has no point (0.1651ms)
✔ revalidate compares node identity, and a different node defaults to the donor threshold (0.1481ms)
✔ the different-node rule needs two real refs and follows the caller updatePx (0.1686ms)
✔ a resolution with the same identity but no geometry is stable; without identity it is unknown (0.1743ms)
✔ DEFECT 1: a semantic target that carries no text, label, name or placeholder describes itself as "undefined" (0.2261ms)
✔ DEFECT 2: a semantic-only target with no text fields matches EVERY element the world holds (0.2064ms)
✔ DEFECT 3: a candidate wrapper re-walks a candidate kind with no query, and only the predicate stops a false hit (0.5066ms)
✔ DEFECT 4: the synthetic point box is anchored at the point, so its rounded centre is one pixel away (0.1967ms)
✔ DEFECT 5: window.className is equality, not a substring, while window.title is a substring (0.1409ms)
✔ DEFECT 6: a beyond-tolerance move without a ref anywhere is reported as a different node (1.2334ms)
✔ DEFECT 7: distance() propagates NaN instead of refusing a missing coordinate (0.1335ms)
✔ DEFECT 8: Number(null) is 0, so an explicit null threshold is treated as 0 rather than as absent (0.1373ms)
✔ DEFECT 9: an empty window or visual object is still a rung, because compact() keeps the container (0.4644ms)
✔ DEFECT 10: the flat trigger list has a typo that costs `template_path`, and page is never a rung (0.5667ms)
✔ DEFECT 11: a truthy non-integer accessibility index is silently dropped, and 0 is kept (0.192ms)
✔ DEFECT 12: a false-named exact is still a substring match, because `exact` needs the boolean true (0.1382ms)
✔ DEFECT 13: buildResolved prefers an explicit disabled/visible only when that field is present (0.2004ms)
✔ DEFECT 14: exact-match accessibility still ignores an empty-string automationId expectation on the node (0.1576ms)
✔ MISS_SIGNALS is the donor list, in the donor order, frozen (3.9489ms)
✔ PRESERVED DONOR DEFECT: a missing observation returns a `no_observation` signal that is not in MISS_SIGNALS (0.5548ms)
✔ controller_reported_noop comes from a failed, retryable receipt or an explicit controller miss (2.5702ms)
✔ no_state_change is raised when nothing meaningful moved and the evidence did not move either (0.5299ms)
✔ evidence that moved suppresses no_state_change even when no meaningful field did (0.5908ms)
✔ a failed verification contributes expected_event_missing, focus_unchanged and control_state_unchanged (0.9369ms)
✔ focus_unchanged also comes from a focus action that left the focused ref alone (0.4153ms)
✔ active_element_unchanged is raised for a typing action and is too soft to carry a miss on its own (0.4405ms)
✔ visual_identical only carries a miss when the evidence did not move (0.5922ms)
✔ the confidence ladder is low for no signal, medium for one and high for more (1.5158ms)
✔ signals are reported once each, in the donor order (0.3414ms)
✔ detectMiss is deterministic across two identical calls (0.4389ms)
✔ PRESERVED DONOR DEFECT: a controller without a probe() is reported unavailable even when snapshot() works (6.6826ms)
✔ a probe that throws or answers available:false skips the source without an error record (1.3243ms)
✔ a snapshot that throws degrades the source, records a note and lands in the error ring (0.7556ms)
✔ a source that exceeds the window is reported unavailable with the donor message (27.0183ms)
✔ a snapshot returning null or undefined is an unavailable source, not a crash (0.7442ms)
✔ the accessibility walk is opt-out through context.ax (0.6687ms)
✔ system events are computed from consecutive observations and accumulate until drained (1.8403ms)
✔ file events join the system events, and a broken file controller degrades the system source (2.6942ms)
✔ watchFile pushes watched events into the stream and calls the callback (0.4053ms)
✔ the observer passes the world its sources produced, including their notes and sources map (0.7973ms)
✔ with no clock injected the world is stamped with the port default, not the wall clock (0.5644ms)
✔ the observation is deterministic across two identical calls with the same injected clock (1.0598ms)
✔ PROGRESS_KINDS, PROGRESS_KIND_LIST and EVIDENCE_KINDS are the donor vocabulary, frozen (2.6387ms)
✔ verified-effect is accepted only on a success verdict whose evidence kind proves the effect landed (0.8984ms)
✔ PRESERVED DONOR DEFECT: the verified-effect claim reads `detail.kind`, never the verifier's `verificationKind` (0.4022ms)
✔ an unknown progress kind is refused (0.4718ms)
✔ subprocess-exit needs an exit, and an exit without a code only counts when signalled (0.264ms)
✔ file-operation needs `verified: true`, and criteria-satisfied needs `satisfied: true` (0.2614ms)
✔ state-transition needs a state, and refuses a state the run was already in (0.2298ms)
✔ a heartbeat and an issued action are never progress; only progress() moves lastProgressAt (0.4621ms)
✔ status reports the stall-facing view, falling back to lastActionAt before any progress (0.317ms)
✔ noOp counts a repeated identical signature and flags repetition at the repeat window (0.5042ms)
✔ recorded progress clears the no-op streak and forgets the last no-op signature (0.3353ms)
✔ history is a bounded copy of the ring, defaulting to 200 records (0.5384ms)
✔ with no clock injected the tracker records null instants instead of reading the wall clock (0.261ms)
✔ progress counts only verified effects: a failed or unproven verification never advances progress (2.7107ms)
✔ the tracker is deterministic across two identical runs with the same injected clock (0.2594ms)
✔ a controller that reported failure settles the verdict without reading the world (4.7153ms)
✔ with no declared effect: a first observation is unknown, never a success (1.4314ms)
✔ with no declared effect: the DOM revision is evidence for the digest but is deliberately not a meaningful field (0.6722ms)
✔ with no declared effect: a missing observation on either side is unknown, never a verdict (0.2863ms)
✔ with no declared effect: receipt signals are appended and receipt.changed can carry the verdict (0.3731ms)
✔ any mode: one observed effect is success, none observed is failure (1.049ms)
✔ any mode: unknown only when nothing at all was checkable, otherwise a checked failure wins (0.4789ms)
✔ all mode is declared by expectedEffect.mode, not by the `all` key alone (0.9457ms)
✔ the declared mode wins over the action default, and neither beats an explicit effectMode (1.122ms)
✔ the dominant kind follows the donor order, and a failed effect keeps its kind (0.5511ms)
✔ an effect shape the donor does not know is unknown and names its keys (0.2382ms)
✔ PRESERVED DONOR DEFECT: collectEffects reads `any`/`all` as arrays only, so an effectMode of `all` over a non-array declaration checks nothing (0.3858ms)
✔ PRESERVED DONOR DEFECT: target_appears/target_disappears always report "could not be located" because the donor calls targetPresent(action, after) (0.4116ms)
✔ implied state: FOCUS and SWITCH_WINDOW are verified against the window that is in front (0.511ms)
✔ implied state: a window action without a target window falls through to the world-change check (0.4285ms)
✔ implied state: CLOSE_WINDOW is verified by the window being gone (0.3658ms)
✔ effect: event is found by type or name, failed without an observation, unknown with no after world (0.2895ms)
✔ effect: dom_mutated compares the DOM revision, and needs one on both sides (0.2176ms)
✔ effect: navigation and url_changed compare URLs, and url_matches is a lowercase substring (0.5639ms)
✔ effect: toast and text_appears read controls, the accessibility tree, then the DOM (0.6834ms)
✔ effect: text_disappears is ok when the text is gone, failed while it is visible (0.2869ms)
✔ effect: control_state_changed compares the target control field by field (0.4748ms)
✔ effect: value_equals prefers the focused element value, then the target control value (0.4256ms)
✔ effect: checked_equals reads the checkbox state and is unknown without one (0.274ms)
✔ effect: focus_changed and window_changed compare the two observations (0.3281ms)
✔ effect: file facts are unknown without the controller and otherwise answered (0.7562ms)
✔ effect: process facts read the recorded shell result (0.6117ms)
✔ effect: visual_change needs the vision controller and can answer unknown (0.411ms)
✔ findControl resolves a target by ref, selector, semantic text or accessibility name (0.378ms)
✔ PRESERVED DONOR DEFECT: targetPresent only answers null when the world has no controls AND no ax array (0.1883ms)
✔ verifyFactsFrom digests the state with the same evidence digest (0.4793ms)
✔ the verdict is always one of exactly three values and every call is deterministic (0.5088ms)
✔ the injected clock is the only source of checkedAt (1.2324ms)
✔ the pinned world carries the donor shape: foreground, targets, sources, notes (4.3413ms)
✔ the pinned world digest is the donor sha1 of the pinned stable string, 16 characters (0.8791ms)
✔ the donor-hash world pins the donor signature and the donor evidence digest (0.4964ms)
✔ with no injected digest the port computes the donor sha1, and an injected digest replaces it (0.9715ms)
✔ stableStringify sorts object keys, keeps array order and renders null and undefined alike (0.2699ms)
✔ signatureOf is the donor sha1 truncated to 16 characters and survives a failing digest (0.3315ms)
✔ a missing captured time takes the port default instead of the wall clock (1.3254ms)
✔ a missing source is recorded as unavailable with its reason, never replaced by a guess (0.3473ms)
✔ ax falls back from browser to desktop, controls are filtered, dialogs are concatenated (0.5292ms)
✔ the foreground window is taken from desktop.foreground or from the first foreground window (0.5175ms)
✔ a focused ref with no matching control is described by ref alone (0.5191ms)
✔ computeConfidence follows the donor weights and rounds to two places (0.6117ms)
✔ meaningfulChange reports a first observation and a lost observation (0.7351ms)
✔ meaningfulChange reports no change for two identical observations (0.446ms)
✔ every MEANINGFUL_FIELDS member is a boundary: changing it alone is the only reported change (7.1104ms)
✔ MEANINGFUL_FIELDS is the donor list, in the donor order, frozen (0.4893ms)
✔ PRESERVED DONOR DEFECT: the world never populates lastActionType/lastActionResult, so lastAction is invisible to meaningfulChange (0.3806ms)
✔ meaningfulChange compares fields individually, and undefined against a value is a change (0.4154ms)
✔ meaningfulChange ignores DOM revision churn, which evidenceDigest does not (0.3836ms)
✔ evidenceDigest follows the event stream and the focused value, and is null without a world (0.4794ms)
✔ two identical calls build the same world and the same digest (0.8481ms)
✔ parts.notes is copied and capped at 20, summarizeWorldState caps its notes at 5 (0.407ms)
✔ summarizeWorldState is the compact donor summary, and null for no world (0.6014ms)
✔ discardWorldState returns the summary and empties the world in place (0.3868ms)
✔ a world with every source degraded still records what it can, and its confidence says so (0.2992ms)
✔ the real manifest describes exactly the districts and modules that exist (9.5262ms)
✔ the manifest and the city tree agree on what exists (7.2813ms)
✔ mission-book incubators are named and provenanced, and Room Pack incubators are not disguised (2.4807ms)
✔ a mission-book migration incubator proves a donor; a programme-task incubator proves it has none (20.5078ms)
✔ the manifest rejects malformed hierarchy, paths and lifecycles (7.3953ms)
✔ module directories and lifecycles must not contradict each other (21.9092ms)
✔ loadManifest reports an unreadable manifest instead of guessing (3.8591ms)
✔ city/test-all.mjs discovers module tests without shell globs (25.202ms)
ℹ tests 1984
ℹ suites 3
ℹ pass 1969
ℹ fail 0
ℹ cancelled 0
ℹ skipped 15
ℹ todo 0
ℹ duration_ms 27412.454
