gateway-web	Run pnpm test	﻿2026-10-04T11:38:59.8250666Z ##[group]Run pnpm test
gateway-web	Run pnpm test	2026-10-04T11:38:59.8250905Z ^[[36;1mpnpm test^[[0m
gateway-web	Run pnpm test	2026-10-04T11:38:59.8300583Z shell: C:\Program Files\PowerShell\7\pwsh.EXE -command ". '{0}'"
gateway-web	Run pnpm test	2026-10-04T11:38:59.8300784Z env:
gateway-web	Run pnpm test	2026-10-04T11:38:59.8300936Z   PNPM_HOME: C:\Users\runneradmin\setup-pnpm\node_modules\.bin
gateway-web	Run pnpm test	2026-10-04T11:38:59.8301120Z ##[endgroup]
gateway-web	Run pnpm test	2026-10-04T11:39:00.3540589Z $ node --test tests/*.test.mjs
gateway-web	Run pnpm test	2026-10-04T11:39:00.5486851Z ✔ UXI-301 android: the Kotlin term table equals the contract EXACTLY, in both directions (3.1872ms)
gateway-web	Run pnpm test	2026-10-04T11:39:00.5495069Z ✔ UXI-301 android: the Kotlin state and action tables equal the contract (0.3392ms)
gateway-web	Run pnpm test	2026-10-04T11:39:00.5499876Z ✔ UXI-301 android: Kotlin severity agrees with the contract class wherever the class carries meaning (0.2525ms)
gateway-web	Run pnpm test	2026-10-04T11:39:00.5500734Z ✔ UXI-301 android: the parity guard would actually fail on drift (0.198ms)
gateway-web	Run pnpm test	2026-10-04T11:39:00.5504846Z ✔ UXI-390: Android action wiring equals the web surface wiring map (0.6153ms)
gateway-web	Run pnpm test	2026-10-04T11:39:00.5645603Z ✔ Android UI evidence parser preserves single-quoted JSON and double-quoted attributes (6.5176ms)
gateway-web	Run pnpm test	2026-10-04T11:39:00.5708589Z ✔ a committed record from one embodiment is visible to another embodiment of the same assistant (2.3755ms)
gateway-web	Run pnpm test	2026-10-04T11:39:00.5709388Z ✔ two embodiments keep different local context while sharing one authoritative identity (0.9415ms)
gateway-web	Run pnpm test	2026-10-04T11:39:00.5710627Z ✔ disconnecting one embodiment does not terminate the assistant while another remains (1.4378ms)
gateway-web	Run pnpm test	2026-10-04T11:39:00.5711450Z ✔ embodiment-local transient state never leaks into shared state unless promoted (2.0924ms)
gateway-web	Run pnpm test	2026-10-04T11:39:00.5712315Z ✔ concurrent promotion attempts are settled by revision checks, not last-writer-wins (0.7321ms)
gateway-web	Run pnpm test	2026-10-04T11:39:00.5713764Z ✔ promotion is idempotent and rejects key reuse with a different payload (0.3699ms)
gateway-web	Run pnpm test	2026-10-04T11:39:00.5718575Z ✔ authoritative state never holds user identity, authority or raw secrets (0.5517ms)
gateway-web	Run pnpm test	2026-10-04T11:39:00.5719330Z ✔ disclosure is limited by audience and requested scopes (0.5097ms)
gateway-web	Run pnpm test	2026-10-04T11:39:00.5720083Z ✔ recovery keeps the logical assistant and its durable records across a restart (0.5756ms)
gateway-web	Run pnpm test	2026-10-04T11:39:00.5720823Z ✔ a process restart refuses old sessions and stale local scratch as authority (0.9764ms)
gateway-web	Run pnpm test	2026-10-04T11:39:00.5721768Z ✔ in-process recovery expires live sessions until the device re-fetches authority (0.6062ms)
gateway-web	Run pnpm test	2026-10-04T11:39:00.5722550Z ✔ one expired embodiment does not disturb the other embodiments of the same assistant (0.2728ms)
gateway-web	Run pnpm test	2026-10-04T11:39:00.5723299Z ✔ the assistant profile port is a versioned seam with a deterministic double (0.5835ms)
gateway-web	Run pnpm test	2026-10-04T11:39:00.5723999Z ✔ core contract flags state the one-identity-many-projections invariant (0.1945ms)
gateway-web	Run pnpm test	2026-10-04T11:39:00.5724810Z ✔ authority and user-identity state cannot be promoted under a different spelling (0.3951ms)
gateway-web	Run pnpm test	2026-10-04T11:39:00.5727689Z ✔ a raw secret cannot be promoted under a plural or camelCase spelling (0.2047ms)
gateway-web	Run pnpm test	2026-10-04T11:39:00.5728520Z ✔ an embodiment reference from a previous epoch never names a live embodiment (0.5042ms)
gateway-web	Run pnpm test	2026-10-04T11:39:00.5729467Z ✔ a tampered snapshot cannot install authority, a secret, an unpromotable scope or an unknown audience as truth (1.1096ms)
gateway-web	Run pnpm test	2026-10-04T11:39:00.5730319Z ✔ a retry carrying a different payload is refused, not silently replayed (0.2172ms)
gateway-web	Run pnpm test	2026-10-04T11:39:00.6388534Z ✔ two assistants hold different duties and proactivity over one authorized user context (3.5188ms)
gateway-web	Run pnpm test	2026-10-04T11:39:00.6390797Z ✔ out-of-duty requests are refused or delegated without changing permissions (0.5134ms)
gateway-web	Run pnpm test	2026-10-04T11:39:00.6395326Z ✔ effective permission is the four-axis intersection and a lease never substitutes for it (2.3332ms)
gateway-web	Run pnpm test	2026-10-04T11:39:00.6396769Z ✔ a handoff to a less-privileged assistant stays less privileged (0.5914ms)
gateway-web	Run pnpm test	2026-10-04T11:39:00.6399855Z ✔ permission is recomputed after handoff, device change, reconnect and capability change (0.8832ms)
gateway-web	Run pnpm test	2026-10-04T11:39:00.6400644Z ✔ proactivity levels bound initiative and notification audiences (0.6146ms)
gateway-web	Run pnpm test	2026-10-04T11:39:00.6411615Z ✔ the policy engine is strict, frozen, observable and independent (0.8029ms)
gateway-web	Run pnpm test	2026-10-04T11:39:00.6412189Z ✔ the deployment policy is validated and its ceiling cannot be removed (0.383ms)
gateway-web	Run pnpm test	2026-10-04T11:39:00.6412802Z ✔ the confirmation floor comes from the deployment policy, not from the assistant (0.3731ms)
gateway-web	Run pnpm test	2026-10-04T11:39:00.6413433Z ✔ notification audiences are a list of references, not a substring match (0.3836ms)
gateway-web	Run pnpm test	2026-10-04T11:39:00.6413983Z ✔ a handoff payload cannot carry authority whatever its shape (0.5812ms)
gateway-web	Run pnpm test	2026-10-04T11:39:00.6414535Z ✔ the assistant axis is the registry own duty policy and the Core axes say so (0.4253ms)
gateway-web	Run pnpm test	2026-10-04T11:39:00.6415076Z ✔ an uninterpretable instant is refused rather than recorded (0.3418ms)
gateway-web	Run pnpm test	2026-10-04T11:39:00.6415596Z ✔ the duty gate is about the action, and a named duty only narrows it (0.3423ms)
gateway-web	Run pnpm test	2026-10-04T11:39:00.6416193Z ✔ a handoff carries the capability factor and reports relative privilege honestly (0.2649ms)
gateway-web	Run pnpm test	2026-10-04T11:39:00.6416787Z ✔ a lease must be unexpired and held here to count as execution safety (0.3911ms)
gateway-web	Run pnpm test	2026-10-04T11:39:00.6417398Z ✔ a recomputation supersedes the decisions it replaces, and ids are registry scoped (0.4342ms)
gateway-web	Run pnpm test	2026-10-04T11:39:00.6546652Z ✔ embodiment events are the canonical Assistant model and transport stays non-canonical (4.5087ms)
gateway-web	Run pnpm test	2026-10-04T11:39:00.6547863Z ✔ contradictory commands from two devices cannot produce two exclusive side effects (1.5429ms)
gateway-web	Run pnpm test	2026-10-04T11:39:00.6548767Z ✔ retries and replays with the same action key never duplicate the external side effect (1.498ms)
gateway-web	Run pnpm test	2026-10-04T11:39:00.6549421Z ✔ lease expiry, revocation and reassignment are authoritative and observable (1.038ms)
gateway-web	Run pnpm test	2026-10-04T11:39:00.6549991Z ✔ after a disconnect nothing resumes on a stale local lease (1.8622ms)
gateway-web	Run pnpm test	2026-10-04T11:39:00.6550599Z ✔ output routing respects availability, foreground and privacy without broadcasting (1.2419ms)
gateway-web	Run pnpm test	2026-10-04T11:39:00.6551191Z ✔ the bus is strict, frozen and free of ambient state (0.8275ms)
gateway-web	Run pnpm test	2026-10-04T11:39:00.6551663Z ✔ the canonical contract allow-list is decided by own keys (0.7224ms)
gateway-web	Run pnpm test	2026-10-04T11:39:00.6552134Z ✔ a caller instant must be real, not merely well shaped (0.6983ms)
gateway-web	Run pnpm test	2026-10-04T11:39:00.6552576Z ✔ the bus policy bounds are validated rather than trusted (5.1329ms)
gateway-web	Run pnpm test	2026-10-04T11:39:00.6553129Z ✔ a reconnecting device never revives a lease another holder has taken over (0.7648ms)
gateway-web	Run pnpm test	2026-10-04T11:39:00.6553714Z ✔ an action key stays the same action across renewal and reassignment (0.3182ms)
gateway-web	Run pnpm test	2026-10-04T11:39:00.6554267Z ✔ renewal retires the previous lease reference instead of aliasing it (0.4851ms)
gateway-web	Run pnpm test	2026-10-04T11:39:00.6554865Z ✔ authority is never anonymous: acting on a lease needs the holder it names (0.8433ms)
gateway-web	Run pnpm test	2026-10-04T11:39:00.6555407Z ✔ an expired lease cannot be revived with a backdated instant (0.6447ms)
gateway-web	Run pnpm test	2026-10-04T11:39:00.6555920Z ✔ reconciliation requires an authoritative lease inventory (0.5086ms)
gateway-web	Run pnpm test	2026-10-04T11:39:00.6559392Z ✔ routing never delivers to a device the bus knows is disconnected (0.2214ms)
gateway-web	Run pnpm test	2026-10-04T11:39:00.6561528Z ✔ staleness and replay absorption do not depend on an optional command reference (0.3898ms)
gateway-web	Run pnpm test	2026-10-04T11:39:00.6577648Z ✔ a refused reconciliation grants no authority (0.3931ms)
gateway-web	Run pnpm test	2026-10-04T11:39:00.6588818Z ✔ the canonical event carries the declared identity and transport correlation (0.2499ms)
gateway-web	Run pnpm test	2026-10-04T11:39:00.6598677Z ✔ an envelope field is validated and used exactly once (0.1671ms)
gateway-web	Run pnpm test	2026-10-04T11:39:00.6609435Z ✔ exclusivity is a boolean grant, not a truthy flag (0.3081ms)
gateway-web	Run pnpm test	2026-10-04T11:39:00.6613364Z ✔ an instant helper that guards decisions is not shape-only (0.101ms)
gateway-web	Run pnpm test	2026-10-04T11:39:00.6804617Z ✔ an embodiment descriptor references Remote Fabric identity and never mints its own (4.7564ms)
gateway-web	Run pnpm test	2026-10-04T11:39:00.6812684Z ✔ a device without cross-device identity is representable, and says so (0.372ms)
gateway-web	Run pnpm test	2026-10-04T11:39:00.6815766Z ✔ descriptor vocabularies are closed and unknown values are refused (0.9556ms)
gateway-web	Run pnpm test	2026-10-04T11:39:00.6817592Z ✔ one logical assistant inhabits PC and Android at the same time (1.062ms)
gateway-web	Run pnpm test	2026-10-04T11:39:00.6818302Z ✔ a device refuses a second simultaneous foreground assistant (0.6907ms)
gateway-web	Run pnpm test	2026-10-04T11:39:00.6818913Z ✔ detaching the foreground assistant releases the binding (0.4006ms)
gateway-web	Run pnpm test	2026-10-04T11:39:00.6819650Z ✔ foreground A->B switches cleanly and releases the outgoing local context (0.844ms)
gateway-web	Run pnpm test	2026-10-04T11:39:00.6820188Z ✔ a stale foreground view cannot take the device over (0.566ms)
gateway-web	Run pnpm test	2026-10-04T11:39:00.6820815Z ✔ a foreground switch leaves an unrelated background task owned, executing and uncancelled (10.582ms)
gateway-web	Run pnpm test	2026-10-04T11:39:00.6821485Z ✔ device-local context stays per-device and never becomes authoritative (0.778ms)
gateway-web	Run pnpm test	2026-10-04T11:39:00.6822060Z ✔ binding reconstructs from authoritative state after a restart (1.3152ms)
gateway-web	Run pnpm test	2026-10-04T11:39:00.6822688Z ✔ a reconnecting device is refused when its local belief disagrees with authority (0.7435ms)
gateway-web	Run pnpm test	2026-10-04T11:39:00.6823291Z ✔ one assistant on many devices keeps each device independent (0.402ms)
gateway-web	Run pnpm test	2026-10-04T11:39:00.6823804Z ✔ duplicate device identity and unknown embodiments are refused (1.1205ms)
gateway-web	Run pnpm test	2026-10-04T11:39:00.6824542Z ✔ undeclared keys inherited from Object.prototype are refused, and a prototype key never is a descriptor field (0.7885ms)
gateway-web	Run pnpm test	2026-10-04T11:39:00.6825836Z ✔ a competing physical-device identity is refused in every spelling (1.6407ms)
gateway-web	Run pnpm test	2026-10-04T11:39:00.6826418Z ✔ a foreground binding reference is never re-issued across a restart (1.4895ms)
gateway-web	Run pnpm test	2026-10-04T11:39:00.6827102Z ✔ a physical device cannot be claimed twice, including by refreshing an unidentified embodiment (0.5858ms)
gateway-web	Run pnpm test	2026-10-04T11:39:00.6827790Z ✔ the single-foreground invariant is derived from physical device identity (0.514ms)
gateway-web	Run pnpm test	2026-10-04T11:39:00.6828367Z ✔ a restored binding keeps its recovery provenance on every later read (0.3714ms)
gateway-web	Run pnpm test	2026-10-04T11:39:00.6829202Z ✔ the foreground compare-and-set token is the binding reference, not the assistant (0.3007ms)
gateway-web	Run pnpm test	2026-10-04T11:39:00.6829888Z ✔ re-attaching with a different session is a session change, not an idempotent repeat (0.3017ms)
gateway-web	Run pnpm test	2026-10-04T11:39:00.7316146Z ✔ switching the foreground assistant touches no task (1.8493ms)
gateway-web	Run pnpm test	2026-10-04T11:39:00.7316999Z ✔ a handoff carries responsibility and never authority (1.8671ms)
gateway-web	Run pnpm test	2026-10-04T11:39:00.7321464Z ✔ a true transfer needs acceptance and leaves exactly one authoritative owner (1.8939ms)
gateway-web	Run pnpm test	2026-10-04T11:39:00.7322151Z ✔ an explicit executor move is carried by the handoff and recorded separately (0.3614ms)
gateway-web	Run pnpm test	2026-10-04T11:39:00.7323689Z ✔ a rejected or expired handoff leaves the authoritative owner unchanged (0.6502ms)
gateway-web	Run pnpm test	2026-10-04T11:39:00.7324290Z ✔ a consultation transfers nothing even when accepted (0.2864ms)
gateway-web	Run pnpm test	2026-10-04T11:39:00.7324922Z ✔ the handoff package is strict, idempotent and refuses terminal or foreign tasks (1.1332ms)
gateway-web	Run pnpm test	2026-10-04T11:39:00.7325604Z ✔ unknown fields are refused even when named after Object.prototype members (0.6455ms)
gateway-web	Run pnpm test	2026-10-04T11:39:00.7326311Z ✔ a non-enumerable own authority field cannot evade the authority scan (1.4899ms)
gateway-web	Run pnpm test	2026-10-04T11:39:00.7326928Z ✔ a stale concurrent handoff cannot take ownership from a new owner (1.447ms)
gateway-web	Run pnpm test	2026-10-04T11:39:00.7328999Z ✔ recipient authority is recomputed at takeover, not reused from proposal time (0.6776ms)
gateway-web	Run pnpm test	2026-10-04T11:39:00.7329698Z ✔ a policy lookup is own-key only, never through the prototype chain (0.2428ms)
gateway-web	Run pnpm test	2026-10-04T11:39:00.7331697Z ✔ a re-proposal under a live id is only a duplicate when it says the same thing (0.6753ms)
gateway-web	Run pnpm test	2026-10-04T11:39:00.7333990Z ✔ transition timestamps must be real instants at or after the proposal (0.4675ms)
gateway-web	Run pnpm test	2026-10-04T11:39:00.7336212Z ✔ a cyclic or over-deep handoff is refused, never a stack overflow (0.5077ms)
gateway-web	Run pnpm test	2026-10-04T11:39:00.7336864Z ✔ a calendar-impossible instant is refused, not merely shape-checked (0.1257ms)
gateway-web	Run pnpm test	2026-10-04T11:39:00.7338925Z ✔ the switch report does not invent the outgoing assistant's presence (0.1219ms)
gateway-web	Run pnpm test	2026-10-04T11:39:00.7341441Z ✔ a refusal that cannot be explained is not half-applied (0.3662ms)
gateway-web	Run pnpm test	2026-10-04T11:39:00.7342104Z ✔ a transfer must declare the capabilities the recipient is judged against (0.28ms)
gateway-web	Run pnpm test	2026-10-04T11:39:00.7342705Z ✔ the task store double does not leak or alias canonical state (0.2284ms)
gateway-web	Run pnpm test	2026-10-04T11:39:00.7343320Z ✔ a versioned task refuses a handoff built against another version (0.4723ms)
gateway-web	Run pnpm test	2026-10-04T11:39:00.7538556Z ✔ assistants are listed and selected, with the five identity roles kept distinct (4.5639ms)
gateway-web	Run pnpm test	2026-10-04T11:39:00.7541987Z ✔ profile changes propagate as committed shared state and never touch Digital-Me or tasks (1.2469ms)
gateway-web	Run pnpm test	2026-10-04T11:39:00.7542693Z ✔ foreground switching is a UI operation that transfers nothing (1.6277ms)
gateway-web	Run pnpm test	2026-10-04T11:39:00.7547468Z ✔ stale, offline and reconnecting embodiments are surfaced and never shown as authority (0.6726ms)
gateway-web	Run pnpm test	2026-10-04T11:39:00.7552460Z ✔ reserved voice/avatar adapters exist as adapters without being required now (0.7367ms)
gateway-web	Run pnpm test	2026-10-04T11:39:00.7554936Z ✔ the surface is strict, frozen and independent of ambient state (1.0014ms)
gateway-web	Run pnpm test	2026-10-04T11:39:00.7556375Z ✔ an editable field carries the kind of value its name promises (1.1786ms)
gateway-web	Run pnpm test	2026-10-04T11:39:00.7556872Z ✔ a change the surface cannot read is refused rather than dropped (0.3651ms)
gateway-web	Run pnpm test	2026-10-04T11:39:00.7571147Z ✔ the version guard is not switchable off by policy (0.3587ms)
gateway-web	Run pnpm test	2026-10-04T11:39:00.7574862Z ✔ re-registering a device never discards the binding the user chose (0.7027ms)
gateway-web	Run pnpm test	2026-10-04T11:39:00.7575424Z ✔ a task the surface cannot read is reported, not hidden (2.4319ms)
gateway-web	Run pnpm test	2026-10-04T11:39:00.7576039Z ✔ the committed-update cursor must be a version and the instants must be real (0.5014ms)
gateway-web	Run pnpm test	2026-10-04T11:39:00.7584232Z ✔ freshness needs a recent observation, not only a declared state (0.7827ms)
gateway-web	Run pnpm test	2026-10-04T11:39:00.7593059Z ✔ every projection of a device gives the same freshness answer (0.3237ms)
gateway-web	Run pnpm test	2026-10-04T11:39:00.7596074Z ✔ a committed update carries the change, the previous values and the actor (0.4542ms)
gateway-web	Run pnpm test	2026-10-04T11:39:00.7598047Z ✔ a handoff or a provisional switch is never taken from a cached view (0.4072ms)
gateway-web	Run pnpm test	2026-10-04T11:39:00.7602930Z ✔ a task foreground flag is a boolean and its role reflects the data (0.4807ms)
gateway-web	Run pnpm test	2026-10-04T11:39:00.7604580Z ✔ an untypeable value is refused before anything is recorded (0.6526ms)
gateway-web	Run pnpm test	2026-10-04T11:39:00.7712368Z ✔ one authoritative task is shared by every embodiment — never duplicated per device (3.0129ms)
gateway-web	Run pnpm test	2026-10-04T11:39:00.7713307Z ✔ ownership is logical, execution is physical — sessions and devices are never the owner (1.4081ms)
gateway-web	Run pnpm test	2026-10-04T11:39:00.7714088Z ✔ mutations are versioned and typed, and conflicting updates keep a causal audit trail (0.6072ms)
gateway-web	Run pnpm test	2026-10-04T11:39:00.7714776Z ✔ foreground switching never changes owner, coordinator or executor (0.3813ms)
gateway-web	Run pnpm test	2026-10-04T11:39:00.7715798Z ✔ ownership moves only through an explicit accepted handoff, and never restarts the executor (1.1503ms)
gateway-web	Run pnpm test	2026-10-04T11:39:00.7717003Z ✔ an exclusive side effect can never have two simultaneous valid executors (0.6856ms)
gateway-web	Run pnpm test	2026-10-04T11:39:00.7722808Z ✔ device release suspends the lease, never orphans a task and never moves ownership (0.7831ms)
gateway-web	Run pnpm test	2026-10-04T11:39:00.7723542Z ✔ every contract surface is closed, frozen and free of ambient state (0.3836ms)
gateway-web	Run pnpm test	2026-10-04T11:39:00.7724160Z ✔ the canonical contract allow-list is decided by own keys (0.2496ms)
gateway-web	Run pnpm test	2026-10-04T11:39:00.7724802Z ✔ a hidden authority field in a handoff is found, and a cycle does not crash the scan (0.3521ms)
gateway-web	Run pnpm test	2026-10-04T11:39:00.7726069Z ✔ a caller instant must be real, not merely well shaped (0.3204ms)
gateway-web	Run pnpm test	2026-10-04T11:39:00.7726918Z ✔ a refused patch changes nothing (0.1757ms)
gateway-web	Run pnpm test	2026-10-04T11:39:00.7727467Z ✔ a released executor must revalidate its lease instead of re-issuing it (0.3914ms)
gateway-web	Run pnpm test	2026-10-04T11:39:00.7728051Z ✔ an exclusive side effect cannot complete without a lease (0.3798ms)
gateway-web	Run pnpm test	2026-10-04T11:39:00.7728577Z ✔ a refused foreground change leaves the binding untouched (0.208ms)
gateway-web	Run pnpm test	2026-10-04T11:39:00.7729514Z ✔ a device release never rewrites a settled task, and a handoff checkpoint is text (0.4031ms)
gateway-web	Run pnpm test	2026-10-04T11:39:00.8052780Z ✔ Windows manufacturer payload prefixes locator with canonical UUID bytes (1.0632ms)
gateway-web	Run pnpm test	2026-10-04T11:39:00.8053808Z ✔ BLE locator contains exactly version IPv4 and big-endian port (0.9ms)
gateway-web	Run pnpm test	2026-10-04T11:39:00.8054725Z ✔ non-Windows adapter reports software platform error rather than hardware evidence (1.9275ms)
gateway-web	Run pnpm test	2026-10-04T11:39:00.8471620Z ✔ a fresh profile is fully normalized, descriptive and authority-free (3.2431ms)
gateway-web	Run pnpm test	2026-10-04T11:39:00.8476877Z ✔ partially specified ports receive safe defaults (0.5763ms)
gateway-web	Run pnpm test	2026-10-04T11:39:00.8481915Z ✔ two assistant identities hold independent profiles and relationship modes at the same time (7.0857ms)
gateway-web	Run pnpm test	2026-10-04T11:39:00.8482799Z ✔ a relationship change on one assistant never leaks into another assistant or its bundle (0.4725ms)
gateway-web	Run pnpm test	2026-10-04T11:39:00.8488643Z ✔ several assistant identities can be online at once and presence is idempotent (0.5323ms)
gateway-web	Run pnpm test	2026-10-04T11:39:00.8489626Z ✔ a duplicate assistant id is refused and leaves state untouched (0.3924ms)
gateway-web	Run pnpm test	2026-10-04T11:39:00.8492246Z ✔ minted assistant ids are stable, unique and honestly labelled (0.3644ms)
gateway-web	Run pnpm test	2026-10-04T11:39:00.8492921Z ✔ profiles reject embedded permission grants, execution leases and authority fields (0.6042ms)
gateway-web	Run pnpm test	2026-10-04T11:39:00.8494565Z ✔ extension namespaces cannot smuggle Digital-Me or authority namespaces (0.848ms)
gateway-web	Run pnpm test	2026-10-04T11:39:00.8495840Z ✔ schema version and port shape are validated instead of silently accepted (0.5005ms)
gateway-web	Run pnpm test	2026-10-04T11:39:00.8496543Z ✔ unknown future attributes migrate forward without losing data (1.048ms)
gateway-web	Run pnpm test	2026-10-04T11:39:00.8497100Z ✔ a rejected write is a no-op and schema_version cannot be patched (1.0573ms)
gateway-web	Run pnpm test	2026-10-04T11:39:00.8497622Z ✔ a stale profile write is refused instead of silently overwriting (0.2647ms)
gateway-web	Run pnpm test	2026-10-04T11:39:00.8498207Z ✔ export and import restore durable assistant state after a simulated restart (1.0119ms)
gateway-web	Run pnpm test	2026-10-04T11:39:00.8498830Z ✔ replace import touches only the target assistant and bumps its revision (0.3901ms)
gateway-web	Run pnpm test	2026-10-04T11:39:00.8499436Z ✔ import rejects Digital-Me data, authority fields and malformed bundles atomically (1.6836ms)
gateway-web	Run pnpm test	2026-10-04T11:39:00.8500043Z ✔ reset restores safe defaults for one assistant without touching the others (0.9011ms)
gateway-web	Run pnpm test	2026-10-04T11:39:00.8500605Z ✔ duty labels describe a role and never grant the corresponding action (0.6796ms)
gateway-web	Run pnpm test	2026-10-04T11:39:00.8501128Z ✔ the personalization surface never writes Digital-Me state (0.3952ms)
gateway-web	Run pnpm test	2026-10-04T11:39:00.8501651Z ✔ identity lifecycle errors are typed and presence is cleaned up (0.9064ms)
gateway-web	Run pnpm test	2026-10-04T11:39:00.8502189Z ✔ applyProfilePatch merges one port level and replaces arrays (0.4005ms)
gateway-web	Run pnpm test	2026-10-04T11:39:00.8503392Z ✔ the published schema matches the runtime contract (0.5827ms)
gateway-web	Run pnpm test	2026-10-04T11:39:00.8507686Z ✔ a profile patch cannot rewrite a prototype or inject a hidden property (0.3687ms)
gateway-web	Run pnpm test	2026-10-04T11:39:00.8508756Z ✔ the Zone patch path is closed to prototype injection and leaves state untouched (0.2376ms)
gateway-web	Run pnpm test	2026-10-04T11:39:00.8529629Z ✔ a rejected patch leaves the stored profile byte-identical (0.3172ms)
gateway-web	Run pnpm test	2026-10-04T11:39:00.8530165Z ✔ inherited property names are not declared port fields (0.8955ms)
gateway-web	Run pnpm test	2026-10-04T11:39:00.8531384Z ✔ reserved keys are refused at every depth of a stored profile document (0.2372ms)
gateway-web	Run pnpm test	2026-10-04T11:39:00.8532022Z ✔ a bundle refuses a reserved key anywhere, including inside an extension value (0.3484ms)
gateway-web	Run pnpm test	2026-10-04T11:39:00.8532891Z ✔ a reserved key cannot be registered as a personalization port (0.2231ms)
gateway-web	Run pnpm test	2026-10-04T11:39:00.8534092Z ✔ the published schema states the reserved-prototype-key rule the runtime enforces (0.3566ms)
gateway-web	Run pnpm test	2026-10-04T11:39:14.3649095Z ✔ document bytes flow through real readers and into temporary knowledge (13391.8381ms)
gateway-web	Run pnpm test	2026-10-04T11:39:14.3649853Z ✔ evidence review is deterministic and tampering never gets rehashed (4.3245ms)
gateway-web	Run pnpm test	2026-10-04T11:39:14.3652204Z ✔ theme generation returns a reproducible PNG and validation (80.9184ms)
gateway-web	Run pnpm test	2026-10-04T11:39:14.3652998Z ✔ future promoted module stays pending and all five existing adapters still execute (24.0661ms)
gateway-web	Run pnpm test	2026-10-04T11:39:14.3653587Z ✔ malformed and oversized inputs have explicit refusals (28.3091ms)
gateway-web	Run pnpm test	2026-10-04T11:39:14.3897650Z ✔ dependency failure degrades the same descriptor used to gate invocations (537.4673ms)
gateway-web	Run pnpm test	2026-10-04T11:39:14.3898608Z ✔ capabilities use control auth, canonical results, typed refusal and durable history (1333.7334ms)
gateway-web	Run pnpm test	2026-10-04T11:39:14.3899432Z ✔ the per-capability degradation latch is owned by the migrated provider-resilience breaker (552.0732ms)
gateway-web	Run pnpm test	2026-10-04T11:39:22.7144216Z ✔ old SQLite results migrate without changing identity, digest or metadata, including restart (564.6185ms)
gateway-web	Run pnpm test	2026-10-04T11:39:22.7144773Z ✔ migration fails closed and rolls back earlier rows when legacy history is corrupt (452.5674ms)
gateway-web	Run pnpm test	2026-10-04T11:39:22.7145199Z ✔ 560 large legacy results keep 500 summaries and 50 details; new saves remain bounded (20684.9455ms)
gateway-web	Run pnpm test	2026-10-04T11:39:29.1323156Z ✔ city and list APIs send summaries only, enforce limits and retrieve individual details (6417.9068ms)
gateway-web	Run pnpm test	2026-10-04T11:39:44.6844328Z ✔ a long running invocation survives pruning and its completion remains readable (15551.3751ms)
gateway-web	Run pnpm test	2026-10-04T11:39:44.6968295Z ✔ qualified identities keep duplicate names independent and cannot replace missing dependencies (3.3984ms)
gateway-web	Run pnpm test	2026-10-04T11:39:44.6969454Z ✔ registry restricts mixed module lifecycle and exposes every dependency lifecycle (1.7283ms)
gateway-web	Run pnpm test	2026-10-04T11:39:44.6972870Z ✔ unbridged duplicate module names receive different qualified capability IDs (0.8867ms)
gateway-web	Run pnpm test	2026-10-04T11:39:44.6981400Z ✔ Theme advertises implemented generate and build operations and refuses validate (0.8089ms)
gateway-web	Run pnpm test	2026-10-04T11:39:44.6982067Z ✔ infrastructure modules are never advertised as capabilities (0.5502ms)
gateway-web	Run pnpm test	2026-10-04T11:39:44.6982711Z ✔ each member sees itself first and all City devices by admission name, with real message receipt (9144.7922ms)
gateway-web	Run pnpm test	2026-10-04T11:39:44.6983517Z ✔ real joined devices retain names, appear beside the host and may register only their own worker (104.586ms)
gateway-web	Run pnpm test	2026-10-04T11:39:44.6984261Z ✔ two members exchange messages with explicit receipt and sender identity cannot be forged (35.0044ms)
gateway-web	Run pnpm test	2026-10-04T11:39:44.6985038Z ✔ member B actually computes a task from A; disabling sharing and revoke prevents further claims (182.2833ms)
gateway-web	Run pnpm test	2026-10-04T11:39:44.6985812Z ✔ new admission cannot take the host or an existing member identity, even with a valid short code (31.2989ms)
gateway-web	Run pnpm test	2026-10-04T11:39:44.6986564Z ✔ an active browser session refresh actually extends expiry while preserving its installation scope (20.0858ms)
gateway-web	Run pnpm test	2026-10-04T11:39:44.6987324Z ✔ custom City name is canonical across snapshot, pairing, discovery descriptor and restart (67.4818ms)
gateway-web	Run pnpm test	2026-10-04T11:39:44.6988052Z ✔ Settings changes the visible City name and keeps editing stable across snapshots (6565.4583ms)
gateway-web	Run pnpm test	2026-10-04T11:39:44.6988781Z ✔ Road rejects missing array elements instead of producing null serialized entries (1.9993ms)
gateway-web	Run pnpm test	2026-10-04T11:39:44.6989928Z ✔ Road preserves section order, deterministic IDs and explicit temporary unverified ownership (0.567ms)
gateway-web	Run pnpm test	2026-10-04T11:39:44.6990752Z ✔ Road accepts empty documents and preserves empty heading and text without coercion (0.1195ms)
gateway-web	Run pnpm test	2026-10-04T11:39:44.6991442Z ✔ Road refuses malformed document boundaries and never accepts caller trust injection (0.2083ms)
gateway-web	Run pnpm test	2026-10-04T11:39:44.6992061Z ✔ Road output validation rejects permanence, trust escalation and reordered IDs (0.1476ms)
gateway-web	Run pnpm test	2026-10-04T11:39:44.6992663Z ✔ Bridge Road extraction preserves all six published document retrieval digests (408.2679ms)
gateway-web	Run pnpm test	2026-10-04T11:39:44.6993391Z ✔ scope: local, lan, remote and unknown are distinguished, and an address we hold is never called "nearby" (0.7335ms)
gateway-web	Run pnpm test	2026-10-04T11:39:44.6993978Z ✔ the list always contains this machine, and offers to use it (0.7654ms)
gateway-web	Run pnpm test	2026-10-04T11:39:44.6994760Z ✔ the list is NOT fixed at two: any number of PCs is listed, in one list (6.7222ms)
gateway-web	Run pnpm test	2026-10-04T11:39:44.6995266Z ✔ each PC offers the actions that make sense for it, and none that do not (0.6796ms)
gateway-web	Run pnpm test	2026-10-04T11:39:44.6995880Z ✔ a remembered PC that discovery did NOT find is still listed, because that is when the address matters (0.3276ms)
gateway-web	Run pnpm test	2026-10-04T11:39:44.6996524Z ✔ discovery and memory overlap constantly, and a PC is never listed twice (0.1853ms)
gateway-web	Run pnpm test	2026-10-04T11:39:44.6997171Z ✔ the recommendation is attached to a row, so the list and the recommendation cannot disagree (0.2609ms)
gateway-web	Run pnpm test	2026-10-04T11:39:44.6997822Z ✔ a machine with no telemetry is marked as thin evidence rather than being scored as if it were measured (0.2735ms)
gateway-web	Run pnpm test	2026-10-04T11:39:44.6998443Z ✔ row count is bounded and the discarded overlap is stated rather than silently dropped (0.5715ms)
gateway-web	Run pnpm test	2026-10-04T11:39:44.6999066Z ✔ the fallback channels are DESCRIBED, not moved: the entry controls stay where the app renders them (0.7966ms)
gateway-web	Run pnpm test	2026-10-04T11:39:44.6999589Z ✔ rendering is escaped and carries its action as data (0.2069ms)
gateway-web	Run pnpm test	2026-10-04T11:39:44.7000038Z ✔ an empty world renders an honest sentence, not an empty list (0.0797ms)
gateway-web	Run pnpm test	2026-10-04T11:39:44.7000565Z ✔ capability summaries report only what was measured, and say unknown when nothing was (0.0879ms)
gateway-web	Run pnpm test	2026-10-04T11:39:44.7001145Z ✔ different assistants receive different authorized scopes from the same Digital-Me (2.9102ms)
gateway-web	Run pnpm test	2026-10-04T11:39:44.7002955Z ✔ a denied scope is a typed refusal with no partial leakage (0.301ms)
gateway-web	Run pnpm test	2026-10-04T11:39:44.7003530Z ✔ assistant profile and relationship changes never change canonical records (0.3645ms)
gateway-web	Run pnpm test	2026-10-04T11:39:44.7004178Z ✔ a private fact is not surfaced through another audience without disclosure authorization (0.8991ms)
gateway-web	Run pnpm test	2026-10-04T11:39:44.7004807Z ✔ cross-assistant private memory is never visible to another assistant (0.2342ms)
gateway-web	Run pnpm test	2026-10-04T11:39:44.7005377Z ✔ least data by default, with values only when the purpose needs them (0.3594ms)
gateway-web	Run pnpm test	2026-10-04T11:39:44.7006029Z ✔ stale context is reported rather than served, and device-ephemeral context is never durable (0.4535ms)
gateway-web	Run pnpm test	2026-10-04T11:39:44.7006654Z ✔ every projection carries provenance, and the surface is strict (0.3066ms)
gateway-web	Run pnpm test	2026-10-04T11:39:44.7007666Z ✔ record fields named after Object.prototype members are refused (0.3068ms)
gateway-web	Run pnpm test	2026-10-04T11:39:44.7008182Z ✔ a replayed or future-dated record is never served as current (0.557ms)
gateway-web	Run pnpm test	2026-10-04T11:39:44.7008721Z ✔ a policy grant is read from the policy itself, never from the prototype chain (0.454ms)
gateway-web	Run pnpm test	2026-10-04T11:39:44.7009713Z ✔ a SENSITIVE record is not released like an ordinary one (0.3701ms)
gateway-web	Run pnpm test	2026-10-04T11:39:44.7010236Z ✔ a cyclic or over-deep record is a typed refusal, not a stack overflow (0.5208ms)
gateway-web	Run pnpm test	2026-10-04T11:39:44.7010776Z ✔ a calendar-impossible instant is refused, not merely shape-checked (0.2448ms)
gateway-web	Run pnpm test	2026-10-04T11:39:44.7011239Z ✔ a record must be a bare own-property object (0.1652ms)
gateway-web	Run pnpm test	2026-10-04T11:39:44.7011688Z ✔ assistant-private memory belongs to the assistant that owns it (0.2719ms)
gateway-web	Run pnpm test	2026-10-04T11:39:44.7012189Z ✔ the port hands out copies, and refuses two records under one id (0.241ms)
gateway-web	Run pnpm test	2026-10-04T11:39:44.7012688Z ✔ a malformed record refuses the whole query before anything is assembled (0.2859ms)
gateway-web	Run pnpm test	2026-10-04T11:39:44.7013185Z ✔ the gateway does not read authority from a live policy object (0.1704ms)
gateway-web	Run pnpm test	2026-10-04T11:39:44.7013672Z ✔ values are released only for an explicit includeValues boolean (0.3702ms)
gateway-web	Run pnpm test	2026-10-04T11:39:44.7014168Z ✔ device-ephemeral context cannot smuggle durable or sensitive facts (0.3826ms)
gateway-web	Run pnpm test	2026-10-04T11:39:44.7014698Z ✔ one attention_id is one logical question however many projections it carries (1.5386ms)
gateway-web	Run pnpm test	2026-10-04T11:39:44.7015235Z ✔ the current interaction device always carries the actionable projection (0.7426ms)
gateway-web	Run pnpm test	2026-10-04T11:39:44.7015782Z ✔ only the configured 2-3 recent eligible devices receive auxiliary projections (0.3548ms)
gateway-web	Run pnpm test	2026-10-04T11:39:44.7016342Z ✔ recent devices are ranked by user interaction, never by uptime or heartbeat (6.2299ms)
gateway-web	Run pnpm test	2026-10-04T11:39:44.7017145Z ✔ the first valid acknowledgement closes the question globally and withdraws the rest (0.4283ms)
gateway-web	Run pnpm test	2026-10-04T11:39:44.7017820Z ✔ a response routes back to the originating connector whichever device answered (0.4133ms)
gateway-web	Run pnpm test	2026-10-04T11:39:44.7018430Z ✔ reconnect, refresh and repeated delivery never ring the same epoch twice (0.9218ms)
gateway-web	Run pnpm test	2026-10-04T11:39:44.7019097Z ✔ quiet, full-screen and protected use suppress sound but keep the notification (0.2665ms)
gateway-web	Run pnpm test	2026-10-04T11:39:44.7019695Z ✔ a non-blocking informational event is delivered visibly without ringing (0.2757ms)
gateway-web	Run pnpm test	2026-10-04T11:39:44.7020221Z ✔ withdrawal closes a question, and the envelope is strict (0.5394ms)
gateway-web	Run pnpm test	2026-10-04T11:39:44.7020756Z ✔ attention fields named after Object.prototype members are refused (0.2213ms)
gateway-web	Run pnpm test	2026-10-04T11:39:44.7021282Z ✔ a "recent" device is bounded on both sides, and never duplicated (0.1855ms)
gateway-web	Run pnpm test	2026-10-04T11:39:44.7021796Z ✔ a different question under a live attention id is refused (0.2172ms)
gateway-web	Run pnpm test	2026-10-04T11:39:44.7022260Z ✔ a malformed instant cannot half-apply a transition (0.3136ms)
gateway-web	Run pnpm test	2026-10-04T11:39:44.7022651Z ✔ a response routes exactly once (0.2237ms)
gateway-web	Run pnpm test	2026-10-04T11:39:44.7023135Z ✔ a response that cannot be stored is refused before the routing is committed (0.205ms)
gateway-web	Run pnpm test	2026-10-04T11:39:44.7023695Z ✔ canonical state holds handle references, never plaintext secrets (3.3854ms)
gateway-web	Run pnpm test	2026-10-04T11:39:44.7037043Z ✔ each auth mode maps to exactly one reference kind, and NONE needs no handle (0.8691ms)
gateway-web	Run pnpm test	2026-10-04T11:39:44.7037669Z ✔ secret values are absent from logs and errors even when the secure store fails (0.4291ms)
gateway-web	Run pnpm test	2026-10-04T11:39:44.7038327Z ✔ an expired session becomes EXPIRED/NEEDS_USER with a job-scoped AttentionEnvelope (0.5773ms)
gateway-web	Run pnpm test	2026-10-04T11:39:44.7038998Z ✔ restart restores permitted persistent session references, and only those (0.9391ms)
gateway-web	Run pnpm test	2026-10-04T11:39:44.7039683Z ✔ missing secure-store support degrades honestly with no plaintext fallback (0.4546ms)
gateway-web	Run pnpm test	2026-10-04T11:39:44.7040446Z ✔ legacy DeepSeek env discovery is consumable through the abstraction without becoming the schema (0.5994ms)
gateway-web	Run pnpm test	2026-10-04T11:39:44.7041106Z ✔ the profile contract is declarative, versioned and lifecycle-honest (0.912ms)
gateway-web	Run pnpm test	2026-10-04T11:39:44.7041717Z ✔ a handle reference that is secret material never reaches canonical state (0.6371ms)
gateway-web	Run pnpm test	2026-10-04T11:39:44.7042249Z ✔ binding refuses an ambiguous secret-or-handle request (0.4572ms)
gateway-web	Run pnpm test	2026-10-04T11:39:44.7042758Z ✔ an uninterpretable instant is never fresh, READY or recorded (0.3783ms)
gateway-web	Run pnpm test	2026-10-04T11:39:44.7043291Z ✔ a user-action requirement is a boolean, not a truthy flag (0.2565ms)
gateway-web	Run pnpm test	2026-10-04T11:39:44.7043718Z ✔ canonical records are plain own-key objects (0.2774ms)
gateway-web	Run pnpm test	2026-10-04T11:39:44.7044213Z ✔ a cyclic caller value is refused instead of crashing the scan (0.4626ms)
gateway-web	Run pnpm test	2026-10-04T11:39:44.7044728Z ✔ restore validates a snapshot entry as strictly as a registration (0.3901ms)
gateway-web	Run pnpm test	2026-10-04T11:39:44.7046082Z ✔ revocation stays observable after the handle is cleared (0.2044ms)
gateway-web	Run pnpm test	2026-10-04T11:39:44.7046664Z ✔ a rotation revokes the handle it replaces instead of abandoning it (0.2335ms)
gateway-web	Run pnpm test	2026-10-04T11:39:44.7049756Z ✔ a well-shaped record may not carry a secret in a legitimate field (0.3592ms)
gateway-web	Run pnpm test	2026-10-04T11:39:44.7050326Z ✔ everything the scan calls a secret is redacted (0.3346ms)
gateway-web	Run pnpm test	2026-10-04T11:39:44.7050914Z ✔ a hidden own field on a snapshot entry is not copied into canonical state (0.144ms)
gateway-web	Run pnpm test	2026-10-04T11:39:44.7051547Z ✔ legacy discovery never binds the key into a foreign default profile (0.3278ms)
gateway-web	Run pnpm test	2026-10-04T11:39:44.7052090Z ✔ a caller field is validated and stored as the same value (0.1281ms)
gateway-web	Run pnpm test	2026-10-04T11:39:44.7052641Z ✔ a refused restore installs nothing and never replaces a live profile (0.1702ms)
gateway-web	Run pnpm test	2026-10-04T11:39:44.7053176Z ✔ revoke reports whether the store released the secret (0.233ms)
gateway-web	Run pnpm test	2026-10-04T11:39:44.7053612Z ✔ freshness cannot be rewound behind the layer clock (0.2023ms)
gateway-web	Run pnpm test	2026-10-04T11:39:44.7054258Z ✔ carrying a stale expiry over a new credential is observable (0.3769ms)
gateway-web	Run pnpm test	2026-10-04T11:39:44.7054836Z ✔ the SDK validates a definition and documents what an author must supply (2.4025ms)
gateway-web	Run pnpm test	2026-10-04T11:39:44.7055489Z ✔ a synthetic third connector passes the conformance harness without core edits (1.7999ms)
gateway-web	Run pnpm test	2026-10-04T11:39:44.7056188Z ✔ adapter exceptions, timeouts and malformed results are isolated to the faulting adapter (1.3574ms)
gateway-web	Run pnpm test	2026-10-04T11:39:44.7056905Z ✔ optional provider absence is a typed state that blocks nothing and fabricates nothing (0.7633ms)
gateway-web	Run pnpm test	2026-10-04T11:39:44.7057592Z ✔ Claude Code and WorkBuddy adapters use the SDK path, and acceptance needs real host evidence (0.5741ms)
gateway-web	Run pnpm test	2026-10-04T11:39:44.7058302Z ✔ adding an adapter alters neither the EngineeringManagerPort nor the scheduling core (0.2496ms)
gateway-web	Run pnpm test	2026-10-04T11:39:44.7058815Z ✔ the SDK surface is strict, frozen and free of ambient state (0.5463ms)
gateway-web	Run pnpm test	2026-10-04T11:39:44.7059307Z ✔ a definition cannot be declared with mistyped policy fields or an impossible instant (0.2003ms)
gateway-web	Run pnpm test	2026-10-04T11:39:44.7059750Z ✔ a cyclic port result crosses the boundary as a frozen cycle, not as the adapter own object (0.2696ms)
gateway-web	Run pnpm test	2026-10-04T11:39:44.7060133Z ✔ a non-cloneable port result is a typed refusal instead of a live object (0.4279ms)
gateway-web	Run pnpm test	2026-10-04T11:39:44.7060527Z ✔ the harness does not certify a connector that silently accepts an unsupported capability (0.3166ms)
gateway-web	Run pnpm test	2026-10-04T11:39:44.7061067Z ✔ the harness does not certify a connector that silently accepts an unsupported control (0.254ms)
gateway-web	Run pnpm test	2026-10-04T11:39:44.7061503Z ✔ an enabled adapter whose product is not installed is not usable, not selected and not accepted (0.2466ms)
gateway-web	Run pnpm test	2026-10-04T11:39:44.7061917Z ✔ only a faulted adapter can be cleared, and the fault record survives the clearing (0.3084ms)
gateway-web	Run pnpm test	2026-10-04T11:39:44.7062264Z ✔ re-declaring availability cannot revive a faulted adapter (0.1773ms)
gateway-web	Run pnpm test	2026-10-04T11:39:44.7062632Z ✔ the registry refuses an adapter the SDK did not wrap, so isolation cannot be bypassed (0.2137ms)
gateway-web	Run pnpm test	2026-10-04T11:39:44.7063037Z ✔ a caller-declared acceptance says so instead of implying the SDK verified a host (0.2385ms)
gateway-web	Run pnpm test	2026-10-04T11:39:44.7063410Z ✔ an error whose code getter throws is still an isolated, typed fault (0.248ms)
gateway-web	Run pnpm test	2026-10-04T11:39:44.7063767Z ✔ the harness refuses a connector that reports a state outside the vocabulary (0.2487ms)
gateway-web	Run pnpm test	2026-10-04T11:39:44.7064138Z ✔ the harness refuses a declared capability the connector does not report (0.5099ms)
gateway-web	Run pnpm test	2026-10-04T11:39:44.7064515Z ✔ the harness proves the unsupported-control expectation instead of skipping it (0.2305ms)
gateway-web	Run pnpm test	2026-10-04T11:39:44.7064918Z ✔ a definition whose handlers are only inherited is refused, not claimed as satisfied (0.0737ms)
gateway-web	Run pnpm test	2026-10-04T11:39:44.7065431Z ✔ a definition stores the methods it validated, including non-enumerable ones (0.1198ms)
gateway-web	Run pnpm test	2026-10-04T11:39:44.7065775Z ✔ a non-conformant connector is given no core-edit certificate (0.1881ms)
gateway-web	Run pnpm test	2026-10-04T11:39:44.7066138Z ✔ a runtime that throws is not evidence and does not break the acceptance summary (0.1266ms)
gateway-web	Run pnpm test	2026-10-04T11:39:44.7066521Z ✔ fault identities are unique across adapters of the same kind in one process (0.172ms)
gateway-web	Run pnpm test	2026-10-04T11:39:44.7066887Z ✔ a connector manifest declares runtime, capabilities, needs and budgets (3.1636ms)
gateway-web	Run pnpm test	2026-10-04T11:39:44.7067251Z ✔ a connector manifest has no credential slot, and raw secrets are refused (0.3376ms)
gateway-web	Run pnpm test	2026-10-04T11:39:44.7068094Z ✔ policy decides permissions and an adapter can never grant itself one (0.433ms)
gateway-web	Run pnpm test	2026-10-04T11:39:44.7068569Z ✔ undeclared capability or method calls are refused (0.4338ms)
gateway-web	Run pnpm test	2026-10-04T11:39:44.7069142Z ✔ the pipeline runs detect, select, adapt, validate, standardize and unify (0.6119ms)
gateway-web	Run pnpm test	2026-10-04T11:39:44.7069734Z ✔ one malformed connector cannot prevent another connector from loading (0.6069ms)
gateway-web	Run pnpm test	2026-10-04T11:39:44.7070392Z ✔ loading two synthetic connectors with different capabilities needs no core change (0.652ms)
gateway-web	Run pnpm test	2026-10-04T11:39:44.7071148Z ✔ the runtime hosts two synthetic connectors with different capabilities (1.0568ms)
gateway-web	Run pnpm test	2026-10-04T11:39:44.7072999Z ✔ startup is bounded and a process that never becomes ready is stopped, not awaited (0.3562ms)
gateway-web	Run pnpm test	2026-10-04T11:39:44.7073677Z ✔ a failing spawn is data, and a failing invocation does not crash the runtime (0.8068ms)
gateway-web	Run pnpm test	2026-10-04T11:39:44.7074221Z ✔ heartbeat freshness is bounded by the manifest interval (0.4584ms)
gateway-web	Run pnpm test	2026-10-04T11:39:44.7074720Z ✔ restarts are bounded and exhaustion is a terminal safe mode (0.7066ms)
gateway-web	Run pnpm test	2026-10-04T11:39:44.7075244Z ✔ logs are bounded by the manifest and redactable by caller policy (0.6472ms)
gateway-web	Run pnpm test	2026-10-04T11:39:44.7075761Z ✔ runtime lifecycle is honest about state and unknown instances (0.5125ms)
gateway-web	Run pnpm test	2026-10-04T11:39:44.7076345Z ✔ undeclared keys inherited from Object.prototype are refused at every level (1.6244ms)
gateway-web	Run pnpm test	2026-10-04T11:39:44.7076929Z ✔ a secret-shaped name is refused in its plural and compound spellings (0.4076ms)
gateway-web	Run pnpm test	2026-10-04T11:39:44.7077519Z ✔ raw credential bytes are refused in any field, not only a secret-shaped one (0.6583ms)
gateway-web	Run pnpm test	2026-10-04T11:39:44.7078031Z ✔ a connector cannot forge the runtime kind it won (0.4795ms)
gateway-web	Run pnpm test	2026-10-04T11:39:44.7078520Z ✔ a nullish adapter cannot stop the other connectors from loading (1.1584ms)
gateway-web	Run pnpm test	2026-10-04T11:39:44.7079058Z ✔ a manifest carrying a reserved prototype key is refused at unify (0.3257ms)
gateway-web	Run pnpm test	2026-10-04T11:39:44.7079773Z ✔ heartbeat freshness is measured in one unit, whatever the clock returns (0.3982ms)
gateway-web	Run pnpm test	2026-10-04T11:39:44.7080287Z ✔ a heartbeat cannot resurrect a process that was killed (0.4375ms)
gateway-web	Run pnpm test	2026-10-04T11:39:44.7081255Z ✔ start persists the mediated intersection and bounds the spawn request (0.4313ms)
gateway-web	Run pnpm test	2026-10-04T11:39:44.7081830Z ✔ one adapter producing un-copyable output cannot stop the others loading (0.394ms)
gateway-web	Run pnpm test	2026-10-04T11:39:44.7082357Z ✔ a connector entry reference is confined to its own root (0.497ms)
gateway-web	Run pnpm test	2026-10-04T11:39:44.7082908Z ✔ one canonical job is observed by Web and Android without duplicate execution (3.3062ms)
gateway-web	Run pnpm test	2026-10-04T11:39:44.7083458Z ✔ the interaction device may differ from the execution device (0.3621ms)
gateway-web	Run pnpm test	2026-10-04T11:39:44.7084054Z ✔ remote fallback requires explicit approval and local allowed work stays local (0.5944ms)
gateway-web	Run pnpm test	2026-10-04T11:39:44.7084766Z ✔ attention comes from shared state and one acknowledgement reconciles every projection (0.7289ms)
gateway-web	Run pnpm test	2026-10-04T11:39:44.7085600Z ✔ user-visible success comes only from a terminal accepted result (0.7822ms)
gateway-web	Run pnpm test	2026-10-04T11:39:44.7086292Z ✔ advanced provenance exposes identifiers without leaking secrets, and the surface is strict (1.1893ms)
gateway-web	Run pnpm test	2026-10-04T11:39:44.7087076Z ✔ the surface policy cannot be used to switch the canonical binding or the attention source off (0.1989ms)
gateway-web	Run pnpm test	2026-10-04T11:39:44.7087709Z ✔ an impossible instant is refused everywhere it could become evidence (0.1999ms)
gateway-web	Run pnpm test	2026-10-04T11:39:44.7088286Z ✔ a hidden, symbol-keyed or header-shaped secret is still secret material (0.3907ms)
gateway-web	Run pnpm test	2026-10-04T11:39:44.7088830Z ✔ a cancelled job is finished even though it carries no result (0.4274ms)
gateway-web	Run pnpm test	2026-10-04T11:39:44.7089347Z ✔ control authority is bound to the job, not to whoever calls (0.2728ms)
gateway-web	Run pnpm test	2026-10-04T11:39:44.7089903Z ✔ a retry re-queues failed work only and never revives or duplicates execution (0.3033ms)
gateway-web	Run pnpm test	2026-10-04T11:39:44.7090578Z ✔ the first terminal result is the job truth and malformed artifacts are refused, not dropped (0.3245ms)
gateway-web	Run pnpm test	2026-10-04T11:39:44.7091186Z ✔ an attention-required backend is not rendered as success (0.2499ms)
gateway-web	Run pnpm test	2026-10-04T11:39:44.7091731Z ✔ the surface reports the execution device it was given and never invents one (0.1165ms)
gateway-web	Run pnpm test	2026-10-04T11:39:44.7092290Z ✔ owner and executor separation is about the owner and the executor connector (0.078ms)
gateway-web	Run pnpm test	2026-10-04T11:39:44.7092823Z ✔ canonical refs are unique across surfaces in one process (0.2036ms)
gateway-web	Run pnpm test	2026-10-04T11:39:44.7093447Z ✔ an attention acknowledgement records the subject it answers and the read views are frozen (0.3297ms)
gateway-web	Run pnpm test	2026-10-04T11:39:44.7094166Z ✔ a finished job is not re-opened for attention and an answered question is not reset (0.5965ms)
gateway-web	Run pnpm test	2026-10-04T11:39:44.7094857Z ✔ a blocking canonical question gates progress and resume (0.2795ms)
gateway-web	Run pnpm test	2026-10-04T11:39:44.7095365Z ✔ attention and approvals answer only to devices connected to the job (0.2574ms)
gateway-web	Run pnpm test	2026-10-04T11:39:44.7095914Z ✔ an object is not a provenance reference, and a nested payload is refused (0.241ms)
gateway-web	Run pnpm test	2026-10-04T11:39:44.7096424Z ✔ the secret scan reads maps, sets and records it cannot read (0.1089ms)
gateway-web	Run pnpm test	2026-10-04T11:39:44.7096999Z ✔ a lease belongs to one job and a shared task core confirms the binding when one is wired in (0.3188ms)
gateway-web	Run pnpm test	2026-10-04T11:39:44.7097695Z ✔ a result that is not a success is not accepted as one, and an uncloneable artifact is a typed refusal (0.2592ms)
gateway-web	Run pnpm test	2026-10-04T11:39:44.7098320Z ✔ the surface names where control came from and scopes its structural claims (0.1077ms)
gateway-web	Run pnpm test	2026-10-04T11:39:44.7098877Z ✔ a DAG is validated and only dependency-satisfied work is runnable (4.2644ms)
gateway-web	Run pnpm test	2026-10-04T11:39:44.7099580Z ✔ two writers cannot hold the same protected scope at once, and conflicts are reported not merged (0.6353ms)
gateway-web	Run pnpm test	2026-10-04T11:39:44.7100257Z ✔ resource pressure scales workers down and pauses new work without failing completed work (0.5181ms)
gateway-web	Run pnpm test	2026-10-04T11:39:44.7100840Z ✔ one-worker serial mode uses the same lifecycle and acceptance path (0.3553ms)
gateway-web	Run pnpm test	2026-10-04T11:39:44.7101466Z ✔ bounded retry and reassignment never duplicate a terminal result or an external effect (0.8613ms)
gateway-web	Run pnpm test	2026-10-04T11:39:44.7105179Z ✔ worker selection is capability and placement based with no provider-name branching (0.3105ms)
gateway-web	Run pnpm test	2026-10-04T11:39:44.7105860Z ✔ a controlled restart keeps completed work and never resumes stale state as success (1.2568ms)
gateway-web	Run pnpm test	2026-10-04T11:39:44.7106462Z ✔ a terminal result is immutable against late and out-of-order reports (0.348ms)
gateway-web	Run pnpm test	2026-10-04T11:39:44.7106972Z ✔ a stall or crash report cannot re-open completed work (0.2319ms)
gateway-web	Run pnpm test	2026-10-04T11:39:44.7107481Z ✔ the attempt budget is a bound at dispatch, not only in the stall path (0.328ms)
gateway-web	Run pnpm test	2026-10-04T11:39:44.7108682Z ✔ a running node cannot be dispatched twice into two concurrent attempts (0.2499ms)
gateway-web	Run pnpm test	2026-10-04T11:39:44.7109326Z ✔ a named worker is a choice, not a bypass of capability, readiness or capacity (0.4595ms)
gateway-web	Run pnpm test	2026-10-04T11:39:44.7109850Z ✔ every foreman bound is validated rather than trusted (0.4275ms)
gateway-web	Run pnpm test	2026-10-04T11:39:44.7110335Z ✔ a worker with running attempts cannot be re-registered (0.2808ms)
gateway-web	Run pnpm test	2026-10-04T11:39:44.7110773Z ✔ a node declaration is validated where it is used (0.4883ms)
gateway-web	Run pnpm test	2026-10-04T11:39:44.7111318Z ✔ a refused resume leaves the live queue intact, and a cyclic entry cannot overflow (0.5585ms)
gateway-web	Run pnpm test	2026-10-04T11:39:44.7111877Z ✔ an uninterpretable instant is refused rather than recorded (0.4211ms)
gateway-web	Run pnpm test	2026-10-04T11:39:44.7112367Z ✔ a handover or a cancel releases the worker slot it abandons (0.5168ms)
gateway-web	Run pnpm test	2026-10-04T11:39:44.7112961Z ✔ a restart keeps the completed-effect memory and a dependency list must be readable (0.4302ms)
gateway-web	Run pnpm test	2026-10-04T11:39:44.7113528Z ✔ a node no worker can staff is reported instead of vanishing (0.1973ms)
gateway-web	Run pnpm test	2026-10-04T11:39:44.7114044Z ✔ a declaration the module cannot clone is a typed refusal, not a crash (0.5954ms)
gateway-web	Run pnpm test	2026-10-04T11:39:44.7114647Z ✔ an autonomous job needs an objective and bounded constraints, not an operation list (2.5204ms)
gateway-web	Run pnpm test	2026-10-04T11:39:44.7115302Z ✔ a scripted job without an executable specification is refused honestly, not admitted (0.3362ms)
gateway-web	Run pnpm test	2026-10-04T11:39:44.7115904Z ✔ the job envelope is strict about route, vocabulary and secrets (0.5263ms)
gateway-web	Run pnpm test	2026-10-04T11:39:44.7116400Z ✔ a partial or progress event can never mark a job terminal (0.6497ms)
gateway-web	Run pnpm test	2026-10-04T11:39:44.7116940Z ✔ late, duplicate and out-of-order events are deterministic and idempotent (1.0756ms)
gateway-web	Run pnpm test	2026-10-04T11:39:44.7117489Z ✔ a terminal result is final and cannot be resurrected by replay (1.0663ms)
gateway-web	Run pnpm test	2026-10-04T11:39:44.7118048Z ✔ a result must be honest: success needs acceptance, and versions must line up (0.47ms)
gateway-web	Run pnpm test	2026-10-04T11:39:44.7118625Z ✔ artifact references preserve job, device and connector provenance (0.5859ms)
gateway-web	Run pnpm test	2026-10-04T11:39:44.7119346Z ✔ the protocol publishes its guarantees and stays transport neutral (0.2481ms)
gateway-web	Run pnpm test	2026-10-04T11:39:44.7119915Z ✔ unknown fields are refused even when named after Object.prototype members (1.3088ms)
gateway-web	Run pnpm test	2026-10-04T11:39:44.7120532Z ✔ a job record cannot be born terminal, and success is only reached through a result (0.6954ms)
gateway-web	Run pnpm test	2026-10-04T11:39:44.7121123Z ✔ an event from a superseded job version never acts on the current job (0.3713ms)
gateway-web	Run pnpm test	2026-10-04T11:39:44.7121646Z ✔ a replayed result is recognised by its content, not by its ref (0.3939ms)
gateway-web	Run pnpm test	2026-10-04T11:39:44.7122135Z ✔ a replayed artifact is recognised by its content and digest (0.3339ms)
gateway-web	Run pnpm test	2026-10-04T11:39:44.7122552Z ✔ a malformed batch is refused with a typed contract error (0.3206ms)
gateway-web	Run pnpm test	2026-10-04T11:39:44.7123007Z ✔ an ignored duplicate is recorded on the record, once, and stays idempotent (0.3687ms)
gateway-web	Run pnpm test	2026-10-04T11:39:44.7123449Z ✔ a calendar-impossible instant is refused, not merely shape-checked (0.4264ms)
gateway-web	Run pnpm test	2026-10-04T11:39:44.7123849Z ✔ a terminal announcement without a result is completed by the honest result (0.4257ms)
gateway-web	Run pnpm test	2026-10-04T11:39:44.7124194Z ✔ the job record is immutable at every level, not only at the top (0.4985ms)
gateway-web	Run pnpm test	2026-10-04T11:39:44.7124506Z ✔ a non-enumerable own out-of-contract field is refused too (0.1925ms)
gateway-web	Run pnpm test	2026-10-04T11:39:44.7124938Z ✔ the structured result arrays are bounded like their siblings (13.2998ms)
gateway-web	Run pnpm test	2026-10-04T11:39:44.7125264Z ✔ a cyclic or over-deep envelope is refused, never a stack overflow (0.5701ms)
gateway-web	Run pnpm test	2026-10-04T11:39:44.7125637Z ✔ a provider-neutral autonomous job validates and keeps owner and executor distinct (3.9486ms)
gateway-web	Run pnpm test	2026-10-04T11:39:44.7126044Z ✔ scripted executors need explicit operations while agent modes must not carry them (1.2433ms)
gateway-web	Run pnpm test	2026-10-04T11:39:44.7126445Z ✔ unknown version, state, mode, event type or port is rejected rather than guessed (1.2603ms)
gateway-web	Run pnpm test	2026-10-04T11:39:44.7126782Z ✔ foreign routes cannot be redefined as Engineering routes (3.1779ms)
gateway-web	Run pnpm test	2026-10-04T11:39:44.7127142Z ✔ provider product names are never a route and are never required by the core contract (1.387ms)
gateway-web	Run pnpm test	2026-10-04T11:39:44.7127864Z ✔ Codex-Boss is rejected everywhere it could be referenced (0.7827ms)
gateway-web	Run pnpm test	2026-10-04T11:39:44.7128387Z ✔ raw secrets are rejected while handle references are allowed (1.0998ms)
gateway-web	Run pnpm test	2026-10-04T11:39:44.7128887Z ✔ Engineering Manager stores only Engineering execution state (1.848ms)
gateway-web	Run pnpm test	2026-10-04T11:39:44.7129308Z ✔ canonical events are typed and validated (0.3852ms)
gateway-web	Run pnpm test	2026-10-04T11:39:44.7129809Z ✔ one attention event projects to the current plus recent devices and rings once (1.5042ms)
gateway-web	Run pnpm test	2026-10-04T11:39:44.7130350Z ✔ first attention acknowledgement closes the epoch globally and never rings again (1.0445ms)
gateway-web	Run pnpm test	2026-10-04T11:39:44.7130725Z ✔ reconnect and duplicate delivery do not re-ring an attention epoch (0.6878ms)
gateway-web	Run pnpm test	2026-10-04T11:39:44.7131163Z ✔ a result cannot report success on a typed blocker, without acceptance or with failing tests (0.7726ms)
gateway-web	Run pnpm test	2026-10-04T11:39:44.7131576Z ✔ ports are versioned, replacement-safe and refuse non-conforming subjects (0.5818ms)
gateway-web	Run pnpm test	2026-10-04T11:39:44.7131959Z ✔ a deterministic connector double runs a scripted job without a real provider (0.921ms)
gateway-web	Run pnpm test	2026-10-04T11:39:44.7132304Z ✔ duplicate submit replays instead of creating a second job (1.9282ms)
gateway-web	Run pnpm test	2026-10-04T11:39:44.7132634Z ✔ control commands check version, transition and terminal state (2.1023ms)
gateway-web	Run pnpm test	2026-10-04T11:39:44.7133137Z ✔ results are idempotent and cannot overwrite or resurrect a terminal job (2.2909ms)
gateway-web	Run pnpm test	2026-10-04T11:39:44.7133758Z ✔ canonical job identity survives restart/reconnect and rejects incompatible replay (1.4504ms)
gateway-web	Run pnpm test	2026-10-04T11:39:44.7134380Z ✔ remote fallback is measured, user-approved and preserves the logical owner (2.5787ms)
gateway-web	Run pnpm test	2026-10-04T11:39:44.7135046Z ✔ canonical serialization is order-independent and the schema matches the runtime contract (1.2243ms)
gateway-web	Run pnpm test	2026-10-04T11:39:44.7135625Z ✔ contract error type carries a stable code and status (0.0983ms)
gateway-web	Run pnpm test	2026-10-04T11:39:44.7136311Z ✔ a secret-shaped field is refused in its plural and camelCase spellings too (0.5968ms)
gateway-web	Run pnpm test	2026-10-04T11:39:44.7136916Z ✔ foreign canonical state is refused in camelCase and separator variants (0.282ms)
gateway-web	Run pnpm test	2026-10-04T11:39:44.7137502Z ✔ reserved prototype keys are refused at every depth of an owned state (0.4495ms)
gateway-web	Run pnpm test	2026-10-04T11:39:44.7138117Z ✔ an envelope refuses a reserved prototype key, so a wire payload cannot smuggle one (0.2513ms)
gateway-web	Run pnpm test	2026-10-04T11:39:44.7138721Z ✔ a codex-boss reference is caught however its separators are spelled (0.1754ms)
gateway-web	Run pnpm test	2026-10-04T11:39:44.7139248Z ✔ provider product names are caught however their separators are spelled (0.1812ms)
gateway-web	Run pnpm test	2026-10-04T11:39:44.7139773Z ✔ an absent field and an explicitly null field have different digests (0.1803ms)
gateway-web	Run pnpm test	2026-10-04T11:39:44.7140358Z ✔ the published schema states the normalisation and reserved-key rules the runtime enforces (0.6031ms)
gateway-web	Run pnpm test	2026-10-04T11:39:44.7140949Z ✔ a healthy local host is used, with local concurrency as the answer (1.6182ms)
gateway-web	Run pnpm test	2026-10-04T11:39:44.7141506Z ✔ resource pressure reduces local concurrency before any remote fallback (0.5474ms)
gateway-web	Run pnpm test	2026-10-04T11:39:44.7142133Z ✔ a protected foreground workload blocks the local host rather than displacing the user (0.2214ms)
gateway-web	Run pnpm test	2026-10-04T11:39:44.7142706Z ✔ an unmeasurable local host is unavailable, never assumed free (0.2798ms)
gateway-web	Run pnpm test	2026-10-04T11:39:44.7143389Z ✔ a faster or less loaded remote host alone never triggers fallback (0.6811ms)
gateway-web	Run pnpm test	2026-10-04T11:39:44.7143817Z ✔ remote fallback needs a measured reason and explicit user approval (0.8313ms)
gateway-web	Run pnpm test	2026-10-04T11:39:44.7144216Z ✔ candidates are ranked by capability fit, only after fallback is justified (6.5695ms)
gateway-web	Run pnpm test	2026-10-04T11:39:44.7144748Z ✔ a remote dispatch requires a recorded local attempt first (0.215ms)
gateway-web	Run pnpm test	2026-10-04T11:39:44.7145189Z ✔ a measurement is a strict own-property record (0.4925ms)
gateway-web	Run pnpm test	2026-10-04T11:39:44.7145591Z ✔ a measured GPU load is used, and a contradictory worker count is unavailable (0.2543ms)
gateway-web	Run pnpm test	2026-10-04T11:39:44.7145920Z ✔ only a justified fallback proposal can be approved (0.2882ms)
gateway-web	Run pnpm test	2026-10-04T11:39:44.7146342Z ✔ both reference connectors register and resolve generically, with no provider branches in the core (2.1905ms)
gateway-web	Run pnpm test	2026-10-04T11:39:44.7146750Z ✔ installed, uninstalled and auth-required states are probed honestly (1.7494ms)
gateway-web	Run pnpm test	2026-10-04T11:39:44.7147093Z ✔ one canonical job id is preserved while backend ids stay provenance (0.75ms)
gateway-web	Run pnpm test	2026-10-04T11:39:44.7147486Z ✔ unsupported operations become typed states instead of silence or success (0.5167ms)
gateway-web	Run pnpm test	2026-10-04T11:39:44.7148664Z ✔ an unknown outcome is never reported as success, and retries do not duplicate (0.5435ms)
gateway-web	Run pnpm test	2026-10-04T11:39:44.7149286Z ✔ component-stage acceptance is only claimed with genuine real-host evidence (0.4283ms)
gateway-web	Run pnpm test	2026-10-04T11:39:44.7149812Z ✔ the connector contract is strict, frozen and independent of ambient state (0.5416ms)
gateway-web	Run pnpm test	2026-10-04T11:39:44.7150377Z ✔ component acceptance needs a real terminal state, not an assumed one (0.2872ms)
gateway-web	Run pnpm test	2026-10-04T11:39:44.7150911Z ✔ a submit the backend refused is never reported as submitted (0.3088ms)
gateway-web	Run pnpm test	2026-10-04T11:39:44.7151392Z ✔ a control the backend refused does not close the session (0.3924ms)
gateway-web	Run pnpm test	2026-10-04T11:39:44.7151833Z ✔ an unreadable event stream is not an empty one (0.3054ms)
gateway-web	Run pnpm test	2026-10-04T11:39:44.7152294Z ✔ a result about another backend run is not this job outcome (0.1662ms)
gateway-web	Run pnpm test	2026-10-04T11:39:44.7152726Z ✔ a session the backend refused is not created (0.2672ms)
gateway-web	Run pnpm test	2026-10-04T11:39:44.7153177Z ✔ an uninterpretable instant is refused rather than recorded (0.2175ms)
gateway-web	Run pnpm test	2026-10-04T11:39:44.7153704Z ✔ acceptance is not claimed for a product this host did not install (0.2255ms)
gateway-web	Run pnpm test	2026-10-04T11:39:44.7154172Z ✔ a closed session is not reported as live work (0.1593ms)
gateway-web	Run pnpm test	2026-10-04T11:39:44.7154744Z ✔ the canonical job id addresses control, events and result, and backend refs come back (0.3489ms)
gateway-web	Run pnpm test	2026-10-04T11:39:44.7155403Z ✔ one logical action key executes the backend once, even after a cancel and re-attach (0.2144ms)
gateway-web	Run pnpm test	2026-10-04T11:39:44.7156194Z ✔ a connector kind is an own key, and a crashing probe degrades honestly (0.375ms)
gateway-web	Run pnpm test	2026-10-04T11:39:44.7156811Z ✔ the registry refuses an under-specified connector and derives its emulated count (0.1985ms)
gateway-web	Run pnpm test	2026-10-04T11:39:44.7157358Z ✔ one connector kind may have two distinct instances (10.3662ms)
gateway-web	Run pnpm test	2026-10-04T11:39:44.7157869Z ✔ stale probe data is visible as stale and never silently healthy (0.6915ms)
gateway-web	Run pnpm test	2026-10-04T11:39:44.7158362Z ✔ auth READY is never inferred from a live process (0.329ms)
gateway-web	Run pnpm test	2026-10-04T11:39:44.7158828Z ✔ a capability mismatch is a typed refusal before execution (0.2979ms)
gateway-web	Run pnpm test	2026-10-04T11:39:44.7159328Z ✔ the registry survives a probe that throws or times out (0.9505ms)
gateway-web	Run pnpm test	2026-10-04T11:39:44.7159870Z ✔ registry records refuse raw credential material and keep handles only (0.6528ms)
gateway-web	Run pnpm test	2026-10-04T11:39:44.7160490Z ✔ records are strict, and eligibility reports fit without choosing a host (0.8609ms)
gateway-web	Run pnpm test	2026-10-04T11:39:44.7161114Z ✔ unknown fields are refused even when named after Object.prototype members (0.979ms)
gateway-web	Run pnpm test	2026-10-04T11:39:44.7161671Z ✔ a future-dated probe is never fresh, and never silently usable (0.6694ms)
gateway-web	Run pnpm test	2026-10-04T11:39:44.7162176Z ✔ the typed refusal names the blocker that actually applies (0.3648ms)
gateway-web	Run pnpm test	2026-10-04T11:39:44.7162688Z ✔ the auditable snapshot cannot be rewritten by its reader (0.9554ms)
gateway-web	Run pnpm test	2026-10-04T11:39:44.7163420Z ✔ a partial probe update leaves the fields it does not mention alone (0.6336ms)
gateway-web	Run pnpm test	2026-10-04T11:39:44.7163972Z ✔ a raw credential is refused by value as well as by key name (0.5298ms)
gateway-web	Run pnpm test	2026-10-04T11:39:44.7164492Z ✔ a cyclic or over-deep record is refused, never a stack overflow (0.5614ms)
gateway-web	Run pnpm test	2026-10-04T11:39:44.7165044Z ✔ a calendar-impossible instant is refused, not merely shape-checked (0.267ms)
gateway-web	Run pnpm test	2026-10-04T11:39:44.7165539Z ✔ a probe cannot claim to stay current indefinitely (0.3103ms)
gateway-web	Run pnpm test	2026-10-04T11:39:44.7168050Z ✔ a failed probe is visible on the instance and blocks dispatch (0.8641ms)
gateway-web	Run pnpm test	2026-10-04T11:39:44.7168693Z ✔ a probe that reports not-installed cannot be a running, usable worker (0.1183ms)
gateway-web	Run pnpm test	2026-10-04T11:39:44.7169238Z ✔ an exempted reference field must still look like a reference (0.5961ms)
gateway-web	Run pnpm test	2026-10-04T11:39:44.7169679Z ✔ the evidence source travels with the answer (0.1264ms)
gateway-web	Run pnpm test	2026-10-04T11:39:44.7170166Z ✔ a remote dispatch needs an approved proposal and an eligible host (1.6877ms)
gateway-web	Run pnpm test	2026-10-04T11:39:44.7170789Z ✔ every channel returns to the current interaction surface, not to the execution device (0.9839ms)
gateway-web	Run pnpm test	2026-10-04T11:39:44.7171416Z ✔ the control plane follows the user when they move to another surface (0.3773ms)
gateway-web	Run pnpm test	2026-10-04T11:39:44.7171977Z ✔ stale and duplicate remote events are reconciled instead of re-applied (0.226ms)
gateway-web	Run pnpm test	2026-10-04T11:39:44.7172545Z ✔ control is forwarded from any authorised device and applied once (0.4467ms)
gateway-web	Run pnpm test	2026-10-04T11:39:44.7173095Z ✔ a hardware-bound action is a typed blocker, never a fabricated success (0.2233ms)
gateway-web	Run pnpm test	2026-10-04T11:39:44.7173757Z ✔ context is staged semantically, and the port contract owns trust and transport elsewhere (0.3233ms)
gateway-web	Run pnpm test	2026-10-04T11:39:44.7174477Z ✔ the return path can only move onto a surface this module resolved for the same owner (0.2594ms)
gateway-web	Run pnpm test	2026-10-04T11:39:44.7175073Z ✔ a dispatch validates the executor reference and the capability list (0.3141ms)
gateway-web	Run pnpm test	2026-10-04T11:39:44.7175648Z ✔ the bridge itself refuses a second dispatch and keeps the run ledger (0.3675ms)
gateway-web	Run pnpm test	2026-10-04T11:39:44.7176186Z ✔ an execution port that refuses is never reported as success (0.468ms)
gateway-web	Run pnpm test	2026-10-04T11:39:44.7176736Z ✔ an attention reply reaches the originating worker through the respond path (0.3391ms)
gateway-web	Run pnpm test	2026-10-04T11:39:44.7177382Z ✔ a control command without an idempotency key is refused rather than swallowed (0.134ms)
gateway-web	Run pnpm test	2026-10-04T11:39:44.7178045Z ✔ an untransferable remote payload is refused without consuming its sequence (0.2018ms)
gateway-web	Run pnpm test	2026-10-04T11:39:44.7178639Z ✔ a physical-action block is observable and blocks a fabricated success (0.1701ms)
gateway-web	Run pnpm test	2026-10-04T11:39:44.7179343Z ✔ recording instants are validated rather than stored as given (0.1862ms)
gateway-web	Run pnpm test	2026-10-04T11:39:44.7179878Z ✔ the approval gate reads the proposal itself, not its prototype (0.1907ms)
gateway-web	Run pnpm test	2026-10-04T11:39:44.7180434Z ✔ a refused replay does not move where the run returns are delivered (0.1087ms)
gateway-web	Run pnpm test	2026-10-04T11:39:44.7180994Z ✔ an envelope field is validated and used exactly once (0.289ms)
gateway-web	Run pnpm test	2026-10-04T11:39:44.7181533Z ✔ a device field is validated and projected exactly once (0.1013ms)
gateway-web	Run pnpm test	2026-10-04T11:39:44.7182101Z ✔ context staging enforces the bound and the cleanup policy it advertises (0.2535ms)
gateway-web	Run pnpm test	2026-10-04T11:39:44.7182646Z ✔ a return that reaches nobody is not normal remote-free operation (0.1639ms)
gateway-web	Run pnpm test	2026-10-04T11:39:44.7183177Z ✔ a surface is resolved only from devices belonging to that owner (0.0818ms)
gateway-web	Run pnpm test	2026-10-04T11:39:44.7183832Z ✔ authority is split: the monitor senses, the supervisor restarts, and neither can do the other (2.7421ms)
gateway-web	Run pnpm test	2026-10-04T11:39:44.7184354Z ✔ a stale or reused pid is never signalled (1.127ms)
gateway-web	Run pnpm test	2026-10-04T11:39:44.7184810Z ✔ the restart budget ends in safe mode instead of an infinite loop (1.2685ms)
gateway-web	Run pnpm test	2026-10-04T11:39:44.7185336Z ✔ resume happens only after a checkpoint and a readiness confirmation (0.8075ms)
gateway-web	Run pnpm test	2026-10-04T11:39:44.7185803Z ✔ a terminal job does not resurrect after recovery (0.3702ms)
gateway-web	Run pnpm test	2026-10-04T11:39:44.7186930Z ✔ one crashed connector never terminates unrelated connectors (0.5258ms)
gateway-web	Run pnpm test	2026-10-04T11:39:44.7187471Z ✔ the contract is strict, frozen, and honest about stale observations (0.5794ms)
gateway-web	Run pnpm test	2026-10-04T11:39:44.7188024Z ✔ pressure is the evidence the monitor recorded, not a copy the caller supplies (0.1982ms)
gateway-web	Run pnpm test	2026-10-04T11:39:44.7188537Z ✔ a policy bound that can be switched off is refused (0.5954ms)
gateway-web	Run pnpm test	2026-10-04T11:39:44.7189101Z ✔ an uninterpretable instant cannot make stale evidence fresh or release the cooldown (0.5579ms)
gateway-web	Run pnpm test	2026-10-04T11:39:44.7189716Z ✔ a throwing readiness or process hook is a typed outcome, not a half-applied restart (0.4535ms)
gateway-web	Run pnpm test	2026-10-04T11:39:44.7190219Z ✔ an absent confidence is no confidence (0.1436ms)
gateway-web	Run pnpm test	2026-10-04T11:39:44.7190669Z ✔ a caller structure that points at itself is refused, not fatal (0.3384ms)
gateway-web	Run pnpm test	2026-10-04T11:39:44.7191190Z ✔ a malformed active entry is reported rather than dropped (0.176ms)
gateway-web	Run pnpm test	2026-10-04T11:39:44.7191667Z ✔ a minted decision is authority for one instance and one restart (0.3251ms)
gateway-web	Run pnpm test	2026-10-04T11:39:44.7192228Z ✔ an unrecordable port answer is not an untyped failure after a real restart (0.3376ms)
gateway-web	Run pnpm test	2026-10-04T11:39:44.7192824Z ✔ a readiness answer about another instance or checkpoint is not this resume (0.4798ms)
gateway-web	Run pnpm test	2026-10-04T11:39:44.7193368Z ✔ supervise refuses a malformed set instead of failing part-way (0.2186ms)
gateway-web	Run pnpm test	2026-10-04T11:39:44.7193975Z ✔ host-pass: the original contract still works and is labelled HOST_PASS (86.1631ms)
gateway-web	Run pnpm test	2026-10-04T11:39:44.7194711Z ✔ owner-override: an Owner ruling over a real blocker produces a VERIFIED episode (86.4075ms)
gateway-web	Run pnpm test	2026-10-04T11:39:44.7195353Z ✔ owner-override without a migration blocker fails (60.1775ms)
gateway-web	Run pnpm test	2026-10-04T11:39:44.7196163Z ✔ owner-override without an owner ruling argument fails (72.0461ms)
gateway-web	Run pnpm test	2026-10-04T11:39:44.7196753Z ✔ owner-override whose intervention does not cite the ruling fails (64.1184ms)
gateway-web	Run pnpm test	2026-10-04T11:39:44.7197320Z ✔ owner-override without a verifier finding fails (75.5365ms)
gateway-web	Run pnpm test	2026-10-04T11:39:44.7220395Z ✔ owner-override whose verifier finding precedes the blocker fails (66.5049ms)
gateway-web	Run pnpm test	2026-10-04T11:39:44.7220936Z ✔ a final CI that is not PASS fails in owner-override too (84.7209ms)
gateway-web	Run pnpm test	2026-10-04T11:39:44.7221350Z ✔ the same host for both roles fails (167.5358ms)
gateway-web	Run pnpm test	2026-10-04T11:39:44.7221822Z ✔ an inbox that already has a host PASS cannot use owner-override (79.6697ms)
gateway-web	Run pnpm test	2026-10-04T11:39:44.7222739Z ✔ --owner-ruling is rejected in host-pass mode (81.5986ms)
gateway-web	Run pnpm test	2026-10-04T11:39:44.7223374Z ✔ owner-waived host separation: an Owner ruling lets the migration host finish verification (70.6633ms)
gateway-web	Run pnpm test	2026-10-04T11:39:44.7224215Z ✔ a strict episode records hostSeparation STRICT (130.9363ms)
gateway-web	Run pnpm test	2026-10-04T11:39:44.7224682Z ✔ owner-waived without --completing-host fails (235.8579ms)
gateway-web	Run pnpm test	2026-10-04T11:39:44.7225111Z ✔ owner-waived without --owner-ruling fails (64.3857ms)
gateway-web	Run pnpm test	2026-10-04T11:39:44.7225645Z ✔ owner-waived whose completing host produced no verification events fails (54.6504ms)
gateway-web	Run pnpm test	2026-10-04T11:39:44.7226192Z ✔ owner-waived whose record cites no ruling fails (58.1093ms)
gateway-web	Run pnpm test	2026-10-04T11:39:44.7226919Z ✔ owner-waived is refused when the completing host is already the verification host (51.6228ms)
gateway-web	Run pnpm test	2026-10-04T11:39:44.7227633Z ✔ owner-waived still refuses a verification event from a host that does not participate (93.0676ms)
gateway-web	Run pnpm test	2026-10-04T11:39:44.7228281Z ✔ --completing-host is rejected in strict host separation (86.0684ms)
gateway-web	Run pnpm test	2026-10-04T11:39:44.7228852Z ✔ strict host separation still refuses the same host for both roles (73.5536ms)
gateway-web	Run pnpm test	2026-10-04T11:39:44.7229416Z ✔ a finished Action is never re-opened by a later observation (1.356ms)
gateway-web	Run pnpm test	2026-10-04T11:39:44.7229977Z ✔ an in-flight Action still follows the City task it is reporting on (0.1317ms)
gateway-web	Run pnpm test	2026-10-04T11:39:44.7230630Z ✔ the reserved GENERAL_AI route answers a typed UNAVAILABLE and never becomes a City task (1.6679ms)
gateway-web	Run pnpm test	2026-10-04T11:39:44.7231314Z ✔ a reordered idempotency key is the same request, and a different one is refused (3.7935ms)
gateway-web	Run pnpm test	2026-10-04T11:39:44.7232006Z ✔ UXI-301 feed: real telemetry becomes a load vector, and unmeasured dimensions stay missing (1.0576ms)
gateway-web	Run pnpm test	2026-10-04T11:39:44.7232587Z ✔ UXI-301 feed: disk CAPACITY is not reported as io LOAD (0.1168ms)
gateway-web	Run pnpm test	2026-10-04T11:39:44.7233090Z ✔ UXI-301 feed: the node mapping mirrors the gateway liveness truth (0.1578ms)
gateway-web	Run pnpm test	2026-10-04T11:39:44.7233731Z ✔ UXI-391: the candidate carries an EXPLICIT enablement, and an explicit disable is honoured (0.6703ms)
gateway-web	Run pnpm test	2026-10-04T11:39:44.7234425Z ✔ UXI-301 feed: eligibility terms come from RS-202 and are all declared in the contract (0.4778ms)
gateway-web	Run pnpm test	2026-10-04T11:39:44.7235072Z ✔ UXI-301 feed: an ONLINE, healthy node must NOT present as unusable (0.917ms)
gateway-web	Run pnpm test	2026-10-04T11:39:44.7235651Z ✔ UXI-301 feed: COMPLETED is reachable ONLY from a terminal City state (0.2592ms)
gateway-web	Run pnpm test	2026-10-04T11:39:44.7236292Z ✔ UXI-301 feed: a healthy node plus a cold one offers waiting, never a forced choice (0.1648ms)
gateway-web	Run pnpm test	2026-10-04T11:39:44.7237040Z ✔ UXI-301 feed: a structurally refused fleet DOES demand a choice and withholds waiting (0.142ms)
gateway-web	Run pnpm test	2026-10-04T11:39:44.7237717Z ✔ UXI-301 feed: the producer rejects malformed input rather than guessing (0.3549ms)
gateway-web	Run pnpm test	2026-10-04T11:39:44.7238426Z ✔ UXI-301 feed: the feed is versioned, lists its candidates, and hides finished work by default (0.3114ms)
gateway-web	Run pnpm test	2026-10-04T11:39:44.7239144Z ✔ UXI-301 feed: termsInUse reports only declared terms, so a UI can preload copy (0.2682ms)
gateway-web	Run pnpm test	2026-10-04T11:39:44.7239825Z ✔ UXI-301 feed: an empty City produces an empty feed rather than a fabricated status (0.0991ms)
gateway-web	Run pnpm test	2026-10-04T11:39:44.7240494Z ✔ UXI-301 feed: a node already running OTHER work reports real capacity pressure (0.2493ms)
gateway-web	Run pnpm test	2026-10-04T11:39:44.7241223Z ✔ UXI-301 feed: capacity pressure clears once the other work finishes (0.2539ms)
gateway-web	Run pnpm test	2026-10-04T11:39:44.7241836Z ✔ UXI-301 feed: two busy nodes and one free node is reported truthfully per node (0.2336ms)
gateway-web	Run pnpm test	2026-10-04T11:39:44.7242494Z ✔ versioned authenticated gateway rejects unsafe commands and persists history (82.9151ms)
gateway-web	Run pnpm test	2026-10-04T11:39:44.7243149Z ✔ the post-restart resume decision is owned by the migrated checkpoint gate (23.2215ms)
gateway-web	Run pnpm test	2026-10-04T11:39:44.7243842Z ✔ the gateway places work on exactly the nodes its own policy and the Core both accept (1247.5448ms)
gateway-web	Run pnpm test	2026-10-04T11:39:44.7245099Z ✔ an interrupted task is never falsified as success across a gateway restart (31.4319ms)
gateway-web	Run pnpm test	2026-10-04T11:39:44.7245630Z ✔ no API network call happens before consent and budget admission (2.913ms)
gateway-web	Run pnpm test	2026-10-04T11:39:44.7246698Z ✔ a Web failure proposes API but never grants it, and budget does not stand in for consent (0.7866ms)
gateway-web	Run pnpm test	2026-10-04T11:39:44.7247446Z ✔ rate limit, auth and provider faults stay typed and never look like success (1.2328ms)
gateway-web	Run pnpm test	2026-10-04T11:39:44.7248033Z ✔ usage the provider did not report stays unknown, never zero (0.426ms)
gateway-web	Run pnpm test	2026-10-04T11:39:44.7248687Z ✔ streaming is supported only where the adapter says so, and secrets never reach provenance (0.5251ms)
gateway-web	Run pnpm test	2026-10-04T11:39:44.7249362Z ✔ channel state stays isolated, frozen and free of ambient behaviour (0.2953ms)
gateway-web	Run pnpm test	2026-10-04T11:39:44.7250096Z ✔ budget policy limits must be real numbers, so the second gate cannot vanish (0.3196ms)
gateway-web	Run pnpm test	2026-10-04T11:39:44.7250620Z ✔ provider usage that is negative is not usage (0.1112ms)
gateway-web	Run pnpm test	2026-10-04T11:39:44.7251083Z ✔ secrets are found and redacted however they are hidden (0.1962ms)
gateway-web	Run pnpm test	2026-10-04T11:39:44.7251637Z ✔ an admitted call with no usable adapter is a typed refusal, not a crash (0.3067ms)
gateway-web	Run pnpm test	2026-10-04T11:39:44.7252181Z ✔ the budget result does not claim knowledge it does not have (0.3432ms)
gateway-web	Run pnpm test	2026-10-04T11:39:44.7252818Z ✔ one conversation continues while backend thread, provider and device metadata change (2.9791ms)
gateway-web	Run pnpm test	2026-10-04T11:39:44.7253509Z ✔ backend thread loss is reported and never becomes a silent false continuation (1.101ms)
gateway-web	Run pnpm test	2026-10-04T11:39:44.7254107Z ✔ InputBundle enforces bounds, media type, digest and provenance (1.2507ms)
gateway-web	Run pnpm test	2026-10-04T11:39:44.7254670Z ✔ temporary staging metadata always carries an explicit cleanup policy (1.1075ms)
gateway-web	Run pnpm test	2026-10-04T11:39:44.7255397Z ✔ partial events are ordered, versioned and never terminal, and RF envelopes stay non-canonical (0.6287ms)
gateway-web	Run pnpm test	2026-10-04T11:39:44.7256149Z ✔ cancellation is idempotent, works across channel changes, and reconciles late results (0.5149ms)
gateway-web	Run pnpm test	2026-10-04T11:39:44.7256814Z ✔ the conversation contract is closed, frozen and identity-independent (0.4811ms)
gateway-web	Run pnpm test	2026-10-04T11:39:44.7257366Z ✔ the canonical contract allow-list is decided by own keys (0.2843ms)
gateway-web	Run pnpm test	2026-10-04T11:39:44.7257973Z ✔ the conversation policy is a bound, and a non-boolean cannot disable verification (0.2743ms)
gateway-web	Run pnpm test	2026-10-04T11:39:44.7258687Z ✔ a cyclic caller value cannot crash the freezer, and attachments are canonical records (0.3705ms)
gateway-web	Run pnpm test	2026-10-04T11:39:44.7259278Z ✔ a malformed caller instant is refused as a typed error (0.4383ms)
gateway-web	Run pnpm test	2026-10-04T11:39:44.7259753Z ✔ a settled turn cannot accept further transport data (0.3591ms)
gateway-web	Run pnpm test	2026-10-04T11:39:44.7260275Z ✔ a refused call leaves no partial write and no poisoned projection (0.273ms)
gateway-web	Run pnpm test	2026-10-04T11:39:44.7260795Z ✔ each late result is reconciled under its own reference (0.2951ms)
gateway-web	Run pnpm test	2026-10-04T11:39:44.7261363Z ✔ the published stream carries cancellation and a conversation-level order (0.2724ms)
gateway-web	Run pnpm test	2026-10-04T11:39:44.7261844Z ✔ every free-text field is bounded (0.2927ms)
gateway-web	Run pnpm test	2026-10-04T11:39:44.7262290Z ✔ the staging cleanup deadline is a decision, not decoration (0.2948ms)
gateway-web	Run pnpm test	2026-10-04T11:39:44.7262885Z ✔ GENERAL_AI is reserved as a user-level route and the legacy routes are untouched (1.2464ms)
gateway-web	Run pnpm test	2026-10-04T11:39:44.7263541Z ✔ a historical product name is not a route, and an unknown route is refused not guessed (0.2573ms)
gateway-web	Run pnpm test	2026-10-04T11:39:44.7265448Z ✔ the gateway route vocabulary is exactly the contract vocabulary (0.1417ms)
gateway-web	Run pnpm test	2026-10-04T11:39:44.7266067Z ✔ a canonical general-AI request validates and keeps typed backend references (1.3851ms)
gateway-web	Run pnpm test	2026-10-04T11:39:44.7266668Z ✔ unknown version, channel, state and malformed input are refused (0.602ms)
gateway-web	Run pnpm test	2026-10-04T11:39:44.7267242Z ✔ no canonical envelope may carry raw credential, cookie or token bytes (0.6086ms)
gateway-web	Run pnpm test	2026-10-04T11:39:44.7267857Z ✔ provider, model, attention, usage and proposal envelopes validate strictly (0.6097ms)
gateway-web	Run pnpm test	2026-10-04T11:39:44.7268470Z ✔ partial output cannot mark an Action terminal and terminal status is final (0.3155ms)
gateway-web	Run pnpm test	2026-10-04T11:39:44.7269129Z ✔ a partial result carries in-flight status and a result envelope carries a terminal one (0.3144ms)
gateway-web	Run pnpm test	2026-10-04T11:39:44.7269769Z ✔ an idempotency key replayed for the same request returns the first result (0.417ms)
gateway-web	Run pnpm test	2026-10-04T11:39:44.7270322Z ✔ the same idempotency key bound to a different request is refused (0.1752ms)
gateway-web	Run pnpm test	2026-10-04T11:39:44.7270884Z ✔ a deterministic local answer never reaches a general-AI channel (0.1771ms)
gateway-web	Run pnpm test	2026-10-04T11:39:44.7271435Z ✔ Web is the default channel and JEV failure degrades instead of blocking (0.0662ms)
gateway-web	Run pnpm test	2026-10-04T11:39:44.7272075Z ✔ Web failure does not silently trigger API, and API needs explicit user consent (0.0595ms)
gateway-web	Run pnpm test	2026-10-04T11:39:44.7272671Z ✔ budget policy runs after consent and can never substitute for it (0.0575ms)
gateway-web	Run pnpm test	2026-10-04T11:39:44.7273398Z ✔ another device is proposed, never chosen, and the interaction device does not move (0.2074ms)
gateway-web	Run pnpm test	2026-10-04T11:39:44.7274056Z ✔ API escalation requires a user confirmation reference, not a budget decision (0.5872ms)
gateway-web	Run pnpm test	2026-10-04T11:39:44.7274645Z ✔ a decision that needs the user becomes an attention request (0.1982ms)
gateway-web	Run pnpm test	2026-10-04T11:39:44.7275204Z ✔ JEV output is advisory and a JEV failure degrades instead of blocking (0.2956ms)
gateway-web	Run pnpm test	2026-10-04T11:39:44.7275792Z ✔ programme ports are versioned, and non-conforming subjects are refused (0.2425ms)
gateway-web	Run pnpm test	2026-10-04T11:39:44.7276344Z ✔ the deterministic remote double never fakes a completed run (0.52ms)
gateway-web	Run pnpm test	2026-10-04T11:39:44.7276864Z ✔ the repository carries no runtime dependency on the historical product (95.7812ms)
gateway-web	Run pnpm test	2026-10-04T11:39:44.7277451Z ✔ the contract publishes its routing guarantees and error vocabulary (0.1495ms)
gateway-web	Run pnpm test	2026-10-04T11:39:44.7278163Z ✔ undeclared keys inherited from Object.prototype are refused, and a prototype key never is canonical (0.4359ms)
gateway-web	Run pnpm test	2026-10-04T11:39:44.7278953Z ✔ a secret-shaped name is refused in its plural and compound spellings, and a quantity is not a secret (0.2567ms)
gateway-web	Run pnpm test	2026-10-04T11:39:44.7279663Z ✔ raw credential bytes are refused in any field, not only in a secret-shaped one (0.2204ms)
gateway-web	Run pnpm test	2026-10-04T11:39:44.7280371Z ✔ a partial result cannot claim a terminal status by relabelling or omitting its source (0.6304ms)
gateway-web	Run pnpm test	2026-10-04T11:39:44.7281027Z ✔ UNAVAILABLE is final for this action, and entering it is still allowed (0.1665ms)
gateway-web	Run pnpm test	2026-10-04T11:39:44.7281618Z ✔ an advisory assessment carries advisory fields and nothing else (0.3555ms)
gateway-web	Run pnpm test	2026-10-04T11:39:44.7282358Z ✔ the linkage scanner catches real dependency shapes it used to miss, and still ignores provenance prose (0.3014ms)
gateway-web	Run pnpm test	2026-10-04T11:39:44.7283073Z ✔ availability, health, auth, rate limit and budget stay separate signals (2.9931ms)
gateway-web	Run pnpm test	2026-10-04T11:39:44.7283713Z ✔ stale health is distinguishable from healthy and never reported as healthy (0.6804ms)
gateway-web	Run pnpm test	2026-10-04T11:39:44.7284376Z ✔ a transient technical failure follows a bounded retry and backoff policy (0.5045ms)
gateway-web	Run pnpm test	2026-10-04T11:39:44.7291207Z ✔ human-blocked and ambiguous failures never auto-resume as a technical retry (0.5403ms)
gateway-web	Run pnpm test	2026-10-04T11:39:44.7291880Z ✔ circuits are scoped so one failure cannot trip all AI or the local surfaces (1.3635ms)
gateway-web	Run pnpm test	2026-10-04T11:39:44.7292497Z ✔ a Web failure degrades honestly and never silently escalates to the API (0.3995ms)
gateway-web	Run pnpm test	2026-10-04T11:39:44.7293032Z ✔ the governor is strict, frozen, and free of ambient state (0.5346ms)
gateway-web	Run pnpm test	2026-10-04T11:39:44.7293651Z ✔ the resilience policy bounds are real bounds (0.4186ms)
gateway-web	Run pnpm test	2026-10-04T11:39:44.7294136Z ✔ a malformed caller instant is refused as a typed error (0.5873ms)
gateway-web	Run pnpm test	2026-10-04T11:39:44.7294691Z ✔ a side-effecting failure is not retried without an idempotency key (0.3626ms)
gateway-web	Run pnpm test	2026-10-04T11:39:44.7295332Z ✔ a cyclic value cannot crash the freezer, and a degraded availability is named (0.2641ms)
gateway-web	Run pnpm test	2026-10-04T11:39:44.7295860Z ✔ the governor policy is a plain record (0.1421ms)
gateway-web	Run pnpm test	2026-10-04T11:39:44.7296342Z ✔ a caller instant cannot extend or shorten a circuit cooldown (0.3182ms)
gateway-web	Run pnpm test	2026-10-04T11:39:44.7296844Z ✔ an acknowledgment survives a replayed failure (0.2356ms)
gateway-web	Run pnpm test	2026-10-04T11:39:44.7297426Z ✔ a non-boolean flag cannot silently drop a proposal or an idempotency requirement (0.1549ms)
gateway-web	Run pnpm test	2026-10-04T11:39:44.7298157Z ✔ a degraded or unknown availability is never ready, and the report agrees with the query (0.3985ms)
gateway-web	Run pnpm test	2026-10-04T11:39:44.7298851Z ✔ provider, model and account identities stay distinct across multiple accounts (13.5698ms)
gateway-web	Run pnpm test	2026-10-04T11:39:44.7299512Z ✔ stale capability metadata is visible as stale and reads as unknown (0.7442ms)
gateway-web	Run pnpm test	2026-10-04T11:39:44.7300105Z ✔ WEB and API readiness are answered independently and may differ (0.5675ms)
gateway-web	Run pnpm test	2026-10-04T11:39:44.7300715Z ✔ a missing provider, model or account produces typed absence, not a throw (0.6004ms)
gateway-web	Run pnpm test	2026-10-04T11:39:44.7301427Z ✔ canonical records refuse raw secret material and keep handles only (0.8253ms)
gateway-web	Run pnpm test	2026-10-04T11:39:44.7302021Z ✔ the registry starts empty and works entirely with synthetic providers (0.5857ms)
gateway-web	Run pnpm test	2026-10-04T11:39:44.7302522Z ✔ registry records are strict about their shape (1.308ms)
gateway-web	Run pnpm test	2026-10-04T11:39:44.7303041Z ✔ undeclared keys inherited from Object.prototype are refused (0.6635ms)
gateway-web	Run pnpm test	2026-10-04T11:39:44.7303614Z ✔ a secret-shaped name is refused in its plural and compound spellings (0.2243ms)
gateway-web	Run pnpm test	2026-10-04T11:39:44.7304306Z ✔ raw credential bytes are refused in a declared text field, not only under a secret-shaped name (0.5433ms)
gateway-web	Run pnpm test	2026-10-04T11:39:44.7305629Z ✔ one reference cannot name two records, and a parent binding cannot be re-pointed (1.1257ms)
gateway-web	Run pnpm test	2026-10-04T11:39:44.7306166Z ✔ a handle reference is content-addressed and epoch-scoped (0.1998ms)
gateway-web	Run pnpm test	2026-10-04T11:39:44.7307047Z ✔ a stale or unavailable channel is not advertised as supported (0.4204ms)
gateway-web	Run pnpm test	2026-10-04T11:39:44.7307622Z ✔ a missing subject reports its own absence code, and a future observation is not fresh (0.1706ms)
gateway-web	Run pnpm test	2026-10-04T11:39:44.7308240Z ✔ RS-201: enablement is REQUIRED, so an omitted field can never read as enabled (0.4318ms)
gateway-web	Run pnpm test	2026-10-04T11:39:44.7308885Z ✔ RS-201: enablement accepts exactly the two declared states and nothing that merely looks like one (1.0602ms)
gateway-web	Run pnpm test	2026-10-04T11:39:44.7309549Z ✔ RS-201: DISABLED is a user choice, not a capability fact, and does not contaminate freshness (0.248ms)
gateway-web	Run pnpm test	2026-10-04T11:39:44.7310121Z ✔ RS-201: region is required but explicitly nullable, and is never inferred (0.4876ms)
gateway-web	Run pnpm test	2026-10-04T11:39:44.7310680Z ✔ RS-201: the availability reason vocabulary carries all seven required categories (0.1315ms)
gateway-web	Run pnpm test	2026-10-04T11:39:44.7311207Z ✔ RS-201: disable and re-enable are reversible and destroy nothing (0.3152ms)
gateway-web	Run pnpm test	2026-10-04T11:39:44.7311770Z ✔ RS-201: setEnablement refuses a bad state and answers a bad reference with a typed absence (0.3743ms)
gateway-web	Run pnpm test	2026-10-04T11:39:44.7312375Z ✔ RS-201: a provider with dependents is REFUSED removal, and the dependents are named (0.2671ms)
gateway-web	Run pnpm test	2026-10-04T11:39:44.7312980Z ✔ RS-201: removal tombstones the reference, so RETIRED is distinguishable from UNKNOWN (0.1673ms)
gateway-web	Run pnpm test	2026-10-04T11:39:44.7313562Z ✔ RS-201: restore is the explicit act that makes a removed reference registerable again (0.156ms)
gateway-web	Run pnpm test	2026-10-04T11:39:44.7314146Z ✔ RS-201: unavailability never removes anything - only an explicit user remove() does (0.1071ms)
gateway-web	Run pnpm test	2026-10-04T11:39:44.7314749Z ✔ RS-201: models and accounts are removable once they have no dependents of their own (0.1675ms)
gateway-web	Run pnpm test	2026-10-04T11:39:44.7315326Z ✔ RS-201: a fresh, enabled, unimpeded record is the ONLY thing that reads AVAILABLE (0.2059ms)
gateway-web	Run pnpm test	2026-10-04T11:39:44.7316045Z ✔ RS-201: staleness is NOT live truth - a stale observation is UNKNOWN, never AVAILABLE (0.0759ms)
gateway-web	Run pnpm test	2026-10-04T11:39:44.7316652Z ✔ RS-201: region is checked only against a DECLARED region, so a neutral provider never mismatches (0.0692ms)
gateway-web	Run pnpm test	2026-10-04T11:39:44.7317244Z ✔ RS-201: session and credential reasons come from the account status, and stay apart (0.1277ms)
gateway-web	Run pnpm test	2026-10-04T11:39:44.7317801Z ✔ RS-201: a channel that is UNAVAILABLE is a service fault, and neither is selectable (0.0431ms)
gateway-web	Run pnpm test	2026-10-04T11:39:44.7318345Z ✔ RS-201: precedence is ordered and the user instruction outranks every observation (0.1251ms)
gateway-web	Run pnpm test	2026-10-04T11:39:44.7318936Z ✔ RS-201: the candidate list keeps refused entries WITH their reasons rather than hiding them (0.429ms)
gateway-web	Run pnpm test	2026-10-04T11:39:44.7319496Z ✔ RS-201: an all-refused pool and an empty pool are distinct, named conditions (0.1413ms)
gateway-web	Run pnpm test	2026-10-04T11:39:44.7319995Z ✔ RS-201: a suggestion is structurally incapable of being an execution (0.2049ms)
gateway-web	Run pnpm test	2026-10-04T11:39:44.7320550Z ✔ RS-201: when nothing is selectable the suggestion says so instead of inventing a fallback (0.2492ms)
gateway-web	Run pnpm test	2026-10-04T11:39:44.7321132Z ✔ RS-201: a probe that answers inside the bound is FRESH, and is then served from cache (0.3976ms)
gateway-web	Run pnpm test	2026-10-04T11:39:44.7321677Z ✔ RS-201: the bound HOLDS - a probe that never answers cannot block the caller (46.1873ms)
gateway-web	Run pnpm test	2026-10-04T11:39:44.7322299Z ✔ RS-201: a missed bound degrades to the last known answer, marked as degraded and aged (45.7798ms)
gateway-web	Run pnpm test	2026-10-04T11:39:44.7322896Z ✔ RS-201: when nothing was ever known, the bound yields NO_DATA and never invents availability (31.6888ms)
gateway-web	Run pnpm test	2026-10-04T11:39:44.7323475Z ✔ RS-201: a probe that throws degrades instead of propagating into the calling path (0.7322ms)
gateway-web	Run pnpm test	2026-10-04T11:39:44.7324024Z ✔ RS-201: the probe reports its own bounds and refuses an unusable configuration (0.2257ms)
gateway-web	Run pnpm test	2026-10-04T11:39:44.7324597Z ✔ RS-201: the outcome vocabulary keeps a degraded answer distinguishable from a fresh one (0.0883ms)
gateway-web	Run pnpm test	2026-10-04T11:39:44.7325176Z ✔ a healthy current device is preferred, so nothing moves and nothing is interrupted (2.42ms)
gateway-web	Run pnpm test	2026-10-04T11:39:44.7325746Z ✔ endpoints are ranked from metadata only, and stale or offline ones are never healthy (1.4275ms)
gateway-web	Run pnpm test	2026-10-04T11:39:44.7326246Z ✔ no execution begins before the V1 device-switch confirmation (0.594ms)
gateway-web	Run pnpm test	2026-10-04T11:39:44.7327464Z ✔ exactly one canonical Action exists on the execution host, and every event correlates to it (0.6467ms)
gateway-web	Run pnpm test	2026-10-04T11:39:44.7328139Z ✔ remote cancel works from any authorized device and reconciles late results (0.6857ms)
gateway-web	Run pnpm test	2026-10-04T11:39:44.7328781Z ✔ hardware-bound authentication surfaces as ATTENTION_REQUIRED, never as false success (0.5256ms)
gateway-web	Run pnpm test	2026-10-04T11:39:44.7329474Z ✔ semantic input staging carries an explicit cleanup policy, and the router is strict (0.873ms)
gateway-web	Run pnpm test	2026-10-04T11:39:44.7330045Z ✔ the policy cannot switch off confirmation or the health ceilings (0.3181ms)
gateway-web	Run pnpm test	2026-10-04T11:39:44.7330591Z ✔ the approved endpoint must still be healthy at dispatch time (0.283ms)
gateway-web	Run pnpm test	2026-10-04T11:39:44.7331084Z ✔ a malformed caller instant is refused as a typed error (0.5122ms)
gateway-web	Run pnpm test	2026-10-04T11:39:44.7331529Z ✔ a settled action is not regressed by a late attention request (0.2756ms)
gateway-web	Run pnpm test	2026-10-04T11:39:44.7331967Z ✔ a cancellation event is terminal because the action is (0.2516ms)
gateway-web	Run pnpm test	2026-10-04T11:39:44.7332469Z ✔ a cyclic caller value cannot crash the freezer, and stored text is typed (0.6301ms)
gateway-web	Run pnpm test	2026-10-04T11:39:44.7332984Z ✔ a non-boolean requirement cannot skip an exclusion (0.1726ms)
gateway-web	Run pnpm test	2026-10-04T11:39:44.7333439Z ✔ a live action id cannot bypass the confirmation gates (0.3212ms)
gateway-web	Run pnpm test	2026-10-04T11:39:44.7333883Z ✔ an executor refusal is not recorded as a dispatch (0.2819ms)
gateway-web	Run pnpm test	2026-10-04T11:39:44.7334403Z ✔ a hardware-bound action stays addressable while it awaits the user (0.1814ms)
gateway-web	Run pnpm test	2026-10-04T11:39:44.7335009Z ✔ a success carries its result, and an exact replay is not applied twice (0.2287ms)
gateway-web	Run pnpm test	2026-10-04T11:39:44.7335764Z ✔ a cancellation is only reported when the executor accepted it (0.2523ms)
gateway-web	Run pnpm test	2026-10-04T11:39:44.7336324Z ✔ a known deterministic command consults no JEV and no provider (2.3632ms)
gateway-web	Run pnpm test	2026-10-04T11:39:44.7336986Z ✔ JEV recommends, gateway policy decides, and both are independently auditable (0.464ms)
gateway-web	Run pnpm test	2026-10-04T11:39:44.7337627Z ✔ unavailable, timed-out, malformed and low-confidence JEV is non-blocking (0.6592ms)
gateway-web	Run pnpm test	2026-10-04T11:39:44.7338161Z ✔ JEV cannot execute an Action or grant permission (0.9889ms)
gateway-web	Run pnpm test	2026-10-04T11:39:44.7338686Z ✔ engineering intent routes to the Engineering programme, never to General AI (0.3993ms)
gateway-web	Run pnpm test	2026-10-04T11:39:44.7339197Z ✔ the router is strict, frozen and free of ambient state (1.1402ms)
gateway-web	Run pnpm test	2026-10-04T11:39:44.7339725Z ✔ a classification that carries an execution is refused however it is hidden (0.339ms)
gateway-web	Run pnpm test	2026-10-04T11:39:44.7340305Z ✔ policy values are validated, so a route cannot be invented or a gate removed (0.4145ms)
gateway-web	Run pnpm test	2026-10-04T11:39:44.7340825Z ✔ command records are strict and instants are real (0.5094ms)
gateway-web	Run pnpm test	2026-10-04T11:39:44.7341302Z ✔ deterministic local commands route exactly as before (2.2684ms)
gateway-web	Run pnpm test	2026-10-04T11:39:44.7341850Z ✔ an ordinary AI request produces a GENERAL_AI Action with provenance as advanced state (1.0467ms)
gateway-web	Run pnpm test	2026-10-04T11:39:44.7342579Z ✔ device-switch and API proposals never navigate the user away, and remote results return to the action (1.2807ms)
gateway-web	Run pnpm test	2026-10-04T11:39:44.7343493Z ✔ an API proposal requires explicit confirmation and shows the budget outcome before execution (0.8661ms)
gateway-web	Run pnpm test	2026-10-04T11:39:44.7344146Z ✔ attention is projected into canonical shared state, never a GAI-only store (0.673ms)
gateway-web	Run pnpm test	2026-10-04T11:39:44.7344799Z ✔ cancel and control work from Web and Android for the same Action, with one shared history (0.9681ms)
gateway-web	Run pnpm test	2026-10-04T11:39:44.7346110Z ✔ no path claims success while the backend is unavailable, and legacy routes are refused (1.2165ms)
gateway-web	Run pnpm test	2026-10-04T11:39:44.7346850Z ✔ nothing is reported as executed without a channel, and a confirmed device is not rewritten (0.435ms)
gateway-web	Run pnpm test	2026-10-04T11:39:44.7347501Z ✔ the first terminal result is the action truth and cannot be rewritten (0.4406ms)
gateway-web	Run pnpm test	2026-10-04T11:39:44.7348085Z ✔ the advanced view keeps real identifiers and refuses unreadable provenance (0.5081ms)
gateway-web	Run pnpm test	2026-10-04T11:39:44.7348592Z ✔ a crashing port is a typed refusal and instants are real (0.358ms)
gateway-web	Run pnpm test	2026-10-04T11:39:44.7349123Z ✔ a cancelled action cannot be advanced, proposed to, projected, or executed (0.319ms)
gateway-web	Run pnpm test	2026-10-04T11:39:44.7349653Z ✔ an approved API proposal is consumed by its one execution (0.2333ms)
gateway-web	Run pnpm test	2026-10-04T11:39:44.7350221Z ✔ a shared Attention port that refuses is refused, not claimed as canonical state (0.299ms)
gateway-web	Run pnpm test	2026-10-04T11:39:44.7350848Z ✔ success is refused while canonical attention is outstanding, even after a resume (0.18ms)
gateway-web	Run pnpm test	2026-10-04T11:39:44.7351443Z ✔ the routing policy decides whether the local matcher runs first (0.1387ms)
gateway-web	Run pnpm test	2026-10-04T11:39:44.7351921Z ✔ the canonical history names the device that acted (0.1392ms)
gateway-web	Run pnpm test	2026-10-04T11:39:44.7352430Z ✔ a device-switch confirmation cannot revive a cancelled action (0.1791ms)
gateway-web	Run pnpm test	2026-10-04T11:39:44.7353028Z ✔ Web is the default execution channel and execution is bound to a profile handle (1.9006ms)
gateway-web	Run pnpm test	2026-10-04T11:39:44.7353561Z ✔ a channel state that cannot execute is a typed refusal (1.1404ms)
gateway-web	Run pnpm test	2026-10-04T11:39:44.7354028Z ✔ partial output is never reported as the final result (0.4663ms)
gateway-web	Run pnpm test	2026-10-04T11:39:44.7354426Z ✔ cancel is typed and idempotent (0.355ms)
gateway-web	Run pnpm test	2026-10-04T11:39:44.7354970Z ✔ a persistent login survives an allowed restart when the profile handle still resolves (0.7556ms)
gateway-web	Run pnpm test	2026-10-04T11:39:44.7355687Z ✔ a profile that cannot be resolved reports AUTH_REQUIRED instead of a silent fresh login (0.1901ms)
gateway-web	Run pnpm test	2026-10-04T11:39:44.7356298Z ✔ raw cookies, storage and tokens never enter persisted City state (0.3706ms)
gateway-web	Run pnpm test	2026-10-04T11:39:44.7356803Z ✔ real-provider acceptance is recorded, never fabricated (0.1699ms)
gateway-web	Run pnpm test	2026-10-04T11:39:44.7357240Z ✔ a restore may not take over a live session (0.4731ms)
gateway-web	Run pnpm test	2026-10-04T11:39:44.7357959Z ✔ a persisted state must be this module version and cannot hide raw browser state (1.0688ms)
gateway-web	Run pnpm test	2026-10-04T11:39:44.7358459Z ✔ a persisted instant must be a real instant (0.3312ms)
gateway-web	Run pnpm test	2026-10-04T11:39:44.7358999Z ✔ a persisted state must be a bare own-property object, and accountRef a reference (0.3086ms)
gateway-web	Run pnpm test	2026-10-04T11:39:44.7359721Z ✔ a completion whose session is gone is refused, and case-variant raw state is still raw state (0.3944ms)
gateway-web	Run pnpm test	2026-10-04T11:41:15.3239833Z ✔ two installation launchers share one City across ports and recover the same identity after a crash (113792.5392ms)
gateway-web	Run pnpm test	2026-10-04T11:41:15.4578803Z ✔ forgetting migrated enrollment cannot import the legacy credential again (133.696ms)
gateway-web	Run pnpm test	2026-10-04T11:41:16.3353810Z ✔ remote short code enrolls with a local member agent and reconnects without launching a host City (876.3547ms)
gateway-web	Run pnpm test	2026-10-04T11:41:18.4081858Z ✔ PRIMARY launcher reports successful MEMBER transition and normal main restart preserves it (2074.0198ms)
gateway-web	Run pnpm test	2026-10-04T11:41:18.4191452Z ✔ host reservation is atomic across requested ports and retains the canonical data directory (48.3293ms)
gateway-web	Run pnpm test	2026-10-04T11:41:18.4192401Z ✔ joining only demotes the local host, saves its admission name and leaves remote City intact (107.4845ms)
gateway-web	Run pnpm test	2026-10-04T11:41:18.4193136Z ✔ failed pairing and busy local work do not demote or write a new membership (37.2093ms)
gateway-web	Run pnpm test	2026-10-04T11:41:18.4194305Z ✔ native production transition retires only local Gateway and its worker, while remote host stays primary (231.6306ms)
gateway-web	Run pnpm test	2026-10-04T11:41:18.4195179Z ✔ selected MEMBER role survives coordinator crash without replacing the original City pointer (3.4693ms)
gateway-web	Run pnpm test	2026-10-04T11:41:18.4195969Z ✔ startup preflight recognizes old absolute Windows paths and refuses duplicate Cities (3.5742ms)
gateway-web	Run pnpm test	2026-10-04T11:41:18.4196719Z ✔ an interrupted Windows inventory is an explicit blocking error, never an empty host (0.5124ms)
gateway-web	Run pnpm test	2026-10-04T11:41:18.4197421Z ✔ a relative Gateway path with an inconclusive identity probe blocks startup (0.2457ms)
gateway-web	Run pnpm test	2026-10-04T11:41:18.4198941Z ✔ JOIN-502: a join request grants nothing until an already trusted device approves it (63.1371ms)
gateway-web	Run pnpm test	2026-10-04T11:41:18.4199832Z ✔ JOIN-502: the browse is authenticated, and a nearby City never makes this City mint a pairing code (647.1431ms)
gateway-web	Run pnpm test	2026-10-04T11:41:18.4200612Z ✔ JOIN-502: a duplicate or replayed request is bounded, not a second approval card (14.1243ms)
gateway-web	Run pnpm test	2026-10-04T11:41:18.4201385Z ✔ JOIN-502: a rejected request stays rejected, and re-asking after a rejection is refused (15.0835ms)
gateway-web	Run pnpm test	2026-10-04T11:41:18.4202228Z ✔ JOIN-502: an expired request cannot be approved back into life, and expiry does not need a request to happen (23.6784ms)
gateway-web	Run pnpm test	2026-10-04T11:41:18.4202995Z ✔ JOIN-502: the request list is BOUNDED, and a decision survives a City restart (30.2537ms)
gateway-web	Run pnpm test	2026-10-04T11:41:18.4203666Z ✔ JOIN-502: the state machine refuses what it cannot honour, instead of guessing (3.3834ms)
gateway-web	Run pnpm test	2026-10-04T11:41:18.4204639Z ✔ JOIN-502: an approval reaches OTHER surfaces as a canonical event, not only the owner that made it (70.2783ms)
gateway-web	Run pnpm test	2026-10-04T11:41:18.4205405Z ✔ JOIN-502: decisions are canonical events, and their payloads carry no secret (13.3796ms)
gateway-web	Run pnpm test	2026-10-04T11:41:18.4206094Z ✔ JOIN-502 discovery adapter: a discovered City is a candidate, never a credential (1.2527ms)
gateway-web	Run pnpm test	2026-10-04T11:41:18.4206839Z ✔ JOIN-502 discovery adapter: the same City advertised twice is ONE row, and the newest address wins (0.1545ms)
gateway-web	Run pnpm test	2026-10-04T11:41:18.4207646Z ✔ JOIN-502 discovery adapter: a stale or future-dated sighting is not offered, and an unidentified one is not merged (0.5227ms)
gateway-web	Run pnpm test	2026-10-04T11:41:18.4208442Z ✔ JOIN-502 discovery adapter: a row with no reachable endpoint is refused rather than offered (0.1949ms)
gateway-web	Run pnpm test	2026-10-04T11:41:18.4209251Z ✔ JOIN-502 discovery adapter: the probe fails SOFT - no probe, no fetch or a bad answer is an empty list (0.4384ms)
gateway-web	Run pnpm test	2026-10-04T11:41:18.4210109Z ✔ JOIN-502 gateway browse: mDNS records become RF-003 advertisements, and the contract still refuses to pair from them (0.9197ms)
gateway-web	Run pnpm test	2026-10-04T11:41:18.4211148Z ✔ JOIN-502 gateway browse: the view carries the ADVERTISED address and withholds it once stale (0.1273ms)
gateway-web	Run pnpm test	2026-10-04T11:41:18.4211855Z ✔ JOIN-502 capability statement: a City states what it accepts instead of a client guessing (0.1657ms)
gateway-web	Run pnpm test	2026-10-04T11:41:18.4212502Z ✔ the browse is reachable WITHOUT a credential, because a joining PC has none (2053.4864ms)
gateway-web	Run pnpm test	2026-10-04T11:41:18.4213251Z ✔ the DECISION routes stay authenticated: a public read must not widen into a public write (19.8343ms)
gateway-web	Run pnpm test	2026-10-04T11:41:18.4213926Z ✔ the version check still applies to the join routes that are public (25.0618ms)
gateway-web	Run pnpm test	2026-10-04T11:41:18.4214676Z ✔ JOIN-502 surface: a nearby City is offered without being trusted, and joining waits for an approval (7030.7677ms)
gateway-web	Run pnpm test	2026-10-04T11:41:18.4215568Z ✔ JOIN-502 surface: a refused browse still offers the fallbacks, and a rejected ask leaves the device untrusted (6559.3105ms)
gateway-web	Run pnpm test	2026-10-04T11:41:18.4216454Z ✔ JOIN-503 (1)(2): one join enrolls an installation, and a RESTART reconnects with nothing typed (100.334ms)
gateway-web	Run pnpm test	2026-10-04T11:41:18.4217280Z ✔ JOIN-503 (3): an EXPIRED session is replaced by an internal re-auth, with no user-visible token prompt (46.6382ms)
gateway-web	Run pnpm test	2026-10-04T11:41:18.4218106Z ✔ JOIN-503 (4)(5): REVOKE denies reconnect, and a revoked installation cannot mint new membership (54.2113ms)
gateway-web	Run pnpm test	2026-10-04T11:41:18.4219053Z ✔ JOIN-503 (6): a REINSTALL mints new identities and is unbound until an explicit rebind (119.7439ms)
gateway-web	Run pnpm test	2026-10-04T11:41:18.4219861Z ✔ JOIN-503 (7): the secret-exposure sweep - no durable secret in the snapshot, events, records or a URL (69.049ms)
gateway-web	Run pnpm test	2026-10-04T11:41:18.4220592Z ✔ JOIN-503: a broken or foreign device file is refused rather than half-used (3.1377ms)
gateway-web	Run pnpm test	2026-10-04T11:41:18.4221301Z ✔ JOIN-503 (8): the engineering manual fallback still exists and is not the default path (35.8644ms)
gateway-web	Run pnpm test	2026-10-04T11:41:18.4222067Z ✔ JOIN-503: an invite of either shape is understood, and junk is refused instead of guessed at (0.4944ms)
gateway-web	Run pnpm test	2026-10-04T11:41:18.4222893Z ✔ JOIN-503: enrollment events are emitted on a CLONE, which is the population-level half of detection (54.4856ms)
gateway-web	Run pnpm test	2026-10-04T11:41:18.4223672Z ✔ REVIEW JOIN-503 D-1/D-2: a session may act on ITSELF and on nothing else (108.0789ms)
gateway-web	Run pnpm test	2026-10-04T11:41:18.4224582Z ✔ D-1: an enrolled session may NOT revoke another installation, and the refusal really refuses (97.1985ms)
gateway-web	Run pnpm test	2026-10-04T11:41:18.4225323Z ✔ D-2: a session sees ONLY itself - not the roster, and not the City-wide clone scan (26.89ms)
gateway-web	Run pnpm test	2026-10-04T11:41:18.4226065Z ✔ D-1/D-2: the owner keeps FULL authority, so the repair did not break the surface it protects (26.2663ms)
gateway-web	Run pnpm test	2026-10-04T11:41:18.4226775Z ✔ D-1/D-2: the two sibling guards the review compared against are still in place (21.2146ms)
gateway-web	Run pnpm test	2026-10-04T11:41:18.4227572Z ✔ LINK: two independent Cities link over a pipe the main City dialled out, and a join completes across it (75.1161ms)
gateway-web	Run pnpm test	2026-10-04T11:41:18.4228334Z ✔ MESH-301 naming: a fresh machine joins as Alien-Win, and that name is persisted (0.5613ms)
gateway-web	Run pnpm test	2026-10-04T11:41:18.4229019Z ✔ MESH-301 naming: RENAMING changes the label and never the physical identity (0.0891ms)
gateway-web	Run pnpm test	2026-10-04T11:41:18.4229764Z ✔ MESH-301 naming: the persisted identity beats the default even with no arguments at all (0.0611ms)
gateway-web	Run pnpm test	2026-10-04T11:41:18.4230451Z ✔ MESH-301 naming: an explicit environment identity wins and is persisted (0.1189ms)
gateway-web	Run pnpm test	2026-10-04T11:41:18.4231105Z ✔ MESH-301 naming: --id wins, and the flag does NOT swallow the display name (0.0973ms)
gateway-web	Run pnpm test	2026-10-04T11:41:18.4231846Z ✔ MESH-301 naming: an unreadable identity store does not stop the node, and the default still applies (0.0943ms)
gateway-web	Run pnpm test	2026-10-04T11:41:18.4232608Z ✔ targeting: an absent or empty target means untargeted, never an error (0.663ms)
gateway-web	Run pnpm test	2026-10-04T11:41:18.4233288Z ✔ targeting: a malformed target is a typed refusal, not a silently ignored field (0.1454ms)
gateway-web	Run pnpm test	2026-10-04T11:41:18.4234049Z ✔ targeting: the claim rule is total - untargeted always allowed, strict only for the named device (0.093ms)
gateway-web	Run pnpm test	2026-10-04T11:41:18.4235018Z ✔ targeting: KNOWN, ONLINE and ELIGIBLE are three questions, and only the last one is claimable (0.2273ms)
gateway-web	Run pnpm test	2026-10-04T11:41:18.4235781Z ✔ targeting: a withheld task names the device it is held for and the device that asked (0.5487ms)
gateway-web	Run pnpm test	2026-10-04T11:41:18.4236420Z ✔ targeting: waiting means strict, unfinished and unclaimed (0.0859ms)
gateway-web	Run pnpm test	2026-10-04T11:41:18.4237187Z ✔ MESH-301 step 3: a strict target routes to one device, waits when that device is away, and never reroutes (1327.6446ms)
gateway-web	Run pnpm test	2026-10-04T11:41:18.4238082Z ✔ D-R1: a surface with two sockets is ONE surface, and only the last socket closing announces its departure (1133.5828ms)
gateway-web	Run pnpm test	2026-10-04T11:41:18.4238933Z ✔ D-R1: an ANONYMOUS surface is still recorded, and anonymous sockets do not silence each other (731.4442ms)
gateway-web	Run pnpm test	2026-10-04T11:41:18.4239592Z ✔ records mission events and finalizes a verified episode (442.8592ms)
gateway-web	Run pnpm test	2026-10-04T11:41:18.4240104Z ✔ refuses same host for migration and verification (251.5554ms)
gateway-web	Run pnpm test	2026-10-04T11:41:18.4240696Z ✔ same LAN is direct, and it is chosen FIRST so the common case pays for nothing (2.1574ms)
gateway-web	Run pnpm test	2026-10-04T11:41:18.4241468Z ✔ a peer that cannot be dialled uses the outbound relay when one exists - no account, no router change (0.1942ms)
gateway-web	Run pnpm test	2026-10-04T11:41:18.4242159Z ✔ an overlay the user ALREADY has beats asking them to create one (0.122ms)
gateway-web	Run pnpm test	2026-10-04T11:41:18.4242952Z ✔ a forwarded port is offered WITH its cost, as an Owner decision rather than a silent choice (0.1205ms)
gateway-web	Run pnpm test	2026-10-04T11:41:18.4243767Z ✔ two PCs on different networks with no relay and no overlay get an HONEST none plus the Owner question (1.0968ms)
gateway-web	Run pnpm test	2026-10-04T11:41:18.4244713Z ✔ a /24 mismatch is only used to prefer a direct attempt, never to claim reachability (0.1428ms)
gateway-web	Run pnpm test	2026-10-04T11:41:18.4245339Z ✔ loopback and Bluetooth are direct, with their reasons stated (0.338ms)
gateway-web	Run pnpm test	2026-10-04T11:41:18.4245987Z ✔ the group plan reports the HARDEST peer as what the group requires, not the easiest (0.9827ms)
gateway-web	Run pnpm test	2026-10-04T11:41:18.4246753Z ✔ when every peer needs the Owner, the plan says so and lists them rather than offering a spinner (0.4511ms)
gateway-web	Run pnpm test	2026-10-04T11:41:18.4247393Z ✔ an empty group and junk input are answered, not thrown at (0.2661ms)
gateway-web	Run pnpm test	2026-10-04T11:41:18.4248007Z ✔ the preference list is exported so the order is reviewable rather than buried (0.1441ms)
gateway-web	Run pnpm test	2026-10-04T11:41:18.4248698Z ✔ real node executes file checkpoint task; cancelled task stays cancelled (1112.2938ms)
gateway-web	Run pnpm test	2026-10-04T11:41:18.4249378Z ✔ mDNS tries reachable advertised addresses instead of trusting lexical order (17.3931ms)
gateway-web	Run pnpm test	2026-10-04T11:41:18.4250047Z ✔ a multicast browse error is unavailable, not a successful empty search (0.2776ms)
gateway-web	Run pnpm test	2026-10-04T11:41:18.4250758Z ✔ Bluetooth scanning decodes the existing Android locator and reports unsupported hosts (0.3996ms)
gateway-web	Run pnpm test	2026-10-04T11:41:18.4251478Z ✔ Bluetooth discovery retains the default HTTP port and verifies the endpoint identity (0.2641ms)
gateway-web	Run pnpm test	2026-10-04T11:41:18.4252229Z ✔ N3: a pairing session offers a WEB link a second PC can open, without replacing the QR payload (14.6428ms)
gateway-web	Run pnpm test	2026-10-04T11:41:18.4252965Z ✔ N3: the session route hands the web link to the surface, so the page has something to show (60.474ms)
gateway-web	Run pnpm test	2026-10-04T11:41:18.4253562Z ✔ N3: the pairing entry exists in BOTH states the page can be in (0.9865ms)
gateway-web	Run pnpm test	2026-10-04T11:41:18.4254097Z ✔ N3: the page can take a link from the address bar, and it asks before it connects (1.0208ms)
gateway-web	Run pnpm test	2026-10-04T11:41:18.4254673Z ✔ IDLE: no session exists until create() is called, and a read never changes that (0.8347ms)
gateway-web	Run pnpm test	2026-10-04T11:41:18.4255065Z ✔ generate once: exactly one ACTIVE session with the City payload kept verbatim (0.7649ms)
gateway-web	Run pnpm test	2026-10-04T11:41:18.4255456Z ✔ ACTIVE is FINAL against re-generation: a second create() cannot rotate the code (0.5412ms)
gateway-web	Run pnpm test	2026-10-04T11:41:18.4255784Z ✔ ordinary reads keep the SAME id, code and payload (0.1708ms)
gateway-web	Run pnpm test	2026-10-04T11:41:18.4256167Z ✔ CONSUMED: the City reporting a different canonical session ends ACTIVE as USED, not as a mystery (0.1324ms)
gateway-web	Run pnpm test	2026-10-04T11:41:18.4256730Z ✔ EXPIRED: the countdown tick ends the session, names it EXPIRED, and creates nothing (0.1079ms)
gateway-web	Run pnpm test	2026-10-04T11:41:18.4257121Z ✔ a second EXPLICIT generate after expiry produces a new, different session (0.1177ms)
gateway-web	Run pnpm test	2026-10-04T11:41:18.4257503Z ✔ a malformed session response creates nothing (a half-session is not rendered) (0.1907ms)
gateway-web	Run pnpm test	2026-10-04T11:41:18.4257903Z ✔ reload persistence: the SAME valid session is restored, with its original expiry (0.2594ms)
gateway-web	Run pnpm test	2026-10-04T11:41:18.4258332Z ✔ a stored session that expired while the page was away comes back EXPIRED, never as a new code (0.1874ms)
gateway-web	Run pnpm test	2026-10-04T11:41:18.4258727Z ✔ a corrupt or foreign storage record is dropped rather than half-rendered (0.188ms)
gateway-web	Run pnpm test	2026-10-04T11:41:18.4259075Z ✔ an explicit user clear names its reason and still creates nothing (0.0935ms)
gateway-web	Run pnpm test	2026-10-04T11:41:18.4259437Z ✔ clearOnSessionChanged is a no-op while the City still reports our own session (0.0978ms)
gateway-web	Run pnpm test	2026-10-04T11:41:18.4259846Z ✔ when the City session vanished AND ours is past expiry, the reason reported is EXPIRED (0.0643ms)
gateway-web	Run pnpm test	2026-10-04T11:41:18.4260301Z ✔ a new session after a terminal state is a full fresh display, and generate stays offered only when idle (0.5947ms)
gateway-web	Run pnpm test	2026-10-04T11:41:18.4260737Z ✔ pairing input survives slow typing, refresh, navigation and a failed attempt (14096.4642ms)
gateway-web	Run pnpm test	2026-10-04T11:41:18.4261299Z ✔ a six digit code pairs to the City serving the disconnected page (2183.1408ms)
gateway-web	Run pnpm test	2026-10-04T11:41:18.4262678Z ✔ LAN search selects a peer and hands the code to its origin without a cross-origin POST (3818.0517ms)
gateway-web	Run pnpm test	2026-10-04T11:41:18.4263545Z ✔ BLE_BOOTSTRAP search selects a peer and hands the code to its origin without a cross-origin POST (3246.2768ms)
gateway-web	Run pnpm test	2026-10-04T11:41:18.4264259Z ✔ Bluetooth search is actionable and explains an unavailable radio (3230.7626ms)
gateway-web	Run pnpm test	2026-10-04T11:41:18.4264851Z ✔ a failed code handoff retains the target identity on retries (3165.2656ms)
gateway-web	Run pnpm test	2026-10-04T11:41:18.4265647Z ✔ JOIN-501 acceptance: no implicit generation, an ACTIVE code that cannot rotate, and both terminal states (16220.3752ms)
gateway-web	Run pnpm test	2026-10-04T11:41:18.4266590Z ✔ JOIN-501 real-endpoint receiver: a SECOND process (not the owner page) consumes the code the page shows (6269.414ms)
gateway-web	Run pnpm test	2026-10-04T11:41:18.4267441Z ✔ JOIN-501 acceptance: expiry ends the display by itself, and the expiry path creates nothing (5967.8665ms)
gateway-web	Run pnpm test	2026-10-04T11:41:18.4268297Z ✔ JOIN-501: a fresh browser session starts with NO code, and a stored expired record is never exchanged (5299.3871ms)
gateway-web	Run pnpm test	2026-10-04T11:41:18.4269158Z ✔ short code preserves identity pinning, reports lockout, and never sends a code to the wrong City (84.3103ms)
gateway-web	Run pnpm test	2026-10-04T11:41:18.4269990Z ✔ code handoff carries only a selected City, six digits and the existing transport in a fragment (0.493ms)
gateway-web	Run pnpm test	2026-10-04T11:41:18.4270839Z ✔ pairing sessions exchange once, expire and reject secret/code guesses without exposing credentials (219.3674ms)
gateway-web	Run pnpm test	2026-10-04T11:41:18.4271679Z ✔ descriptor validation rejects invalid input and conflicts, discovery TXT excludes secrets (0.9338ms)
gateway-web	Run pnpm test	2026-10-04T11:41:18.4272363Z ✔ T1: the Web shell is served from apps/web and cannot be escaped (54.9787ms)
gateway-web	Run pnpm test	2026-10-04T11:41:18.4272891Z ✔ T1: rooms are reported truthfully when the hub is up (22.7791ms)
gateway-web	Run pnpm test	2026-10-04T11:41:18.4273381Z ✔ T1: an unreachable Room Hub is a state, not an error (13.936ms)
gateway-web	Run pnpm test	2026-10-04T11:41:18.4273911Z ✔ T2: a Room Action keeps the Room own truth and is idempotent (36.2407ms)
gateway-web	Run pnpm test	2026-10-04T11:41:18.4274463Z ✔ T2: a Capability Action carries the real invocation identity (55.4249ms)
gateway-web	Run pnpm test	2026-10-04T11:41:18.4275126Z ✔ T2: a City task is UNAVAILABLE with no node, and follows the real task when there is one (24.5972ms)
gateway-web	Run pnpm test	2026-10-04T11:41:18.4275868Z ✔ T3: Ask / Do routes deterministically, refuses to guess, and confirms side effects (256.6455ms)
gateway-web	Run pnpm test	2026-10-04T11:41:18.4276477Z ✔ scope: no BOSS or HNS route can be created, by any path (15.9186ms)
gateway-web	Run pnpm test	2026-10-04T11:41:18.4277034Z ✔ T1.1: health reflects real readiness instead of being a constant (23.5321ms)
gateway-web	Run pnpm test	2026-10-04T11:41:18.4277696Z ✔ T2: an idempotency key is bound to one request (17.9134ms)
gateway-web	Run pnpm test	2026-10-04T11:41:18.4278172Z ✔ T2: City task provenance follows the real task state (18.9071ms)
gateway-web	Run pnpm test	2026-10-04T11:41:18.4278823Z ✔ network: local beats LAN beats remote beats unknown, and latency only ever removes score (1.5848ms)
gateway-web	Run pnpm test	2026-10-04T11:41:18.4279551Z ✔ capacity: missing telemetry is EXCLUDED, never defaulted to a middle value (0.3526ms)
gateway-web	Run pnpm test	2026-10-04T11:41:18.4280373Z ✔ role: a City already carrying devices outranks an identical empty one, and a known City outranks a stranger (0.1262ms)
gateway-web	Run pnpm test	2026-10-04T11:41:18.4281213Z ✔ recommendation: the best carrier wins on network + capacity together, not on either alone (0.4242ms)
gateway-web	Run pnpm test	2026-10-04T11:41:18.4282217Z ✔ recommendation: a candidate with NO telemetry falls back to network+role rather than scoring zero capacity (0.1926ms)
gateway-web	Run pnpm test	2026-10-04T11:41:18.4283043Z ✔ recommendation: an EMPTY list recommends nothing, and says why instead of throwing (0.4264ms)
gateway-web	Run pnpm test	2026-10-04T11:41:18.4283894Z ✔ recommendation: the order is DETERMINISTIC for equal scores, so the list cannot reshuffle between renders (6.3429ms)
gateway-web	Run pnpm test	2026-10-04T11:41:18.4284785Z ✔ recommendation: a single loopback City is recommended with the honest reason that it is the only one (0.1412ms)
gateway-web	Run pnpm test	2026-10-04T11:41:18.4285517Z ✔ weights are exported and the balance is visible rather than guessed (0.1432ms)
gateway-web	Run pnpm test	2026-10-04T11:41:18.4286272Z ✔ attachment: wired beats wireless for a CARRIER, and a metered link is halved (0.1668ms)
gateway-web	Run pnpm test	2026-10-04T11:41:18.4287024Z ✔ group carrier: a City nobody else can reach is NOT the carrier, however powerful the machine (0.3038ms)
gateway-web	Run pnpm test	2026-10-04T11:41:18.4287872Z ✔ group carrier: when one City is reachable by every peer it wins, even against a higher-scoring partial one (0.134ms)
gateway-web	Run pnpm test	2026-10-04T11:41:18.4288817Z ✔ group carrier: with no peer reachability reported, it says the ranking alone decided rather than implying a check (0.1153ms)
gateway-web	Run pnpm test	2026-10-04T11:41:18.4289584Z ✔ group carrier: an empty topology answers honestly instead of throwing (0.0872ms)
gateway-web	Run pnpm test	2026-10-04T11:41:18.4290200Z ✔ runner stops file side effects when gateway has made task terminal (0.6033ms)
gateway-web	Run pnpm test	2026-10-04T11:41:18.4290814Z ✔ runner returns failed report for retry when transport is unavailable (0.197ms)
gateway-web	Run pnpm test	2026-10-04T11:41:18.4291546Z ✔ S1: a peer that cannot be dialled registers over an OUTBOUND socket, and the City names its ref (63.0783ms)
gateway-web	Run pnpm test	2026-10-04T11:41:18.4292525Z ✔ S1: admission reuses the City’s OWN credentials - a session ref comes from the registry, and a bad one is refused (37.4827ms)
gateway-web	Run pnpm test	2026-10-04T11:41:18.4293489Z ✔ S3: a real join completes over the pipe - the CITY runs the payload, the owner approves, the claim is spent once (31.4027ms)
gateway-web	Run pnpm test	2026-10-04T11:41:18.4294360Z ✔ S3: without approval the pipe grants nothing - the City is not joined just because a path exists (10.848ms)
gateway-web	Run pnpm test	2026-10-04T11:41:18.4295179Z ✔ S2/S3: the relay refuses to be an open proxy - no path outside the list, and no widening by method (44.9695ms)
gateway-web	Run pnpm test	2026-10-04T11:41:18.4296005Z ✔ S3: a City refusal travels back as its OWN status, so the surface can say why instead of "unreachable" (8.809ms)
gateway-web	Run pnpm test	2026-10-04T11:41:18.4296857Z ✔ S2: the dialling peer also SERVES the City - a payload the City PUSHES runs on the City it was dialled to (11.48ms)
gateway-web	Run pnpm test	2026-10-04T11:41:18.4297684Z ✔ N2: the whole cross-network join runs over the pipe - capability, ask, decision, credential (79.6749ms)
gateway-web	Run pnpm test	2026-10-04T11:41:18.4298450Z ✔ N2: a rejection is reported AS a rejection and never retried; the flow stops there (66.1409ms)
gateway-web	Run pnpm test	2026-10-04T11:41:18.4299139Z ✔ N2: a pipe that answers for ANOTHER City is refused before an ask is created (27.4996ms)
gateway-web	Run pnpm test	2026-10-04T11:41:18.4299856Z ✔ N2: the reach decision sends the same link to navigation and the far network to the pipe (0.6982ms)
gateway-web	Run pnpm test	2026-10-04T11:41:18.4300660Z ✔ S1: a pipe that never stops is rate-limited, and the version check still applies to the handshake (918.9247ms)
gateway-web	Run pnpm test	2026-10-04T11:41:18.4301415Z ✔ an admitted peer registers and is listed; a refused one is refused WITH a reason (2.4765ms)
gateway-web	Run pnpm test	2026-10-04T11:41:18.4302317Z ✔ a forwarded request reaches the peer and its answer comes back to the caller (0.3585ms)
gateway-web	Run pnpm test	2026-10-04T11:41:18.4302958Z ✔ forwarding to a peer that is not connected is a typed 404, not a hang (0.105ms)
gateway-web	Run pnpm test	2026-10-04T11:41:18.4303598Z ✔ a peer that never answers produces a TIMEOUT rather than an unbounded wait (55.8776ms)
gateway-web	Run pnpm test	2026-10-04T11:41:18.4304141Z ✔ the in-flight cap is a REFUSAL, not a queue (0.2937ms)
gateway-web	Run pnpm test	2026-10-04T11:41:18.4304775Z ✔ an answer nobody is waiting for is dropped, and an answer from the WRONG peer is not accepted (0.178ms)
gateway-web	Run pnpm test	2026-10-04T11:41:18.4305478Z ✔ a peer answering with an error rejects the caller with that error, typed (0.171ms)
gateway-web	Run pnpm test	2026-10-04T11:41:18.4306182Z ✔ a re-dial REPLACES the old connection for that peer rather than leaving two live pipes (0.1011ms)
gateway-web	Run pnpm test	2026-10-04T11:41:18.4306863Z ✔ the peer cap and close() are both refusals rather than silent behaviour (0.2995ms)
gateway-web	Run pnpm test	2026-10-04T11:41:18.4307480Z ✔ a write that throws fails THAT request instead of corrupting the hub (0.2426ms)
gateway-web	Run pnpm test	2026-10-04T11:41:18.4308092Z ✔ a bootstrap payload is a pointer to the pairing path, never trust (2.3813ms)
gateway-web	Run pnpm test	2026-10-04T11:41:18.4308617Z ✔ a MAC address is never consulted for a decision (0.2313ms)
gateway-web	Run pnpm test	2026-10-04T11:41:18.4309148Z ✔ an expired or replayed bootstrap is refused without partial state (0.2684ms)
gateway-web	Run pnpm test	2026-10-04T11:41:18.4310715Z ✔ the IP handoff requires trust and re-verifies the fingerprint on the new path (0.4564ms)
gateway-web	Run pnpm test	2026-10-04T11:41:18.4311254Z ✔ scanning is bounded and payloads are strict (0.5678ms)
gateway-web	Run pnpm test	2026-10-04T11:41:18.4311753Z ✔ a bootstrap window is bounded and a junk clock is a refusal (0.3638ms)
gateway-web	Run pnpm test	2026-10-04T11:41:18.4312240Z ✔ an expired bootstrap cannot be handed off (0.1828ms)
gateway-web	Run pnpm test	2026-10-04T11:41:18.4312771Z ✔ a payload must carry a real nonce, real candidates and its own fields (0.7952ms)
gateway-web	Run pnpm test	2026-10-04T11:41:18.4313372Z ✔ a bootstrap payload is strict, and replay protection is auditable (0.3431ms)
gateway-web	Run pnpm test	2026-10-04T11:41:18.4314091Z ✔ two heterogeneous devices advertise different implementations of one logical capability (2.664ms)
gateway-web	Run pnpm test	2026-10-04T11:41:18.4314798Z ✔ callers resolve a compatible version without knowing the device class (1.7298ms)
gateway-web	Run pnpm test	2026-10-04T11:41:18.4315421Z ✔ an unsupported version fails explicitly instead of being coerced (0.4719ms)
gateway-web	Run pnpm test	2026-10-04T11:41:18.4316046Z ✔ capability loss invalidates new invocations and stays visible in state (0.6918ms)
gateway-web	Run pnpm test	2026-10-04T11:41:18.4316791Z ✔ exclusive/shared/background and live/queue metadata survive serialization and versioning (0.8108ms)
gateway-web	Run pnpm test	2026-10-04T11:41:18.4317492Z ✔ an advertised capability is availability metadata, never permission (0.5849ms)
gateway-web	Run pnpm test	2026-10-04T11:41:18.4318058Z ✔ the registry is strict, frozen and free of ambient state (0.4946ms)
gateway-web	Run pnpm test	2026-10-04T11:41:18.4318674Z ✔ canonical execution metadata is decided by own keys, not the prototype chain (0.2406ms)
gateway-web	Run pnpm test	2026-10-04T11:41:18.4319320Z ✔ a malformed or impossible caller instant is refused as a typed error (0.505ms)
gateway-web	Run pnpm test	2026-10-04T11:41:18.4319960Z ✔ an expired advertisement cannot be invoked by naming an earlier instant (0.2594ms)
gateway-web	Run pnpm test	2026-10-04T11:41:18.4320520Z ✔ a refused wire payload leaves the registry untouched (0.1958ms)
gateway-web	Run pnpm test	2026-10-04T11:41:18.4321120Z ✔ a wire snapshot may not replace newer state or silently clear a recorded loss (0.4102ms)
gateway-web	Run pnpm test	2026-10-04T11:41:18.4321758Z ✔ the wire path enforces the same validation as direct advertisement (0.4092ms)
gateway-web	Run pnpm test	2026-10-04T11:41:18.4322489Z ✔ a capability id whose major is not a safe integer is not addressable (0.1219ms)
gateway-web	Run pnpm test	2026-10-04T11:41:18.4323083Z ✔ a declared canonical execution field is never silently downgraded (0.1868ms)
gateway-web	Run pnpm test	2026-10-04T11:41:18.4323665Z ✔ the advertisement TTL ceiling cannot be lifted by the caller (0.2815ms)
gateway-web	Run pnpm test	2026-10-04T11:41:18.4324291Z ✔ the advertisements() surface is frozen like every other descriptor surface (0.1737ms)
gateway-web	Run pnpm test	2026-10-04T11:41:18.4324964Z ✔ the public surface is frozen and a mock or real adapter satisfies it unchanged (2.646ms)
gateway-web	Run pnpm test	2026-10-04T11:41:18.4325703Z ✔ policy denial stays a denial even on a perfect authenticated session (0.9812ms)
gateway-web	Run pnpm test	2026-10-04T11:41:18.4326327Z ✔ an advertised capability without effective permission cannot execute (0.2514ms)
gateway-web	Run pnpm test	2026-10-04T11:41:18.4327046Z ✔ foreground-sensitive resources are enforced locally without Fabric deciding ownership (0.3904ms)
gateway-web	Run pnpm test	2026-10-04T11:41:18.4327804Z ✔ Fabric holds no task graph, no assistant state and no competing identity namespace (0.5313ms)
gateway-web	Run pnpm test	2026-10-04T11:41:18.4328469Z ✔ integration seams are recorded without importing a sibling branch (0.5065ms)
gateway-web	Run pnpm test	2026-10-04T11:41:18.4329182Z ✔ the resource class and the local confirmation requirement cannot be dodged by the request (0.3514ms)
gateway-web	Run pnpm test	2026-10-04T11:41:18.4329856Z ✔ a session authorizes only the device it was opened for (0.2122ms)
gateway-web	Run pnpm test	2026-10-04T11:41:18.4330421Z ✔ the adapter cannot hand back a colliding or unauthenticated session (0.2238ms)
gateway-web	Run pnpm test	2026-10-04T11:41:18.4331024Z ✔ a Fabric with no policy port refuses rather than granting every axis (0.2067ms)
gateway-web	Run pnpm test	2026-10-04T11:41:18.4331737Z ✔ revocation reports the presence it can actually observe and releases the foreground claim (0.2377ms)
gateway-web	Run pnpm test	2026-10-04T11:41:18.4332399Z ✔ a failed transport invoke leaves no foreground claim behind (0.2223ms)
gateway-web	Run pnpm test	2026-10-04T11:41:18.4332881Z ✔ subscription and stream inputs are bounded (0.2429ms)
gateway-web	Run pnpm test	2026-10-04T11:41:18.4333357Z ✔ a malformed caller instant is refused as a typed error (0.301ms)
gateway-web	Run pnpm test	2026-10-04T11:41:18.4334071Z ✔ the foreground policy config and the adapter port are validated rather than trusted (0.2486ms)
gateway-web	Run pnpm test	2026-10-04T11:41:18.4334638Z ✔ a stream runs the same gates as an invocation (0.3225ms)
gateway-web	Run pnpm test	2026-10-04T11:41:18.4335165Z ✔ an exclusive foreground resource needs the action that owns it (0.1517ms)
gateway-web	Run pnpm test	2026-10-04T11:41:18.4335690Z ✔ the adapter interface and its failures are typed (0.2357ms)
gateway-web	Run pnpm test	2026-10-04T11:41:18.4336151Z ✔ a cyclic policy config cannot crash the freezer (0.1004ms)
gateway-web	Run pnpm test	2026-10-04T11:41:18.4336701Z ✔ the advertised capability version is normalized before it is compared (0.124ms)
gateway-web	Run pnpm test	2026-10-04T11:41:18.4337296Z ✔ the emitted denial reason is part of the exported vocabulary (0.0503ms)
gateway-web	Run pnpm test	2026-10-04T11:41:18.4337786Z ✔ a calendar-impossible instant is refused (0.0947ms)
gateway-web	Run pnpm test	2026-10-04T11:41:18.4338419Z ✔ one invite renders as code, deep link, web link and QR payload without creating trust records (2.1159ms)
gateway-web	Run pnpm test	2026-10-04T11:41:18.4339204Z ✔ expired, cancelled and already-used invites fail with one indistinguishable generic error (1.0572ms)
gateway-web	Run pnpm test	2026-10-04T11:41:18.4339908Z ✔ guessing is rate-limited and never reveals whether a device exists (0.4076ms)
gateway-web	Run pnpm test	2026-10-04T11:41:18.4340645Z ✔ entering an invite reaches pairing preview but cannot invoke capabilities before confirmation (0.4589ms)
gateway-web	Run pnpm test	2026-10-04T11:41:18.4341423Z ✔ an invite is a one-time rendezvous, and after trust it can no longer reconnect anything (0.8872ms)
gateway-web	Run pnpm test	2026-10-04T11:41:18.4342093Z ✔ the rendezvous service stays independent of the eventual data path (0.7725ms)
gateway-web	Run pnpm test	2026-10-04T11:41:18.4342814Z ✔ invite policy values are bounded, so a locator cannot be eternal (0.3958ms)
gateway-web	Run pnpm test	2026-10-04T11:41:18.4343312Z ✔ a hostile link is a bad link, never a crash (0.1561ms)
gateway-web	Run pnpm test	2026-10-04T11:41:18.4343850Z ✔ a consumed invite keeps its outcome, and an impossible instant is typed (0.2609ms)
gateway-web	Run pnpm test	2026-10-04T11:41:18.4344619Z ✔ enumeration is throttled even without a client reference, and an unparseable instant is refused (0.5266ms)
gateway-web	Run pnpm test	2026-10-04T11:41:18.4345328Z ✔ an adapter discovers a peer on the LAN without manual address entry (2.2814ms)
gateway-web	Run pnpm test	2026-10-04T11:41:18.4345924Z ✔ wired and Wi-Fi sightings normalize to the same device abstraction (0.3108ms)
gateway-web	Run pnpm test	2026-10-04T11:41:18.4346557Z ✔ duplicate and stale advertisements never create duplicate logical devices (6.5964ms)
gateway-web	Run pnpm test	2026-10-04T11:41:18.4347108Z ✔ an untrusted candidate cannot invoke anything (0.225ms)
gateway-web	Run pnpm test	2026-10-04T11:41:18.4347716Z ✔ only a trusted node with the right fingerprint upgrades to an encrypted direct path (0.3172ms)
gateway-web	Run pnpm test	2026-10-04T11:41:18.4348433Z ✔ a local network change re-resolves addresses without changing logical identity (0.9848ms)
gateway-web	Run pnpm test	2026-10-04T11:41:18.4349076Z ✔ discovery and fallback scanning stay bounded (1.6903ms)
gateway-web	Run pnpm test	2026-10-04T11:41:18.4349620Z ✔ advertisements are strict, and metadata is never a required identity (0.2366ms)
gateway-web	Run pnpm test	2026-10-04T11:41:18.4350270Z ✔ freshness is a two-sided bound: a replayed future sighting is never current (0.2566ms)
gateway-web	Run pnpm test	2026-10-04T11:41:18.4350911Z ✔ an impossible calendar instant is refused, not read as "not stale" (0.1721ms)
gateway-web	Run pnpm test	2026-10-04T11:41:18.4351541Z ✔ an advertisement must carry its fields as own properties on a bare object (0.2063ms)
gateway-web	Run pnpm test	2026-10-04T11:41:18.4352071Z ✔ the per-round advertisement cap is two-sided (2.291ms)
gateway-web	Run pnpm test	2026-10-04T11:41:18.4352605Z ✔ two different unidentified devices never collapse on a display name (0.6028ms)
gateway-web	Run pnpm test	2026-10-04T11:41:18.4353132Z ✔ one address has exactly one canonical spelling (0.2243ms)
gateway-web	Run pnpm test	2026-10-04T11:41:18.4353678Z ✔ a stale freshness snapshot is never re-emitted as a current verdict (0.2621ms)
gateway-web	Run pnpm test	2026-10-04T11:41:18.4354254Z ✔ logical identity preservation is computed, not asserted (0.1879ms)
gateway-web	Run pnpm test	2026-10-04T11:41:18.4354942Z ✔ native and browser invites retain the target address rather than falling back to this host (0.8571ms)
gateway-web	Run pnpm test	2026-10-04T11:41:18.4355656Z ✔ remote reconnect stays on the recorded origin and rejects a different City response (1.5584ms)
gateway-web	Run pnpm test	2026-10-04T11:41:18.4356291Z ✔ callers use one Fabric surface while the transport implementation is swapped underneath (3.0336ms)
gateway-web	Run pnpm test	2026-10-04T11:41:18.4356876Z ✔ path selection prefers a usable direct route and falls back to relay honestly (0.6203ms)
gateway-web	Run pnpm test	2026-10-04T11:41:18.4357350Z ✔ an unauthenticated or unencrypted path is never adopted, not even on the LAN (0.4652ms)
gateway-web	Run pnpm test	2026-10-04T11:41:18.4357716Z ✔ a relay forwards opaque payloads and can never authorize a peer (0.9542ms)
gateway-web	Run pnpm test	2026-10-04T11:41:18.4358061Z ✔ path loss migrates without a new logical device or a duplicated command (0.723ms)
gateway-web	Run pnpm test	2026-10-04T11:41:18.4358414Z ✔ one exclusive action can never end up with two authoritative sessions (0.4161ms)
gateway-web	Run pnpm test	2026-10-04T11:41:18.4358718Z ✔ path metadata is bounded, secret-free and frozen (0.545ms)
gateway-web	Run pnpm test	2026-10-04T11:41:18.4359003Z ✔ a caller-supplied instant is validated on every path (0.3179ms)
gateway-web	Run pnpm test	2026-10-04T11:41:18.4359404Z ✔ the preference list may narrow the canonical order but never promote relay (0.2879ms)
gateway-web	Run pnpm test	2026-10-04T11:41:18.4359722Z ✔ a path descriptor reports what the adapter measured (0.315ms)
gateway-web	Run pnpm test	2026-10-04T11:41:18.4360030Z ✔ a transport fault during send is typed and records no command (0.2651ms)
gateway-web	Run pnpm test	2026-10-04T11:41:18.4360338Z ✔ the secret scan sees hidden own keys and survives a cycle (0.1946ms)
gateway-web	Run pnpm test	2026-10-04T11:41:18.4360668Z ✔ presence is honest, distinct and never collapses into ONLINE or FAILED (2.6648ms)
gateway-web	Run pnpm test	2026-10-04T11:41:18.4361002Z ✔ a silent node becomes UNREACHABLE rather than ONLINE or FAILED (0.9974ms)
gateway-web	Run pnpm test	2026-10-04T11:41:18.4361377Z ✔ queueable work expires and live-only actions never run late (0.7596ms)
gateway-web	Run pnpm test	2026-10-04T11:41:18.4361744Z ✔ an unknown transport outcome stays UNKNOWN until it is reconciled (0.4072ms)
gateway-web	Run pnpm test	2026-10-04T11:41:18.4362146Z ✔ reconnect revalidates identity, trust, capability, presence and authority before resuming (0.9867ms)
gateway-web	Run pnpm test	2026-10-04T11:41:18.4362651Z ✔ a stale replay after reconnect cannot duplicate a completed side effect (0.5382ms)
gateway-web	Run pnpm test	2026-10-04T11:41:18.4363026Z ✔ the audit log carries causal identifiers and no secrets, and state is isolated (0.9021ms)
gateway-web	Run pnpm test	2026-10-04T11:41:18.4363397Z ✔ the audit sequence stays monotonic and retention is reported honestly (0.2635ms)
gateway-web	Run pnpm test	2026-10-04T11:41:18.4363713Z ✔ the audit secret-freedom claim is checked, not asserted (0.3941ms)
gateway-web	Run pnpm test	2026-10-04T11:41:18.4364004Z ✔ a malformed caller instant is refused as a typed error (0.6287ms)
gateway-web	Run pnpm test	2026-10-04T11:41:18.4364284Z ✔ an observation instant may not lie in the future (0.2419ms)
gateway-web	Run pnpm test	2026-10-04T11:41:18.4364561Z ✔ a backdated instant cannot make a silent node reachable (0.221ms)
gateway-web	Run pnpm test	2026-10-04T11:41:18.4364863Z ✔ a backdated instant cannot revive an expired queued action (0.2156ms)
gateway-web	Run pnpm test	2026-10-04T11:41:18.4365149Z ✔ a replayed enqueue cannot clear an unknown outcome (0.5974ms)
gateway-web	Run pnpm test	2026-10-04T11:41:18.4365488Z ✔ a settled outcome is never regressed to UNKNOWN (0.2277ms)
gateway-web	Run pnpm test	2026-10-04T11:41:18.4365789Z ✔ identifiers are text, so a cyclic object cannot reach the freezer (0.3738ms)
gateway-web	Run pnpm test	2026-10-04T11:41:18.4366091Z ✔ the presence policy is a bound, so it is validated (0.2655ms)
gateway-web	Run pnpm test	2026-10-04T11:41:18.4366406Z ✔ an impossible queue deadline is refused rather than never expiring (0.2063ms)
gateway-web	Run pnpm test	2026-10-04T11:41:18.4366755Z ✔ a duplicate check needs a subject and does not match one it was not given (0.2138ms)
gateway-web	Run pnpm test	2026-10-04T11:41:18.4367050Z ✔ a refusal that protects new work is audited (0.1239ms)
gateway-web	Run pnpm test	2026-10-04T11:41:18.4367293Z ✔ refreshed reconnect state is a plain record (0.1438ms)
gateway-web	Run pnpm test	2026-10-04T11:41:18.4367619Z ✔ an effect confirmed without an in-flight command still suppresses its replay (0.1828ms)
gateway-web	Run pnpm test	2026-10-04T11:41:18.4367971Z ✔ a presence record may not be rebound to another logical identity (0.1727ms)
gateway-web	Run pnpm test	2026-10-04T11:41:18.4368274Z ✔ a live action cannot be downgraded by a non-boolean flag (0.222ms)
gateway-web	Run pnpm test	2026-10-04T11:41:18.4368565Z ✔ a measurement is validated before any state changes (0.1873ms)
gateway-web	Run pnpm test	2026-10-04T11:41:18.4368912Z ✔ RPC, EVENT and STREAM are separate versioned envelopes with opaque domain payloads (2.6651ms)
gateway-web	Run pnpm test	2026-10-04T11:41:18.4369346Z ✔ a retried idempotent command does not repeat the effect, and a new command id is a new action (1.1848ms)
gateway-web	Run pnpm test	2026-10-04T11:41:18.4369862Z ✔ delivery, acceptance, running and completion are observably distinct, and ack is never success (0.3857ms)
gateway-web	Run pnpm test	2026-10-04T11:41:18.4370244Z ✔ a deadline stops a stale interactive command from executing later (0.3686ms)
gateway-web	Run pnpm test	2026-10-04T11:41:18.4370619Z ✔ event subscriptions reconnect and replay with ordering, causation and gap reporting (0.7751ms)
gateway-web	Run pnpm test	2026-10-04T11:41:18.4371001Z ✔ stream lifecycle, backpressure and cancellation are independent of RPC (0.6661ms)
gateway-web	Run pnpm test	2026-10-04T11:41:18.4371390Z ✔ the data plane is strict, frozen, and keeps task truth outside the transport session (0.4346ms)
gateway-web	Run pnpm test	2026-10-04T11:41:18.4371751Z ✔ canonical envelopes are decided by own keys on a plain record (0.2326ms)
gateway-web	Run pnpm test	2026-10-04T11:41:18.4372111Z ✔ reference fields are text, so a cyclic object cannot reach the freezer (0.2928ms)
gateway-web	Run pnpm test	2026-10-04T11:41:18.4372476Z ✔ an object-valued action reference cannot turn a retry into a different action (0.3116ms)
gateway-web	Run pnpm test	2026-10-04T11:41:18.4372806Z ✔ a malformed caller instant is refused as a typed error (0.5317ms)
gateway-web	Run pnpm test	2026-10-04T11:41:18.4373116Z ✔ a deadline is judged at the registry clock and bounded by policy (0.3753ms)
gateway-web	Run pnpm test	2026-10-04T11:41:18.4373461Z ✔ a sweep cannot expire a command before its deadline by naming a later instant (0.1433ms)
gateway-web	Run pnpm test	2026-10-04T11:41:18.4373855Z ✔ a contiguous replay never reports a phantom gap, and its resume point is validated (0.2781ms)
gateway-web	Run pnpm test	2026-10-04T11:41:18.4374237Z ✔ an execution result must be terminal and must carry a real result reference (0.3661ms)
gateway-web	Run pnpm test	2026-10-04T11:41:18.4374569Z ✔ a retry may only replay the result its own command produced (0.2472ms)
gateway-web	Run pnpm test	2026-10-04T11:41:18.4374967Z ✔ a reused command id may not silently change the subject it addresses (0.1731ms)
gateway-web	Run pnpm test	2026-10-04T11:41:18.4375310Z ✔ stream accounting cannot run backwards or exceed the configured window (0.2444ms)
gateway-web	Run pnpm test	2026-10-04T11:41:18.4375622Z ✔ a replayed setup envelope cannot clobber live state (0.2764ms)
gateway-web	Run pnpm test	2026-10-04T11:41:18.4375974Z ✔ data and control paths declare their arguments instead of swallowing envelope tags (0.1766ms)
gateway-web	Run pnpm test	2026-10-04T11:41:18.4376370Z ✔ RS-203: the correlation carries BOTH devices and asserts that they may differ (0.9975ms)
gateway-web	Run pnpm test	2026-10-04T11:41:18.4376743Z ✔ RS-203: a handoff moves the execution device and never the interaction device (0.1544ms)
gateway-web	Run pnpm test	2026-10-04T11:41:18.4377087Z ✔ RS-203: DUPLICATE messages are ignored rather than applied twice (0.3185ms)
gateway-web	Run pnpm test	2026-10-04T11:41:18.4377441Z ✔ RS-203: OUT-OF-ORDER progress is refused and cannot move the state backwards (0.0883ms)
gateway-web	Run pnpm test	2026-10-04T11:41:18.4377817Z ✔ RS-203: an event after a terminal state is LATE and does not resurrect the run (0.1182ms)
gateway-web	Run pnpm test	2026-10-04T11:41:18.4378214Z ✔ RS-203: every kind maps to a DECLARED canonical state and a DECLARED return channel (0.1707ms)
gateway-web	Run pnpm test	2026-10-04T11:41:18.4378604Z ✔ RS-203: canonical state advances for each terminal kind, and terminal is sticky (0.1964ms)
gateway-web	Run pnpm test	2026-10-04T11:41:18.4378991Z ✔ RS-203: a result that CANNOT reach the user is never reported as truthful success (0.2057ms)
gateway-web	Run pnpm test	2026-10-04T11:41:18.4379433Z ✔ RS-203: a resolver that THROWS degrades rather than propagating into the caller (0.145ms)
gateway-web	Run pnpm test	2026-10-04T11:41:18.4379753Z ✔ RS-203: a projected success reports where it landed (0.1327ms)
gateway-web	Run pnpm test	2026-10-04T11:41:18.4380113Z ✔ RS-203: unknown correlations, unknown kinds and bad sequences are refused with typed codes (0.3752ms)
gateway-web	Run pnpm test	2026-10-04T11:41:18.4380524Z ✔ RS-203: the bridge refuses to be constructed without an injected surface resolver (0.0948ms)
gateway-web	Run pnpm test	2026-10-04T11:41:18.4380858Z ✔ RS-203: a STATUS event reports without moving the state (0.0505ms)
gateway-web	Run pnpm test	2026-10-04T11:41:18.4381117Z ✔ RS-203: the contract version is declared (0.0268ms)
gateway-web	Run pnpm test	2026-10-04T11:41:18.4381561Z ✔ RS-203 scenario 1: remote execution START is correlated before anything is returned (0.0601ms)
gateway-web	Run pnpm test	2026-10-04T11:41:18.4381984Z ✔ RS-203 scenario 2: PROGRESS returns on the PROGRESS channel and moves the run to RUNNING (0.0488ms)
gateway-web	Run pnpm test	2026-10-04T11:41:18.4382403Z ✔ RS-203 scenario 3: WAITING FOR USER is reachable, and is cleared the same way it is set (0.0447ms)
gateway-web	Run pnpm test	2026-10-04T11:41:18.4382910Z ✔ RS-203 scenario 3b: attention on a non-STATUS kind is REFUSED rather than guessed (0.079ms)
gateway-web	Run pnpm test	2026-10-04T11:41:18.4383302Z ✔ RS-203 scenario 4: SUCCESS lands truthfully only when it actually reached the user (0.0391ms)
gateway-web	Run pnpm test	2026-10-04T11:41:18.4383656Z ✔ RS-203 scenario 5: FAILURE is terminal and reports no success (0.0577ms)
gateway-web	Run pnpm test	2026-10-04T11:41:18.4383979Z ✔ RS-203 scenario 6: CANCEL is terminal and sticky against later events (0.0443ms)
gateway-web	Run pnpm test	2026-10-04T11:41:18.4384388Z ✔ RS-203 scenario 7: DEVICE DISCONNECT degrades knowledge without moving the run or claiming success (0.0836ms)
gateway-web	Run pnpm test	2026-10-04T11:41:18.4384818Z ✔ RS-203 scenario 8: RECOVERY clears the degraded state and the run can still finish (0.0486ms)
gateway-web	Run pnpm test	2026-10-04T11:41:18.4385209Z ✔ RS-203 scenario 8b: a disconnect AFTER a terminal result changes nothing about it (0.0368ms)
gateway-web	Run pnpm test	2026-10-04T11:41:18.4385566Z ✔ RS-203: the full eight-situation walk leaves the counters consistent (0.0691ms)
gateway-web	Run pnpm test	2026-10-04T11:41:18.4385912Z ✔ RS-203 step 3: a request is delivered to the CURRENT authorized surface (0.1469ms)
gateway-web	Run pnpm test	2026-10-04T11:41:18.4386256Z ✔ RS-203 step 3: an answer from the current authorized surface is accepted (0.1103ms)
gateway-web	Run pnpm test	2026-10-04T11:41:18.4386629Z ✔ RS-203 step 3: an answer from ANY OTHER device is REFUSED, however well-informed it is (0.0633ms)
gateway-web	Run pnpm test	2026-10-04T11:41:18.4387035Z ✔ RS-203 step 3: when the surface MOVED, the answer must come from where the user now is (0.0797ms)
gateway-web	Run pnpm test	2026-10-04T11:41:18.4387394Z ✔ RS-203 step 3: an answer cannot arrive when NO surface is authorized (0.1344ms)
gateway-web	Run pnpm test	2026-10-04T11:41:18.4387781Z ✔ RS-203 step 3: OFFLINE asks are HELD with a reason and a recovery path, not dropped or failed (0.072ms)
gateway-web	Run pnpm test	2026-10-04T11:41:18.4388237Z ✔ RS-203 step 3: TIMEOUT is explained and recoverable, and is NEVER a failure (0.1153ms)
gateway-web	Run pnpm test	2026-10-04T11:41:18.4388584Z ✔ RS-203 step 3: a timeout cannot retract an answer that already arrived (0.0722ms)
gateway-web	Run pnpm test	2026-10-04T11:41:18.4388953Z ✔ RS-203 step 3: a double answer is refused rather than silently overwriting the first (0.0961ms)
gateway-web	Run pnpm test	2026-10-04T11:41:18.4389326Z ✔ RS-203 step 3: only RESPOND is accepted, and only APPROVE or DENY decide (0.1468ms)
gateway-web	Run pnpm test	2026-10-04T11:41:18.4389652Z ✔ RS-203 step 3: a HANDOFF does not move where the user is asked (0.0591ms)
gateway-web	Run pnpm test	2026-10-04T11:41:18.4389970Z ✔ RS-203 step 3: the codes are declared, not invented at the throw site (0.0648ms)
gateway-web	Run pnpm test	2026-10-04T11:41:18.4390349Z ✔ RS-203 step 4: the flat EXCLUSION_REASONS list is CLASSIFIED, and every reason has an axis (0.4877ms)
gateway-web	Run pnpm test	2026-10-04T11:41:18.4390728Z ✔ RS-203 step 4: a DEVICE outage is classified as DEVICE and nothing else (0.1738ms)
gateway-web	Run pnpm test	2026-10-04T11:41:18.4391086Z ✔ RS-203 step 4: a PROVIDER outage is classified as PROVIDER and nothing else (0.0459ms)
gateway-web	Run pnpm test	2026-10-04T11:41:18.4391433Z ✔ RS-203 step 4: an INPUT problem is NEITHER a device nor a provider fault (0.0539ms)
gateway-web	Run pnpm test	2026-10-04T11:41:18.4391766Z ✔ RS-203 step 4: an UNKNOWN reason is reported, not silently dropped (0.0872ms)
gateway-web	Run pnpm test	2026-10-04T11:41:18.4392085Z ✔ RS-203 step 4: a DEVICE fallback does NOT implicate the provider (0.2379ms)
gateway-web	Run pnpm test	2026-10-04T11:41:18.4392470Z ✔ RS-203 step 4: a PROVIDER fallback does NOT implicate the device (0.1351ms)
gateway-web	Run pnpm test	2026-10-04T11:41:18.4392861Z ✔ RS-203 step 4: an eligible alternate is offered for a DEVICE outage, but the cause is still named (0.1103ms)
gateway-web	Run pnpm test	2026-10-04T11:41:18.4393288Z ✔ RS-203 step 4: MIXED causes are NOT collapsed to one, and no single cause is claimed (0.0938ms)
gateway-web	Run pnpm test	2026-10-04T11:41:18.4393695Z ✔ RS-203 step 4: the reason codes SURVIVE into the plan rather than being paraphrased away (0.0718ms)
gateway-web	Run pnpm test	2026-10-04T11:41:18.4394068Z ✔ RS-203 step 4: with nothing unavailable the plan claims no cause at all (0.0401ms)
gateway-web	Run pnpm test	2026-10-04T11:41:18.4394413Z ✔ RS-203 step 4: planning against an unknown correlation is refused (0.0553ms)
gateway-web	Run pnpm test	2026-10-04T11:41:18.4394799Z ✔ RS-203 step 5: a remote result is bound to its provenance, including WHICH device produced it (0.1049ms)
gateway-web	Run pnpm test	2026-10-04T11:41:18.4395227Z ✔ RS-203 step 5: the provenance is IMMUTABLE once bound, so a result cannot be re-attributed (0.0827ms)
gateway-web	Run pnpm test	2026-10-04T11:41:18.4395649Z ✔ RS-203 step 5: the summary key set is EXACTLY the declared set - stability by construction (0.0935ms)
gateway-web	Run pnpm test	2026-10-04T11:41:18.4396069Z ✔ RS-203 step 5: the summary NEVER carries the evidence, the digests or the routing identifiers (0.1085ms)
gateway-web	Run pnpm test	2026-10-04T11:41:18.4396478Z ✔ RS-203 step 5: whether evidence EXISTS is presentable, without saying what it is (0.049ms)
gateway-web	Run pnpm test	2026-10-04T11:41:18.4396856Z ✔ RS-203 step 5: the summary is STABLE across state changes - same shape, always (0.0505ms)
gateway-web	Run pnpm test	2026-10-04T11:41:18.4397241Z ✔ RS-203 step 5: the summary still tells the truth about a degraded and a finished run (0.0396ms)
gateway-web	Run pnpm test	2026-10-04T11:41:18.4397597Z ✔ RS-203 step 5: binding against an unknown correlation is refused (0.678ms)
gateway-web	Run pnpm test	2026-10-04T11:41:18.4397956Z ✔ RS-203 step 5: the declared field list is frozen, so it cannot be widened at runtime (0.0603ms)
gateway-web	Run pnpm test	2026-10-04T11:41:18.4398360Z ✔ RS-290: the mapping COVERS every source vocabulary exactly - no gap and no stale extra (1.2262ms)
gateway-web	Run pnpm test	2026-10-04T11:41:18.4398794Z ✔ RS-290: the presentation vocabulary is CLOSED - every target is a declared term with a class (0.1996ms)
gateway-web	Run pnpm test	2026-10-04T11:41:18.4399185Z ✔ RS-290: the four UNKNOWN senses stay FOUR distinct terms - the polysemy fix (0.1085ms)
gateway-web	Run pnpm test	2026-10-04T11:41:18.4399561Z ✔ RS-290: the SAME meaning reached through different components MERGES to one term (0.1127ms)
gateway-web	Run pnpm test	2026-10-04T11:41:18.4399980Z ✔ RS-290: the STRUCTURAL and RESOURCE partition is PRESERVED, which a naive merge would destroy (0.1817ms)
gateway-web	Run pnpm test	2026-10-04T11:41:18.4400380Z ✔ RS-290: an unmapped or unknown source THROWS rather than yielding undefined (0.2655ms)
gateway-web	Run pnpm test	2026-10-04T11:41:18.4400788Z ✔ RS-290: presentState always yields a declared presentation state (0.2486ms)
gateway-web	Run pnpm test	2026-10-04T11:41:18.4401158Z ✔ RS-290: the action and state vocabularies are closed sets of the shapes step 3 names (0.1011ms)
gateway-web	Run pnpm test	2026-10-04T11:41:18.4401649Z ✔ RS-290: a selectable provider renders RUNNING with CANCEL and no choice demanded (0.3164ms)
gateway-web	Run pnpm test	2026-10-04T11:41:18.4402075Z ✔ RS-290: a pool that is only BUSY does NOT demand a choice, because waiting can help (0.2433ms)
gateway-web	Run pnpm test	2026-10-04T11:41:18.4402470Z ✔ RS-290: a structurally refused pool DOES demand a choice, and does not offer waiting (0.1541ms)
gateway-web	Run pnpm test	2026-10-04T11:41:18.4402996Z ✔ RS-290 F1: a raw word that COLLIDES with a term name is still mapped by its VOCABULARY (0.2764ms)
gateway-web	Run pnpm test	2026-10-04T11:41:18.4403389Z ✔ RS-290 F1: the guard needs PROVENANCE - bare words and bare terms are both refused (0.2872ms)
gateway-web	Run pnpm test	2026-10-04T11:41:18.4403774Z ✔ RS-290 F2: a terminal outcome OUTRANKS waitingUser, so a failure is never masked (0.2295ms)
gateway-web	Run pnpm test	2026-10-04T11:41:18.4404142Z ✔ RS-290 F3: FRESHNESS.STALE and FRESHNESS.UNKNOWN stay DISTINCT terms (0.1344ms)
gateway-web	Run pnpm test	2026-10-04T11:41:18.4404542Z ✔ RS-290 F3: NO collapse of two meanings onto one term goes UNDECLARED - quantified over the table (0.3266ms)
gateway-web	Run pnpm test	2026-10-04T11:41:18.4404946Z ✔ RS-290: no path FABRICATES success - COMPLETED needs an explicit terminal flag (0.1424ms)
gateway-web	Run pnpm test	2026-10-04T11:41:18.4405426Z ✔ RS-290: the route stage drives the state through its own vocabulary, and only where it should (0.1006ms)
gateway-web	Run pnpm test	2026-10-04T11:41:18.4405827Z ✔ RS-290: every DTO output is inside the declared vocabularies (0.2056ms)
gateway-web	Run pnpm test	2026-10-04T11:41:18.4412835Z ✔ RS-290 matrix: concurrent submissions cannot double-execute, and the pool still reports a reason (0.8648ms)
gateway-web	Run pnpm test	2026-10-04T11:41:18.4413313Z ✔ RS-290 matrix: a saturated device is routed around, and the projection says WAITING not CHOOSE (0.6104ms)
gateway-web	Run pnpm test	2026-10-04T11:41:18.4413758Z ✔ RS-290 matrix: lease transfer is holder-only and the old holder cannot resume reassigned work (0.1457ms)
gateway-web	Run pnpm test	2026-10-04T11:41:18.4414212Z ✔ RS-290 matrix: a disconnect degrades truthfully and recovery restores, through the projection (0.2907ms)
gateway-web	Run pnpm test	2026-10-04T11:41:18.4414636Z ✔ RS-290 matrix: a flapping pool does not move the work, and the rescan is event-driven (0.3186ms)
gateway-web	Run pnpm test	2026-10-04T11:41:18.4415068Z ✔ RS-290 matrix: availability, routing and return compose into ONE stable presentation contract (8.3766ms)
gateway-web	Run pnpm test	2026-10-04T11:41:18.4415473Z ✔ successful live transport cannot mask broken offline product behavior (0.4925ms)
gateway-web	Run pnpm test	2026-10-04T11:41:18.4415805Z ✔ CPU uses elapsed counters and unavailable disk remains null (2.298ms)
gateway-web	Run pnpm test	2026-10-04T11:41:18.4416078Z ✔ disabled sampler never reads host counters (0.141ms)
gateway-web	Run pnpm test	2026-10-04T11:41:18.4416412Z ✔ counter reset does not fabricate CPU load and cached sample keeps its timestamp (0.2331ms)
gateway-web	Run pnpm test	2026-10-04T11:41:18.4416791Z ✔ native filesystem volume measurement is finite and internally consistent (2.8738ms)
gateway-web	Run pnpm test	2026-10-04T11:41:18.4417202Z ✔ validator accepts unavailable sampler metrics but rejects invalid numeric measurements (0.639ms)
gateway-web	Run pnpm test	2026-10-04T11:41:18.4417612Z ✔ theme artifact retention is bounded and restart removes abandoned sandbox work (21.3624ms)
gateway-web	Run pnpm test	2026-10-04T11:41:18.4418042Z ✔ D9 Bridge builds retained sandbox artifacts with canonical bounded results and typed refusal (6772.9445ms)
gateway-web	Run pnpm test	2026-10-04T11:41:18.4418490Z ✔ Windows Theme Build uses real prompt, observation, fallback controls and digest summary (4405.0377ms)
gateway-web	Run pnpm test	2026-10-04T11:41:18.4418942Z ✔ unavailable artifact storage yields a terminal typed failure, not orphaned RUNNING history (619.4459ms)
gateway-web	Run pnpm test	2026-10-04T11:41:18.4419622Z ✔ UXI-390: every supported action is bound to a handler branch AND a client method (0.9218ms)
gateway-web	Run pnpm test	2026-10-04T11:41:18.4420670Z ✔ UXI-390: no handler branch is unreachable dead code that looks like a handler (0.6926ms)
gateway-web	Run pnpm test	2026-10-04T11:41:18.4421256Z ✔ UXI-390: the per-provider Choose control sends THAT row ref, and cannot send a blank one (0.2287ms)
gateway-web	Run pnpm test	2026-10-04T11:41:18.4421673Z ✔ UXI-390: CHOOSE_PROVIDER is NOT an action-row action - that is the trap Mech named (0.1339ms)
gateway-web	Run pnpm test	2026-10-04T11:41:18.4422919Z ✔ UXI-390 C-1: the Advanced disclosure is named with the Web pack's own words on Android (0.6601ms)
gateway-web	Run pnpm test	2026-10-04T11:41:18.4423314Z ✔ UXI-390 C-2: a disabled control states its reason in the Web pack's own words (0.351ms)
gateway-web	Run pnpm test	2026-10-04T11:41:18.4423727Z ✔ UXI-391: the City really has FIVE requestable task types - the premise the old record denied (1.7095ms)
gateway-web	Run pnpm test	2026-10-04T11:41:18.4424147Z ✔ UXI-391: a MISSING load dimension is not zero, and one observed dimension is enough (0.4653ms)
gateway-web	Run pnpm test	2026-10-04T11:41:18.4424542Z ✔ UXI-391: the BINDING dimension is the maximum OBSERVED one, not an average over five (0.1109ms)
gateway-web	Run pnpm test	2026-10-04T11:41:18.4425012Z ✔ UXI-391: telemetry produces the vector honestly - measured dimensions only, null when nothing is measured (0.1782ms)
gateway-web	Run pnpm test	2026-10-04T11:41:18.4425450Z ✔ UXI-391: the bridge transfers ONLY on ALTERNATE_DEVICE, and moves ownership once (0.4155ms)
gateway-web	Run pnpm test	2026-10-04T11:41:18.4426057Z ✔ UXI-391: a stale holder cannot hand on work it no longer owns, and a disabled path refuses (0.1403ms)
gateway-web	Run pnpm test	2026-10-04T11:41:18.4426504Z ✔ UXI-391: only the reserved device - and never a stale holder - may claim a moved task (0.1246ms)
gateway-web	Run pnpm test	2026-10-04T11:41:18.4426986Z ✔ UXI-391: a pending handoff is REMOTE_HANDOFF on the surface, from the task record (1.3995ms)
gateway-web	Run pnpm test	2026-10-04T11:41:18.4427427Z ✔ UXI-391: the planner decision is exposed WITH the chosen device, and routeStageFor stays a thin read (2.8122ms)
gateway-web	Run pnpm test	2026-10-04T11:41:18.4427955Z ✔ UXI-391: the term and the route agree about the SAME candidate - the defect this task is about (0.4208ms)
gateway-web	Run pnpm test	2026-10-04T11:41:18.4428347Z ✔ locale contract: supported tokens, fallback and first-run detection (1.3611ms)
gateway-web	Run pnpm test	2026-10-04T11:41:18.4428697Z ✔ both language packs cover every message key with matching placeholders (2.39ms)
gateway-web	Run pnpm test	2026-10-04T11:41:18.4429022Z ✔ every fixed Web UI string is present in the language packs (0.687ms)
gateway-web	Run pnpm test	2026-10-04T11:41:18.4429348Z ✔ protocol tokens and City Control state names are never translated (6.9353ms)
gateway-web	Run pnpm test	2026-10-04T11:41:18.4429688Z ✔ web assets only use message keys that exist in the packs (1.9285ms)
gateway-web	Run pnpm test	2026-10-04T11:41:18.4429990Z ✔ badge state and display label stay separate in every locale (1.2562ms)
gateway-web	Run pnpm test	2026-10-04T11:41:18.4430366Z ✔ applyTranslations and setLocale update the document without touching storage contracts (0.5019ms)
gateway-web	Run pnpm test	2026-10-04T11:41:18.4430764Z ✔ translation fills placeholders and time formatting follows the locale (16.7253ms)
gateway-web	Run pnpm test	2026-10-04T11:41:18.4431270Z ✔ Web Settings language switch, persistence and protocol stability (real browser) (3897.0919ms)
gateway-web	Run pnpm test	2026-10-04T11:41:18.4431659Z ✔ an invite names the City it belongs to, which is the whole point of the form (0.7722ms)
gateway-web	Run pnpm test	2026-10-04T11:41:18.4432032Z ✔ a bare credential is NOT an invite - it cannot say which City it belongs to (0.0976ms)
gateway-web	Run pnpm test	2026-10-04T11:41:18.4432321Z ✔ junk does not throw, it returns null (0.6882ms)
gateway-web	Run pnpm test	2026-10-04T11:41:18.4432603Z ✔ an invite without a host is refused rather than half-understood (0.1018ms)
gateway-web	Run pnpm test	2026-10-04T11:41:18.4432901Z ✔ trailing slashes and origins compare cleanly (0.2518ms)
gateway-web	Run pnpm test	2026-10-04T11:41:18.4433177Z ✔ the invite survives a round trip through a URL fragment (0.2392ms)
gateway-web	Run pnpm test	2026-10-04T11:41:18.4433557Z ✔ REGRESSION: a PARSED invite handed back in must still resolve, not become "[object Object]" (0.1419ms)
gateway-web	Run pnpm test	2026-10-04T11:41:18.4433962Z ✔ UXI-301: the adapter table agrees with the contract EXACTLY, in both directions (2.4668ms)
gateway-web	Run pnpm test	2026-10-04T11:41:18.4434373Z ✔ UXI-301: severity cannot contradict the contract class where the class carries meaning (0.3718ms)
gateway-web	Run pnpm test	2026-10-04T11:41:18.4434728Z ✔ UXI-301: every referenced key exists in BOTH locale packs (1.0319ms)
gateway-web	Run pnpm test	2026-10-04T11:41:18.4435061Z ✔ UXI-301: every state and every action renders real copy, not a fallback key (1.0468ms)
gateway-web	Run pnpm test	2026-10-04T11:41:18.4435438Z ✔ UXI-301: zh-CN renders different copy from en, so the locale is really applied (0.2921ms)
gateway-web	Run pnpm test	2026-10-04T11:41:18.4435803Z ✔ UXI-301: a non-permitted provider is never selectable or interactive (0.2772ms)
gateway-web	Run pnpm test	2026-10-04T11:41:18.4436258Z ✔ UXI-301: the adapter forces unselectable even when the DTO LIES about selectable (0.1509ms)
gateway-web	Run pnpm test	2026-10-04T11:41:18.4436626Z ✔ UXI-301: NO raw scheduler vocabulary leaks into the default view model (1.2772ms)
gateway-web	Run pnpm test	2026-10-04T11:41:18.4436985Z ✔ UXI-301: the leak rule survives every provider term the contract can produce (0.7042ms)
gateway-web	Run pnpm test	2026-10-04T11:41:18.4437378Z ✔ UXI-301: raw vocabulary IS reachable, but only through the explicit advanced block (0.488ms)
gateway-web	Run pnpm test	2026-10-04T11:41:18.4437761Z ✔ UXI-301: the adapter never fabricates success and never claims to have chosen (0.2308ms)
gateway-web	Run pnpm test	2026-10-04T11:41:18.4438115Z ✔ UXI-301: an unknown state or term THROWS rather than rendering blank (0.6493ms)
gateway-web	Run pnpm test	2026-10-04T11:41:18.4438512Z ✔ UXI-301: the adapter does not recompute selection - it reports the contract decision unchanged (0.1677ms)
gateway-web	Run pnpm test	2026-10-04T11:41:18.4438927Z ✔ UXI-301: the view model is frozen, so a renderer cannot mutate presentation truth (0.1593ms)
gateway-web	Run pnpm test	2026-10-04T11:41:18.4439675Z ✔ UXI-301: real registry vocabulary flows end to end into user language (0.1407ms)
gateway-web	Run pnpm test	2026-10-04T11:41:18.4440236Z ✔ UXI-301 panel: a state renders in user language, not as a token (2.5016ms)
gateway-web	Run pnpm test	2026-10-04T11:41:18.4440771Z ✔ UXI-301 panel: NO raw scheduler vocabulary appears in the default HTML (0.9489ms)
gateway-web	Run pnpm test	2026-10-04T11:41:18.4441398Z ✔ UXI-301 panel: an unavailable provider is visible with its reason and is NOT a control (0.4372ms)
gateway-web	Run pnpm test	2026-10-04T11:41:18.4442238Z ✔ UXI-301 panel: a submitting action carries its token for wiring and its LABEL in user language (0.4237ms)
gateway-web	Run pnpm test	2026-10-04T11:41:18.4442951Z ✔ UXI-301 panel: the provider choice lives on the ROW and names a candidate the feed offered (0.4331ms)
gateway-web	Run pnpm test	2026-10-04T11:41:18.4443354Z ✔ UXI-301 panel: with nothing available to switch to, the instruction says so (0.2053ms)
gateway-web	Run pnpm test	2026-10-04T11:41:18.4443714Z ✔ UXI-301 panel: a decision is asked for only when the feed requires one (0.198ms)
gateway-web	Run pnpm test	2026-10-04T11:41:18.4444093Z ✔ UXI-301 panel: technical detail appears ONLY behind the explicit Advanced disclosure (0.212ms)
gateway-web	Run pnpm test	2026-10-04T11:41:18.4444479Z ✔ UXI-301 panel: an unreported feed never looks like a healthy or idle one (0.3139ms)
gateway-web	Run pnpm test	2026-10-04T11:41:18.4444823Z ✔ UXI-301 panel: all text is escaped, including ids from the feed (0.285ms)
gateway-web	Run pnpm test	2026-10-04T11:41:18.4445125Z ✔ UXI-301 panel: the panel renders in zh-CN as well as en (0.2938ms)
gateway-web	Run pnpm test	2026-10-04T11:41:18.4445460Z ✔ UXI-301 panel: every copy key the panel uses exists in both locale packs (1.2565ms)
gateway-web	Run pnpm test	2026-10-04T11:41:18.4445890Z ✔ Windows history loads detail explicitly, retains it across snapshots and fences late selections (3949.2403ms)
gateway-web	Run pnpm test	2026-10-04T11:41:18.4446342Z ✔ Windows Services invokes real document, knowledge, skill, evidence and theme adapters (6893.8283ms)
gateway-web	Run pnpm test	2026-10-04T11:41:18.4446719Z ✔ renderTerminal returns the terminal controller, not a boolean (0.718ms)
gateway-web	Run pnpm test	2026-10-04T11:41:18.4447055Z ✔ every terminal page renders, and the page actually follows the shell (0.6012ms)
gateway-web	Run pnpm test	2026-10-04T11:41:18.4447385Z ✔ the Ask / Do page does not duplicate any id owned by the shell (0.5327ms)
gateway-web	Run pnpm test	2026-10-04T11:41:18.4447678Z ✔ no id is duplicated anywhere in the shell document (0.0936ms)
gateway-web	Run pnpm test	2026-10-04T11:41:18.4447997Z ✔ the terminal module never attaches a second submit path to the shell bar (0.2773ms)
gateway-web	Run pnpm test	2026-10-04T11:41:18.4448341Z ✔ the shell bar is a real form so Enter submits it once, natively (0.1624ms)
gateway-web	Run pnpm test	2026-10-04T11:42:05.7769809Z ✔ Web Devices and ephemeral pairing share the authoritative Gateway (93980.9097ms)
gateway-web	Run pnpm test	2026-10-04T11:42:16.6322756Z ✔ Web freshness, device detail, node offline and pairing expiry (10855.3856ms)
gateway-web	Run pnpm test	2026-10-04T11:42:48.1262643Z ✖ Web control creates a real task and shows durable result (129203.5939ms)
gateway-web	Run pnpm test	2026-10-04T11:42:48.1507492Z ℹ tests 1206
gateway-web	Run pnpm test	2026-10-04T11:42:48.1507816Z ℹ suites 0
gateway-web	Run pnpm test	2026-10-04T11:42:48.1507994Z ℹ pass 1205
gateway-web	Run pnpm test	2026-10-04T11:42:48.1508167Z ℹ fail 1
gateway-web	Run pnpm test	2026-10-04T11:42:48.1508342Z ℹ cancelled 0
gateway-web	Run pnpm test	2026-10-04T11:42:48.1508519Z ℹ skipped 0
gateway-web	Run pnpm test	2026-10-04T11:42:48.1508672Z ℹ todo 0
gateway-web	Run pnpm test	2026-10-04T11:42:48.1508863Z ℹ duration_ms 227684.0134
gateway-web	Run pnpm test	2026-10-04T11:42:48.1514554Z 
gateway-web	Run pnpm test	2026-10-04T11:42:48.1514953Z ✖ failing tests:
gateway-web	Run pnpm test	2026-10-04T11:42:48.1515062Z 
gateway-web	Run pnpm test	2026-10-04T11:42:48.1515201Z test at tests\web.test.mjs:8:1
gateway-web	Run pnpm test	2026-10-04T11:42:48.1515495Z ✖ Web control creates a real task and shows durable result (129203.5939ms)
gateway-web	Run pnpm test	2026-10-04T11:42:48.1515806Z   AssertionError [ERR_ASSERTION]: Expected values to be strictly equal:
gateway-web	Run pnpm test	2026-10-04T11:42:48.1516098Z   
gateway-web	Run pnpm test	2026-10-04T11:42:48.1516198Z   1 !== 0
gateway-web	Run pnpm test	2026-10-04T11:42:48.1516301Z   
gateway-web	Run pnpm test	2026-10-04T11:42:48.1516551Z       at TestContext.<anonymous> (file:///D:/a/utopia/utopia/tests/web.test.mjs:26:9)
gateway-web	Run pnpm test	2026-10-04T11:42:48.1517136Z       at async Test.run (node:internal/test_runner/test:1409:7)
gateway-web	Run pnpm test	2026-10-04T11:42:48.1517638Z       at async startSubtestAfterBootstrap (node:internal/test_runner/harness:387:3) {
gateway-web	Run pnpm test	2026-10-04T11:42:48.1518108Z     generatedMessage: true,
gateway-web	Run pnpm test	2026-10-04T11:42:48.1518317Z     code: 'ERR_ASSERTION',
gateway-web	Run pnpm test	2026-10-04T11:42:48.1518503Z     actual: 1,
gateway-web	Run pnpm test	2026-10-04T11:42:48.1518664Z     expected: 0,
gateway-web	Run pnpm test	2026-10-04T11:42:48.1518856Z     operator: 'strictEqual',
gateway-web	Run pnpm test	2026-10-04T11:42:48.1519058Z     diff: 'simple'
gateway-web	Run pnpm test	2026-10-04T11:42:48.1519229Z   }
gateway-web	Run pnpm test	2026-10-04T11:42:48.1873323Z [ELIFECYCLE] Test failed. See above for more details.
gateway-web	Run pnpm test	2026-10-04T11:42:48.2721308Z ##[error]Process completed with exit code 1.
